Date,Time,Site Name,Agency Name,Material,Ticket No,Vehicle No,Transfer Party Name,First Weight,First Timestamp,Second Weight,Second Timestamp,Net Weight,Material Type,First Front Image,First Back Image,Second Front Image,Second Back Image,Site Incharge,User Name
04-07-2025,00:07:06,Bethamcherla,Saurashtra Enviro Projects Pvt. Ltd.,Legacy/MSW,T1025,AP21TB4935,On-site,24360.00,04-07-2025 00:01:24,10610.00,04-07-2025 00:06:56,13750.00,Legacy/MSW,Bethamcherla_AP21TB4935_20250704_000128_1st_front.jpg,Bethamcherla_AP21TB4935_20250704_000131_1st_back.jpg,Bethamcherla_AP21TB4935_20250704_000700_2nd_front.jpg,Bethamcherla_AP21TB4935_20250704_000704_2nd_back.jpg,Avijit Mondal,admin
04-07-2025,00:20:28,Bethamcherla,Saurashtra Enviro Projects Pvt. Ltd.,Legacy/MSW,T1026,AP27TW7569,On-site,25050.00,04-07-2025 00:13:23,10530.00,04-07-2025 00:20:14,14520.00,Legacy/MSW,Bethamcherla_AP27TW7569_20250704_001328_1st_front.jpg,Bethamcherla_AP27TW7569_20250704_001331_1st_back.jpg,Bethamcherla_AP27TW7569_20250704_002018_2nd_front.jpg,Bethamcherla_AP27TW7569_20250704_002022_2nd_back.jpg,Avijit Mondal,admin
04-07-2025,00:31:13,Bethamcherla,Saurashtra Enviro Projects Pvt. Ltd.,Legacy/MSW,T1027,AP37TD4869,On-site,24280.00,04-07-2025 00:25:31,10510.00,04-07-2025 00:31:00,13770.00,Legacy/MSW,Bethamcherla_AP37TD4869_20250704_002535_1st_front.jpg,Bethamcherla_AP37TD4869_20250704_002541_1st_back.jpg,Bethamcherla_AP37TD4869_20250704_003104_2nd_front.jpg,Bethamcherla_AP37TD4869_20250704_003109_2nd_back.jpg,Avijit Mondal,admin
04-07-2025,00:41:21,Bethamcherla,Saurashtra Enviro Projects Pvt. Ltd.,Legacy/MSW,T1028,AP 26 TA 0434,On-site,23710.00,04-07-2025 00:32:18,10090.00,04-07-2025 00:41:08,13620.00,Legacy/MSW,Bethamcherla_AP_26_TA_0434_20250704_003222_1st_front.jpg,Bethamcherla_AP_26_TA_0434_20250704_003228_1st_back.jpg,Bethamcherla_AP_26_TA_0434_20250704_004112_2nd_front.jpg,Bethamcherla_AP_26_TA_0434_20250704_004116_2nd_back.jpg,Avijit Mondal,admin
04-07-2025,00:48:32,Bethamcherla,Saurashtra Enviro Projects Pvt. Ltd.,Legacy/MSW,T1029,AP21TB4935,On-site,23660.00,04-07-2025 00:42:48,10600.00,04-07-2025 00:48:21,13060.00,Legacy/MSW,Bethamcherla_AP21TB4935_20250704_004253_1st_front.jpg,Bethamcherla_AP21TB4935_20250704_004256_1st_back.jpg,Bethamcherla_AP21TB4935_20250704_004825_2nd_front.jpg,Bethamcherla_AP21TB4935_20250704_004829_2nd_back.jpg,Avijit Mondal,admin
04-07-2025,00:56:57,Bethamcherla,Saurashtra Enviro Projects Pvt. Ltd.,Legacy/MSW,T1030,AP37TD4869,On-site,25970.00,04-07-2025 00:50:01,10530.00,04-07-2025 00:56:44,15440.00,Legacy/MSW,Bethamcherla_AP37TD4869_20250704_005006_1st_front.jpg,Bethamcherla_AP37TD4869_20250704_005010_1st_back.jpg,Bethamcherla_AP37TD4869_20250704_005649_2nd_front.jpg,Bethamcherla_AP37TD4869_20250704_005654_2nd_back.jpg,Avijit Mondal,admin
04-07-2025,01:09:44,Bethamcherla,Saurashtra Enviro Projects Pvt. Ltd.,Legacy/MSW,T1031,AP37TD4869,On-site,28350.00,04-07-2025 01:03:52,10520.00,04-07-2025 01:09:32,17830.00,Legacy/MSW,Bethamcherla_AP37TD4869_20250704_010358_1st_front.jpg,Bethamcherla_AP37TD4869_20250704_010403_1st_back.jpg,Bethamcherla_AP37TD4869_20250704_010937_2nd_front.jpg,Bethamcherla_AP37TD4869_20250704_010941_2nd_back.jpg,Avijit Mondal,admin
04-07-2025,01:24:51,Bethamcherla,Saurashtra Enviro Projects Pvt. Ltd.,Legacy/MSW,T1032,AP 26 TA 0434,On-site,25020.00,04-07-2025 01:18:36,10240.00,04-07-2025 01:24:35,14780.00,Legacy/MSW,Bethamcherla_AP_26_TA_0434_20250704_011846_1st_front.jpg,Bethamcherla_AP_26_TA_0434_20250704_011851_1st_back.jpg,Bethamcherla_AP_26_TA_0434_20250704_012441_2nd_front.jpg,Bethamcherla_AP_26_TA_0434_20250704_012447_2nd_back.jpg,Avijit Mondal,admin
04-07-2025,01:52:30,Bethamcherla,Saurashtra Enviro Projects Pvt. Ltd.,Legacy/MSW,T1033,AP21TB4935,On-site,26460,04-07-2025 01:44:37,10600.00,04-07-2025 01:52:10,15830.00,Legacy/MSW,Bethamcherla_AP21TB4935_20250704_014443_1st_front.jpg,Bethamcherla_AP21TB4935_20250704_014449_1st_back.jpg,Bethamcherla_AP21TB4935_20250704_015220_2nd_front.jpg,Bethamcherla_AP21TB4935_20250704_015224_2nd_back.jpg,Avijit Mondal,admin
04-07-2025,01:53:33,Bethamcherla,Saurashtra Enviro Projects Pvt. Ltd.,Legacy/MSW,T1034,AP27TW7569,On-site,26970.00,04-07-2025 01:46:23,10630.00,04-07-2025 01:53:18,16370.00,Legacy/MSW,Bethamcherla_AP27TW7569_20250704_014629_1st_front.jpg,Bethamcherla_AP27TW7569_20250704_014635_1st_back.jpg,Bethamcherla_AP27TW7569_20250704_015323_2nd_front.jpg,Bethamcherla_AP27TW7569_20250704_015327_2nd_back.jpg,Avijit Mondal,admin
04-07-2025,02:01:02,Bethamcherla,Saurashtra Enviro Projects Pvt. Ltd.,Legacy/MSW,T1035,AP37TD4869,On-site,28290.00,04-07-2025 01:55:03,10690.00,04-07-2025 02:00:48,17600.00,Legacy/MSW,Bethamcherla_AP37TD4869_20250704_015508_1st_front.jpg,Bethamcherla_AP37TD4869_20250704_015512_1st_back.jpg,Bethamcherla_AP37TD4869_20250704_020054_2nd_front.jpg,Bethamcherla_AP37TD4869_20250704_020058_2nd_back.jpg,Avijit Mondal,admin
04-07-2025,02:07:28,Bethamcherla,Saurashtra Enviro Projects Pvt. Ltd.,Legacy/MSW,T1036,AP 26 TA 0434,On-site,28070.00,04-07-2025 02:02:31,10430.00,04-07-2025 02:07:16,17640.00,Legacy/MSW,Bethamcherla_AP_26_TA_0434_20250704_020234_1st_front.jpg,Bethamcherla_AP_26_TA_0434_20250704_020238_1st_back.jpg,Bethamcherla_AP_26_TA_0434_20250704_020719_2nd_front.jpg,Bethamcherla_AP_26_TA_0434_20250704_020724_2nd_back.jpg,Avijit Mondal,admin
04-07-2025,03:59:37,Bethamcherla,Saurashtra Enviro Projects Pvt. Ltd.,Legacy/MSW,T1037,AP21TB4935,On-site,27810.00,04-07-2025 03:50:21,10610.00,04-07-2025 03:59:23,17200.00,Legacy/MSW,Bethamcherla_AP21TB4935_20250704_035026_1st_front.jpg,Bethamcherla_AP21TB4935_20250704_035030_1st_back.jpg,Bethamcherla_AP21TB4935_20250704_035928_2nd_front.jpg,Bethamcherla_AP21TB4935_20250704_035932_2nd_back.jpg,Avijit Mondal,admin
04-07-2025,04:09:30,Bethamcherla,Saurashtra Enviro Projects Pvt. Ltd.,Legacy/MSW,T1038,AP27TW7569,On-site,28130.00,04-07-2025 04:02:14,10620.00,04-07-2025 04:09:18,17510.00,Legacy/MSW,Bethamcherla_AP27TW7569_20250704_040219_1st_front.jpg,Bethamcherla_AP27TW7569_20250704_040223_1st_back.jpg,Bethamcherla_AP27TW7569_20250704_040922_2nd_front.jpg,Bethamcherla_AP27TW7569_20250704_040927_2nd_back.jpg,Avijit Mondal,admin
04-07-2025,04:26:31,Bethamcherla,Saurashtra Enviro Projects Pvt. Ltd.,Legacy/MSW,T1039,AP37TD4869,On-site,27100.00,04-07-2025 04:19:17,10540.00,04-07-2025 04:26:17,16560.00,Legacy/MSW,Bethamcherla_AP37TD4869_20250704_041927_1st_front.jpg,Bethamcherla_AP37TD4869_20250704_041931_1st_back.jpg,Bethamcherla_AP37TD4869_20250704_042622_2nd_front.jpg,Bethamcherla_AP37TD4869_20250704_042627_2nd_back.jpg,Avijit Mondal,admin
04-07-2025,04:49:47,Bethamcherla,Saurashtra Enviro Projects Pvt. Ltd.,Legacy/MSW,T1040,AP 26 TA 0434,On-site,28570.00,04-07-2025 04:42:33,10300.00,04-07-2025 04:49:32,15270.00,Legacy/MSW,Bethamcherla_AP_26_TA_0434_20250704_044238_1st_front.jpg,Bethamcherla_AP_26_TA_0434_20250704_044243_1st_back.jpg,Bethamcherla_AP_26_TA_0434_20250704_044938_2nd_front.jpg,Bethamcherla_AP_26_TA_0434_20250704_044942_2nd_back.jpg,Avijit Mondal,admin
05-07-2025,15:00:18,Bethamcherla,Saurashtra Enviro Projects Pvt. Ltd.,Legacy/MSW,T1041,AP27TW7569,On-site,29800.00,04-07-2025 04:54:46,10990.00,05-07-2025 15:00:09,18810.00,Legacy/MSW,Bethamcherla_AP27TW7569_20250704_045502_1st_front.jpg,Bethamcherla_AP27TW7569_20250704_045505_1st_back.jpg,Bethamcherla_AP27TW7569_20250705_150012_2nd_front.jpg,Bethamcherla_AP27TW7569_20250705_150015_2nd_back.jpg,Avijit Mondal,admin
04-07-2025,10:31:00,Bethamcherla,Saurashtra Enviro Projects Pvt. Ltd.,Legacy/MSW,T1049,AP27TW7569,On-site,26380.00,04-07-2025 09:21:52,10100.00,04-07-2025 10:30:47,16280.00,Legacy/MSW,Bethamcherla_AP27TW7569_20250704_092155_1st_front.jpg,Bethamcherla_AP27TW7569_20250704_092157_1st_back.jpg,Bethamcherla_AP27TW7569_20250704_103052_2nd_front.jpg,Bethamcherla_AP27TW7569_20250704_103056_2nd_back.jpg,Avijit Mondal,admin
04-07-2025,10:27:00,Bethamcherla,Saurashtra Enviro Projects Pvt. Ltd.,Legacy/MSW,T1050,AP37TD4869,On-site,26570.00,04-07-2025 09:23:02,10100.00,04-07-2025 10:26:05,16280.00,Legacy/MSW,Bethamcherla_AP37TD4869_20250704_092305_1st_front.jpg,Bethamcherla_AP37TD4869_20250704_092309_1st_back.jpg,Bethamcherla_AP37TD4869_20250704_102610_2nd_front.jpg,Bethamcherla_AP37TD4869_20250704_102613_2nd_back.jpg,Avijit Mondal,admin
04-07-2025,10:14:30,Bethamcherla,Saurashtra Enviro Projects Pvt. Ltd.,Legacy/MSW,T1051,ap21tb4935,On-site,28290.00,04-07-2025 10:06:40,10840.00,04-07-2025 10:14:18,17450.00,Legacy/MSW,Bethamcherla_ap21tb4935_20250704_100645_1st_front.jpg,Bethamcherla_ap21tb4935_20250704_100648_1st_back.jpg,Bethamcherla_ap21tb4935_20250704_101422_2nd_front.jpg,Bethamcherla_ap21tb4935_20250704_101426_2nd_back.jpg,Avijit Mondal,admin
04-07-2025,10:15:46,Bethamcherla,Saurashtra Enviro Projects Pvt. Ltd.,Legacy/MSW,T1052,ap26ta0434,On-site,26690.00,04-07-2025 10:08:54,10060.00,04-07-2025 10:15:36,16630.00,Legacy/MSW,Bethamcherla_ap26ta0434_20250704_100858_1st_front.jpg,Bethamcherla_ap26ta0434_20250704_100902_1st_back.jpg,Bethamcherla_ap26ta0434_20250704_101540_2nd_front.jpg,Bethamcherla_ap26ta0434_20250704_101543_2nd_back.jpg,Avijit Mondal,admin
04-07-2025,10:27:35,Bethamcherla,Saurashtra Enviro Projects Pvt. Ltd.,Legacy/MSW,T1053,AP37TD4869,On-site,28350.00,04-07-2025 10:27:16,10100.00,04-07-2025 10:27:24,18250.00
04-07-2025,10:32:55,Bethamcherla,Saurashtra Enviro Projects Pvt. Ltd.,Legacy/MSW,T1054,ap21tb4935,On-site,28020.00,04-07-2025 10:29:18,10570.00,04-07-2025 10:32:42,17450.00,Legacy/MSW,Bethamcherla_ap21tb4935_20250704_102923_1st_front.jpg,Bethamcherla_ap21tb4935_20250704_102926_1st_back.jpg,Bethamcherla_ap21tb4935_20250704_103251_2nd_front.jpg,Bethamcherla_ap21tb4935_20250704_103248_2nd_back.jpg,Avijit Mondal,admin
04-07-2025,10:36:20,Bethamcherla,Saurashtra Enviro Projects Pvt. Ltd.,Legacy/MSW,T1055,AP27TW7569,On-site,28250.00,04-07-2025 10:31:25,10740.00,04-07-2025 10:36:09,17510.00,Legacy/MSW,Bethamcherla_AP27TW7569_20250704_103130_1st_front.jpg,Bethamcherla_AP27TW7569_20250704_103137_1st_back.jpg,Bethamcherla_AP27TW7569_20250704_103614_2nd_front.jpg,Bethamcherla_AP27TW7569_20250704_103616_2nd_back.jpg,Avijit Mondal,admin
04-07-2025,10:42:16,Bethamcherla,Saurashtra Enviro Projects Pvt. Ltd.,Legacy/MSW,T1056,ap26ta0434,On-site,25660.00,04-07-2025 10:34:02,10160.00,04-07-2025 10:42:03,15500.00,Legacy/MSW,Bethamcherla_ap26ta0434_20250704_103405_1st_front.jpg,Bethamcherla_ap26ta0434_20250704_103408_1st_back.jpg,Bethamcherla_ap26ta0434_20250704_104209_2nd_front.jpg,Bethamcherla_ap26ta0434_20250704_104212_2nd_back.jpg,Avijit Mondal,admin
04-07-2025,10:58:06,Bethamcherla,Saurashtra Enviro Projects Pvt. Ltd.,Legacy/MSW,T1057,AP37TD4869,On-site,27800.00,04-07-2025 10:51:02,10560.00,04-07-2025 10:57:55,17240.00,Legacy/MSW,Bethamcherla_AP37TD4869_20250704_105106_1st_front.jpg,Bethamcherla_AP37TD4869_20250704_105109_1st_back.jpg,Bethamcherla_AP37TD4869_20250704_105759_2nd_front.jpg,Bethamcherla_AP37TD4869_20250704_105802_2nd_back.jpg,Avijit Mondal,admin
04-07-2025,11:00:48,Bethamcherla,Saurashtra Enviro Projects Pvt. Ltd.,Legacy/MSW,T1058,AP21TB4935,On-site,29590.00,04-07-2025 10:52:51,10930.00,04-07-2025 11:00:35,18660.00,Legacy/MSW,Bethamcherla_AP21TB4935_20250704_105254_1st_front.jpg,Bethamcherla_AP21TB4935_20250704_105257_1st_back.jpg,Bethamcherla_AP21TB4935_20250704_110039_2nd_front.jpg,Bethamcherla_AP21TB4935_20250704_110042_2nd_back.jpg,Avijit Mondal,admin
04-07-2025,11:05:27,Bethamcherla,Saurashtra Enviro Projects Pvt. Ltd.,Legacy/MSW,T1059,AP27TW7569,On-site,27000.00,04-07-2025 10:59:21,10580.00,04-07-2025 11:05:14,16420.00,Legacy/MSW,Bethamcherla_AP27TW7569_20250704_105925_1st_front.jpg,Bethamcherla_AP27TW7569_20250704_105929_1st_back.jpg,Bethamcherla_AP27TW7569_20250704_110518_2nd_front.jpg,Bethamcherla_AP27TW7569_20250704_110524_2nd_back.jpg,Avijit Mondal,admin
04-07-2025,11:08:30,Bethamcherla,Saurashtra Enviro Projects Pvt. Ltd.,Legacy/MSW,T1060,AP26TA0434,On-site,27150.00,04-07-2025 11:04:10,10070.00,04-07-2025 11:08:18,17080.00,Legacy/MSW,Bethamcherla_AP26TA0434_20250704_110413_1st_front.jpg,Bethamcherla_AP26TA0434_20250704_110416_1st_back.jpg,Bethamcherla_AP26TA0434_20250704_110822_2nd_front.jpg,Bethamcherla_AP26TA0434_20250704_110826_2nd_back.jpg,Avijit Mondal,admin
04-07-2025,11:26:40,Bethamcherla,Saurashtra Enviro Projects Pvt. Ltd.,Legacy/MSW,T1061,AP37TD4869,On-site,29770.00,04-07-2025 11:12:36,10690.00,04-07-2025 11:26:26,19080.00,Legacy/MSW,Bethamcherla_AP37TD4869_20250704_111240_1st_front.jpg,Bethamcherla_AP37TD4869_20250704_111243_1st_back.jpg,Bethamcherla_AP37TD4869_20250704_112631_2nd_front.jpg,Bethamcherla_AP37TD4869_20250704_112635_2nd_back.jpg,Avijit Mondal,admin
04-07-2025,11:32:14,Bethamcherla,Saurashtra Enviro Projects Pvt. Ltd.,Legacy/MSW,T1063,AP27TW7569,On-site,27840.00,04-07-2025 11:24:59,10520.00,04-07-2025 11:32:05,17320.00,Legacy/MSW,Bethamcherla_AP27TW7569_20250704_112504_1st_front.jpg,Bethamcherla_AP27TW7569_20250704_112507_1st_back.jpg,Bethamcherla_AP27TW7569_20250704_113208_2nd_front.jpg,Bethamcherla_AP27TW7569_20250704_113211_2nd_back.jpg,Avijit Mondal,admin
04-07-2025,11:35:19,Bethamcherla,Saurashtra Enviro Projects Pvt. Ltd.,Legacy/MSW,T1064,AP26TA0434,On-site,28290.00,04-07-2025 11:29:19,10040.00,04-07-2025 11:35:07,18250.00,Legacy/MSW,Bethamcherla_AP26TA0434_20250704_112926_1st_front.jpg,Bethamcherla_AP26TA0434_20250704_112929_1st_back.jpg,Bethamcherla_AP26TA0434_20250704_113511_2nd_front.jpg,Bethamcherla_AP26TA0434_20250704_113515_2nd_back.jpg,Avijit Mondal,admin
04-07-2025,11:42:49,Bethamcherla,Saurashtra Enviro Projects Pvt. Ltd.,Legacy/MSW,T1065,AP37TD4869,On-site,29560.00,04-07-2025 11:38:14,10570.00,04-07-2025 11:42:39,18990.00,Legacy/MSW,Bethamcherla_AP37TD4869_20250704_113817_1st_front.jpg,Bethamcherla_AP37TD4869_20250704_113820_1st_back.jpg,Bethamcherla_AP37TD4869_20250704_114243_2nd_front.jpg,Bethamcherla_AP37TD4869_20250704_114245_2nd_back.jpg,Avijit Mondal,admin
04-07-2025,11:49:57,Bethamcherla,Saurashtra Enviro Projects Pvt. Ltd.,Legacy/MSW,T1066,AP21TB4935,On-site,28770.00,04-07-2025 11:43:55,10650.00,04-07-2025 11:49:47,18120.00,Legacy/MSW,Bethamcherla_AP21TB4935_20250704_114359_1st_front.jpg,Bethamcherla_AP21TB4935_20250704_114404_1st_back.jpg,Bethamcherla_AP21TB4935_20250704_114950_2nd_front.jpg,Bethamcherla_AP21TB4935_20250704_114953_2nd_back.jpg,Avijit Mondal,admin
04-07-2025,12:02:12,Bethamcherla,Saurashtra Enviro Projects Pvt. Ltd.,Legacy/MSW,T1067,AP27TW7569,On-site,28400.00,04-07-2025 11:52:13,10550.00,04-07-2025 12:02:01,17850.00,Legacy/MSW,Bethamcherla_AP27TW7569_20250704_115216_1st_front.jpg,Bethamcherla_AP27TW7569_20250704_115219_1st_back.jpg,Bethamcherla_AP27TW7569_20250704_120204_2nd_front.jpg,Bethamcherla_AP27TW7569_20250704_120208_2nd_back.jpg,Avijit Mondal,admin
04-07-2025,12:02:58,Bethamcherla,Saurashtra Enviro Projects Pvt. Ltd.,Legacy/MSW,T1068,AP26TA0434,On-site,29960.00,04-07-2025 11:54:03,10030.00,04-07-2025 12:02:48,19930.00,Legacy/MSW,Bethamcherla_AP26TA0434_20250704_115407_1st_front.jpg,Bethamcherla_AP26TA0434_20250704_115413_1st_back.jpg,Bethamcherla_AP26TA0434_20250704_120253_2nd_front.jpg,Bethamcherla_AP26TA0434_20250704_120256_2nd_back.jpg,Avijit Mondal,admin
04-07-2025,12:05:58,Bethamcherla,Saurashtra Enviro Projects Pvt. Ltd.,Legacy/MSW,T1069,AP37TD4869,On-site,28260.00,04-07-2025 12:00:38,10570.00,04-07-2025 12:05:33,17690.00,Legacy/MSW,Bethamcherla_AP37TD4869_20250704_120042_1st_front.jpg,Bethamcherla_AP37TD4869_20250704_120045_1st_back.jpg,Bethamcherla_AP37TD4869_20250704_120549_2nd_front.jpg,Bethamcherla_AP37TD4869_20250704_120553_2nd_back.jpg,Avijit Mondal,admin
04-07-2025,12:20:02,Bethamcherla,Saurashtra Enviro Projects Pvt. Ltd.,Legacy/MSW,T1070,AP21TB4935,On-site,28250.00,04-07-2025 12:07:43,10620.00,04-07-2025 12:19:50,17630.00,Legacy/MSW,Bethamcherla_AP21TB4935_20250704_120751_1st_front.jpg,Bethamcherla_AP21TB4935_20250704_120754_1st_back.jpg,Bethamcherla_AP21TB4935_20250704_121954_2nd_front.jpg,Bethamcherla_AP21TB4935_20250704_121958_2nd_back.jpg,Avijit Mondal,admin
04-07-2025,12:31:34,Bethamcherla,Saurashtra Enviro Projects Pvt. Ltd.,Legacy/MSW,T1071,AP27TW7569,On-site,29110.00,04-07-2025 12:23:34,10590.00,04-07-2025 12:31:18,18520.00,Legacy/MSW,Bethamcherla_AP27TW7569_20250704_122337_1st_front.jpg,Bethamcherla_AP27TW7569_20250704_122340_1st_back.jpg,Bethamcherla_AP27TW7569_20250704_123122_2nd_front.jpg,Bethamcherla_AP27TW7569_20250704_123129_2nd_back.jpg,Avijit Mondal,admin
04-07-2025,12:53:05,Bethamcherla,Saurashtra Enviro Projects Pvt. Ltd.,Legacy/MSW,T1072,AP37TD4869,On-site,28430.00,04-07-2025 12:24:50,10570.00,04-07-2025 12:52:53,17860.00,Legacy/MSW,Bethamcherla_AP37TD4869_20250704_122453_1st_front.jpg,Bethamcherla_AP37TD4869_20250704_122456_1st_back.jpg,Bethamcherla_AP37TD4869_20250704_125257_2nd_front.jpg,Bethamcherla_AP37TD4869_20250704_125259_2nd_back.jpg,Avijit Mondal,admin
04-07-2025,12:53:24,Bethamcherla,Saurashtra Enviro Projects Pvt. Ltd.,Legacy/MSW,T1073,AP26TA0434,On-site,28770.00,04-07-2025 12:32:53,10570.00,04-07-2025 12:53:19,18200.00,Legacy/MSW,Bethamcherla_AP26TA0434_20250704_123258_1st_front.jpg,Bethamcherla_AP26TA0434_20250704_123306_1st_back.jpg,,,Avijit Mondal,admin
04-07-2025,12:57:05,Bethamcherla,Saurashtra Enviro Projects Pvt. Ltd.,Legacy/MSW,T1074,AP21TB4935,On-site,28420.00,04-07-2025 12:42:54,10650.00,04-07-2025 12:56:56,17770.00,Legacy/MSW,Bethamcherla_AP21TB4935_20250704_124257_1st_front.jpg,Bethamcherla_AP21TB4935_20250704_124259_1st_back.jpg,Bethamcherla_AP21TB4935_20250704_125700_2nd_front.jpg,Bethamcherla_AP21TB4935_20250704_125702_2nd_back.jpg,Avijit Mondal,admin
04-07-2025,12:59:24,Bethamcherla,Saurashtra Enviro Projects Pvt. Ltd.,Legacy/MSW,T1075,AP27TW7569,On-site,29670.00,04-07-2025 12:45:15,10590.00,04-07-2025 12:59:12,19080.00,Legacy/MSW,Bethamcherla_AP27TW7569_20250704_124519_1st_front.jpg,Bethamcherla_AP27TW7569_20250704_124522_1st_back.jpg,Bethamcherla_AP27TW7569_20250704_125916_2nd_front.jpg,Bethamcherla_AP27TW7569_20250704_125922_2nd_back.jpg,Avijit Mondal,admin
04-07-2025,12:55:24,Bethamcherla,Saurashtra Enviro Projects Pvt. Ltd.,Legacy/MSW,T1076,AP26TA0434,On-site,28980.00,04-07-2025 12:55:04,10500.00,04-07-2025 12:55:10,18480.00,Legacy/MSW,,,Bethamcherla_AP26TA0434_20250704_125516_2nd_front.jpg,Bethamcherla_AP26TA0434_20250704_125518_2nd_back.jpg,Avijit Mondal,admin
04-07-2025,15:21:36,Bethamcherla,Saurashtra Enviro Projects Pvt. Ltd.,Soil,T1077,AP37TD4869,On-site,25970.00,04-07-2025 14:33:16,10560.00,04-07-2025 15:21:28,15410.00,Soil,Bethamcherla_AP37TD4869_20250704_143321_1st_front.jpg,Bethamcherla_AP37TD4869_20250704_143324_1st_back.jpg,Bethamcherla_AP37TD4869_20250704_152132_2nd_front.jpg,Bethamcherla_AP37TD4869_20250704_152134_2nd_back.jpg,Avijit Mondal,admin
04-07-2025,15:23:23,Bethamcherla,Saurashtra Enviro Projects Pvt. Ltd.,Soil,T1078,ap21tb4935,On-site,28210.00,04-07-2025 14:39:37,10590.00,04-07-2025 15:23:14,17620.00,Soil,Bethamcherla_ap21tb4935_20250704_143942_1st_front.jpg,Bethamcherla_ap21tb4935_20250704_143948_1st_back.jpg,Bethamcherla_ap21tb4935_20250704_152317_2nd_front.jpg,Bethamcherla_ap21tb4935_20250704_152320_2nd_back.jpg,Avijit Mondal,admin
04-07-2025,15:25:19,Bethamcherla,Saurashtra Enviro Projects Pvt. Ltd.,Soil,T1079,ap26ta0434,On-site,25030.00,04-07-2025 14:44:25,10020.00,04-07-2025 15:25:07,15010.00,Soil,Bethamcherla_ap26ta0434_20250704_144431_1st_front.jpg,Bethamcherla_ap26ta0434_20250704_144435_1st_back.jpg,Bethamcherla_ap26ta0434_20250704_152511_2nd_front.jpg,Bethamcherla_ap26ta0434_20250704_152514_2nd_back.jpg,Avijit Mondal,admin
04-07-2025,15:29:25,Bethamcherla,Saurashtra Enviro Projects Pvt. Ltd.,Soil,T1080,AP27TW7569,On-site,27530.00,04-07-2025 14:49:35,10520.00,04-07-2025 15:29:05,17010.00,Soil,Bethamcherla_AP27TW7569_20250704_144940_1st_front.jpg,Bethamcherla_AP27TW7569_20250704_144943_1st_back.jpg,Bethamcherla_AP27TW7569_20250704_152918_2nd_front.jpg,Bethamcherla_AP27TW7569_20250704_152921_2nd_back.jpg,Avijit Mondal,admin
04-07-2025,16:59:54,Bethamcherla,Saurashtra Enviro Projects Pvt. Ltd.,Soil,T1081,AP37TD4869,On-site,29620.00,04-07-2025 15:32:12,10560.00,04-07-2025 16:59:43,19060.00,Soil,Bethamcherla_AP37TD4869_20250704_153216_1st_front.jpg,Bethamcherla_AP37TD4869_20250704_153220_1st_back.jpg,Bethamcherla_AP37TD4869_20250704_165948_2nd_front.jpg,Bethamcherla_AP37TD4869_20250704_165950_2nd_back.jpg,Avijit Mondal,admin
04-07-2025,16:11:14,Bethamcherla,Saurashtra Enviro Projects Pvt. Ltd.,Soil,T1082,ap21tb4935,On-site,26930.00,04-07-2025 15:37:41,11140.00,04-07-2025 16:11:06,15790.00,Soil,Bethamcherla_ap21tb4935_20250704_153746_1st_front.jpg,Bethamcherla_ap21tb4935_20250704_153750_1st_back.jpg,Bethamcherla_ap21tb4935_20250704_161109_2nd_front.jpg,Bethamcherla_ap21tb4935_20250704_161112_2nd_back.jpg,Avijit Mondal,admin
04-07-2025,16:13:04,Bethamcherla,Saurashtra Enviro Projects Pvt. Ltd.,Soil,T1083,ap26ta0434,On-site,26250.00,04-07-2025 15:42:57,10280.00,04-07-2025 16:12:49,15970.00,Soil,Bethamcherla_ap26ta0434_20250704_154301_1st_front.jpg,Bethamcherla_ap26ta0434_20250704_154304_1st_back.jpg,Bethamcherla_ap26ta0434_20250704_161253_2nd_front.jpg,Bethamcherla_ap26ta0434_20250704_161257_2nd_back.jpg,Avijit Mondal,admin
04-07-2025,16:22:21,Bethamcherla,Saurashtra Enviro Projects Pvt. Ltd.,Soil,T1084,AP27TW7569,On-site,27830.00,04-07-2025 15:47:49,10510.00,04-07-2025 16:22:11,17320.00,Soil,Bethamcherla_AP27TW7569_20250704_154753_1st_front.jpg,Bethamcherla_AP27TW7569_20250704_154757_1st_back.jpg,Bethamcherla_AP27TW7569_20250704_162215_2nd_front.jpg,Bethamcherla_AP27TW7569_20250704_162218_2nd_back.jpg,Avijit Mondal,admin
04-07-2025,17:10:50,Bethamcherla,Saurashtra Enviro Projects Pvt. Ltd.,Soil,T1085,ap21tb4935,On-site,27190.00,04-07-2025 16:28:22,10600.00,04-07-2025 17:10:39,16590.00,Soil,Bethamcherla_ap21tb4935_20250704_162826_1st_front.jpg,Bethamcherla_ap21tb4935_20250704_162829_1st_back.jpg,Bethamcherla_ap21tb4935_20250704_171042_2nd_front.jpg,Bethamcherla_ap21tb4935_20250704_171046_2nd_back.jpg,Avijit Mondal,admin
04-07-2025,17:19:20,Bethamcherla,Saurashtra Enviro Projects Pvt. Ltd.,Soil,T1086,ap26ta0434,On-site,29440.00,04-07-2025 16:34:46,10260.00,04-07-2025 17:19:05,19180.00,Soil,Bethamcherla_ap26ta0434_20250704_163449_1st_front.jpg,Bethamcherla_ap26ta0434_20250704_163453_1st_back.jpg,Bethamcherla_ap26ta0434_20250704_171913_2nd_front.jpg,Bethamcherla_ap26ta0434_20250704_171916_2nd_back.jpg,Avijit Mondal,admin
04-07-2025,17:09:04,Bethamcherla,Saurashtra Enviro Projects Pvt. Ltd.,Soil,T1087,AP27TW7569,On-site,28180.00,04-07-2025 16:39:14,10500.00,04-07-2025 17:08:55,17680.00,Soil,Bethamcherla_AP27TW7569_20250704_163919_1st_front.jpg,Bethamcherla_AP27TW7569_20250704_163922_1st_back.jpg,Bethamcherla_AP27TW7569_20250704_170859_2nd_front.jpg,Bethamcherla_AP27TW7569_20250704_170902_2nd_back.jpg,Avijit Mondal,admin
04-07-2025,18:05:45,Bethamcherla,Saurashtra Enviro Projects Pvt. Ltd.,Soil,T1088,AP21TB4935,On-site,29650.00,04-07-2025 17:25:06,11100.00,04-07-2025 18:05:34,18550.00,Soil,Bethamcherla_AP21TB4935_20250704_172509_1st_front.jpg,Bethamcherla_AP21TB4935_20250704_172512_1st_back.jpg,Bethamcherla_AP21TB4935_20250704_180541_2nd_front.jpg,Bethamcherla_AP21TB4935_20250704_180543_2nd_back.jpg,Avijit Mondal,admin
04-07-2025,18:29:56,Bethamcherla,Saurashtra Enviro Projects Pvt. Ltd.,Soil,T1089,AP27TW7569,On-site,28190.00,04-07-2025 17:28:44,10830.00,04-07-2025 18:29:48,17360.00,Soil,Bethamcherla_AP27TW7569_20250704_172851_1st_front.jpg,Bethamcherla_AP27TW7569_20250704_172853_1st_back.jpg,Bethamcherla_AP27TW7569_20250704_182952_2nd_front.jpg,Bethamcherla_AP27TW7569_20250704_182954_2nd_back.jpg,Avijit Mondal,admin
04-07-2025,18:31:21,Bethamcherla,Saurashtra Enviro Projects Pvt. Ltd.,Soil,T1090,AP26TA0434,On-site,29850.00,04-07-2025 17:32:41,10130.00,04-07-2025 18:31:11,19720.00,Soil,Bethamcherla_AP26TA0434_20250704_173247_1st_front.jpg,Bethamcherla_AP26TA0434_20250704_173249_1st_back.jpg,Bethamcherla_AP26TA0434_20250704_183115_2nd_front.jpg,Bethamcherla_AP26TA0434_20250704_183117_2nd_back.jpg,Avijit Mondal,admin
04-07-2025,18:32:05,Bethamcherla,Saurashtra Enviro Projects Pvt. Ltd.,Soil,T1091,AP37TD4869,On-site,28450.00,04-07-2025 17:38:24,10600.00,04-07-2025 18:31:55,17850.00,Soil,Bethamcherla_AP37TD4869_20250704_173829_1st_front.jpg,Bethamcherla_AP37TD4869_20250704_173832_1st_back.jpg,Bethamcherla_AP37TD4869_20250704_183201_2nd_front.jpg,Bethamcherla_AP37TD4869_20250704_183203_2nd_back.jpg,Avijit Mondal,admin
04-07-2025,21:15:27,Bethamcherla,Saurashtra Enviro Projects Pvt. Ltd.,Legacy/MSW,T1092,AP26TA0434,On-site,29060.00,04-07-2025 21:08:13,10140.00,04-07-2025 21:15:13,18920.00,Legacy/MSW,Bethamcherla_AP26TA0434_20250704_210818_1st_front.jpg,Bethamcherla_AP26TA0434_20250704_210820_1st_back.jpg,Bethamcherla_AP26TA0434_20250704_211518_2nd_front.jpg,Bethamcherla_AP26TA0434_20250704_211521_2nd_back.jpg,Avijit Mondal,admin
04-07-2025,21:19:13,Bethamcherla,Saurashtra Enviro Projects Pvt. Ltd.,Legacy/MSW,T1093,AP37TD4869,On-site,28590.00,04-07-2025 21:13:52,10610.00,04-07-2025 21:19:01,17980.00,Legacy/MSW,Bethamcherla_AP37TD4869_20250704_211356_1st_front.jpg,Bethamcherla_AP37TD4869_20250704_211359_1st_back.jpg,Bethamcherla_AP37TD4869_20250704_211905_2nd_front.jpg,Bethamcherla_AP37TD4869_20250704_211908_2nd_back.jpg,Avijit Mondal,admin
04-07-2025,21:26:29,Bethamcherla,Saurashtra Enviro Projects Pvt. Ltd.,Legacy/MSW,T1094,AP21TB4935,On-site,27080.00,04-07-2025 21:20:21,11030.00,04-07-2025 21:26:08,16050.00,Legacy/MSW,Bethamcherla_AP21TB4935_20250704_212028_1st_front.jpg,Bethamcherla_AP21TB4935_20250704_212030_1st_back.jpg,Bethamcherla_AP21TB4935_20250704_212615_2nd_front.jpg,Bethamcherla_AP21TB4935_20250704_212624_2nd_back.jpg,Avijit Mondal,admin
04-07-2025,21:38:29,Bethamcherla,Saurashtra Enviro Projects Pvt. Ltd.,Legacy/MSW,T1095,AP26TA0434,On-site,29730.00,04-07-2025 21:33:03,10450.00,04-07-2025 21:38:18,19280.00,Legacy/MSW,Bethamcherla_AP26TA0434_20250704_213310_1st_front.jpg,Bethamcherla_AP26TA0434_20250704_213314_1st_back.jpg,Bethamcherla_AP26TA0434_20250704_213822_2nd_front.jpg,Bethamcherla_AP26TA0434_20250704_213826_2nd_back.jpg,Avijit Mondal,admin
04-07-2025,21:45:40,Bethamcherla,Saurashtra Enviro Projects Pvt. Ltd.,Legacy/MSW,T1096,AP37TD4869,On-site,26220.00,04-07-2025 21:40:33,10610.00,04-07-2025 21:45:28,15610.00,Legacy/MSW,Bethamcherla_AP37TD4869_20250704_214039_1st_front.jpg,Bethamcherla_AP37TD4869_20250704_214043_1st_back.jpg,Bethamcherla_AP37TD4869_20250704_214534_2nd_front.jpg,Bethamcherla_AP37TD4869_20250704_214538_2nd_back.jpg,Avijit Mondal,admin
04-07-2025,21:57:16,Bethamcherla,Saurashtra Enviro Projects Pvt. Ltd.,Legacy/MSW,T1097,ap21tb4935,On-site,28430.00,04-07-2025 21:50:54,10930.00,04-07-2025 21:57:03,17500.00,Legacy/MSW,Bethamcherla_ap21tb4935_20250704_215100_1st_front.jpg,Bethamcherla_ap21tb4935_20250704_215104_1st_back.jpg,Bethamcherla_ap21tb4935_20250704_215708_2nd_front.jpg,Bethamcherla_ap21tb4935_20250704_215712_2nd_back.jpg,Avijit Mondal,admin
04-07-2025,22:06:10,Bethamcherla,Saurashtra Enviro Projects Pvt. Ltd.,Legacy/MSW,T1098,AP26TA0434,On-site,28280.00,04-07-2025 22:00:31,10170.00,04-07-2025 22:05:57,18110.00,Legacy/MSW,Bethamcherla_AP26TA0434_20250704_220037_1st_front.jpg,Bethamcherla_AP26TA0434_20250704_220043_1st_back.jpg,Bethamcherla_AP26TA0434_20250704_220601_2nd_front.jpg,Bethamcherla_AP26TA0434_20250704_220606_2nd_back.jpg,Avijit Mondal,admin
04-07-2025,22:16:05,Bethamcherla,Saurashtra Enviro Projects Pvt. Ltd.,Legacy/MSW,T1099,AP37TD4869,On-site,29970.00,04-07-2025 22:08:22,10610.00,04-07-2025 22:15:49,19360.00,Legacy/MSW,Bethamcherla_AP37TD4869_20250704_220827_1st_front.jpg,Bethamcherla_AP37TD4869_20250704_220831_1st_back.jpg,Bethamcherla_AP37TD4869_20250704_221555_2nd_front.jpg,Bethamcherla_AP37TD4869_20250704_221559_2nd_back.jpg,Avijit Mondal,admin
04-07-2025,22:28:00,Bethamcherla,Saurashtra Enviro Projects Pvt. Ltd.,Legacy/MSW,T1100,ap21tb4935,On-site,28940.00,04-07-2025 22:20:00,10870.00,04-07-2025 22:27:46,18070.00,Legacy/MSW,Bethamcherla_ap21tb4935_20250704_222005_1st_front.jpg,Bethamcherla_ap21tb4935_20250704_222008_1st_back.jpg,Bethamcherla_ap21tb4935_20250704_222752_2nd_front.jpg,Bethamcherla_ap21tb4935_20250704_222756_2nd_back.jpg,Avijit Mondal,admin
04-07-2025,22:32:36,Bethamcherla,Saurashtra Enviro Projects Pvt. Ltd.,Legacy/MSW,T1101,ap26ta0434,On-site,28780.00,04-07-2025 22:25:56,10140.00,04-07-2025 22:32:20,18640.00,Legacy/MSW,Bethamcherla_ap26ta0434_20250704_222603_1st_front.jpg,Bethamcherla_ap26ta0434_20250704_222607_1st_back.jpg,Bethamcherla_ap26ta0434_20250704_223225_2nd_front.jpg,Bethamcherla_ap26ta0434_20250704_223230_2nd_back.jpg,Avijit Mondal,admin
04-07-2025,23:16:47,Bethamcherla,Saurashtra Enviro Projects Pvt. Ltd.,Legacy/MSW,T1102,AP37TD4869,On-site,29160.00,04-07-2025 23:08:36,10620.00,04-07-2025 23:16:26,18540.00,Legacy/MSW,Bethamcherla_AP37TD4869_20250704_230841_1st_front.jpg,Bethamcherla_AP37TD4869_20250704_230846_1st_back.jpg,Bethamcherla_AP37TD4869_20250704_231636_2nd_front.jpg,Bethamcherla_AP37TD4869_20250704_231640_2nd_back.jpg,Avijit Mondal,admin
04-07-2025,23:26:35,Bethamcherla,Saurashtra Enviro Projects Pvt. Ltd.,Legacy/MSW,T1103,AP21TB4935,On-site,28890.00,04-07-2025 23:19:40,10870.00,04-07-2025 23:26:19,18020.00,Legacy/MSW,Bethamcherla_AP21TB4935_20250704_231944_1st_front.jpg,Bethamcherla_AP21TB4935_20250704_231948_1st_back.jpg,Bethamcherla_AP21TB4935_20250704_232627_2nd_front.jpg,Bethamcherla_AP21TB4935_20250704_232631_2nd_back.jpg,Avijit Mondal,admin
04-07-2025,23:36:35,Bethamcherla,Saurashtra Enviro Projects Pvt. Ltd.,Legacy/MSW,T1104,ap26ta0434,On-site,25510.00,04-07-2025 23:30:22,10140.00,04-07-2025 23:36:22,15370.00,Legacy/MSW,Bethamcherla_ap26ta0434_20250704_233026_1st_front.jpg,Bethamcherla_ap26ta0434_20250704_233030_1st_back.jpg,Bethamcherla_ap26ta0434_20250704_233627_2nd_front.jpg,Bethamcherla_ap26ta0434_20250704_233632_2nd_back.jpg,Avijit Mondal,admin
04-07-2025,23:47:04,Bethamcherla,Saurashtra Enviro Projects Pvt. Ltd.,Legacy/MSW,T1105,AP37TD4869,On-site,29880.00,04-07-2025 23:39:46,10640.00,04-07-2025 23:46:43,19160.00,Legacy/MSW,Bethamcherla_AP37TD4869_20250704_233950_1st_front.jpg,Bethamcherla_AP37TD4869_20250704_233955_1st_back.jpg,Bethamcherla_AP37TD4869_20250704_234650_2nd_front.jpg,Bethamcherla_AP37TD4869_20250704_234655_2nd_back.jpg,Avijit Mondal,admin
04-07-2025,23:58:03,Bethamcherla,Saurashtra Enviro Projects Pvt. Ltd.,Legacy/MSW,T1106,ap21tb4935,On-site,28350.00,04-07-2025 23:48:22,10910.00,04-07-2025 23:57:50,17440.00,Legacy/MSW,Bethamcherla_ap21tb4935_20250704_234828_1st_front.jpg,Bethamcherla_ap21tb4935_20250704_234833_1st_back.jpg,Bethamcherla_ap21tb4935_20250704_235755_2nd_front.jpg,Bethamcherla_ap21tb4935_20250704_235800_2nd_back.jpg,Avijit Mondal,admin
05-07-2025,00:00:40,Bethamcherla,Saurashtra Enviro Projects Pvt. Ltd.,Legacy/MSW,T1107,ap26ta0434,On-site,29090.00,04-07-2025 23:54:42,10140.00,05-07-2025 00:00:29,18950.00,Legacy/MSW,Bethamcherla_ap26ta0434_20250704_235447_1st_front.jpg,Bethamcherla_ap26ta0434_20250704_235451_1st_back.jpg,Bethamcherla_ap26ta0434_20250705_000034_2nd_front.jpg,Bethamcherla_ap26ta0434_20250705_000037_2nd_back.jpg,Avijit Mondal,admin
05-07-2025,00:08:35,Bethamcherla,Saurashtra Enviro Projects Pvt. Ltd.,Legacy/MSW,T1108,AP37TD4869,On-site,26670.00,05-07-2025 00:03:29,10640.00,05-07-2025 00:08:24,16030.00,Legacy/MSW,Bethamcherla_AP37TD4869_20250705_000333_1st_front.jpg,Bethamcherla_AP37TD4869_20250705_000337_1st_back.jpg,Bethamcherla_AP37TD4869_20250705_000827_2nd_front.jpg,Bethamcherla_AP37TD4869_20250705_000832_2nd_back.jpg,Avijit Mondal,admin
05-07-2025,00:26:24,Bethamcherla,Saurashtra Enviro Projects Pvt. Ltd.,Legacy/MSW,T1109,AP21TB4935,On-site,29780.00,05-07-2025 00:18:44,10910.00,05-07-2025 00:26:11,18870.00,Legacy/MSW,Bethamcherla_AP21TB4935_20250705_001849_1st_front.jpg,Bethamcherla_AP21TB4935_20250705_001853_1st_back.jpg,Bethamcherla_AP21TB4935_20250705_002616_2nd_front.jpg,Bethamcherla_AP21TB4935_20250705_002621_2nd_back.jpg,Avijit Mondal,admin
05-07-2025,00:46:33,Bethamcherla,Saurashtra Enviro Projects Pvt. Ltd.,Legacy/MSW,T1110,AP37TD4869,On-site,29610.00,05-07-2025 00:35:24,10650.00,05-07-2025 00:46:21,18960.00,Legacy/MSW,Bethamcherla_AP37TD4869_20250705_003528_1st_front.jpg,Bethamcherla_AP37TD4869_20250705_003532_1st_back.jpg,Bethamcherla_AP37TD4869_20250705_004626_2nd_front.jpg,Bethamcherla_AP37TD4869_20250705_004629_2nd_back.jpg,Avijit Mondal,admin
05-07-2025,00:52:49,Bethamcherla,Saurashtra Enviro Projects Pvt. Ltd.,Legacy/MSW,T1111,AP26TA0434,On-site,29520.00,05-07-2025 00:43:04,10180.00,05-07-2025 00:52:37,19340.00,Legacy/MSW,Bethamcherla_AP26TA0434_20250705_004310_1st_front.jpg,Bethamcherla_AP26TA0434_20250705_004316_1st_back.jpg,Bethamcherla_AP26TA0434_20250705_005240_2nd_front.jpg,Bethamcherla_AP26TA0434_20250705_005246_2nd_back.jpg,Avijit Mondal,admin
05-07-2025,00:56:06,Bethamcherla,Saurashtra Enviro Projects Pvt. Ltd.,Legacy/MSW,T1112,AP21TB4935,On-site,26020.00,05-07-2025 00:48:25,10880.00,05-07-2025 00:55:52,15140.00,Legacy/MSW,Bethamcherla_AP21TB4935_20250705_004829_1st_front.jpg,Bethamcherla_AP21TB4935_20250705_004834_1st_back.jpg,Bethamcherla_AP21TB4935_20250705_005558_2nd_front.jpg,Bethamcherla_AP21TB4935_20250705_005603_2nd_back.jpg,Avijit Mondal,admin
05-07-2025,01:08:38,Bethamcherla,Saurashtra Enviro Projects Pvt. Ltd.,Legacy/MSW,T1113,AP37TD4869,On-site,25800.00,05-07-2025 01:03:15,10650.00,05-07-2025 01:08:19,15150.00,Legacy/MSW,Bethamcherla_AP37TD4869_20250705_010320_1st_front.jpg,Bethamcherla_AP37TD4869_20250705_010324_1st_back.jpg,Bethamcherla_AP37TD4869_20250705_010825_2nd_front.jpg,Bethamcherla_AP37TD4869_20250705_010830_2nd_back.jpg,Avijit Mondal,admin
05-07-2025,02:51:53,Bethamcherla,Saurashtra Enviro Projects Pvt. Ltd.,Legacy/MSW,T1114,ap26ta0434,On-site,29640.00,05-07-2025 02:44:31,10160.00,05-07-2025 02:51:42,19480.00,Legacy/MSW,Bethamcherla_ap26ta0434_20250705_024436_1st_front.jpg,Bethamcherla_ap26ta0434_20250705_024440_1st_back.jpg,Bethamcherla_ap26ta0434_20250705_025147_2nd_front.jpg,Bethamcherla_ap26ta0434_20250705_025151_2nd_back.jpg,Avijit Mondal,admin
05-07-2025,03:01:10,Bethamcherla,Saurashtra Enviro Projects Pvt. Ltd.,Legacy/MSW,T1115,AP21TB4935,On-site,29920.00,05-07-2025 02:53:47,10860.00,05-07-2025 03:00:57,19060.00,Legacy/MSW,Bethamcherla_AP21TB4935_20250705_025351_1st_front.jpg,Bethamcherla_AP21TB4935_20250705_025355_1st_back.jpg,Bethamcherla_AP21TB4935_20250705_030103_2nd_front.jpg,Bethamcherla_AP21TB4935_20250705_030107_2nd_back.jpg,Avijit Mondal,admin
05-07-2025,03:14:14,Bethamcherla,Saurashtra Enviro Projects Pvt. Ltd.,Legacy/MSW,T1116,ap26ta0434,On-site,26710.00,05-07-2025 03:08:27,10150.00,05-07-2025 03:14:04,16560.00,Legacy/MSW,Bethamcherla_ap26ta0434_20250705_030832_1st_front.jpg,Bethamcherla_ap26ta0434_20250705_030836_1st_back.jpg,Bethamcherla_ap26ta0434_20250705_031408_2nd_front.jpg,Bethamcherla_ap26ta0434_20250705_031411_2nd_back.jpg,Avijit Mondal,admin
05-07-2025,03:38:10,Bethamcherla,Saurashtra Enviro Projects Pvt. Ltd.,Legacy/MSW,T1117,AP21TB4935,On-site,26970.00,05-07-2025 03:30:47,10850.00,05-07-2025 03:37:37,16120.00,Legacy/MSW,Bethamcherla_AP21TB4935_20250705_033051_1st_front.jpg,Bethamcherla_AP21TB4935_20250705_033054_1st_back.jpg,Bethamcherla_AP21TB4935_20250705_033802_2nd_front.jpg,Bethamcherla_AP21TB4935_20250705_033806_2nd_back.jpg,Avijit Mondal,admin
05-07-2025,03:50:37,Bethamcherla,Saurashtra Enviro Projects Pvt. Ltd.,Legacy/MSW,T1118,AP37TD4869,On-site,29980.00,05-07-2025 03:43:25,10670.00,05-07-2025 03:50:27,19310.00,Legacy/MSW,Bethamcherla_AP37TD4869_20250705_034329_1st_front.jpg,Bethamcherla_AP37TD4869_20250705_034333_1st_back.jpg,Bethamcherla_AP37TD4869_20250705_035031_2nd_front.jpg,Bethamcherla_AP37TD4869_20250705_035034_2nd_back.jpg,Avijit Mondal,admin
05-07-2025,03:55:41,Bethamcherla,Saurashtra Enviro Projects Pvt. Ltd.,Legacy/MSW,T1119,ap26ta0434,On-site,28910.00,05-07-2025 03:45:19,10160.00,05-07-2025 03:55:29,18750.00,Legacy/MSW,Bethamcherla_ap26ta0434_20250705_034522_1st_front.jpg,Bethamcherla_ap26ta0434_20250705_034527_1st_back.jpg,Bethamcherla_ap26ta0434_20250705_035535_2nd_front.jpg,Bethamcherla_ap26ta0434_20250705_035538_2nd_back.jpg,Avijit Mondal,admin
05-07-2025,04:44:00,Bethamcherla,Saurashtra Enviro Projects Pvt. Ltd.,Legacy/MSW,T1120,ap21tb4935,On-site,26450.00,05-07-2025 04:07:49,10900.00,05-07-2025 04:43:48,15550.00,Legacy/MSW,Bethamcherla_ap21tb4935_20250705_040753_1st_front.jpg,Bethamcherla_ap21tb4935_20250705_040758_1st_back.jpg,Bethamcherla_ap21tb4935_20250705_044352_2nd_front.jpg,Bethamcherla_ap21tb4935_20250705_044356_2nd_back.jpg,Avijit Mondal,admin
05-07-2025,04:41:03,Bethamcherla,Saurashtra Enviro Projects Pvt. Ltd.,Legacy/MSW,T1121,AP37TD4869,On-site,26570.00,05-07-2025 04:12:58,10680.00,05-07-2025 04:40:52,15890.00,Legacy/MSW,Bethamcherla_AP37TD4869_20250705_041301_1st_front.jpg,Bethamcherla_AP37TD4869_20250705_041305_1st_back.jpg,Bethamcherla_AP37TD4869_20250705_044055_2nd_front.jpg,Bethamcherla_AP37TD4869_20250705_044059_2nd_back.jpg,Avijit Mondal,admin
05-07-2025,04:38:27,Bethamcherla,Saurashtra Enviro Projects Pvt. Ltd.,Legacy/MSW,T1122,ap26ta0434,On-site,28600.00,05-07-2025 04:20:24,10140.00,05-07-2025 04:38:13,18460.00,Legacy/MSW,Bethamcherla_ap26ta0434_20250705_042029_1st_front.jpg,Bethamcherla_ap26ta0434_20250705_042032_1st_back.jpg,Bethamcherla_ap26ta0434_20250705_043818_2nd_front.jpg,Bethamcherla_ap26ta0434_20250705_043823_2nd_back.jpg,Avijit Mondal,admin
05-07-2025,05:10:49,Bethamcherla,Saurashtra Enviro Projects Pvt. Ltd.,Legacy/MSW,T1123,AP37TD4869,On-site,28760.00,05-07-2025 05:05:34,10670.00,05-07-2025 05:10:38,18090.00,Legacy/MSW,Bethamcherla_AP37TD4869_20250705_050539_1st_front.jpg,Bethamcherla_AP37TD4869_20250705_050544_1st_back.jpg,Bethamcherla_AP37TD4869_20250705_051043_2nd_front.jpg,Bethamcherla_AP37TD4869_20250705_051046_2nd_back.jpg,Avijit Mondal,admin
05-07-2025,05:20:07,Bethamcherla,Saurashtra Enviro Projects Pvt. Ltd.,Legacy/MSW,T1124,AP21TB4935,On-site,27150.00,05-07-2025 05:12:39,10950.00,05-07-2025 05:19:56,16200.00,Legacy/MSW,Bethamcherla_AP21TB4935_20250705_051249_1st_front.jpg,Bethamcherla_AP21TB4935_20250705_051254_1st_back.jpg,Bethamcherla_AP21TB4935_20250705_052000_2nd_front.jpg,Bethamcherla_AP21TB4935_20250705_052004_2nd_back.jpg,Avijit Mondal,admin
05-07-2025,05:23:55,Bethamcherla,Saurashtra Enviro Projects Pvt. Ltd.,Legacy/MSW,T1125,ap26ta0434,On-site,26330.00,05-07-2025 05:18:04,10150.00,05-07-2025 05:23:43,16180.00,Legacy/MSW,Bethamcherla_ap26ta0434_20250705_051808_1st_front.jpg,Bethamcherla_ap26ta0434_20250705_051813_1st_back.jpg,Bethamcherla_ap26ta0434_20250705_052348_2nd_front.jpg,Bethamcherla_ap26ta0434_20250705_052352_2nd_back.jpg,Avijit Mondal,admin
05-07-2025,05:33:00,Bethamcherla,Saurashtra Enviro Projects Pvt. Ltd.,Legacy/MSW,T1126,AP37TD4869,On-site,26310.00,05-07-2025 05:28:17,10660.00,05-07-2025 05:32:43,15650.00,Legacy/MSW,Bethamcherla_AP37TD4869_20250705_052822_1st_front.jpg,Bethamcherla_AP37TD4869_20250705_052826_1st_back.jpg,Bethamcherla_AP37TD4869_20250705_053252_2nd_front.jpg,Bethamcherla_AP37TD4869_20250705_053257_2nd_back.jpg,Avijit Mondal,admin
05-07-2025,05:47:38,Bethamcherla,Saurashtra Enviro Projects Pvt. Ltd.,Legacy/MSW,T1127,AP21TB4935,On-site,29740.00,05-07-2025 05:42:01,10930.00,05-07-2025 05:47:27,18810.00,Legacy/MSW,Bethamcherla_AP21TB4935_20250705_054208_1st_front.jpg,Bethamcherla_AP21TB4935_20250705_054215_1st_back.jpg,Bethamcherla_AP21TB4935_20250705_054732_2nd_front.jpg,Bethamcherla_AP21TB4935_20250705_054735_2nd_back.jpg,Avijit Mondal,admin
05-07-2025,05:55:07,Bethamcherla,Saurashtra Enviro Projects Pvt. Ltd.,Legacy/MSW,T1128,AP37TD4869,On-site,28600.00,05-07-2025 05:48:59,10660.00,05-07-2025 05:54:51,17940.00,Legacy/MSW,Bethamcherla_AP37TD4869_20250705_054904_1st_front.jpg,Bethamcherla_AP37TD4869_20250705_054908_1st_back.jpg,Bethamcherla_AP37TD4869_20250705_055456_2nd_front.jpg,Bethamcherla_AP37TD4869_20250705_055500_2nd_back.jpg,Avijit Mondal,admin
05-07-2025,09:14:20,Bethamcherla,Saurashtra Enviro Projects Pvt. Ltd.,Legacy/MSW,T1129,AP37TD4869,On-site,29450.00,05-07-2025 09:08:36,10640.00,05-07-2025 09:14:13,18810.00,Legacy/MSW,Bethamcherla_AP37TD4869_20250705_090842_1st_front.jpg,Bethamcherla_AP37TD4869_20250705_090844_1st_back.jpg,Bethamcherla_AP37TD4869_20250705_091416_2nd_front.jpg,Bethamcherla_AP37TD4869_20250705_091418_2nd_back.jpg,Avijit Mondal,admin
05-07-2025,09:16:04,Bethamcherla,Saurashtra Enviro Projects Pvt. Ltd.,Legacy/MSW,T1130,AP27TW7569,On-site,28210.00,05-07-2025 09:10:00,10860.00,05-07-2025 09:15:55,17350.00,Legacy/MSW,Bethamcherla_AP27TW7569_20250705_091006_1st_front.jpg,Bethamcherla_AP27TW7569_20250705_091011_1st_back.jpg,Bethamcherla_AP27TW7569_20250705_091559_2nd_front.jpg,Bethamcherla_AP27TW7569_20250705_091601_2nd_back.jpg,Avijit Mondal,admin
05-07-2025,10:49:42,Bethamcherla,Saurashtra Enviro Projects Pvt. Ltd.,Soil,T1131,AP28TC8081,On-site,29560.00,05-07-2025 10:06:20,11120.00,05-07-2025 10:49:32,18440.00,Soil,Bethamcherla_AP28TC8081_20250705_100625_1st_front.jpg,Bethamcherla_AP28TC8081_20250705_100627_1st_back.jpg,Bethamcherla_AP28TC8081_20250705_104936_2nd_front.jpg,Bethamcherla_AP28TC8081_20250705_104939_2nd_back.jpg,Avijit Mondal,admin
05-07-2025,10:48:03,Bethamcherla,Saurashtra Enviro Projects Pvt. Ltd.,Soil,T1132,AP37TD4869,On-site,29300.00,05-07-2025 10:10:29,10630.00,05-07-2025 10:47:33,18670.00,Soil,Bethamcherla_AP37TD4869_20250705_101037_1st_front.jpg,Bethamcherla_AP37TD4869_20250705_101040_1st_back.jpg,Bethamcherla_AP37TD4869_20250705_104755_2nd_front.jpg,Bethamcherla_AP37TD4869_20250705_104758_2nd_back.jpg,Avijit Mondal,admin
05-07-2025,10:55:00,Bethamcherla,Saurashtra Enviro Projects Pvt. Ltd.,Soil,T1133,AP27TW7569,On-site,29190.00,05-07-2025 10:16:03,10840.00,05-07-2025 10:54:50,18350.00,Soil,Bethamcherla_AP27TW7569_20250705_101607_1st_front.jpg,Bethamcherla_AP27TW7569_20250705_101609_1st_back.jpg,Bethamcherla_AP27TW7569_20250705_105454_2nd_front.jpg,Bethamcherla_AP27TW7569_20250705_105457_2nd_back.jpg,Avijit Mondal,admin
05-07-2025,11:05:58,Bethamcherla,Saurashtra Enviro Projects Pvt. Ltd.,Soil,T1134,AP26TA0434,On-site,28070.00,05-07-2025 10:20:57,10050.00,05-07-2025 11:05:47,18020.00,Soil,Bethamcherla_AP26TA0434_20250705_102101_1st_front.jpg,Bethamcherla_AP26TA0434_20250705_102104_1st_back.jpg,Bethamcherla_AP26TA0434_20250705_110550_2nd_front.jpg,Bethamcherla_AP26TA0434_20250705_110553_2nd_back.jpg,Avijit Mondal,admin
05-07-2025,15:09:10,Bethamcherla,Saurashtra Enviro Projects Pvt. Ltd.,Soil,T1135,AP37TD4869,On-site,30410.00,05-07-2025 10:57:53,10560.00,05-07-2025 15:09:00,19850.00,Soil,Bethamcherla_AP37TD4869_20250705_105758_1st_front.jpg,Bethamcherla_AP37TD4869_20250705_105804_1st_back.jpg,Bethamcherla_AP37TD4869_20250705_150904_2nd_front.jpg,Bethamcherla_AP37TD4869_20250705_150906_2nd_back.jpg,Avijit Mondal,admin
05-07-2025,15:01:05,Bethamcherla,Saurashtra Enviro Projects Pvt. Ltd.,Soil,T1136,AP28TC8081,On-site,29360.00,05-07-2025 11:02:37,11130.00,05-07-2025 15:01:02,18230.00,Soil,Bethamcherla_AP28TC8081_20250705_110241_1st_front.jpg,Bethamcherla_AP28TC8081_20250705_110244_1st_back.jpg,,,Avijit Mondal,admin
05-07-2025,15:07:23,Bethamcherla,Saurashtra Enviro Projects Pvt. Ltd.,Soil,T1137,AP27TW7569,On-site,31140.00,05-07-2025 11:06:58,10510.00,05-07-2025 15:07:12,20630.00,Soil,Bethamcherla_AP27TW7569_20250705_110702_1st_front.jpg,Bethamcherla_AP27TW7569_20250705_110704_1st_back.jpg,Bethamcherla_AP27TW7569_20250705_150717_2nd_front.jpg,Bethamcherla_AP27TW7569_20250705_150719_2nd_back.jpg,Avijit Mondal,admin
05-07-2025,15:04:07,Bethamcherla,Saurashtra Enviro Projects Pvt. Ltd.,Soil,T1138,AP26TA0434,On-site,28420.00,05-07-2025 11:14:35,10110.00,05-07-2025 15:03:57,18310.00,Soil,Bethamcherla_AP26TA0434_20250705_111439_1st_front.jpg,Bethamcherla_AP26TA0434_20250705_111442_1st_back.jpg,Bethamcherla_AP26TA0434_20250705_150401_2nd_front.jpg,Bethamcherla_AP26TA0434_20250705_150403_2nd_back.jpg,Avijit Mondal,admin
05-07-2025,12:22:45,Bethamcherla,Saurashtra Enviro Projects Pvt. Ltd.,Soil,T1139,AP37TD4869,On-site,30020.00,05-07-2025 11:46:03,10560.00,05-07-2025 12:22:36,19460.00,Soil,Bethamcherla_AP37TD4869_20250705_114607_1st_front.jpg,Bethamcherla_AP37TD4869_20250705_114609_1st_back.jpg,Bethamcherla_AP37TD4869_20250705_122240_2nd_front.jpg,Bethamcherla_AP37TD4869_20250705_122242_2nd_back.jpg,Avijit Mondal,admin
05-07-2025,12:24:12,Bethamcherla,Saurashtra Enviro Projects Pvt. Ltd.,Soil,T1140,AP28TC8081,On-site,29950.00,05-07-2025 11:51:45,11120.00,05-07-2025 12:24:04,18830.00,Soil,Bethamcherla_AP28TC8081_20250705_115149_1st_front.jpg,Bethamcherla_AP28TC8081_20250705_115151_1st_back.jpg,Bethamcherla_AP28TC8081_20250705_122407_2nd_front.jpg,Bethamcherla_AP28TC8081_20250705_122409_2nd_back.jpg,Avijit Mondal,admin
05-07-2025,12:30:51,Bethamcherla,Saurashtra Enviro Projects Pvt. Ltd.,Soil,T1141,AP27TW7569,On-site,29980.00,05-07-2025 11:56:57,10870.00,05-07-2025 12:30:43,19110.00,Soil,Bethamcherla_AP27TW7569_20250705_115700_1st_front.jpg,Bethamcherla_AP27TW7569_20250705_115703_1st_back.jpg,Bethamcherla_AP27TW7569_20250705_123046_2nd_front.jpg,Bethamcherla_AP27TW7569_20250705_123048_2nd_back.jpg,Avijit Mondal,admin
05-07-2025,12:32:20,Bethamcherla,Saurashtra Enviro Projects Pvt. Ltd.,Soil,T1142,AP 26 TA 0434,On-site,28420.00,05-07-2025 12:02:09,10100.00,05-07-2025 12:32:11,18320.00,Soil,Bethamcherla_AP_26_TA_0434_20250705_120212_1st_front.jpg,Bethamcherla_AP_26_TA_0434_20250705_120215_1st_back.jpg,Bethamcherla_AP_26_TA_0434_20250705_123214_2nd_front.jpg,Bethamcherla_AP_26_TA_0434_20250705_123216_2nd_back.jpg,Avijit Mondal,admin
05-07-2025,13:10:10,Bethamcherla,Saurashtra Enviro Projects Pvt. Ltd.,Soil,T1143,AP37TD4869,On-site,29650.00,05-07-2025 12:36:17,10560.00,05-07-2025 13:10:03,19090.00,Soil,Bethamcherla_AP37TD4869_20250705_123621_1st_front.jpg,Bethamcherla_AP37TD4869_20250705_123623_1st_back.jpg,Bethamcherla_AP37TD4869_20250705_131006_2nd_front.jpg,Bethamcherla_AP37TD4869_20250705_131008_2nd_back.jpg,Avijit Mondal,admin
05-07-2025,13:11:29,Bethamcherla,Saurashtra Enviro Projects Pvt. Ltd.,Soil,T1144,AP27TW7569,On-site,29270.00,05-07-2025 12:41:27,11040.00,05-07-2025 13:11:21,18230.00,Soil,Bethamcherla_AP27TW7569_20250705_124130_1st_front.jpg,Bethamcherla_AP27TW7569_20250705_124133_1st_back.jpg,Bethamcherla_AP27TW7569_20250705_131124_2nd_front.jpg,Bethamcherla_AP27TW7569_20250705_131126_2nd_back.jpg,Avijit Mondal,admin
05-07-2025,14:53:51,Bethamcherla,Saurashtra Enviro Projects Pvt. Ltd.,Soil,T1145,ap26ta0434,On-site,27730.00,05-07-2025 14:08:12,10070.00,05-07-2025 14:53:40,17660.00,Soil,Bethamcherla_ap26ta0434_20250705_140815_1st_front.jpg,Bethamcherla_ap26ta0434_20250705_140818_1st_back.jpg,Bethamcherla_ap26ta0434_20250705_145345_2nd_front.jpg,Bethamcherla_ap26ta0434_20250705_145347_2nd_back.jpg,Avijit Mondal,admin
05-07-2025,14:52:32,Bethamcherla,Saurashtra Enviro Projects Pvt. Ltd.,Soil,T1146,AP28TC8081,On-site,28010.00,05-07-2025 14:16:31,11110.00,05-07-2025 14:52:24,16900.00,Soil,Bethamcherla_AP28TC8081_20250705_141633_1st_front.jpg,Bethamcherla_AP28TC8081_20250705_141637_1st_back.jpg,Bethamcherla_AP28TC8081_20250705_145226_2nd_front.jpg,Bethamcherla_AP28TC8081_20250705_145229_2nd_back.jpg,Avijit Mondal,admin
05-07-2025,14:55:47,Bethamcherla,Saurashtra Enviro Projects Pvt. Ltd.,Soil,T1147,AP37TD4869,On-site,28500.00,05-07-2025 14:23:55,10540.00,05-07-2025 14:55:39,17960.00,Soil,Bethamcherla_AP37TD4869_20250705_142358_1st_front.jpg,Bethamcherla_AP37TD4869_20250705_142401_1st_back.jpg,Bethamcherla_AP37TD4869_20250705_145542_2nd_front.jpg,Bethamcherla_AP37TD4869_20250705_145544_2nd_back.jpg,Avijit Mondal,admin
05-07-2025,14:52:32,Bethamcherla,Saurashtra Enviro Projects Pvt. Ltd.,Soil,T1148,AP27TW7569,On-site,28060.00,05-07-2025 14:16:31,11110.00,05-07-2025 14:52:24,17500.00,Soil,,,,,Avijit Mondal,admin
05-07-2025,14:55:47,Bethamcherla,Saurashtra Enviro Projects Pvt. Ltd.,Soil,T1149,AP 26 TA 0434,On-site,28450.00,05-07-2025 14:23:55,10540.00,05-07-2025 14:55:39,17910.00,Soil,,,,,Avijit Mondal,admin
05-07-2025,15:37:14,Bethamcherla,Saurashtra Enviro Projects Pvt. Ltd.,Soil,T1150,AP28TC8081,On-site,28310.00,05-07-2025 15:01:18,11120.00,05-07-2025 15:36:59,17190.00,Soil,Bethamcherla_AP28TC8081_20250705_150121_1st_front.jpg,Bethamcherla_AP28TC8081_20250705_150125_1st_back.jpg,Bethamcherla_AP28TC8081_20250705_153708_2nd_front.jpg,Bethamcherla_AP28TC8081_20250705_153711_2nd_back.jpg,Avijit Mondal,admin
05-07-2025,15:38:55,Bethamcherla,Saurashtra Enviro Projects Pvt. Ltd.,Soil,T1151,AP26TA0434,On-site,28210.00,05-07-2025 15:04:22,10110.00,05-07-2025 15:38:45,18100.00,Soil,Bethamcherla_AP26TA0434_20250705_150426_1st_front.jpg,Bethamcherla_AP26TA0434_20250705_150429_1st_back.jpg,Bethamcherla_AP26TA0434_20250705_153849_2nd_front.jpg,Bethamcherla_AP26TA0434_20250705_153852_2nd_back.jpg,Avijit Mondal,admin
05-07-2025,15:41:33,Bethamcherla,Saurashtra Enviro Projects Pvt. Ltd.,Soil,T1152,AP21TB4935,On-site,28660.00,05-07-2025 15:08:41,10860.00,05-07-2025 15:41:24,17800.00,Soil,Bethamcherla_AP21TB4935_20250705_150844_1st_front.jpg,Bethamcherla_AP21TB4935_20250705_150846_1st_back.jpg,Bethamcherla_AP21TB4935_20250705_154129_2nd_front.jpg,Bethamcherla_AP21TB4935_20250705_154131_2nd_back.jpg,Avijit Mondal,admin
05-07-2025,15:40:46,Bethamcherla,Saurashtra Enviro Projects Pvt. Ltd.,Soil,T1153,AP27TW7569,On-site,28370.00,05-07-2025 15:13:53,11010.00,05-07-2025 15:40:34,17360.00,Soil,Bethamcherla_AP27TW7569_20250705_151356_1st_front.jpg,Bethamcherla_AP27TW7569_20250705_151358_1st_back.jpg,Bethamcherla_AP27TW7569_20250705_154039_2nd_front.jpg,Bethamcherla_AP27TW7569_20250705_154043_2nd_back.jpg,Avijit Mondal,admin
05-07-2025,15:46:36,Bethamcherla,Saurashtra Enviro Projects Pvt. Ltd.,Soil,T1154,AP37TD4869,On-site,29590.00,05-07-2025 15:18:48,10570.00,05-07-2025 15:46:26,19020.00,Soil,Bethamcherla_AP37TD4869_20250705_151852_1st_front.jpg,Bethamcherla_AP37TD4869_20250705_151855_1st_back.jpg,Bethamcherla_AP37TD4869_20250705_154630_2nd_front.jpg,Bethamcherla_AP37TD4869_20250705_154632_2nd_back.jpg,Avijit Mondal,admin
05-07-2025,16:31:33,Bethamcherla,Saurashtra Enviro Projects Pvt. Ltd.,Soil,T1155,AP28TC8081,On-site,28310.00,05-07-2025 15:47:47,11110.00,05-07-2025 16:31:25,17200.00,Soil,Bethamcherla_AP28TC8081_20250705_154751_1st_front.jpg,Bethamcherla_AP28TC8081_20250705_154753_1st_back.jpg,Bethamcherla_AP28TC8081_20250705_163128_2nd_front.jpg,Bethamcherla_AP28TC8081_20250705_163131_2nd_back.jpg,Avijit Mondal,admin
05-07-2025,16:35:10,Bethamcherla,Saurashtra Enviro Projects Pvt. Ltd.,Soil,T1156,AP26TA0434,On-site,30220.00,05-07-2025 15:52:28,10050.00,05-07-2025 16:35:03,20170.00,Soil,Bethamcherla_AP26TA0434_20250705_155231_1st_front.jpg,Bethamcherla_AP26TA0434_20250705_155234_1st_back.jpg,Bethamcherla_AP26TA0434_20250705_163505_2nd_front.jpg,Bethamcherla_AP26TA0434_20250705_163508_2nd_back.jpg,Avijit Mondal,admin
05-07-2025,16:34:16,Bethamcherla,Saurashtra Enviro Projects Pvt. Ltd.,Soil,T1157,AP37TD4869,On-site,28740.00,05-07-2025 15:59:03,10560.00,05-07-2025 16:34:07,18180.00,Soil,Bethamcherla_AP37TD4869_20250705_155907_1st_front.jpg,Bethamcherla_AP37TD4869_20250705_155909_1st_back.jpg,Bethamcherla_AP37TD4869_20250705_163410_2nd_front.jpg,Bethamcherla_AP37TD4869_20250705_163413_2nd_back.jpg,Avijit Mondal,admin
05-07-2025,16:37:14,Bethamcherla,Saurashtra Enviro Projects Pvt. Ltd.,Soil,T1158,ap21tb4935,On-site,29470.00,05-07-2025 16:06:07,10860.00,05-07-2025 16:37:06,18610.00,Soil,Bethamcherla_ap21tb4935_20250705_160611_1st_front.jpg,Bethamcherla_ap21tb4935_20250705_160614_1st_back.jpg,Bethamcherla_ap21tb4935_20250705_163708_2nd_front.jpg,Bethamcherla_ap21tb4935_20250705_163712_2nd_back.jpg,Avijit Mondal,admin
05-07-2025,16:43:35,Bethamcherla,Saurashtra Enviro Projects Pvt. Ltd.,Soil,T1159,AP27TW7569,On-site,30520.00,05-07-2025 16:12:12,10970.00,05-07-2025 16:43:23,19550.00,Soil,Bethamcherla_AP27TW7569_20250705_161215_1st_front.jpg,Bethamcherla_AP27TW7569_20250705_161220_1st_back.jpg,Bethamcherla_AP27TW7569_20250705_164326_2nd_front.jpg,Bethamcherla_AP27TW7569_20250705_164329_2nd_back.jpg,Avijit Mondal,admin
05-07-2025,18:04:50,Bethamcherla,Saurashtra Enviro Projects Pvt. Ltd.,Soil,T1160,AP28TC8081,On-site,31280.00,05-07-2025 16:44:39,11100.00,05-07-2025 18:04:37,20180.00,Soil,Bethamcherla_AP28TC8081_20250705_164442_1st_front.jpg,Bethamcherla_AP28TC8081_20250705_164445_1st_back.jpg,Bethamcherla_AP28TC8081_20250705_180443_2nd_front.jpg,Bethamcherla_AP28TC8081_20250705_180446_2nd_back.jpg,Avijit Mondal,admin
05-07-2025,18:13:37,Bethamcherla,Saurashtra Enviro Projects Pvt. Ltd.,Soil,T1161,AP37TD4869,On-site,29880.00,05-07-2025 16:50:13,10570.00,05-07-2025 18:13:27,19310.00,Soil,Bethamcherla_AP37TD4869_20250705_165018_1st_front.jpg,Bethamcherla_AP37TD4869_20250705_165022_1st_back.jpg,Bethamcherla_AP37TD4869_20250705_181330_2nd_front.jpg,Bethamcherla_AP37TD4869_20250705_181334_2nd_back.jpg,Avijit Mondal,admin
05-07-2025,18:10:15,Bethamcherla,Saurashtra Enviro Projects Pvt. Ltd.,Soil,T1162,AP 26 TA 0434,On-site,29940.00,05-07-2025 16:59:36,10040.00,05-07-2025 18:10:06,19900.00,Soil,Bethamcherla_AP_26_TA_0434_20250705_165941_1st_front.jpg,Bethamcherla_AP_26_TA_0434_20250705_165946_1st_back.jpg,Bethamcherla_AP_26_TA_0434_20250705_181009_2nd_front.jpg,Bethamcherla_AP_26_TA_0434_20250705_181012_2nd_back.jpg,Avijit Mondal,admin
05-07-2025,18:29:40,Bethamcherla,Saurashtra Enviro Projects Pvt. Ltd.,Soil,T1163,AP21TB4935,On-site,32460.00,05-07-2025 17:06:42,10780.00,05-07-2025 18:29:30,21680.00,Soil,Bethamcherla_AP21TB4935_20250705_170645_1st_front.jpg,Bethamcherla_AP21TB4935_20250705_170649_1st_back.jpg,Bethamcherla_AP21TB4935_20250705_182934_2nd_front.jpg,Bethamcherla_AP21TB4935_20250705_182937_2nd_back.jpg,Avijit Mondal,admin
05-07-2025,18:31:27,Bethamcherla,Saurashtra Enviro Projects Pvt. Ltd.,Soil,T1164,AP27TW7569,On-site,31930.00,05-07-2025 17:15:35,10970.00,05-07-2025 18:31:16,20960.00,Soil,Bethamcherla_AP27TW7569_20250705_171538_1st_front.jpg,Bethamcherla_AP27TW7569_20250705_171541_1st_back.jpg,Bethamcherla_AP27TW7569_20250705_183120_2nd_front.jpg,Bethamcherla_AP27TW7569_20250705_183125_2nd_back.jpg,Avijit Mondal,admin
05-07-2025,19:43:56,Bethamcherla,Saurashtra Enviro Projects Pvt. Ltd.,Soil,T1165,AP 26 TA 0434,On-site,27280.00,05-07-2025 19:09:06,10030.00,05-07-2025 19:43:46,17250.00,Soil,Bethamcherla_AP_26_TA_0434_20250705_190909_1st_front.jpg,Bethamcherla_AP_26_TA_0434_20250705_190913_1st_back.jpg,Bethamcherla_AP_26_TA_0434_20250705_194350_2nd_front.jpg,Bethamcherla_AP_26_TA_0434_20250705_194352_2nd_back.jpg,Avijit Mondal,admin
05-07-2025,21:47:25,Bethamcherla,Saurashtra Enviro Projects Pvt. Ltd.,Soil,T1166,AP28TC8081,On-site,28080.00,05-07-2025 21:20:13,11080.00,05-07-2025 21:47:14,17000.00,Soil,Bethamcherla_AP28TC8081_20250705_212017_1st_front.jpg,Bethamcherla_AP28TC8081_20250705_212021_1st_back.jpg,Bethamcherla_AP28TC8081_20250705_214718_2nd_front.jpg,Bethamcherla_AP28TC8081_20250705_214722_2nd_back.jpg,Avijit Mondal,admin
05-07-2025,21:55:29,Bethamcherla,Saurashtra Enviro Projects Pvt. Ltd.,Soil,T1167,ap26ta0434,On-site,26850.00,05-07-2025 21:26:22,10050.00,05-07-2025 21:55:04,16800.00,Soil,Bethamcherla_ap26ta0434_20250705_212629_1st_front.jpg,Bethamcherla_ap26ta0434_20250705_212632_1st_back.jpg,Bethamcherla_ap26ta0434_20250705_215521_2nd_front.jpg,Bethamcherla_ap26ta0434_20250705_215525_2nd_back.jpg,Avijit Mondal,admin
05-07-2025,21:56:59,Bethamcherla,Saurashtra Enviro Projects Pvt. Ltd.,Soil,T1168,ap21tb4935,On-site,24950.00,05-07-2025 21:34:15,10810.00,05-07-2025 21:56:46,14140.00,Soil,Bethamcherla_ap21tb4935_20250705_213421_1st_front.jpg,Bethamcherla_ap21tb4935_20250705_213429_1st_back.jpg,Bethamcherla_ap21tb4935_20250705_215651_2nd_front.jpg,Bethamcherla_ap21tb4935_20250705_215655_2nd_back.jpg,Avijit Mondal,admin
05-07-2025,21:58:25,Bethamcherla,Saurashtra Enviro Projects Pvt. Ltd.,Soil,T1169,AP27TW7569,On-site,26000.00,05-07-2025 21:40:12,10960.00,05-07-2025 21:58:10,15040.00,Soil,Bethamcherla_AP27TW7569_20250705_214017_1st_front.jpg,Bethamcherla_AP27TW7569_20250705_214022_1st_back.jpg,Bethamcherla_AP27TW7569_20250705_215816_2nd_front.jpg,Bethamcherla_AP27TW7569_20250705_215821_2nd_back.jpg,Avijit Mondal,admin
05-07-2025,22:29:55,Bethamcherla,Saurashtra Enviro Projects Pvt. Ltd.,Soil,T1170,AP28TC8081,On-site,28020.00,05-07-2025 22:06:40,11080.00,05-07-2025 22:29:45,16940.00,Soil,Bethamcherla_AP28TC8081_20250705_220645_1st_front.jpg,Bethamcherla_AP28TC8081_20250705_220648_1st_back.jpg,Bethamcherla_AP28TC8081_20250705_222949_2nd_front.jpg,Bethamcherla_AP28TC8081_20250705_222952_2nd_back.jpg,Avijit Mondal,admin
05-07-2025,22:31:05,Bethamcherla,Saurashtra Enviro Projects Pvt. Ltd.,Soil,T1171,AP 26 TA 0434,On-site,29440.00,05-07-2025 22:12:55,10050.00,05-07-2025 22:30:55,19390.00,Soil,Bethamcherla_AP_26_TA_0434_20250705_221259_1st_front.jpg,Bethamcherla_AP_26_TA_0434_20250705_221303_1st_back.jpg,Bethamcherla_AP_26_TA_0434_20250705_223059_2nd_front.jpg,Bethamcherla_AP_26_TA_0434_20250705_223102_2nd_back.jpg,Avijit Mondal,admin
05-07-2025,22:43:21,Bethamcherla,Saurashtra Enviro Projects Pvt. Ltd.,Soil,T1172,ap21tb4935,On-site,26960.00,05-07-2025 22:27:51,10800.00,05-07-2025 22:43:12,16160.00,Soil,Bethamcherla_ap21tb4935_20250705_222755_1st_front.jpg,Bethamcherla_ap21tb4935_20250705_222759_1st_back.jpg,Bethamcherla_ap21tb4935_20250705_224315_2nd_front.jpg,Bethamcherla_ap21tb4935_20250705_224318_2nd_back.jpg,Avijit Mondal,admin
05-07-2025,22:50:52,Bethamcherla,Saurashtra Enviro Projects Pvt. Ltd.,Soil,T1173,AP27TW7569,On-site,27810.00,05-07-2025 22:35:41,11000.00,05-07-2025 22:50:39,16810.00,Soil,Bethamcherla_AP27TW7569_20250705_223545_1st_front.jpg,Bethamcherla_AP27TW7569_20250705_223548_1st_back.jpg,Bethamcherla_AP27TW7569_20250705_225043_2nd_front.jpg,Bethamcherla_AP27TW7569_20250705_225047_2nd_back.jpg,Avijit Mondal,admin
05-07-2025,23:05:25,Bethamcherla,Saurashtra Enviro Projects Pvt. Ltd.,Soil,T1174,AP28TC8081,On-site,27100.00,05-07-2025 22:41:19,11080.00,05-07-2025 23:05:12,16020.00,Soil,Bethamcherla_AP28TC8081_20250705_224124_1st_front.jpg,Bethamcherla_AP28TC8081_20250705_224130_1st_back.jpg,Bethamcherla_AP28TC8081_20250705_230516_2nd_front.jpg,Bethamcherla_AP28TC8081_20250705_230522_2nd_back.jpg,Avijit Mondal,admin
05-07-2025,23:02:10,Bethamcherla,Saurashtra Enviro Projects Pvt. Ltd.,Inert,T1175,AP26TA0434,On-site,25290.00,05-07-2025 23:01:46,10100.00,05-07-2025 23:01:54,15190.00,Inert,,,Bethamcherla_AP26TA0434_20250705_230201_2nd_front.jpg,Bethamcherla_AP26TA0434_20250705_230205_2nd_back.jpg,Avijit Mondal,admin
05-07-2025,23:17:25,Bethamcherla,Saurashtra Enviro Projects Pvt. Ltd.,Inert,T1176,ap26ta0434,On-site,25290.00,05-07-2025 23:02:50,10030.00,05-07-2025 23:17:15,15260.00,Inert,Bethamcherla_ap26ta0434_20250705_230254_1st_front.jpg,Bethamcherla_ap26ta0434_20250705_230301_1st_back.jpg,Bethamcherla_ap26ta0434_20250705_231718_2nd_front.jpg,Bethamcherla_ap26ta0434_20250705_231722_2nd_back.jpg,Avijit Mondal,admin
05-07-2025,23:24:36,Bethamcherla,Saurashtra Enviro Projects Pvt. Ltd.,Soil,T1177,ap21tb4935,On-site,25440.00,05-07-2025 23:08:31,10770.00,05-07-2025 23:24:22,14670.00,Soil,Bethamcherla_ap21tb4935_20250705_230836_1st_front.jpg,Bethamcherla_ap21tb4935_20250705_230840_1st_back.jpg,Bethamcherla_ap21tb4935_20250705_232427_2nd_front.jpg,Bethamcherla_ap21tb4935_20250705_232432_2nd_back.jpg,Avijit Mondal,admin
05-07-2025,23:29:07,Bethamcherla,Saurashtra Enviro Projects Pvt. Ltd.,Soil,T1178,AP27TW7569,On-site,26100.00,05-07-2025 23:14:32,10970.00,05-07-2025 23:28:55,15130.00,Soil,Bethamcherla_AP27TW7569_20250705_231436_1st_front.jpg,Bethamcherla_AP27TW7569_20250705_231440_1st_back.jpg,Bethamcherla_AP27TW7569_20250705_232859_2nd_front.jpg,Bethamcherla_AP27TW7569_20250705_232904_2nd_back.jpg,Avijit Mondal,admin
05-07-2025,23:21:29,Bethamcherla,Saurashtra Enviro Projects Pvt. Ltd.,Inert,T1179,AP28TC8081,On-site,24300.00,05-07-2025 23:20:51,10200.00,05-07-2025 23:21:14,14100.00,Inert,,,Bethamcherla_AP28TC8081_20250705_232119_2nd_front.jpg,Bethamcherla_AP28TC8081_20250705_232124_2nd_back.jpg,Avijit Mondal,admin
05-07-2025,23:52:01,Bethamcherla,Saurashtra Enviro Projects Pvt. Ltd.,Inert,T1180,AP28TC8081,On-site,24370.00,05-07-2025 23:22:41,11050.00,05-07-2025 23:51:50,13320.00,Inert,Bethamcherla_AP28TC8081_20250705_232247_1st_front.jpg,Bethamcherla_AP28TC8081_20250705_232253_1st_back.jpg,Bethamcherla_AP28TC8081_20250705_235154_2nd_front.jpg,Bethamcherla_AP28TC8081_20250705_235158_2nd_back.jpg,Avijit Mondal,admin
05-07-2025,23:58:07,Bethamcherla,Saurashtra Enviro Projects Pvt. Ltd.,Inert,T1181,AP26TA0434,On-site,24290.00,05-07-2025 23:26:06,10020.00,05-07-2025 23:57:56,14270.00,Inert,Bethamcherla_AP26TA0434_20250705_232611_1st_front.jpg,Bethamcherla_AP26TA0434_20250705_232615_1st_back.jpg,Bethamcherla_AP26TA0434_20250705_235800_2nd_front.jpg,Bethamcherla_AP26TA0434_20250705_235803_2nd_back.jpg,Avijit Mondal,admin
05-07-2025,23:31:57,Bethamcherla,Saurashtra Enviro Projects Pvt. Ltd.,Inert,T1182,ap21tb4935,On-site,26560.00,05-07-2025 23:31:41,10500.00,05-07-2025 23:31:45,16060.00,Inert,,,Bethamcherla_ap21tb4935_20250705_233149_2nd_front.jpg,Bethamcherla_ap21tb4935_20250705_233152_2nd_back.jpg,Avijit Mondal,admin
2025-07-06,3:07:59,Bethamcherla,Nandyal,Saurashtra Enviro Projects Pvt. Ltd.,Inert,T1202,AP 26 TA 0434,On-site,24950,06-07-2025 2:48:13,10010,06-07-2025 3:07:48,14940,Inert,Bethamcherla_AP_26_TA_0434_20250706_024819_1st_front.jpg,Bethamcherla_AP_26_TA_0434_20250706_024823_1st_back.jpg,Bethamcherla_AP_26_TA_0434_20250706_030753_2nd_front.jpg,Bethamcherla_AP_26_TA_0434_20250706_030756_2nd_back.jpg,Avijit Mondal,admin,2025-07-06 3:07:59,complete,14940,Saurashtra_Enviro_Projects_Pvt._Ltd./Bethamcherla/2025-07-06/json_backups/Saurashtra_Enviro_Projects_Pvt._Ltd./Bethamcherla/T1202/20250706_030759.json,2025-07-07 3:50:03,Saurashtra_Enviro_Projects_Pvt._Ltd./Bethamcherla
2025-07-06,16:58:17,Bethamcherla,Nandyal,Saurashtra Enviro Projects Pvt. Ltd.,Soil,T1261,AP28TC8081,On-site,28950,06-07-2025 16:16:09,10520,06-07-2025 16:58:08,18430,Soil,Bethamcherla_AP28TC8081_20250706_161615_1st_front.jpg,Bethamcherla_AP28TC8081_20250706_161617_1st_back.jpg,Bethamcherla_AP28TC8081_20250706_165813_2nd_front.jpg,Bethamcherla_AP28TC8081_20250706_165815_2nd_back.jpg,Avijit Mondal,admin,2025-07-06 16:58:29,complete,28950,Saurashtra_Enviro_Projects_Pvt._Ltd./Bethamcherla/2025-07-06/json_backups/Saurashtra_Enviro_Projects_Pvt._Ltd./Bethamcherla/T1261/20250706_165829.json,2025-07-07 3:50:03,Saurashtra_Enviro_Projects_Pvt._Ltd./Bethamcherla
2025-07-06,17:33:26,Bethamcherla,Nandyal,Saurashtra Enviro Projects Pvt. Ltd.,Soil,T1265,AP27TW7569,On-site,29110,06-07-2025 17:13:14,10680,06-07-2025 17:33:15,18430,Soil,Bethamcherla_AP27TW7569_20250706_171319_1st_front.jpg,Bethamcherla_AP27TW7569_20250706_171322_1st_back.jpg,Bethamcherla_AP27TW7569_20250706_173319_2nd_front.jpg,Bethamcherla_AP27TW7569_20250706_173323_2nd_back.jpg,Avijit Mondal,admin,2025-07-06 17:33:27,complete,18430,Saurashtra_Enviro_Projects_Pvt._Ltd./Bethamcherla/2025-07-06/json_backups/Saurashtra_Enviro_Projects_Pvt._Ltd./Bethamcherla/T1265/20250706_173327.json,2025-07-07 3:50:03,Saurashtra_Enviro_Projects_Pvt._Ltd./Bethamcherla
2025-07-06,3:04:33,Bethamcherla,Nandyal,Saurashtra Enviro Projects Pvt. Ltd.,Inert,T1200,AP21TB4935,On-site,23990,06-07-2025 2:32:22,10750,06-07-2025 3:04:22,13240,Inert,Bethamcherla_AP21TB4935_20250706_023227_1st_front.jpg,Bethamcherla_AP21TB4935_20250706_023231_1st_back.jpg,Bethamcherla_AP21TB4935_20250706_030426_2nd_front.jpg,Bethamcherla_AP21TB4935_20250706_030430_2nd_back.jpg,Avijit Mondal,admin,2025-07-06 3:04:34,complete,13240,Saurashtra_Enviro_Projects_Pvt._Ltd./Bethamcherla/2025-07-06/json_backups/Saurashtra_Enviro_Projects_Pvt._Ltd./Bethamcherla/T1200/20250706_030434.json,2025-07-07 3:50:03,Saurashtra_Enviro_Projects_Pvt._Ltd./Bethamcherla
2025-07-06,13:20:58,Bethamcherla,Nandyal,Saurashtra Enviro Projects Pvt. Ltd.,Legacy/MSW,T1248,AP28TC8081,On-site,29970,06-07-2025 13:16:34,11030,06-07-2025 13:20:49,18940,Legacy/MSW,Bethamcherla_AP28TC8081_20250706_131640_1st_front.jpg,Bethamcherla_AP28TC8081_20250706_131643_1st_back.jpg,Bethamcherla_AP28TC8081_20250706_132052_2nd_front.jpg,Bethamcherla_AP28TC8081_20250706_132055_2nd_back.jpg,Avijit Mondal,admin,2025-07-06 13:20:58,complete,18940,Saurashtra_Enviro_Projects_Pvt._Ltd./Bethamcherla/2025-07-06/json_backups/Saurashtra_Enviro_Projects_Pvt._Ltd./Bethamcherla/T1248/20250706_132058.json,2025-07-07 3:50:04,Saurashtra_Enviro_Projects_Pvt._Ltd./Bethamcherla
2025-07-06,21:23:39,Bethamcherla,Nandyal,Saurashtra Enviro Projects Pvt. Ltd.,Legacy/MSW,T1282,AP28TC8081,On-site,29500,06-07-2025 21:06:37,11555,06-07-2025 21:23:30,17945,Legacy/MSW,Bethamcherla_AP28TC8081_20250706_210640_1st_front.jpg,Bethamcherla_AP28TC8081_20250706_210643_1st_back.jpg,Bethamcherla_AP28TC8081_20250706_212333_2nd_front.jpg,Bethamcherla_AP28TC8081_20250706_212335_2nd_back.jpg,Avijit Mondal,admin,2025-07-06 21:23:39,complete,29500,Saurashtra_Enviro_Projects_Pvt._Ltd./Bethamcherla/2025-07-06/json_backups/Saurashtra_Enviro_Projects_Pvt._Ltd./Bethamcherla/T1282/20250706_212339.json,2025-07-07 3:50:04,Saurashtra_Enviro_Projects_Pvt._Ltd./Bethamcherla
2025-07-06,11:25:40,Bethamcherla,Nandyal,Saurashtra Enviro Projects Pvt. Ltd.,Legacy/MSW,T1233,AP 26 TA 0434,On-site,24130,06-07-2025 11:19:50,10040,06-07-2025 11:25:30,14090,Legacy/MSW,Bethamcherla_AP_26_TA_0434_20250706_111954_1st_front.jpg,Bethamcherla_AP_26_TA_0434_20250706_111958_1st_back.jpg,Bethamcherla_AP_26_TA_0434_20250706_112533_2nd_front.jpg,Bethamcherla_AP_26_TA_0434_20250706_112536_2nd_back.jpg,Avijit Mondal,admin,2025-07-06 11:25:40,complete,14090,Saurashtra_Enviro_Projects_Pvt._Ltd./Bethamcherla/2025-07-06/json_backups/Saurashtra_Enviro_Projects_Pvt._Ltd./Bethamcherla/T1233/20250706_112540.json,2025-07-07 3:50:04,Saurashtra_Enviro_Projects_Pvt._Ltd./Bethamcherla
2025-07-06,2:05:05,Bethamcherla,Nandyal,Saurashtra Enviro Projects Pvt. Ltd.,Inert,T1195,AP27TW7569,On-site,27420,06-07-2025 1:49:08,10970,06-07-2025 2:04:54,16450,Inert,Bethamcherla_AP27TW7569_20250706_014912_1st_front.jpg,Bethamcherla_AP27TW7569_20250706_014918_1st_back.jpg,Bethamcherla_AP27TW7569_20250706_020458_2nd_front.jpg,Bethamcherla_AP27TW7569_20250706_020502_2nd_back.jpg,Avijit Mondal,admin,2025-07-06 2:05:06,complete,16450,Saurashtra_Enviro_Projects_Pvt._Ltd./Bethamcherla/2025-07-06/json_backups/Saurashtra_Enviro_Projects_Pvt._Ltd./Bethamcherla/T1195/20250706_020506.json,2025-07-07 3:50:04,Saurashtra_Enviro_Projects_Pvt._Ltd./Bethamcherla
2025-07-06,13:14:37,Bethamcherla,Nandyal,Saurashtra Enviro Projects Pvt. Ltd.,Legacy/MSW,T1247,AP26TA0434,On-site,29180,06-07-2025 13:07:51,10100,06-07-2025 13:14:26,19080,Legacy/MSW,Bethamcherla_AP26TA0434_20250706_130755_1st_front.jpg,Bethamcherla_AP26TA0434_20250706_130758_1st_back.jpg,Bethamcherla_AP26TA0434_20250706_131430_2nd_front.jpg,Bethamcherla_AP26TA0434_20250706_131433_2nd_back.jpg,Avijit Mondal,admin,2025-07-06 13:14:42,complete,29180,Saurashtra_Enviro_Projects_Pvt._Ltd./Bethamcherla/2025-07-06/json_backups/Saurashtra_Enviro_Projects_Pvt._Ltd./Bethamcherla/T1247/20250706_131442.json,2025-07-07 3:50:04,Saurashtra_Enviro_Projects_Pvt._Ltd./Bethamcherla
2025-07-06,1:39:24,Bethamcherla,Nandyal,Saurashtra Enviro Projects Pvt. Ltd.,Inert,T1192,AP27TW7569,On-site,28450,06-07-2025 1:20:59,10930,06-07-2025 1:39:10,17520,Inert,Bethamcherla_AP27TW7569_20250706_012112_1st_front.jpg,Bethamcherla_AP27TW7569_20250706_012115_1st_back.jpg,Bethamcherla_AP27TW7569_20250706_013915_2nd_front.jpg,Bethamcherla_AP27TW7569_20250706_013919_2nd_back.jpg,Avijit Mondal,admin,2025-07-06 1:39:24,complete,17520,Saurashtra_Enviro_Projects_Pvt._Ltd./Bethamcherla/2025-07-06/json_backups/Saurashtra_Enviro_Projects_Pvt._Ltd./Bethamcherla/T1192/20250706_013924.json,2025-07-07 3:50:04,Saurashtra_Enviro_Projects_Pvt._Ltd./Bethamcherla
2025-07-06,21:12:39,Bethamcherla,Nandyal,Saurashtra Enviro Projects Pvt. Ltd.,Legacy/MSW,T1281,AP21TB4935,On-site,28800,06-07-2025 21:04:08,10555,06-07-2025 21:12:29,18245,Legacy/MSW,Bethamcherla_AP21TB4935_20250706_210412_1st_front.jpg,Bethamcherla_AP21TB4935_20250706_210415_1st_back.jpg,Bethamcherla_AP21TB4935_20250706_211232_2nd_front.jpg,Bethamcherla_AP21TB4935_20250706_211235_2nd_back.jpg,Avijit Mondal,admin,2025-07-06 21:12:39,complete,28800,Saurashtra_Enviro_Projects_Pvt._Ltd./Bethamcherla/2025-07-06/json_backups/Saurashtra_Enviro_Projects_Pvt._Ltd./Bethamcherla/T1281/20250706_211239.json,2025-07-07 3:50:04,Saurashtra_Enviro_Projects_Pvt._Ltd./Bethamcherla
2025-07-06,10:17:12,Bethamcherla,Nandyal,Saurashtra Enviro Projects Pvt. Ltd.,Legacy/MSW,T1224,AP37TD4869,On-site,25330,06-07-2025 10:08:21,10570,06-07-2025 10:17:01,14760,Legacy/MSW,Bethamcherla_AP37TD4869_20250706_100827_1st_front.jpg,Bethamcherla_AP37TD4869_20250706_100830_1st_back.jpg,Bethamcherla_AP37TD4869_20250706_101705_2nd_front.jpg,Bethamcherla_AP37TD4869_20250706_101708_2nd_back.jpg,Avijit Mondal,admin,2025-07-06 10:17:12,complete,14760,Saurashtra_Enviro_Projects_Pvt._Ltd./Bethamcherla/2025-07-06/json_backups/Saurashtra_Enviro_Projects_Pvt._Ltd./Bethamcherla/T1224/20250706_101712.json,2025-07-07 3:50:04,Saurashtra_Enviro_Projects_Pvt._Ltd./Bethamcherla
2025-07-06,16:51:42,Bethamcherla,Nandyal,Saurashtra Enviro Projects Pvt. Ltd.,Soil,T1258,AP21TB4935,On-site,27560,06-07-2025 16:01:59,10640,06-07-2025 16:51:32,16920,Soil,Bethamcherla_AP21TB4935_20250706_160202_1st_front.jpg,Bethamcherla_AP21TB4935_20250706_160205_1st_back.jpg,Bethamcherla_AP21TB4935_20250706_165136_2nd_front.jpg,Bethamcherla_AP21TB4935_20250706_165139_2nd_back.jpg,Avijit Mondal,admin,2025-07-06 16:51:43,complete,27560,Saurashtra_Enviro_Projects_Pvt._Ltd./Bethamcherla/2025-07-06/json_backups/Saurashtra_Enviro_Projects_Pvt._Ltd./Bethamcherla/T1258/20250706_165143.json,2025-07-07 3:50:04,Saurashtra_Enviro_Projects_Pvt._Ltd./Bethamcherla
2025-07-06,23:37:09,Bethamcherla,Nandyal,Saurashtra Enviro Projects Pvt. Ltd.,Legacy/MSW,T1297,AP37TD4869,On-site,27890,06-07-2025 23:21:09,11090,06-07-2025 23:36:50,16800,Legacy/MSW,Bethamcherla_AP37TD4869_20250706_232113_1st_front.jpg,Bethamcherla_AP37TD4869_20250706_232116_1st_back.jpg,Bethamcherla_AP37TD4869_20250706_233702_2nd_front.jpg,Bethamcherla_AP37TD4869_20250706_233706_2nd_back.jpg,Avijit Mondal,admin,2025-07-06 23:37:10,complete,27890,Saurashtra_Enviro_Projects_Pvt._Ltd./Bethamcherla/2025-07-06/json_backups/Saurashtra_Enviro_Projects_Pvt._Ltd./Bethamcherla/T1297/20250706_233710.json,2025-07-07 3:50:04,Saurashtra_Enviro_Projects_Pvt._Ltd./Bethamcherla
2025-07-06,21:47:56,Bethamcherla,Nandyal,Saurashtra Enviro Projects Pvt. Ltd.,Legacy/MSW,T1284,AP27TW7569,On-site,27790,06-07-2025 21:31:31,11055,06-07-2025 21:47:46,16735,Legacy/MSW,Bethamcherla_AP27TW7569_20250706_213147_1st_front.jpg,Bethamcherla_AP27TW7569_20250706_213150_1st_back.jpg,Bethamcherla_AP27TW7569_20250706_214750_2nd_front.jpg,Bethamcherla_AP27TW7569_20250706_214753_2nd_back.jpg,Avijit Mondal,admin,2025-07-06 21:47:56,complete,0,Saurashtra_Enviro_Projects_Pvt._Ltd./Bethamcherla/2025-07-06/json_backups/Saurashtra_Enviro_Projects_Pvt._Ltd./Bethamcherla/T1284/20250706_214756.json,2025-07-07 3:50:04,Saurashtra_Enviro_Projects_Pvt._Ltd./Bethamcherla
2025-07-06,16:57:00,Bethamcherla,Nandyal,Saurashtra Enviro Projects Pvt. Ltd.,Soil,T1262,AP26TA0434,On-site,28150,06-07-2025 16:21:11,10020,06-07-2025 16:56:52,18130,Soil,Bethamcherla_AP26TA0434_20250706_162115_1st_front.jpg,Bethamcherla_AP26TA0434_20250706_162117_1st_back.jpg,Bethamcherla_AP26TA0434_20250706_165656_2nd_front.jpg,Bethamcherla_AP26TA0434_20250706_165658_2nd_back.jpg,Avijit Mondal,admin,2025-07-06 16:57:01,complete,28150,Saurashtra_Enviro_Projects_Pvt._Ltd./Bethamcherla/2025-07-06/json_backups/Saurashtra_Enviro_Projects_Pvt._Ltd./Bethamcherla/T1262/20250706_165701.json,2025-07-07 3:50:04,Saurashtra_Enviro_Projects_Pvt._Ltd./Bethamcherla
2025-07-06,22:55:11,Bethamcherla,Nandyal,Saurashtra Enviro Projects Pvt. Ltd.,Legacy/MSW,T1291,AP28TC8081,On-site,29565,06-07-2025 22:39:51,10565,06-07-2025 22:54:55,19000,Legacy/MSW,Bethamcherla_AP28TC8081_20250706_223955_1st_front.jpg,Bethamcherla_AP28TC8081_20250706_223959_1st_back.jpg,Bethamcherla_AP28TC8081_20250706_225459_2nd_front.jpg,Bethamcherla_AP28TC8081_20250706_225504_2nd_back.jpg,Avijit Mondal,admin,2025-07-06 22:55:11,complete,29565,Saurashtra_Enviro_Projects_Pvt._Ltd./Bethamcherla/2025-07-06/json_backups/Saurashtra_Enviro_Projects_Pvt._Ltd./Bethamcherla/T1291/20250706_225511.json,2025-07-07 3:50:04,Saurashtra_Enviro_Projects_Pvt._Ltd./Bethamcherla
2025-07-06,2:28:57,Bethamcherla,Nandyal,Saurashtra Enviro Projects Pvt. Ltd.,Inert,T1198,AP27TW7569,On-site,26330,06-07-2025 2:14:28,10940,06-07-2025 2:28:43,15390,Inert,Bethamcherla_AP27TW7569_20250706_021434_1st_front.jpg,Bethamcherla_AP27TW7569_20250706_021439_1st_back.jpg,Bethamcherla_AP27TW7569_20250706_022848_2nd_front.jpg,Bethamcherla_AP27TW7569_20250706_022853_2nd_back.jpg,Avijit Mondal,admin,2025-07-06 2:28:58,complete,15390,Saurashtra_Enviro_Projects_Pvt._Ltd./Bethamcherla/2025-07-06/json_backups/Saurashtra_Enviro_Projects_Pvt._Ltd./Bethamcherla/T1198/20250706_022858.json,2025-07-07 3:50:04,Saurashtra_Enviro_Projects_Pvt._Ltd./Bethamcherla
2025-07-06,9:38:22,Bethamcherla,Nandyal,Saurashtra Enviro Projects Pvt. Ltd.,Legacy/MSW,T1219,AP21TB4935,On-site,29350,06-07-2025 9:30:39,10770,06-07-2025 9:38:14,18580,Legacy/MSW,Bethamcherla_AP21TB4935_20250706_093045_1st_front.jpg,Bethamcherla_AP21TB4935_20250706_093048_1st_back.jpg,Bethamcherla_AP21TB4935_20250706_093817_2nd_front.jpg,Bethamcherla_AP21TB4935_20250706_093819_2nd_back.jpg,Avijit Mondal,admin,2025-07-06 9:39:06,complete,18580,Saurashtra_Enviro_Projects_Pvt._Ltd./Bethamcherla/2025-07-06/json_backups/Saurashtra_Enviro_Projects_Pvt._Ltd./Bethamcherla/T1219/20250706_093906.json,2025-07-07 3:50:04,Saurashtra_Enviro_Projects_Pvt._Ltd./Bethamcherla
2025-07-06,18:00:23,Bethamcherla,Nandyal,Saurashtra Enviro Projects Pvt. Ltd.,Soil,T1268,AP27TW7569,On-site,29430,06-07-2025 17:42:55,10860,06-07-2025 18:00:12,18570,Soil,Bethamcherla_AP27TW7569_20250706_174300_1st_front.jpg,Bethamcherla_AP27TW7569_20250706_174304_1st_back.jpg,Bethamcherla_AP27TW7569_20250706_180016_2nd_front.jpg,Bethamcherla_AP27TW7569_20250706_180019_2nd_back.jpg,Avijit Mondal,admin,2025-07-06 18:00:24,complete,18570,Saurashtra_Enviro_Projects_Pvt._Ltd./Bethamcherla/2025-07-06/json_backups/Saurashtra_Enviro_Projects_Pvt._Ltd./Bethamcherla/T1268/20250706_180024.json,2025-07-07 3:50:04,Saurashtra_Enviro_Projects_Pvt._Ltd./Bethamcherla
2025-07-06,22:49:28,Bethamcherla,Nandyal,Saurashtra Enviro Projects Pvt. Ltd.,Legacy/MSW,T1289,ap21tb4935,On-site,29900,06-07-2025 22:26:25,10555,06-07-2025 22:49:18,19345,Legacy/MSW,Bethamcherla_ap21tb4935_20250706_222629_1st_front.jpg,Bethamcherla_ap21tb4935_20250706_222633_1st_back.jpg,Bethamcherla_ap21tb4935_20250706_224922_2nd_front.jpg,Bethamcherla_ap21tb4935_20250706_224925_2nd_back.jpg,Avijit Mondal,admin,2025-07-06 22:49:28,complete,29900,Saurashtra_Enviro_Projects_Pvt._Ltd./Bethamcherla/2025-07-06/json_backups/Saurashtra_Enviro_Projects_Pvt._Ltd./Bethamcherla/T1289/20250706_224928.json,2025-07-07 3:50:05,Saurashtra_Enviro_Projects_Pvt._Ltd./Bethamcherla
2025-07-06,16:55:05,Bethamcherla,Nandyal,Saurashtra Enviro Projects Pvt. Ltd.,Soil,T1260,AP27TW7569,On-site,29990,06-07-2025 16:13:13,10720,06-07-2025 16:54:57,19270,Soil,Bethamcherla_AP27TW7569_20250706_161318_1st_front.jpg,Bethamcherla_AP27TW7569_20250706_161320_1st_back.jpg,Bethamcherla_AP27TW7569_20250706_165500_2nd_front.jpg,Bethamcherla_AP27TW7569_20250706_165503_2nd_back.jpg,Avijit Mondal,admin,2025-07-06 16:55:06,complete,29990,Saurashtra_Enviro_Projects_Pvt._Ltd./Bethamcherla/2025-07-06/json_backups/Saurashtra_Enviro_Projects_Pvt._Ltd./Bethamcherla/T1260/20250706_165506.json,2025-07-07 3:50:05,Saurashtra_Enviro_Projects_Pvt._Ltd./Bethamcherla
2025-07-06,17:58:14,Bethamcherla,Nandyal,Saurashtra Enviro Projects Pvt. Ltd.,Legacy/MSW,T1269,AP26TA0434,On-site,28830,06-07-2025 17:47:26,10000,06-07-2025 17:58:03,18830,Legacy/MSW,Bethamcherla_AP26TA0434_20250706_174730_1st_front.jpg,Bethamcherla_AP26TA0434_20250706_174733_1st_back.jpg,Bethamcherla_AP26TA0434_20250706_175807_2nd_front.jpg,Bethamcherla_AP26TA0434_20250706_175810_2nd_back.jpg,Avijit Mondal,admin,2025-07-06 17:58:14,complete,28680,Saurashtra_Enviro_Projects_Pvt._Ltd./Bethamcherla/2025-07-06/json_backups/Saurashtra_Enviro_Projects_Pvt._Ltd./Bethamcherla/T1269/20250706_175814.json,2025-07-07 3:50:05,Saurashtra_Enviro_Projects_Pvt._Ltd./Bethamcherla
2025-07-06,21:22:13,Bethamcherla,Nandyal,Saurashtra Enviro Projects Pvt. Ltd.,Legacy/MSW,T1280,AP27TW7569,On-site,29580,06-07-2025 20:58:49,11005,06-07-2025 21:22:05,18575,Legacy/MSW,Bethamcherla_AP27TW7569_20250706_210022_1st_front.jpg,Bethamcherla_AP27TW7569_20250706_205922_1st_back.jpg,Bethamcherla_AP27TW7569_20250706_212208_2nd_front.jpg,Bethamcherla_AP27TW7569_20250706_212210_2nd_back.jpg,Avijit Mondal,admin,2025-07-06 21:22:14,complete,29580,Saurashtra_Enviro_Projects_Pvt._Ltd./Bethamcherla/2025-07-06/json_backups/Saurashtra_Enviro_Projects_Pvt._Ltd./Bethamcherla/T1280/20250706_212214.json,2025-07-07 3:50:05,Saurashtra_Enviro_Projects_Pvt._Ltd./Bethamcherla
2025-07-06,12:41:32,Bethamcherla,Nandyal,Saurashtra Enviro Projects Pvt. Ltd.,Legacy/MSW,T1243,AP28TC8081,On-site,27400,06-07-2025 12:37:05,11020,06-07-2025 12:41:20,16380,Legacy/MSW,Bethamcherla_AP28TC8081_20250706_123709_1st_front.jpg,Bethamcherla_AP28TC8081_20250706_123711_1st_back.jpg,Bethamcherla_AP28TC8081_20250706_124126_2nd_front.jpg,Bethamcherla_AP28TC8081_20250706_124128_2nd_back.jpg,Avijit Mondal,admin,2025-07-06 12:41:32,complete,16380,Saurashtra_Enviro_Projects_Pvt._Ltd./Bethamcherla/2025-07-06/json_backups/Saurashtra_Enviro_Projects_Pvt._Ltd./Bethamcherla/T1243/20250706_124132.json,2025-07-07 3:50:05,Saurashtra_Enviro_Projects_Pvt._Ltd./Bethamcherla
2025-07-06,11:44:43,Bethamcherla,Nandyal,Saurashtra Enviro Projects Pvt. Ltd.,Legacy/MSW,T1235,AP21TB4935,On-site,25440,06-07-2025 11:38:44,10770,06-07-2025 11:44:34,14670,Legacy/MSW,Bethamcherla_AP21TB4935_20250706_113854_1st_front.jpg,Bethamcherla_AP21TB4935_20250706_113857_1st_back.jpg,Bethamcherla_AP21TB4935_20250706_114437_2nd_front.jpg,Bethamcherla_AP21TB4935_20250706_114440_2nd_back.jpg,Avijit Mondal,admin,2025-07-06 11:44:44,complete,14670,Saurashtra_Enviro_Projects_Pvt._Ltd./Bethamcherla/2025-07-06/json_backups/Saurashtra_Enviro_Projects_Pvt._Ltd./Bethamcherla/T1235/20250706_114444.json,2025-07-07 3:50:05,Saurashtra_Enviro_Projects_Pvt._Ltd./Bethamcherla
2025-07-06,0:06:55,Bethamcherla,Nandyal,Saurashtra Enviro Projects Pvt. Ltd.,Inert,T1184,AP27TW7569,On-site,26610,05-07-2025 23:38:19,10960,06-07-2025 0:06:45,15650,Inert,Bethamcherla_AP27TW7569_20250705_233823_1st_front.jpg,Bethamcherla_AP27TW7569_20250705_233826_1st_back.jpg,Bethamcherla_AP27TW7569_20250706_000649_2nd_front.jpg,Bethamcherla_AP27TW7569_20250706_000652_2nd_back.jpg,Avijit Mondal,admin,2025-07-06 0:06:56,complete,15650,Saurashtra_Enviro_Projects_Pvt._Ltd./Bethamcherla/2025-07-06/json_backups/Saurashtra_Enviro_Projects_Pvt._Ltd./Bethamcherla/T1184/20250706_000656.json,2025-07-07 3:50:05,Saurashtra_Enviro_Projects_Pvt._Ltd./Bethamcherla
2025-07-06,15:53:44,Bethamcherla,Nandyal,Saurashtra Enviro Projects Pvt. Ltd.,Soil,T1254,AP21TB4935,On-site,28260,06-07-2025 15:12:04,10750,06-07-2025 15:53:34,17510,Soil,Bethamcherla_AP21TB4935_20250706_151209_1st_front.jpg,Bethamcherla_AP21TB4935_20250706_151212_1st_back.jpg,Bethamcherla_AP21TB4935_20250706_155337_2nd_front.jpg,Bethamcherla_AP21TB4935_20250706_155341_2nd_back.jpg,Avijit Mondal,admin,2025-07-06 15:53:45,complete,17510,Saurashtra_Enviro_Projects_Pvt._Ltd./Bethamcherla/2025-07-06/json_backups/Saurashtra_Enviro_Projects_Pvt._Ltd./Bethamcherla/T1254/20250706_155345.json,2025-07-07 3:50:05,Saurashtra_Enviro_Projects_Pvt._Ltd./Bethamcherla
2025-07-06,1:46:10,Bethamcherla,Nandyal,Saurashtra Enviro Projects Pvt. Ltd.,Inert,T1193,AP 26 TA 0434,On-site,25440,06-07-2025 1:30:57,10080,06-07-2025 1:45:57,15360,Inert,Bethamcherla_AP_26_TA_0434_20250706_013101_1st_front.jpg,Bethamcherla_AP_26_TA_0434_20250706_013105_1st_back.jpg,Bethamcherla_AP_26_TA_0434_20250706_014603_2nd_front.jpg,Bethamcherla_AP_26_TA_0434_20250706_014606_2nd_back.jpg,Avijit Mondal,admin,2025-07-06 1:46:10,complete,15360,Saurashtra_Enviro_Projects_Pvt._Ltd./Bethamcherla/2025-07-06/json_backups/Saurashtra_Enviro_Projects_Pvt._Ltd./Bethamcherla/T1193/20250706_014610.json,2025-07-07 3:50:05,Saurashtra_Enviro_Projects_Pvt._Ltd./Bethamcherla
2025-07-06,9:05:47,Bethamcherla,Nandyal,Saurashtra Enviro Projects Pvt. Ltd.,Legacy/MSW,T1216,AP37TD4869,On-site,26730,06-07-2025 9:00:56,10560,06-07-2025 9:05:40,16170,Legacy/MSW,Bethamcherla_AP37TD4869_20250706_090059_1st_front.jpg,Bethamcherla_AP37TD4869_20250706_090102_1st_back.jpg,Bethamcherla_AP37TD4869_20250706_090543_2nd_front.jpg,Bethamcherla_AP37TD4869_20250706_090545_2nd_back.jpg,Avijit Mondal,admin,2025-07-06 9:05:47,complete,16170,Saurashtra_Enviro_Projects_Pvt._Ltd./Bethamcherla/2025-07-06/json_backups/Saurashtra_Enviro_Projects_Pvt._Ltd./Bethamcherla/T1216/20250706_090547.json,2025-07-07 3:50:05,Saurashtra_Enviro_Projects_Pvt._Ltd./Bethamcherla
2025-07-06,10:39:59,Bethamcherla,Nandyal,Saurashtra Enviro Projects Pvt. Ltd.,Legacy/MSW,T1228,AP37TD4869,On-site,26280,06-07-2025 10:34:57,10580,06-07-2025 10:39:46,15700,Legacy/MSW,Bethamcherla_AP37TD4869_20250706_103501_1st_front.jpg,Bethamcherla_AP37TD4869_20250706_103504_1st_back.jpg,Bethamcherla_AP37TD4869_20250706_103952_2nd_front.jpg,Bethamcherla_AP37TD4869_20250706_103955_2nd_back.jpg,Avijit Mondal,admin,2025-07-06 10:40:00,complete,15700,Saurashtra_Enviro_Projects_Pvt._Ltd./Bethamcherla/2025-07-06/json_backups/Saurashtra_Enviro_Projects_Pvt._Ltd./Bethamcherla/T1228/20250706_104000.json,2025-07-07 3:50:05,Saurashtra_Enviro_Projects_Pvt._Ltd./Bethamcherla
2025-07-06,1:53:49,Bethamcherla,Nandyal,Saurashtra Enviro Projects Pvt. Ltd.,Inert,T1194,AP21TB4935,On-site,25440,06-07-2025 1:37:31,10780,06-07-2025 1:53:37,14660,Inert,Bethamcherla_AP21TB4935_20250706_013735_1st_front.jpg,Bethamcherla_AP21TB4935_20250706_013739_1st_back.jpg,Bethamcherla_AP21TB4935_20250706_015341_2nd_front.jpg,Bethamcherla_AP21TB4935_20250706_015345_2nd_back.jpg,Avijit Mondal,admin,2025-07-06 1:53:49,complete,14660,Saurashtra_Enviro_Projects_Pvt._Ltd./Bethamcherla/2025-07-06/json_backups/Saurashtra_Enviro_Projects_Pvt._Ltd./Bethamcherla/T1194/20250706_015349.json,2025-07-07 3:50:05,Saurashtra_Enviro_Projects_Pvt._Ltd./Bethamcherla
2025-07-06,15:56:56,Bethamcherla,Nandyal,Saurashtra Enviro Projects Pvt. Ltd.,Soil,T1255,AP27TW7569,On-site,28460,06-07-2025 15:15:52,10870,06-07-2025 15:56:41,17590,Soil,Bethamcherla_AP27TW7569_20250706_151555_1st_front.jpg,Bethamcherla_AP27TW7569_20250706_151559_1st_back.jpg,Bethamcherla_AP27TW7569_20250706_155644_2nd_front.jpg,Bethamcherla_AP27TW7569_20250706_155651_2nd_back.jpg,Avijit Mondal,admin,2025-07-06 15:56:57,complete,17590,Saurashtra_Enviro_Projects_Pvt._Ltd./Bethamcherla/2025-07-06/json_backups/Saurashtra_Enviro_Projects_Pvt._Ltd./Bethamcherla/T1255/20250706_155657.json,2025-07-07 3:50:05,Saurashtra_Enviro_Projects_Pvt._Ltd./Bethamcherla
2025-07-06,6:19:58,Bethamcherla,Nandyal,Saurashtra Enviro Projects Pvt. Ltd.,Soil,T1214,AP27TW7569,On-site,27170,06-07-2025 6:02:42,10860,06-07-2025 6:19:47,16310,Soil,Bethamcherla_AP27TW7569_20250706_060245_1st_front.jpg,Bethamcherla_AP27TW7569_20250706_060249_1st_back.jpg,Bethamcherla_AP27TW7569_20250706_061952_2nd_front.jpg,Bethamcherla_AP27TW7569_20250706_061955_2nd_back.jpg,Avijit Mondal,admin,2025-07-06 6:19:59,complete,16310,Saurashtra_Enviro_Projects_Pvt._Ltd./Bethamcherla/2025-07-06/json_backups/Saurashtra_Enviro_Projects_Pvt._Ltd./Bethamcherla/T1214/20250706_061959.json,2025-07-07 3:50:05,Saurashtra_Enviro_Projects_Pvt._Ltd./Bethamcherla
2025-07-06,12:24:16,Bethamcherla,Nandyal,Saurashtra Enviro Projects Pvt. Ltd.,Legacy/MSW,T1241,AP37TD4869,On-site,26780,06-07-2025 12:19:19,10560,06-07-2025 12:24:06,16220,Legacy/MSW,Bethamcherla_AP37TD4869_20250706_121922_1st_front.jpg,Bethamcherla_AP37TD4869_20250706_121925_1st_back.jpg,Bethamcherla_AP37TD4869_20250706_122409_2nd_front.jpg,Bethamcherla_AP37TD4869_20250706_122412_2nd_back.jpg,Avijit Mondal,admin,2025-07-06 12:24:17,complete,16220,Saurashtra_Enviro_Projects_Pvt._Ltd./Bethamcherla/2025-07-06/json_backups/Saurashtra_Enviro_Projects_Pvt._Ltd./Bethamcherla/T1241/20250706_122417.json,2025-07-07 3:50:05,Saurashtra_Enviro_Projects_Pvt._Ltd./Bethamcherla
2025-07-06,10:06:51,Bethamcherla,Nandyal,Saurashtra Enviro Projects Pvt. Ltd.,Legacy/MSW,T1223,AP21TB4935,On-site,23570,06-07-2025 10:00:20,10770,06-07-2025 10:06:40,12800,Legacy/MSW,Bethamcherla_AP21TB4935_20250706_100025_1st_front.jpg,Bethamcherla_AP21TB4935_20250706_100029_1st_back.jpg,Bethamcherla_AP21TB4935_20250706_100643_2nd_front.jpg,Bethamcherla_AP21TB4935_20250706_100646_2nd_back.jpg,Avijit Mondal,admin,2025-07-06 10:06:52,complete,12800,Saurashtra_Enviro_Projects_Pvt._Ltd./Bethamcherla/2025-07-06/json_backups/Saurashtra_Enviro_Projects_Pvt._Ltd./Bethamcherla/T1223/20250706_100652.json,2025-07-07 3:50:06,Saurashtra_Enviro_Projects_Pvt._Ltd./Bethamcherla
2025-07-06,20:51:32,Bethamcherla,Nandyal,Saurashtra Enviro Projects Pvt. Ltd.,Soil,T1274,AP27TW7569,On-site,28390,06-07-2025 20:24:38,10010,06-07-2025 20:51:23,18380,Soil,Bethamcherla_AP27TW7569_20250706_202445_1st_front.jpg,Bethamcherla_AP27TW7569_20250706_202448_1st_back.jpg,Bethamcherla_AP27TW7569_20250706_205126_2nd_front.jpg,Bethamcherla_AP27TW7569_20250706_205129_2nd_back.jpg,Avijit Mondal,admin,2025-07-06 20:51:33,complete,28390,Saurashtra_Enviro_Projects_Pvt._Ltd./Bethamcherla/2025-07-06/json_backups/Saurashtra_Enviro_Projects_Pvt._Ltd./Bethamcherla/T1274/20250706_205133.json,2025-07-07 3:50:06,Saurashtra_Enviro_Projects_Pvt._Ltd./Bethamcherla
2025-07-06,4:49:18,Bethamcherla,Nandyal,Saurashtra Enviro Projects Pvt. Ltd.,Inert,T1206,AP 26 TA 0434,On-site,24450,06-07-2025 4:32:20,10010,06-07-2025 4:49:08,14440,Inert,Bethamcherla_AP_26_TA_0434_20250706_043229_1st_front.jpg,Bethamcherla_AP_26_TA_0434_20250706_043233_1st_back.jpg,Bethamcherla_AP_26_TA_0434_20250706_044912_2nd_front.jpg,Bethamcherla_AP_26_TA_0434_20250706_044915_2nd_back.jpg,Avijit Mondal,admin,2025-07-06 4:49:19,complete,14440,Saurashtra_Enviro_Projects_Pvt._Ltd./Bethamcherla/2025-07-06/json_backups/Saurashtra_Enviro_Projects_Pvt._Ltd./Bethamcherla/T1206/20250706_044919.json,2025-07-07 3:50:06,Saurashtra_Enviro_Projects_Pvt._Ltd./Bethamcherla
2025-07-06,9:42:38,Bethamcherla,Nandyal,Saurashtra Enviro Projects Pvt. Ltd.,Legacy/MSW,T1220,AP37TD4869,On-site,27340,06-07-2025 9:35:36,10550,06-07-2025 9:42:29,16790,Legacy/MSW,Bethamcherla_AP37TD4869_20250706_093539_1st_front.jpg,Bethamcherla_AP37TD4869_20250706_093541_1st_back.jpg,Bethamcherla_AP37TD4869_20250706_094233_2nd_front.jpg,Bethamcherla_AP37TD4869_20250706_094235_2nd_back.jpg,Avijit Mondal,admin,2025-07-06 9:42:39,complete,16790,Saurashtra_Enviro_Projects_Pvt._Ltd./Bethamcherla/2025-07-06/json_backups/Saurashtra_Enviro_Projects_Pvt._Ltd./Bethamcherla/T1220/20250706_094239.json,2025-07-07 3:50:06,Saurashtra_Enviro_Projects_Pvt._Ltd./Bethamcherla
2025-07-06,12:03:23,Bethamcherla,Nandyal,Saurashtra Enviro Projects Pvt. Ltd.,Legacy/MSW,T1237,AP 26 TA 0434,On-site,26200,06-07-2025 11:56:50,10010,06-07-2025 12:03:11,16190,Legacy/MSW,Bethamcherla_AP_26_TA_0434_20250706_115652_1st_front.jpg,Bethamcherla_AP_26_TA_0434_20250706_115656_1st_back.jpg,Bethamcherla_AP_26_TA_0434_20250706_120315_2nd_front.jpg,Bethamcherla_AP_26_TA_0434_20250706_120319_2nd_back.jpg,Avijit Mondal,admin,2025-07-06 12:03:23,complete,16190,Saurashtra_Enviro_Projects_Pvt._Ltd./Bethamcherla/2025-07-06/json_backups/Saurashtra_Enviro_Projects_Pvt._Ltd./Bethamcherla/T1237/20250706_120323.json,2025-07-07 3:50:06,Saurashtra_Enviro_Projects_Pvt._Ltd./Bethamcherla
2025-07-06,10:25:57,Bethamcherla,Nandyal,Saurashtra Enviro Projects Pvt. Ltd.,Legacy/MSW,T1226,AP27TW7569,On-site,27630,06-07-2025 10:20:39,10870,06-07-2025 10:25:44,16760,Legacy/MSW,Bethamcherla_AP27TW7569_20250706_102042_1st_front.jpg,Bethamcherla_AP27TW7569_20250706_102046_1st_back.jpg,Bethamcherla_AP27TW7569_20250706_102547_2nd_front.jpg,Bethamcherla_AP27TW7569_20250706_102554_2nd_back.jpg,Avijit Mondal,admin,2025-07-06 10:25:58,complete,16760,Saurashtra_Enviro_Projects_Pvt._Ltd./Bethamcherla/2025-07-06/json_backups/Saurashtra_Enviro_Projects_Pvt._Ltd./Bethamcherla/T1226/20250706_102558.json,2025-07-07 3:50:06,Saurashtra_Enviro_Projects_Pvt._Ltd./Bethamcherla
2025-07-06,23:25:35,Bethamcherla,Nandyal,Saurashtra Enviro Projects Pvt. Ltd.,Legacy/MSW,T1295,ap21tb4935,On-site,28795,06-07-2025 23:05:48,10025,06-07-2025 23:25:21,18770,Legacy/MSW,Bethamcherla_ap21tb4935_20250706_230552_1st_front.jpg,Bethamcherla_ap21tb4935_20250706_230556_1st_back.jpg,Bethamcherla_ap21tb4935_20250706_232526_2nd_front.jpg,Bethamcherla_ap21tb4935_20250706_232530_2nd_back.jpg,Avijit Mondal,admin,2025-07-06 23:25:36,complete,28795,Saurashtra_Enviro_Projects_Pvt._Ltd./Bethamcherla/2025-07-06/json_backups/Saurashtra_Enviro_Projects_Pvt._Ltd./Bethamcherla/T1295/20250706_232536.json,2025-07-07 3:50:06,Saurashtra_Enviro_Projects_Pvt._Ltd./Bethamcherla
2025-07-06,23:29:48,Bethamcherla,Nandyal,Saurashtra Enviro Projects Pvt. Ltd.,Legacy/MSW,T1296,AP28TC8081,On-site,28910,06-07-2025 23:15:01,10350,06-07-2025 23:29:34,18560,Legacy/MSW,Bethamcherla_AP28TC8081_20250706_231504_1st_front.jpg,Bethamcherla_AP28TC8081_20250706_231507_1st_back.jpg,Bethamcherla_AP28TC8081_20250706_232940_2nd_front.jpg,Bethamcherla_AP28TC8081_20250706_232944_2nd_back.jpg,Avijit Mondal,admin,2025-07-06 23:29:48,complete,28910,Saurashtra_Enviro_Projects_Pvt._Ltd./Bethamcherla/2025-07-06/json_backups/Saurashtra_Enviro_Projects_Pvt._Ltd./Bethamcherla/T1296/20250706_232948.json,2025-07-07 3:50:06,Saurashtra_Enviro_Projects_Pvt._Ltd./Bethamcherla
2025-07-06,17:36:58,Bethamcherla,Nandyal,Saurashtra Enviro Projects Pvt. Ltd.,Legacy/MSW,T1267,AP28TC8081,On-site,19330,06-07-2025 17:31:36,10050,06-07-2025 17:36:45,9280,Legacy/MSW,Bethamcherla_AP28TC8081_20250706_173220_1st_front.jpg,Bethamcherla_AP28TC8081_20250706_173223_1st_back.jpg,Bethamcherla_AP28TC8081_20250706_173653_2nd_front.jpg,Bethamcherla_AP28TC8081_20250706_173655_2nd_back.jpg,Avijit Mondal,admin,2025-07-06 17:36:59,complete,19180,Saurashtra_Enviro_Projects_Pvt._Ltd./Bethamcherla/2025-07-06/json_backups/Saurashtra_Enviro_Projects_Pvt._Ltd./Bethamcherla/T1267/20250706_173659.json,2025-07-07 3:50:06,Saurashtra_Enviro_Projects_Pvt._Ltd./Bethamcherla
2025-07-06,5:09:40,Bethamcherla,Nandyal,Saurashtra Enviro Projects Pvt. Ltd.,Inert,T1207,AP21TB4935,On-site,23870,06-07-2025 4:38:49,10730,06-07-2025 5:09:29,13140,Inert,Bethamcherla_AP21TB4935_20250706_043853_1st_front.jpg,Bethamcherla_AP21TB4935_20250706_043857_1st_back.jpg,Bethamcherla_AP21TB4935_20250706_050933_2nd_front.jpg,Bethamcherla_AP21TB4935_20250706_050936_2nd_back.jpg,Avijit Mondal,admin,2025-07-06 5:09:41,complete,13140,Saurashtra_Enviro_Projects_Pvt._Ltd./Bethamcherla/2025-07-06/json_backups/Saurashtra_Enviro_Projects_Pvt._Ltd./Bethamcherla/T1207/20250706_050941.json,2025-07-07 3:50:06,Saurashtra_Enviro_Projects_Pvt._Ltd./Bethamcherla
2025-07-06,10:33:21,Bethamcherla,Nandyal,Saurashtra Enviro Projects Pvt. Ltd.,Legacy/MSW,T1227,ap21tb4935,On-site,25410,06-07-2025 10:27:51,10770,06-07-2025 10:33:13,14640,Legacy/MSW,Bethamcherla_ap21tb4935_20250706_102754_1st_front.jpg,Bethamcherla_ap21tb4935_20250706_102758_1st_back.jpg,Bethamcherla_ap21tb4935_20250706_103316_2nd_front.jpg,Bethamcherla_ap21tb4935_20250706_103319_2nd_back.jpg,Avijit Mondal,admin,2025-07-06 10:33:22,complete,14640,Saurashtra_Enviro_Projects_Pvt._Ltd./Bethamcherla/2025-07-06/json_backups/Saurashtra_Enviro_Projects_Pvt._Ltd./Bethamcherla/T1227/20250706_103322.json,2025-07-07 3:50:06,Saurashtra_Enviro_Projects_Pvt._Ltd./Bethamcherla
2025-07-06,12:20:25,Bethamcherla,Nandyal,Saurashtra Enviro Projects Pvt. Ltd.,Legacy/MSW,T1240,AP21TB4935,On-site,25440,06-07-2025 12:14:28,10770,06-07-2025 12:20:17,14670,Legacy/MSW,Bethamcherla_AP21TB4935_20250706_121431_1st_front.jpg,Bethamcherla_AP21TB4935_20250706_121437_1st_back.jpg,Bethamcherla_AP21TB4935_20250706_122020_2nd_front.jpg,Bethamcherla_AP21TB4935_20250706_122022_2nd_back.jpg,Avijit Mondal,admin,2025-07-06 12:20:25,complete,14670,Saurashtra_Enviro_Projects_Pvt._Ltd./Bethamcherla/2025-07-06/json_backups/Saurashtra_Enviro_Projects_Pvt._Ltd./Bethamcherla/T1240/20250706_122025.json,2025-07-07 3:50:06,Saurashtra_Enviro_Projects_Pvt._Ltd./Bethamcherla
2025-07-06,5:41:37,Bethamcherla,Nandyal,Saurashtra Enviro Projects Pvt. Ltd.,Soil,T1210,AP21TB4935,On-site,26520,06-07-2025 5:24:55,10740,06-07-2025 5:41:26,15780,Soil,Bethamcherla_AP21TB4935_20250706_052458_1st_front.jpg,Bethamcherla_AP21TB4935_20250706_052502_1st_back.jpg,Bethamcherla_AP21TB4935_20250706_054129_2nd_front.jpg,Bethamcherla_AP21TB4935_20250706_054133_2nd_back.jpg,Avijit Mondal,admin,2025-07-06 5:41:38,complete,15780,Saurashtra_Enviro_Projects_Pvt._Ltd./Bethamcherla/2025-07-06/json_backups/Saurashtra_Enviro_Projects_Pvt._Ltd./Bethamcherla/T1210/20250706_054138.json,2025-07-07 3:50:06,Saurashtra_Enviro_Projects_Pvt._Ltd./Bethamcherla
2025-07-06,9:18:27,Bethamcherla,Nandyal,Saurashtra Enviro Projects Pvt. Ltd.,Legacy/MSW,T1217,AP 26 TA 0434,On-site,25120,06-07-2025 9:10:44,10020,06-07-2025 9:18:18,15100,Legacy/MSW,Bethamcherla_AP_26_TA_0434_20250706_091051_1st_front.jpg,Bethamcherla_AP_26_TA_0434_20250706_091054_1st_back.jpg,Bethamcherla_AP_26_TA_0434_20250706_091821_2nd_front.jpg,Bethamcherla_AP_26_TA_0434_20250706_091824_2nd_back.jpg,Avijit Mondal,admin,2025-07-06 9:18:28,complete,15100,Saurashtra_Enviro_Projects_Pvt._Ltd./Bethamcherla/2025-07-06/json_backups/Saurashtra_Enviro_Projects_Pvt._Ltd./Bethamcherla/T1217/20250706_091828.json,2025-07-07 3:50:06,Saurashtra_Enviro_Projects_Pvt._Ltd./Bethamcherla
2025-07-06,14:44:23,Bethamcherla,Nandyal,Saurashtra Enviro Projects Pvt. Ltd.,Legacy/MSW,T1249,AP21TB4935,On-site,28200,06-07-2025 14:38:13,10770,06-07-2025 14:44:14,17430,Legacy/MSW,Bethamcherla_AP21TB4935_20250706_143817_1st_front.jpg,Bethamcherla_AP21TB4935_20250706_143820_1st_back.jpg,Bethamcherla_AP21TB4935_20250706_144419_2nd_front.jpg,Bethamcherla_AP21TB4935_20250706_144421_2nd_back.jpg,Avijit Mondal,admin,2025-07-06 14:44:24,complete,17430,Saurashtra_Enviro_Projects_Pvt._Ltd./Bethamcherla/2025-07-06/json_backups/Saurashtra_Enviro_Projects_Pvt._Ltd./Bethamcherla/T1249/20250706_144424.json,2025-07-07 3:50:07,Saurashtra_Enviro_Projects_Pvt._Ltd./Bethamcherla
2025-07-06,21:02:48,Bethamcherla,Nandyal,Saurashtra Enviro Projects Pvt. Ltd.,Legacy/MSW,T1279,AP26TA0434,On-site,28650,06-07-2025 20:55:03,10010,06-07-2025 21:02:36,18640,Legacy/MSW,Bethamcherla_AP26TA0434_20250706_205508_1st_front.jpg,Bethamcherla_AP26TA0434_20250706_205511_1st_back.jpg,Bethamcherla_AP26TA0434_20250706_210241_2nd_front.jpg,Bethamcherla_AP26TA0434_20250706_210244_2nd_back.jpg,Avijit Mondal,admin,2025-07-06 21:02:48,complete,28650,Saurashtra_Enviro_Projects_Pvt._Ltd./Bethamcherla/2025-07-06/json_backups/Saurashtra_Enviro_Projects_Pvt._Ltd./Bethamcherla/T1279/20250706_210248.json,2025-07-07 3:50:07,Saurashtra_Enviro_Projects_Pvt._Ltd./Bethamcherla
2025-07-06,20:34:13,Bethamcherla,Nandyal,Saurashtra Enviro Projects Pvt. Ltd.,Legacy/MSW,T1275,ap26ta0434,On-site,23350,06-07-2025 20:26:20,10100,06-07-2025 20:34:02,13250,Legacy/MSW,Bethamcherla_ap26ta0434_20250706_202627_1st_front.jpg,Bethamcherla_ap26ta0434_20250706_202630_1st_back.jpg,Bethamcherla_ap26ta0434_20250706_203407_2nd_front.jpg,Bethamcherla_ap26ta0434_20250706_203409_2nd_back.jpg,Avijit Mondal,admin,2025-07-06 20:34:25,complete,23350,Saurashtra_Enviro_Projects_Pvt._Ltd./Bethamcherla/2025-07-06/json_backups/Saurashtra_Enviro_Projects_Pvt._Ltd./Bethamcherla/T1275/20250706_203425.json,2025-07-07 3:50:07,Saurashtra_Enviro_Projects_Pvt._Ltd./Bethamcherla
2025-07-06,12:13:25,Bethamcherla,Nandyal,Saurashtra Enviro Projects Pvt. Ltd.,Legacy/MSW,T1239,AP27TW7569,On-site,24490,06-07-2025 12:07:11,10840,06-07-2025 12:13:17,13650,Legacy/MSW,Bethamcherla_AP27TW7569_20250706_120718_1st_front.jpg,Bethamcherla_AP27TW7569_20250706_120720_1st_back.jpg,Bethamcherla_AP27TW7569_20250706_121320_2nd_front.jpg,Bethamcherla_AP27TW7569_20250706_121323_2nd_back.jpg,Avijit Mondal,admin,2025-07-06 12:16:40,complete,13650,Saurashtra_Enviro_Projects_Pvt._Ltd./Bethamcherla/2025-07-06/json_backups/Saurashtra_Enviro_Projects_Pvt._Ltd./Bethamcherla/T1239/20250706_121640.json,2025-07-07 3:50:07,Saurashtra_Enviro_Projects_Pvt._Ltd./Bethamcherla
2025-07-06,22:43:24,Bethamcherla,Nandyal,Saurashtra Enviro Projects Pvt. Ltd.,Legacy/MSW,T1288,AP37TD4869,On-site,28005,06-07-2025 22:20:45,10150,06-07-2025 22:43:11,17855,Legacy/MSW,Bethamcherla_AP37TD4869_20250706_222049_1st_front.jpg,Bethamcherla_AP37TD4869_20250706_222052_1st_back.jpg,Bethamcherla_AP37TD4869_20250706_224316_2nd_front.jpg,Bethamcherla_AP37TD4869_20250706_224321_2nd_back.jpg,Avijit Mondal,admin,2025-07-06 22:43:25,complete,28005,Saurashtra_Enviro_Projects_Pvt._Ltd./Bethamcherla/2025-07-06/json_backups/Saurashtra_Enviro_Projects_Pvt._Ltd./Bethamcherla/T1288/20250706_224325.json,2025-07-07 3:50:07,Saurashtra_Enviro_Projects_Pvt._Ltd./Bethamcherla
2025-07-06,4:40:15,Bethamcherla,Nandyal,Saurashtra Enviro Projects Pvt. Ltd.,Inert,T1205,AP27TW7569,On-site,25510,06-07-2025 4:26:24,10920,06-07-2025 4:40:04,14590,Inert,Bethamcherla_AP27TW7569_20250706_042627_1st_front.jpg,Bethamcherla_AP27TW7569_20250706_042631_1st_back.jpg,Bethamcherla_AP27TW7569_20250706_044009_2nd_front.jpg,Bethamcherla_AP27TW7569_20250706_044012_2nd_back.jpg,Avijit Mondal,admin,2025-07-06 4:40:16,complete,14590,Saurashtra_Enviro_Projects_Pvt._Ltd./Bethamcherla/2025-07-06/json_backups/Saurashtra_Enviro_Projects_Pvt._Ltd./Bethamcherla/T1205/20250706_044016.json,2025-07-07 3:50:07,Saurashtra_Enviro_Projects_Pvt._Ltd./Bethamcherla
2025-07-06,23:08:22,Bethamcherla,Nandyal,Saurashtra Enviro Projects Pvt. Ltd.,Legacy/MSW,T1293,AP37TD4869,On-site,27595,06-07-2025 22:52:38,11000,06-07-2025 23:08:11,16595,Legacy/MSW,Bethamcherla_AP37TD4869_20250706_225242_1st_front.jpg,Bethamcherla_AP37TD4869_20250706_225249_1st_back.jpg,Bethamcherla_AP37TD4869_20250706_230815_2nd_front.jpg,Bethamcherla_AP37TD4869_20250706_230819_2nd_back.jpg,Avijit Mondal,admin,2025-07-06 23:08:23,complete,0,Saurashtra_Enviro_Projects_Pvt._Ltd./Bethamcherla/2025-07-06/json_backups/Saurashtra_Enviro_Projects_Pvt._Ltd./Bethamcherla/T1293/20250706_230823.json,2025-07-07 3:50:07,Saurashtra_Enviro_Projects_Pvt._Ltd./Bethamcherla
2025-07-06,13:01:23,Bethamcherla,Nandyal,Saurashtra Enviro Projects Pvt. Ltd.,Legacy/MSW,T1246,AP37TD4869,On-site,27070,06-07-2025 12:57:50,10550,06-07-2025 13:01:15,16520,Legacy/MSW,Bethamcherla_AP37TD4869_20250706_125754_1st_front.jpg,Bethamcherla_AP37TD4869_20250706_125756_1st_back.jpg,Bethamcherla_AP37TD4869_20250706_130118_2nd_front.jpg,Bethamcherla_AP37TD4869_20250706_130121_2nd_back.jpg,Avijit Mondal,admin,2025-07-06 13:01:24,complete,16520,Saurashtra_Enviro_Projects_Pvt._Ltd./Bethamcherla/2025-07-06/json_backups/Saurashtra_Enviro_Projects_Pvt._Ltd./Bethamcherla/T1246/20250706_130124.json,2025-07-07 3:50:07,Saurashtra_Enviro_Projects_Pvt._Ltd./Bethamcherla
2025-07-06,11:34:57,Bethamcherla,Nandyal,Saurashtra Enviro Projects Pvt. Ltd.,Legacy/MSW,T1234,AP27TW7569,On-site,28210,06-07-2025 11:28:53,10870,06-07-2025 11:34:46,17340,Legacy/MSW,Bethamcherla_AP27TW7569_20250706_112856_1st_front.jpg,Bethamcherla_AP27TW7569_20250706_112902_1st_back.jpg,Bethamcherla_AP27TW7569_20250706_113449_2nd_front.jpg,Bethamcherla_AP27TW7569_20250706_113452_2nd_back.jpg,Avijit Mondal,admin,2025-07-06 11:34:58,complete,17340,Saurashtra_Enviro_Projects_Pvt._Ltd./Bethamcherla/2025-07-06/json_backups/Saurashtra_Enviro_Projects_Pvt._Ltd./Bethamcherla/T1234/20250706_113458.json,2025-07-07 3:50:07,Saurashtra_Enviro_Projects_Pvt._Ltd./Bethamcherla
2025-07-06,11:51:53,Bethamcherla,Nandyal,Saurashtra Enviro Projects Pvt. Ltd.,Legacy/MSW,T1236,AP37TD4869,On-site,26430,06-07-2025 11:46:38,10580,06-07-2025 11:51:41,15850,Legacy/MSW,Bethamcherla_AP37TD4869_20250706_114641_1st_front.jpg,Bethamcherla_AP37TD4869_20250706_114645_1st_back.jpg,Bethamcherla_AP37TD4869_20250706_115145_2nd_front.jpg,Bethamcherla_AP37TD4869_20250706_115150_2nd_back.jpg,Avijit Mondal,admin,2025-07-06 11:51:54,complete,15850,Saurashtra_Enviro_Projects_Pvt._Ltd./Bethamcherla/2025-07-06/json_backups/Saurashtra_Enviro_Projects_Pvt._Ltd./Bethamcherla/T1236/20250706_115154.json,2025-07-07 3:50:07,Saurashtra_Enviro_Projects_Pvt._Ltd./Bethamcherla
2025-07-06,0:32:14,Bethamcherla,Nandyal,Saurashtra Enviro Projects Pvt. Ltd.,Inert,T1187,ap21tb4935,On-site,25180,06-07-2025 0:10:50,10760,06-07-2025 0:32:04,14420,Inert,Bethamcherla_ap21tb4935_20250706_001055_1st_front.jpg,Bethamcherla_ap21tb4935_20250706_001059_1st_back.jpg,Bethamcherla_ap21tb4935_20250706_003208_2nd_front.jpg,Bethamcherla_ap21tb4935_20250706_003211_2nd_back.jpg,Avijit Mondal,admin,2025-07-06 0:32:14,complete,14420,Saurashtra_Enviro_Projects_Pvt._Ltd./Bethamcherla/2025-07-06/json_backups/Saurashtra_Enviro_Projects_Pvt._Ltd./Bethamcherla/T1187/20250706_003214.json,2025-07-07 3:50:07,Saurashtra_Enviro_Projects_Pvt._Ltd./Bethamcherla
2025-07-06,20:53:55,Bethamcherla,Nandyal,Saurashtra Enviro Projects Pvt. Ltd.,Soil,T1276,AP28TC8081,On-site,28380,06-07-2025 20:31:30,10555,06-07-2025 20:53:46,17825,Soil,Bethamcherla_AP28TC8081_20250706_203136_1st_front.jpg,Bethamcherla_AP28TC8081_20250706_203139_1st_back.jpg,Bethamcherla_AP28TC8081_20250706_205350_2nd_front.jpg,Bethamcherla_AP28TC8081_20250706_205352_2nd_back.jpg,Avijit Mondal,admin,2025-07-06 20:53:56,complete,28380,Saurashtra_Enviro_Projects_Pvt._Ltd./Bethamcherla/2025-07-06/json_backups/Saurashtra_Enviro_Projects_Pvt._Ltd./Bethamcherla/T1276/20250706_205356.json,2025-07-07 3:50:07,Saurashtra_Enviro_Projects_Pvt._Ltd./Bethamcherla
2025-07-06,9:58:26,Bethamcherla,Nandyal,Saurashtra Enviro Projects Pvt. Ltd.,Legacy/MSW,T1222,AP27TW7569,On-site,29150,06-07-2025 9:52:13,10860,06-07-2025 9:58:14,18290,Legacy/MSW,Bethamcherla_AP27TW7569_20250706_095217_1st_front.jpg,Bethamcherla_AP27TW7569_20250706_095220_1st_back.jpg,Bethamcherla_AP27TW7569_20250706_095818_2nd_front.jpg,Bethamcherla_AP27TW7569_20250706_095821_2nd_back.jpg,Avijit Mondal,admin,2025-07-06 9:58:26,complete,18290,Saurashtra_Enviro_Projects_Pvt._Ltd./Bethamcherla/2025-07-06/json_backups/Saurashtra_Enviro_Projects_Pvt._Ltd./Bethamcherla/T1222/20250706_095826.json,2025-07-07 3:50:07,Saurashtra_Enviro_Projects_Pvt._Ltd./Bethamcherla
2025-07-06,15:55:13,Bethamcherla,Nandyal,Saurashtra Enviro Projects Pvt. Ltd.,Soil,T1253,AP37TD4869,On-site,27790,06-07-2025 15:06:08,10550,06-07-2025 15:55:00,17240,Soil,Bethamcherla_AP37TD4869_20250706_150612_1st_front.jpg,Bethamcherla_AP37TD4869_20250706_150617_1st_back.jpg,Bethamcherla_AP37TD4869_20250706_155504_2nd_front.jpg,Bethamcherla_AP37TD4869_20250706_155507_2nd_back.jpg,Avijit Mondal,admin,2025-07-06 15:55:13,complete,17240,Saurashtra_Enviro_Projects_Pvt._Ltd./Bethamcherla/2025-07-06/json_backups/Saurashtra_Enviro_Projects_Pvt._Ltd./Bethamcherla/T1253/20250706_155513.json,2025-07-07 3:50:07,Saurashtra_Enviro_Projects_Pvt._Ltd./Bethamcherla
2025-07-06,23:46:56,Bethamcherla,Nandyal,Saurashtra Enviro Projects Pvt. Ltd.,Legacy/MSW,T1298,AP 26 TA 0434,On-site,29660,06-07-2025 23:28:28,10500,06-07-2025 23:46:43,19160,Legacy/MSW,Bethamcherla_AP_26_TA_0434_20250706_232831_1st_front.jpg,Bethamcherla_AP_26_TA_0434_20250706_232835_1st_back.jpg,Bethamcherla_AP_26_TA_0434_20250706_234649_2nd_front.jpg,Bethamcherla_AP_26_TA_0434_20250706_234653_2nd_back.jpg,Avijit Mondal,admin,2025-07-06 23:46:56,complete,29660,Saurashtra_Enviro_Projects_Pvt._Ltd./Bethamcherla/2025-07-06/json_backups/Saurashtra_Enviro_Projects_Pvt._Ltd./Bethamcherla/T1298/20250706_234656.json,2025-07-07 3:50:07,Saurashtra_Enviro_Projects_Pvt._Ltd./Bethamcherla
2025-07-06,0:03:34,Bethamcherla,Nandyal,Saurashtra Enviro Projects Pvt. Ltd.,Inert,T1183,ap21tb4935,On-site,26560,05-07-2025 23:32:28,10780,06-07-2025 0:03:23,15780,Inert,Bethamcherla_ap21tb4935_20250705_233232_1st_front.jpg,Bethamcherla_ap21tb4935_20250705_233236_1st_back.jpg,Bethamcherla_ap21tb4935_20250706_000327_2nd_front.jpg,Bethamcherla_ap21tb4935_20250706_000331_2nd_back.jpg,Avijit Mondal,admin,2025-07-06 0:03:35,complete,15780,Saurashtra_Enviro_Projects_Pvt._Ltd./Bethamcherla/2025-07-06/json_backups/Saurashtra_Enviro_Projects_Pvt._Ltd./Bethamcherla/T1183/20250706_000335.json,2025-07-07 3:50:08,Saurashtra_Enviro_Projects_Pvt._Ltd./Bethamcherla
2025-07-06,23:48:58,Bethamcherla,Nandyal,Saurashtra Enviro Projects Pvt. Ltd.,Legacy/MSW,T1299,AP27TW7569,On-site,28965,06-07-2025 23:33:46,10365,06-07-2025 23:48:49,18600,Legacy/MSW,Bethamcherla_AP27TW7569_20250706_233349_1st_front.jpg,Bethamcherla_AP27TW7569_20250706_233353_1st_back.jpg,Bethamcherla_AP27TW7569_20250706_234852_2nd_front.jpg,Bethamcherla_AP27TW7569_20250706_234855_2nd_back.jpg,Avijit Mondal,admin,2025-07-06 23:48:59,complete,0,Saurashtra_Enviro_Projects_Pvt._Ltd./Bethamcherla/2025-07-06/json_backups/Saurashtra_Enviro_Projects_Pvt._Ltd./Bethamcherla/T1299/20250706_234859.json,2025-07-07 3:50:08,Saurashtra_Enviro_Projects_Pvt._Ltd./Bethamcherla
2025-07-06,0:30:46,Bethamcherla,Nandyal,Saurashtra Enviro Projects Pvt. Ltd.,Inert,T1186,ap26ta0434,On-site,25570,06-07-2025 0:05:35,10020,06-07-2025 0:30:34,15550,Inert,Bethamcherla_ap26ta0434_20250706_000540_1st_front.jpg,Bethamcherla_ap26ta0434_20250706_000544_1st_back.jpg,Bethamcherla_ap26ta0434_20250706_003039_2nd_front.jpg,Bethamcherla_ap26ta0434_20250706_003042_2nd_back.jpg,Avijit Mondal,admin,2025-07-06 0:30:47,complete,15550,Saurashtra_Enviro_Projects_Pvt._Ltd./Bethamcherla/2025-07-06/json_backups/Saurashtra_Enviro_Projects_Pvt._Ltd./Bethamcherla/T1186/20250706_003047.json,2025-07-07 3:50:08,Saurashtra_Enviro_Projects_Pvt._Ltd./Bethamcherla
2025-07-06,23:16:40,Bethamcherla,Nandyal,Saurashtra Enviro Projects Pvt. Ltd.,Legacy/MSW,T1294,AP27TW7569,On-site,29765,06-07-2025 22:59:01,10565,06-07-2025 23:16:28,19200,Legacy/MSW,Bethamcherla_AP27TW7569_20250706_225906_1st_front.jpg,Bethamcherla_AP27TW7569_20250706_225910_1st_back.jpg,Bethamcherla_AP27TW7569_20250706_231633_2nd_front.jpg,Bethamcherla_AP27TW7569_20250706_231636_2nd_back.jpg,Avijit Mondal,admin,2025-07-06 23:16:40,complete,29765,Saurashtra_Enviro_Projects_Pvt._Ltd./Bethamcherla/2025-07-06/json_backups/Saurashtra_Enviro_Projects_Pvt._Ltd./Bethamcherla/T1294/20250706_231640.json,2025-07-07 3:50:08,Saurashtra_Enviro_Projects_Pvt._Ltd./Bethamcherla
2025-07-06,2:20:58,Bethamcherla,Nandyal,Saurashtra Enviro Projects Pvt. Ltd.,Inert,T1197,AP21TB4935,On-site,26580,06-07-2025 2:02:54,10760,06-07-2025 2:20:47,15820,Inert,Bethamcherla_AP21TB4935_20250706_020300_1st_front.jpg,Bethamcherla_AP21TB4935_20250706_020303_1st_back.jpg,Bethamcherla_AP21TB4935_20250706_022051_2nd_front.jpg,Bethamcherla_AP21TB4935_20250706_022055_2nd_back.jpg,Avijit Mondal,admin,2025-07-06 2:20:59,complete,15820,Saurashtra_Enviro_Projects_Pvt._Ltd./Bethamcherla/2025-07-06/json_backups/Saurashtra_Enviro_Projects_Pvt._Ltd./Bethamcherla/T1197/20250706_022059.json,2025-07-07 3:50:08,Saurashtra_Enviro_Projects_Pvt._Ltd./Bethamcherla
2025-07-06,0:27:39,Bethamcherla,Nandyal,Saurashtra Enviro Projects Pvt. Ltd.,Inert,T1185,AP28TC8081,On-site,24680,06-07-2025 0:00:07,10960,06-07-2025 0:27:28,13720,Inert,Bethamcherla_AP28TC8081_20250706_000012_1st_front.jpg,Bethamcherla_AP28TC8081_20250706_000017_1st_back.jpg,Bethamcherla_AP28TC8081_20250706_002731_2nd_front.jpg,Bethamcherla_AP28TC8081_20250706_002736_2nd_back.jpg,Avijit Mondal,admin,2025-07-06 0:27:40,complete,13720,Saurashtra_Enviro_Projects_Pvt._Ltd./Bethamcherla/2025-07-06/json_backups/Saurashtra_Enviro_Projects_Pvt._Ltd./Bethamcherla/T1185/20250706_002740.json,2025-07-07 3:50:08,Saurashtra_Enviro_Projects_Pvt._Ltd./Bethamcherla
2025-07-06,4:20:27,Bethamcherla,Nandyal,Saurashtra Enviro Projects Pvt. Ltd.,Inert,T1204,AP21TB4935,On-site,22860,06-07-2025 4:03:58,10750,06-07-2025 4:20:16,12110,Inert,Bethamcherla_AP21TB4935_20250706_040402_1st_front.jpg,Bethamcherla_AP21TB4935_20250706_040407_1st_back.jpg,Bethamcherla_AP21TB4935_20250706_042020_2nd_front.jpg,Bethamcherla_AP21TB4935_20250706_042024_2nd_back.jpg,Avijit Mondal,admin,2025-07-06 4:20:28,complete,12110,Saurashtra_Enviro_Projects_Pvt._Ltd./Bethamcherla/2025-07-06/json_backups/Saurashtra_Enviro_Projects_Pvt._Ltd./Bethamcherla/T1204/20250706_042028.json,2025-07-07 3:50:08,Saurashtra_Enviro_Projects_Pvt._Ltd./Bethamcherla
2025-07-06,0:40:03,Bethamcherla,Nandyal,Saurashtra Enviro Projects Pvt. Ltd.,Inert,T1188,AP27TW7569,On-site,25330,06-07-2025 0:25:04,10940,06-07-2025 0:39:52,14390,Inert,Bethamcherla_AP27TW7569_20250706_002509_1st_front.jpg,Bethamcherla_AP27TW7569_20250706_002513_1st_back.jpg,Bethamcherla_AP27TW7569_20250706_003956_2nd_front.jpg,Bethamcherla_AP27TW7569_20250706_004000_2nd_back.jpg,Avijit Mondal,admin,2025-07-06 0:40:03,complete,14390,Saurashtra_Enviro_Projects_Pvt._Ltd./Bethamcherla/2025-07-06/json_backups/Saurashtra_Enviro_Projects_Pvt._Ltd./Bethamcherla/T1188/20250706_004003.json,2025-07-07 3:50:08,Saurashtra_Enviro_Projects_Pvt._Ltd./Bethamcherla
2025-07-06,2:52:57,Bethamcherla,Nandyal,Saurashtra Enviro Projects Pvt. Ltd.,Inert,T1201,AP27TW7569,On-site,25260,06-07-2025 2:38:22,10950,06-07-2025 2:52:45,14310,Inert,Bethamcherla_AP27TW7569_20250706_023827_1st_front.jpg,Bethamcherla_AP27TW7569_20250706_023831_1st_back.jpg,Bethamcherla_AP27TW7569_20250706_025249_2nd_front.jpg,Bethamcherla_AP27TW7569_20250706_025254_2nd_back.jpg,Avijit Mondal,admin,2025-07-06 2:52:58,complete,14310,Saurashtra_Enviro_Projects_Pvt._Ltd./Bethamcherla/2025-07-06/json_backups/Saurashtra_Enviro_Projects_Pvt._Ltd./Bethamcherla/T1201/20250706_025258.json,2025-07-07 3:50:08,Saurashtra_Enviro_Projects_Pvt._Ltd./Bethamcherla
2025-07-06,2:11:58,Bethamcherla,Nandyal,Saurashtra Enviro Projects Pvt. Ltd.,Inert,T1196,AP 26 TA 0434,On-site,26480,06-07-2025 1:56:04,10030,06-07-2025 2:11:45,16450,Inert,Bethamcherla_AP_26_TA_0434_20250706_015610_1st_front.jpg,Bethamcherla_AP_26_TA_0434_20250706_015614_1st_back.jpg,Bethamcherla_AP_26_TA_0434_20250706_021149_2nd_front.jpg,Bethamcherla_AP_26_TA_0434_20250706_021155_2nd_back.jpg,Avijit Mondal,admin,2025-07-06 2:11:59,complete,16450,Saurashtra_Enviro_Projects_Pvt._Ltd./Bethamcherla/2025-07-06/json_backups/Saurashtra_Enviro_Projects_Pvt._Ltd./Bethamcherla/T1196/20250706_021159.json,2025-07-07 3:50:08,Saurashtra_Enviro_Projects_Pvt._Ltd./Bethamcherla
2025-07-06,16:00:49,Bethamcherla,Nandyal,Saurashtra Enviro Projects Pvt. Ltd.,Soil,T1257,AP28TC8081,On-site,27730,06-07-2025 15:24:35,10940,06-07-2025 16:00:37,16790,Soil,Bethamcherla_AP28TC8081_20250706_152439_1st_front.jpg,Bethamcherla_AP28TC8081_20250706_152443_1st_back.jpg,Bethamcherla_AP28TC8081_20250706_160041_2nd_front.jpg,Bethamcherla_AP28TC8081_20250706_160044_2nd_back.jpg,Avijit Mondal,admin,2025-07-06 16:01:08,complete,16790,Saurashtra_Enviro_Projects_Pvt._Ltd./Bethamcherla/2025-07-06/json_backups/Saurashtra_Enviro_Projects_Pvt._Ltd./Bethamcherla/T1257/20250706_160108.json,2025-07-07 3:50:08,Saurashtra_Enviro_Projects_Pvt._Ltd./Bethamcherla
2025-07-06,10:22:17,Bethamcherla,Nandyal,Saurashtra Enviro Projects Pvt. Ltd.,Legacy/MSW,T1225,AP 26 TA 0434,On-site,25830,06-07-2025 10:15:42,10040,06-07-2025 10:22:07,15790,Legacy/MSW,Bethamcherla_AP_26_TA_0434_20250706_101545_1st_front.jpg,Bethamcherla_AP_26_TA_0434_20250706_101550_1st_back.jpg,Bethamcherla_AP_26_TA_0434_20250706_102210_2nd_front.jpg,Bethamcherla_AP_26_TA_0434_20250706_102213_2nd_back.jpg,Avijit Mondal,admin,2025-07-06 10:22:17,complete,15790,Saurashtra_Enviro_Projects_Pvt._Ltd./Bethamcherla/2025-07-06/json_backups/Saurashtra_Enviro_Projects_Pvt._Ltd./Bethamcherla/T1225/20250706_102217.json,2025-07-07 3:50:08,Saurashtra_Enviro_Projects_Pvt._Ltd./Bethamcherla
2025-07-06,21:53:39,Bethamcherla,Nandyal,Saurashtra Enviro Projects Pvt. Ltd.,Legacy/MSW,T1285,AP28TC8081,On-site,28550,06-07-2025 21:38:27,10120,06-07-2025 21:53:30,18430,Legacy/MSW,Bethamcherla_AP28TC8081_20250706_213832_1st_front.jpg,Bethamcherla_AP28TC8081_20250706_213836_1st_back.jpg,Bethamcherla_AP28TC8081_20250706_215333_2nd_front.jpg,Bethamcherla_AP28TC8081_20250706_215336_2nd_back.jpg,Avijit Mondal,admin,2025-07-06 21:53:40,complete,0,Saurashtra_Enviro_Projects_Pvt._Ltd./Bethamcherla/2025-07-06/json_backups/Saurashtra_Enviro_Projects_Pvt._Ltd./Bethamcherla/T1285/20250706_215340.json,2025-07-07 3:50:08,Saurashtra_Enviro_Projects_Pvt._Ltd./Bethamcherla
2025-07-06,18:11:07,Bethamcherla,Nandyal,Saurashtra Enviro Projects Pvt. Ltd.,Soil,T1272,AP37TD4869,On-site,28410,06-07-2025 17:55:50,10500,06-07-2025 18:10:56,17910,Soil,Bethamcherla_AP37TD4869_20250706_175555_1st_front.jpg,Bethamcherla_AP37TD4869_20250706_175558_1st_back.jpg,Bethamcherla_AP37TD4869_20250706_181100_2nd_front.jpg,Bethamcherla_AP37TD4869_20250706_181103_2nd_back.jpg,Avijit Mondal,admin,2025-07-06 18:11:58,complete,17910,Saurashtra_Enviro_Projects_Pvt._Ltd./Bethamcherla/2025-07-06/json_backups/Saurashtra_Enviro_Projects_Pvt._Ltd./Bethamcherla/T1272/20250706_181158.json,2025-07-07 3:50:08,Saurashtra_Enviro_Projects_Pvt._Ltd./Bethamcherla
2025-07-06,23:13:46,Bethamcherla,Nandyal,Saurashtra Enviro Projects Pvt. Ltd.,Legacy/MSW,T1292,AP26TA0434,On-site,28875,06-07-2025 22:46:23,10055,06-07-2025 23:13:39,18820,Legacy/MSW,Bethamcherla_AP26TA0434_20250706_224627_1st_front.jpg,Bethamcherla_AP26TA0434_20250706_224631_1st_back.jpg,Bethamcherla_AP26TA0434_20250706_231341_2nd_front.jpg,Bethamcherla_AP26TA0434_20250706_231344_2nd_back.jpg,Avijit Mondal,admin,2025-07-06 23:13:47,complete,28875,Saurashtra_Enviro_Projects_Pvt._Ltd./Bethamcherla/2025-07-06/json_backups/Saurashtra_Enviro_Projects_Pvt._Ltd./Bethamcherla/T1292/20250706_231347.json,2025-07-07 3:50:08,Saurashtra_Enviro_Projects_Pvt._Ltd./Bethamcherla
2025-07-06,13:00:08,Bethamcherla,Nandyal,Saurashtra Enviro Projects Pvt. Ltd.,Legacy/MSW,T1245,AP21TB4935,On-site,26980,06-07-2025 12:54:47,10780,06-07-2025 13:00:01,16200,Legacy/MSW,Bethamcherla_AP21TB4935_20250706_125453_1st_front.jpg,Bethamcherla_AP21TB4935_20250706_125456_1st_back.jpg,Bethamcherla_AP21TB4935_20250706_130004_2nd_front.jpg,Bethamcherla_AP21TB4935_20250706_130006_2nd_back.jpg,Avijit Mondal,admin,2025-07-06 13:00:39,complete,16200,Saurashtra_Enviro_Projects_Pvt._Ltd./Bethamcherla/2025-07-06/json_backups/Saurashtra_Enviro_Projects_Pvt._Ltd./Bethamcherla/T1245/20250706_130039.json,2025-07-07 3:50:09,Saurashtra_Enviro_Projects_Pvt._Ltd./Bethamcherla
2025-07-06,17:41:34,Bethamcherla,Nandyal,Saurashtra Enviro Projects Pvt. Ltd.,Soil,T1263,AP21TB4935,On-site,29270,06-07-2025 17:01:09,10430,06-07-2025 17:41:24,18840,Soil,Bethamcherla_AP21TB4935_20250706_170113_1st_front.jpg,Bethamcherla_AP21TB4935_20250706_170116_1st_back.jpg,Bethamcherla_AP21TB4935_20250706_174128_2nd_front.jpg,Bethamcherla_AP21TB4935_20250706_174131_2nd_back.jpg,Avijit Mondal,admin,2025-07-06 17:41:35,complete,18840,Saurashtra_Enviro_Projects_Pvt._Ltd./Bethamcherla/2025-07-06/json_backups/Saurashtra_Enviro_Projects_Pvt._Ltd./Bethamcherla/T1263/20250706_174135.json,2025-07-07 3:50:09,Saurashtra_Enviro_Projects_Pvt._Ltd./Bethamcherla
2025-07-06,20:44:06,Bethamcherla,Nandyal,Saurashtra Enviro Projects Pvt. Ltd.,Legacy/MSW,T1277,AP21TB4935,On-site,29450,06-07-2025 20:36:12,10510,06-07-2025 20:43:56,18940,Legacy/MSW,Bethamcherla_AP21TB4935_20250706_203616_1st_front.jpg,Bethamcherla_AP21TB4935_20250706_203619_1st_back.jpg,Bethamcherla_AP21TB4935_20250706_204359_2nd_front.jpg,Bethamcherla_AP21TB4935_20250706_204402_2nd_back.jpg,Avijit Mondal,admin,2025-07-06 20:44:07,complete,29450,Saurashtra_Enviro_Projects_Pvt._Ltd./Bethamcherla/2025-07-06/json_backups/Saurashtra_Enviro_Projects_Pvt._Ltd./Bethamcherla/T1277/20250706_204407.json,2025-07-07 3:50:09,Saurashtra_Enviro_Projects_Pvt._Ltd./Bethamcherla
2025-07-06,18:02:06,Bethamcherla,Nandyal,Saurashtra Enviro Projects Pvt. Ltd.,Legacy/MSW,T1271,AP28TC8081,On-site,29950,06-07-2025 17:54:19,11000,06-07-2025 18:01:56,18950,Legacy/MSW,Bethamcherla_AP28TC8081_20250706_175422_1st_front.jpg,Bethamcherla_AP28TC8081_20250706_175424_1st_back.jpg,Bethamcherla_AP28TC8081_20250706_180200_2nd_front.jpg,Bethamcherla_AP28TC8081_20250706_180203_2nd_back.jpg,Avijit Mondal,admin,2025-07-06 18:02:07,complete,29950,Saurashtra_Enviro_Projects_Pvt._Ltd./Bethamcherla/2025-07-06/json_backups/Saurashtra_Enviro_Projects_Pvt._Ltd./Bethamcherla/T1271/20250706_180207.json,2025-07-07 3:50:09,Saurashtra_Enviro_Projects_Pvt._Ltd./Bethamcherla
2025-07-06,22:47:51,Bethamcherla,Nandyal,Saurashtra Enviro Projects Pvt. Ltd.,Legacy/MSW,T1290,AP27TW7569,On-site,28890,06-07-2025 22:32:21,11500,06-07-2025 22:47:41,17390,Legacy/MSW,Bethamcherla_AP27TW7569_20250706_223225_1st_front.jpg,Bethamcherla_AP27TW7569_20250706_223227_1st_back.jpg,Bethamcherla_AP27TW7569_20250706_224745_2nd_front.jpg,Bethamcherla_AP27TW7569_20250706_224748_2nd_back.jpg,Avijit Mondal,admin,2025-07-06 22:47:52,complete,28890,Saurashtra_Enviro_Projects_Pvt._Ltd./Bethamcherla/2025-07-06/json_backups/Saurashtra_Enviro_Projects_Pvt._Ltd./Bethamcherla/T1290/20250706_224752.json,2025-07-07 3:50:09,Saurashtra_Enviro_Projects_Pvt._Ltd./Bethamcherla
2025-07-06,12:49:05,Bethamcherla,Nandyal,Saurashtra Enviro Projects Pvt. Ltd.,Legacy/MSW,T1244,AP27TW7569,On-site,26200,06-07-2025 12:42:59,10870,06-07-2025 12:48:55,15330,Legacy/MSW,Bethamcherla_AP27TW7569_20250706_124303_1st_front.jpg,Bethamcherla_AP27TW7569_20250706_124305_1st_back.jpg,Bethamcherla_AP27TW7569_20250706_124859_2nd_front.jpg,Bethamcherla_AP27TW7569_20250706_124902_2nd_back.jpg,Avijit Mondal,admin,2025-07-06 12:49:06,complete,15330,Saurashtra_Enviro_Projects_Pvt._Ltd./Bethamcherla/2025-07-06/json_backups/Saurashtra_Enviro_Projects_Pvt._Ltd./Bethamcherla/T1244/20250706_124906.json,2025-07-07 3:50:09,Saurashtra_Enviro_Projects_Pvt._Ltd./Bethamcherla
2025-07-06,8:58:09,Bethamcherla,Nandyal,Saurashtra Enviro Projects Pvt. Ltd.,Legacy/MSW,T1215,AP21TB4935,On-site,23450,06-07-2025 8:51:16,10760,06-07-2025 8:58:00,12690,Legacy/MSW,Bethamcherla_AP21TB4935_20250706_085120_1st_front.jpg,Bethamcherla_AP21TB4935_20250706_085123_1st_back.jpg,Bethamcherla_AP21TB4935_20250706_085803_2nd_front.jpg,Bethamcherla_AP21TB4935_20250706_085805_2nd_back.jpg,Avijit Mondal,admin,2025-07-06 8:58:22,complete,12690,Saurashtra_Enviro_Projects_Pvt._Ltd./Bethamcherla/2025-07-06/json_backups/Saurashtra_Enviro_Projects_Pvt._Ltd./Bethamcherla/T1215/20250706_085822.json,2025-07-07 3:50:09,Saurashtra_Enviro_Projects_Pvt._Ltd./Bethamcherla
2025-07-06,12:05:56,Bethamcherla,Nandyal,Saurashtra Enviro Projects Pvt. Ltd.,Legacy/MSW,T1238,AP28TC8081,On-site,24110,06-07-2025 12:01:30,11000,06-07-2025 12:05:45,13110,Legacy/MSW,Bethamcherla_AP28TC8081_20250706_120136_1st_front.jpg,Bethamcherla_AP28TC8081_20250706_120140_1st_back.jpg,Bethamcherla_AP28TC8081_20250706_120548_2nd_front.jpg,Bethamcherla_AP28TC8081_20250706_120552_2nd_back.jpg,Avijit Mondal,admin,2025-07-06 12:05:56,complete,13110,Saurashtra_Enviro_Projects_Pvt._Ltd./Bethamcherla/2025-07-06/json_backups/Saurashtra_Enviro_Projects_Pvt._Ltd./Bethamcherla/T1238/20250706_120556.json,2025-07-07 3:50:09,Saurashtra_Enviro_Projects_Pvt._Ltd./Bethamcherla
2025-07-06,6:04:32,Bethamcherla,Nandyal,Saurashtra Enviro Projects Pvt. Ltd.,Soil,T1213,AP21TB4935,On-site,25210,06-07-2025 5:47:43,10760,06-07-2025 6:04:17,14450,Soil,Bethamcherla_AP21TB4935_20250706_054748_1st_front.jpg,Bethamcherla_AP21TB4935_20250706_054752_1st_back.jpg,Bethamcherla_AP21TB4935_20250706_060421_2nd_front.jpg,Bethamcherla_AP21TB4935_20250706_060425_2nd_back.jpg,Avijit Mondal,admin,2025-07-06 6:04:33,complete,14450,Saurashtra_Enviro_Projects_Pvt._Ltd./Bethamcherla/2025-07-06/json_backups/Saurashtra_Enviro_Projects_Pvt._Ltd./Bethamcherla/T1213/20250706_060433.json,2025-07-07 3:50:09,Saurashtra_Enviro_Projects_Pvt._Ltd./Bethamcherla
2025-07-06,5:33:26,Bethamcherla,Nandyal,Saurashtra Enviro Projects Pvt. Ltd.,Soil,T1209,AP 26 TA 0434,On-site,26270,06-07-2025 5:19:07,10040,06-07-2025 5:33:15,16230,Soil,Bethamcherla_AP_26_TA_0434_20250706_051911_1st_front.jpg,Bethamcherla_AP_26_TA_0434_20250706_051915_1st_back.jpg,Bethamcherla_AP_26_TA_0434_20250706_053319_2nd_front.jpg,Bethamcherla_AP_26_TA_0434_20250706_053323_2nd_back.jpg,Avijit Mondal,admin,2025-07-06 5:33:27,complete,16230,Saurashtra_Enviro_Projects_Pvt._Ltd./Bethamcherla/2025-07-06/json_backups/Saurashtra_Enviro_Projects_Pvt._Ltd./Bethamcherla/T1209/20250706_053327.json,2025-07-07 3:50:09,Saurashtra_Enviro_Projects_Pvt._Ltd./Bethamcherla
2025-07-06,18:26:21,Bethamcherla,Nandyal,Saurashtra Enviro Projects Pvt. Ltd.,Legacy/MSW,T1273,AP26TA0434,On-site,27950,06-07-2025 18:19:50,9970,06-07-2025 18:26:10,17980,Legacy/MSW,Bethamcherla_AP26TA0434_20250706_181953_1st_front.jpg,Bethamcherla_AP26TA0434_20250706_181955_1st_back.jpg,Bethamcherla_AP26TA0434_20250706_182613_2nd_front.jpg,Bethamcherla_AP26TA0434_20250706_182616_2nd_back.jpg,Avijit Mondal,admin,2025-07-06 18:26:22,complete,17980,Saurashtra_Enviro_Projects_Pvt._Ltd./Bethamcherla/2025-07-06/json_backups/Saurashtra_Enviro_Projects_Pvt._Ltd./Bethamcherla/T1273/20250706_182622.json,2025-07-07 3:50:09,Saurashtra_Enviro_Projects_Pvt._Ltd./Bethamcherla
2025-07-06,16:53:45,Bethamcherla,Nandyal,Saurashtra Enviro Projects Pvt. Ltd.,Soil,T1259,AP37TD4869,On-site,28730,06-07-2025 16:07:27,10450,06-07-2025 16:53:34,18280,Soil,Bethamcherla_AP37TD4869_20250706_160732_1st_front.jpg,Bethamcherla_AP37TD4869_20250706_160736_1st_back.jpg,Bethamcherla_AP37TD4869_20250706_165340_2nd_front.jpg,Bethamcherla_AP37TD4869_20250706_165342_2nd_back.jpg,Avijit Mondal,admin,2025-07-06 16:53:49,complete,28730,Saurashtra_Enviro_Projects_Pvt._Ltd./Bethamcherla/2025-07-06/json_backups/Saurashtra_Enviro_Projects_Pvt._Ltd./Bethamcherla/T1259/20250706_165349.json,2025-07-07 3:50:09,Saurashtra_Enviro_Projects_Pvt._Ltd./Bethamcherla
2025-07-06,17:45:17,Bethamcherla,Nandyal,Saurashtra Enviro Projects Pvt. Ltd.,Soil,T1264,AP37TD4869,On-site,29060,06-07-2025 17:07:57,10200,06-07-2025 17:45:07,18860,Soil,Bethamcherla_AP37TD4869_20250706_170805_1st_front.jpg,Bethamcherla_AP37TD4869_20250706_170808_1st_back.jpg,Bethamcherla_AP37TD4869_20250706_174511_2nd_front.jpg,Bethamcherla_AP37TD4869_20250706_174514_2nd_back.jpg,Avijit Mondal,admin,2025-07-06 17:45:18,complete,28860,Saurashtra_Enviro_Projects_Pvt._Ltd./Bethamcherla/2025-07-06/json_backups/Saurashtra_Enviro_Projects_Pvt._Ltd./Bethamcherla/T1264/20250706_174518.json,2025-07-07 3:50:09,Saurashtra_Enviro_Projects_Pvt._Ltd./Bethamcherla
2025-07-06,11:09:10,Bethamcherla,Nandyal,Saurashtra Enviro Projects Pvt. Ltd.,Legacy/MSW,T1231,ap21tb4935,On-site,24550,06-07-2025 11:02:55,10760,06-07-2025 11:09:01,13790,Legacy/MSW,Bethamcherla_ap21tb4935_20250706_110259_1st_front.jpg,Bethamcherla_ap21tb4935_20250706_110302_1st_back.jpg,Bethamcherla_ap21tb4935_20250706_110904_2nd_front.jpg,Bethamcherla_ap21tb4935_20250706_110907_2nd_back.jpg,Avijit Mondal,admin,2025-07-06 11:09:11,complete,13790,Saurashtra_Enviro_Projects_Pvt._Ltd./Bethamcherla/2025-07-06/json_backups/Saurashtra_Enviro_Projects_Pvt._Ltd./Bethamcherla/T1231/20250706_110911.json,2025-07-07 3:50:09,Saurashtra_Enviro_Projects_Pvt._Ltd./Bethamcherla
2025-07-06,1:03:20,Bethamcherla,Nandyal,Saurashtra Enviro Projects Pvt. Ltd.,Inert,T1189,AP28TC8081,On-site,23990,06-07-2025 0:42:40,11020,06-07-2025 1:03:10,12970,Inert,Bethamcherla_AP28TC8081_20250706_004243_1st_front.jpg,Bethamcherla_AP28TC8081_20250706_004247_1st_back.jpg,Bethamcherla_AP28TC8081_20250706_010314_2nd_front.jpg,Bethamcherla_AP28TC8081_20250706_010317_2nd_back.jpg,Avijit Mondal,admin,2025-07-06 1:03:21,complete,12970,Saurashtra_Enviro_Projects_Pvt._Ltd./Bethamcherla/2025-07-06/json_backups/Saurashtra_Enviro_Projects_Pvt._Ltd./Bethamcherla/T1189/20250706_010321.json,2025-07-07 3:50:10,Saurashtra_Enviro_Projects_Pvt._Ltd./Bethamcherla
2025-07-06,11:10:45,Bethamcherla,Nandyal,Saurashtra Enviro Projects Pvt. Ltd.,Legacy/MSW,T1232,AP37TD4869,On-site,27580,06-07-2025 11:06:55,10590,06-07-2025 11:10:32,16990,Legacy/MSW,Bethamcherla_AP37TD4869_20250706_110658_1st_front.jpg,Bethamcherla_AP37TD4869_20250706_110700_1st_back.jpg,Bethamcherla_AP37TD4869_20250706_111037_2nd_front.jpg,Bethamcherla_AP37TD4869_20250706_111041_2nd_back.jpg,Avijit Mondal,admin,2025-07-06 11:10:45,complete,16990,Saurashtra_Enviro_Projects_Pvt._Ltd./Bethamcherla/2025-07-06/json_backups/Saurashtra_Enviro_Projects_Pvt._Ltd./Bethamcherla/T1232/20250706_111045.json,2025-07-07 3:50:10,Saurashtra_Enviro_Projects_Pvt._Ltd./Bethamcherla
2025-07-06,10:49:38,Bethamcherla,Nandyal,Saurashtra Enviro Projects Pvt. Ltd.,Legacy/MSW,T1229,AP 26 TA 0434,On-site,24240,06-07-2025 10:44:06,10060,06-07-2025 10:49:27,14180,Legacy/MSW,Bethamcherla_AP_26_TA_0434_20250706_104409_1st_front.jpg,Bethamcherla_AP_26_TA_0434_20250706_104412_1st_back.jpg,Bethamcherla_AP_26_TA_0434_20250706_104931_2nd_front.jpg,Bethamcherla_AP_26_TA_0434_20250706_104935_2nd_back.jpg,Avijit Mondal,admin,2025-07-06 10:49:38,complete,14180,Saurashtra_Enviro_Projects_Pvt._Ltd./Bethamcherla/2025-07-06/json_backups/Saurashtra_Enviro_Projects_Pvt._Ltd./Bethamcherla/T1229/20250706_104938.json,2025-07-07 3:50:10,Saurashtra_Enviro_Projects_Pvt._Ltd./Bethamcherla
2025-07-06,9:50:13,Bethamcherla,Nandyal,Saurashtra Enviro Projects Pvt. Ltd.,Legacy/MSW,T1221,AP26TA0434,On-site,29310,06-07-2025 9:44:01,10070,06-07-2025 9:49:52,19240,Legacy/MSW,Bethamcherla_AP26TA0434_20250706_094405_1st_front.jpg,Bethamcherla_AP26TA0434_20250706_094408_1st_back.jpg,Bethamcherla_AP26TA0434_20250706_094958_2nd_front.jpg,Bethamcherla_AP26TA0434_20250706_095006_2nd_back.jpg,Avijit Mondal,admin,2025-07-06 9:50:32,complete,19240,Saurashtra_Enviro_Projects_Pvt._Ltd./Bethamcherla/2025-07-06/json_backups/Saurashtra_Enviro_Projects_Pvt._Ltd./Bethamcherla/T1221/20250706_095032.json,2025-07-07 3:50:10,Saurashtra_Enviro_Projects_Pvt._Ltd./Bethamcherla
2025-07-06,18:09:30,Bethamcherla,Nandyal,Saurashtra Enviro Projects Pvt. Ltd.,Soil,T1270,AP21TB4935,On-site,28840,06-07-2025 17:51:58,9985,06-07-2025 18:09:20,18855,Soil,Bethamcherla_AP21TB4935_20250706_175201_1st_front.jpg,Bethamcherla_AP21TB4935_20250706_175203_1st_back.jpg,Bethamcherla_AP21TB4935_20250706_180924_2nd_front.jpg,Bethamcherla_AP21TB4935_20250706_180927_2nd_back.jpg,Avijit Mondal,admin,2025-07-06 18:09:31,complete,28840,Saurashtra_Enviro_Projects_Pvt._Ltd./Bethamcherla/2025-07-06/json_backups/Saurashtra_Enviro_Projects_Pvt._Ltd./Bethamcherla/T1270/20250706_180931.json,2025-07-07 3:50:10,Saurashtra_Enviro_Projects_Pvt._Ltd./Bethamcherla
2025-07-06,5:11:47,Bethamcherla,Nandyal,Saurashtra Enviro Projects Pvt. Ltd.,Inert,T1208,AP27TW7569,On-site,20660,06-07-2025 4:47:40,10920,06-07-2025 5:11:36,9740,Inert,Bethamcherla_AP27TW7569_20250706_044744_1st_front.jpg,Bethamcherla_AP27TW7569_20250706_044747_1st_back.jpg,Bethamcherla_AP27TW7569_20250706_051141_2nd_front.jpg,Bethamcherla_AP27TW7569_20250706_051144_2nd_back.jpg,Avijit Mondal,admin,2025-07-06 5:11:47,complete,9740,Saurashtra_Enviro_Projects_Pvt._Ltd./Bethamcherla/2025-07-06/json_backups/Saurashtra_Enviro_Projects_Pvt._Ltd./Bethamcherla/T1208/20250706_051147.json,2025-07-07 3:50:10,Saurashtra_Enviro_Projects_Pvt._Ltd./Bethamcherla
2025-07-06,20:46:35,Bethamcherla,Nandyal,Saurashtra Enviro Projects Pvt. Ltd.,Legacy/MSW,T1278,AP37TD4869,On-site,29320,06-07-2025 20:39:35,10450,06-07-2025 20:46:25,18870,Legacy/MSW,Bethamcherla_AP37TD4869_20250706_203939_1st_front.jpg,Bethamcherla_AP37TD4869_20250706_203942_1st_back.jpg,Bethamcherla_AP37TD4869_20250706_204629_2nd_front.jpg,Bethamcherla_AP37TD4869_20250706_204631_2nd_back.jpg,Avijit Mondal,admin,2025-07-06 20:46:36,complete,29320,Saurashtra_Enviro_Projects_Pvt._Ltd./Bethamcherla/2025-07-06/json_backups/Saurashtra_Enviro_Projects_Pvt._Ltd./Bethamcherla/T1278/20250706_204636.json,2025-07-07 3:50:10,Saurashtra_Enviro_Projects_Pvt._Ltd./Bethamcherla
2025-07-06,5:55:44,Bethamcherla,Nandyal,Saurashtra Enviro Projects Pvt. Ltd.,Soil,T1212,AP 26 TA 0434,On-site,27540,06-07-2025 5:40:07,10020,06-07-2025 5:55:32,17520,Soil,Bethamcherla_AP_26_TA_0434_20250706_054011_1st_front.jpg,Bethamcherla_AP_26_TA_0434_20250706_054015_1st_back.jpg,Bethamcherla_AP_26_TA_0434_20250706_055537_2nd_front.jpg,Bethamcherla_AP_26_TA_0434_20250706_055541_2nd_back.jpg,Avijit Mondal,admin,2025-07-06 5:55:45,complete,17520,Saurashtra_Enviro_Projects_Pvt._Ltd./Bethamcherla/2025-07-06/json_backups/Saurashtra_Enviro_Projects_Pvt._Ltd./Bethamcherla/T1212/20250706_055545.json,2025-07-07 3:50:10,Saurashtra_Enviro_Projects_Pvt._Ltd./Bethamcherla
2025-07-06,3:16:42,Bethamcherla,Nandyal,Saurashtra Enviro Projects Pvt. Ltd.,Inert,T1203,AP27TW7569,On-site,24980,06-07-2025 3:02:54,10920,06-07-2025 3:16:31,14060,Inert,Bethamcherla_AP27TW7569_20250706_030258_1st_front.jpg,Bethamcherla_AP27TW7569_20250706_030301_1st_back.jpg,Bethamcherla_AP27TW7569_20250706_031635_2nd_front.jpg,Bethamcherla_AP27TW7569_20250706_031639_2nd_back.jpg,Avijit Mondal,admin,2025-07-06 3:16:43,complete,14060,Saurashtra_Enviro_Projects_Pvt._Ltd./Bethamcherla/2025-07-06/json_backups/Saurashtra_Enviro_Projects_Pvt._Ltd./Bethamcherla/T1203/20250706_031643.json,2025-07-07 3:50:10,Saurashtra_Enviro_Projects_Pvt._Ltd./Bethamcherla
2025-07-06,9:31:54,Bethamcherla,Nandyal,Saurashtra Enviro Projects Pvt. Ltd.,Legacy/MSW,T1218,AP27TW7569,On-site,24830,06-07-2025 9:24:59,10860,06-07-2025 9:31:44,13970,Legacy/MSW,Bethamcherla_AP27TW7569_20250706_092503_1st_front.jpg,Bethamcherla_AP27TW7569_20250706_092505_1st_back.jpg,Bethamcherla_AP27TW7569_20250706_093148_2nd_front.jpg,Bethamcherla_AP27TW7569_20250706_093151_2nd_back.jpg,Avijit Mondal,admin,2025-07-06 9:31:55,complete,13970,Saurashtra_Enviro_Projects_Pvt._Ltd./Bethamcherla/2025-07-06/json_backups/Saurashtra_Enviro_Projects_Pvt._Ltd./Bethamcherla/T1218/20250706_093155.json,2025-07-07 3:50:10,Saurashtra_Enviro_Projects_Pvt._Ltd./Bethamcherla
2025-07-06,15:01:05,Bethamcherla,Nandyal,Saurashtra Enviro Projects Pvt. Ltd.,Legacy/MSW,T1251,AP27TW7569,On-site,28980,06-07-2025 14:54:59,10930,06-07-2025 15:00:56,18050,Legacy/MSW,Bethamcherla_AP27TW7569_20250706_145517_1st_front.jpg,Bethamcherla_AP27TW7569_20250706_145522_1st_back.jpg,Bethamcherla_AP27TW7569_20250706_150059_2nd_front.jpg,Bethamcherla_AP27TW7569_20250706_150102_2nd_back.jpg,Avijit Mondal,admin,2025-07-06 15:01:05,complete,18050,Saurashtra_Enviro_Projects_Pvt._Ltd./Bethamcherla/2025-07-06/json_backups/Saurashtra_Enviro_Projects_Pvt._Ltd./Bethamcherla/T1251/20250706_150105.json,2025-07-07 3:50:10,Saurashtra_Enviro_Projects_Pvt._Ltd./Bethamcherla
2025-07-06,14:48:21,Bethamcherla,Nandyal,Saurashtra Enviro Projects Pvt. Ltd.,Legacy/MSW,T1250,AP37TD4869,On-site,26960,06-07-2025 14:42:47,10550,06-07-2025 14:48:09,16410,Legacy/MSW,Bethamcherla_AP37TD4869_20250706_144251_1st_front.jpg,Bethamcherla_AP37TD4869_20250706_144253_1st_back.jpg,Bethamcherla_AP37TD4869_20250706_144813_2nd_front.jpg,Bethamcherla_AP37TD4869_20250706_144817_2nd_back.jpg,Avijit Mondal,admin,2025-07-06 14:48:22,complete,16410,Saurashtra_Enviro_Projects_Pvt._Ltd./Bethamcherla/2025-07-06/json_backups/Saurashtra_Enviro_Projects_Pvt._Ltd./Bethamcherla/T1250/20250706_144822.json,2025-07-07 3:50:10,Saurashtra_Enviro_Projects_Pvt._Ltd./Bethamcherla
2025-07-06,22:22:53,Bethamcherla,Nandyal,Saurashtra Enviro Projects Pvt. Ltd.,Legacy/MSW,T1287,AP28TC8081,On-site,29555,06-07-2025 22:08:55,10025,06-07-2025 22:22:40,19530,Legacy/MSW,Bethamcherla_AP28TC8081_20250706_220902_1st_front.jpg,Bethamcherla_AP28TC8081_20250706_220906_1st_back.jpg,Bethamcherla_AP28TC8081_20250706_222244_2nd_front.jpg,Bethamcherla_AP28TC8081_20250706_222248_2nd_back.jpg,Avijit Mondal,admin,2025-07-06 22:22:54,complete,0,Saurashtra_Enviro_Projects_Pvt._Ltd./Bethamcherla/2025-07-06/json_backups/Saurashtra_Enviro_Projects_Pvt._Ltd./Bethamcherla/T1287/20250706_222254.json,2025-07-07 3:50:10,Saurashtra_Enviro_Projects_Pvt._Ltd./Bethamcherla
2025-07-06,22:17:42,Bethamcherla,Nandyal,Saurashtra Enviro Projects Pvt. Ltd.,Legacy/MSW,T1286,AP27TW7569,On-site,28890,06-07-2025 22:02:04,11500,06-07-2025 22:17:31,17390,Legacy/MSW,Bethamcherla_AP27TW7569_20250706_220207_1st_front.jpg,Bethamcherla_AP27TW7569_20250706_220211_1st_back.jpg,Bethamcherla_AP27TW7569_20250706_221736_2nd_front.jpg,Bethamcherla_AP27TW7569_20250706_221740_2nd_back.jpg,Avijit Mondal,admin,2025-07-06 22:17:43,complete,0,Saurashtra_Enviro_Projects_Pvt._Ltd./Bethamcherla/2025-07-06/json_backups/Saurashtra_Enviro_Projects_Pvt._Ltd./Bethamcherla/T1286/20250706_221743.json,2025-07-07 3:50:10,Saurashtra_Enviro_Projects_Pvt._Ltd./Bethamcherla
2025-07-06,1:14:07,Bethamcherla,Nandyal,Saurashtra Enviro Projects Pvt. Ltd.,Inert,T1191,ap21tb4935,On-site,25570,06-07-2025 0:52:16,10750,06-07-2025 1:13:54,14820,Inert,Bethamcherla_AP27TW7569_20250706_005220_1st_front.jpg,Bethamcherla_AP27TW7569_20250706_005225_1st_back.jpg,Bethamcherla_ap21tb4935_20250706_011359_2nd_front.jpg,Bethamcherla_ap21tb4935_20250706_011403_2nd_back.jpg,Avijit Mondal,admin,2025-07-06 1:14:07,complete,14820,Saurashtra_Enviro_Projects_Pvt._Ltd./Bethamcherla/2025-07-06/json_backups/Saurashtra_Enviro_Projects_Pvt._Ltd./Bethamcherla/T1191/20250706_011407.json,2025-07-07 3:50:10,Saurashtra_Enviro_Projects_Pvt._Ltd./Bethamcherla
2025-07-06,5:45:35,Bethamcherla,Nandyal,Saurashtra Enviro Projects Pvt. Ltd.,Soil,T1211,AP27TW7569,On-site,27190,06-07-2025 5:30:58,10930,06-07-2025 5:45:22,16260,Soil,Bethamcherla_AP27TW7569_20250706_053103_1st_front.jpg,Bethamcherla_AP27TW7569_20250706_053106_1st_back.jpg,Bethamcherla_AP27TW7569_20250706_054527_2nd_front.jpg,Bethamcherla_AP27TW7569_20250706_054531_2nd_back.jpg,Avijit Mondal,admin,2025-07-06 5:45:35,complete,16260,Saurashtra_Enviro_Projects_Pvt._Ltd./Bethamcherla/2025-07-06/json_backups/Saurashtra_Enviro_Projects_Pvt._Ltd./Bethamcherla/T1211/20250706_054535.json,2025-07-07 3:50:11,Saurashtra_Enviro_Projects_Pvt._Ltd./Bethamcherla
2025-07-06,12:35:24,Bethamcherla,Nandyal,Saurashtra Enviro Projects Pvt. Ltd.,Legacy/MSW,T1242,AP26TA0434,On-site,25890,06-07-2025 12:30:13,10040,06-07-2025 12:35:14,15850,Legacy/MSW,Bethamcherla_AP26TA0434_20250706_123017_1st_front.jpg,Bethamcherla_AP26TA0434_20250706_123019_1st_back.jpg,Bethamcherla_AP26TA0434_20250706_123519_2nd_front.jpg,Bethamcherla_AP26TA0434_20250706_123521_2nd_back.jpg,Avijit Mondal,admin,2025-07-06 12:35:46,complete,15850,Saurashtra_Enviro_Projects_Pvt._Ltd./Bethamcherla/2025-07-06/json_backups/Saurashtra_Enviro_Projects_Pvt._Ltd./Bethamcherla/T1242/20250706_123546.json,2025-07-07 3:50:11,Saurashtra_Enviro_Projects_Pvt._Ltd./Bethamcherla
2025-07-06,21:15:04,Bethamcherla,Nandyal,Saurashtra Enviro Projects Pvt. Ltd.,Legacy/MSW,T1283,AP37TD4869,On-site,28600,06-07-2025 21:09:40,10055,06-07-2025 21:14:51,18545,Legacy/MSW,Bethamcherla_AP37TD4869_20250706_210952_1st_front.jpg,Bethamcherla_AP37TD4869_20250706_210954_1st_back.jpg,Bethamcherla_AP37TD4869_20250706_211457_2nd_front.jpg,Bethamcherla_AP37TD4869_20250706_211500_2nd_back.jpg,Avijit Mondal,admin,2025-07-06 21:15:05,complete,28600,Saurashtra_Enviro_Projects_Pvt._Ltd./Bethamcherla/2025-07-06/json_backups/Saurashtra_Enviro_Projects_Pvt._Ltd./Bethamcherla/T1283/20250706_211505.json,2025-07-07 3:50:11,Saurashtra_Enviro_Projects_Pvt._Ltd./Bethamcherla
2025-07-06,15:59:03,Bethamcherla,Nandyal,Saurashtra Enviro Projects Pvt. Ltd.,Soil,T1256,AP 26 TA 0434,On-site,26840,06-07-2025 15:20:29,10120,06-07-2025 15:58:53,16720,Soil,Bethamcherla_AP_26_TA_0434_20250706_152043_1st_front.jpg,Bethamcherla_AP_26_TA_0434_20250706_152046_1st_back.jpg,Bethamcherla_AP_26_TA_0434_20250706_155856_2nd_front.jpg,Bethamcherla_AP_26_TA_0434_20250706_155859_2nd_back.jpg,Avijit Mondal,admin,2025-07-06 15:59:04,complete,16720,Saurashtra_Enviro_Projects_Pvt._Ltd./Bethamcherla/2025-07-06/json_backups/Saurashtra_Enviro_Projects_Pvt._Ltd./Bethamcherla/T1256/20250706_155904.json,2025-07-07 3:50:11,Saurashtra_Enviro_Projects_Pvt._Ltd./Bethamcherla
2025-07-06,17:30:32,Bethamcherla,Nandyal,Saurashtra Enviro Projects Pvt. Ltd.,Legacy/MSW,T1266,AP 26 TA 0434,On-site,22770,06-07-2025 17:24:11,9880,06-07-2025 17:30:20,12890,Legacy/MSW,Bethamcherla_AP_26_TA_0434_20250706_172415_1st_front.jpg,Bethamcherla_AP_26_TA_0434_20250706_172418_1st_back.jpg,Bethamcherla_AP_26_TA_0434_20250706_173023_2nd_front.jpg,Bethamcherla_AP_26_TA_0434_20250706_173027_2nd_back.jpg,Avijit Mondal,admin,2025-07-06 17:30:32,complete,22640,Saurashtra_Enviro_Projects_Pvt._Ltd./Bethamcherla/2025-07-06/json_backups/Saurashtra_Enviro_Projects_Pvt._Ltd./Bethamcherla/T1266/20250706_173032.json,2025-07-07 3:50:11,Saurashtra_Enviro_Projects_Pvt._Ltd./Bethamcherla
2025-07-06,2:39:42,Bethamcherla,Nandyal,Saurashtra Enviro Projects Pvt. Ltd.,Inert,T1199,AP 26 TA 0434,On-site,24560,06-07-2025 2:23:23,10020,06-07-2025 2:39:29,14540,Inert,Bethamcherla_AP_26_TA_0434_20250706_022329_1st_front.jpg,Bethamcherla_AP_26_TA_0434_20250706_022332_1st_back.jpg,Bethamcherla_AP_26_TA_0434_20250706_023935_2nd_front.jpg,Bethamcherla_AP_26_TA_0434_20250706_023939_2nd_back.jpg,Avijit Mondal,admin,2025-07-06 2:39:42,complete,14540,Saurashtra_Enviro_Projects_Pvt._Ltd./Bethamcherla/2025-07-06/json_backups/Saurashtra_Enviro_Projects_Pvt._Ltd./Bethamcherla/T1199/20250706_023942.json,2025-07-07 3:50:11,Saurashtra_Enviro_Projects_Pvt._Ltd./Bethamcherla
2025-07-06,11:01:06,Bethamcherla,Nandyal,Saurashtra Enviro Projects Pvt. Ltd.,Legacy/MSW,T1230,AP27TW7569,On-site,26260,06-07-2025 10:54:34,10870,06-07-2025 11:00:56,15390,Legacy/MSW,Bethamcherla_AP27TW7569_20250706_105439_1st_front.jpg,Bethamcherla_AP27TW7569_20250706_105442_1st_back.jpg,Bethamcherla_AP27TW7569_20250706_110100_2nd_front.jpg,Bethamcherla_AP27TW7569_20250706_110103_2nd_back.jpg,Avijit Mondal,admin,2025-07-06 11:01:07,complete,15390,Saurashtra_Enviro_Projects_Pvt._Ltd./Bethamcherla/2025-07-06/json_backups/Saurashtra_Enviro_Projects_Pvt._Ltd./Bethamcherla/T1230/20250706_110107.json,2025-07-07 3:50:11,Saurashtra_Enviro_Projects_Pvt._Ltd./Bethamcherla
2025-07-06,1:05:41,Bethamcherla,Nandyal,Saurashtra Enviro Projects Pvt. Ltd.,Inert,T1190,AP26TA0434,On-site,27490,06-07-2025 0:47:10,10010,06-07-2025 1:05:31,17480,Inert,Bethamcherla_AP26TA0434_20250706_004714_1st_front.jpg,Bethamcherla_AP26TA0434_20250706_004723_1st_back.jpg,Bethamcherla_AP26TA0434_20250706_010535_2nd_front.jpg,Bethamcherla_AP26TA0434_20250706_010539_2nd_back.jpg,Avijit Mondal,admin,2025-07-06 1:05:42,complete,17480,Saurashtra_Enviro_Projects_Pvt._Ltd./Bethamcherla/2025-07-06/json_backups/Saurashtra_Enviro_Projects_Pvt._Ltd./Bethamcherla/T1190/20250706_010542.json,2025-07-07 3:50:11,Saurashtra_Enviro_Projects_Pvt._Ltd./Bethamcherla
2025-07-06,15:08:54,Bethamcherla,Nandyal,Saurashtra Enviro Projects Pvt. Ltd.,Legacy/MSW,T1252,AP 26 TA 0434,On-site,27470,06-07-2025 15:03:01,10030,06-07-2025 15:08:44,17440,Legacy/MSW,Bethamcherla_AP_26_TA_0434_20250706_150304_1st_front.jpg,Bethamcherla_AP_26_TA_0434_20250706_150308_1st_back.jpg,Bethamcherla_AP_26_TA_0434_20250706_150848_2nd_front.jpg,Bethamcherla_AP_26_TA_0434_20250706_150851_2nd_back.jpg,Avijit Mondal,admin,2025-07-06 15:08:55,complete,17440,Saurashtra_Enviro_Projects_Pvt._Ltd./Bethamcherla/2025-07-06/json_backups/Saurashtra_Enviro_Projects_Pvt._Ltd./Bethamcherla/T1252/20250706_150855.json,2025-07-07 3:50:11,Saurashtra_Enviro_Projects_Pvt._Ltd./Bethamcherla
07-07-2025,00:01:45,Bethamcherla,Saurashtra Enviro Projects Pvt. Ltd.,Inert,T1300,AP21TB4935,On-site,0.00,06-07-2025 23:40:59,0.00,07-07-2025 00:01:35,0.00,Inert,Bethamcherla_AP21TB4935_20250706_234103_1st_front.jpg,Bethamcherla_AP21TB4935_20250706_234108_1st_back.jpg,Bethamcherla_AP21TB4935_20250707_000139_2nd_front.jpg,Bethamcherla_AP21TB4935_20250707_000142_2nd_back.jpg,Avijit Mondal,admin
07-07-2025,00:11:19,Bethamcherla,Saurashtra Enviro Projects Pvt. Ltd.,Inert,T1301,AP28TC8081,On-site,0.00,06-07-2025 23:50:31,0.00,07-07-2025 00:11:02,0.00,Inert,Bethamcherla_AP28TC8081_20250706_235034_1st_front.jpg,Bethamcherla_AP28TC8081_20250706_235039_1st_back.jpg,Bethamcherla_AP28TC8081_20250707_001105_2nd_front.jpg,Bethamcherla_AP28TC8081_20250707_001116_2nd_back.jpg,Avijit Mondal,admin
07-07-2025,00:21:05,Bethamcherla,Saurashtra Enviro Projects Pvt. Ltd.,Inert,T1302,AP 26 TA 0434,On-site,0.00,06-07-2025 23:58:46,0.00,07-07-2025 00:20:42,0.00,Inert,Bethamcherla_AP_26_TA_0434_20250706_235850_1st_front.jpg,Bethamcherla_AP_26_TA_0434_20250706_235853_1st_back.jpg,Bethamcherla_AP_26_TA_0434_20250707_002059_2nd_front.jpg,Bethamcherla_AP_26_TA_0434_20250707_002102_2nd_back.jpg,Avijit Mondal,admin
07-07-2025,00:39:53,Bethamcherla,Saurashtra Enviro Projects Pvt. Ltd.,Inert,T1303,AP37TD4869,On-site,0.00,07-07-2025 00:13:51,0.00,07-07-2025 00:39:41,0.00,Inert,Bethamcherla_AP37TD4869_20250707_001356_1st_front.jpg,Bethamcherla_AP37TD4869_20250707_001359_1st_back.jpg,Bethamcherla_AP37TD4869_20250707_003945_2nd_front.jpg,Bethamcherla_AP37TD4869_20250707_003950_2nd_back.jpg,Avijit Mondal,admin
07-07-2025,00:32:23,Bethamcherla,Saurashtra Enviro Projects Pvt. Ltd.,Inert,T1304,AP27TW7569,On-site,0.00,07-07-2025 00:16:56,0.00,07-07-2025 00:32:13,0.00,Inert,Bethamcherla_AP27TW7569_20250707_001700_1st_front.jpg,Bethamcherla_AP27TW7569_20250707_001703_1st_back.jpg,Bethamcherla_AP27TW7569_20250707_003217_2nd_front.jpg,Bethamcherla_AP27TW7569_20250707_003220_2nd_back.jpg,Avijit Mondal,admin
07-07-2025,00:45:08,Bethamcherla,Saurashtra Enviro Projects Pvt. Ltd.,Inert,T1305,AP21TB4935,On-site,0.00,07-07-2025 00:24:13,0.00,07-07-2025 00:44:57,0.00,Inert,Bethamcherla_AP21TB4935_20250707_002418_1st_front.jpg,Bethamcherla_AP21TB4935_20250707_002422_1st_back.jpg,Bethamcherla_AP21TB4935_20250707_004503_2nd_front.jpg,Bethamcherla_AP21TB4935_20250707_004506_2nd_back.jpg,Avijit Mondal,admin
07-07-2025,00:52:54,Bethamcherla,Saurashtra Enviro Projects Pvt. Ltd.,Inert,T1306,AP28TC8081,On-site,0.00,07-07-2025 00:30:08,0.00,07-07-2025 00:52:44,0.00,Inert,Bethamcherla_AP28TC8081_20250707_003012_1st_front.jpg,Bethamcherla_AP28TC8081_20250707_003017_1st_back.jpg,Bethamcherla_AP28TC8081_20250707_005248_2nd_front.jpg,Bethamcherla_AP28TC8081_20250707_005252_2nd_back.jpg,Avijit Mondal,admin
07-07-2025,00:55:57,Bethamcherla,Saurashtra Enviro Projects Pvt. Ltd.,Inert,T1307,AP 26 TA 0434,On-site,0.00,07-07-2025 00:37:15,0.00,07-07-2025 00:55:34,0.00,Inert,Bethamcherla_AP_26_TA_0434_20250707_003719_1st_front.jpg,Bethamcherla_AP_26_TA_0434_20250707_003722_1st_back.jpg,Bethamcherla_AP_26_TA_0434_20250707_005551_2nd_front.jpg,Bethamcherla_AP_26_TA_0434_20250707_005554_2nd_back.jpg,Avijit Mondal,admin
07-07-2025,01:00:23,Bethamcherla,Saurashtra Enviro Projects Pvt. Ltd.,Inert,T1308,AP27TW7569,On-site,0.00,07-07-2025 00:43:18,0.00,07-07-2025 01:00:15,0.00,Inert,Bethamcherla_AP27TW7569_20250707_004321_1st_front.jpg,Bethamcherla_AP27TW7569_20250707_004325_1st_back.jpg,Bethamcherla_AP27TW7569_20250707_010018_2nd_front.jpg,Bethamcherla_AP27TW7569_20250707_010021_2nd_back.jpg,Avijit Mondal,admin
07-07-2025,03:29:18,Bethamcherla,Saurashtra Enviro Projects Pvt. Ltd.,Inert,T1309,AP37TD4869,On-site,0.00,07-07-2025 00:50:32,0.00,07-07-2025 03:29:09,0.00,Inert,Bethamcherla_AP37TD4869_20250707_005035_1st_front.jpg,Bethamcherla_AP37TD4869_20250707_005039_1st_back.jpg,Bethamcherla_AP37TD4869_20250707_032912_2nd_front.jpg,Bethamcherla_AP37TD4869_20250707_032915_2nd_back.jpg,Avijit Mondal,admin
07-07-2025,01:21:52,Bethamcherla,Saurashtra Enviro Projects Pvt. Ltd.,Inert,T1310,AP21TB4935,On-site,0.00,07-07-2025 01:07:01,0.00,07-07-2025 01:21:40,0.00,Inert,Bethamcherla_AP21TB4935_20250707_010705_1st_front.jpg,Bethamcherla_AP21TB4935_20250707_010708_1st_back.jpg,Bethamcherla_AP21TB4935_20250707_012145_2nd_front.jpg,Bethamcherla_AP21TB4935_20250707_012148_2nd_back.jpg,Avijit Mondal,admin
07-07-2025,02:47:24,Bethamcherla,Saurashtra Enviro Projects Pvt. Ltd.,Inert,T1311,AP28TC8081,On-site,0.00,07-07-2025 02:28:03,0.00,07-07-2025 02:47:13,0.00,Inert,Bethamcherla_AP28TC8081_20250707_022810_1st_front.jpg,Bethamcherla_AP28TC8081_20250707_022813_1st_back.jpg,Bethamcherla_AP28TC8081_20250707_024718_2nd_front.jpg,Bethamcherla_AP28TC8081_20250707_024721_2nd_back.jpg,Avijit Mondal,admin
07-07-2025,03:06:40,Bethamcherla,Saurashtra Enviro Projects Pvt. Ltd.,Inert,T1312,AP 26 TA 0434,On-site,0.00,07-07-2025 02:49:15,0.00,07-07-2025 03:06:29,0.00,Inert,Bethamcherla_AP_26_TA_0434_20250707_024921_1st_front.jpg,Bethamcherla_AP_26_TA_0434_20250707_024924_1st_back.jpg,Bethamcherla_AP_26_TA_0434_20250707_030633_2nd_front.jpg,Bethamcherla_AP_26_TA_0434_20250707_030637_2nd_back.jpg,Avijit Mondal,admin
07-07-2025,03:19:14,Bethamcherla,Saurashtra Enviro Projects Pvt. Ltd.,Inert,T1313,AP27TW7569,On-site,0.00,07-07-2025 03:00:11,0.00,07-07-2025 03:19:00,0.00,Inert,Bethamcherla_AP27TW7569_20250707_030016_1st_front.jpg,Bethamcherla_AP27TW7569_20250707_030019_1st_back.jpg,Bethamcherla_AP27TW7569_20250707_031906_2nd_front.jpg,Bethamcherla_AP27TW7569_20250707_031911_2nd_back.jpg,Avijit Mondal,admin
07-07-2025,03:42:11,Bethamcherla,Saurashtra Enviro Projects Pvt. Ltd.,Inert,T1314,AP21TB4935,On-site,0.00,07-07-2025 03:25:13,0.00,07-07-2025 03:41:58,0.00,Inert,Bethamcherla_AP21TB4935_20250707_032517_1st_front.jpg,Bethamcherla_AP21TB4935_20250707_032521_1st_back.jpg,Bethamcherla_AP21TB4935_20250707_034204_2nd_front.jpg,Bethamcherla_AP21TB4935_20250707_034207_2nd_back.jpg,Avijit Mondal,admin
07-07-2025,03:49:46,Bethamcherla,Saurashtra Enviro Projects Pvt. Ltd.,Inert,T1315,AP28TC8081,On-site,0.00,07-07-2025 03:32:16,0.00,07-07-2025 03:49:30,0.00,Inert,Bethamcherla_AP28TC8081_20250707_033221_1st_front.jpg,Bethamcherla_AP28TC8081_20250707_033224_1st_back.jpg,Bethamcherla_AP28TC8081_20250707_034934_2nd_front.jpg,Bethamcherla_AP28TC8081_20250707_034943_2nd_back.jpg,Avijit Mondal,admin
07-07-2025,03:58:53,Bethamcherla,Saurashtra Enviro Projects Pvt. Ltd.,Inert,T1316,AP 26 TA 0434,On-site,0.00,07-07-2025 03:40:15,0.00,07-07-2025 03:58:43,0.00,Inert,Bethamcherla_AP_26_TA_0434_20250707_034019_1st_front.jpg,Bethamcherla_AP_26_TA_0434_20250707_034023_1st_back.jpg,Bethamcherla_AP_26_TA_0434_20250707_035846_2nd_front.jpg,Bethamcherla_AP_26_TA_0434_20250707_035850_2nd_back.jpg,Avijit Mondal,admin
07-07-2025,04:04:05,Bethamcherla,Saurashtra Enviro Projects Pvt. Ltd.,Inert,T1317,AP27TW7569,On-site,0.00,07-07-2025 03:47:49,0.00,07-07-2025 04:03:56,0.00,Inert,Bethamcherla_AP27TW7569_20250707_034752_1st_front.jpg,Bethamcherla_AP27TW7569_20250707_034756_1st_back.jpg,Bethamcherla_AP27TW7569_20250707_040359_2nd_front.jpg,Bethamcherla_AP27TW7569_20250707_040403_2nd_back.jpg,Avijit Mondal,admin
07-07-2025,04:12:06,Bethamcherla,Saurashtra Enviro Projects Pvt. Ltd.,Inert,T1318,AP37TD4869,On-site,0.00,07-07-2025 03:56:57,0.00,07-07-2025 04:11:56,0.00,Inert,Bethamcherla_AP37TD4869_20250707_035701_1st_front.jpg,Bethamcherla_AP37TD4869_20250707_035706_1st_back.jpg,Bethamcherla_AP37TD4869_20250707_041200_2nd_front.jpg,Bethamcherla_AP37TD4869_20250707_041203_2nd_back.jpg,Avijit Mondal,admin
07-07-2025,04:27:09,Bethamcherla,Saurashtra Enviro Projects Pvt. Ltd.,Inert,T1319,AP21TB4935,On-site,0.00,07-07-2025 04:07:45,0.00,07-07-2025 04:26:59,0.00,Inert,Bethamcherla_AP21TB4935_20250707_040750_1st_front.jpg,Bethamcherla_AP21TB4935_20250707_040753_1st_back.jpg,Bethamcherla_AP21TB4935_20250707_042703_2nd_front.jpg,Bethamcherla_AP21TB4935_20250707_042706_2nd_back.jpg,Avijit Mondal,admin
07-07-2025,04:33:58,Bethamcherla,Saurashtra Enviro Projects Pvt. Ltd.,Soil,T1320,AP28TC8081,On-site,0.00,07-07-2025 04:17:29,0.00,07-07-2025 04:33:44,0.00,Soil,Bethamcherla_AP28TC8081_20250707_041733_1st_front.jpg,Bethamcherla_AP28TC8081_20250707_041736_1st_back.jpg,Bethamcherla_AP28TC8081_20250707_043347_2nd_front.jpg,Bethamcherla_AP28TC8081_20250707_043350_2nd_back.jpg,Avijit Mondal,admin
07-07-2025,04:53:17,Bethamcherla,Saurashtra Enviro Projects Pvt. Ltd.,Soil,T1321,AP 26 TA 0434,On-site,0.00,07-07-2025 04:23:26,0.00,07-07-2025 04:53:08,0.00,Soil,Bethamcherla_AP_26_TA_0434_20250707_042329_1st_front.jpg,Bethamcherla_AP_26_TA_0434_20250707_042333_1st_back.jpg,Bethamcherla_AP_26_TA_0434_20250707_045311_2nd_front.jpg,Bethamcherla_AP_26_TA_0434_20250707_045314_2nd_back.jpg,Avijit Mondal,admin
07-07-2025,04:47:02,Bethamcherla,Saurashtra Enviro Projects Pvt. Ltd.,Soil,T1322,AP27TW7569,On-site,0.00,07-07-2025 04:32:28,0.00,07-07-2025 04:46:49,0.00,Soil,Bethamcherla_AP27TW7569_20250707_043232_1st_front.jpg,Bethamcherla_AP27TW7569_20250707_043236_1st_back.jpg,Bethamcherla_AP27TW7569_20250707_044654_2nd_front.jpg,Bethamcherla_AP27TW7569_20250707_044658_2nd_back.jpg,Avijit Mondal,admin
07-07-2025,05:02:55,Bethamcherla,Saurashtra Enviro Projects Pvt. Ltd.,Soil,T1323,AP37TD4869,On-site,0.00,07-07-2025 04:42:22,0.00,07-07-2025 05:02:42,0.00,Soil,Bethamcherla_AP37TD4869_20250707_044227_1st_front.jpg,Bethamcherla_AP37TD4869_20250707_044231_1st_back.jpg,Bethamcherla_AP37TD4869_20250707_050247_2nd_front.jpg,Bethamcherla_AP37TD4869_20250707_050251_2nd_back.jpg,Avijit Mondal,admin
07-07-2025,05:09:36,Bethamcherla,Saurashtra Enviro Projects Pvt. Ltd.,Soil,T1324,ap21tb4935,On-site,0.00,07-07-2025 04:50:29,0.00,07-07-2025 05:09:24,0.00,Soil,Bethamcherla_ap21tb4935_20250707_045033_1st_front.jpg,Bethamcherla_ap21tb4935_20250707_045037_1st_back.jpg,Bethamcherla_ap21tb4935_20250707_050928_2nd_front.jpg,Bethamcherla_ap21tb4935_20250707_050932_2nd_back.jpg,Avijit Mondal,admin
07-07-2025,05:17:57,Bethamcherla,Saurashtra Enviro Projects Pvt. Ltd.,Soil,T1325,AP28TC8081,On-site,0.00,07-07-2025 04:55:50,0.00,07-07-2025 05:17:46,0.00,Soil,Bethamcherla_AP28TC8081_20250707_045554_1st_front.jpg,Bethamcherla_AP28TC8081_20250707_045557_1st_back.jpg,Bethamcherla_AP28TC8081_20250707_051750_2nd_front.jpg,Bethamcherla_AP28TC8081_20250707_051754_2nd_back.jpg,Avijit Mondal,admin
07-07-2025,05:22:29,Bethamcherla,Saurashtra Enviro Projects Pvt. Ltd.,Soil,T1326,AP26TA0434,On-site,0.00,07-07-2025 05:05:48,0.00,07-07-2025 05:22:18,0.00,Soil,Bethamcherla_AP26TA0434_20250707_050552_1st_front.jpg,Bethamcherla_AP26TA0434_20250707_050556_1st_back.jpg,Bethamcherla_AP26TA0434_20250707_052223_2nd_front.jpg,Bethamcherla_AP26TA0434_20250707_052226_2nd_back.jpg,Avijit Mondal,admin
07-07-2025,05:24:10,Bethamcherla,Saurashtra Enviro Projects Pvt. Ltd.,Soil,T1327,AP27TW7569,On-site,0.00,07-07-2025 05:11:28,0.00,07-07-2025 05:23:59,0.00,Soil,Bethamcherla_AP27TW7569_20250707_051132_1st_front.jpg,Bethamcherla_AP27TW7569_20250707_051135_1st_back.jpg,Bethamcherla_AP27TW7569_20250707_052403_2nd_front.jpg,Bethamcherla_AP27TW7569_20250707_052407_2nd_back.jpg,Avijit Mondal,admin
07-07-2025,05:50:19,Bethamcherla,Saurashtra Enviro Projects Pvt. Ltd.,Soil,T1328,AP37TD4869,On-site,0.00,07-07-2025 05:19:13,0.00,07-07-2025 05:49:50,0.00,Soil,Bethamcherla_AP37TD4869_20250707_051917_1st_front.jpg,Bethamcherla_AP37TD4869_20250707_051921_1st_back.jpg,Bethamcherla_AP37TD4869_20250707_054953_2nd_front.jpg,Bethamcherla_AP37TD4869_20250707_054957_2nd_back.jpg,Avijit Mondal,admin
07-07-2025,05:55:33,Bethamcherla,Saurashtra Enviro Projects Pvt. Ltd.,Soil,T1329,ap21tb4935,On-site,0.00,07-07-2025 05:26:41,0.00,07-07-2025 05:55:14,0.00,Soil,Bethamcherla_ap21tb4935_20250707_052646_1st_front.jpg,Bethamcherla_ap21tb4935_20250707_052651_1st_back.jpg,Bethamcherla_ap21tb4935_20250707_055527_2nd_front.jpg,Bethamcherla_ap21tb4935_20250707_055530_2nd_back.jpg,Avijit Mondal,admin
07-07-2025,05:58:47,Bethamcherla,Saurashtra Enviro Projects Pvt. Ltd.,Soil,T1330,AP28TC8081,On-site,0.00,07-07-2025 05:33:08,0.00,07-07-2025 05:58:33,0.00,Soil,Bethamcherla_AP28TC8081_20250707_053313_1st_front.jpg,Bethamcherla_AP28TC8081_20250707_053318_1st_back.jpg,Bethamcherla_AP28TC8081_20250707_055837_2nd_front.jpg,Bethamcherla_AP28TC8081_20250707_055842_2nd_back.jpg,Avijit Mondal,admin
07-07-2025,06:03:37,Bethamcherla,Saurashtra Enviro Projects Pvt. Ltd.,Soil,T1331,AP 26 TA 0434,On-site,0.00,07-07-2025 05:40:10,0.00,07-07-2025 06:03:28,0.00,Soil,Bethamcherla_AP_26_TA_0434_20250707_054016_1st_front.jpg,Bethamcherla_AP_26_TA_0434_20250707_054020_1st_back.jpg,Bethamcherla_AP_26_TA_0434_20250707_060332_2nd_front.jpg,Bethamcherla_AP_26_TA_0434_20250707_060335_2nd_back.jpg,Avijit Mondal,admin
07-07-2025,06:01:46,Bethamcherla,Saurashtra Enviro Projects Pvt. Ltd.,Soil,T1332,AP27TW7569,On-site,0.00,07-07-2025 05:46:15,0.00,07-07-2025 06:01:33,0.00,Soil,Bethamcherla_AP27TW7569_20250707_054629_1st_front.jpg,Bethamcherla_AP27TW7569_20250707_054633_1st_back.jpg,Bethamcherla_AP27TW7569_20250707_060139_2nd_front.jpg,Bethamcherla_AP27TW7569_20250707_060143_2nd_back.jpg,Avijit Mondal,admin
07-07-2025,06:14:38,Bethamcherla,Saurashtra Enviro Projects Pvt. Ltd.,Soil,T1333,AP37TD4869,On-site,0.00,07-07-2025 05:53:06,0.00,07-07-2025 06:14:27,0.00,Soil,Bethamcherla_AP37TD4869_20250707_055310_1st_front.jpg,Bethamcherla_AP37TD4869_20250707_055314_1st_back.jpg,Bethamcherla_AP37TD4869_20250707_061431_2nd_front.jpg,Bethamcherla_AP37TD4869_20250707_061435_2nd_back.jpg,Avijit Mondal,admin
07-07-2025,09:08:19,Bethamcherla,Saurashtra Enviro Projects Pvt. Ltd.,Legacy/MSW,T1334,AP28TC8081,On-site,0.00,07-07-2025 08:59:49,50.00,07-07-2025 09:08:09,50.00,Legacy/MSW,Bethamcherla_AP28TC8081_20250707_085953_1st_front.jpg,Bethamcherla_AP28TC8081_20250707_085955_1st_back.jpg,Bethamcherla_AP28TC8081_20250707_090813_2nd_front.jpg,Bethamcherla_AP28TC8081_20250707_090816_2nd_back.jpg,Avijit Mondal,admin
07-07-2025,09:11:36,Bethamcherla,Saurashtra Enviro Projects Pvt. Ltd.,Legacy/MSW,T1335,AP21TB4935,On-site,23840.00,07-07-2025 09:05:12,50.00,07-07-2025 09:11:20,23790.00,Legacy/MSW,Bethamcherla_AP21TB4935_20250707_090517_1st_front.jpg,Bethamcherla_AP21TB4935_20250707_090519_1st_back.jpg,Bethamcherla_AP21TB4935_20250707_091124_2nd_front.jpg,Bethamcherla_AP21TB4935_20250707_091126_2nd_back.jpg,Avijit Mondal,admin
07-07-2025,09:50:05,Bethamcherla,Saurashtra Enviro Projects Pvt. Ltd.,Legacy/MSW,T1336,AP37TD4869,On-site,0.00,07-07-2025 09:40:27,0.00,07-07-2025 09:49:55,0.00,Legacy/MSW,Bethamcherla_AP37TD4869_20250707_094031_1st_front.jpg,Bethamcherla_AP37TD4869_20250707_094034_1st_back.jpg,Bethamcherla_AP37TD4869_20250707_094959_2nd_front.jpg,Bethamcherla_AP37TD4869_20250707_095001_2nd_back.jpg,Avijit Mondal,admin
07-07-2025,09:52:51,Bethamcherla,Saurashtra Enviro Projects Pvt. Ltd.,Legacy/MSW,T1337,AP28TC8081,On-site,18590.00,07-07-2025 09:46:44,11130.00,07-07-2025 09:52:38,7460.00,Legacy/MSW,Bethamcherla_AP28TC8081_20250707_094653_1st_front.jpg,Bethamcherla_AP28TC8081_20250707_094656_1st_back.jpg,Bethamcherla_AP28TC8081_20250707_095243_2nd_front.jpg,Bethamcherla_AP28TC8081_20250707_095246_2nd_back.jpg,Avijit Mondal,admin
07-07-2025,10:00:31,Bethamcherla,Saurashtra Enviro Projects Pvt. Ltd.,Legacy/MSW,T1338,AP26TA0434,On-site,18430.00,07-07-2025 09:54:35,10130.00,07-07-2025 10:00:21,8300.00,Legacy/MSW,Bethamcherla_AP26TA0434_20250707_095440_1st_front.jpg,Bethamcherla_AP26TA0434_20250707_095443_1st_back.jpg,Bethamcherla_AP26TA0434_20250707_100025_2nd_front.jpg,Bethamcherla_AP26TA0434_20250707_100028_2nd_back.jpg,Avijit Mondal,admin
07-07-2025,10:07:43,Bethamcherla,Saurashtra Enviro Projects Pvt. Ltd.,Legacy/MSW,T1339,AP21TB4935,On-site,18850.00,07-07-2025 10:02:50,10700.00,07-07-2025 10:07:34,8150.00,Legacy/MSW,Bethamcherla_AP21TB4935_20250707_100253_1st_front.jpg,Bethamcherla_AP21TB4935_20250707_100257_1st_back.jpg,Bethamcherla_AP21TB4935_20250707_100737_2nd_front.jpg,Bethamcherla_AP21TB4935_20250707_100740_2nd_back.jpg,Avijit Mondal,admin
07-07-2025,10:22:28,Bethamcherla,Saurashtra Enviro Projects Pvt. Ltd.,Legacy/MSW,T1340,AP37TD4869,On-site,27560.00,07-07-2025 10:22:12,,,,Legacy/MSW,Bethamcherla_AP37TD4869_20250707_102217_1st_front.jpg,Bethamcherla_AP37TD4869_20250707_102221_1st_back.jpg,,,Avijit Mondal,admin
07-07-2025,10:27:15,Bethamcherla,Saurashtra Enviro Projects Pvt. Ltd.,Legacy/MSW,T1341,AP28TC8081,On-site,25500.00,07-07-2025 10:27:04,,,,Legacy/MSW,Bethamcherla_AP28TC8081_20250707_102707_1st_front.jpg,Bethamcherla_AP28TC8081_20250707_102710_1st_back.jpg,,,Avijit Mondal,admin
