2025-07-21 00:18:13,022 - TharuniApp - INFO - ============================================================
2025-07-21 00:18:13,024 - TharuniApp - INFO - APPLICATION STARTUP
2025-07-21 00:18:13,025 - TharuniApp - INFO - ============================================================
2025-07-21 00:18:13,226 - TharuniApp - INFO - Configuration setup completed
2025-07-21 00:18:13,231 - DataManager - INFO - DataManager initialized with OFFLINE-FIRST approach + JSON local storage
2025-07-21 00:18:13,267 - DataManager - INFO - CSV structure is up to date
2025-07-21 00:18:13,273 - DataManager - INFO - Unified folder structure ready:
2025-07-21 00:18:13,276 - DataManager - INFO -   Reports: data\reports\2025-07-21
2025-07-21 00:18:13,277 - DataManager - INFO -   JSON Backups: data\json_backups\2025-07-21
2025-07-21 00:18:13,279 - DataManager - INFO -   PDF Folder: data\reports\2025-07-21
2025-07-21 00:18:13,281 - DataManager - INFO - All folder attributes ensured and validated
2025-07-21 00:18:13,312 - DataManager - INFO - 🔍 Checking if archive is due...
2025-07-21 00:18:13,314 - DataManager - INFO - CSV analysis: 0 total records, 0 complete records
2025-07-21 00:18:13,314 - DataManager - INFO - CSV file has no complete records to archive
2025-07-21 00:18:13,315 - DataManager - INFO - ⏳ Archive not due yet
2025-07-21 00:18:13,315 - DataManager - INFO - Data file: data\weighbridge_data.csv
2025-07-21 00:18:13,316 - DataManager - INFO - Reports folder: data\reports
2025-07-21 00:18:13,316 - DataManager - INFO - JSON backup folder: data\json_backups
2025-07-21 00:18:13,317 - DataManager - INFO - Today's JSON folder: data\json_backups\2025-07-21
2025-07-21 00:18:13,317 - DataManager - INFO - Today's PDF folder: data\reports\2025-07-21
2025-07-21 00:18:13,318 - DataManager - INFO - Cloud storage will only be initialized when backup is requested
2025-07-21 00:18:13,319 - TharuniApp - INFO - Data manager initialized
2025-07-21 00:18:13,369 - TharuniApp - INFO - Using hardcoded settings storage
2025-07-21 00:18:13,371 - TharuniApp - INFO - UI styles initialized
2025-07-21 00:18:13,372 - TharuniApp - INFO - Starting user authentication
2025-07-21 00:18:21,903 - TharuniApp - INFO - Hardcoded authentication successful: admin
2025-07-21 00:18:21,904 - TharuniApp - INFO - User logged in: admin (Role: admin)
2025-07-21 00:18:21,904 - TharuniApp - INFO - Setting up data context
2025-07-21 00:18:21,905 - TharuniApp - INFO - Using hardcoded agency and site values
2025-07-21 00:18:21,922 - DataManager - INFO - CSV structure is up to date
2025-07-21 00:18:21,923 - DataManager - INFO - Data context set to: Agency='Tharuni Associates', Site='Kadapa'
2025-07-21 00:18:21,924 - DataManager - INFO - Data file: data\Tharuni_Associates_Kadapa_data.csv
2025-07-21 00:18:21,924 - TharuniApp - INFO - Data context initialized: Agency='Tharuni Associates', Site='Kadapa'
2025-07-21 00:18:21,925 - TharuniApp - INFO - Data will be saved to: data\Tharuni_Associates_Kadapa_data.csv
2025-07-21 00:18:21,926 - TharuniApp - INFO - PDFs will be saved to: data\reports\2025-07-21
2025-07-21 00:18:21,927 - TharuniApp - INFO - Creating application widgets
2025-07-21 00:18:21,970 - TharuniApp - INFO - Creating main panel
2025-07-21 00:18:21,992 - FormValidator - INFO - FormValidator initialized
2025-07-21 00:18:22,024 - DataManager - INFO - Successfully loaded 89 records from data\Tharuni_Associates_Kadapa_data.csv
2025-07-21 00:18:22,367 - camera_camera - INFO - Enhanced logging initialized for Camera camera
2025-07-21 00:18:22,575 - camera_camera - DEBUG - Resource monitoring started
2025-07-21 00:18:22,574 - camera_camera - WARNING - High memory usage (85.7%), triggering garbage collection
2025-07-21 00:18:22,658 - camera_camera - DEBUG - Optimized video thread started
2025-07-21 00:18:22,657 - camera_camera - INFO - Optimized video capture loop started
2025-07-21 00:18:22,661 - camera_camera - DEBUG - Initializing USB camera
2025-07-21 00:18:22,662 - camera_camera - DEBUG - Camera watchdog started
2025-07-21 00:18:22,663 - camera_camera - DEBUG - Camera watchdog enabled
2025-07-21 00:18:22,672 - camera_camera - INFO - Enhanced logging initialized for Camera camera
2025-07-21 00:18:22,698 - camera_camera - DEBUG - Resource monitoring started
2025-07-21 00:18:22,699 - camera_camera - WARNING - High memory usage (85.8%), triggering garbage collection
2025-07-21 00:18:22,779 - camera_camera - DEBUG - Optimized video thread started
2025-07-21 00:18:22,778 - camera_camera - INFO - Optimized video capture loop started
2025-07-21 00:18:22,782 - camera_camera - DEBUG - Initializing USB camera
2025-07-21 00:18:22,784 - camera_camera - DEBUG - Camera watchdog started
2025-07-21 00:18:22,785 - camera_camera - DEBUG - Camera watchdog enabled
2025-07-21 00:18:23,306 - DataManager - INFO - Successfully loaded 89 records from data\Tharuni_Associates_Kadapa_data.csv
2025-07-21 00:18:23,307 - MainForm - INFO - MainForm initialized
2025-07-21 00:18:23,308 - TharuniApp - INFO - Main form created
2025-07-21 00:18:23,308 - MainForm - INFO - Using hardcoded dropdown values
2025-07-21 00:18:23,309 - PendingVehiclesPanel - INFO - PendingVehiclesPanel initialized
2025-07-21 00:18:23,320 - PendingVehiclesPanel - INFO - Refreshing pending vehicles list
2025-07-21 00:18:23,323 - DataManager - INFO - Successfully loaded 89 records from data\Tharuni_Associates_Kadapa_data.csv
2025-07-21 00:18:23,324 - PendingVehiclesPanel - INFO - Retrieved 89 total records
2025-07-21 00:18:23,481 - PendingVehiclesPanel - INFO - Found 0 unique pending vehicles, prevented 0 duplicates
2025-07-21 00:18:23,482 - PendingVehiclesPanel - INFO - Successfully refreshed pending list with 0 unique vehicles
2025-07-21 00:18:23,483 - TharuniApp - INFO - Pending vehicles panel created
2025-07-21 00:18:23,727 - TharuniApp - INFO - Main panel creation completed
2025-07-21 00:18:23,740 - TharuniApp - INFO - Summary panel created
2025-07-21 00:18:23,749 - weighbridge - INFO - Enhanced logging initialized for WeighbridgeManager
2025-07-21 00:18:23,752 - weighbridge - INFO - Initializing WeighbridgeManager
2025-07-21 00:18:23,758 - weighbridge - DEBUG - Weight parsing patterns compiled successfully
2025-07-21 00:18:23,760 - weighbridge - DEBUG - Signal handlers registered
2025-07-21 00:18:23,762 - weighbridge - INFO - SUCCESS: WeighbridgeManager initialized successfully
2025-07-21 00:18:23,782 - weighbridge - DEBUG - Scanning for available COM ports
2025-07-21 00:18:23,821 - weighbridge - WARNING - No COM ports found
2025-07-21 00:18:24,589 - weighbridge - WARNING - Test mode ENABLED - weighbridge will simulate readings
2025-07-21 00:18:24,597 - TharuniApp - INFO - ✅ Data manager reference set in settings panel
2025-07-21 00:18:24,597 - TharuniApp - INFO - Widget creation completed successfully
2025-07-21 00:18:24,599 - PendingVehiclesPanel - INFO - Refreshing pending vehicles list
2025-07-21 00:18:24,602 - DataManager - INFO - Successfully loaded 89 records from data\Tharuni_Associates_Kadapa_data.csv
2025-07-21 00:18:24,602 - PendingVehiclesPanel - INFO - Retrieved 89 total records
2025-07-21 00:18:24,670 - camera_camera - WARNING - High memory usage (85.3%), triggering garbage collection
2025-07-21 00:18:24,714 - PendingVehiclesPanel - INFO - Found 0 unique pending vehicles, prevented 0 duplicates
2025-07-21 00:18:24,715 - PendingVehiclesPanel - INFO - Successfully refreshed pending list with 0 unique vehicles
2025-07-21 00:18:24,721 - TharuniApp - INFO - Application initialization completed successfully
2025-07-21 00:18:24,805 - camera_camera - WARNING - High memory usage (85.3%), triggering garbage collection
2025-07-21 00:18:25,266 - camera_camera - DEBUG - Initializing USB camera
2025-07-21 00:18:25,632 - TharuniApp - INFO - Ensuring settings persistence...
2025-07-21 00:18:25,636 - TharuniApp - INFO - Found saved weighbridge settings: {'com_port': 'COM3', 'baud_rate': 9600, 'data_bits': 8, 'parity': 'None', 'stop_bits': 1.0, 'test_mode': True}
2025-07-21 00:18:25,637 - TharuniApp - INFO - Settings persistence check completed
2025-07-21 00:18:26,724 - camera_camera - WARNING - High memory usage (85.4%), triggering garbage collection
2025-07-21 00:18:26,863 - camera_camera - WARNING - High memory usage (85.3%), triggering garbage collection
2025-07-21 00:18:27,317 - camera_camera - DEBUG - Initializing USB camera
2025-07-21 00:18:27,642 - weighbridge - DEBUG - Scanning for available COM ports
2025-07-21 00:18:27,652 - weighbridge - WARNING - No COM ports found
2025-07-21 00:18:28,836 - camera_camera - WARNING - High memory usage (85.1%), triggering garbage collection
2025-07-21 00:18:28,935 - camera_camera - WARNING - High memory usage (85.1%), triggering garbage collection
2025-07-21 00:18:29,369 - camera_camera - DEBUG - Initializing USB camera
2025-07-21 00:18:30,922 - camera_camera - DEBUG - Resource usage - CPU: 54.0%, Memory: 85.0%
2025-07-21 00:18:31,420 - camera_camera - DEBUG - Initializing USB camera
2025-07-21 00:18:33,464 - camera_camera - DEBUG - Initializing USB camera
2025-07-21 00:18:35,180 - DataManager - INFO - Successfully loaded 89 records from data\Tharuni_Associates_Kadapa_data.csv
2025-07-21 00:18:35,181 - DataManager - INFO - Returning all 89 records (no filter)
2025-07-21 00:18:36,983 - camera_camera - WARNING - High memory usage (85.3%), triggering garbage collection
2025-07-21 00:18:37,070 - camera_camera - WARNING - High memory usage (85.4%), triggering garbage collection
2025-07-21 00:18:39,055 - camera_camera - WARNING - High memory usage (87.2%), triggering garbage collection
2025-07-21 00:18:39,160 - camera_camera - WARNING - High memory usage (87.2%), triggering garbage collection
2025-07-21 00:18:39,383 - DataManager - INFO - Successfully loaded 89 records from data\Tharuni_Associates_Kadapa_data.csv
2025-07-21 00:18:39,398 - camera_camera - INFO - SUCCESS: Camera connection stabilized
2025-07-21 00:18:40,511 - camera_camera - DEBUG - Initializing USB camera
2025-07-21 00:18:41,168 - camera_camera - WARNING - High memory usage (88.1%), triggering garbage collection
2025-07-21 00:18:41,261 - camera_camera - WARNING - High memory usage (88.1%), triggering garbage collection
2025-07-21 00:18:42,632 - camera_camera - DEBUG - Initializing USB camera
2025-07-21 00:18:43,232 - camera_camera - WARNING - High memory usage (88.8%), triggering garbage collection
2025-07-21 00:18:43,354 - camera_camera - WARNING - High memory usage (89.1%), triggering garbage collection
2025-07-21 00:18:44,687 - camera_camera - DEBUG - Initializing USB camera
2025-07-21 00:18:45,293 - camera_camera - WARNING - High memory usage (91.0%), triggering garbage collection
2025-07-21 00:18:45,419 - camera_camera - WARNING - High memory usage (91.1%), triggering garbage collection
2025-07-21 00:18:46,791 - camera_camera - DEBUG - Initializing USB camera
2025-07-21 00:18:47,360 - camera_camera - WARNING - High memory usage (91.9%), triggering garbage collection
2025-07-21 00:18:47,500 - camera_camera - WARNING - High memory usage (92.1%), triggering garbage collection
2025-07-21 00:18:48,900 - camera_camera - DEBUG - Initializing USB camera
2025-07-21 00:18:49,429 - camera_camera - WARNING - High memory usage (93.3%), triggering garbage collection
2025-07-21 00:18:49,583 - camera_camera - WARNING - High memory usage (93.4%), triggering garbage collection
2025-07-21 00:18:50,959 - camera_camera - DEBUG - Initializing USB camera
2025-07-21 00:18:51,512 - camera_camera - WARNING - High memory usage (90.9%), triggering garbage collection
2025-07-21 00:18:51,661 - camera_camera - WARNING - High memory usage (90.9%), triggering garbage collection
2025-07-21 00:18:53,631 - camera_camera - WARNING - High memory usage (91.0%), triggering garbage collection
2025-07-21 00:18:53,781 - camera_camera - WARNING - High memory usage (90.9%), triggering garbage collection
2025-07-21 00:18:55,723 - camera_camera - WARNING - High memory usage (91.1%), triggering garbage collection
2025-07-21 00:18:55,887 - camera_camera - WARNING - High memory usage (90.3%), triggering garbage collection
2025-07-21 00:18:57,832 - camera_camera - WARNING - High memory usage (88.9%), triggering garbage collection
2025-07-21 00:18:58,002 - camera_camera - WARNING - High memory usage (88.8%), triggering garbage collection
2025-07-21 00:18:58,066 - camera_camera - DEBUG - Initializing USB camera
2025-07-21 00:18:59,914 - camera_camera - WARNING - High memory usage (87.1%), triggering garbage collection
2025-07-21 00:19:00,076 - camera_camera - WARNING - High memory usage (87.0%), triggering garbage collection
2025-07-21 00:19:00,153 - camera_camera - DEBUG - Initializing USB camera
2025-07-21 00:19:00,155 - camera_camera - DEBUG - Resource usage - CPU: 39.0%, Memory: 87.0%
2025-07-21 00:19:02,049 - camera_camera - WARNING - High memory usage (86.5%), triggering garbage collection
2025-07-21 00:19:02,173 - camera_camera - WARNING - High memory usage (86.1%), triggering garbage collection
2025-07-21 00:19:02,238 - camera_camera - DEBUG - Initializing USB camera
2025-07-21 00:19:04,310 - camera_camera - DEBUG - Initializing USB camera
2025-07-21 00:19:06,426 - camera_camera - DEBUG - Initializing USB camera
2025-07-21 00:19:08,167 - camera_camera - WARNING - High memory usage (85.1%), triggering garbage collection
2025-07-21 00:19:08,339 - camera_camera - WARNING - High memory usage (85.1%), triggering garbage collection
2025-07-21 00:19:08,502 - camera_camera - DEBUG - Initializing USB camera
2025-07-21 00:19:10,287 - camera_camera - WARNING - High memory usage (85.5%), triggering garbage collection
2025-07-21 00:19:10,448 - camera_camera - WARNING - High memory usage (85.5%), triggering garbage collection
2025-07-21 00:19:12,367 - camera_camera - WARNING - High memory usage (85.9%), triggering garbage collection
2025-07-21 00:19:12,517 - camera_camera - WARNING - High memory usage (85.8%), triggering garbage collection
2025-07-21 00:19:14,459 - camera_camera - WARNING - High memory usage (85.7%), triggering garbage collection
2025-07-21 00:19:14,600 - camera_camera - WARNING - High memory usage (85.8%), triggering garbage collection
2025-07-21 00:19:15,619 - camera_camera - DEBUG - Initializing USB camera
2025-07-21 00:19:16,577 - camera_camera - WARNING - High memory usage (87.5%), triggering garbage collection
2025-07-21 00:19:16,702 - camera_camera - WARNING - High memory usage (87.6%), triggering garbage collection
2025-07-21 00:19:17,691 - camera_camera - DEBUG - Initializing USB camera
2025-07-21 00:19:18,672 - camera_camera - WARNING - High CPU usage (93.6%), reducing FPS to 22.5
2025-07-21 00:19:18,674 - camera_camera - WARNING - High memory usage (87.0%), triggering garbage collection
2025-07-21 00:19:18,789 - camera_camera - WARNING - High CPU usage (94.8%), reducing FPS to 23.0
2025-07-21 00:19:18,790 - camera_camera - WARNING - High memory usage (87.1%), triggering garbage collection
2025-07-21 00:19:19,770 - camera_camera - DEBUG - Initializing USB camera
2025-07-21 00:19:20,749 - camera_camera - WARNING - High CPU usage (90.3%), reducing FPS to 21.5
2025-07-21 00:19:20,751 - camera_camera - WARNING - High memory usage (88.0%), triggering garbage collection
2025-07-21 00:19:20,859 - camera_camera - WARNING - High memory usage (88.1%), triggering garbage collection
2025-07-21 00:19:21,818 - camera_camera - DEBUG - Initializing USB camera
2025-07-21 00:19:22,801 - camera_camera - DEBUG - Performed garbage collection
2025-07-21 00:19:22,830 - camera_camera - WARNING - High CPU usage (94.1%), reducing FPS to 20.5
2025-07-21 00:19:22,832 - camera_camera - WARNING - High memory usage (89.1%), triggering garbage collection
2025-07-21 00:19:22,937 - camera_camera - WARNING - High CPU usage (94.9%), reducing FPS to 21.0
2025-07-21 00:19:22,940 - camera_camera - WARNING - High memory usage (89.2%), triggering garbage collection
2025-07-21 00:19:23,864 - camera_camera - DEBUG - Initializing USB camera
2025-07-21 00:19:24,730 - PendingVehiclesPanel - INFO - Refreshing pending vehicles list
2025-07-21 00:19:24,752 - DataManager - INFO - Successfully loaded 89 records from data\Tharuni_Associates_Kadapa_data.csv
2025-07-21 00:19:24,753 - PendingVehiclesPanel - INFO - Retrieved 89 total records
2025-07-21 00:19:24,859 - PendingVehiclesPanel - INFO - Found 0 unique pending vehicles, prevented 0 duplicates
2025-07-21 00:19:24,860 - PendingVehiclesPanel - INFO - Successfully refreshed pending list with 0 unique vehicles
2025-07-21 00:19:24,902 - camera_camera - WARNING - High CPU usage (93.7%), reducing FPS to 19.5
2025-07-21 00:19:24,904 - camera_camera - WARNING - High memory usage (88.5%), triggering garbage collection
2025-07-21 00:19:25,036 - camera_camera - WARNING - High CPU usage (92.6%), reducing FPS to 20.0
2025-07-21 00:19:25,038 - camera_camera - WARNING - High memory usage (88.0%), triggering garbage collection
2025-07-21 00:19:25,900 - camera_camera - DEBUG - Initializing USB camera
2025-07-21 00:19:26,978 - camera_camera - WARNING - High memory usage (86.6%), triggering garbage collection
2025-07-21 00:19:27,118 - camera_camera - WARNING - High memory usage (86.6%), triggering garbage collection
2025-07-21 00:19:29,060 - camera_camera - WARNING - High memory usage (88.7%), triggering garbage collection
2025-07-21 00:19:29,200 - camera_camera - WARNING - High memory usage (88.4%), triggering garbage collection
2025-07-21 00:19:31,159 - camera_camera - WARNING - High memory usage (88.3%), triggering garbage collection
2025-07-21 00:19:31,261 - camera_camera - WARNING - High memory usage (88.4%), triggering garbage collection
2025-07-21 00:19:32,954 - camera_camera - DEBUG - Initializing USB camera
2025-07-21 00:19:33,250 - camera_camera - WARNING - High memory usage (88.2%), triggering garbage collection
2025-07-21 00:19:33,337 - camera_camera - WARNING - High memory usage (88.2%), triggering garbage collection
2025-07-21 00:19:35,006 - camera_camera - DEBUG - Initializing USB camera
2025-07-21 00:19:35,327 - camera_camera - WARNING - High memory usage (87.2%), triggering garbage collection
2025-07-21 00:19:35,457 - camera_camera - WARNING - High memory usage (87.1%), triggering garbage collection
2025-07-21 00:19:37,117 - camera_camera - DEBUG - Initializing USB camera
2025-07-21 00:19:37,462 - camera_camera - WARNING - High memory usage (87.7%), triggering garbage collection
2025-07-21 00:19:37,586 - camera_camera - WARNING - High memory usage (87.8%), triggering garbage collection
2025-07-21 00:19:39,227 - camera_camera - DEBUG - Initializing USB camera
2025-07-21 00:19:41,295 - camera_camera - DEBUG - Initializing USB camera
2025-07-21 00:19:43,387 - camera_camera - DEBUG - Initializing USB camera
2025-07-21 00:19:43,630 - camera_camera - WARNING - High memory usage (85.8%), triggering garbage collection
2025-07-21 00:19:43,708 - camera_camera - WARNING - High memory usage (85.9%), triggering garbage collection
2025-07-21 00:19:45,725 - camera_camera - WARNING - High memory usage (86.1%), triggering garbage collection
2025-07-21 00:19:45,800 - camera_camera - WARNING - High memory usage (85.9%), triggering garbage collection
2025-07-21 00:19:47,786 - camera_camera - WARNING - High memory usage (85.9%), triggering garbage collection
2025-07-21 00:19:47,878 - camera_camera - WARNING - High memory usage (86.1%), triggering garbage collection
2025-07-21 00:19:49,871 - camera_camera - WARNING - High memory usage (87.2%), triggering garbage collection
2025-07-21 00:19:49,962 - camera_camera - WARNING - High memory usage (87.2%), triggering garbage collection
2025-07-21 00:19:50,473 - camera_camera - DEBUG - Initializing USB camera
2025-07-21 00:19:52,534 - camera_camera - DEBUG - Initializing USB camera
2025-07-21 00:19:54,403 - TharuniApp - INFO - Application closing - saving settings...
2025-07-21 00:19:54,416 - TharuniApp - INFO - Updating camera settings: {'front_camera_type': 'USB', 'front_camera_index': 0, 'front_rtsp_username': '', 'front_rtsp_password': '', 'front_rtsp_ip': '', 'front_rtsp_port': '554', 'front_rtsp_endpoint': '/stream1', 'front_http_username': '', 'front_http_password': '', 'front_http_ip': '', 'front_http_port': '80', 'front_http_endpoint': '/mjpeg', 'back_camera_type': 'USB', 'back_camera_index': 1, 'back_rtsp_username': '', 'back_rtsp_password': '', 'back_rtsp_ip': '', 'back_rtsp_port': '554', 'back_rtsp_endpoint': '/stream1', 'back_http_username': '', 'back_http_password': '', 'back_http_ip': '', 'back_http_port': '80', 'back_http_endpoint': '/mjpeg'}
2025-07-21 00:19:54,419 - camera_camera - INFO - Stopping camera feed
2025-07-21 00:19:54,463 - camera_camera - INFO - Optimized video capture loop ending
2025-07-21 00:19:54,636 - camera_camera - DEBUG - Initializing USB camera
2025-07-21 00:19:54,814 - camera_camera - INFO - Stopping camera feed
2025-07-21 00:19:54,816 - camera_camera - INFO - Optimized video capture loop ending
2025-07-21 00:19:54,822 - TharuniApp - INFO - Camera settings saved for persistence
2025-07-21 00:19:54,822 - weighbridge - INFO - Initiating weighbridge disconnection
2025-07-21 00:19:54,823 - weighbridge - INFO - SUCCESS: Weighbridge disconnected successfully
2025-07-21 00:19:54,825 - camera_camera - INFO - Stopping camera feed
2025-07-21 00:19:54,826 - camera_camera - INFO - Stopping camera feed
2025-07-21 00:19:54,828 - TharuniApp - INFO - ============================================================
2025-07-21 00:19:54,828 - TharuniApp - INFO - APPLICATION SHUTDOWN COMPLETED
2025-07-21 00:19:54,829 - TharuniApp - INFO - ============================================================
2025-07-21 00:19:54,877 - TharuniApp - INFO - Application closing - saving settings...
2025-07-21 00:19:54,897 - TharuniApp - INFO - Updating camera settings: {'front_camera_type': 'USB', 'front_camera_index': 0, 'front_rtsp_username': '', 'front_rtsp_password': '', 'front_rtsp_ip': '', 'front_rtsp_port': '554', 'front_rtsp_endpoint': '/stream1', 'front_http_username': '', 'front_http_password': '', 'front_http_ip': '', 'front_http_port': '80', 'front_http_endpoint': '/mjpeg', 'back_camera_type': 'USB', 'back_camera_index': 1, 'back_rtsp_username': '', 'back_rtsp_password': '', 'back_rtsp_ip': '', 'back_rtsp_port': '554', 'back_rtsp_endpoint': '/stream1', 'back_http_username': '', 'back_http_password': '', 'back_http_ip': '', 'back_http_port': '80', 'back_http_endpoint': '/mjpeg'}
2025-07-21 00:19:54,904 - camera_camera - INFO - Stopping camera feed
2025-07-21 00:19:54,910 - camera_camera - INFO - Stopping camera feed
2025-07-21 00:19:54,954 - TharuniApp - INFO - Camera settings saved for persistence
2025-07-21 00:19:54,960 - weighbridge - INFO - Initiating weighbridge disconnection
2025-07-21 00:19:54,962 - weighbridge - INFO - SUCCESS: Weighbridge disconnected successfully
2025-07-21 00:19:54,965 - camera_camera - INFO - Stopping camera feed
2025-07-21 00:19:54,971 - camera_camera - INFO - Stopping camera feed
2025-07-21 00:19:54,977 - TharuniApp - INFO - ============================================================
2025-07-21 00:19:54,979 - TharuniApp - INFO - APPLICATION SHUTDOWN COMPLETED
2025-07-21 00:19:54,980 - TharuniApp - INFO - ============================================================
2025-07-21 00:19:54,980 - TharuniApp - ERROR - Error during shutdown: can't invoke "destroy" command: application has been destroyed
2025-07-21 19:04:47,571 - TharuniApp - INFO - ============================================================
2025-07-21 19:04:47,571 - TharuniApp - INFO - APPLICATION STARTUP
2025-07-21 19:04:47,572 - TharuniApp - INFO - ============================================================
2025-07-21 19:04:47,576 - TharuniApp - INFO - Configuration setup completed
2025-07-21 19:04:47,577 - DataManager - INFO - DataManager initialized with OFFLINE-FIRST approach + JSON local storage
2025-07-21 19:04:47,578 - DataManager - INFO - CSV structure is up to date
2025-07-21 19:04:47,579 - DataManager - INFO - Unified folder structure ready:
2025-07-21 19:04:47,579 - DataManager - INFO -   Reports: data\reports\2025-07-21
2025-07-21 19:04:47,579 - DataManager - INFO -   JSON Backups: data\json_backups\2025-07-21
2025-07-21 19:04:47,579 - DataManager - INFO -   PDF Folder: data\reports\2025-07-21
2025-07-21 19:04:47,580 - DataManager - INFO - All folder attributes ensured and validated
2025-07-21 19:04:47,580 - DataManager - INFO - 🔍 Checking if archive is due...
2025-07-21 19:04:47,581 - DataManager - INFO - CSV analysis: 0 total records, 0 complete records
2025-07-21 19:04:47,582 - DataManager - INFO - CSV file has no complete records to archive
2025-07-21 19:04:47,582 - DataManager - INFO - ⏳ Archive not due yet
2025-07-21 19:04:47,582 - DataManager - INFO - Data file: data\weighbridge_data.csv
2025-07-21 19:04:47,582 - DataManager - INFO - Reports folder: data\reports
2025-07-21 19:04:47,583 - DataManager - INFO - JSON backup folder: data\json_backups
2025-07-21 19:04:47,583 - DataManager - INFO - Today's JSON folder: data\json_backups\2025-07-21
2025-07-21 19:04:47,584 - DataManager - INFO - Today's PDF folder: data\reports\2025-07-21
2025-07-21 19:04:47,584 - DataManager - INFO - Cloud storage will only be initialized when backup is requested
2025-07-21 19:04:47,585 - TharuniApp - INFO - Data manager initialized
2025-07-21 19:04:47,587 - TharuniApp - INFO - Using hardcoded settings storage
2025-07-21 19:04:47,589 - TharuniApp - INFO - UI styles initialized
2025-07-21 19:04:47,589 - TharuniApp - INFO - Starting user authentication
2025-07-21 19:04:55,155 - TharuniApp - INFO - Authentication canceled - exiting application
2025-07-21 19:04:55,161 - TharuniApp - INFO - User authentication failed or canceled - exiting
2025-07-21 19:04:55,161 - TharuniApp - ERROR - Critical error during application initialization: can't invoke "destroy" command: application has been destroyed
2025-07-21 19:04:57,175 - TharuniApp - INFO - Application closing - saving settings...
2025-07-21 19:04:57,176 - TharuniApp - INFO - ============================================================
2025-07-21 19:04:57,177 - TharuniApp - INFO - APPLICATION SHUTDOWN COMPLETED
2025-07-21 19:04:57,177 - TharuniApp - INFO - ============================================================
2025-07-21 19:04:57,178 - TharuniApp - ERROR - Error during shutdown: can't invoke "destroy" command: application has been destroyed
2025-07-21 19:06:42,819 - TharuniApp - INFO - ============================================================
2025-07-21 19:06:42,819 - TharuniApp - INFO - APPLICATION STARTUP
2025-07-21 19:06:42,820 - TharuniApp - INFO - ============================================================
2025-07-21 19:06:42,824 - TharuniApp - INFO - Configuration setup completed
2025-07-21 19:06:42,825 - DataManager - INFO - DataManager initialized with OFFLINE-FIRST approach + JSON local storage
2025-07-21 19:06:42,825 - DataManager - INFO - CSV structure is up to date
2025-07-21 19:06:42,826 - DataManager - INFO - Unified folder structure ready:
2025-07-21 19:06:42,826 - DataManager - INFO -   Reports: data\reports\2025-07-21
2025-07-21 19:06:42,827 - DataManager - INFO -   JSON Backups: data\json_backups\2025-07-21
2025-07-21 19:06:42,827 - DataManager - INFO -   PDF Folder: data\reports\2025-07-21
2025-07-21 19:06:42,828 - DataManager - INFO - All folder attributes ensured and validated
2025-07-21 19:06:42,828 - DataManager - INFO - 🔍 Checking if archive is due...
2025-07-21 19:06:42,830 - DataManager - INFO - CSV analysis: 0 total records, 0 complete records
2025-07-21 19:06:42,830 - DataManager - INFO - CSV file has no complete records to archive
2025-07-21 19:06:42,831 - DataManager - INFO - ⏳ Archive not due yet
2025-07-21 19:06:42,831 - DataManager - INFO - Data file: data\weighbridge_data.csv
2025-07-21 19:06:42,831 - DataManager - INFO - Reports folder: data\reports
2025-07-21 19:06:42,831 - DataManager - INFO - JSON backup folder: data\json_backups
2025-07-21 19:06:42,832 - DataManager - INFO - Today's JSON folder: data\json_backups\2025-07-21
2025-07-21 19:06:42,832 - DataManager - INFO - Today's PDF folder: data\reports\2025-07-21
2025-07-21 19:06:42,832 - DataManager - INFO - Cloud storage will only be initialized when backup is requested
2025-07-21 19:06:42,833 - TharuniApp - INFO - Data manager initialized
2025-07-21 19:06:42,844 - TharuniApp - INFO - Using hardcoded settings storage
2025-07-21 19:06:42,845 - TharuniApp - INFO - UI styles initialized
2025-07-21 19:06:42,845 - TharuniApp - INFO - Starting user authentication
2025-07-21 19:06:49,262 - TharuniApp - INFO - Hardcoded authentication successful: admin
2025-07-21 19:06:49,262 - TharuniApp - INFO - User logged in: admin (Role: admin)
2025-07-21 19:06:49,262 - TharuniApp - INFO - Setting up data context
2025-07-21 19:06:49,262 - TharuniApp - INFO - Using hardcoded agency and site values
2025-07-21 19:06:49,273 - DataManager - INFO - CSV structure is up to date
2025-07-21 19:06:49,274 - DataManager - INFO - Data context set to: Agency='Tharuni Associates', Site='Bheemavaram'
2025-07-21 19:06:49,274 - DataManager - INFO - Data file: data\Tharuni_Associates_Bheemavaram_data.csv
2025-07-21 19:06:49,274 - TharuniApp - INFO - Data context initialized: Agency='Tharuni Associates', Site='Bheemavaram'
2025-07-21 19:06:49,275 - TharuniApp - INFO - Data will be saved to: data\Tharuni_Associates_Bheemavaram_data.csv
2025-07-21 19:06:49,275 - TharuniApp - INFO - PDFs will be saved to: data\reports\2025-07-21
2025-07-21 19:06:49,275 - TharuniApp - INFO - Creating application widgets
2025-07-21 19:06:49,289 - TharuniApp - INFO - Creating main panel
2025-07-21 19:06:49,296 - FormValidator - INFO - FormValidator initialized
2025-07-21 19:06:49,307 - DataManager - INFO - Successfully loaded 0 records from data\Tharuni_Associates_Bheemavaram_data.csv
2025-07-21 19:06:49,389 - camera_camera - INFO - Enhanced logging initialized for Camera camera
2025-07-21 19:06:49,442 - camera_camera - DEBUG - Resource monitoring started
2025-07-21 19:06:49,442 - camera_camera - WARNING - High memory usage (87.5%), triggering garbage collection
2025-07-21 19:06:49,477 - camera_camera - DEBUG - Optimized video thread started
2025-07-21 19:06:49,477 - camera_camera - INFO - Optimized video capture loop started
2025-07-21 19:06:49,478 - camera_camera - DEBUG - Initializing USB camera
2025-07-21 19:06:49,484 - camera_camera - DEBUG - Camera watchdog started
2025-07-21 19:06:49,485 - camera_camera - DEBUG - Camera watchdog enabled
2025-07-21 19:06:49,486 - camera_camera - INFO - Enhanced logging initialized for Camera camera
2025-07-21 19:06:49,492 - camera_camera - DEBUG - Resource monitoring started
2025-07-21 19:06:49,492 - camera_camera - WARNING - High memory usage (87.5%), triggering garbage collection
2025-07-21 19:06:49,527 - camera_camera - DEBUG - Optimized video thread started
2025-07-21 19:06:49,527 - camera_camera - INFO - Optimized video capture loop started
2025-07-21 19:06:49,528 - camera_camera - DEBUG - Camera watchdog started
2025-07-21 19:06:49,528 - camera_camera - DEBUG - Camera watchdog enabled
2025-07-21 19:06:49,529 - camera_camera - DEBUG - Initializing USB camera
2025-07-21 19:06:49,737 - DataManager - INFO - Successfully loaded 0 records from data\Tharuni_Associates_Bheemavaram_data.csv
2025-07-21 19:06:49,737 - MainForm - INFO - MainForm initialized
2025-07-21 19:06:49,738 - TharuniApp - INFO - Main form created
2025-07-21 19:06:49,738 - MainForm - INFO - Using hardcoded dropdown values
2025-07-21 19:06:49,739 - PendingVehiclesPanel - INFO - PendingVehiclesPanel initialized
2025-07-21 19:06:49,745 - PendingVehiclesPanel - INFO - Refreshing pending vehicles list
2025-07-21 19:06:49,746 - DataManager - INFO - Successfully loaded 0 records from data\Tharuni_Associates_Bheemavaram_data.csv
2025-07-21 19:06:49,747 - PendingVehiclesPanel - INFO - Retrieved 0 total records
2025-07-21 19:06:49,747 - PendingVehiclesPanel - INFO - Found 0 unique pending vehicles, prevented 0 duplicates
2025-07-21 19:06:49,748 - PendingVehiclesPanel - INFO - Successfully refreshed pending list with 0 unique vehicles
2025-07-21 19:06:49,748 - TharuniApp - INFO - Pending vehicles panel created
2025-07-21 19:06:49,908 - TharuniApp - INFO - Main panel creation completed
2025-07-21 19:06:49,913 - TharuniApp - INFO - Summary panel created
2025-07-21 19:06:49,918 - weighbridge - INFO - Enhanced logging initialized for WeighbridgeManager
2025-07-21 19:06:49,919 - weighbridge - INFO - Initializing WeighbridgeManager
2025-07-21 19:06:49,920 - weighbridge - DEBUG - Weight parsing patterns compiled successfully
2025-07-21 19:06:49,921 - weighbridge - DEBUG - Signal handlers registered
2025-07-21 19:06:49,922 - weighbridge - INFO - SUCCESS: WeighbridgeManager initialized successfully
2025-07-21 19:06:49,925 - weighbridge - DEBUG - Scanning for available COM ports
2025-07-21 19:06:49,931 - weighbridge - WARNING - No COM ports found
2025-07-21 19:06:50,114 - weighbridge - WARNING - Test mode ENABLED - weighbridge will simulate readings
2025-07-21 19:06:50,118 - TharuniApp - INFO - ✅ Data manager reference set in settings panel
2025-07-21 19:06:50,119 - TharuniApp - INFO - Widget creation completed successfully
2025-07-21 19:06:50,120 - PendingVehiclesPanel - INFO - Refreshing pending vehicles list
2025-07-21 19:06:50,121 - DataManager - INFO - Successfully loaded 0 records from data\Tharuni_Associates_Bheemavaram_data.csv
2025-07-21 19:06:50,122 - PendingVehiclesPanel - INFO - Retrieved 0 total records
2025-07-21 19:06:50,123 - PendingVehiclesPanel - INFO - Found 0 unique pending vehicles, prevented 0 duplicates
2025-07-21 19:06:50,124 - PendingVehiclesPanel - INFO - Successfully refreshed pending list with 0 unique vehicles
2025-07-21 19:06:50,127 - TharuniApp - INFO - Application initialization completed successfully
2025-07-21 19:06:51,129 - TharuniApp - INFO - Ensuring settings persistence...
2025-07-21 19:06:51,133 - TharuniApp - INFO - Found saved weighbridge settings: {'com_port': 'COM3', 'baud_rate': 9600, 'data_bits': 8, 'parity': 'None', 'stop_bits': 1.0, 'test_mode': True}
2025-07-21 19:06:51,133 - TharuniApp - INFO - Settings persistence check completed
2025-07-21 19:06:51,500 - camera_camera - WARNING - High memory usage (88.2%), triggering garbage collection
2025-07-21 19:06:51,536 - camera_camera - WARNING - High memory usage (88.1%), triggering garbage collection
2025-07-21 19:06:51,780 - camera_camera - DEBUG - Initializing USB camera
2025-07-21 19:06:53,147 - weighbridge - DEBUG - Scanning for available COM ports
2025-07-21 19:06:53,154 - weighbridge - WARNING - No COM ports found
2025-07-21 19:06:53,566 - camera_camera - WARNING - High memory usage (88.2%), triggering garbage collection
2025-07-21 19:06:53,600 - camera_camera - WARNING - High memory usage (88.2%), triggering garbage collection
2025-07-21 19:06:53,803 - camera_camera - DEBUG - Initializing USB camera
2025-07-21 19:06:55,626 - camera_camera - WARNING - High memory usage (88.0%), triggering garbage collection
2025-07-21 19:06:55,662 - camera_camera - WARNING - High memory usage (88.0%), triggering garbage collection
2025-07-21 19:06:55,828 - camera_camera - DEBUG - Initializing USB camera
2025-07-21 19:06:57,670 - camera_camera - WARNING - High memory usage (88.3%), triggering garbage collection
2025-07-21 19:06:57,710 - camera_camera - WARNING - High memory usage (88.4%), triggering garbage collection
2025-07-21 19:06:57,857 - camera_camera - INFO - SUCCESS: Camera connection stabilized
2025-07-21 19:06:57,862 - camera_camera - DEBUG - Initializing USB camera
2025-07-21 19:06:59,717 - camera_camera - WARNING - High memory usage (88.7%), triggering garbage collection
2025-07-21 19:06:59,758 - camera_camera - WARNING - High memory usage (88.7%), triggering garbage collection
2025-07-21 19:06:59,895 - camera_camera - DEBUG - Initializing USB camera
2025-07-21 19:07:01,790 - camera_camera - WARNING - High memory usage (90.0%), triggering garbage collection
2025-07-21 19:07:01,842 - camera_camera - WARNING - High memory usage (90.0%), triggering garbage collection
2025-07-21 19:07:03,869 - camera_camera - WARNING - High memory usage (90.1%), triggering garbage collection
2025-07-21 19:07:03,916 - camera_camera - WARNING - High memory usage (90.1%), triggering garbage collection
2025-07-21 19:07:05,932 - camera_camera - WARNING - High memory usage (89.1%), triggering garbage collection
2025-07-21 19:07:05,968 - camera_camera - WARNING - High memory usage (89.1%), triggering garbage collection
2025-07-21 19:07:06,937 - camera_camera - DEBUG - Initializing USB camera
2025-07-21 19:07:07,977 - camera_camera - WARNING - High memory usage (89.1%), triggering garbage collection
2025-07-21 19:07:08,022 - camera_camera - WARNING - High memory usage (89.1%), triggering garbage collection
2025-07-21 19:07:08,981 - camera_camera - DEBUG - Initializing USB camera
2025-07-21 19:07:10,039 - camera_camera - WARNING - High memory usage (89.1%), triggering garbage collection
2025-07-21 19:07:10,078 - camera_camera - WARNING - High memory usage (89.1%), triggering garbage collection
2025-07-21 19:07:11,031 - camera_camera - DEBUG - Initializing USB camera
2025-07-21 19:07:12,099 - camera_camera - WARNING - High memory usage (88.7%), triggering garbage collection
2025-07-21 19:07:12,142 - camera_camera - WARNING - High memory usage (88.7%), triggering garbage collection
2025-07-21 19:07:13,077 - camera_camera - DEBUG - Initializing USB camera
2025-07-21 19:07:14,158 - camera_camera - WARNING - High memory usage (88.7%), triggering garbage collection
2025-07-21 19:07:14,219 - camera_camera - WARNING - High memory usage (88.7%), triggering garbage collection
2025-07-21 19:07:15,112 - camera_camera - DEBUG - Initializing USB camera
2025-07-21 19:07:16,228 - camera_camera - WARNING - High memory usage (89.5%), triggering garbage collection
2025-07-21 19:07:16,298 - camera_camera - WARNING - High memory usage (89.7%), triggering garbage collection
2025-07-21 19:07:17,142 - camera_camera - DEBUG - Initializing USB camera
2025-07-21 19:07:18,325 - camera_camera - WARNING - High memory usage (89.1%), triggering garbage collection
2025-07-21 19:07:18,411 - camera_camera - WARNING - High memory usage (89.1%), triggering garbage collection
2025-07-21 19:07:20,376 - camera_camera - WARNING - High memory usage (89.1%), triggering garbage collection
2025-07-21 19:07:20,461 - camera_camera - WARNING - High memory usage (89.1%), triggering garbage collection
2025-07-21 19:07:22,445 - camera_camera - WARNING - High memory usage (89.1%), triggering garbage collection
2025-07-21 19:07:22,511 - camera_camera - WARNING - High memory usage (89.0%), triggering garbage collection
2025-07-21 19:07:24,184 - camera_camera - DEBUG - Initializing USB camera
2025-07-21 19:07:24,524 - camera_camera - WARNING - High memory usage (89.0%), triggering garbage collection
2025-07-21 19:07:24,595 - camera_camera - WARNING - High memory usage (89.0%), triggering garbage collection
2025-07-21 19:07:26,208 - camera_camera - DEBUG - Initializing USB camera
2025-07-21 19:07:26,612 - camera_camera - WARNING - High memory usage (89.1%), triggering garbage collection
2025-07-21 19:07:26,664 - camera_camera - WARNING - High memory usage (89.1%), triggering garbage collection
2025-07-21 19:07:28,242 - camera_camera - DEBUG - Initializing USB camera
2025-07-21 19:07:28,682 - camera_camera - WARNING - High memory usage (89.1%), triggering garbage collection
2025-07-21 19:07:28,734 - camera_camera - WARNING - High memory usage (89.1%), triggering garbage collection
2025-07-21 19:07:30,277 - camera_camera - DEBUG - Initializing USB camera
2025-07-21 19:07:30,738 - camera_camera - WARNING - High memory usage (89.3%), triggering garbage collection
2025-07-21 19:07:30,790 - camera_camera - DEBUG - Resource usage - CPU: 17.3%, Memory: 89.3%
2025-07-21 19:07:30,791 - camera_camera - WARNING - High memory usage (89.3%), triggering garbage collection
2025-07-21 19:07:30,828 - camera_camera - DEBUG - Resource usage - CPU: 17.4%, Memory: 89.3%
2025-07-21 19:07:32,332 - camera_camera - DEBUG - Initializing USB camera
2025-07-21 19:07:32,807 - camera_camera - WARNING - High memory usage (89.1%), triggering garbage collection
2025-07-21 19:07:32,846 - camera_camera - WARNING - High memory usage (89.1%), triggering garbage collection
2025-07-21 19:07:33,267 - DataManager - INFO - Successfully loaded 76 records from data\Tharuni_Associates_Bheemavaram_data.csv
2025-07-21 19:07:33,267 - DataManager - INFO - Returning all 76 records (no filter)
2025-07-21 19:07:34,369 - camera_camera - DEBUG - Initializing USB camera
2025-07-21 19:07:34,868 - camera_camera - WARNING - High memory usage (88.8%), triggering garbage collection
2025-07-21 19:07:34,903 - camera_camera - WARNING - High memory usage (88.5%), triggering garbage collection
2025-07-21 19:07:36,912 - camera_camera - WARNING - High memory usage (88.4%), triggering garbage collection
2025-07-21 19:07:36,963 - camera_camera - WARNING - High memory usage (88.4%), triggering garbage collection
2025-07-21 19:07:38,966 - camera_camera - WARNING - High memory usage (89.5%), triggering garbage collection
2025-07-21 19:07:39,024 - camera_camera - WARNING - High memory usage (89.5%), triggering garbage collection
2025-07-21 19:07:41,034 - camera_camera - WARNING - High memory usage (89.7%), triggering garbage collection
2025-07-21 19:07:41,090 - camera_camera - WARNING - High memory usage (89.6%), triggering garbage collection
2025-07-21 19:07:41,415 - camera_camera - DEBUG - Initializing USB camera
2025-07-21 19:07:43,097 - camera_camera - WARNING - High memory usage (89.6%), triggering garbage collection
2025-07-21 19:07:43,157 - camera_camera - WARNING - High memory usage (89.7%), triggering garbage collection
2025-07-21 19:07:43,458 - camera_camera - DEBUG - Initializing USB camera
2025-07-21 19:07:45,145 - camera_camera - WARNING - High memory usage (89.8%), triggering garbage collection
2025-07-21 19:07:45,202 - camera_camera - WARNING - High memory usage (89.8%), triggering garbage collection
2025-07-21 19:07:45,486 - camera_camera - DEBUG - Initializing USB camera
2025-07-21 19:07:47,211 - camera_camera - WARNING - High memory usage (89.3%), triggering garbage collection
2025-07-21 19:07:47,256 - camera_camera - WARNING - High memory usage (89.3%), triggering garbage collection
2025-07-21 19:07:47,518 - camera_camera - DEBUG - Initializing USB camera
2025-07-21 19:07:49,279 - camera_camera - WARNING - High memory usage (89.8%), triggering garbage collection
2025-07-21 19:07:49,321 - camera_camera - WARNING - High memory usage (89.8%), triggering garbage collection
2025-07-21 19:07:49,549 - camera_camera - DEBUG - Initializing USB camera
2025-07-21 19:07:49,590 - camera_camera - DEBUG - Performed garbage collection
2025-07-21 19:07:50,136 - PendingVehiclesPanel - INFO - Refreshing pending vehicles list
2025-07-21 19:07:50,141 - DataManager - INFO - Successfully loaded 76 records from data\Tharuni_Associates_Bheemavaram_data.csv
2025-07-21 19:07:50,143 - PendingVehiclesPanel - INFO - Retrieved 76 total records
2025-07-21 19:07:50,183 - PendingVehiclesPanel - INFO - Found 0 unique pending vehicles, prevented 0 duplicates
2025-07-21 19:07:50,184 - PendingVehiclesPanel - INFO - Successfully refreshed pending list with 0 unique vehicles
2025-07-21 19:07:51,356 - camera_camera - WARNING - High memory usage (89.9%), triggering garbage collection
2025-07-21 19:07:51,402 - camera_camera - WARNING - High memory usage (89.8%), triggering garbage collection
2025-07-21 19:07:51,603 - camera_camera - DEBUG - Initializing USB camera
2025-07-21 19:07:53,425 - camera_camera - WARNING - High memory usage (89.9%), triggering garbage collection
2025-07-21 19:07:53,472 - camera_camera - WARNING - High memory usage (89.9%), triggering garbage collection
2025-07-21 19:07:55,489 - camera_camera - WARNING - High memory usage (89.8%), triggering garbage collection
2025-07-21 19:07:55,540 - camera_camera - WARNING - High memory usage (88.6%), triggering garbage collection
2025-07-21 19:07:55,577 - DataManager - INFO - Successfully loaded 76 records from data\Tharuni_Associates_Bheemavaram_data.csv
2025-07-21 19:07:55,578 - DataManager - INFO - Returning all 76 records (no filter)
2025-07-21 19:07:57,565 - camera_camera - WARNING - High memory usage (88.7%), triggering garbage collection
2025-07-21 19:07:57,601 - camera_camera - WARNING - High memory usage (88.7%), triggering garbage collection
2025-07-21 19:07:58,645 - camera_camera - DEBUG - Initializing USB camera
2025-07-21 19:07:59,607 - camera_camera - WARNING - High memory usage (88.7%), triggering garbage collection
2025-07-21 19:07:59,653 - camera_camera - WARNING - High memory usage (88.6%), triggering garbage collection
2025-07-21 19:08:00,691 - camera_camera - DEBUG - Initializing USB camera
2025-07-21 19:08:01,655 - camera_camera - WARNING - High memory usage (88.7%), triggering garbage collection
2025-07-21 19:08:01,705 - camera_camera - WARNING - High memory usage (88.6%), triggering garbage collection
2025-07-21 19:08:01,869 - DataManager - INFO - Successfully loaded 76 records from data\Tharuni_Associates_Bheemavaram_data.csv
2025-07-21 19:08:02,739 - camera_camera - DEBUG - Initializing USB camera
2025-07-21 19:08:03,705 - camera_camera - WARNING - High memory usage (88.6%), triggering garbage collection
2025-07-21 19:08:03,769 - camera_camera - WARNING - High memory usage (88.6%), triggering garbage collection
2025-07-21 19:08:04,772 - camera_camera - DEBUG - Initializing USB camera
2025-07-21 19:08:05,764 - camera_camera - WARNING - High memory usage (88.6%), triggering garbage collection
2025-07-21 19:08:05,820 - camera_camera - WARNING - High memory usage (88.6%), triggering garbage collection
2025-07-21 19:08:06,811 - camera_camera - DEBUG - Initializing USB camera
2025-07-21 19:08:07,822 - camera_camera - WARNING - High memory usage (88.6%), triggering garbage collection
2025-07-21 19:08:07,873 - camera_camera - WARNING - High memory usage (88.5%), triggering garbage collection
2025-07-21 19:08:08,851 - camera_camera - DEBUG - Initializing USB camera
2025-07-21 19:08:09,880 - camera_camera - WARNING - High memory usage (88.6%), triggering garbage collection
2025-07-21 19:08:09,931 - camera_camera - WARNING - High memory usage (88.5%), triggering garbage collection
2025-07-21 19:08:11,936 - camera_camera - WARNING - High memory usage (88.5%), triggering garbage collection
2025-07-21 19:08:11,985 - camera_camera - WARNING - High memory usage (88.5%), triggering garbage collection
2025-07-21 19:08:13,999 - camera_camera - WARNING - High memory usage (88.5%), triggering garbage collection
2025-07-21 19:08:14,054 - camera_camera - WARNING - High memory usage (88.4%), triggering garbage collection
2025-07-21 19:08:15,891 - camera_camera - DEBUG - Initializing USB camera
2025-07-21 19:08:16,082 - camera_camera - WARNING - High memory usage (88.3%), triggering garbage collection
2025-07-21 19:08:16,119 - camera_camera - WARNING - High memory usage (88.3%), triggering garbage collection
2025-07-21 19:08:17,925 - camera_camera - DEBUG - Initializing USB camera
2025-07-21 19:08:18,136 - camera_camera - WARNING - High memory usage (88.4%), triggering garbage collection
2025-07-21 19:08:18,183 - camera_camera - WARNING - High memory usage (88.3%), triggering garbage collection
2025-07-21 19:08:19,947 - camera_camera - DEBUG - Initializing USB camera
2025-07-21 19:08:20,192 - camera_camera - WARNING - High memory usage (88.5%), triggering garbage collection
2025-07-21 19:08:20,244 - camera_camera - WARNING - High memory usage (88.5%), triggering garbage collection
2025-07-21 19:08:21,974 - camera_camera - DEBUG - Initializing USB camera
2025-07-21 19:08:22,237 - camera_camera - WARNING - High memory usage (89.5%), triggering garbage collection
2025-07-21 19:08:22,299 - camera_camera - WARNING - High memory usage (89.5%), triggering garbage collection
2025-07-21 19:08:23,999 - camera_camera - DEBUG - Initializing USB camera
2025-07-21 19:08:24,296 - camera_camera - WARNING - High memory usage (89.7%), triggering garbage collection
2025-07-21 19:08:24,344 - camera_camera - WARNING - High memory usage (89.7%), triggering garbage collection
2025-07-21 19:08:26,055 - camera_camera - DEBUG - Initializing USB camera
2025-07-21 19:08:26,353 - camera_camera - WARNING - High memory usage (89.8%), triggering garbage collection
2025-07-21 19:08:26,418 - camera_camera - WARNING - High memory usage (89.8%), triggering garbage collection
2025-07-21 19:08:28,432 - camera_camera - WARNING - High memory usage (89.8%), triggering garbage collection
2025-07-21 19:08:28,481 - camera_camera - WARNING - High memory usage (89.8%), triggering garbage collection
2025-07-21 19:08:30,488 - camera_camera - WARNING - High memory usage (89.9%), triggering garbage collection
2025-07-21 19:08:30,524 - camera_camera - DEBUG - Resource usage - CPU: 14.3%, Memory: 89.9%
2025-07-21 19:08:30,531 - camera_camera - WARNING - High memory usage (89.9%), triggering garbage collection
2025-07-21 19:08:30,566 - camera_camera - DEBUG - Resource usage - CPU: 14.1%, Memory: 89.9%
2025-07-21 19:08:32,541 - camera_camera - WARNING - High memory usage (89.7%), triggering garbage collection
2025-07-21 19:08:32,582 - camera_camera - WARNING - High memory usage (89.7%), triggering garbage collection
2025-07-21 19:08:33,139 - camera_camera - DEBUG - Initializing USB camera
2025-07-21 19:08:34,597 - camera_camera - WARNING - High memory usage (88.7%), triggering garbage collection
2025-07-21 19:08:34,633 - camera_camera - WARNING - High memory usage (88.7%), triggering garbage collection
2025-07-21 19:08:35,179 - camera_camera - DEBUG - Initializing USB camera
2025-07-21 19:08:36,648 - camera_camera - WARNING - High memory usage (88.7%), triggering garbage collection
2025-07-21 19:08:36,696 - camera_camera - WARNING - High memory usage (88.7%), triggering garbage collection
2025-07-21 19:08:37,226 - camera_camera - DEBUG - Initializing USB camera
2025-07-21 19:08:38,699 - camera_camera - WARNING - High memory usage (88.6%), triggering garbage collection
2025-07-21 19:08:38,762 - camera_camera - WARNING - High memory usage (88.6%), triggering garbage collection
2025-07-21 19:08:39,273 - camera_camera - DEBUG - Initializing USB camera
2025-07-21 19:08:40,760 - camera_camera - WARNING - High memory usage (88.6%), triggering garbage collection
2025-07-21 19:08:40,812 - camera_camera - WARNING - High memory usage (88.6%), triggering garbage collection
2025-07-21 19:08:41,319 - camera_camera - DEBUG - Initializing USB camera
2025-07-21 19:08:42,821 - camera_camera - WARNING - High memory usage (88.5%), triggering garbage collection
2025-07-21 19:08:42,888 - camera_camera - WARNING - High memory usage (88.5%), triggering garbage collection
2025-07-21 19:08:43,349 - camera_camera - DEBUG - Initializing USB camera
2025-07-21 19:08:44,906 - camera_camera - WARNING - High memory usage (88.4%), triggering garbage collection
2025-07-21 19:08:44,951 - camera_camera - WARNING - High memory usage (88.4%), triggering garbage collection
2025-07-21 19:08:46,968 - camera_camera - WARNING - High memory usage (88.7%), triggering garbage collection
2025-07-21 19:08:47,015 - camera_camera - WARNING - High memory usage (88.7%), triggering garbage collection
2025-07-21 19:08:49,027 - camera_camera - WARNING - High memory usage (88.7%), triggering garbage collection
2025-07-21 19:08:49,064 - camera_camera - WARNING - High memory usage (88.7%), triggering garbage collection
2025-07-21 19:08:49,615 - camera_camera - DEBUG - Performed garbage collection
2025-07-21 19:08:50,189 - PendingVehiclesPanel - INFO - Refreshing pending vehicles list
2025-07-21 19:08:50,194 - DataManager - INFO - Successfully loaded 76 records from data\Tharuni_Associates_Bheemavaram_data.csv
2025-07-21 19:08:50,196 - PendingVehiclesPanel - INFO - Retrieved 76 total records
2025-07-21 19:08:50,245 - PendingVehiclesPanel - INFO - Found 0 unique pending vehicles, prevented 0 duplicates
2025-07-21 19:08:50,245 - PendingVehiclesPanel - INFO - Successfully refreshed pending list with 0 unique vehicles
2025-07-21 19:08:50,410 - camera_camera - DEBUG - Initializing USB camera
2025-07-21 19:08:51,078 - camera_camera - WARNING - High memory usage (90.8%), triggering garbage collection
2025-07-21 19:08:51,129 - camera_camera - WARNING - High memory usage (90.8%), triggering garbage collection
2025-07-21 19:08:52,458 - camera_camera - DEBUG - Initializing USB camera
2025-07-21 19:08:53,136 - camera_camera - WARNING - High memory usage (90.8%), triggering garbage collection
2025-07-21 19:08:53,194 - camera_camera - WARNING - High memory usage (90.8%), triggering garbage collection
2025-07-21 19:08:54,500 - camera_camera - DEBUG - Initializing USB camera
2025-07-21 19:08:55,182 - camera_camera - WARNING - High memory usage (90.7%), triggering garbage collection
2025-07-21 19:08:55,275 - camera_camera - WARNING - High memory usage (90.7%), triggering garbage collection
2025-07-21 19:08:56,548 - camera_camera - DEBUG - Initializing USB camera
2025-07-21 19:08:57,227 - camera_camera - WARNING - High memory usage (90.7%), triggering garbage collection
2025-07-21 19:08:57,328 - camera_camera - WARNING - High memory usage (90.7%), triggering garbage collection
2025-07-21 19:08:58,572 - camera_camera - DEBUG - Initializing USB camera
2025-07-21 19:08:59,299 - camera_camera - WARNING - High memory usage (90.6%), triggering garbage collection
2025-07-21 19:08:59,389 - camera_camera - WARNING - High memory usage (90.6%), triggering garbage collection
2025-07-21 19:09:00,613 - camera_camera - DEBUG - Initializing USB camera
2025-07-21 19:09:01,368 - camera_camera - WARNING - High memory usage (90.6%), triggering garbage collection
2025-07-21 19:09:01,441 - camera_camera - WARNING - High memory usage (90.6%), triggering garbage collection
2025-07-21 19:09:03,420 - camera_camera - WARNING - High memory usage (91.3%), triggering garbage collection
2025-07-21 19:09:03,506 - camera_camera - WARNING - High memory usage (91.3%), triggering garbage collection
2025-07-21 19:09:05,476 - camera_camera - WARNING - High memory usage (91.3%), triggering garbage collection
2025-07-21 19:09:05,577 - camera_camera - WARNING - High memory usage (91.3%), triggering garbage collection
2025-07-21 19:09:07,549 - camera_camera - WARNING - High memory usage (91.2%), triggering garbage collection
2025-07-21 19:09:07,639 - camera_camera - WARNING - High memory usage (91.2%), triggering garbage collection
2025-07-21 19:09:07,673 - camera_camera - DEBUG - Initializing USB camera
2025-07-21 19:09:09,611 - camera_camera - WARNING - High memory usage (91.1%), triggering garbage collection
2025-07-21 19:09:09,687 - camera_camera - WARNING - High memory usage (91.2%), triggering garbage collection
2025-07-21 19:09:09,722 - camera_camera - DEBUG - Initializing USB camera
2025-07-21 19:09:11,672 - camera_camera - WARNING - High memory usage (91.2%), triggering garbage collection
2025-07-21 19:09:11,741 - camera_camera - WARNING - High memory usage (91.2%), triggering garbage collection
2025-07-21 19:09:11,788 - camera_camera - DEBUG - Initializing USB camera
2025-07-21 19:09:13,735 - camera_camera - WARNING - High memory usage (91.3%), triggering garbage collection
2025-07-21 19:09:13,808 - camera_camera - WARNING - High memory usage (91.3%), triggering garbage collection
2025-07-21 19:09:13,843 - camera_camera - DEBUG - Initializing USB camera
2025-07-21 19:09:15,799 - camera_camera - WARNING - High memory usage (91.0%), triggering garbage collection
2025-07-21 19:09:15,871 - camera_camera - DEBUG - Initializing USB camera
2025-07-21 19:09:15,872 - camera_camera - WARNING - High memory usage (91.0%), triggering garbage collection
2025-07-21 19:09:17,843 - camera_camera - WARNING - High memory usage (91.1%), triggering garbage collection
2025-07-21 19:09:17,922 - camera_camera - DEBUG - Initializing USB camera
2025-07-21 19:09:17,923 - camera_camera - WARNING - High memory usage (91.1%), triggering garbage collection
2025-07-21 19:09:19,890 - camera_camera - WARNING - High memory usage (94.1%), triggering garbage collection
2025-07-21 19:09:19,973 - camera_camera - WARNING - High memory usage (94.1%), triggering garbage collection
2025-07-21 19:09:21,955 - camera_camera - WARNING - High memory usage (92.5%), triggering garbage collection
2025-07-21 19:09:22,055 - camera_camera - WARNING - High memory usage (92.5%), triggering garbage collection
2025-07-21 19:09:24,033 - camera_camera - WARNING - High memory usage (92.3%), triggering garbage collection
2025-07-21 19:09:24,146 - camera_camera - WARNING - High memory usage (92.3%), triggering garbage collection
2025-07-21 19:09:24,970 - camera_camera - DEBUG - Initializing USB camera
2025-07-21 19:09:26,086 - camera_camera - WARNING - High memory usage (91.9%), triggering garbage collection
2025-07-21 19:09:26,220 - camera_camera - WARNING - High memory usage (91.4%), triggering garbage collection
2025-07-21 19:09:27,013 - camera_camera - DEBUG - Initializing USB camera
2025-07-21 19:09:28,153 - camera_camera - WARNING - High memory usage (89.3%), triggering garbage collection
2025-07-21 19:09:28,274 - camera_camera - WARNING - High memory usage (89.3%), triggering garbage collection
2025-07-21 19:09:29,048 - camera_camera - DEBUG - Initializing USB camera
2025-07-21 19:09:30,206 - camera_camera - WARNING - High memory usage (89.6%), triggering garbage collection
2025-07-21 19:09:30,252 - camera_camera - DEBUG - Resource usage - CPU: 17.3%, Memory: 89.6%
2025-07-21 19:09:30,319 - camera_camera - WARNING - High memory usage (89.6%), triggering garbage collection
2025-07-21 19:09:30,354 - camera_camera - DEBUG - Resource usage - CPU: 18.7%, Memory: 89.6%
2025-07-21 19:09:31,092 - camera_camera - DEBUG - Initializing USB camera
2025-07-21 19:09:32,269 - camera_camera - WARNING - High memory usage (89.7%), triggering garbage collection
2025-07-21 19:09:32,374 - camera_camera - WARNING - High memory usage (89.9%), triggering garbage collection
2025-07-21 19:09:33,126 - camera_camera - DEBUG - Initializing USB camera
2025-07-21 19:09:34,323 - camera_camera - WARNING - High memory usage (90.3%), triggering garbage collection
2025-07-21 19:09:34,448 - camera_camera - WARNING - High memory usage (90.9%), triggering garbage collection
2025-07-21 19:09:35,175 - camera_camera - DEBUG - Initializing USB camera
2025-07-21 19:09:36,397 - camera_camera - WARNING - High memory usage (90.0%), triggering garbage collection
2025-07-21 19:09:36,490 - camera_camera - WARNING - High memory usage (89.7%), triggering garbage collection
2025-07-21 19:09:38,456 - camera_camera - WARNING - High memory usage (88.2%), triggering garbage collection
2025-07-21 19:09:38,553 - camera_camera - WARNING - High memory usage (88.2%), triggering garbage collection
2025-07-21 19:09:40,518 - camera_camera - WARNING - High memory usage (88.0%), triggering garbage collection
2025-07-21 19:09:40,636 - camera_camera - WARNING - High memory usage (88.2%), triggering garbage collection
2025-07-21 19:09:42,230 - camera_camera - DEBUG - Initializing USB camera
2025-07-21 19:09:42,580 - camera_camera - WARNING - High memory usage (89.5%), triggering garbage collection
2025-07-21 19:09:42,697 - camera_camera - WARNING - High memory usage (89.6%), triggering garbage collection
2025-07-21 19:09:44,260 - camera_camera - DEBUG - Initializing USB camera
2025-07-21 19:09:44,637 - camera_camera - WARNING - High memory usage (89.5%), triggering garbage collection
2025-07-21 19:09:44,765 - camera_camera - WARNING - High memory usage (89.5%), triggering garbage collection
2025-07-21 19:09:46,323 - camera_camera - DEBUG - Initializing USB camera
2025-07-21 19:09:46,697 - camera_camera - WARNING - High memory usage (89.3%), triggering garbage collection
2025-07-21 19:09:46,833 - camera_camera - WARNING - High memory usage (89.3%), triggering garbage collection
2025-07-21 19:09:48,346 - camera_camera - DEBUG - Initializing USB camera
2025-07-21 19:09:48,750 - camera_camera - WARNING - High memory usage (89.2%), triggering garbage collection
2025-07-21 19:09:48,898 - camera_camera - WARNING - High memory usage (89.2%), triggering garbage collection
2025-07-21 19:09:49,680 - camera_camera - DEBUG - Performed garbage collection
2025-07-21 19:09:50,260 - PendingVehiclesPanel - INFO - Refreshing pending vehicles list
2025-07-21 19:09:50,267 - DataManager - INFO - Successfully loaded 76 records from data\Tharuni_Associates_Bheemavaram_data.csv
2025-07-21 19:09:50,269 - PendingVehiclesPanel - INFO - Retrieved 76 total records
2025-07-21 19:09:50,319 - PendingVehiclesPanel - INFO - Found 0 unique pending vehicles, prevented 0 duplicates
2025-07-21 19:09:50,320 - PendingVehiclesPanel - INFO - Successfully refreshed pending list with 0 unique vehicles
2025-07-21 19:09:50,379 - camera_camera - DEBUG - Initializing USB camera
2025-07-21 19:09:50,799 - camera_camera - WARNING - High memory usage (89.3%), triggering garbage collection
2025-07-21 19:09:50,952 - camera_camera - WARNING - High memory usage (89.2%), triggering garbage collection
2025-07-21 19:09:52,409 - camera_camera - DEBUG - Initializing USB camera
2025-07-21 19:09:52,856 - camera_camera - WARNING - High memory usage (89.1%), triggering garbage collection
2025-07-21 19:09:52,997 - camera_camera - WARNING - High memory usage (89.0%), triggering garbage collection
2025-07-21 19:09:54,910 - camera_camera - WARNING - High memory usage (89.1%), triggering garbage collection
2025-07-21 19:09:55,052 - camera_camera - WARNING - High memory usage (89.1%), triggering garbage collection
2025-07-21 19:09:56,987 - camera_camera - WARNING - High memory usage (88.8%), triggering garbage collection
2025-07-21 19:09:57,115 - camera_camera - WARNING - High memory usage (88.8%), triggering garbage collection
2025-07-21 19:09:59,057 - camera_camera - WARNING - High memory usage (88.8%), triggering garbage collection
2025-07-21 19:09:59,153 - camera_camera - WARNING - High memory usage (88.8%), triggering garbage collection
2025-07-21 19:09:59,451 - camera_camera - DEBUG - Initializing USB camera
2025-07-21 19:10:01,121 - camera_camera - WARNING - High memory usage (88.9%), triggering garbage collection
2025-07-21 19:10:01,196 - camera_camera - WARNING - High memory usage (88.9%), triggering garbage collection
2025-07-21 19:10:01,486 - camera_camera - DEBUG - Initializing USB camera
2025-07-21 19:10:03,180 - camera_camera - WARNING - High memory usage (88.8%), triggering garbage collection
2025-07-21 19:10:03,246 - camera_camera - WARNING - High memory usage (88.8%), triggering garbage collection
2025-07-21 19:10:03,527 - camera_camera - DEBUG - Initializing USB camera
2025-07-21 19:10:05,237 - camera_camera - WARNING - High memory usage (88.6%), triggering garbage collection
2025-07-21 19:10:05,296 - camera_camera - WARNING - High memory usage (88.6%), triggering garbage collection
2025-07-21 19:10:05,588 - camera_camera - DEBUG - Initializing USB camera
2025-07-21 19:10:07,290 - camera_camera - WARNING - High memory usage (88.6%), triggering garbage collection
2025-07-21 19:10:07,344 - camera_camera - WARNING - High memory usage (88.6%), triggering garbage collection
2025-07-21 19:10:07,638 - camera_camera - DEBUG - Initializing USB camera
2025-07-21 19:10:09,355 - camera_camera - WARNING - High memory usage (88.5%), triggering garbage collection
2025-07-21 19:10:09,412 - camera_camera - WARNING - High memory usage (88.5%), triggering garbage collection
2025-07-21 19:10:09,689 - camera_camera - DEBUG - Initializing USB camera
2025-07-21 19:10:11,405 - camera_camera - WARNING - High memory usage (88.1%), triggering garbage collection
2025-07-21 19:10:11,465 - camera_camera - WARNING - High memory usage (88.1%), triggering garbage collection
2025-07-21 19:10:13,453 - camera_camera - WARNING - High memory usage (88.0%), triggering garbage collection
2025-07-21 19:10:13,525 - camera_camera - WARNING - High memory usage (88.0%), triggering garbage collection
2025-07-21 19:10:15,496 - camera_camera - WARNING - High memory usage (87.9%), triggering garbage collection
2025-07-21 19:10:15,580 - camera_camera - WARNING - High memory usage (88.0%), triggering garbage collection
2025-07-21 19:10:16,740 - camera_camera - DEBUG - Initializing USB camera
2025-07-21 19:10:17,564 - camera_camera - WARNING - High memory usage (88.0%), triggering garbage collection
2025-07-21 19:10:17,626 - camera_camera - WARNING - High memory usage (88.0%), triggering garbage collection
2025-07-21 19:10:18,764 - camera_camera - DEBUG - Initializing USB camera
2025-07-21 19:10:19,635 - camera_camera - WARNING - High memory usage (88.1%), triggering garbage collection
2025-07-21 19:10:19,693 - camera_camera - WARNING - High memory usage (88.1%), triggering garbage collection
2025-07-21 19:10:20,799 - camera_camera - DEBUG - Initializing USB camera
2025-07-21 19:10:21,705 - camera_camera - WARNING - High memory usage (88.1%), triggering garbage collection
2025-07-21 19:10:21,743 - camera_camera - WARNING - High memory usage (88.1%), triggering garbage collection
2025-07-21 19:10:22,839 - camera_camera - DEBUG - Initializing USB camera
2025-07-21 19:10:23,741 - camera_camera - WARNING - High memory usage (88.0%), triggering garbage collection
2025-07-21 19:10:23,807 - camera_camera - WARNING - High memory usage (88.0%), triggering garbage collection
2025-07-21 19:10:24,891 - camera_camera - DEBUG - Initializing USB camera
2025-07-21 19:10:25,788 - camera_camera - WARNING - High memory usage (88.1%), triggering garbage collection
2025-07-21 19:10:25,858 - camera_camera - WARNING - High memory usage (88.1%), triggering garbage collection
2025-07-21 19:10:26,930 - camera_camera - DEBUG - Initializing USB camera
2025-07-21 19:10:27,849 - camera_camera - WARNING - High memory usage (88.0%), triggering garbage collection
2025-07-21 19:10:27,924 - camera_camera - WARNING - High memory usage (88.0%), triggering garbage collection
2025-07-21 19:10:29,928 - camera_camera - WARNING - High memory usage (88.0%), triggering garbage collection
2025-07-21 19:10:29,991 - camera_camera - WARNING - High memory usage (88.0%), triggering garbage collection
2025-07-21 19:10:31,999 - camera_camera - WARNING - High memory usage (87.9%), triggering garbage collection
2025-07-21 19:10:32,057 - camera_camera - WARNING - High memory usage (87.9%), triggering garbage collection
2025-07-21 19:10:33,993 - camera_camera - DEBUG - Initializing USB camera
2025-07-21 19:10:34,056 - camera_camera - WARNING - High memory usage (87.8%), triggering garbage collection
2025-07-21 19:10:34,107 - camera_camera - WARNING - High memory usage (87.8%), triggering garbage collection
2025-07-21 19:10:36,032 - camera_camera - DEBUG - Initializing USB camera
2025-07-21 19:10:36,110 - camera_camera - WARNING - High memory usage (87.7%), triggering garbage collection
2025-07-21 19:10:36,158 - camera_camera - WARNING - High memory usage (87.7%), triggering garbage collection
2025-07-21 19:10:38,057 - camera_camera - DEBUG - Initializing USB camera
2025-07-21 19:10:38,173 - camera_camera - WARNING - High memory usage (87.8%), triggering garbage collection
2025-07-21 19:10:38,211 - camera_camera - WARNING - High memory usage (87.8%), triggering garbage collection
2025-07-21 19:10:40,106 - camera_camera - DEBUG - Initializing USB camera
2025-07-21 19:10:40,221 - camera_camera - WARNING - High memory usage (87.8%), triggering garbage collection
2025-07-21 19:10:40,260 - camera_camera - WARNING - High memory usage (87.8%), triggering garbage collection
2025-07-21 19:10:42,155 - camera_camera - DEBUG - Initializing USB camera
2025-07-21 19:10:42,289 - camera_camera - WARNING - High memory usage (87.9%), triggering garbage collection
2025-07-21 19:10:42,338 - camera_camera - WARNING - High memory usage (87.9%), triggering garbage collection
2025-07-21 19:10:44,196 - camera_camera - DEBUG - Initializing USB camera
2025-07-21 19:10:44,376 - camera_camera - WARNING - High memory usage (87.8%), triggering garbage collection
2025-07-21 19:10:44,429 - camera_camera - WARNING - High memory usage (87.9%), triggering garbage collection
2025-07-21 19:10:46,450 - camera_camera - WARNING - High memory usage (87.9%), triggering garbage collection
2025-07-21 19:10:46,507 - camera_camera - WARNING - High memory usage (88.0%), triggering garbage collection
2025-07-21 19:10:48,529 - camera_camera - WARNING - High memory usage (87.9%), triggering garbage collection
2025-07-21 19:10:48,573 - camera_camera - WARNING - High memory usage (87.8%), triggering garbage collection
2025-07-21 19:10:49,646 - camera_camera - DEBUG - Performed garbage collection
2025-07-21 19:10:50,330 - PendingVehiclesPanel - INFO - Refreshing pending vehicles list
2025-07-21 19:10:50,335 - DataManager - INFO - Successfully loaded 76 records from data\Tharuni_Associates_Bheemavaram_data.csv
2025-07-21 19:10:50,337 - PendingVehiclesPanel - INFO - Retrieved 76 total records
2025-07-21 19:10:50,390 - PendingVehiclesPanel - INFO - Found 0 unique pending vehicles, prevented 0 duplicates
2025-07-21 19:10:50,390 - PendingVehiclesPanel - INFO - Successfully refreshed pending list with 0 unique vehicles
2025-07-21 19:10:50,594 - camera_camera - WARNING - High memory usage (87.9%), triggering garbage collection
2025-07-21 19:10:50,652 - camera_camera - WARNING - High memory usage (87.9%), triggering garbage collection
2025-07-21 19:10:51,252 - camera_camera - DEBUG - Initializing USB camera
2025-07-21 19:10:52,652 - camera_camera - WARNING - High memory usage (87.6%), triggering garbage collection
2025-07-21 19:10:52,720 - camera_camera - WARNING - High memory usage (87.6%), triggering garbage collection
2025-07-21 19:10:53,277 - camera_camera - DEBUG - Initializing USB camera
2025-07-21 19:10:54,722 - camera_camera - WARNING - High memory usage (87.6%), triggering garbage collection
2025-07-21 19:10:54,777 - camera_camera - WARNING - High memory usage (87.6%), triggering garbage collection
2025-07-21 19:10:55,320 - camera_camera - DEBUG - Initializing USB camera
2025-07-21 19:10:56,778 - camera_camera - WARNING - High memory usage (87.6%), triggering garbage collection
2025-07-21 19:10:56,818 - camera_camera - WARNING - High memory usage (87.5%), triggering garbage collection
2025-07-21 19:10:57,353 - camera_camera - DEBUG - Initializing USB camera
2025-07-21 19:10:58,832 - camera_camera - WARNING - High memory usage (87.5%), triggering garbage collection
2025-07-21 19:10:58,874 - camera_camera - WARNING - High memory usage (87.5%), triggering garbage collection
2025-07-21 19:10:59,381 - camera_camera - DEBUG - Initializing USB camera
2025-07-21 19:11:00,903 - camera_camera - WARNING - High memory usage (87.5%), triggering garbage collection
2025-07-21 19:11:00,939 - camera_camera - DEBUG - Resource usage - CPU: 10.1%, Memory: 87.5%
2025-07-21 19:11:00,939 - camera_camera - WARNING - High memory usage (87.5%), triggering garbage collection
2025-07-21 19:11:00,975 - camera_camera - DEBUG - Resource usage - CPU: 10.0%, Memory: 87.5%
2025-07-21 19:11:01,418 - camera_camera - DEBUG - Initializing USB camera
2025-07-21 19:11:02,959 - camera_camera - WARNING - High memory usage (87.6%), triggering garbage collection
2025-07-21 19:11:03,003 - camera_camera - WARNING - High memory usage (87.5%), triggering garbage collection
2025-07-21 19:11:05,030 - camera_camera - WARNING - High memory usage (87.5%), triggering garbage collection
2025-07-21 19:11:05,072 - camera_camera - WARNING - High memory usage (87.5%), triggering garbage collection
2025-07-21 19:11:07,089 - camera_camera - WARNING - High memory usage (87.5%), triggering garbage collection
2025-07-21 19:11:07,137 - camera_camera - WARNING - High memory usage (87.5%), triggering garbage collection
2025-07-21 19:11:08,446 - camera_camera - DEBUG - Initializing USB camera
2025-07-21 19:11:09,162 - camera_camera - WARNING - High memory usage (87.5%), triggering garbage collection
2025-07-21 19:11:09,201 - camera_camera - WARNING - High memory usage (87.5%), triggering garbage collection
2025-07-21 19:11:10,488 - camera_camera - DEBUG - Initializing USB camera
2025-07-21 19:11:11,233 - camera_camera - WARNING - High memory usage (87.5%), triggering garbage collection
2025-07-21 19:11:11,285 - camera_camera - WARNING - High memory usage (87.5%), triggering garbage collection
2025-07-21 19:11:12,525 - camera_camera - DEBUG - Initializing USB camera
2025-07-21 19:11:13,315 - camera_camera - WARNING - High memory usage (87.4%), triggering garbage collection
2025-07-21 19:11:13,370 - camera_camera - WARNING - High memory usage (87.4%), triggering garbage collection
2025-07-21 19:11:14,570 - camera_camera - DEBUG - Initializing USB camera
2025-07-21 19:11:15,389 - camera_camera - WARNING - High memory usage (87.3%), triggering garbage collection
2025-07-21 19:11:15,430 - camera_camera - WARNING - High memory usage (87.4%), triggering garbage collection
2025-07-21 19:11:16,616 - camera_camera - DEBUG - Initializing USB camera
2025-07-21 19:11:17,451 - camera_camera - WARNING - High memory usage (87.3%), triggering garbage collection
2025-07-21 19:11:17,505 - camera_camera - WARNING - High memory usage (87.2%), triggering garbage collection
2025-07-21 19:11:18,652 - camera_camera - DEBUG - Initializing USB camera
2025-07-21 19:11:19,520 - camera_camera - WARNING - High memory usage (87.2%), triggering garbage collection
2025-07-21 19:11:19,556 - camera_camera - WARNING - High memory usage (87.2%), triggering garbage collection
2025-07-21 19:11:21,565 - camera_camera - WARNING - High memory usage (87.3%), triggering garbage collection
2025-07-21 19:11:21,611 - camera_camera - WARNING - High memory usage (87.2%), triggering garbage collection
2025-07-21 19:11:23,632 - camera_camera - WARNING - High memory usage (87.2%), triggering garbage collection
2025-07-21 19:11:23,667 - camera_camera - WARNING - High memory usage (87.2%), triggering garbage collection
2025-07-21 19:11:25,681 - camera_camera - WARNING - High memory usage (87.3%), triggering garbage collection
2025-07-21 19:11:25,713 - camera_camera - DEBUG - Initializing USB camera
2025-07-21 19:11:25,744 - camera_camera - WARNING - High memory usage (87.3%), triggering garbage collection
2025-07-21 19:11:27,739 - camera_camera - WARNING - High memory usage (87.6%), triggering garbage collection
2025-07-21 19:11:27,772 - camera_camera - DEBUG - Initializing USB camera
2025-07-21 19:11:27,798 - camera_camera - WARNING - High memory usage (87.6%), triggering garbage collection
2025-07-21 19:11:29,779 - camera_camera - WARNING - High memory usage (87.7%), triggering garbage collection
2025-07-21 19:11:29,813 - camera_camera - DEBUG - Initializing USB camera
2025-07-21 19:11:29,846 - camera_camera - WARNING - High memory usage (87.7%), triggering garbage collection
2025-07-21 19:11:31,840 - camera_camera - WARNING - High memory usage (87.7%), triggering garbage collection
2025-07-21 19:11:31,883 - camera_camera - DEBUG - Initializing USB camera
2025-07-21 19:11:31,895 - camera_camera - WARNING - High memory usage (87.7%), triggering garbage collection
2025-07-21 19:11:33,898 - camera_camera - WARNING - High memory usage (87.3%), triggering garbage collection
2025-07-21 19:11:33,941 - camera_camera - DEBUG - Initializing USB camera
2025-07-21 19:11:33,946 - camera_camera - WARNING - High memory usage (87.3%), triggering garbage collection
2025-07-21 19:11:35,963 - camera_camera - WARNING - High memory usage (87.3%), triggering garbage collection
2025-07-21 19:11:35,995 - camera_camera - DEBUG - Initializing USB camera
2025-07-21 19:11:35,998 - camera_camera - WARNING - High memory usage (87.3%), triggering garbage collection
2025-07-21 19:11:38,031 - camera_camera - WARNING - High memory usage (87.3%), triggering garbage collection
2025-07-21 19:11:38,067 - camera_camera - WARNING - High memory usage (87.3%), triggering garbage collection
2025-07-21 19:11:40,074 - camera_camera - WARNING - High memory usage (87.3%), triggering garbage collection
2025-07-21 19:11:40,111 - camera_camera - WARNING - High memory usage (87.3%), triggering garbage collection
2025-07-21 19:11:42,128 - camera_camera - WARNING - High memory usage (87.0%), triggering garbage collection
2025-07-21 19:11:42,176 - camera_camera - WARNING - High memory usage (87.0%), triggering garbage collection
2025-07-21 19:11:43,031 - camera_camera - DEBUG - Initializing USB camera
2025-07-21 19:11:44,181 - camera_camera - WARNING - High memory usage (87.0%), triggering garbage collection
2025-07-21 19:11:44,243 - camera_camera - WARNING - High memory usage (87.0%), triggering garbage collection
2025-07-21 19:11:45,064 - camera_camera - DEBUG - Initializing USB camera
2025-07-21 19:11:46,236 - camera_camera - WARNING - High memory usage (87.1%), triggering garbage collection
2025-07-21 19:11:46,308 - camera_camera - WARNING - High memory usage (87.1%), triggering garbage collection
2025-07-21 19:11:47,121 - camera_camera - DEBUG - Initializing USB camera
2025-07-21 19:11:48,283 - camera_camera - WARNING - High memory usage (87.2%), triggering garbage collection
2025-07-21 19:11:48,358 - camera_camera - WARNING - High memory usage (87.2%), triggering garbage collection
2025-07-21 19:11:49,158 - camera_camera - DEBUG - Initializing USB camera
2025-07-21 19:11:49,669 - camera_camera - DEBUG - Performed garbage collection
2025-07-21 19:11:50,334 - camera_camera - WARNING - High memory usage (87.3%), triggering garbage collection
2025-07-21 19:11:50,404 - PendingVehiclesPanel - INFO - Refreshing pending vehicles list
2025-07-21 19:11:50,406 - DataManager - INFO - Successfully loaded 76 records from data\Tharuni_Associates_Bheemavaram_data.csv
2025-07-21 19:11:50,406 - PendingVehiclesPanel - INFO - Retrieved 76 total records
2025-07-21 19:11:50,414 - camera_camera - WARNING - High memory usage (87.3%), triggering garbage collection
2025-07-21 19:11:50,485 - PendingVehiclesPanel - INFO - Found 0 unique pending vehicles, prevented 0 duplicates
2025-07-21 19:11:50,485 - PendingVehiclesPanel - INFO - Successfully refreshed pending list with 0 unique vehicles
2025-07-21 19:11:51,188 - camera_camera - DEBUG - Initializing USB camera
2025-07-21 19:11:52,404 - camera_camera - WARNING - High memory usage (87.2%), triggering garbage collection
2025-07-21 19:11:52,458 - camera_camera - WARNING - High memory usage (87.2%), triggering garbage collection
2025-07-21 19:11:53,215 - camera_camera - DEBUG - Initializing USB camera
2025-07-21 19:11:54,470 - camera_camera - WARNING - High memory usage (87.3%), triggering garbage collection
2025-07-21 19:11:54,511 - camera_camera - WARNING - High memory usage (87.2%), triggering garbage collection
2025-07-21 19:11:56,542 - camera_camera - WARNING - High memory usage (87.2%), triggering garbage collection
2025-07-21 19:11:56,596 - camera_camera - WARNING - High memory usage (87.2%), triggering garbage collection
2025-07-21 19:11:58,617 - camera_camera - WARNING - High memory usage (87.2%), triggering garbage collection
2025-07-21 19:11:58,657 - camera_camera - WARNING - High memory usage (87.2%), triggering garbage collection
2025-07-21 19:12:00,265 - camera_camera - DEBUG - Initializing USB camera
2025-07-21 19:12:00,655 - camera_camera - WARNING - High memory usage (87.1%), triggering garbage collection
2025-07-21 19:12:00,688 - camera_camera - DEBUG - Resource usage - CPU: 10.0%, Memory: 87.1%
2025-07-21 19:12:00,709 - camera_camera - WARNING - High memory usage (87.1%), triggering garbage collection
2025-07-21 19:12:00,743 - camera_camera - DEBUG - Resource usage - CPU: 10.5%, Memory: 87.1%
2025-07-21 19:12:02,296 - camera_camera - DEBUG - Initializing USB camera
2025-07-21 19:12:02,705 - camera_camera - WARNING - High memory usage (87.1%), triggering garbage collection
2025-07-21 19:12:02,756 - camera_camera - WARNING - High memory usage (87.1%), triggering garbage collection
2025-07-21 19:12:04,340 - camera_camera - DEBUG - Initializing USB camera
2025-07-21 19:12:04,767 - camera_camera - WARNING - High memory usage (85.9%), triggering garbage collection
2025-07-21 19:12:04,882 - camera_camera - WARNING - High memory usage (85.9%), triggering garbage collection
2025-07-21 19:12:06,392 - camera_camera - DEBUG - Initializing USB camera
2025-07-21 19:12:06,887 - camera_camera - WARNING - High memory usage (85.9%), triggering garbage collection
2025-07-21 19:12:06,939 - camera_camera - WARNING - High memory usage (85.9%), triggering garbage collection
2025-07-21 19:12:08,435 - camera_camera - DEBUG - Initializing USB camera
2025-07-21 19:12:08,969 - camera_camera - WARNING - High memory usage (85.9%), triggering garbage collection
2025-07-21 19:12:09,004 - camera_camera - WARNING - High memory usage (85.9%), triggering garbage collection
2025-07-21 19:12:10,472 - camera_camera - DEBUG - Initializing USB camera
2025-07-21 19:12:11,020 - camera_camera - WARNING - High memory usage (85.8%), triggering garbage collection
2025-07-21 19:12:11,071 - camera_camera - WARNING - High memory usage (85.9%), triggering garbage collection
2025-07-21 19:12:13,089 - camera_camera - WARNING - High memory usage (85.8%), triggering garbage collection
2025-07-21 19:12:13,126 - camera_camera - WARNING - High memory usage (85.8%), triggering garbage collection
2025-07-21 19:12:15,138 - camera_camera - WARNING - High memory usage (85.9%), triggering garbage collection
2025-07-21 19:12:15,176 - camera_camera - WARNING - High memory usage (85.9%), triggering garbage collection
2025-07-21 19:12:17,195 - camera_camera - WARNING - High memory usage (85.8%), triggering garbage collection
2025-07-21 19:12:17,232 - camera_camera - WARNING - High memory usage (85.8%), triggering garbage collection
2025-07-21 19:12:17,525 - camera_camera - DEBUG - Initializing USB camera
2025-07-21 19:12:19,259 - camera_camera - WARNING - High memory usage (85.8%), triggering garbage collection
2025-07-21 19:12:19,295 - camera_camera - WARNING - High memory usage (85.8%), triggering garbage collection
2025-07-21 19:12:19,562 - camera_camera - DEBUG - Initializing USB camera
2025-07-21 19:12:21,303 - camera_camera - WARNING - High memory usage (85.9%), triggering garbage collection
2025-07-21 19:12:21,342 - camera_camera - WARNING - High memory usage (85.9%), triggering garbage collection
2025-07-21 19:12:21,607 - camera_camera - DEBUG - Initializing USB camera
2025-07-21 19:12:23,353 - camera_camera - WARNING - High memory usage (85.9%), triggering garbage collection
2025-07-21 19:12:23,401 - camera_camera - WARNING - High memory usage (85.9%), triggering garbage collection
2025-07-21 19:12:23,642 - camera_camera - DEBUG - Initializing USB camera
2025-07-21 19:12:25,419 - camera_camera - WARNING - High memory usage (85.9%), triggering garbage collection
2025-07-21 19:12:25,456 - camera_camera - WARNING - High memory usage (85.9%), triggering garbage collection
2025-07-21 19:12:25,695 - camera_camera - DEBUG - Initializing USB camera
2025-07-21 19:12:27,472 - camera_camera - WARNING - High memory usage (85.9%), triggering garbage collection
2025-07-21 19:12:27,522 - camera_camera - WARNING - High memory usage (85.9%), triggering garbage collection
2025-07-21 19:12:27,730 - camera_camera - DEBUG - Initializing USB camera
2025-07-21 19:12:29,534 - camera_camera - WARNING - High memory usage (85.9%), triggering garbage collection
2025-07-21 19:12:29,583 - camera_camera - WARNING - High memory usage (86.1%), triggering garbage collection
2025-07-21 19:12:31,602 - camera_camera - WARNING - High memory usage (86.3%), triggering garbage collection
2025-07-21 19:12:31,652 - camera_camera - WARNING - High memory usage (86.3%), triggering garbage collection
2025-07-21 19:12:33,656 - camera_camera - WARNING - High memory usage (86.3%), triggering garbage collection
2025-07-21 19:12:33,700 - camera_camera - WARNING - High memory usage (86.3%), triggering garbage collection
2025-07-21 19:12:34,773 - camera_camera - DEBUG - Initializing USB camera
2025-07-21 19:12:35,706 - camera_camera - WARNING - High memory usage (86.2%), triggering garbage collection
2025-07-21 19:12:35,765 - camera_camera - WARNING - High memory usage (86.2%), triggering garbage collection
2025-07-21 19:12:36,803 - camera_camera - DEBUG - Initializing USB camera
2025-07-21 19:12:37,761 - camera_camera - WARNING - High memory usage (85.8%), triggering garbage collection
2025-07-21 19:12:37,814 - camera_camera - WARNING - High memory usage (85.9%), triggering garbage collection
2025-07-21 19:12:38,841 - camera_camera - DEBUG - Initializing USB camera
2025-07-21 19:12:39,835 - camera_camera - WARNING - High memory usage (85.9%), triggering garbage collection
2025-07-21 19:12:39,889 - camera_camera - WARNING - High memory usage (85.9%), triggering garbage collection
2025-07-21 19:12:40,871 - camera_camera - DEBUG - Initializing USB camera
2025-07-21 19:12:41,904 - camera_camera - WARNING - High memory usage (85.8%), triggering garbage collection
2025-07-21 19:12:41,955 - camera_camera - WARNING - High memory usage (85.8%), triggering garbage collection
2025-07-21 19:12:42,903 - camera_camera - DEBUG - Initializing USB camera
2025-07-21 19:12:43,960 - camera_camera - WARNING - High memory usage (85.8%), triggering garbage collection
2025-07-21 19:12:44,003 - camera_camera - WARNING - High memory usage (85.8%), triggering garbage collection
2025-07-21 19:12:44,952 - camera_camera - DEBUG - Initializing USB camera
2025-07-21 19:12:46,032 - camera_camera - WARNING - High memory usage (85.9%), triggering garbage collection
2025-07-21 19:12:46,088 - camera_camera - WARNING - High memory usage (85.9%), triggering garbage collection
2025-07-21 19:12:48,116 - camera_camera - WARNING - High memory usage (85.9%), triggering garbage collection
2025-07-21 19:12:48,167 - camera_camera - WARNING - High memory usage (85.9%), triggering garbage collection
2025-07-21 19:12:49,703 - camera_camera - DEBUG - Performed garbage collection
2025-07-21 19:12:50,179 - camera_camera - WARNING - High memory usage (85.9%), triggering garbage collection
2025-07-21 19:12:50,217 - camera_camera - WARNING - High memory usage (85.9%), triggering garbage collection
2025-07-21 19:12:50,490 - PendingVehiclesPanel - INFO - Refreshing pending vehicles list
2025-07-21 19:12:50,495 - DataManager - INFO - Successfully loaded 76 records from data\Tharuni_Associates_Bheemavaram_data.csv
2025-07-21 19:12:50,496 - PendingVehiclesPanel - INFO - Retrieved 76 total records
2025-07-21 19:12:50,555 - PendingVehiclesPanel - INFO - Found 0 unique pending vehicles, prevented 0 duplicates
2025-07-21 19:12:50,556 - PendingVehiclesPanel - INFO - Successfully refreshed pending list with 0 unique vehicles
2025-07-21 19:12:51,989 - camera_camera - DEBUG - Initializing USB camera
2025-07-21 19:12:52,231 - camera_camera - WARNING - High memory usage (85.9%), triggering garbage collection
2025-07-21 19:12:52,268 - camera_camera - WARNING - High memory usage (85.9%), triggering garbage collection
2025-07-21 19:12:54,035 - camera_camera - DEBUG - Initializing USB camera
2025-07-21 19:12:54,298 - camera_camera - WARNING - High memory usage (86.0%), triggering garbage collection
2025-07-21 19:12:54,339 - camera_camera - WARNING - High memory usage (86.0%), triggering garbage collection
2025-07-21 19:12:56,083 - camera_camera - DEBUG - Initializing USB camera
2025-07-21 19:12:56,364 - camera_camera - WARNING - High memory usage (85.8%), triggering garbage collection
2025-07-21 19:12:56,402 - camera_camera - WARNING - High memory usage (85.8%), triggering garbage collection
2025-07-21 19:12:58,107 - camera_camera - DEBUG - Initializing USB camera
2025-07-21 19:12:58,430 - camera_camera - WARNING - High memory usage (85.8%), triggering garbage collection
2025-07-21 19:12:58,466 - camera_camera - WARNING - High memory usage (85.8%), triggering garbage collection
2025-07-21 19:13:00,148 - camera_camera - DEBUG - Initializing USB camera
2025-07-21 19:13:00,489 - camera_camera - WARNING - High memory usage (85.8%), triggering garbage collection
2025-07-21 19:13:00,542 - camera_camera - DEBUG - Resource usage - CPU: 10.8%, Memory: 85.8%
2025-07-21 19:13:00,541 - camera_camera - WARNING - High memory usage (85.7%), triggering garbage collection
2025-07-21 19:13:00,578 - camera_camera - DEBUG - Resource usage - CPU: 11.5%, Memory: 85.7%
2025-07-21 19:13:02,185 - camera_camera - DEBUG - Initializing USB camera
2025-07-21 19:13:02,573 - camera_camera - WARNING - High memory usage (85.7%), triggering garbage collection
2025-07-21 19:13:02,610 - camera_camera - WARNING - High memory usage (85.7%), triggering garbage collection
2025-07-21 19:13:04,630 - camera_camera - WARNING - High memory usage (85.7%), triggering garbage collection
2025-07-21 19:13:04,670 - camera_camera - WARNING - High memory usage (85.7%), triggering garbage collection
2025-07-21 19:13:06,686 - camera_camera - WARNING - High memory usage (85.7%), triggering garbage collection
2025-07-21 19:13:06,723 - camera_camera - WARNING - High memory usage (85.7%), triggering garbage collection
2025-07-21 19:13:08,746 - camera_camera - WARNING - High memory usage (85.7%), triggering garbage collection
2025-07-21 19:13:08,801 - camera_camera - WARNING - High memory usage (85.7%), triggering garbage collection
2025-07-21 19:13:09,218 - camera_camera - DEBUG - Initializing USB camera
2025-07-21 19:13:10,815 - camera_camera - WARNING - High memory usage (85.7%), triggering garbage collection
2025-07-21 19:13:10,867 - camera_camera - WARNING - High memory usage (85.7%), triggering garbage collection
2025-07-21 19:13:11,258 - camera_camera - DEBUG - Initializing USB camera
2025-07-21 19:13:12,881 - camera_camera - WARNING - High memory usage (85.7%), triggering garbage collection
2025-07-21 19:13:12,923 - camera_camera - WARNING - High memory usage (85.7%), triggering garbage collection
2025-07-21 19:13:13,312 - camera_camera - DEBUG - Initializing USB camera
2025-07-21 19:13:14,945 - camera_camera - WARNING - High memory usage (85.7%), triggering garbage collection
2025-07-21 19:13:14,991 - camera_camera - WARNING - High memory usage (85.7%), triggering garbage collection
2025-07-21 19:13:15,339 - camera_camera - DEBUG - Initializing USB camera
2025-07-21 19:13:16,997 - camera_camera - WARNING - High memory usage (85.7%), triggering garbage collection
2025-07-21 19:13:17,040 - camera_camera - WARNING - High memory usage (85.7%), triggering garbage collection
2025-07-21 19:13:17,384 - camera_camera - DEBUG - Initializing USB camera
2025-07-21 19:13:19,049 - camera_camera - WARNING - High memory usage (85.7%), triggering garbage collection
2025-07-21 19:13:19,107 - camera_camera - WARNING - High memory usage (85.7%), triggering garbage collection
2025-07-21 19:13:19,411 - camera_camera - DEBUG - Initializing USB camera
2025-07-21 19:13:21,109 - camera_camera - WARNING - High memory usage (85.8%), triggering garbage collection
2025-07-21 19:13:21,159 - camera_camera - WARNING - High memory usage (85.8%), triggering garbage collection
2025-07-21 19:13:23,178 - camera_camera - WARNING - High memory usage (85.7%), triggering garbage collection
2025-07-21 19:13:23,213 - camera_camera - WARNING - High memory usage (85.8%), triggering garbage collection
2025-07-21 19:13:25,234 - camera_camera - WARNING - High memory usage (85.6%), triggering garbage collection
2025-07-21 19:13:25,287 - camera_camera - WARNING - High memory usage (85.6%), triggering garbage collection
2025-07-21 19:13:26,448 - camera_camera - DEBUG - Initializing USB camera
2025-07-21 19:13:27,313 - camera_camera - WARNING - High memory usage (85.6%), triggering garbage collection
2025-07-21 19:13:27,360 - camera_camera - WARNING - High memory usage (85.6%), triggering garbage collection
2025-07-21 19:13:28,505 - camera_camera - DEBUG - Initializing USB camera
2025-07-21 19:13:29,371 - camera_camera - WARNING - High memory usage (85.6%), triggering garbage collection
2025-07-21 19:13:29,407 - camera_camera - WARNING - High memory usage (85.6%), triggering garbage collection
2025-07-21 19:13:30,543 - camera_camera - DEBUG - Initializing USB camera
2025-07-21 19:13:31,416 - camera_camera - WARNING - High memory usage (85.6%), triggering garbage collection
2025-07-21 19:13:31,474 - camera_camera - WARNING - High memory usage (85.6%), triggering garbage collection
2025-07-21 19:13:32,584 - camera_camera - DEBUG - Initializing USB camera
2025-07-21 19:13:33,470 - camera_camera - WARNING - High memory usage (85.6%), triggering garbage collection
2025-07-21 19:13:33,537 - camera_camera - WARNING - High memory usage (85.6%), triggering garbage collection
2025-07-21 19:13:34,610 - camera_camera - DEBUG - Initializing USB camera
2025-07-21 19:13:35,532 - camera_camera - WARNING - High memory usage (85.7%), triggering garbage collection
2025-07-21 19:13:35,587 - camera_camera - WARNING - High memory usage (85.7%), triggering garbage collection
2025-07-21 19:13:36,647 - camera_camera - DEBUG - Initializing USB camera
2025-07-21 19:13:37,596 - camera_camera - WARNING - High memory usage (85.6%), triggering garbage collection
2025-07-21 19:13:37,646 - camera_camera - WARNING - High memory usage (85.6%), triggering garbage collection
2025-07-21 19:13:39,660 - camera_camera - WARNING - High memory usage (85.7%), triggering garbage collection
2025-07-21 19:13:39,700 - camera_camera - WARNING - High memory usage (85.7%), triggering garbage collection
2025-07-21 19:13:41,703 - camera_camera - WARNING - High memory usage (87.6%), triggering garbage collection
2025-07-21 19:13:41,774 - camera_camera - WARNING - High memory usage (87.6%), triggering garbage collection
2025-07-21 19:13:43,714 - camera_camera - DEBUG - Initializing USB camera
2025-07-21 19:13:43,786 - camera_camera - WARNING - High memory usage (88.7%), triggering garbage collection
2025-07-21 19:13:43,885 - camera_camera - WARNING - High memory usage (88.6%), triggering garbage collection
2025-07-21 19:13:45,754 - camera_camera - DEBUG - Initializing USB camera
2025-07-21 19:13:45,853 - camera_camera - WARNING - High memory usage (89.6%), triggering garbage collection
2025-07-21 19:13:45,940 - camera_camera - WARNING - High memory usage (89.7%), triggering garbage collection
2025-07-21 19:13:47,812 - camera_camera - DEBUG - Initializing USB camera
2025-07-21 19:13:47,919 - camera_camera - WARNING - High memory usage (91.2%), triggering garbage collection
2025-07-21 19:13:48,016 - camera_camera - WARNING - High memory usage (91.2%), triggering garbage collection
2025-07-21 19:13:49,700 - camera_camera - DEBUG - Performed garbage collection
2025-07-21 19:13:49,847 - camera_camera - DEBUG - Initializing USB camera
2025-07-21 19:13:49,981 - camera_camera - WARNING - High memory usage (91.9%), triggering garbage collection
2025-07-21 19:13:50,074 - camera_camera - WARNING - High memory usage (92.0%), triggering garbage collection
2025-07-21 19:13:50,564 - PendingVehiclesPanel - INFO - Refreshing pending vehicles list
2025-07-21 19:13:50,581 - DataManager - INFO - Successfully loaded 76 records from data\Tharuni_Associates_Bheemavaram_data.csv
2025-07-21 19:13:50,581 - PendingVehiclesPanel - INFO - Retrieved 76 total records
2025-07-21 19:13:50,710 - PendingVehiclesPanel - INFO - Found 0 unique pending vehicles, prevented 0 duplicates
2025-07-21 19:13:50,711 - PendingVehiclesPanel - INFO - Successfully refreshed pending list with 0 unique vehicles
2025-07-21 19:13:51,878 - camera_camera - DEBUG - Initializing USB camera
2025-07-21 19:13:52,035 - camera_camera - WARNING - High memory usage (92.5%), triggering garbage collection
2025-07-21 19:13:52,120 - camera_camera - WARNING - High memory usage (92.6%), triggering garbage collection
2025-07-21 19:13:53,924 - camera_camera - DEBUG - Initializing USB camera
2025-07-21 19:13:54,121 - camera_camera - WARNING - High memory usage (92.1%), triggering garbage collection
2025-07-21 19:13:54,218 - camera_camera - WARNING - High memory usage (92.1%), triggering garbage collection
2025-07-21 19:13:56,184 - camera_camera - WARNING - High memory usage (92.4%), triggering garbage collection
2025-07-21 19:13:56,300 - camera_camera - WARNING - High memory usage (92.3%), triggering garbage collection
2025-07-21 19:13:58,255 - camera_camera - WARNING - High memory usage (92.2%), triggering garbage collection
2025-07-21 19:13:58,379 - camera_camera - WARNING - High memory usage (92.2%), triggering garbage collection
2025-07-21 19:14:00,307 - camera_camera - WARNING - High memory usage (91.6%), triggering garbage collection
2025-07-21 19:14:00,365 - camera_camera - DEBUG - Resource usage - CPU: 54.3%, Memory: 91.6%
2025-07-21 19:14:00,467 - camera_camera - WARNING - High memory usage (91.5%), triggering garbage collection
2025-07-21 19:14:00,522 - camera_camera - DEBUG - Resource usage - CPU: 55.2%, Memory: 91.5%
2025-07-21 19:14:00,980 - camera_camera - DEBUG - Initializing USB camera
2025-07-21 19:14:02,394 - camera_camera - WARNING - High memory usage (91.4%), triggering garbage collection
2025-07-21 19:14:02,535 - camera_camera - WARNING - High memory usage (91.4%), triggering garbage collection
2025-07-21 19:14:03,028 - camera_camera - DEBUG - Initializing USB camera
2025-07-21 19:14:04,473 - camera_camera - WARNING - High memory usage (91.2%), triggering garbage collection
2025-07-21 19:14:04,600 - camera_camera - WARNING - High memory usage (91.3%), triggering garbage collection
2025-07-21 19:14:05,076 - camera_camera - DEBUG - Initializing USB camera
2025-07-21 19:14:06,536 - camera_camera - WARNING - High memory usage (91.6%), triggering garbage collection
2025-07-21 19:14:06,665 - camera_camera - WARNING - High memory usage (91.6%), triggering garbage collection
2025-07-21 19:14:07,122 - camera_camera - DEBUG - Initializing USB camera
2025-07-21 19:14:08,582 - camera_camera - WARNING - High memory usage (91.4%), triggering garbage collection
2025-07-21 19:14:08,724 - camera_camera - WARNING - High memory usage (91.4%), triggering garbage collection
2025-07-21 19:14:09,163 - camera_camera - DEBUG - Initializing USB camera
2025-07-21 19:14:10,643 - camera_camera - WARNING - High memory usage (91.6%), triggering garbage collection
2025-07-21 19:14:10,788 - camera_camera - WARNING - High memory usage (91.6%), triggering garbage collection
2025-07-21 19:14:11,200 - camera_camera - DEBUG - Initializing USB camera
2025-07-21 19:14:12,691 - camera_camera - WARNING - High memory usage (91.4%), triggering garbage collection
2025-07-21 19:14:12,846 - camera_camera - WARNING - High memory usage (91.5%), triggering garbage collection
2025-07-21 19:14:14,760 - camera_camera - WARNING - High memory usage (91.5%), triggering garbage collection
2025-07-21 19:14:14,912 - camera_camera - WARNING - High memory usage (91.6%), triggering garbage collection
2025-07-21 19:14:16,824 - camera_camera - WARNING - High memory usage (91.5%), triggering garbage collection
2025-07-21 19:14:16,999 - camera_camera - WARNING - High memory usage (91.5%), triggering garbage collection
2025-07-21 19:14:18,259 - camera_camera - DEBUG - Initializing USB camera
2025-07-21 19:14:18,884 - camera_camera - WARNING - High memory usage (91.7%), triggering garbage collection
2025-07-21 19:14:19,063 - camera_camera - WARNING - High memory usage (91.8%), triggering garbage collection
2025-07-21 19:14:20,289 - camera_camera - DEBUG - Initializing USB camera
2025-07-21 19:14:20,951 - camera_camera - WARNING - High memory usage (91.6%), triggering garbage collection
2025-07-21 19:14:21,127 - camera_camera - WARNING - High memory usage (91.6%), triggering garbage collection
2025-07-21 19:14:22,323 - camera_camera - DEBUG - Initializing USB camera
2025-07-21 19:14:23,004 - camera_camera - WARNING - High memory usage (91.7%), triggering garbage collection
2025-07-21 19:14:23,206 - camera_camera - WARNING - High memory usage (91.7%), triggering garbage collection
2025-07-21 19:14:24,354 - camera_camera - DEBUG - Initializing USB camera
2025-07-21 19:14:25,060 - camera_camera - WARNING - High memory usage (91.7%), triggering garbage collection
2025-07-21 19:14:25,254 - camera_camera - WARNING - High memory usage (91.7%), triggering garbage collection
2025-07-21 19:14:26,387 - camera_camera - DEBUG - Initializing USB camera
2025-07-21 19:14:27,111 - camera_camera - WARNING - High memory usage (91.8%), triggering garbage collection
2025-07-21 19:14:27,321 - camera_camera - WARNING - High memory usage (91.8%), triggering garbage collection
2025-07-21 19:14:28,425 - camera_camera - DEBUG - Initializing USB camera
2025-07-21 19:14:29,175 - camera_camera - WARNING - High memory usage (91.8%), triggering garbage collection
2025-07-21 19:14:29,399 - camera_camera - WARNING - High memory usage (91.8%), triggering garbage collection
2025-07-21 19:14:31,233 - camera_camera - WARNING - High memory usage (91.9%), triggering garbage collection
2025-07-21 19:14:31,450 - camera_camera - WARNING - High memory usage (92.0%), triggering garbage collection
2025-07-21 19:14:33,304 - camera_camera - WARNING - High memory usage (90.4%), triggering garbage collection
2025-07-21 19:14:33,543 - camera_camera - WARNING - High memory usage (90.0%), triggering garbage collection
2025-07-21 19:14:35,374 - camera_camera - WARNING - High memory usage (89.2%), triggering garbage collection
2025-07-21 19:14:35,489 - camera_camera - DEBUG - Initializing USB camera
2025-07-21 19:14:35,627 - camera_camera - WARNING - High memory usage (89.3%), triggering garbage collection
2025-07-21 19:14:37,440 - camera_camera - WARNING - High memory usage (88.9%), triggering garbage collection
2025-07-21 19:14:37,535 - camera_camera - DEBUG - Initializing USB camera
2025-07-21 19:14:37,692 - camera_camera - WARNING - High memory usage (89.0%), triggering garbage collection
2025-07-21 19:14:39,497 - camera_camera - WARNING - High memory usage (89.1%), triggering garbage collection
2025-07-21 19:14:39,571 - camera_camera - DEBUG - Initializing USB camera
2025-07-21 19:14:39,742 - camera_camera - WARNING - High memory usage (89.2%), triggering garbage collection
2025-07-21 19:14:41,560 - camera_camera - WARNING - High memory usage (86.8%), triggering garbage collection
2025-07-21 19:14:41,622 - camera_camera - DEBUG - Initializing USB camera
2025-07-21 19:14:41,811 - camera_camera - WARNING - High memory usage (86.7%), triggering garbage collection
2025-07-21 19:14:43,624 - camera_camera - WARNING - High memory usage (86.9%), triggering garbage collection
2025-07-21 19:14:43,680 - camera_camera - DEBUG - Initializing USB camera
2025-07-21 19:14:43,861 - camera_camera - WARNING - High memory usage (87.1%), triggering garbage collection
2025-07-21 19:14:45,707 - camera_camera - WARNING - High memory usage (86.7%), triggering garbage collection
2025-07-21 19:14:45,746 - camera_camera - DEBUG - Initializing USB camera
2025-07-21 19:14:45,925 - camera_camera - WARNING - High memory usage (86.9%), triggering garbage collection
2025-07-21 19:14:47,764 - camera_camera - WARNING - High memory usage (86.8%), triggering garbage collection
2025-07-21 19:14:47,976 - camera_camera - WARNING - High memory usage (87.0%), triggering garbage collection
2025-07-21 19:14:49,744 - camera_camera - DEBUG - Performed garbage collection
2025-07-21 19:14:49,824 - camera_camera - WARNING - High memory usage (87.1%), triggering garbage collection
2025-07-21 19:14:50,037 - camera_camera - WARNING - High memory usage (87.2%), triggering garbage collection
2025-07-21 19:14:50,724 - PendingVehiclesPanel - INFO - Refreshing pending vehicles list
2025-07-21 19:14:50,728 - DataManager - INFO - Successfully loaded 76 records from data\Tharuni_Associates_Bheemavaram_data.csv
2025-07-21 19:14:50,729 - PendingVehiclesPanel - INFO - Retrieved 76 total records
2025-07-21 19:14:50,813 - PendingVehiclesPanel - INFO - Found 0 unique pending vehicles, prevented 0 duplicates
2025-07-21 19:14:50,814 - PendingVehiclesPanel - INFO - Successfully refreshed pending list with 0 unique vehicles
2025-07-21 19:14:51,902 - camera_camera - WARNING - High memory usage (87.4%), triggering garbage collection
2025-07-21 19:14:52,122 - camera_camera - WARNING - High memory usage (87.0%), triggering garbage collection
2025-07-21 19:14:52,787 - camera_camera - DEBUG - Initializing USB camera
2025-07-21 19:14:53,958 - camera_camera - WARNING - High memory usage (87.3%), triggering garbage collection
2025-07-21 19:14:54,174 - camera_camera - WARNING - High memory usage (87.3%), triggering garbage collection
2025-07-21 19:14:54,834 - camera_camera - DEBUG - Initializing USB camera
2025-07-21 19:14:56,028 - camera_camera - WARNING - High memory usage (87.1%), triggering garbage collection
2025-07-21 19:14:56,233 - camera_camera - WARNING - High memory usage (86.8%), triggering garbage collection
2025-07-21 19:14:56,868 - camera_camera - DEBUG - Initializing USB camera
2025-07-21 19:14:58,087 - camera_camera - WARNING - High memory usage (86.5%), triggering garbage collection
2025-07-21 19:14:58,294 - camera_camera - WARNING - High memory usage (86.5%), triggering garbage collection
2025-07-21 19:14:58,916 - camera_camera - DEBUG - Initializing USB camera
2025-07-21 19:15:00,154 - camera_camera - WARNING - High memory usage (86.8%), triggering garbage collection
2025-07-21 19:15:00,207 - camera_camera - DEBUG - Resource usage - CPU: 47.1%, Memory: 86.8%
2025-07-21 19:15:00,386 - camera_camera - WARNING - High memory usage (86.6%), triggering garbage collection
2025-07-21 19:15:00,435 - camera_camera - DEBUG - Resource usage - CPU: 47.6%, Memory: 86.6%
2025-07-21 19:15:00,949 - camera_camera - DEBUG - Initializing USB camera
2025-07-21 19:15:02,212 - camera_camera - WARNING - High memory usage (86.7%), triggering garbage collection
2025-07-21 19:15:02,456 - camera_camera - WARNING - High memory usage (86.8%), triggering garbage collection
2025-07-21 19:15:02,984 - camera_camera - DEBUG - Initializing USB camera
2025-07-21 19:15:04,270 - camera_camera - WARNING - High memory usage (86.8%), triggering garbage collection
2025-07-21 19:15:04,518 - camera_camera - WARNING - High memory usage (86.7%), triggering garbage collection
2025-07-21 19:15:06,323 - camera_camera - WARNING - High memory usage (86.9%), triggering garbage collection
2025-07-21 19:15:06,581 - camera_camera - WARNING - High memory usage (86.9%), triggering garbage collection
2025-07-21 19:15:08,390 - camera_camera - WARNING - High memory usage (87.1%), triggering garbage collection
2025-07-21 19:15:08,632 - camera_camera - WARNING - High memory usage (86.9%), triggering garbage collection
2025-07-21 19:15:10,043 - camera_camera - DEBUG - Initializing USB camera
2025-07-21 19:15:10,466 - camera_camera - WARNING - High memory usage (87.0%), triggering garbage collection
2025-07-21 19:15:10,692 - camera_camera - WARNING - High memory usage (87.1%), triggering garbage collection
2025-07-21 19:15:12,076 - camera_camera - DEBUG - Initializing USB camera
2025-07-21 19:15:12,516 - camera_camera - WARNING - High memory usage (87.1%), triggering garbage collection
2025-07-21 19:15:12,749 - camera_camera - WARNING - High memory usage (87.1%), triggering garbage collection
2025-07-21 19:15:14,117 - camera_camera - DEBUG - Initializing USB camera
2025-07-21 19:15:14,582 - camera_camera - WARNING - High memory usage (87.5%), triggering garbage collection
2025-07-21 19:15:14,805 - camera_camera - WARNING - High memory usage (87.5%), triggering garbage collection
2025-07-21 19:15:16,151 - camera_camera - DEBUG - Initializing USB camera
2025-07-21 19:15:16,649 - camera_camera - WARNING - High memory usage (87.7%), triggering garbage collection
2025-07-21 19:15:16,871 - camera_camera - WARNING - High memory usage (87.8%), triggering garbage collection
2025-07-21 19:15:18,195 - camera_camera - DEBUG - Initializing USB camera
2025-07-21 19:15:18,709 - camera_camera - WARNING - High memory usage (87.9%), triggering garbage collection
2025-07-21 19:15:18,936 - camera_camera - WARNING - High memory usage (88.1%), triggering garbage collection
2025-07-21 19:15:20,234 - camera_camera - DEBUG - Initializing USB camera
2025-07-21 19:15:20,771 - camera_camera - WARNING - High memory usage (88.4%), triggering garbage collection
2025-07-21 19:15:20,999 - camera_camera - WARNING - High memory usage (88.4%), triggering garbage collection
2025-07-21 19:15:22,835 - camera_camera - WARNING - High memory usage (88.4%), triggering garbage collection
2025-07-21 19:15:23,087 - camera_camera - WARNING - High memory usage (88.5%), triggering garbage collection
2025-07-21 19:15:24,900 - camera_camera - WARNING - High memory usage (89.0%), triggering garbage collection
2025-07-21 19:15:25,147 - camera_camera - WARNING - High memory usage (88.9%), triggering garbage collection
2025-07-21 19:15:26,975 - camera_camera - WARNING - High memory usage (89.0%), triggering garbage collection
2025-07-21 19:15:27,209 - camera_camera - WARNING - High memory usage (89.0%), triggering garbage collection
2025-07-21 19:15:27,280 - camera_camera - DEBUG - Initializing USB camera
2025-07-21 19:15:29,037 - camera_camera - WARNING - High memory usage (88.9%), triggering garbage collection
2025-07-21 19:15:29,293 - camera_camera - WARNING - High memory usage (88.7%), triggering garbage collection
2025-07-21 19:15:29,341 - camera_camera - DEBUG - Initializing USB camera
2025-07-21 19:15:31,099 - camera_camera - WARNING - High memory usage (88.7%), triggering garbage collection
2025-07-21 19:15:31,353 - camera_camera - WARNING - High memory usage (88.7%), triggering garbage collection
2025-07-21 19:15:31,414 - camera_camera - DEBUG - Initializing USB camera
2025-07-21 19:15:33,160 - camera_camera - WARNING - High memory usage (88.5%), triggering garbage collection
2025-07-21 19:15:33,433 - camera_camera - WARNING - High memory usage (88.6%), triggering garbage collection
2025-07-21 19:15:33,483 - camera_camera - DEBUG - Initializing USB camera
2025-07-21 19:15:35,242 - camera_camera - WARNING - High memory usage (88.8%), triggering garbage collection
2025-07-21 19:15:35,514 - camera_camera - WARNING - High memory usage (88.7%), triggering garbage collection
2025-07-21 19:15:35,569 - camera_camera - DEBUG - Initializing USB camera
2025-07-21 19:15:37,319 - camera_camera - WARNING - High memory usage (88.8%), triggering garbage collection
2025-07-21 19:15:37,575 - camera_camera - WARNING - High memory usage (88.7%), triggering garbage collection
2025-07-21 19:15:37,618 - camera_camera - DEBUG - Initializing USB camera
2025-07-21 19:15:39,385 - camera_camera - WARNING - High memory usage (88.9%), triggering garbage collection
2025-07-21 19:15:39,643 - camera_camera - WARNING - High memory usage (88.9%), triggering garbage collection
2025-07-21 19:15:41,443 - camera_camera - WARNING - High memory usage (88.8%), triggering garbage collection
2025-07-21 19:15:41,718 - camera_camera - WARNING - High memory usage (88.9%), triggering garbage collection
2025-07-21 19:15:43,495 - camera_camera - WARNING - High memory usage (89.0%), triggering garbage collection
2025-07-21 19:15:43,780 - camera_camera - WARNING - High memory usage (89.0%), triggering garbage collection
2025-07-21 19:15:44,663 - camera_camera - DEBUG - Initializing USB camera
2025-07-21 19:15:45,552 - camera_camera - WARNING - High memory usage (89.0%), triggering garbage collection
2025-07-21 19:15:45,837 - camera_camera - WARNING - High memory usage (89.1%), triggering garbage collection
2025-07-21 19:15:46,707 - camera_camera - DEBUG - Initializing USB camera
2025-07-21 19:15:47,622 - camera_camera - WARNING - High memory usage (89.2%), triggering garbage collection
2025-07-21 19:15:47,879 - camera_camera - WARNING - High memory usage (89.2%), triggering garbage collection
2025-07-21 19:15:48,737 - camera_camera - DEBUG - Initializing USB camera
2025-07-21 19:15:49,671 - camera_camera - WARNING - High memory usage (89.0%), triggering garbage collection
2025-07-21 19:15:49,763 - camera_camera - DEBUG - Performed garbage collection
2025-07-21 19:15:49,944 - camera_camera - WARNING - High memory usage (89.0%), triggering garbage collection
2025-07-21 19:15:50,771 - camera_camera - DEBUG - Initializing USB camera
2025-07-21 19:15:50,824 - PendingVehiclesPanel - INFO - Refreshing pending vehicles list
2025-07-21 19:15:50,828 - DataManager - INFO - Successfully loaded 76 records from data\Tharuni_Associates_Bheemavaram_data.csv
2025-07-21 19:15:50,828 - PendingVehiclesPanel - INFO - Retrieved 76 total records
2025-07-21 19:15:50,914 - PendingVehiclesPanel - INFO - Found 0 unique pending vehicles, prevented 0 duplicates
2025-07-21 19:15:50,915 - PendingVehiclesPanel - INFO - Successfully refreshed pending list with 0 unique vehicles
2025-07-21 19:15:51,745 - camera_camera - WARNING - High memory usage (89.1%), triggering garbage collection
2025-07-21 19:15:52,022 - camera_camera - WARNING - High memory usage (89.2%), triggering garbage collection
2025-07-21 19:15:52,819 - camera_camera - DEBUG - Initializing USB camera
2025-07-21 19:15:53,812 - camera_camera - WARNING - High memory usage (89.0%), triggering garbage collection
2025-07-21 19:15:54,092 - camera_camera - WARNING - High memory usage (89.1%), triggering garbage collection
2025-07-21 19:15:54,859 - camera_camera - DEBUG - Initializing USB camera
2025-07-21 19:15:55,848 - camera_camera - WARNING - High memory usage (88.2%), triggering garbage collection
2025-07-21 19:15:56,149 - camera_camera - WARNING - High memory usage (88.3%), triggering garbage collection
2025-07-21 19:15:57,897 - camera_camera - WARNING - High memory usage (88.1%), triggering garbage collection
2025-07-21 19:15:58,210 - camera_camera - WARNING - High memory usage (88.0%), triggering garbage collection
2025-07-21 19:15:59,964 - camera_camera - WARNING - High memory usage (88.2%), triggering garbage collection
2025-07-21 19:16:00,258 - camera_camera - WARNING - High memory usage (88.2%), triggering garbage collection
2025-07-21 19:16:00,300 - camera_camera - DEBUG - Resource usage - CPU: 22.1%, Memory: 88.2%
2025-07-21 19:16:01,898 - camera_camera - DEBUG - Initializing USB camera
2025-07-21 19:16:02,024 - camera_camera - WARNING - High memory usage (88.2%), triggering garbage collection
2025-07-21 19:16:02,337 - camera_camera - WARNING - High memory usage (88.3%), triggering garbage collection
2025-07-21 19:16:03,924 - camera_camera - DEBUG - Initializing USB camera
2025-07-21 19:16:04,072 - camera_camera - WARNING - High memory usage (88.4%), triggering garbage collection
2025-07-21 19:16:04,395 - camera_camera - WARNING - High memory usage (88.3%), triggering garbage collection
2025-07-21 19:16:05,955 - camera_camera - DEBUG - Initializing USB camera
2025-07-21 19:16:06,139 - camera_camera - WARNING - High memory usage (88.2%), triggering garbage collection
2025-07-21 19:16:06,454 - camera_camera - WARNING - High memory usage (88.1%), triggering garbage collection
2025-07-21 19:16:07,998 - camera_camera - DEBUG - Initializing USB camera
2025-07-21 19:16:08,201 - camera_camera - WARNING - High memory usage (88.2%), triggering garbage collection
2025-07-21 19:16:08,520 - camera_camera - WARNING - High memory usage (87.8%), triggering garbage collection
2025-07-21 19:16:10,033 - camera_camera - DEBUG - Initializing USB camera
2025-07-21 19:16:10,267 - camera_camera - WARNING - High memory usage (88.0%), triggering garbage collection
2025-07-21 19:16:10,607 - camera_camera - WARNING - High memory usage (88.0%), triggering garbage collection
2025-07-21 19:16:12,067 - camera_camera - DEBUG - Initializing USB camera
2025-07-21 19:16:12,328 - camera_camera - WARNING - High memory usage (88.3%), triggering garbage collection
2025-07-21 19:16:12,676 - camera_camera - WARNING - High memory usage (88.3%), triggering garbage collection
2025-07-21 19:16:14,391 - camera_camera - WARNING - High memory usage (88.3%), triggering garbage collection
2025-07-21 19:16:14,755 - camera_camera - WARNING - High memory usage (88.2%), triggering garbage collection
2025-07-21 19:16:16,443 - camera_camera - WARNING - High memory usage (88.2%), triggering garbage collection
2025-07-21 19:16:16,811 - camera_camera - WARNING - High memory usage (88.2%), triggering garbage collection
2025-07-21 19:16:18,514 - camera_camera - WARNING - High memory usage (88.2%), triggering garbage collection
2025-07-21 19:16:18,886 - camera_camera - WARNING - High memory usage (88.3%), triggering garbage collection
2025-07-21 19:16:19,111 - camera_camera - DEBUG - Initializing USB camera
2025-07-21 19:16:20,587 - camera_camera - WARNING - High memory usage (88.5%), triggering garbage collection
2025-07-21 19:16:20,951 - camera_camera - WARNING - High memory usage (88.5%), triggering garbage collection
2025-07-21 19:16:21,155 - camera_camera - DEBUG - Initializing USB camera
2025-07-21 19:16:22,651 - camera_camera - WARNING - High memory usage (88.6%), triggering garbage collection
2025-07-21 19:16:23,004 - camera_camera - WARNING - High memory usage (88.6%), triggering garbage collection
2025-07-21 19:16:23,188 - camera_camera - DEBUG - Initializing USB camera
2025-07-21 19:16:24,723 - camera_camera - WARNING - High memory usage (88.9%), triggering garbage collection
2025-07-21 19:16:25,061 - camera_camera - WARNING - High memory usage (89.0%), triggering garbage collection
2025-07-21 19:16:25,222 - camera_camera - DEBUG - Initializing USB camera
2025-07-21 19:16:26,773 - camera_camera - WARNING - High memory usage (89.1%), triggering garbage collection
2025-07-21 19:16:27,127 - camera_camera - WARNING - High memory usage (89.2%), triggering garbage collection
2025-07-21 19:16:27,249 - camera_camera - DEBUG - Initializing USB camera
2025-07-21 19:16:28,820 - camera_camera - WARNING - High memory usage (89.3%), triggering garbage collection
2025-07-21 19:16:29,174 - camera_camera - WARNING - High memory usage (89.5%), triggering garbage collection
2025-07-21 19:16:29,283 - camera_camera - DEBUG - Initializing USB camera
2025-07-21 19:16:30,869 - camera_camera - WARNING - High memory usage (89.8%), triggering garbage collection
2025-07-21 19:16:30,904 - camera_camera - DEBUG - Resource usage - CPU: 25.3%, Memory: 89.8%
2025-07-21 19:16:31,237 - camera_camera - WARNING - High memory usage (89.9%), triggering garbage collection
2025-07-21 19:16:32,918 - camera_camera - WARNING - High memory usage (89.5%), triggering garbage collection
2025-07-21 19:16:33,285 - camera_camera - WARNING - High memory usage (89.8%), triggering garbage collection
2025-07-21 19:16:34,980 - camera_camera - WARNING - High memory usage (90.0%), triggering garbage collection
2025-07-21 19:16:35,340 - camera_camera - WARNING - High memory usage (90.0%), triggering garbage collection
2025-07-21 19:16:36,350 - camera_camera - DEBUG - Initializing USB camera
2025-07-21 19:16:37,035 - camera_camera - WARNING - High memory usage (90.1%), triggering garbage collection
2025-07-21 19:16:37,401 - camera_camera - WARNING - High memory usage (90.3%), triggering garbage collection
2025-07-21 19:16:38,398 - camera_camera - DEBUG - Initializing USB camera
2025-07-21 19:16:39,102 - camera_camera - WARNING - High memory usage (90.3%), triggering garbage collection
2025-07-21 19:16:39,462 - camera_camera - WARNING - High memory usage (90.2%), triggering garbage collection
2025-07-21 19:16:40,432 - camera_camera - DEBUG - Initializing USB camera
2025-07-21 19:16:41,157 - camera_camera - WARNING - High memory usage (89.7%), triggering garbage collection
2025-07-21 19:16:41,505 - camera_camera - WARNING - High memory usage (89.7%), triggering garbage collection
2025-07-21 19:16:42,467 - camera_camera - DEBUG - Initializing USB camera
2025-07-21 19:16:43,208 - camera_camera - WARNING - High memory usage (89.8%), triggering garbage collection
2025-07-21 19:16:43,558 - camera_camera - WARNING - High memory usage (89.9%), triggering garbage collection
2025-07-21 19:16:44,508 - camera_camera - DEBUG - Initializing USB camera
2025-07-21 19:16:45,276 - camera_camera - WARNING - High memory usage (90.0%), triggering garbage collection
2025-07-21 19:16:45,617 - camera_camera - WARNING - High memory usage (90.1%), triggering garbage collection
2025-07-21 19:16:46,542 - camera_camera - DEBUG - Initializing USB camera
2025-07-21 19:16:47,314 - camera_camera - WARNING - High memory usage (90.3%), triggering garbage collection
2025-07-21 19:16:47,685 - camera_camera - WARNING - High memory usage (90.2%), triggering garbage collection
2025-07-21 19:16:49,365 - camera_camera - WARNING - High memory usage (90.3%), triggering garbage collection
2025-07-21 19:16:49,763 - camera_camera - DEBUG - Performed garbage collection
2025-07-21 19:16:49,764 - camera_camera - WARNING - High memory usage (90.4%), triggering garbage collection
2025-07-21 19:16:50,925 - PendingVehiclesPanel - INFO - Refreshing pending vehicles list
2025-07-21 19:16:50,929 - DataManager - INFO - Successfully loaded 76 records from data\Tharuni_Associates_Bheemavaram_data.csv
2025-07-21 19:16:50,929 - PendingVehiclesPanel - INFO - Retrieved 76 total records
2025-07-21 19:16:50,965 - PendingVehiclesPanel - INFO - Found 0 unique pending vehicles, prevented 0 duplicates
2025-07-21 19:16:50,965 - PendingVehiclesPanel - INFO - Successfully refreshed pending list with 0 unique vehicles
2025-07-21 19:16:51,428 - camera_camera - WARNING - High memory usage (90.3%), triggering garbage collection
2025-07-21 19:16:51,829 - camera_camera - WARNING - High memory usage (90.3%), triggering garbage collection
2025-07-21 19:16:53,492 - camera_camera - WARNING - High memory usage (90.2%), triggering garbage collection
2025-07-21 19:16:53,577 - camera_camera - DEBUG - Initializing USB camera
2025-07-21 19:16:53,894 - camera_camera - WARNING - High memory usage (90.2%), triggering garbage collection
2025-07-21 19:16:55,535 - camera_camera - WARNING - High memory usage (90.2%), triggering garbage collection
2025-07-21 19:16:55,611 - camera_camera - DEBUG - Initializing USB camera
2025-07-21 19:16:55,944 - camera_camera - WARNING - High memory usage (90.2%), triggering garbage collection
2025-07-21 19:16:57,604 - camera_camera - WARNING - High memory usage (89.6%), triggering garbage collection
2025-07-21 19:16:57,654 - camera_camera - DEBUG - Initializing USB camera
2025-07-21 19:16:58,000 - camera_camera - WARNING - High memory usage (89.6%), triggering garbage collection
2025-07-21 19:16:59,668 - camera_camera - WARNING - High memory usage (89.5%), triggering garbage collection
2025-07-21 19:16:59,701 - camera_camera - DEBUG - Initializing USB camera
2025-07-21 19:17:00,052 - camera_camera - WARNING - High memory usage (89.4%), triggering garbage collection
2025-07-21 19:17:00,085 - camera_camera - DEBUG - Resource usage - CPU: 13.7%, Memory: 89.4%
2025-07-21 19:17:01,717 - camera_camera - WARNING - High memory usage (89.5%), triggering garbage collection
2025-07-21 19:17:01,749 - camera_camera - DEBUG - Initializing USB camera
2025-07-21 19:17:02,099 - camera_camera - WARNING - High memory usage (89.5%), triggering garbage collection
2025-07-21 19:17:03,764 - camera_camera - WARNING - High memory usage (89.5%), triggering garbage collection
2025-07-21 19:17:03,797 - camera_camera - DEBUG - Initializing USB camera
2025-07-21 19:17:04,150 - camera_camera - WARNING - High memory usage (89.6%), triggering garbage collection
2025-07-21 19:17:05,814 - camera_camera - WARNING - High memory usage (89.6%), triggering garbage collection
2025-07-21 19:17:06,232 - camera_camera - WARNING - High memory usage (89.6%), triggering garbage collection
2025-07-21 19:17:07,861 - camera_camera - WARNING - High memory usage (89.7%), triggering garbage collection
2025-07-21 19:17:08,282 - camera_camera - WARNING - High memory usage (89.4%), triggering garbage collection
2025-07-21 19:17:09,920 - camera_camera - WARNING - High memory usage (89.4%), triggering garbage collection
2025-07-21 19:17:10,342 - camera_camera - WARNING - High memory usage (89.3%), triggering garbage collection
2025-07-21 19:17:10,834 - camera_camera - DEBUG - Initializing USB camera
2025-07-21 19:17:11,960 - camera_camera - WARNING - High memory usage (89.1%), triggering garbage collection
2025-07-21 19:17:12,407 - camera_camera - WARNING - High memory usage (89.1%), triggering garbage collection
2025-07-21 19:17:12,881 - camera_camera - DEBUG - Initializing USB camera
2025-07-21 19:17:14,025 - camera_camera - WARNING - High memory usage (88.4%), triggering garbage collection
2025-07-21 19:17:14,458 - camera_camera - WARNING - High memory usage (88.4%), triggering garbage collection
2025-07-21 19:17:14,925 - camera_camera - DEBUG - Initializing USB camera
2025-07-21 19:17:16,060 - camera_camera - WARNING - High memory usage (88.6%), triggering garbage collection
2025-07-21 19:17:16,500 - camera_camera - WARNING - High memory usage (88.5%), triggering garbage collection
2025-07-21 19:17:16,962 - camera_camera - DEBUG - Initializing USB camera
2025-07-21 19:17:18,129 - camera_camera - WARNING - High memory usage (88.5%), triggering garbage collection
2025-07-21 19:17:18,575 - camera_camera - WARNING - High memory usage (88.6%), triggering garbage collection
2025-07-21 19:17:18,993 - camera_camera - DEBUG - Initializing USB camera
2025-07-21 19:17:20,185 - camera_camera - WARNING - High memory usage (88.6%), triggering garbage collection
2025-07-21 19:17:20,634 - camera_camera - WARNING - High memory usage (88.5%), triggering garbage collection
2025-07-21 19:17:21,031 - camera_camera - DEBUG - Initializing USB camera
2025-07-21 19:17:22,227 - camera_camera - WARNING - High memory usage (88.6%), triggering garbage collection
2025-07-21 19:17:22,676 - camera_camera - WARNING - High memory usage (88.6%), triggering garbage collection
2025-07-21 19:17:24,285 - camera_camera - WARNING - High memory usage (88.6%), triggering garbage collection
2025-07-21 19:17:24,740 - camera_camera - WARNING - High memory usage (88.5%), triggering garbage collection
2025-07-21 19:17:26,323 - camera_camera - WARNING - High memory usage (88.4%), triggering garbage collection
2025-07-21 19:17:26,792 - camera_camera - WARNING - High memory usage (88.3%), triggering garbage collection
2025-07-21 19:17:28,066 - camera_camera - DEBUG - Initializing USB camera
2025-07-21 19:17:28,390 - camera_camera - WARNING - High memory usage (88.4%), triggering garbage collection
2025-07-21 19:17:28,852 - camera_camera - WARNING - High memory usage (88.4%), triggering garbage collection
2025-07-21 19:17:30,102 - camera_camera - DEBUG - Initializing USB camera
2025-07-21 19:17:30,440 - camera_camera - WARNING - High memory usage (88.4%), triggering garbage collection
2025-07-21 19:17:30,475 - camera_camera - DEBUG - Resource usage - CPU: 9.6%, Memory: 88.4%
2025-07-21 19:17:30,894 - camera_camera - WARNING - High memory usage (88.4%), triggering garbage collection
2025-07-21 19:17:30,927 - camera_camera - DEBUG - Resource usage - CPU: 9.8%, Memory: 88.4%
2025-07-21 19:17:32,136 - camera_camera - DEBUG - Initializing USB camera
2025-07-21 19:17:32,495 - camera_camera - WARNING - High memory usage (88.4%), triggering garbage collection
2025-07-21 19:17:32,962 - camera_camera - WARNING - High memory usage (88.4%), triggering garbage collection
2025-07-21 19:17:34,159 - camera_camera - DEBUG - Initializing USB camera
2025-07-21 19:17:34,563 - camera_camera - WARNING - High memory usage (88.4%), triggering garbage collection
2025-07-21 19:17:35,021 - camera_camera - WARNING - High memory usage (88.4%), triggering garbage collection
2025-07-21 19:17:36,196 - camera_camera - DEBUG - Initializing USB camera
2025-07-21 19:17:36,620 - camera_camera - WARNING - High memory usage (88.4%), triggering garbage collection
2025-07-21 19:17:37,086 - camera_camera - WARNING - High memory usage (88.4%), triggering garbage collection
2025-07-21 19:17:38,229 - camera_camera - DEBUG - Initializing USB camera
2025-07-21 19:17:38,690 - camera_camera - WARNING - High memory usage (88.4%), triggering garbage collection
2025-07-21 19:17:39,149 - camera_camera - WARNING - High memory usage (88.5%), triggering garbage collection
2025-07-21 19:17:40,761 - camera_camera - WARNING - High memory usage (88.4%), triggering garbage collection
2025-07-21 19:17:41,195 - camera_camera - WARNING - High memory usage (88.5%), triggering garbage collection
2025-07-21 19:17:42,825 - camera_camera - WARNING - High memory usage (88.4%), triggering garbage collection
2025-07-21 19:17:43,241 - camera_camera - WARNING - High memory usage (88.5%), triggering garbage collection
2025-07-21 19:17:44,888 - camera_camera - WARNING - High memory usage (88.4%), triggering garbage collection
2025-07-21 19:17:45,291 - camera_camera - WARNING - High memory usage (88.5%), triggering garbage collection
2025-07-21 19:17:45,338 - camera_camera - DEBUG - Initializing USB camera
2025-07-21 19:17:46,942 - camera_camera - WARNING - High memory usage (88.6%), triggering garbage collection
2025-07-21 19:17:47,374 - camera_camera - DEBUG - Initializing USB camera
2025-07-21 19:17:47,374 - camera_camera - WARNING - High memory usage (88.7%), triggering garbage collection
2025-07-21 19:17:48,999 - camera_camera - WARNING - High memory usage (88.6%), triggering garbage collection
2025-07-21 19:17:49,427 - camera_camera - DEBUG - Initializing USB camera
2025-07-21 19:17:49,427 - camera_camera - WARNING - High memory usage (88.6%), triggering garbage collection
2025-07-21 19:17:49,875 - camera_camera - DEBUG - Performed garbage collection
2025-07-21 19:17:50,977 - PendingVehiclesPanel - INFO - Refreshing pending vehicles list
2025-07-21 19:17:50,982 - DataManager - INFO - Successfully loaded 76 records from data\Tharuni_Associates_Bheemavaram_data.csv
2025-07-21 19:17:50,983 - PendingVehiclesPanel - INFO - Retrieved 76 total records
2025-07-21 19:17:51,020 - PendingVehiclesPanel - INFO - Found 0 unique pending vehicles, prevented 0 duplicates
2025-07-21 19:17:51,020 - PendingVehiclesPanel - INFO - Successfully refreshed pending list with 0 unique vehicles
2025-07-21 19:17:51,071 - camera_camera - WARNING - High memory usage (88.6%), triggering garbage collection
2025-07-21 19:17:51,465 - camera_camera - DEBUG - Initializing USB camera
2025-07-21 19:17:51,489 - camera_camera - WARNING - High memory usage (88.6%), triggering garbage collection
2025-07-21 19:17:53,127 - camera_camera - WARNING - High memory usage (88.6%), triggering garbage collection
2025-07-21 19:17:53,528 - camera_camera - DEBUG - Initializing USB camera
2025-07-21 19:17:53,529 - camera_camera - WARNING - High memory usage (88.6%), triggering garbage collection
2025-07-21 19:17:55,199 - camera_camera - WARNING - High memory usage (88.6%), triggering garbage collection
2025-07-21 19:17:55,574 - camera_camera - DEBUG - Initializing USB camera
2025-07-21 19:17:55,598 - camera_camera - WARNING - High memory usage (88.6%), triggering garbage collection
2025-07-21 19:17:57,256 - camera_camera - WARNING - High memory usage (88.6%), triggering garbage collection
2025-07-21 19:17:57,647 - camera_camera - WARNING - High memory usage (88.6%), triggering garbage collection
2025-07-21 19:17:59,323 - camera_camera - WARNING - High memory usage (88.6%), triggering garbage collection
2025-07-21 19:17:59,686 - camera_camera - WARNING - High memory usage (88.5%), triggering garbage collection
2025-07-21 19:18:01,403 - camera_camera - WARNING - High memory usage (88.4%), triggering garbage collection
2025-07-21 19:18:01,742 - camera_camera - WARNING - High memory usage (88.3%), triggering garbage collection
2025-07-21 19:18:02,640 - camera_camera - DEBUG - Initializing USB camera
2025-07-21 19:18:03,453 - camera_camera - WARNING - High memory usage (88.3%), triggering garbage collection
2025-07-21 19:18:03,819 - camera_camera - WARNING - High memory usage (88.4%), triggering garbage collection
2025-07-21 19:18:04,680 - camera_camera - DEBUG - Initializing USB camera
2025-07-21 19:18:05,523 - camera_camera - WARNING - High memory usage (88.3%), triggering garbage collection
2025-07-21 19:18:05,886 - camera_camera - WARNING - High memory usage (88.3%), triggering garbage collection
2025-07-21 19:18:06,713 - camera_camera - DEBUG - Initializing USB camera
2025-07-21 19:18:07,573 - camera_camera - WARNING - High memory usage (88.3%), triggering garbage collection
2025-07-21 19:18:07,945 - camera_camera - WARNING - High memory usage (88.3%), triggering garbage collection
2025-07-21 19:18:08,740 - camera_camera - DEBUG - Initializing USB camera
2025-07-21 19:18:09,627 - camera_camera - WARNING - High memory usage (88.4%), triggering garbage collection
2025-07-21 19:18:10,014 - camera_camera - WARNING - High memory usage (88.4%), triggering garbage collection
2025-07-21 19:18:10,787 - camera_camera - DEBUG - Initializing USB camera
2025-07-21 19:18:11,678 - camera_camera - WARNING - High memory usage (88.3%), triggering garbage collection
2025-07-21 19:18:12,079 - camera_camera - WARNING - High memory usage (88.3%), triggering garbage collection
2025-07-21 19:18:12,818 - camera_camera - DEBUG - Initializing USB camera
2025-07-21 19:18:13,723 - camera_camera - WARNING - High memory usage (88.3%), triggering garbage collection
2025-07-21 19:18:14,122 - camera_camera - WARNING - High memory usage (88.3%), triggering garbage collection
2025-07-21 19:18:15,783 - camera_camera - WARNING - High memory usage (88.3%), triggering garbage collection
2025-07-21 19:18:16,183 - camera_camera - WARNING - High memory usage (88.3%), triggering garbage collection
2025-07-21 19:18:17,831 - camera_camera - WARNING - High memory usage (88.2%), triggering garbage collection
2025-07-21 19:18:18,246 - camera_camera - WARNING - High memory usage (88.3%), triggering garbage collection
2025-07-21 19:18:19,880 - camera_camera - DEBUG - Initializing USB camera
2025-07-21 19:18:19,880 - camera_camera - WARNING - High memory usage (88.2%), triggering garbage collection
2025-07-21 19:18:20,297 - camera_camera - WARNING - High memory usage (88.3%), triggering garbage collection
2025-07-21 19:18:21,937 - camera_camera - DEBUG - Initializing USB camera
2025-07-21 19:18:21,936 - camera_camera - WARNING - High memory usage (88.2%), triggering garbage collection
2025-07-21 19:18:22,350 - camera_camera - WARNING - High memory usage (88.3%), triggering garbage collection
2025-07-21 19:18:23,993 - camera_camera - DEBUG - Initializing USB camera
2025-07-21 19:18:24,014 - camera_camera - WARNING - High memory usage (88.3%), triggering garbage collection
2025-07-21 19:18:24,413 - camera_camera - WARNING - High memory usage (88.3%), triggering garbage collection
2025-07-21 19:18:26,056 - camera_camera - DEBUG - Initializing USB camera
2025-07-21 19:18:26,078 - camera_camera - WARNING - High memory usage (88.3%), triggering garbage collection
2025-07-21 19:18:26,478 - camera_camera - WARNING - High memory usage (88.3%), triggering garbage collection
2025-07-21 19:18:28,133 - camera_camera - DEBUG - Initializing USB camera
2025-07-21 19:18:28,133 - camera_camera - WARNING - High memory usage (88.3%), triggering garbage collection
2025-07-21 19:18:28,533 - camera_camera - WARNING - High memory usage (88.4%), triggering garbage collection
2025-07-21 19:18:30,198 - camera_camera - DEBUG - Initializing USB camera
2025-07-21 19:18:30,199 - camera_camera - WARNING - High memory usage (88.5%), triggering garbage collection
2025-07-21 19:18:30,233 - camera_camera - DEBUG - Resource usage - CPU: 14.0%, Memory: 88.5%
2025-07-21 19:18:30,594 - camera_camera - WARNING - High memory usage (88.4%), triggering garbage collection
2025-07-21 19:18:30,628 - camera_camera - DEBUG - Resource usage - CPU: 13.8%, Memory: 88.4%
2025-07-21 19:18:32,251 - camera_camera - WARNING - High memory usage (88.5%), triggering garbage collection
2025-07-21 19:18:32,646 - camera_camera - WARNING - High memory usage (88.5%), triggering garbage collection
2025-07-21 19:18:34,309 - camera_camera - WARNING - High memory usage (88.5%), triggering garbage collection
2025-07-21 19:18:34,692 - camera_camera - WARNING - High memory usage (88.5%), triggering garbage collection
2025-07-21 19:18:36,372 - camera_camera - WARNING - High memory usage (88.5%), triggering garbage collection
2025-07-21 19:18:36,767 - camera_camera - WARNING - High memory usage (88.5%), triggering garbage collection
2025-07-21 19:18:37,255 - camera_camera - DEBUG - Initializing USB camera
2025-07-21 19:18:38,422 - camera_camera - WARNING - High memory usage (88.5%), triggering garbage collection
2025-07-21 19:18:38,821 - camera_camera - WARNING - High memory usage (88.4%), triggering garbage collection
2025-07-21 19:18:39,316 - camera_camera - DEBUG - Initializing USB camera
2025-07-21 19:18:40,487 - camera_camera - WARNING - High memory usage (88.5%), triggering garbage collection
2025-07-21 19:18:40,876 - camera_camera - WARNING - High memory usage (88.5%), triggering garbage collection
2025-07-21 19:18:41,355 - camera_camera - DEBUG - Initializing USB camera
2025-07-21 19:18:42,529 - camera_camera - WARNING - High memory usage (88.4%), triggering garbage collection
2025-07-21 19:18:42,933 - camera_camera - WARNING - High memory usage (88.5%), triggering garbage collection
2025-07-21 19:18:43,412 - camera_camera - DEBUG - Initializing USB camera
2025-07-21 19:18:44,581 - camera_camera - WARNING - High memory usage (88.5%), triggering garbage collection
2025-07-21 19:18:44,985 - camera_camera - WARNING - High memory usage (88.5%), triggering garbage collection
2025-07-21 19:18:45,463 - camera_camera - DEBUG - Initializing USB camera
2025-07-21 19:18:46,643 - camera_camera - WARNING - High memory usage (88.6%), triggering garbage collection
2025-07-21 19:18:47,046 - camera_camera - WARNING - High memory usage (88.5%), triggering garbage collection
2025-07-21 19:18:47,490 - camera_camera - DEBUG - Initializing USB camera
2025-07-21 19:18:48,700 - camera_camera - WARNING - High memory usage (88.6%), triggering garbage collection
2025-07-21 19:18:49,134 - camera_camera - WARNING - High memory usage (88.6%), triggering garbage collection
2025-07-21 19:18:49,810 - camera_camera - DEBUG - Performed garbage collection
2025-07-21 19:18:50,753 - camera_camera - WARNING - High memory usage (88.6%), triggering garbage collection
2025-07-21 19:18:51,034 - PendingVehiclesPanel - INFO - Refreshing pending vehicles list
2025-07-21 19:18:51,039 - DataManager - INFO - Successfully loaded 76 records from data\Tharuni_Associates_Bheemavaram_data.csv
2025-07-21 19:18:51,041 - PendingVehiclesPanel - INFO - Retrieved 76 total records
2025-07-21 19:18:51,079 - PendingVehiclesPanel - INFO - Found 0 unique pending vehicles, prevented 0 duplicates
2025-07-21 19:18:51,080 - PendingVehiclesPanel - INFO - Successfully refreshed pending list with 0 unique vehicles
2025-07-21 19:18:51,191 - camera_camera - WARNING - High memory usage (88.6%), triggering garbage collection
2025-07-21 19:18:52,814 - camera_camera - WARNING - High memory usage (88.6%), triggering garbage collection
2025-07-21 19:18:53,274 - camera_camera - WARNING - High memory usage (88.6%), triggering garbage collection
2025-07-21 19:18:54,539 - camera_camera - DEBUG - Initializing USB camera
2025-07-21 19:18:54,898 - camera_camera - WARNING - High memory usage (87.4%), triggering garbage collection
2025-07-21 19:18:55,375 - camera_camera - WARNING - High memory usage (87.4%), triggering garbage collection
2025-07-21 19:18:56,560 - camera_camera - DEBUG - Initializing USB camera
2025-07-21 19:18:56,968 - camera_camera - WARNING - High memory usage (87.3%), triggering garbage collection
2025-07-21 19:18:57,426 - camera_camera - WARNING - High memory usage (87.5%), triggering garbage collection
2025-07-21 19:18:58,596 - camera_camera - DEBUG - Initializing USB camera
2025-07-21 19:18:59,042 - camera_camera - WARNING - High memory usage (87.4%), triggering garbage collection
2025-07-21 19:18:59,472 - camera_camera - WARNING - High memory usage (87.4%), triggering garbage collection
2025-07-21 19:19:00,636 - camera_camera - DEBUG - Initializing USB camera
2025-07-21 19:19:01,105 - camera_camera - WARNING - High memory usage (87.4%), triggering garbage collection
2025-07-21 19:19:01,530 - camera_camera - WARNING - High memory usage (87.4%), triggering garbage collection
2025-07-21 19:19:02,674 - camera_camera - DEBUG - Initializing USB camera
2025-07-21 19:19:03,183 - camera_camera - WARNING - High memory usage (87.3%), triggering garbage collection
2025-07-21 19:19:03,578 - camera_camera - WARNING - High memory usage (87.3%), triggering garbage collection
2025-07-21 19:19:04,699 - camera_camera - DEBUG - Initializing USB camera
2025-07-21 19:19:05,243 - camera_camera - WARNING - High memory usage (87.2%), triggering garbage collection
2025-07-21 19:19:05,618 - camera_camera - WARNING - High memory usage (87.2%), triggering garbage collection
2025-07-21 19:19:07,319 - camera_camera - WARNING - High memory usage (87.3%), triggering garbage collection
2025-07-21 19:19:07,666 - camera_camera - WARNING - High memory usage (87.3%), triggering garbage collection
2025-07-21 19:19:09,395 - camera_camera - WARNING - High memory usage (87.2%), triggering garbage collection
2025-07-21 19:19:09,742 - camera_camera - WARNING - High memory usage (87.2%), triggering garbage collection
2025-07-21 19:19:11,458 - camera_camera - WARNING - High memory usage (87.2%), triggering garbage collection
2025-07-21 19:19:11,806 - camera_camera - DEBUG - Initializing USB camera
2025-07-21 19:19:11,806 - camera_camera - WARNING - High memory usage (87.2%), triggering garbage collection
2025-07-21 19:19:13,535 - camera_camera - WARNING - High memory usage (87.2%), triggering garbage collection
2025-07-21 19:19:13,869 - camera_camera - DEBUG - Initializing USB camera
2025-07-21 19:19:13,869 - camera_camera - WARNING - High memory usage (87.2%), triggering garbage collection
2025-07-21 19:19:15,590 - camera_camera - WARNING - High memory usage (87.2%), triggering garbage collection
2025-07-21 19:19:15,905 - camera_camera - DEBUG - Initializing USB camera
2025-07-21 19:19:15,924 - camera_camera - WARNING - High memory usage (87.2%), triggering garbage collection
2025-07-21 19:19:17,656 - camera_camera - WARNING - High memory usage (87.2%), triggering garbage collection
2025-07-21 19:19:17,958 - camera_camera - DEBUG - Initializing USB camera
2025-07-21 19:19:17,977 - camera_camera - WARNING - High memory usage (87.2%), triggering garbage collection
2025-07-21 19:19:19,721 - camera_camera - WARNING - High memory usage (87.2%), triggering garbage collection
2025-07-21 19:19:20,022 - camera_camera - DEBUG - Initializing USB camera
2025-07-21 19:19:20,022 - camera_camera - WARNING - High memory usage (87.2%), triggering garbage collection
2025-07-21 19:19:21,767 - camera_camera - WARNING - High memory usage (87.0%), triggering garbage collection
2025-07-21 19:19:22,052 - camera_camera - DEBUG - Initializing USB camera
2025-07-21 19:19:22,085 - camera_camera - WARNING - High memory usage (87.2%), triggering garbage collection
2025-07-21 19:19:23,816 - camera_camera - WARNING - High memory usage (87.1%), triggering garbage collection
2025-07-21 19:19:24,132 - camera_camera - WARNING - High memory usage (87.1%), triggering garbage collection
2025-07-21 19:19:25,868 - camera_camera - WARNING - High memory usage (86.1%), triggering garbage collection
2025-07-21 19:19:26,187 - camera_camera - WARNING - High memory usage (86.1%), triggering garbage collection
2025-07-21 19:19:27,951 - camera_camera - WARNING - High memory usage (86.3%), triggering garbage collection
2025-07-21 19:19:28,266 - camera_camera - WARNING - High memory usage (86.3%), triggering garbage collection
2025-07-21 19:19:29,135 - camera_camera - DEBUG - Initializing USB camera
2025-07-21 19:19:29,990 - camera_camera - WARNING - High memory usage (86.4%), triggering garbage collection
2025-07-21 19:19:30,318 - camera_camera - WARNING - High memory usage (86.3%), triggering garbage collection
2025-07-21 19:19:30,353 - camera_camera - DEBUG - Resource usage - CPU: 9.5%, Memory: 86.3%
2025-07-21 19:19:31,160 - camera_camera - DEBUG - Initializing USB camera
2025-07-21 19:19:32,034 - camera_camera - WARNING - High memory usage (86.4%), triggering garbage collection
2025-07-21 19:19:32,381 - camera_camera - WARNING - High memory usage (86.4%), triggering garbage collection
2025-07-21 19:19:33,188 - camera_camera - DEBUG - Initializing USB camera
2025-07-21 19:19:34,086 - camera_camera - WARNING - High memory usage (86.3%), triggering garbage collection
2025-07-21 19:19:34,445 - camera_camera - WARNING - High memory usage (86.3%), triggering garbage collection
2025-07-21 19:19:35,224 - camera_camera - DEBUG - Initializing USB camera
2025-07-21 19:19:36,136 - camera_camera - WARNING - High memory usage (86.1%), triggering garbage collection
2025-07-21 19:19:36,495 - camera_camera - WARNING - High memory usage (86.2%), triggering garbage collection
2025-07-21 19:19:37,259 - camera_camera - DEBUG - Initializing USB camera
2025-07-21 19:19:38,198 - camera_camera - WARNING - High memory usage (86.0%), triggering garbage collection
2025-07-21 19:19:38,538 - camera_camera - WARNING - High memory usage (86.1%), triggering garbage collection
2025-07-21 19:19:39,310 - camera_camera - DEBUG - Initializing USB camera
2025-07-21 19:19:40,266 - camera_camera - WARNING - High memory usage (86.1%), triggering garbage collection
2025-07-21 19:19:40,597 - camera_camera - WARNING - High memory usage (86.0%), triggering garbage collection
2025-07-21 19:19:42,333 - camera_camera - WARNING - High memory usage (86.1%), triggering garbage collection
2025-07-21 19:19:42,655 - camera_camera - WARNING - High memory usage (86.1%), triggering garbage collection
2025-07-21 19:19:44,376 - camera_camera - WARNING - High memory usage (86.0%), triggering garbage collection
2025-07-21 19:19:44,693 - camera_camera - WARNING - High memory usage (85.9%), triggering garbage collection
2025-07-21 19:19:46,373 - camera_camera - DEBUG - Initializing USB camera
2025-07-21 19:19:46,430 - camera_camera - WARNING - High memory usage (86.1%), triggering garbage collection
2025-07-21 19:19:46,746 - camera_camera - WARNING - High memory usage (86.0%), triggering garbage collection
2025-07-21 19:19:48,406 - camera_camera - DEBUG - Initializing USB camera
2025-07-21 19:19:48,500 - camera_camera - WARNING - High memory usage (86.1%), triggering garbage collection
2025-07-21 19:19:48,800 - camera_camera - WARNING - High memory usage (86.0%), triggering garbage collection
2025-07-21 19:19:49,905 - camera_camera - DEBUG - Performed garbage collection
2025-07-21 19:19:50,445 - camera_camera - DEBUG - Initializing USB camera
2025-07-21 19:19:50,563 - camera_camera - WARNING - High memory usage (86.0%), triggering garbage collection
2025-07-21 19:19:50,863 - camera_camera - WARNING - High memory usage (86.1%), triggering garbage collection
2025-07-21 19:19:51,092 - PendingVehiclesPanel - INFO - Refreshing pending vehicles list
2025-07-21 19:19:51,095 - DataManager - INFO - Successfully loaded 76 records from data\Tharuni_Associates_Bheemavaram_data.csv
2025-07-21 19:19:51,096 - PendingVehiclesPanel - INFO - Retrieved 76 total records
2025-07-21 19:19:51,133 - PendingVehiclesPanel - INFO - Found 0 unique pending vehicles, prevented 0 duplicates
2025-07-21 19:19:51,134 - PendingVehiclesPanel - INFO - Successfully refreshed pending list with 0 unique vehicles
2025-07-21 19:19:52,487 - camera_camera - DEBUG - Initializing USB camera
2025-07-21 19:19:52,611 - camera_camera - WARNING - High memory usage (85.8%), triggering garbage collection
2025-07-21 19:19:52,924 - camera_camera - WARNING - High memory usage (85.9%), triggering garbage collection
2025-07-21 19:19:54,514 - camera_camera - DEBUG - Initializing USB camera
2025-07-21 19:19:54,675 - camera_camera - WARNING - High memory usage (86.4%), triggering garbage collection
2025-07-21 19:19:54,966 - camera_camera - WARNING - High memory usage (86.4%), triggering garbage collection
2025-07-21 19:19:56,546 - camera_camera - DEBUG - Initializing USB camera
2025-07-21 19:19:56,737 - camera_camera - WARNING - High memory usage (86.4%), triggering garbage collection
2025-07-21 19:19:57,022 - camera_camera - WARNING - High memory usage (86.4%), triggering garbage collection
2025-07-21 19:19:58,809 - camera_camera - WARNING - High memory usage (86.4%), triggering garbage collection
2025-07-21 19:19:59,084 - camera_camera - WARNING - High memory usage (86.4%), triggering garbage collection
2025-07-21 19:20:00,864 - camera_camera - WARNING - High memory usage (86.4%), triggering garbage collection
2025-07-21 19:20:00,900 - camera_camera - DEBUG - Resource usage - CPU: 10.7%, Memory: 86.4%
2025-07-21 19:20:01,136 - camera_camera - WARNING - High memory usage (86.4%), triggering garbage collection
2025-07-21 19:20:02,928 - camera_camera - WARNING - High memory usage (86.4%), triggering garbage collection
2025-07-21 19:20:03,190 - camera_camera - WARNING - High memory usage (86.4%), triggering garbage collection
2025-07-21 19:20:03,588 - camera_camera - DEBUG - Initializing USB camera
2025-07-21 19:20:05,009 - camera_camera - WARNING - High memory usage (86.4%), triggering garbage collection
2025-07-21 19:20:05,265 - camera_camera - WARNING - High memory usage (86.4%), triggering garbage collection
2025-07-21 19:20:05,618 - camera_camera - DEBUG - Initializing USB camera
2025-07-21 19:20:07,081 - camera_camera - WARNING - High memory usage (86.3%), triggering garbage collection
2025-07-21 19:20:07,336 - camera_camera - WARNING - High memory usage (86.3%), triggering garbage collection
2025-07-21 19:20:07,654 - camera_camera - DEBUG - Initializing USB camera
2025-07-21 19:20:09,136 - camera_camera - WARNING - High memory usage (86.4%), triggering garbage collection
2025-07-21 19:20:09,381 - camera_camera - WARNING - High memory usage (86.4%), triggering garbage collection
2025-07-21 19:20:09,699 - camera_camera - DEBUG - Initializing USB camera
2025-07-21 19:20:11,194 - camera_camera - WARNING - High memory usage (86.3%), triggering garbage collection
2025-07-21 19:20:11,437 - camera_camera - WARNING - High memory usage (86.4%), triggering garbage collection
2025-07-21 19:20:11,738 - camera_camera - DEBUG - Initializing USB camera
2025-07-21 19:20:13,257 - camera_camera - WARNING - High memory usage (86.3%), triggering garbage collection
2025-07-21 19:20:13,487 - camera_camera - WARNING - High memory usage (86.4%), triggering garbage collection
2025-07-21 19:20:13,763 - camera_camera - DEBUG - Initializing USB camera
2025-07-21 19:20:15,304 - camera_camera - WARNING - High memory usage (86.4%), triggering garbage collection
2025-07-21 19:20:15,539 - camera_camera - WARNING - High memory usage (86.4%), triggering garbage collection
2025-07-21 19:20:17,370 - camera_camera - WARNING - High memory usage (86.2%), triggering garbage collection
2025-07-21 19:20:17,595 - camera_camera - WARNING - High memory usage (86.2%), triggering garbage collection
2025-07-21 19:20:19,439 - camera_camera - WARNING - High memory usage (86.1%), triggering garbage collection
2025-07-21 19:20:19,644 - camera_camera - WARNING - High memory usage (86.1%), triggering garbage collection
2025-07-21 19:20:20,815 - camera_camera - DEBUG - Initializing USB camera
2025-07-21 19:20:21,487 - camera_camera - WARNING - High memory usage (86.2%), triggering garbage collection
2025-07-21 19:20:21,708 - camera_camera - WARNING - High memory usage (86.1%), triggering garbage collection
2025-07-21 19:20:22,839 - camera_camera - DEBUG - Initializing USB camera
2025-07-21 19:20:23,574 - camera_camera - WARNING - High memory usage (85.6%), triggering garbage collection
2025-07-21 19:20:23,766 - camera_camera - WARNING - High memory usage (85.5%), triggering garbage collection
2025-07-21 19:20:24,881 - camera_camera - DEBUG - Initializing USB camera
2025-07-21 19:20:25,631 - camera_camera - WARNING - High memory usage (85.7%), triggering garbage collection
2025-07-21 19:20:25,813 - camera_camera - WARNING - High memory usage (85.6%), triggering garbage collection
2025-07-21 19:20:26,920 - camera_camera - DEBUG - Initializing USB camera
2025-07-21 19:20:27,696 - camera_camera - WARNING - High memory usage (85.6%), triggering garbage collection
2025-07-21 19:20:27,880 - camera_camera - WARNING - High memory usage (85.5%), triggering garbage collection
2025-07-21 19:20:28,944 - camera_camera - DEBUG - Initializing USB camera
2025-07-21 19:20:29,754 - camera_camera - WARNING - High memory usage (86.4%), triggering garbage collection
2025-07-21 19:20:29,948 - camera_camera - WARNING - High memory usage (86.4%), triggering garbage collection
2025-07-21 19:20:30,984 - camera_camera - DEBUG - Initializing USB camera
2025-07-21 19:20:31,801 - camera_camera - WARNING - High memory usage (86.3%), triggering garbage collection
2025-07-21 19:20:31,996 - camera_camera - WARNING - High memory usage (86.4%), triggering garbage collection
2025-07-21 19:20:33,850 - camera_camera - WARNING - High memory usage (86.3%), triggering garbage collection
2025-07-21 19:20:34,059 - camera_camera - WARNING - High memory usage (86.3%), triggering garbage collection
2025-07-21 19:20:35,908 - camera_camera - WARNING - High memory usage (86.3%), triggering garbage collection
2025-07-21 19:20:36,112 - camera_camera - WARNING - High memory usage (86.2%), triggering garbage collection
2025-07-21 19:20:37,957 - camera_camera - WARNING - High memory usage (86.3%), triggering garbage collection
2025-07-21 19:20:38,033 - camera_camera - DEBUG - Initializing USB camera
2025-07-21 19:20:38,149 - camera_camera - WARNING - High memory usage (86.3%), triggering garbage collection
2025-07-21 19:20:40,003 - camera_camera - WARNING - High memory usage (86.3%), triggering garbage collection
2025-07-21 19:20:40,065 - camera_camera - DEBUG - Initializing USB camera
2025-07-21 19:20:40,254 - camera_camera - WARNING - High memory usage (86.2%), triggering garbage collection
2025-07-21 19:20:42,059 - camera_camera - WARNING - High memory usage (86.3%), triggering garbage collection
2025-07-21 19:20:42,099 - camera_camera - DEBUG - Initializing USB camera
2025-07-21 19:20:42,307 - camera_camera - WARNING - High memory usage (86.3%), triggering garbage collection
2025-07-21 19:20:44,102 - camera_camera - WARNING - High memory usage (88.7%), triggering garbage collection
2025-07-21 19:20:44,150 - camera_camera - DEBUG - Initializing USB camera
2025-07-21 19:20:44,375 - camera_camera - WARNING - High memory usage (88.9%), triggering garbage collection
2025-07-21 19:20:46,182 - camera_camera - WARNING - High memory usage (89.3%), triggering garbage collection
2025-07-21 19:20:46,226 - camera_camera - DEBUG - Initializing USB camera
2025-07-21 19:20:46,456 - camera_camera - WARNING - High memory usage (89.7%), triggering garbage collection
2025-07-21 19:20:48,246 - camera_camera - WARNING - High memory usage (89.8%), triggering garbage collection
2025-07-21 19:20:48,284 - camera_camera - DEBUG - Initializing USB camera
2025-07-21 19:20:48,520 - camera_camera - WARNING - High memory usage (89.9%), triggering garbage collection
2025-07-21 19:20:49,872 - camera_camera - DEBUG - Performed garbage collection
2025-07-21 19:20:50,306 - camera_camera - WARNING - High memory usage (88.5%), triggering garbage collection
2025-07-21 19:20:50,568 - camera_camera - WARNING - High memory usage (88.5%), triggering garbage collection
2025-07-21 19:20:51,146 - PendingVehiclesPanel - INFO - Refreshing pending vehicles list
2025-07-21 19:20:51,148 - DataManager - INFO - Successfully loaded 76 records from data\Tharuni_Associates_Bheemavaram_data.csv
2025-07-21 19:20:51,149 - PendingVehiclesPanel - INFO - Retrieved 76 total records
2025-07-21 19:20:51,187 - PendingVehiclesPanel - INFO - Found 0 unique pending vehicles, prevented 0 duplicates
2025-07-21 19:20:51,187 - PendingVehiclesPanel - INFO - Successfully refreshed pending list with 0 unique vehicles
2025-07-21 19:20:52,360 - camera_camera - WARNING - High memory usage (88.6%), triggering garbage collection
2025-07-21 19:20:52,629 - camera_camera - WARNING - High memory usage (88.1%), triggering garbage collection
2025-07-21 19:20:54,402 - camera_camera - WARNING - High memory usage (88.1%), triggering garbage collection
2025-07-21 19:20:54,693 - camera_camera - WARNING - High memory usage (88.1%), triggering garbage collection
2025-07-21 19:20:55,327 - camera_camera - DEBUG - Initializing USB camera
2025-07-21 19:20:56,465 - camera_camera - WARNING - High memory usage (88.3%), triggering garbage collection
2025-07-21 19:20:56,751 - camera_camera - WARNING - High memory usage (88.4%), triggering garbage collection
2025-07-21 19:20:57,378 - camera_camera - DEBUG - Initializing USB camera
2025-07-21 19:20:58,545 - camera_camera - WARNING - High memory usage (88.3%), triggering garbage collection
2025-07-21 19:20:58,817 - camera_camera - WARNING - High memory usage (88.2%), triggering garbage collection
2025-07-21 19:20:59,401 - camera_camera - DEBUG - Initializing USB camera
2025-07-21 19:21:00,609 - camera_camera - WARNING - High memory usage (88.1%), triggering garbage collection
2025-07-21 19:21:00,643 - camera_camera - DEBUG - Resource usage - CPU: 11.2%, Memory: 88.1%
2025-07-21 19:21:00,889 - camera_camera - WARNING - High memory usage (88.2%), triggering garbage collection
2025-07-21 19:21:00,936 - camera_camera - DEBUG - Resource usage - CPU: 11.3%, Memory: 88.2%
2025-07-21 19:21:01,441 - camera_camera - DEBUG - Initializing USB camera
2025-07-21 19:21:02,657 - camera_camera - WARNING - High memory usage (88.1%), triggering garbage collection
2025-07-21 19:21:02,953 - camera_camera - WARNING - High memory usage (88.0%), triggering garbage collection
2025-07-21 19:21:03,481 - camera_camera - DEBUG - Initializing USB camera
2025-07-21 19:21:04,703 - camera_camera - WARNING - High memory usage (87.9%), triggering garbage collection
2025-07-21 19:21:05,023 - camera_camera - WARNING - High memory usage (87.8%), triggering garbage collection
2025-07-21 19:21:05,522 - camera_camera - DEBUG - Initializing USB camera
2025-07-21 19:21:06,762 - camera_camera - WARNING - High memory usage (86.9%), triggering garbage collection
2025-07-21 19:21:07,082 - camera_camera - WARNING - High memory usage (86.9%), triggering garbage collection
2025-07-21 19:21:08,824 - camera_camera - WARNING - High memory usage (86.8%), triggering garbage collection
2025-07-21 19:21:09,134 - camera_camera - WARNING - High memory usage (86.7%), triggering garbage collection
2025-07-21 19:21:10,888 - camera_camera - WARNING - High memory usage (86.9%), triggering garbage collection
2025-07-21 19:21:11,201 - camera_camera - WARNING - High memory usage (86.9%), triggering garbage collection
2025-07-21 19:21:12,569 - camera_camera - DEBUG - Initializing USB camera
2025-07-21 19:21:12,937 - camera_camera - WARNING - High memory usage (86.8%), triggering garbage collection
2025-07-21 19:21:13,262 - camera_camera - WARNING - High memory usage (86.8%), triggering garbage collection
2025-07-21 19:21:14,605 - camera_camera - DEBUG - Initializing USB camera
2025-07-21 19:21:14,992 - camera_camera - WARNING - High memory usage (86.4%), triggering garbage collection
2025-07-21 19:21:15,317 - camera_camera - WARNING - High memory usage (86.1%), triggering garbage collection
2025-07-21 19:21:16,647 - camera_camera - DEBUG - Initializing USB camera
2025-07-21 19:21:17,056 - camera_camera - WARNING - High memory usage (85.9%), triggering garbage collection
2025-07-21 19:21:17,361 - camera_camera - WARNING - High memory usage (85.9%), triggering garbage collection
2025-07-21 19:21:18,691 - camera_camera - DEBUG - Initializing USB camera
2025-07-21 19:21:19,133 - camera_camera - WARNING - High memory usage (86.0%), triggering garbage collection
2025-07-21 19:21:19,419 - camera_camera - WARNING - High memory usage (85.9%), triggering garbage collection
2025-07-21 19:21:20,726 - camera_camera - DEBUG - Initializing USB camera
2025-07-21 19:21:21,174 - camera_camera - WARNING - High memory usage (85.9%), triggering garbage collection
2025-07-21 19:21:21,466 - camera_camera - WARNING - High memory usage (85.9%), triggering garbage collection
2025-07-21 19:21:22,758 - camera_camera - DEBUG - Initializing USB camera
2025-07-21 19:21:23,213 - camera_camera - WARNING - High memory usage (86.0%), triggering garbage collection
2025-07-21 19:21:23,508 - camera_camera - WARNING - High memory usage (86.0%), triggering garbage collection
2025-07-21 19:21:25,273 - camera_camera - WARNING - High memory usage (86.0%), triggering garbage collection
2025-07-21 19:21:25,550 - camera_camera - WARNING - High memory usage (86.0%), triggering garbage collection
2025-07-21 19:21:27,341 - camera_camera - WARNING - High memory usage (85.9%), triggering garbage collection
2025-07-21 19:21:27,616 - camera_camera - WARNING - High memory usage (85.9%), triggering garbage collection
2025-07-21 19:21:29,390 - camera_camera - WARNING - High memory usage (85.9%), triggering garbage collection
2025-07-21 19:21:29,711 - camera_camera - WARNING - High memory usage (85.9%), triggering garbage collection
2025-07-21 19:21:29,804 - camera_camera - DEBUG - Initializing USB camera
2025-07-21 19:21:31,437 - camera_camera - WARNING - High memory usage (85.9%), triggering garbage collection
2025-07-21 19:21:31,770 - camera_camera - WARNING - High memory usage (85.8%), triggering garbage collection
2025-07-21 19:21:31,839 - camera_camera - DEBUG - Initializing USB camera
2025-07-21 19:21:33,488 - camera_camera - WARNING - High memory usage (85.8%), triggering garbage collection
2025-07-21 19:21:33,825 - camera_camera - WARNING - High memory usage (85.8%), triggering garbage collection
2025-07-21 19:21:33,873 - camera_camera - DEBUG - Initializing USB camera
2025-07-21 19:21:35,537 - camera_camera - WARNING - High memory usage (85.8%), triggering garbage collection
2025-07-21 19:21:35,883 - camera_camera - WARNING - High memory usage (85.8%), triggering garbage collection
2025-07-21 19:21:35,933 - camera_camera - DEBUG - Initializing USB camera
2025-07-21 19:21:37,581 - camera_camera - WARNING - High memory usage (85.8%), triggering garbage collection
2025-07-21 19:21:37,948 - camera_camera - WARNING - High memory usage (85.7%), triggering garbage collection
2025-07-21 19:21:37,994 - camera_camera - DEBUG - Initializing USB camera
2025-07-21 19:21:39,624 - camera_camera - WARNING - High memory usage (85.8%), triggering garbage collection
2025-07-21 19:21:40,015 - camera_camera - WARNING - High memory usage (85.8%), triggering garbage collection
2025-07-21 19:21:40,048 - camera_camera - DEBUG - Initializing USB camera
2025-07-21 19:21:41,673 - camera_camera - WARNING - High memory usage (85.7%), triggering garbage collection
2025-07-21 19:21:42,069 - camera_camera - WARNING - High memory usage (85.7%), triggering garbage collection
2025-07-21 19:21:43,719 - camera_camera - WARNING - High memory usage (85.7%), triggering garbage collection
2025-07-21 19:21:44,126 - camera_camera - WARNING - High memory usage (85.7%), triggering garbage collection
2025-07-21 19:21:45,783 - camera_camera - WARNING - High memory usage (85.7%), triggering garbage collection
2025-07-21 19:21:46,182 - camera_camera - WARNING - High memory usage (85.7%), triggering garbage collection
2025-07-21 19:21:47,081 - camera_camera - DEBUG - Initializing USB camera
2025-07-21 19:21:47,851 - camera_camera - WARNING - High memory usage (85.7%), triggering garbage collection
2025-07-21 19:21:48,232 - camera_camera - WARNING - High memory usage (85.7%), triggering garbage collection
2025-07-21 19:21:49,104 - camera_camera - DEBUG - Initializing USB camera
2025-07-21 19:21:49,874 - camera_camera - DEBUG - Performed garbage collection
2025-07-21 19:21:49,905 - camera_camera - WARNING - High memory usage (85.8%), triggering garbage collection
2025-07-21 19:21:50,285 - camera_camera - WARNING - High memory usage (85.7%), triggering garbage collection
2025-07-21 19:21:51,138 - camera_camera - DEBUG - Initializing USB camera
2025-07-21 19:21:51,202 - PendingVehiclesPanel - INFO - Refreshing pending vehicles list
2025-07-21 19:21:51,204 - DataManager - INFO - Successfully loaded 76 records from data\Tharuni_Associates_Bheemavaram_data.csv
2025-07-21 19:21:51,205 - PendingVehiclesPanel - INFO - Retrieved 76 total records
2025-07-21 19:21:51,236 - PendingVehiclesPanel - INFO - Found 0 unique pending vehicles, prevented 0 duplicates
2025-07-21 19:21:51,237 - PendingVehiclesPanel - INFO - Successfully refreshed pending list with 0 unique vehicles
2025-07-21 19:21:51,963 - camera_camera - WARNING - High memory usage (85.6%), triggering garbage collection
2025-07-21 19:21:52,331 - camera_camera - WARNING - High memory usage (85.6%), triggering garbage collection
2025-07-21 19:21:53,173 - camera_camera - DEBUG - Initializing USB camera
2025-07-21 19:21:54,026 - camera_camera - WARNING - High memory usage (86.3%), triggering garbage collection
2025-07-21 19:21:54,383 - camera_camera - WARNING - High memory usage (86.2%), triggering garbage collection
2025-07-21 19:21:55,208 - camera_camera - DEBUG - Initializing USB camera
2025-07-21 19:21:56,063 - camera_camera - WARNING - High memory usage (86.1%), triggering garbage collection
2025-07-21 19:21:56,450 - camera_camera - WARNING - High memory usage (86.2%), triggering garbage collection
2025-07-21 19:21:57,267 - camera_camera - DEBUG - Initializing USB camera
2025-07-21 19:21:58,121 - camera_camera - WARNING - High memory usage (86.1%), triggering garbage collection
2025-07-21 19:21:58,505 - camera_camera - WARNING - High memory usage (86.2%), triggering garbage collection
2025-07-21 19:22:00,177 - camera_camera - WARNING - High memory usage (86.1%), triggering garbage collection
2025-07-21 19:22:00,213 - camera_camera - DEBUG - Resource usage - CPU: 11.2%, Memory: 86.1%
2025-07-21 19:22:00,580 - camera_camera - WARNING - High memory usage (86.2%), triggering garbage collection
2025-07-21 19:22:00,615 - camera_camera - DEBUG - Resource usage - CPU: 11.6%, Memory: 86.2%
2025-07-21 19:22:02,239 - camera_camera - WARNING - High memory usage (86.1%), triggering garbage collection
2025-07-21 19:22:02,639 - camera_camera - WARNING - High memory usage (86.2%), triggering garbage collection
2025-07-21 19:22:04,305 - camera_camera - WARNING - High memory usage (86.1%), triggering garbage collection
2025-07-21 19:22:04,354 - camera_camera - DEBUG - Initializing USB camera
2025-07-21 19:22:04,698 - camera_camera - WARNING - High memory usage (86.2%), triggering garbage collection
2025-07-21 19:22:06,394 - camera_camera - DEBUG - Initializing USB camera
2025-07-21 19:22:06,393 - camera_camera - WARNING - High memory usage (86.1%), triggering garbage collection
2025-07-21 19:22:06,750 - camera_camera - WARNING - High memory usage (86.1%), triggering garbage collection
2025-07-21 19:22:08,450 - camera_camera - DEBUG - Initializing USB camera
2025-07-21 19:22:08,449 - camera_camera - WARNING - High memory usage (86.0%), triggering garbage collection
2025-07-21 19:22:08,802 - camera_camera - WARNING - High memory usage (86.2%), triggering garbage collection
2025-07-21 19:22:10,497 - camera_camera - DEBUG - Initializing USB camera
2025-07-21 19:22:10,517 - camera_camera - WARNING - High memory usage (86.1%), triggering garbage collection
2025-07-21 19:22:10,859 - camera_camera - WARNING - High memory usage (86.2%), triggering garbage collection
2025-07-21 19:22:12,550 - camera_camera - DEBUG - Initializing USB camera
2025-07-21 19:22:12,586 - camera_camera - WARNING - High memory usage (86.0%), triggering garbage collection
2025-07-21 19:22:12,928 - camera_camera - WARNING - High memory usage (86.1%), triggering garbage collection
2025-07-21 19:22:14,644 - camera_camera - DEBUG - Initializing USB camera
2025-07-21 19:22:14,645 - camera_camera - WARNING - High memory usage (85.9%), triggering garbage collection
2025-07-21 19:22:14,991 - camera_camera - WARNING - High memory usage (86.1%), triggering garbage collection
2025-07-21 19:22:16,702 - camera_camera - WARNING - High memory usage (86.1%), triggering garbage collection
2025-07-21 19:22:17,066 - camera_camera - WARNING - High memory usage (86.1%), triggering garbage collection
2025-07-21 19:22:18,748 - camera_camera - WARNING - High memory usage (86.0%), triggering garbage collection
2025-07-21 19:22:19,122 - camera_camera - WARNING - High memory usage (86.0%), triggering garbage collection
2025-07-21 19:22:20,826 - camera_camera - WARNING - High memory usage (86.1%), triggering garbage collection
2025-07-21 19:22:21,181 - camera_camera - WARNING - High memory usage (86.1%), triggering garbage collection
2025-07-21 19:22:21,688 - camera_camera - DEBUG - Initializing USB camera
2025-07-21 19:22:22,883 - camera_camera - WARNING - High memory usage (85.5%), triggering garbage collection
2025-07-21 19:22:23,231 - camera_camera - WARNING - High memory usage (85.5%), triggering garbage collection
2025-07-21 19:22:23,726 - camera_camera - DEBUG - Initializing USB camera
2025-07-21 19:22:24,954 - camera_camera - WARNING - High memory usage (85.4%), triggering garbage collection
2025-07-21 19:22:25,294 - camera_camera - WARNING - High memory usage (85.4%), triggering garbage collection
2025-07-21 19:22:25,763 - camera_camera - DEBUG - Initializing USB camera
2025-07-21 19:22:27,038 - camera_camera - WARNING - High memory usage (85.4%), triggering garbage collection
2025-07-21 19:22:27,369 - camera_camera - WARNING - High memory usage (85.4%), triggering garbage collection
2025-07-21 19:22:27,799 - camera_camera - DEBUG - Initializing USB camera
2025-07-21 19:22:29,102 - camera_camera - WARNING - High memory usage (86.1%), triggering garbage collection
2025-07-21 19:22:29,423 - camera_camera - WARNING - High memory usage (86.2%), triggering garbage collection
2025-07-21 19:22:29,837 - camera_camera - DEBUG - Initializing USB camera
2025-07-21 19:22:31,178 - camera_camera - WARNING - High memory usage (86.1%), triggering garbage collection
2025-07-21 19:22:31,463 - camera_camera - WARNING - High memory usage (86.1%), triggering garbage collection
2025-07-21 19:22:31,895 - camera_camera - DEBUG - Initializing USB camera
2025-07-21 19:22:33,252 - camera_camera - WARNING - High memory usage (86.0%), triggering garbage collection
2025-07-21 19:22:33,518 - camera_camera - WARNING - High memory usage (85.9%), triggering garbage collection
2025-07-21 19:22:35,320 - camera_camera - WARNING - High memory usage (86.0%), triggering garbage collection
2025-07-21 19:22:35,573 - camera_camera - WARNING - High memory usage (86.3%), triggering garbage collection
2025-07-21 19:22:37,363 - camera_camera - WARNING - High memory usage (86.7%), triggering garbage collection
2025-07-21 19:22:37,619 - camera_camera - WARNING - High memory usage (86.6%), triggering garbage collection
2025-07-21 19:22:38,934 - camera_camera - DEBUG - Initializing USB camera
2025-07-21 19:22:39,428 - camera_camera - WARNING - High memory usage (86.7%), triggering garbage collection
2025-07-21 19:22:39,684 - camera_camera - WARNING - High memory usage (86.7%), triggering garbage collection
2025-07-21 19:22:40,980 - camera_camera - DEBUG - Initializing USB camera
2025-07-21 19:22:41,467 - camera_camera - WARNING - High memory usage (86.7%), triggering garbage collection
2025-07-21 19:22:41,756 - camera_camera - WARNING - High memory usage (86.7%), triggering garbage collection
2025-07-21 19:22:43,014 - camera_camera - DEBUG - Initializing USB camera
2025-07-21 19:22:43,529 - camera_camera - WARNING - High memory usage (86.6%), triggering garbage collection
2025-07-21 19:22:43,806 - camera_camera - WARNING - High memory usage (86.6%), triggering garbage collection
2025-07-21 19:22:45,073 - camera_camera - DEBUG - Initializing USB camera
2025-07-21 19:22:45,577 - camera_camera - WARNING - High memory usage (86.7%), triggering garbage collection
2025-07-21 19:22:45,881 - camera_camera - WARNING - High memory usage (86.7%), triggering garbage collection
2025-07-21 19:22:47,109 - camera_camera - DEBUG - Initializing USB camera
2025-07-21 19:22:47,624 - camera_camera - WARNING - High memory usage (86.7%), triggering garbage collection
2025-07-21 19:22:47,950 - camera_camera - WARNING - High memory usage (86.7%), triggering garbage collection
2025-07-21 19:22:49,144 - camera_camera - DEBUG - Initializing USB camera
2025-07-21 19:22:49,691 - camera_camera - WARNING - High memory usage (86.7%), triggering garbage collection
2025-07-21 19:22:49,968 - camera_camera - DEBUG - Performed garbage collection
2025-07-21 19:22:50,005 - camera_camera - WARNING - High memory usage (86.7%), triggering garbage collection
2025-07-21 19:22:51,239 - PendingVehiclesPanel - INFO - Refreshing pending vehicles list
2025-07-21 19:22:51,243 - DataManager - INFO - Successfully loaded 76 records from data\Tharuni_Associates_Bheemavaram_data.csv
2025-07-21 19:22:51,245 - PendingVehiclesPanel - INFO - Retrieved 76 total records
2025-07-21 19:22:51,295 - PendingVehiclesPanel - INFO - Found 0 unique pending vehicles, prevented 0 duplicates
2025-07-21 19:22:51,295 - PendingVehiclesPanel - INFO - Successfully refreshed pending list with 0 unique vehicles
2025-07-21 19:22:51,756 - camera_camera - WARNING - High memory usage (86.7%), triggering garbage collection
2025-07-21 19:22:52,043 - camera_camera - WARNING - High memory usage (86.7%), triggering garbage collection
2025-07-21 19:22:53,817 - camera_camera - WARNING - High memory usage (86.9%), triggering garbage collection
2025-07-21 19:22:54,118 - camera_camera - WARNING - High memory usage (86.9%), triggering garbage collection
2025-07-21 19:22:55,882 - camera_camera - WARNING - High memory usage (86.6%), triggering garbage collection
2025-07-21 19:22:56,168 - camera_camera - WARNING - High memory usage (86.6%), triggering garbage collection
2025-07-21 19:22:56,212 - camera_camera - DEBUG - Initializing USB camera
2025-07-21 19:22:57,940 - camera_camera - WARNING - High memory usage (86.5%), triggering garbage collection
2025-07-21 19:22:58,229 - camera_camera - WARNING - High memory usage (86.5%), triggering garbage collection
2025-07-21 19:22:58,260 - camera_camera - DEBUG - Initializing USB camera
2025-07-21 19:23:00,013 - camera_camera - WARNING - High memory usage (85.6%), triggering garbage collection
2025-07-21 19:23:00,047 - camera_camera - DEBUG - Resource usage - CPU: 9.6%, Memory: 85.6%
2025-07-21 19:23:00,286 - camera_camera - WARNING - High memory usage (85.6%), triggering garbage collection
2025-07-21 19:23:00,333 - camera_camera - DEBUG - Initializing USB camera
2025-07-21 19:23:00,333 - camera_camera - DEBUG - Resource usage - CPU: 9.8%, Memory: 85.6%
2025-07-21 19:23:02,065 - camera_camera - WARNING - High memory usage (85.6%), triggering garbage collection
2025-07-21 19:23:02,350 - camera_camera - WARNING - High memory usage (85.6%), triggering garbage collection
2025-07-21 19:23:02,383 - camera_camera - DEBUG - Initializing USB camera
2025-07-21 19:23:04,125 - camera_camera - WARNING - High memory usage (85.6%), triggering garbage collection
2025-07-21 19:23:04,396 - camera_camera - WARNING - High memory usage (85.6%), triggering garbage collection
2025-07-21 19:23:04,428 - camera_camera - DEBUG - Initializing USB camera
2025-07-21 19:23:06,182 - camera_camera - WARNING - High memory usage (85.5%), triggering garbage collection
2025-07-21 19:23:06,461 - camera_camera - DEBUG - Initializing USB camera
2025-07-21 19:23:06,462 - camera_camera - WARNING - High memory usage (85.5%), triggering garbage collection
2025-07-21 19:23:08,233 - camera_camera - WARNING - High memory usage (85.6%), triggering garbage collection
2025-07-21 19:23:08,522 - camera_camera - WARNING - High memory usage (85.6%), triggering garbage collection
2025-07-21 19:23:10,285 - camera_camera - WARNING - High memory usage (85.5%), triggering garbage collection
2025-07-21 19:23:10,569 - camera_camera - WARNING - High memory usage (85.5%), triggering garbage collection
2025-07-21 19:23:12,352 - camera_camera - WARNING - High memory usage (85.5%), triggering garbage collection
2025-07-21 19:23:12,613 - camera_camera - WARNING - High memory usage (85.5%), triggering garbage collection
2025-07-21 19:23:13,505 - camera_camera - DEBUG - Initializing USB camera
2025-07-21 19:23:14,420 - camera_camera - WARNING - High memory usage (85.4%), triggering garbage collection
2025-07-21 19:23:14,663 - camera_camera - WARNING - High memory usage (85.4%), triggering garbage collection
2025-07-21 19:23:15,544 - camera_camera - DEBUG - Initializing USB camera
2025-07-21 19:23:16,494 - camera_camera - WARNING - High memory usage (85.3%), triggering garbage collection
2025-07-21 19:23:16,718 - camera_camera - WARNING - High memory usage (85.3%), triggering garbage collection
2025-07-21 19:23:17,569 - camera_camera - DEBUG - Initializing USB camera
2025-07-21 19:23:18,572 - camera_camera - WARNING - High memory usage (85.3%), triggering garbage collection
2025-07-21 19:23:18,760 - camera_camera - WARNING - High memory usage (85.2%), triggering garbage collection
2025-07-21 19:23:19,600 - camera_camera - DEBUG - Initializing USB camera
2025-07-21 19:23:20,631 - camera_camera - WARNING - High memory usage (85.3%), triggering garbage collection
2025-07-21 19:23:20,829 - camera_camera - WARNING - High memory usage (85.3%), triggering garbage collection
2025-07-21 19:23:21,633 - camera_camera - DEBUG - Initializing USB camera
2025-07-21 19:23:22,696 - camera_camera - WARNING - High memory usage (85.3%), triggering garbage collection
2025-07-21 19:23:22,882 - camera_camera - WARNING - High memory usage (85.2%), triggering garbage collection
2025-07-21 19:23:23,677 - camera_camera - DEBUG - Initializing USB camera
2025-07-21 19:23:24,764 - camera_camera - WARNING - High memory usage (85.3%), triggering garbage collection
2025-07-21 19:23:24,926 - camera_camera - WARNING - High memory usage (85.3%), triggering garbage collection
2025-07-21 19:23:26,809 - camera_camera - WARNING - High memory usage (85.2%), triggering garbage collection
2025-07-21 19:23:26,969 - camera_camera - WARNING - High memory usage (85.2%), triggering garbage collection
2025-07-21 19:23:28,897 - camera_camera - WARNING - High memory usage (85.1%), triggering garbage collection
2025-07-21 19:23:29,019 - camera_camera - WARNING - High memory usage (85.2%), triggering garbage collection
2025-07-21 19:23:30,728 - camera_camera - DEBUG - Initializing USB camera
2025-07-21 19:23:30,958 - camera_camera - WARNING - High memory usage (85.2%), triggering garbage collection
2025-07-21 19:23:31,008 - camera_camera - DEBUG - Resource usage - CPU: 10.8%, Memory: 85.2%
2025-07-21 19:23:31,069 - camera_camera - WARNING - High memory usage (85.2%), triggering garbage collection
2025-07-21 19:23:32,774 - camera_camera - DEBUG - Initializing USB camera
2025-07-21 19:23:33,023 - camera_camera - WARNING - High memory usage (85.1%), triggering garbage collection
2025-07-21 19:23:33,118 - camera_camera - WARNING - High memory usage (85.2%), triggering garbage collection
2025-07-21 19:23:34,804 - camera_camera - DEBUG - Initializing USB camera
2025-07-21 19:23:35,086 - camera_camera - WARNING - High memory usage (85.1%), triggering garbage collection
2025-07-21 19:23:35,168 - camera_camera - WARNING - High memory usage (85.2%), triggering garbage collection
2025-07-21 19:23:36,825 - camera_camera - DEBUG - Initializing USB camera
2025-07-21 19:23:37,140 - camera_camera - WARNING - High memory usage (85.1%), triggering garbage collection
2025-07-21 19:23:37,217 - camera_camera - WARNING - High memory usage (85.2%), triggering garbage collection
2025-07-21 19:23:38,865 - camera_camera - DEBUG - Initializing USB camera
2025-07-21 19:23:39,194 - camera_camera - WARNING - High memory usage (85.1%), triggering garbage collection
2025-07-21 19:23:39,268 - camera_camera - WARNING - High memory usage (85.2%), triggering garbage collection
2025-07-21 19:23:40,889 - camera_camera - DEBUG - Initializing USB camera
2025-07-21 19:23:41,241 - camera_camera - WARNING - High memory usage (85.1%), triggering garbage collection
2025-07-21 19:23:41,330 - camera_camera - WARNING - High memory usage (85.2%), triggering garbage collection
2025-07-21 19:23:43,300 - camera_camera - WARNING - High memory usage (85.1%), triggering garbage collection
2025-07-21 19:23:43,384 - camera_camera - WARNING - High memory usage (85.2%), triggering garbage collection
2025-07-21 19:23:47,383 - camera_camera - WARNING - High memory usage (85.2%), triggering garbage collection
2025-07-21 19:23:47,449 - camera_camera - WARNING - High memory usage (85.2%), triggering garbage collection
2025-07-21 19:23:47,938 - camera_camera - DEBUG - Initializing USB camera
2025-07-21 19:23:49,909 - camera_camera - DEBUG - Performed garbage collection
2025-07-21 19:23:49,979 - camera_camera - DEBUG - Initializing USB camera
2025-07-21 19:23:51,308 - PendingVehiclesPanel - INFO - Refreshing pending vehicles list
2025-07-21 19:23:51,309 - DataManager - INFO - Successfully loaded 76 records from data\Tharuni_Associates_Bheemavaram_data.csv
2025-07-21 19:23:51,310 - PendingVehiclesPanel - INFO - Retrieved 76 total records
2025-07-21 19:23:51,343 - PendingVehiclesPanel - INFO - Found 0 unique pending vehicles, prevented 0 duplicates
2025-07-21 19:23:51,343 - PendingVehiclesPanel - INFO - Successfully refreshed pending list with 0 unique vehicles
2025-07-21 19:23:52,011 - camera_camera - DEBUG - Initializing USB camera
2025-07-21 19:23:54,042 - camera_camera - DEBUG - Initializing USB camera
2025-07-21 19:23:56,086 - camera_camera - DEBUG - Initializing USB camera
2025-07-21 19:23:58,127 - camera_camera - DEBUG - Initializing USB camera
2025-07-21 19:24:05,176 - camera_camera - DEBUG - Initializing USB camera
2025-07-21 19:24:07,213 - camera_camera - DEBUG - Initializing USB camera
2025-07-21 19:24:09,256 - camera_camera - DEBUG - Initializing USB camera
2025-07-21 19:24:11,289 - camera_camera - DEBUG - Initializing USB camera
2025-07-21 19:24:13,335 - camera_camera - DEBUG - Initializing USB camera
2025-07-21 19:24:15,371 - camera_camera - DEBUG - Initializing USB camera
2025-07-21 19:24:22,409 - camera_camera - DEBUG - Initializing USB camera
2025-07-21 19:24:24,458 - camera_camera - DEBUG - Initializing USB camera
2025-07-21 19:24:26,495 - camera_camera - DEBUG - Initializing USB camera
2025-07-21 19:24:28,531 - camera_camera - DEBUG - Initializing USB camera
2025-07-21 19:24:30,564 - camera_camera - DEBUG - Initializing USB camera
2025-07-21 19:24:32,596 - camera_camera - DEBUG - Initializing USB camera
2025-07-21 19:24:35,717 - camera_camera - WARNING - High memory usage (86.1%), triggering garbage collection
2025-07-21 19:24:35,838 - camera_camera - WARNING - High memory usage (86.1%), triggering garbage collection
2025-07-21 19:24:37,775 - camera_camera - WARNING - High memory usage (85.4%), triggering garbage collection
2025-07-21 19:24:37,889 - camera_camera - WARNING - High memory usage (85.4%), triggering garbage collection
2025-07-21 19:24:39,638 - camera_camera - DEBUG - Initializing USB camera
2025-07-21 19:24:39,843 - camera_camera - WARNING - High memory usage (85.4%), triggering garbage collection
2025-07-21 19:24:39,952 - camera_camera - WARNING - High memory usage (85.4%), triggering garbage collection
2025-07-21 19:24:41,665 - camera_camera - DEBUG - Initializing USB camera
2025-07-21 19:24:41,904 - camera_camera - WARNING - High memory usage (85.3%), triggering garbage collection
2025-07-21 19:24:42,003 - camera_camera - WARNING - High memory usage (85.3%), triggering garbage collection
2025-07-21 19:24:43,698 - camera_camera - DEBUG - Initializing USB camera
2025-07-21 19:24:43,981 - camera_camera - WARNING - High memory usage (85.2%), triggering garbage collection
2025-07-21 19:24:44,054 - camera_camera - WARNING - High memory usage (85.2%), triggering garbage collection
2025-07-21 19:24:45,729 - camera_camera - DEBUG - Initializing USB camera
2025-07-21 19:24:46,038 - camera_camera - WARNING - High memory usage (85.4%), triggering garbage collection
2025-07-21 19:24:46,096 - camera_camera - WARNING - High memory usage (85.4%), triggering garbage collection
2025-07-21 19:24:47,778 - camera_camera - DEBUG - Initializing USB camera
2025-07-21 19:24:48,089 - camera_camera - WARNING - High memory usage (85.2%), triggering garbage collection
2025-07-21 19:24:48,137 - camera_camera - WARNING - High memory usage (85.2%), triggering garbage collection
2025-07-21 19:24:49,815 - camera_camera - DEBUG - Initializing USB camera
2025-07-21 19:24:49,945 - camera_camera - DEBUG - Performed garbage collection
2025-07-21 19:24:50,141 - camera_camera - WARNING - High memory usage (85.2%), triggering garbage collection
2025-07-21 19:24:50,204 - camera_camera - WARNING - High memory usage (85.2%), triggering garbage collection
2025-07-21 19:24:51,348 - PendingVehiclesPanel - INFO - Refreshing pending vehicles list
2025-07-21 19:24:51,349 - DataManager - INFO - Successfully loaded 76 records from data\Tharuni_Associates_Bheemavaram_data.csv
2025-07-21 19:24:51,350 - PendingVehiclesPanel - INFO - Retrieved 76 total records
2025-07-21 19:24:51,384 - PendingVehiclesPanel - INFO - Found 0 unique pending vehicles, prevented 0 duplicates
2025-07-21 19:24:51,384 - PendingVehiclesPanel - INFO - Successfully refreshed pending list with 0 unique vehicles
2025-07-21 19:24:52,206 - camera_camera - WARNING - High memory usage (85.2%), triggering garbage collection
2025-07-21 19:24:52,254 - camera_camera - WARNING - High memory usage (85.2%), triggering garbage collection
2025-07-21 19:24:54,256 - camera_camera - WARNING - High memory usage (85.2%), triggering garbage collection
2025-07-21 19:24:54,302 - camera_camera - WARNING - High memory usage (85.2%), triggering garbage collection
2025-07-21 19:24:56,294 - camera_camera - WARNING - High memory usage (85.5%), triggering garbage collection
2025-07-21 19:24:56,368 - camera_camera - WARNING - High memory usage (85.6%), triggering garbage collection
2025-07-21 19:24:56,882 - camera_camera - DEBUG - Initializing USB camera
2025-07-21 19:24:58,356 - camera_camera - WARNING - High memory usage (85.6%), triggering garbage collection
2025-07-21 19:24:58,419 - camera_camera - WARNING - High memory usage (85.6%), triggering garbage collection
2025-07-21 19:24:58,920 - camera_camera - DEBUG - Initializing USB camera
2025-07-21 19:25:00,410 - camera_camera - WARNING - High memory usage (85.6%), triggering garbage collection
2025-07-21 19:25:00,458 - camera_camera - DEBUG - Resource usage - CPU: 10.0%, Memory: 85.6%
2025-07-21 19:25:00,485 - camera_camera - WARNING - High memory usage (85.6%), triggering garbage collection
2025-07-21 19:25:00,519 - camera_camera - DEBUG - Resource usage - CPU: 9.7%, Memory: 85.6%
2025-07-21 19:25:00,957 - camera_camera - DEBUG - Initializing USB camera
2025-07-21 19:25:02,466 - camera_camera - WARNING - High memory usage (85.6%), triggering garbage collection
2025-07-21 19:25:02,535 - camera_camera - WARNING - High memory usage (85.6%), triggering garbage collection
2025-07-21 19:25:03,008 - camera_camera - DEBUG - Initializing USB camera
2025-07-21 19:25:04,522 - camera_camera - WARNING - High memory usage (85.6%), triggering garbage collection
2025-07-21 19:25:04,584 - camera_camera - WARNING - High memory usage (85.6%), triggering garbage collection
2025-07-21 19:25:05,065 - camera_camera - DEBUG - Initializing USB camera
2025-07-21 19:25:06,572 - camera_camera - WARNING - High memory usage (85.5%), triggering garbage collection
2025-07-21 19:25:06,641 - camera_camera - WARNING - High memory usage (85.5%), triggering garbage collection
2025-07-21 19:25:07,091 - camera_camera - DEBUG - Initializing USB camera
2025-07-21 19:25:08,639 - camera_camera - WARNING - High memory usage (85.6%), triggering garbage collection
2025-07-21 19:25:08,699 - camera_camera - WARNING - High memory usage (85.6%), triggering garbage collection
2025-07-21 19:25:10,709 - camera_camera - WARNING - High memory usage (85.6%), triggering garbage collection
2025-07-21 19:25:10,750 - camera_camera - WARNING - High memory usage (85.6%), triggering garbage collection
2025-07-21 19:25:12,766 - camera_camera - WARNING - High memory usage (85.6%), triggering garbage collection
2025-07-21 19:25:12,817 - camera_camera - WARNING - High memory usage (85.5%), triggering garbage collection
2025-07-21 19:25:14,134 - camera_camera - DEBUG - Initializing USB camera
2025-07-21 19:25:14,826 - camera_camera - WARNING - High memory usage (85.5%), triggering garbage collection
2025-07-21 19:25:14,866 - camera_camera - WARNING - High memory usage (85.5%), triggering garbage collection
2025-07-21 19:25:16,177 - camera_camera - DEBUG - Initializing USB camera
2025-07-21 19:25:16,878 - camera_camera - WARNING - High memory usage (85.6%), triggering garbage collection
2025-07-21 19:25:16,932 - camera_camera - WARNING - High memory usage (85.6%), triggering garbage collection
2025-07-21 19:25:18,226 - camera_camera - DEBUG - Initializing USB camera
2025-07-21 19:25:18,935 - camera_camera - WARNING - High memory usage (85.5%), triggering garbage collection
2025-07-21 19:25:18,981 - camera_camera - WARNING - High memory usage (85.5%), triggering garbage collection
2025-07-21 19:25:20,262 - camera_camera - DEBUG - Initializing USB camera
2025-07-21 19:25:20,982 - camera_camera - WARNING - High memory usage (85.5%), triggering garbage collection
2025-07-21 19:25:21,056 - camera_camera - WARNING - High memory usage (85.5%), triggering garbage collection
2025-07-21 19:25:22,304 - camera_camera - DEBUG - Initializing USB camera
2025-07-21 19:25:23,067 - camera_camera - WARNING - High memory usage (85.5%), triggering garbage collection
2025-07-21 19:25:23,105 - camera_camera - WARNING - High memory usage (85.5%), triggering garbage collection
2025-07-21 19:25:24,338 - camera_camera - DEBUG - Initializing USB camera
2025-07-21 19:25:25,116 - camera_camera - WARNING - High memory usage (85.5%), triggering garbage collection
2025-07-21 19:25:25,163 - camera_camera - WARNING - High memory usage (85.4%), triggering garbage collection
2025-07-21 19:25:27,176 - camera_camera - WARNING - High memory usage (85.4%), triggering garbage collection
2025-07-21 19:25:27,230 - camera_camera - WARNING - High memory usage (85.4%), triggering garbage collection
2025-07-21 19:25:29,231 - camera_camera - WARNING - High memory usage (85.4%), triggering garbage collection
2025-07-21 19:25:29,296 - camera_camera - WARNING - High memory usage (85.4%), triggering garbage collection
2025-07-21 19:25:31,307 - camera_camera - WARNING - High memory usage (85.4%), triggering garbage collection
2025-07-21 19:25:31,346 - camera_camera - WARNING - High memory usage (85.4%), triggering garbage collection
2025-07-21 19:25:31,383 - camera_camera - DEBUG - Initializing USB camera
2025-07-21 19:25:33,344 - camera_camera - WARNING - High memory usage (85.4%), triggering garbage collection
2025-07-21 19:25:33,395 - camera_camera - WARNING - High memory usage (85.4%), triggering garbage collection
2025-07-21 19:25:33,431 - camera_camera - DEBUG - Initializing USB camera
2025-07-21 19:25:35,404 - camera_camera - WARNING - High memory usage (85.5%), triggering garbage collection
2025-07-21 19:25:35,445 - camera_camera - WARNING - High memory usage (85.5%), triggering garbage collection
2025-07-21 19:25:35,481 - camera_camera - DEBUG - Initializing USB camera
2025-07-21 19:25:37,455 - camera_camera - WARNING - High memory usage (85.4%), triggering garbage collection
2025-07-21 19:25:37,511 - camera_camera - DEBUG - Initializing USB camera
2025-07-21 19:25:37,512 - camera_camera - WARNING - High memory usage (85.4%), triggering garbage collection
2025-07-21 19:25:39,503 - camera_camera - WARNING - High memory usage (85.4%), triggering garbage collection
2025-07-21 19:25:39,561 - camera_camera - DEBUG - Initializing USB camera
2025-07-21 19:25:39,561 - camera_camera - WARNING - High memory usage (85.4%), triggering garbage collection
2025-07-21 19:25:41,562 - camera_camera - WARNING - High memory usage (85.5%), triggering garbage collection
2025-07-21 19:25:41,610 - camera_camera - DEBUG - Initializing USB camera
2025-07-21 19:25:41,609 - camera_camera - WARNING - High memory usage (85.4%), triggering garbage collection
2025-07-21 19:25:43,608 - camera_camera - WARNING - High memory usage (85.4%), triggering garbage collection
2025-07-21 19:25:43,646 - camera_camera - WARNING - High memory usage (85.4%), triggering garbage collection
2025-07-21 19:25:45,659 - camera_camera - WARNING - High memory usage (85.4%), triggering garbage collection
2025-07-21 19:25:45,711 - camera_camera - WARNING - High memory usage (85.4%), triggering garbage collection
2025-07-21 19:25:47,726 - camera_camera - WARNING - High memory usage (85.1%), triggering garbage collection
2025-07-21 19:25:47,776 - camera_camera - WARNING - High memory usage (85.1%), triggering garbage collection
2025-07-21 19:25:48,655 - camera_camera - DEBUG - Initializing USB camera
2025-07-21 19:25:49,781 - camera_camera - WARNING - High memory usage (85.2%), triggering garbage collection
2025-07-21 19:25:49,825 - camera_camera - WARNING - High memory usage (85.2%), triggering garbage collection
2025-07-21 19:25:50,032 - camera_camera - DEBUG - Performed garbage collection
2025-07-21 19:25:50,693 - camera_camera - DEBUG - Initializing USB camera
2025-07-21 19:25:51,399 - PendingVehiclesPanel - INFO - Refreshing pending vehicles list
2025-07-21 19:25:51,405 - DataManager - INFO - Successfully loaded 76 records from data\Tharuni_Associates_Bheemavaram_data.csv
2025-07-21 19:25:51,407 - PendingVehiclesPanel - INFO - Retrieved 76 total records
2025-07-21 19:25:51,455 - PendingVehiclesPanel - INFO - Found 0 unique pending vehicles, prevented 0 duplicates
2025-07-21 19:25:51,455 - PendingVehiclesPanel - INFO - Successfully refreshed pending list with 0 unique vehicles
2025-07-21 19:25:51,839 - camera_camera - WARNING - High memory usage (85.2%), triggering garbage collection
2025-07-21 19:25:51,882 - camera_camera - WARNING - High memory usage (85.2%), triggering garbage collection
2025-07-21 19:25:52,739 - camera_camera - DEBUG - Initializing USB camera
2025-07-21 19:25:53,896 - camera_camera - WARNING - High memory usage (85.2%), triggering garbage collection
2025-07-21 19:25:53,935 - camera_camera - WARNING - High memory usage (85.2%), triggering garbage collection
2025-07-21 19:25:54,775 - camera_camera - DEBUG - Initializing USB camera
2025-07-21 19:25:55,965 - camera_camera - WARNING - High memory usage (85.2%), triggering garbage collection
2025-07-21 19:25:56,013 - camera_camera - WARNING - High memory usage (85.2%), triggering garbage collection
2025-07-21 19:25:56,803 - camera_camera - DEBUG - Initializing USB camera
2025-07-21 19:25:58,840 - camera_camera - DEBUG - Initializing USB camera
2025-07-21 19:26:00,037 - camera_camera - DEBUG - Resource usage - CPU: 11.2%, Memory: 85.0%
2025-07-21 19:26:00,074 - camera_camera - DEBUG - Resource usage - CPU: 11.5%, Memory: 85.0%
2025-07-21 19:26:02,062 - camera_camera - WARNING - High memory usage (85.1%), triggering garbage collection
2025-07-21 19:26:02,117 - camera_camera - WARNING - High memory usage (85.1%), triggering garbage collection
2025-07-21 19:26:04,129 - camera_camera - WARNING - High memory usage (85.1%), triggering garbage collection
2025-07-21 19:26:04,182 - camera_camera - WARNING - High memory usage (85.1%), triggering garbage collection
2025-07-21 19:26:05,882 - camera_camera - DEBUG - Initializing USB camera
2025-07-21 19:26:06,187 - camera_camera - WARNING - High memory usage (85.1%), triggering garbage collection
2025-07-21 19:26:06,225 - camera_camera - WARNING - High memory usage (85.1%), triggering garbage collection
2025-07-21 19:26:07,922 - camera_camera - DEBUG - Initializing USB camera
2025-07-21 19:26:08,248 - camera_camera - WARNING - High memory usage (85.1%), triggering garbage collection
2025-07-21 19:26:08,302 - camera_camera - WARNING - High memory usage (85.1%), triggering garbage collection
2025-07-21 19:26:09,947 - camera_camera - DEBUG - Initializing USB camera
2025-07-21 19:26:10,315 - camera_camera - WARNING - High memory usage (85.1%), triggering garbage collection
2025-07-21 19:26:10,354 - camera_camera - WARNING - High memory usage (85.1%), triggering garbage collection
2025-07-21 19:26:11,989 - camera_camera - DEBUG - Initializing USB camera
2025-07-21 19:26:12,368 - camera_camera - WARNING - High memory usage (85.2%), triggering garbage collection
2025-07-21 19:26:12,423 - camera_camera - WARNING - High memory usage (85.2%), triggering garbage collection
2025-07-21 19:26:14,025 - camera_camera - DEBUG - Initializing USB camera
2025-07-21 19:26:14,431 - camera_camera - WARNING - High memory usage (85.2%), triggering garbage collection
2025-07-21 19:26:14,488 - camera_camera - WARNING - High memory usage (85.2%), triggering garbage collection
2025-07-21 19:26:16,072 - camera_camera - DEBUG - Initializing USB camera
2025-07-21 19:26:16,481 - camera_camera - WARNING - High memory usage (85.2%), triggering garbage collection
2025-07-21 19:26:16,553 - camera_camera - WARNING - High memory usage (85.2%), triggering garbage collection
2025-07-21 19:26:18,555 - camera_camera - WARNING - High memory usage (85.2%), triggering garbage collection
2025-07-21 19:26:18,620 - camera_camera - WARNING - High memory usage (85.2%), triggering garbage collection
2025-07-21 19:26:20,646 - camera_camera - WARNING - High memory usage (85.1%), triggering garbage collection
2025-07-21 19:26:20,702 - camera_camera - WARNING - High memory usage (85.1%), triggering garbage collection
2025-07-21 19:26:22,702 - camera_camera - WARNING - High memory usage (85.1%), triggering garbage collection
2025-07-21 19:26:22,756 - camera_camera - WARNING - High memory usage (85.1%), triggering garbage collection
2025-07-21 19:26:23,111 - camera_camera - DEBUG - Initializing USB camera
2025-07-21 19:26:25,150 - camera_camera - DEBUG - Initializing USB camera
2025-07-21 19:26:27,188 - camera_camera - DEBUG - Initializing USB camera
2025-07-21 19:26:29,218 - camera_camera - DEBUG - Initializing USB camera
2025-07-21 19:26:30,835 - camera_camera - DEBUG - Resource usage - CPU: 8.7%, Memory: 85.0%
2025-07-21 19:26:30,868 - camera_camera - DEBUG - Resource usage - CPU: 9.4%, Memory: 85.0%
2025-07-21 19:26:31,249 - camera_camera - DEBUG - Initializing USB camera
2025-07-21 19:26:33,286 - camera_camera - DEBUG - Initializing USB camera
2025-07-21 19:26:40,344 - camera_camera - DEBUG - Initializing USB camera
2025-07-21 19:26:42,370 - camera_camera - DEBUG - Initializing USB camera
2025-07-21 19:26:44,421 - camera_camera - DEBUG - Initializing USB camera
2025-07-21 19:26:46,456 - camera_camera - DEBUG - Initializing USB camera
2025-07-21 19:26:48,511 - camera_camera - DEBUG - Initializing USB camera
2025-07-21 19:26:49,985 - camera_camera - DEBUG - Performed garbage collection
2025-07-21 19:26:50,568 - camera_camera - DEBUG - Initializing USB camera
2025-07-21 19:26:51,464 - PendingVehiclesPanel - INFO - Refreshing pending vehicles list
2025-07-21 19:26:51,466 - DataManager - INFO - Successfully loaded 76 records from data\Tharuni_Associates_Bheemavaram_data.csv
2025-07-21 19:26:51,466 - PendingVehiclesPanel - INFO - Retrieved 76 total records
2025-07-21 19:26:51,501 - PendingVehiclesPanel - INFO - Found 0 unique pending vehicles, prevented 0 duplicates
2025-07-21 19:26:51,502 - PendingVehiclesPanel - INFO - Successfully refreshed pending list with 0 unique vehicles
2025-07-21 19:26:52,929 - camera_camera - WARNING - High memory usage (85.1%), triggering garbage collection
2025-07-21 19:26:53,010 - camera_camera - WARNING - High memory usage (85.1%), triggering garbage collection
2025-07-21 19:26:54,990 - camera_camera - WARNING - High memory usage (85.1%), triggering garbage collection
2025-07-21 19:26:57,632 - camera_camera - DEBUG - Initializing USB camera
2025-07-21 19:26:59,656 - camera_camera - DEBUG - Initializing USB camera
2025-07-21 19:27:01,685 - camera_camera - DEBUG - Initializing USB camera
2025-07-21 19:27:03,719 - camera_camera - DEBUG - Initializing USB camera
2025-07-21 19:27:05,768 - camera_camera - DEBUG - Initializing USB camera
2025-07-21 19:27:07,818 - camera_camera - DEBUG - Initializing USB camera
2025-07-21 19:27:14,874 - camera_camera - DEBUG - Initializing USB camera
2025-07-21 19:27:16,921 - camera_camera - DEBUG - Initializing USB camera
2025-07-21 19:27:18,965 - camera_camera - DEBUG - Initializing USB camera
2025-07-21 19:27:21,006 - camera_camera - DEBUG - Initializing USB camera
2025-07-21 19:27:23,049 - camera_camera - DEBUG - Initializing USB camera
2025-07-21 19:27:25,085 - camera_camera - DEBUG - Initializing USB camera
2025-07-21 19:27:30,289 - camera_camera - DEBUG - Resource usage - CPU: 10.6%, Memory: 84.6%
2025-07-21 19:27:32,152 - camera_camera - DEBUG - Initializing USB camera
2025-07-21 19:27:34,195 - camera_camera - DEBUG - Initializing USB camera
2025-07-21 19:27:36,245 - camera_camera - DEBUG - Initializing USB camera
2025-07-21 19:27:38,296 - camera_camera - DEBUG - Initializing USB camera
2025-07-21 19:27:40,339 - camera_camera - DEBUG - Initializing USB camera
2025-07-21 19:27:42,378 - camera_camera - DEBUG - Initializing USB camera
2025-07-21 19:27:49,424 - camera_camera - DEBUG - Initializing USB camera
2025-07-21 19:27:50,018 - camera_camera - DEBUG - Performed garbage collection
2025-07-21 19:27:51,455 - camera_camera - DEBUG - Initializing USB camera
2025-07-21 19:27:51,515 - PendingVehiclesPanel - INFO - Refreshing pending vehicles list
2025-07-21 19:27:51,517 - DataManager - INFO - Successfully loaded 76 records from data\Tharuni_Associates_Bheemavaram_data.csv
2025-07-21 19:27:51,517 - PendingVehiclesPanel - INFO - Retrieved 76 total records
2025-07-21 19:27:51,548 - PendingVehiclesPanel - INFO - Found 0 unique pending vehicles, prevented 0 duplicates
2025-07-21 19:27:51,549 - PendingVehiclesPanel - INFO - Successfully refreshed pending list with 0 unique vehicles
2025-07-21 19:27:53,492 - camera_camera - DEBUG - Initializing USB camera
2025-07-21 19:27:55,539 - camera_camera - DEBUG - Initializing USB camera
2025-07-21 19:27:57,586 - camera_camera - DEBUG - Initializing USB camera
2025-07-21 19:27:59,624 - camera_camera - DEBUG - Initializing USB camera
2025-07-21 19:28:00,498 - camera_camera - DEBUG - Resource usage - CPU: 9.1%, Memory: 84.2%
2025-07-21 19:28:06,691 - camera_camera - DEBUG - Initializing USB camera
2025-07-21 19:28:08,733 - camera_camera - DEBUG - Initializing USB camera
2025-07-21 19:28:10,776 - camera_camera - DEBUG - Initializing USB camera
2025-07-21 19:28:12,808 - camera_camera - DEBUG - Initializing USB camera
2025-07-21 19:28:14,852 - camera_camera - DEBUG - Initializing USB camera
2025-07-21 19:28:16,887 - camera_camera - DEBUG - Initializing USB camera
2025-07-21 19:28:23,943 - camera_camera - DEBUG - Initializing USB camera
2025-07-21 19:28:25,983 - camera_camera - DEBUG - Initializing USB camera
2025-07-21 19:28:28,025 - camera_camera - DEBUG - Initializing USB camera
2025-07-21 19:28:30,056 - camera_camera - DEBUG - Initializing USB camera
2025-07-21 19:28:30,580 - camera_camera - DEBUG - Resource usage - CPU: 6.8%, Memory: 84.2%
2025-07-21 19:28:32,104 - camera_camera - DEBUG - Initializing USB camera
2025-07-21 19:28:34,143 - camera_camera - DEBUG - Initializing USB camera
2025-07-21 19:28:41,186 - camera_camera - DEBUG - Initializing USB camera
2025-07-21 19:28:43,223 - camera_camera - DEBUG - Initializing USB camera
2025-07-21 19:28:45,257 - camera_camera - DEBUG - Initializing USB camera
2025-07-21 19:28:47,290 - camera_camera - DEBUG - Initializing USB camera
2025-07-21 19:28:49,348 - camera_camera - DEBUG - Initializing USB camera
2025-07-21 19:28:50,017 - camera_camera - DEBUG - Performed garbage collection
2025-07-21 19:28:51,378 - camera_camera - DEBUG - Initializing USB camera
2025-07-21 19:28:51,562 - PendingVehiclesPanel - INFO - Refreshing pending vehicles list
2025-07-21 19:28:51,567 - DataManager - INFO - Successfully loaded 76 records from data\Tharuni_Associates_Bheemavaram_data.csv
2025-07-21 19:28:51,568 - PendingVehiclesPanel - INFO - Retrieved 76 total records
2025-07-21 19:28:51,619 - PendingVehiclesPanel - INFO - Found 0 unique pending vehicles, prevented 0 duplicates
2025-07-21 19:28:51,620 - PendingVehiclesPanel - INFO - Successfully refreshed pending list with 0 unique vehicles
2025-07-21 19:28:58,425 - camera_camera - DEBUG - Initializing USB camera
2025-07-21 19:29:00,465 - camera_camera - DEBUG - Initializing USB camera
2025-07-21 19:29:00,672 - camera_camera - DEBUG - Resource usage - CPU: 6.7%, Memory: 84.0%
2025-07-21 19:29:02,500 - camera_camera - DEBUG - Initializing USB camera
2025-07-21 19:29:04,534 - camera_camera - DEBUG - Initializing USB camera
2025-07-21 19:29:06,562 - camera_camera - DEBUG - Initializing USB camera
2025-07-21 19:29:08,612 - camera_camera - DEBUG - Initializing USB camera
2025-07-21 19:29:15,656 - camera_camera - DEBUG - Initializing USB camera
2025-07-21 19:29:17,706 - camera_camera - DEBUG - Initializing USB camera
2025-07-21 19:29:19,748 - camera_camera - DEBUG - Initializing USB camera
2025-07-21 19:29:21,795 - camera_camera - DEBUG - Initializing USB camera
2025-07-21 19:29:23,848 - camera_camera - DEBUG - Initializing USB camera
2025-07-21 19:29:25,875 - camera_camera - DEBUG - Initializing USB camera
2025-07-21 19:29:30,934 - camera_camera - DEBUG - Resource usage - CPU: 7.7%, Memory: 84.2%
2025-07-21 19:29:32,938 - camera_camera - DEBUG - Initializing USB camera
2025-07-21 19:29:34,970 - camera_camera - DEBUG - Initializing USB camera
2025-07-21 19:29:37,014 - camera_camera - DEBUG - Initializing USB camera
2025-07-21 19:29:39,064 - camera_camera - DEBUG - Initializing USB camera
2025-07-21 19:29:41,106 - camera_camera - DEBUG - Initializing USB camera
2025-07-21 19:29:43,144 - camera_camera - DEBUG - Initializing USB camera
2025-07-21 19:29:50,053 - camera_camera - DEBUG - Performed garbage collection
2025-07-21 19:29:50,190 - camera_camera - DEBUG - Initializing USB camera
2025-07-21 19:29:51,622 - PendingVehiclesPanel - INFO - Refreshing pending vehicles list
2025-07-21 19:29:51,629 - DataManager - INFO - Successfully loaded 76 records from data\Tharuni_Associates_Bheemavaram_data.csv
2025-07-21 19:29:51,630 - PendingVehiclesPanel - INFO - Retrieved 76 total records
2025-07-21 19:29:51,678 - PendingVehiclesPanel - INFO - Found 0 unique pending vehicles, prevented 0 duplicates
2025-07-21 19:29:51,679 - PendingVehiclesPanel - INFO - Successfully refreshed pending list with 0 unique vehicles
2025-07-21 19:29:52,227 - camera_camera - DEBUG - Initializing USB camera
2025-07-21 19:29:54,269 - camera_camera - DEBUG - Initializing USB camera
2025-07-21 19:29:56,309 - camera_camera - DEBUG - Initializing USB camera
2025-07-21 19:29:58,339 - camera_camera - DEBUG - Initializing USB camera
2025-07-21 19:30:00,369 - camera_camera - DEBUG - Initializing USB camera
2025-07-21 19:30:07,415 - camera_camera - DEBUG - Initializing USB camera
2025-07-21 19:30:09,447 - camera_camera - DEBUG - Initializing USB camera
2025-07-21 19:30:11,514 - camera_camera - DEBUG - Initializing USB camera
2025-07-21 19:30:13,555 - camera_camera - DEBUG - Initializing USB camera
2025-07-21 19:30:15,591 - camera_camera - DEBUG - Initializing USB camera
2025-07-21 19:30:17,640 - camera_camera - DEBUG - Initializing USB camera
2025-07-21 19:30:24,693 - camera_camera - DEBUG - Initializing USB camera
2025-07-21 19:30:26,722 - camera_camera - DEBUG - Initializing USB camera
2025-07-21 19:30:28,759 - camera_camera - DEBUG - Initializing USB camera
2025-07-21 19:30:30,153 - camera_camera - DEBUG - Resource usage - CPU: 6.4%, Memory: 82.8%
2025-07-21 19:30:30,787 - camera_camera - DEBUG - Initializing USB camera
2025-07-21 19:30:32,824 - camera_camera - DEBUG - Initializing USB camera
2025-07-21 19:30:34,872 - camera_camera - DEBUG - Initializing USB camera
2025-07-21 19:30:41,922 - camera_camera - DEBUG - Initializing USB camera
2025-07-21 19:30:43,982 - camera_camera - DEBUG - Initializing USB camera
2025-07-21 19:30:46,040 - camera_camera - DEBUG - Initializing USB camera
2025-07-21 19:30:48,088 - camera_camera - DEBUG - Initializing USB camera
2025-07-21 19:30:50,068 - camera_camera - DEBUG - Performed garbage collection
2025-07-21 19:30:50,112 - camera_camera - DEBUG - Initializing USB camera
2025-07-21 19:30:51,698 - PendingVehiclesPanel - INFO - Refreshing pending vehicles list
2025-07-21 19:30:51,706 - DataManager - INFO - Successfully loaded 76 records from data\Tharuni_Associates_Bheemavaram_data.csv
2025-07-21 19:30:51,706 - PendingVehiclesPanel - INFO - Retrieved 76 total records
2025-07-21 19:30:51,738 - PendingVehiclesPanel - INFO - Found 0 unique pending vehicles, prevented 0 duplicates
2025-07-21 19:30:51,739 - PendingVehiclesPanel - INFO - Successfully refreshed pending list with 0 unique vehicles
2025-07-21 19:30:52,136 - camera_camera - DEBUG - Initializing USB camera
2025-07-21 19:30:59,186 - camera_camera - DEBUG - Initializing USB camera
2025-07-21 19:31:00,349 - camera_camera - DEBUG - Resource usage - CPU: 8.9%, Memory: 82.7%
2025-07-21 19:31:01,225 - camera_camera - DEBUG - Initializing USB camera
2025-07-21 19:31:03,262 - camera_camera - DEBUG - Initializing USB camera
2025-07-21 19:31:05,288 - camera_camera - DEBUG - Initializing USB camera
2025-07-21 19:31:07,340 - camera_camera - DEBUG - Initializing USB camera
2025-07-21 19:31:09,377 - camera_camera - DEBUG - Initializing USB camera
2025-07-21 19:31:16,411 - camera_camera - DEBUG - Initializing USB camera
2025-07-21 19:31:18,453 - camera_camera - DEBUG - Initializing USB camera
2025-07-21 19:31:20,493 - camera_camera - DEBUG - Initializing USB camera
2025-07-21 19:31:22,536 - camera_camera - DEBUG - Initializing USB camera
2025-07-21 19:31:24,577 - camera_camera - DEBUG - Initializing USB camera
2025-07-21 19:31:26,616 - camera_camera - DEBUG - Initializing USB camera
2025-07-21 19:31:30,523 - camera_camera - DEBUG - Resource usage - CPU: 6.6%, Memory: 82.9%
2025-07-21 19:31:33,654 - camera_camera - DEBUG - Initializing USB camera
2025-07-21 19:31:35,682 - camera_camera - DEBUG - Initializing USB camera
2025-07-21 19:31:37,720 - camera_camera - DEBUG - Initializing USB camera
2025-07-21 19:31:39,758 - camera_camera - DEBUG - Initializing USB camera
2025-07-21 19:31:41,795 - camera_camera - DEBUG - Initializing USB camera
2025-07-21 19:31:43,852 - camera_camera - DEBUG - Initializing USB camera
2025-07-21 19:31:50,100 - camera_camera - DEBUG - Performed garbage collection
2025-07-21 19:31:50,888 - camera_camera - DEBUG - Initializing USB camera
2025-07-21 19:31:51,760 - PendingVehiclesPanel - INFO - Refreshing pending vehicles list
2025-07-21 19:31:51,765 - DataManager - INFO - Successfully loaded 76 records from data\Tharuni_Associates_Bheemavaram_data.csv
2025-07-21 19:31:51,765 - PendingVehiclesPanel - INFO - Retrieved 76 total records
2025-07-21 19:31:51,799 - PendingVehiclesPanel - INFO - Found 0 unique pending vehicles, prevented 0 duplicates
2025-07-21 19:31:51,800 - PendingVehiclesPanel - INFO - Successfully refreshed pending list with 0 unique vehicles
2025-07-21 19:31:52,931 - camera_camera - DEBUG - Initializing USB camera
2025-07-21 19:31:54,968 - camera_camera - DEBUG - Initializing USB camera
2025-07-21 19:31:57,016 - camera_camera - DEBUG - Initializing USB camera
2025-07-21 19:31:59,061 - camera_camera - DEBUG - Initializing USB camera
2025-07-21 19:32:00,791 - camera_camera - DEBUG - Resource usage - CPU: 8.8%, Memory: 82.9%
2025-07-21 19:32:01,094 - camera_camera - DEBUG - Initializing USB camera
2025-07-21 19:32:08,151 - camera_camera - DEBUG - Initializing USB camera
2025-07-21 19:32:10,181 - camera_camera - DEBUG - Initializing USB camera
2025-07-21 19:32:12,228 - camera_camera - DEBUG - Initializing USB camera
2025-07-21 19:32:14,264 - camera_camera - DEBUG - Initializing USB camera
2025-07-21 19:32:16,307 - camera_camera - DEBUG - Initializing USB camera
2025-07-21 19:32:18,345 - camera_camera - DEBUG - Initializing USB camera
2025-07-21 19:32:25,394 - camera_camera - DEBUG - Initializing USB camera
2025-07-21 19:32:27,432 - camera_camera - DEBUG - Initializing USB camera
2025-07-21 19:32:29,473 - camera_camera - DEBUG - Initializing USB camera
2025-07-21 19:32:30,864 - camera_camera - DEBUG - Resource usage - CPU: 7.7%, Memory: 82.8%
2025-07-21 19:32:31,511 - camera_camera - DEBUG - Initializing USB camera
2025-07-21 19:32:33,555 - camera_camera - DEBUG - Initializing USB camera
2025-07-21 19:32:35,588 - camera_camera - DEBUG - Initializing USB camera
2025-07-21 19:32:42,627 - camera_camera - DEBUG - Initializing USB camera
2025-07-21 19:32:44,663 - camera_camera - DEBUG - Initializing USB camera
2025-07-21 19:32:46,698 - camera_camera - DEBUG - Initializing USB camera
2025-07-21 19:32:48,735 - camera_camera - DEBUG - Initializing USB camera
2025-07-21 19:32:50,098 - camera_camera - DEBUG - Performed garbage collection
2025-07-21 19:32:50,786 - camera_camera - DEBUG - Initializing USB camera
2025-07-21 19:32:51,810 - PendingVehiclesPanel - INFO - Refreshing pending vehicles list
2025-07-21 19:32:51,812 - DataManager - INFO - Successfully loaded 76 records from data\Tharuni_Associates_Bheemavaram_data.csv
2025-07-21 19:32:51,813 - PendingVehiclesPanel - INFO - Retrieved 76 total records
2025-07-21 19:32:51,847 - PendingVehiclesPanel - INFO - Found 0 unique pending vehicles, prevented 0 duplicates
2025-07-21 19:32:51,847 - PendingVehiclesPanel - INFO - Successfully refreshed pending list with 0 unique vehicles
2025-07-21 19:32:52,823 - camera_camera - DEBUG - Initializing USB camera
2025-07-21 19:32:59,864 - camera_camera - DEBUG - Initializing USB camera
2025-07-21 19:33:00,007 - camera_camera - DEBUG - Resource usage - CPU: 8.5%, Memory: 83.1%
2025-07-21 19:33:01,898 - camera_camera - DEBUG - Initializing USB camera
2025-07-21 19:33:03,941 - camera_camera - DEBUG - Initializing USB camera
2025-07-21 19:33:05,970 - camera_camera - DEBUG - Initializing USB camera
2025-07-21 19:33:08,008 - camera_camera - DEBUG - Initializing USB camera
2025-07-21 19:33:10,039 - camera_camera - DEBUG - Initializing USB camera
2025-07-21 19:33:17,096 - camera_camera - DEBUG - Initializing USB camera
2025-07-21 19:33:19,138 - camera_camera - DEBUG - Initializing USB camera
2025-07-21 19:33:21,189 - camera_camera - DEBUG - Initializing USB camera
2025-07-21 19:33:23,234 - camera_camera - DEBUG - Initializing USB camera
2025-07-21 19:33:25,268 - camera_camera - DEBUG - Initializing USB camera
2025-07-21 19:33:27,298 - camera_camera - DEBUG - Initializing USB camera
2025-07-21 19:33:30,212 - camera_camera - DEBUG - Resource usage - CPU: 7.3%, Memory: 83.1%
2025-07-21 19:33:34,356 - camera_camera - DEBUG - Initializing USB camera
2025-07-21 19:33:36,386 - camera_camera - DEBUG - Initializing USB camera
2025-07-21 19:33:38,429 - camera_camera - DEBUG - Initializing USB camera
2025-07-21 19:33:40,466 - camera_camera - DEBUG - Initializing USB camera
2025-07-21 19:33:42,500 - camera_camera - DEBUG - Initializing USB camera
2025-07-21 19:33:44,542 - camera_camera - DEBUG - Initializing USB camera
2025-07-21 19:33:50,124 - camera_camera - DEBUG - Performed garbage collection
2025-07-21 19:33:51,590 - camera_camera - DEBUG - Initializing USB camera
2025-07-21 19:33:51,856 - PendingVehiclesPanel - INFO - Refreshing pending vehicles list
2025-07-21 19:33:51,861 - DataManager - INFO - Successfully loaded 76 records from data\Tharuni_Associates_Bheemavaram_data.csv
2025-07-21 19:33:51,862 - PendingVehiclesPanel - INFO - Retrieved 76 total records
2025-07-21 19:33:51,911 - PendingVehiclesPanel - INFO - Found 0 unique pending vehicles, prevented 0 duplicates
2025-07-21 19:33:51,912 - PendingVehiclesPanel - INFO - Successfully refreshed pending list with 0 unique vehicles
2025-07-21 19:33:53,624 - camera_camera - DEBUG - Initializing USB camera
2025-07-21 19:33:55,657 - camera_camera - DEBUG - Initializing USB camera
2025-07-21 19:33:57,697 - camera_camera - DEBUG - Initializing USB camera
2025-07-21 19:33:59,733 - camera_camera - DEBUG - Initializing USB camera
2025-07-21 19:34:00,292 - camera_camera - DEBUG - Resource usage - CPU: 7.3%, Memory: 83.1%
2025-07-21 19:34:01,767 - camera_camera - DEBUG - Initializing USB camera
2025-07-21 19:34:08,824 - camera_camera - DEBUG - Initializing USB camera
2025-07-21 19:34:10,854 - camera_camera - DEBUG - Initializing USB camera
2025-07-21 19:34:12,899 - camera_camera - DEBUG - Initializing USB camera
2025-07-21 19:34:14,928 - camera_camera - DEBUG - Initializing USB camera
2025-07-21 19:34:16,965 - camera_camera - DEBUG - Initializing USB camera
2025-07-21 19:34:19,008 - camera_camera - DEBUG - Initializing USB camera
2025-07-21 19:34:26,050 - camera_camera - DEBUG - Initializing USB camera
2025-07-21 19:34:28,082 - camera_camera - DEBUG - Initializing USB camera
2025-07-21 19:34:30,118 - camera_camera - DEBUG - Initializing USB camera
2025-07-21 19:34:30,368 - camera_camera - DEBUG - Resource usage - CPU: 6.6%, Memory: 82.9%
2025-07-21 19:34:32,149 - camera_camera - DEBUG - Initializing USB camera
2025-07-21 19:34:34,187 - camera_camera - DEBUG - Initializing USB camera
2025-07-21 19:34:36,212 - camera_camera - DEBUG - Initializing USB camera
2025-07-21 19:34:43,255 - camera_camera - DEBUG - Initializing USB camera
2025-07-21 19:34:45,298 - camera_camera - DEBUG - Initializing USB camera
2025-07-21 19:34:47,330 - camera_camera - DEBUG - Initializing USB camera
2025-07-21 19:34:49,352 - camera_camera - DEBUG - Initializing USB camera
2025-07-21 19:34:50,145 - camera_camera - DEBUG - Performed garbage collection
2025-07-21 19:34:51,400 - camera_camera - DEBUG - Initializing USB camera
2025-07-21 19:34:51,925 - PendingVehiclesPanel - INFO - Refreshing pending vehicles list
2025-07-21 19:34:51,930 - DataManager - INFO - Successfully loaded 76 records from data\Tharuni_Associates_Bheemavaram_data.csv
2025-07-21 19:34:51,930 - PendingVehiclesPanel - INFO - Retrieved 76 total records
2025-07-21 19:34:51,962 - PendingVehiclesPanel - INFO - Found 0 unique pending vehicles, prevented 0 duplicates
2025-07-21 19:34:51,963 - PendingVehiclesPanel - INFO - Successfully refreshed pending list with 0 unique vehicles
2025-07-21 19:34:53,436 - camera_camera - DEBUG - Initializing USB camera
2025-07-21 19:35:00,499 - camera_camera - DEBUG - Initializing USB camera
2025-07-21 19:35:00,554 - camera_camera - DEBUG - Resource usage - CPU: 7.0%, Memory: 83.8%
2025-07-21 19:35:02,542 - camera_camera - DEBUG - Initializing USB camera
2025-07-21 19:35:04,567 - camera_camera - DEBUG - Initializing USB camera
2025-07-21 19:35:06,610 - camera_camera - DEBUG - Initializing USB camera
2025-07-21 19:35:08,662 - camera_camera - DEBUG - Initializing USB camera
2025-07-21 19:35:10,689 - camera_camera - DEBUG - Initializing USB camera
2025-07-21 19:35:17,742 - camera_camera - DEBUG - Initializing USB camera
2025-07-21 19:35:19,788 - camera_camera - DEBUG - Initializing USB camera
2025-07-21 19:35:21,843 - camera_camera - DEBUG - Initializing USB camera
2025-07-21 19:35:23,879 - camera_camera - DEBUG - Initializing USB camera
2025-07-21 19:35:25,921 - camera_camera - DEBUG - Initializing USB camera
2025-07-21 19:35:27,960 - camera_camera - DEBUG - Initializing USB camera
2025-07-21 19:35:30,725 - camera_camera - DEBUG - Resource usage - CPU: 7.4%, Memory: 83.1%
2025-07-21 19:35:35,027 - camera_camera - DEBUG - Initializing USB camera
2025-07-21 19:35:37,064 - camera_camera - DEBUG - Initializing USB camera
2025-07-21 19:35:39,095 - camera_camera - DEBUG - Initializing USB camera
2025-07-21 19:35:41,146 - camera_camera - DEBUG - Initializing USB camera
2025-07-21 19:35:43,185 - camera_camera - DEBUG - Initializing USB camera
2025-07-21 19:35:45,223 - camera_camera - DEBUG - Initializing USB camera
2025-07-21 19:35:50,243 - camera_camera - DEBUG - Performed garbage collection
2025-07-21 19:35:51,975 - PendingVehiclesPanel - INFO - Refreshing pending vehicles list
2025-07-21 19:35:51,976 - DataManager - INFO - Successfully loaded 76 records from data\Tharuni_Associates_Bheemavaram_data.csv
2025-07-21 19:35:51,977 - PendingVehiclesPanel - INFO - Retrieved 76 total records
2025-07-21 19:35:52,010 - PendingVehiclesPanel - INFO - Found 0 unique pending vehicles, prevented 0 duplicates
2025-07-21 19:35:52,010 - PendingVehiclesPanel - INFO - Successfully refreshed pending list with 0 unique vehicles
2025-07-21 19:35:52,274 - camera_camera - DEBUG - Initializing USB camera
2025-07-21 19:35:54,322 - camera_camera - DEBUG - Initializing USB camera
2025-07-21 19:35:56,371 - camera_camera - DEBUG - Initializing USB camera
2025-07-21 19:35:58,407 - camera_camera - DEBUG - Initializing USB camera
2025-07-21 19:36:00,445 - camera_camera - DEBUG - Initializing USB camera
2025-07-21 19:36:00,865 - camera_camera - DEBUG - Resource usage - CPU: 8.5%, Memory: 83.3%
2025-07-21 19:36:02,472 - camera_camera - DEBUG - Initializing USB camera
2025-07-21 19:36:09,517 - camera_camera - DEBUG - Initializing USB camera
2025-07-21 19:36:11,555 - camera_camera - DEBUG - Initializing USB camera
2025-07-21 19:36:13,591 - camera_camera - DEBUG - Initializing USB camera
2025-07-21 19:36:15,666 - camera_camera - DEBUG - Initializing USB camera
2025-07-21 19:36:17,720 - camera_camera - DEBUG - Initializing USB camera
2025-07-21 19:36:19,763 - camera_camera - DEBUG - Initializing USB camera
2025-07-21 19:36:26,803 - camera_camera - DEBUG - Initializing USB camera
2025-07-21 19:36:28,854 - camera_camera - DEBUG - Initializing USB camera
2025-07-21 19:36:30,078 - camera_camera - DEBUG - Resource usage - CPU: 7.9%, Memory: 83.2%
2025-07-21 19:36:30,890 - camera_camera - DEBUG - Initializing USB camera
2025-07-21 19:36:32,935 - camera_camera - DEBUG - Initializing USB camera
2025-07-21 19:36:34,978 - camera_camera - DEBUG - Initializing USB camera
2025-07-21 19:36:37,031 - camera_camera - DEBUG - Initializing USB camera
2025-07-21 19:36:44,088 - camera_camera - DEBUG - Initializing USB camera
2025-07-21 19:36:46,128 - camera_camera - DEBUG - Initializing USB camera
2025-07-21 19:36:48,168 - camera_camera - DEBUG - Initializing USB camera
2025-07-21 19:36:50,195 - camera_camera - DEBUG - Performed garbage collection
2025-07-21 19:36:50,222 - camera_camera - DEBUG - Initializing USB camera
2025-07-21 19:36:52,019 - PendingVehiclesPanel - INFO - Refreshing pending vehicles list
2025-07-21 19:36:52,025 - DataManager - INFO - Successfully loaded 76 records from data\Tharuni_Associates_Bheemavaram_data.csv
2025-07-21 19:36:52,027 - PendingVehiclesPanel - INFO - Retrieved 76 total records
2025-07-21 19:36:52,078 - PendingVehiclesPanel - INFO - Found 0 unique pending vehicles, prevented 0 duplicates
2025-07-21 19:36:52,079 - PendingVehiclesPanel - INFO - Successfully refreshed pending list with 0 unique vehicles
2025-07-21 19:36:52,248 - camera_camera - DEBUG - Initializing USB camera
2025-07-21 19:36:54,286 - camera_camera - DEBUG - Initializing USB camera
2025-07-21 19:37:00,358 - camera_camera - DEBUG - Resource usage - CPU: 8.3%, Memory: 83.4%
2025-07-21 19:37:01,358 - camera_camera - DEBUG - Initializing USB camera
2025-07-21 19:37:03,396 - camera_camera - DEBUG - Initializing USB camera
2025-07-21 19:37:05,431 - camera_camera - DEBUG - Initializing USB camera
2025-07-21 19:37:07,480 - camera_camera - DEBUG - Initializing USB camera
2025-07-21 19:37:09,526 - camera_camera - DEBUG - Initializing USB camera
2025-07-21 19:37:11,583 - camera_camera - DEBUG - Initializing USB camera
2025-07-21 19:37:18,614 - camera_camera - DEBUG - Initializing USB camera
2025-07-21 19:37:20,644 - camera_camera - DEBUG - Initializing USB camera
2025-07-21 19:37:22,678 - camera_camera - DEBUG - Initializing USB camera
2025-07-21 19:37:24,701 - camera_camera - DEBUG - Initializing USB camera
2025-07-21 19:37:26,724 - camera_camera - DEBUG - Initializing USB camera
2025-07-21 19:37:28,772 - camera_camera - DEBUG - Initializing USB camera
2025-07-21 19:37:30,431 - camera_camera - DEBUG - Resource usage - CPU: 8.9%, Memory: 83.3%
2025-07-21 19:37:35,824 - camera_camera - DEBUG - Initializing USB camera
2025-07-21 19:37:37,860 - camera_camera - DEBUG - Initializing USB camera
2025-07-21 19:37:39,896 - camera_camera - DEBUG - Initializing USB camera
2025-07-21 19:37:41,927 - camera_camera - DEBUG - Initializing USB camera
2025-07-21 19:37:43,976 - camera_camera - DEBUG - Initializing USB camera
2025-07-21 19:37:46,027 - camera_camera - DEBUG - Initializing USB camera
2025-07-21 19:37:50,228 - camera_camera - DEBUG - Performed garbage collection
2025-07-21 19:37:52,080 - PendingVehiclesPanel - INFO - Refreshing pending vehicles list
2025-07-21 19:37:52,084 - DataManager - INFO - Successfully loaded 76 records from data\Tharuni_Associates_Bheemavaram_data.csv
2025-07-21 19:37:52,086 - PendingVehiclesPanel - INFO - Retrieved 76 total records
2025-07-21 19:37:52,124 - PendingVehiclesPanel - INFO - Found 0 unique pending vehicles, prevented 0 duplicates
2025-07-21 19:37:52,125 - PendingVehiclesPanel - INFO - Successfully refreshed pending list with 0 unique vehicles
2025-07-21 19:37:53,081 - camera_camera - DEBUG - Initializing USB camera
2025-07-21 19:37:55,117 - camera_camera - DEBUG - Initializing USB camera
2025-07-21 19:37:57,144 - camera_camera - DEBUG - Initializing USB camera
2025-07-21 19:37:59,174 - camera_camera - DEBUG - Initializing USB camera
2025-07-21 19:38:00,505 - camera_camera - DEBUG - Resource usage - CPU: 8.3%, Memory: 83.0%
2025-07-21 19:38:01,219 - camera_camera - DEBUG - Initializing USB camera
2025-07-21 19:38:03,309 - camera_camera - DEBUG - Initializing USB camera
2025-07-21 19:38:10,355 - camera_camera - DEBUG - Initializing USB camera
2025-07-21 19:38:12,394 - camera_camera - DEBUG - Initializing USB camera
2025-07-21 19:38:14,432 - camera_camera - DEBUG - Initializing USB camera
2025-07-21 19:38:16,466 - camera_camera - DEBUG - Initializing USB camera
2025-07-21 19:38:18,499 - camera_camera - DEBUG - Initializing USB camera
2025-07-21 19:38:20,531 - camera_camera - DEBUG - Initializing USB camera
2025-07-21 19:38:27,570 - camera_camera - DEBUG - Initializing USB camera
2025-07-21 19:38:29,602 - camera_camera - DEBUG - Initializing USB camera
2025-07-21 19:38:30,703 - camera_camera - DEBUG - Resource usage - CPU: 7.6%, Memory: 82.3%
2025-07-21 19:38:31,635 - camera_camera - DEBUG - Initializing USB camera
2025-07-21 19:38:33,682 - camera_camera - DEBUG - Initializing USB camera
2025-07-21 19:38:35,705 - camera_camera - DEBUG - Initializing USB camera
2025-07-21 19:38:37,732 - camera_camera - DEBUG - Initializing USB camera
2025-07-21 19:38:44,791 - camera_camera - DEBUG - Initializing USB camera
2025-07-21 19:38:46,825 - camera_camera - DEBUG - Initializing USB camera
2025-07-21 19:38:48,853 - camera_camera - DEBUG - Initializing USB camera
2025-07-21 19:38:50,286 - camera_camera - DEBUG - Performed garbage collection
2025-07-21 19:38:50,882 - camera_camera - DEBUG - Initializing USB camera
2025-07-21 19:38:52,130 - PendingVehiclesPanel - INFO - Refreshing pending vehicles list
2025-07-21 19:38:52,136 - DataManager - INFO - Successfully loaded 76 records from data\Tharuni_Associates_Bheemavaram_data.csv
2025-07-21 19:38:52,136 - PendingVehiclesPanel - INFO - Retrieved 76 total records
2025-07-21 19:38:52,170 - PendingVehiclesPanel - INFO - Found 0 unique pending vehicles, prevented 0 duplicates
2025-07-21 19:38:52,170 - PendingVehiclesPanel - INFO - Successfully refreshed pending list with 0 unique vehicles
2025-07-21 19:38:52,929 - camera_camera - DEBUG - Initializing USB camera
2025-07-21 19:38:54,980 - camera_camera - DEBUG - Initializing USB camera
2025-07-21 19:39:00,860 - camera_camera - DEBUG - Resource usage - CPU: 7.6%, Memory: 82.4%
2025-07-21 19:39:02,023 - camera_camera - DEBUG - Initializing USB camera
2025-07-21 19:39:04,063 - camera_camera - DEBUG - Initializing USB camera
2025-07-21 19:39:06,099 - camera_camera - DEBUG - Initializing USB camera
2025-07-21 19:39:08,132 - camera_camera - DEBUG - Initializing USB camera
2025-07-21 19:39:10,174 - camera_camera - DEBUG - Initializing USB camera
2025-07-21 19:39:12,198 - camera_camera - DEBUG - Initializing USB camera
2025-07-21 19:39:19,239 - camera_camera - DEBUG - Initializing USB camera
2025-07-21 19:39:21,283 - camera_camera - DEBUG - Initializing USB camera
2025-07-21 19:39:23,313 - camera_camera - DEBUG - Initializing USB camera
2025-07-21 19:39:25,349 - camera_camera - DEBUG - Initializing USB camera
2025-07-21 19:39:27,399 - camera_camera - DEBUG - Initializing USB camera
2025-07-21 19:39:29,447 - camera_camera - DEBUG - Initializing USB camera
2025-07-21 19:39:30,138 - camera_camera - DEBUG - Resource usage - CPU: 7.1%, Memory: 82.5%
2025-07-21 19:39:30,938 - camera_camera - DEBUG - Resource usage - CPU: 7.4%, Memory: 82.5%
2025-07-21 19:39:36,487 - camera_camera - DEBUG - Initializing USB camera
2025-07-21 19:39:38,511 - camera_camera - DEBUG - Initializing USB camera
2025-07-21 19:39:40,556 - camera_camera - DEBUG - Initializing USB camera
2025-07-21 19:39:42,592 - camera_camera - DEBUG - Initializing USB camera
2025-07-21 19:39:44,619 - camera_camera - DEBUG - Initializing USB camera
2025-07-21 19:39:46,647 - camera_camera - DEBUG - Initializing USB camera
2025-07-21 19:39:50,198 - camera_camera - WARNING - High memory usage (85.4%), triggering garbage collection
2025-07-21 19:39:50,284 - camera_camera - DEBUG - Performed garbage collection
2025-07-21 19:39:50,992 - camera_camera - WARNING - High memory usage (85.5%), triggering garbage collection
2025-07-21 19:39:52,176 - PendingVehiclesPanel - INFO - Refreshing pending vehicles list
2025-07-21 19:39:52,180 - DataManager - INFO - Successfully loaded 76 records from data\Tharuni_Associates_Bheemavaram_data.csv
2025-07-21 19:39:52,180 - PendingVehiclesPanel - INFO - Retrieved 76 total records
2025-07-21 19:39:52,223 - PendingVehiclesPanel - INFO - Found 0 unique pending vehicles, prevented 0 duplicates
2025-07-21 19:39:52,225 - PendingVehiclesPanel - INFO - Successfully refreshed pending list with 0 unique vehicles
2025-07-21 19:39:52,259 - camera_camera - WARNING - High memory usage (86.8%), triggering garbage collection
2025-07-21 19:39:53,043 - camera_camera - WARNING - High memory usage (86.8%), triggering garbage collection
2025-07-21 19:39:53,692 - camera_camera - DEBUG - Initializing USB camera
2025-07-21 19:39:54,345 - camera_camera - WARNING - High memory usage (86.6%), triggering garbage collection
2025-07-21 19:39:55,103 - camera_camera - WARNING - High memory usage (85.5%), triggering garbage collection
2025-07-21 19:39:55,589 - TharuniApp - INFO - User logging out...
2025-07-21 19:39:55,590 - camera_camera - INFO - Stopping camera feed
2025-07-21 19:39:55,638 - camera_camera - INFO - Optimized video capture loop ending
2025-07-21 19:39:55,721 - camera_camera - DEBUG - Initializing USB camera
2025-07-21 19:39:55,975 - camera_camera - INFO - Stopping camera feed
2025-07-21 19:39:55,976 - camera_camera - INFO - Optimized video capture loop ending
2025-07-21 19:39:55,984 - TharuniApp - INFO - Updating camera settings: {'front_camera_type': 'USB', 'front_camera_index': 0, 'front_rtsp_username': '', 'front_rtsp_password': '', 'front_rtsp_ip': '', 'front_rtsp_port': '554', 'front_rtsp_endpoint': '/stream1', 'front_http_username': '', 'front_http_password': '', 'front_http_ip': '', 'front_http_port': '80', 'front_http_endpoint': '/mjpeg', 'back_camera_type': 'USB', 'back_camera_index': 1, 'back_rtsp_username': '', 'back_rtsp_password': '', 'back_rtsp_ip': '', 'back_rtsp_port': '554', 'back_rtsp_endpoint': '/stream1', 'back_http_username': '', 'back_http_password': '', 'back_http_ip': '', 'back_http_port': '80', 'back_http_endpoint': '/mjpeg'}
2025-07-21 19:39:55,985 - camera_camera - INFO - Stopping camera feed
2025-07-21 19:39:55,986 - camera_camera - INFO - Stopping camera feed
2025-07-21 19:39:55,990 - TharuniApp - INFO - Camera settings saved for persistence
2025-07-21 19:39:55,991 - weighbridge - INFO - Initiating weighbridge disconnection
2025-07-21 19:39:55,992 - weighbridge - INFO - SUCCESS: Weighbridge disconnected successfully
2025-07-21 19:39:55,992 - TharuniApp - INFO - Logout completed - closing application
2025-07-21 19:39:56,022 - TharuniApp - INFO - Application closing - saving settings...
2025-07-21 19:39:56,035 - TharuniApp - INFO - Updating camera settings: {'front_camera_type': 'USB', 'front_camera_index': 0, 'front_rtsp_username': '', 'front_rtsp_password': '', 'front_rtsp_ip': '', 'front_rtsp_port': '554', 'front_rtsp_endpoint': '/stream1', 'front_http_username': '', 'front_http_password': '', 'front_http_ip': '', 'front_http_port': '80', 'front_http_endpoint': '/mjpeg', 'back_camera_type': 'USB', 'back_camera_index': 1, 'back_rtsp_username': '', 'back_rtsp_password': '', 'back_rtsp_ip': '', 'back_rtsp_port': '554', 'back_rtsp_endpoint': '/stream1', 'back_http_username': '', 'back_http_password': '', 'back_http_ip': '', 'back_http_port': '80', 'back_http_endpoint': '/mjpeg'}
2025-07-21 19:39:56,036 - camera_camera - INFO - Stopping camera feed
2025-07-21 19:39:56,037 - camera_camera - INFO - Stopping camera feed
2025-07-21 19:39:56,044 - TharuniApp - INFO - Camera settings saved for persistence
2025-07-21 19:39:56,044 - weighbridge - INFO - Initiating weighbridge disconnection
2025-07-21 19:39:56,045 - weighbridge - INFO - SUCCESS: Weighbridge disconnected successfully
2025-07-21 19:39:56,046 - camera_camera - INFO - Stopping camera feed
2025-07-21 19:39:56,046 - camera_camera - INFO - Stopping camera feed
2025-07-21 19:39:56,047 - TharuniApp - INFO - ============================================================
2025-07-21 19:39:56,048 - TharuniApp - INFO - APPLICATION SHUTDOWN COMPLETED
2025-07-21 19:39:56,048 - TharuniApp - INFO - ============================================================
2025-07-21 19:39:56,048 - TharuniApp - ERROR - Error during shutdown: can't invoke "destroy" command: application has been destroyed
2025-07-21 22:23:18,501 - TharuniApp - INFO - ============================================================
2025-07-21 22:23:18,503 - TharuniApp - INFO - APPLICATION STARTUP
2025-07-21 22:23:18,503 - TharuniApp - INFO - ============================================================
2025-07-21 22:23:18,515 - TharuniApp - INFO - Configuration setup completed
2025-07-21 22:23:18,519 - DataManager - INFO - DataManager initialized with OFFLINE-FIRST approach + JSON local storage
2025-07-21 22:23:18,522 - DataManager - INFO - CSV structure is up to date
2025-07-21 22:23:18,524 - DataManager - INFO - Unified folder structure ready:
2025-07-21 22:23:18,524 - DataManager - INFO -   Reports: data\reports\2025-07-21
2025-07-21 22:23:18,525 - DataManager - INFO -   JSON Backups: data\json_backups\2025-07-21
2025-07-21 22:23:18,525 - DataManager - INFO -   PDF Folder: data\reports\2025-07-21
2025-07-21 22:23:18,526 - DataManager - INFO - All folder attributes ensured and validated
2025-07-21 22:23:18,543 - DataManager - INFO - 🔍 Checking if archive is due...
2025-07-21 22:23:18,544 - DataManager - INFO - CSV analysis: 0 total records, 0 complete records
2025-07-21 22:23:18,545 - DataManager - INFO - CSV file has no complete records to archive
2025-07-21 22:23:18,545 - DataManager - INFO - ⏳ Archive not due yet
2025-07-21 22:23:18,546 - DataManager - INFO - Data file: data\weighbridge_data.csv
2025-07-21 22:23:18,546 - DataManager - INFO - Reports folder: data\reports
2025-07-21 22:23:18,546 - DataManager - INFO - JSON backup folder: data\json_backups
2025-07-21 22:23:18,547 - DataManager - INFO - Today's JSON folder: data\json_backups\2025-07-21
2025-07-21 22:23:18,547 - DataManager - INFO - Today's PDF folder: data\reports\2025-07-21
2025-07-21 22:23:18,547 - DataManager - INFO - Cloud storage will only be initialized when backup is requested
2025-07-21 22:23:18,548 - TharuniApp - INFO - Data manager initialized
2025-07-21 22:23:18,553 - TharuniApp - INFO - Using hardcoded settings storage
2025-07-21 22:23:18,555 - TharuniApp - INFO - UI styles initialized
2025-07-21 22:23:18,555 - TharuniApp - INFO - Starting user authentication
2025-07-21 22:23:25,432 - TharuniApp - INFO - Hardcoded authentication successful: admin
2025-07-21 22:23:25,433 - TharuniApp - INFO - User logged in: admin (Role: admin)
2025-07-21 22:23:25,433 - TharuniApp - INFO - Setting up data context
2025-07-21 22:23:25,434 - TharuniApp - INFO - Using hardcoded agency and site values
2025-07-21 22:23:25,452 - DataManager - INFO - CSV structure is up to date
2025-07-21 22:23:25,453 - DataManager - INFO - Data context set to: Agency='Tharuni Associates', Site='Bheemavaram'
2025-07-21 22:23:25,453 - DataManager - INFO - Data file: data\Tharuni_Associates_Bheemavaram_data.csv
2025-07-21 22:23:25,454 - TharuniApp - INFO - Data context initialized: Agency='Tharuni Associates', Site='Bheemavaram'
2025-07-21 22:23:25,455 - TharuniApp - INFO - Data will be saved to: data\Tharuni_Associates_Bheemavaram_data.csv
2025-07-21 22:23:25,456 - TharuniApp - INFO - PDFs will be saved to: data\reports\2025-07-21
2025-07-21 22:23:25,457 - TharuniApp - INFO - Creating application widgets
2025-07-21 22:23:25,502 - TharuniApp - INFO - Creating main panel
2025-07-21 22:23:25,527 - FormValidator - INFO - FormValidator initialized
2025-07-21 22:23:25,556 - DataManager - INFO - Successfully loaded 8 records from data\Tharuni_Associates_Bheemavaram_data.csv
2025-07-21 22:23:25,822 - camera_camera - INFO - Enhanced logging initialized for Camera camera
2025-07-21 22:23:25,967 - camera_camera - DEBUG - Resource monitoring started
2025-07-21 22:23:25,966 - camera_camera - WARNING - High memory usage (88.0%), triggering garbage collection
2025-07-21 22:23:26,015 - camera_camera - DEBUG - Optimized video thread started
2025-07-21 22:23:26,014 - camera_camera - INFO - Optimized video capture loop started
2025-07-21 22:23:26,017 - camera_camera - DEBUG - Camera watchdog started
2025-07-21 22:23:26,019 - camera_camera - DEBUG - Camera watchdog enabled
2025-07-21 22:23:26,019 - camera_camera - DEBUG - Initializing USB camera
2025-07-21 22:23:26,029 - camera_camera - INFO - Enhanced logging initialized for Camera camera
2025-07-21 22:23:26,047 - camera_camera - DEBUG - Resource monitoring started
2025-07-21 22:23:26,046 - camera_camera - WARNING - High memory usage (88.1%), triggering garbage collection
2025-07-21 22:23:26,114 - camera_camera - DEBUG - Optimized video thread started
2025-07-21 22:23:26,113 - camera_camera - INFO - Optimized video capture loop started
2025-07-21 22:23:26,117 - camera_camera - DEBUG - Initializing USB camera
2025-07-21 22:23:26,118 - camera_camera - DEBUG - Camera watchdog started
2025-07-21 22:23:26,119 - camera_camera - DEBUG - Camera watchdog enabled
2025-07-21 22:23:26,545 - DataManager - INFO - Successfully loaded 8 records from data\Tharuni_Associates_Bheemavaram_data.csv
2025-07-21 22:23:26,546 - MainForm - INFO - MainForm initialized
2025-07-21 22:23:26,546 - TharuniApp - INFO - Main form created
2025-07-21 22:23:26,547 - MainForm - INFO - Using hardcoded dropdown values
2025-07-21 22:23:26,548 - PendingVehiclesPanel - INFO - PendingVehiclesPanel initialized
2025-07-21 22:23:26,558 - PendingVehiclesPanel - INFO - Refreshing pending vehicles list
2025-07-21 22:23:26,559 - DataManager - INFO - Successfully loaded 8 records from data\Tharuni_Associates_Bheemavaram_data.csv
2025-07-21 22:23:26,560 - PendingVehiclesPanel - INFO - Retrieved 8 total records
2025-07-21 22:23:26,566 - PendingVehiclesPanel - INFO - Found 0 unique pending vehicles, prevented 0 duplicates
2025-07-21 22:23:26,567 - PendingVehiclesPanel - INFO - Successfully refreshed pending list with 0 unique vehicles
2025-07-21 22:23:26,567 - TharuniApp - INFO - Pending vehicles panel created
2025-07-21 22:23:26,814 - TharuniApp - INFO - Main panel creation completed
2025-07-21 22:23:26,822 - TharuniApp - INFO - Summary panel created
2025-07-21 22:23:26,828 - weighbridge - INFO - Enhanced logging initialized for WeighbridgeManager
2025-07-21 22:23:26,829 - weighbridge - INFO - Initializing WeighbridgeManager
2025-07-21 22:23:26,832 - weighbridge - DEBUG - Weight parsing patterns compiled successfully
2025-07-21 22:23:26,833 - weighbridge - DEBUG - Signal handlers registered
2025-07-21 22:23:26,834 - weighbridge - INFO - SUCCESS: WeighbridgeManager initialized successfully
2025-07-21 22:23:26,840 - weighbridge - DEBUG - Scanning for available COM ports
2025-07-21 22:23:26,848 - weighbridge - WARNING - No COM ports found
2025-07-21 22:23:27,113 - weighbridge - WARNING - Test mode ENABLED - weighbridge will simulate readings
2025-07-21 22:23:27,119 - TharuniApp - INFO - ✅ Data manager reference set in settings panel
2025-07-21 22:23:27,119 - TharuniApp - INFO - Widget creation completed successfully
2025-07-21 22:23:27,121 - PendingVehiclesPanel - INFO - Refreshing pending vehicles list
2025-07-21 22:23:27,123 - DataManager - INFO - Successfully loaded 8 records from data\Tharuni_Associates_Bheemavaram_data.csv
2025-07-21 22:23:27,123 - PendingVehiclesPanel - INFO - Retrieved 8 total records
2025-07-21 22:23:27,130 - PendingVehiclesPanel - INFO - Found 0 unique pending vehicles, prevented 0 duplicates
2025-07-21 22:23:27,131 - PendingVehiclesPanel - INFO - Successfully refreshed pending list with 0 unique vehicles
2025-07-21 22:23:27,137 - TharuniApp - INFO - Application initialization completed successfully
2025-07-21 22:23:28,034 - camera_camera - WARNING - High memory usage (88.4%), triggering garbage collection
2025-07-21 22:23:28,127 - TharuniApp - INFO - Ensuring settings persistence...
2025-07-21 22:23:28,127 - camera_camera - WARNING - High memory usage (88.4%), triggering garbage collection
2025-07-21 22:23:28,181 - TharuniApp - INFO - Found saved weighbridge settings: {'com_port': 'COM3', 'baud_rate': 9600, 'data_bits': 8, 'parity': 'None', 'stop_bits': 1.0, 'test_mode': True}
2025-07-21 22:23:28,182 - TharuniApp - INFO - Settings persistence check completed
2025-07-21 22:23:28,531 - camera_camera - DEBUG - Initializing USB camera
2025-07-21 22:23:30,134 - camera_camera - WARNING - High memory usage (88.4%), triggering garbage collection
2025-07-21 22:23:30,173 - camera_camera - DEBUG - Resource usage - CPU: 21.2%, Memory: 88.4%
2025-07-21 22:23:30,183 - weighbridge - DEBUG - Scanning for available COM ports
2025-07-21 22:23:30,191 - weighbridge - WARNING - No COM ports found
2025-07-21 22:23:30,195 - camera_camera - WARNING - High memory usage (88.3%), triggering garbage collection
2025-07-21 22:23:30,236 - camera_camera - DEBUG - Resource usage - CPU: 20.1%, Memory: 88.3%
2025-07-21 22:23:30,584 - camera_camera - DEBUG - Initializing USB camera
2025-07-21 22:23:32,192 - camera_camera - WARNING - High memory usage (88.2%), triggering garbage collection
2025-07-21 22:23:32,269 - camera_camera - WARNING - High memory usage (88.2%), triggering garbage collection
2025-07-21 22:23:32,650 - camera_camera - DEBUG - Initializing USB camera
2025-07-21 22:23:34,255 - camera_camera - WARNING - High memory usage (88.3%), triggering garbage collection
2025-07-21 22:23:34,324 - camera_camera - WARNING - High memory usage (88.2%), triggering garbage collection
2025-07-21 22:23:34,696 - camera_camera - DEBUG - Initializing USB camera
2025-07-21 22:23:36,321 - camera_camera - WARNING - High memory usage (88.3%), triggering garbage collection
2025-07-21 22:23:36,374 - camera_camera - WARNING - High memory usage (88.2%), triggering garbage collection
2025-07-21 22:23:36,739 - camera_camera - DEBUG - Initializing USB camera
2025-07-21 22:23:38,392 - camera_camera - WARNING - High memory usage (88.3%), triggering garbage collection
2025-07-21 22:23:38,450 - camera_camera - WARNING - High memory usage (88.3%), triggering garbage collection
2025-07-21 22:23:40,467 - camera_camera - WARNING - High memory usage (88.3%), triggering garbage collection
2025-07-21 22:23:40,548 - camera_camera - WARNING - High memory usage (88.4%), triggering garbage collection
2025-07-21 22:23:40,857 - camera_camera - INFO - SUCCESS: Camera connection stabilized
2025-07-21 22:23:42,555 - camera_camera - WARNING - High memory usage (88.9%), triggering garbage collection
2025-07-21 22:23:42,652 - camera_camera - WARNING - High memory usage (88.9%), triggering garbage collection
2025-07-21 22:23:43,821 - camera_camera - DEBUG - Initializing USB camera
2025-07-21 22:23:44,659 - camera_camera - WARNING - High memory usage (88.8%), triggering garbage collection
2025-07-21 22:23:44,752 - camera_camera - WARNING - High memory usage (88.8%), triggering garbage collection
2025-07-21 22:23:45,936 - camera_camera - DEBUG - Initializing USB camera
2025-07-21 22:23:46,744 - camera_camera - WARNING - High memory usage (89.1%), triggering garbage collection
2025-07-21 22:23:46,849 - camera_camera - WARNING - High memory usage (89.1%), triggering garbage collection
2025-07-21 22:23:48,029 - camera_camera - DEBUG - Initializing USB camera
2025-07-21 22:23:48,874 - camera_camera - WARNING - High memory usage (89.2%), triggering garbage collection
2025-07-21 22:23:48,978 - camera_camera - WARNING - High memory usage (89.2%), triggering garbage collection
2025-07-21 22:23:50,142 - camera_camera - DEBUG - Initializing USB camera
2025-07-21 22:23:50,987 - camera_camera - WARNING - High memory usage (89.2%), triggering garbage collection
2025-07-21 22:23:51,086 - camera_camera - WARNING - High memory usage (89.2%), triggering garbage collection
2025-07-21 22:23:52,252 - camera_camera - DEBUG - Initializing USB camera
2025-07-21 22:23:53,109 - camera_camera - WARNING - High memory usage (89.3%), triggering garbage collection
2025-07-21 22:23:53,223 - camera_camera - WARNING - High memory usage (89.3%), triggering garbage collection
2025-07-21 22:23:54,347 - camera_camera - DEBUG - Initializing USB camera
2025-07-21 22:23:55,236 - camera_camera - WARNING - High memory usage (89.3%), triggering garbage collection
2025-07-21 22:23:55,345 - camera_camera - WARNING - High memory usage (89.3%), triggering garbage collection
2025-07-21 22:23:57,348 - camera_camera - WARNING - High memory usage (89.3%), triggering garbage collection
2025-07-21 22:23:57,451 - camera_camera - WARNING - High memory usage (89.3%), triggering garbage collection
2025-07-21 22:23:59,459 - camera_camera - WARNING - High memory usage (89.3%), triggering garbage collection
2025-07-21 22:23:59,585 - camera_camera - WARNING - High memory usage (89.3%), triggering garbage collection
2025-07-21 22:24:01,468 - camera_camera - DEBUG - Initializing USB camera
2025-07-21 22:24:01,569 - camera_camera - WARNING - High memory usage (89.3%), triggering garbage collection
2025-07-21 22:24:01,664 - camera_camera - WARNING - High memory usage (89.3%), triggering garbage collection
2025-07-21 22:24:03,579 - camera_camera - DEBUG - Initializing USB camera
2025-07-21 22:24:03,648 - camera_camera - WARNING - High memory usage (89.1%), triggering garbage collection
2025-07-21 22:24:03,756 - camera_camera - WARNING - High memory usage (89.2%), triggering garbage collection
2025-07-21 22:24:05,739 - camera_camera - DEBUG - Initializing USB camera
2025-07-21 22:24:05,767 - camera_camera - WARNING - High memory usage (89.2%), triggering garbage collection
2025-07-21 22:24:05,873 - camera_camera - WARNING - High memory usage (89.2%), triggering garbage collection
2025-07-21 22:24:07,877 - camera_camera - DEBUG - Initializing USB camera
2025-07-21 22:24:07,878 - camera_camera - WARNING - High memory usage (89.2%), triggering garbage collection
2025-07-21 22:24:08,000 - camera_camera - WARNING - High memory usage (89.2%), triggering garbage collection
2025-07-21 22:24:10,026 - camera_camera - DEBUG - Initializing USB camera
2025-07-21 22:24:10,028 - camera_camera - WARNING - High memory usage (89.2%), triggering garbage collection
2025-07-21 22:24:10,136 - camera_camera - WARNING - High memory usage (89.2%), triggering garbage collection
2025-07-21 22:24:12,099 - camera_camera - DEBUG - Initializing USB camera
2025-07-21 22:24:12,123 - camera_camera - WARNING - High memory usage (89.2%), triggering garbage collection
2025-07-21 22:24:12,216 - camera_camera - WARNING - High memory usage (89.3%), triggering garbage collection
2025-07-21 22:24:14,227 - camera_camera - WARNING - High memory usage (89.3%), triggering garbage collection
2025-07-21 22:24:14,340 - camera_camera - WARNING - High memory usage (89.3%), triggering garbage collection
2025-07-21 22:24:16,370 - camera_camera - WARNING - High memory usage (89.2%), triggering garbage collection
2025-07-21 22:24:16,488 - camera_camera - WARNING - High memory usage (89.1%), triggering garbage collection
2025-07-21 22:24:18,504 - camera_camera - WARNING - High memory usage (89.1%), triggering garbage collection
2025-07-21 22:24:18,617 - camera_camera - WARNING - High memory usage (89.1%), triggering garbage collection
2025-07-21 22:24:19,216 - camera_camera - DEBUG - Initializing USB camera
2025-07-21 22:24:20,643 - camera_camera - WARNING - High memory usage (89.0%), triggering garbage collection
2025-07-21 22:24:20,755 - camera_camera - WARNING - High memory usage (89.0%), triggering garbage collection
2025-07-21 22:24:21,331 - camera_camera - DEBUG - Initializing USB camera
2025-07-21 22:24:22,774 - camera_camera - WARNING - High memory usage (89.1%), triggering garbage collection
2025-07-21 22:24:22,878 - camera_camera - WARNING - High memory usage (89.1%), triggering garbage collection
2025-07-21 22:24:23,437 - camera_camera - DEBUG - Initializing USB camera
2025-07-21 22:24:24,900 - camera_camera - WARNING - High memory usage (89.1%), triggering garbage collection
2025-07-21 22:24:25,005 - camera_camera - WARNING - High memory usage (89.1%), triggering garbage collection
2025-07-21 22:24:25,532 - camera_camera - DEBUG - Initializing USB camera
2025-07-21 22:24:26,202 - camera_camera - DEBUG - Performed garbage collection
2025-07-21 22:24:27,035 - camera_camera - WARNING - High memory usage (89.2%), triggering garbage collection
2025-07-21 22:24:27,140 - camera_camera - WARNING - High memory usage (89.2%), triggering garbage collection
2025-07-21 22:24:27,240 - PendingVehiclesPanel - INFO - Refreshing pending vehicles list
2025-07-21 22:24:27,243 - DataManager - INFO - Successfully loaded 8 records from data\Tharuni_Associates_Bheemavaram_data.csv
2025-07-21 22:24:27,245 - PendingVehiclesPanel - INFO - Retrieved 8 total records
2025-07-21 22:24:27,272 - PendingVehiclesPanel - INFO - Found 0 unique pending vehicles, prevented 0 duplicates
2025-07-21 22:24:27,275 - PendingVehiclesPanel - INFO - Successfully refreshed pending list with 0 unique vehicles
2025-07-21 22:24:27,629 - camera_camera - DEBUG - Initializing USB camera
2025-07-21 22:24:29,156 - camera_camera - WARNING - High memory usage (89.2%), triggering garbage collection
2025-07-21 22:24:29,271 - camera_camera - WARNING - High memory usage (89.2%), triggering garbage collection
2025-07-21 22:24:29,745 - camera_camera - DEBUG - Initializing USB camera
2025-07-21 22:24:31,285 - camera_camera - WARNING - High memory usage (88.6%), triggering garbage collection
2025-07-21 22:24:31,419 - camera_camera - WARNING - High memory usage (88.8%), triggering garbage collection
2025-07-21 22:24:33,404 - camera_camera - WARNING - High memory usage (88.5%), triggering garbage collection
2025-07-21 22:24:33,544 - camera_camera - WARNING - High memory usage (88.5%), triggering garbage collection
2025-07-21 22:24:35,531 - camera_camera - WARNING - High memory usage (88.5%), triggering garbage collection
2025-07-21 22:24:35,649 - camera_camera - WARNING - High memory usage (88.5%), triggering garbage collection
2025-07-21 22:24:36,863 - camera_camera - DEBUG - Initializing USB camera
2025-07-21 22:24:37,655 - camera_camera - WARNING - High memory usage (88.5%), triggering garbage collection
2025-07-21 22:24:37,765 - camera_camera - WARNING - High memory usage (88.5%), triggering garbage collection
2025-07-21 22:24:38,975 - camera_camera - DEBUG - Initializing USB camera
2025-07-21 22:24:39,799 - camera_camera - WARNING - High memory usage (88.5%), triggering garbage collection
2025-07-21 22:24:39,917 - camera_camera - WARNING - High memory usage (88.5%), triggering garbage collection
2025-07-21 22:24:41,083 - camera_camera - DEBUG - Initializing USB camera
2025-07-21 22:24:41,939 - camera_camera - WARNING - High memory usage (88.6%), triggering garbage collection
2025-07-21 22:24:42,051 - camera_camera - WARNING - High memory usage (88.6%), triggering garbage collection
2025-07-21 22:24:43,190 - camera_camera - DEBUG - Initializing USB camera
2025-07-21 22:24:44,065 - camera_camera - WARNING - High memory usage (88.5%), triggering garbage collection
2025-07-21 22:24:44,196 - camera_camera - WARNING - High memory usage (88.5%), triggering garbage collection
2025-07-21 22:24:44,485 - DataManager - INFO - Successfully loaded 8 records from data\Tharuni_Associates_Bheemavaram_data.csv
2025-07-21 22:24:44,486 - DataManager - INFO - Returning all 8 records (no filter)
2025-07-21 22:24:45,300 - camera_camera - DEBUG - Initializing USB camera
2025-07-21 22:24:46,196 - camera_camera - WARNING - High memory usage (88.6%), triggering garbage collection
2025-07-21 22:24:46,308 - camera_camera - WARNING - High memory usage (88.6%), triggering garbage collection
2025-07-21 22:24:47,405 - camera_camera - DEBUG - Initializing USB camera
2025-07-21 22:24:48,340 - camera_camera - WARNING - High memory usage (88.7%), triggering garbage collection
2025-07-21 22:24:48,438 - camera_camera - WARNING - High memory usage (88.8%), triggering garbage collection
2025-07-21 22:24:50,446 - camera_camera - WARNING - High memory usage (89.0%), triggering garbage collection
2025-07-21 22:24:50,545 - camera_camera - WARNING - High memory usage (89.0%), triggering garbage collection
2025-07-21 22:24:51,332 - DataManager - INFO - Successfully loaded 8 records from data\Tharuni_Associates_Bheemavaram_data.csv
2025-07-21 22:24:52,544 - camera_camera - WARNING - High memory usage (89.0%), triggering garbage collection
2025-07-21 22:24:52,651 - camera_camera - WARNING - High memory usage (89.0%), triggering garbage collection
2025-07-21 22:24:54,538 - camera_camera - DEBUG - Initializing USB camera
2025-07-21 22:24:54,619 - camera_camera - WARNING - High memory usage (89.0%), triggering garbage collection
2025-07-21 22:24:54,784 - camera_camera - WARNING - High memory usage (89.0%), triggering garbage collection
2025-07-21 22:24:56,765 - camera_camera - DEBUG - Initializing USB camera
2025-07-21 22:24:56,794 - camera_camera - WARNING - High memory usage (89.0%), triggering garbage collection
2025-07-21 22:24:56,899 - camera_camera - WARNING - High memory usage (89.0%), triggering garbage collection
2025-07-21 22:24:58,893 - camera_camera - DEBUG - Initializing USB camera
2025-07-21 22:24:58,918 - camera_camera - WARNING - High memory usage (88.9%), triggering garbage collection
2025-07-21 22:24:59,025 - camera_camera - WARNING - High memory usage (88.8%), triggering garbage collection
2025-07-21 22:25:01,042 - camera_camera - DEBUG - Initializing USB camera
2025-07-21 22:25:01,043 - camera_camera - WARNING - High memory usage (88.9%), triggering garbage collection
2025-07-21 22:25:01,154 - camera_camera - WARNING - High memory usage (88.9%), triggering garbage collection
2025-07-21 22:25:03,182 - camera_camera - DEBUG - Initializing USB camera
2025-07-21 22:25:03,180 - camera_camera - WARNING - High memory usage (88.9%), triggering garbage collection
2025-07-21 22:25:03,294 - camera_camera - WARNING - High memory usage (88.9%), triggering garbage collection
2025-07-21 22:25:05,307 - camera_camera - DEBUG - Initializing USB camera
2025-07-21 22:25:05,309 - camera_camera - WARNING - High memory usage (88.9%), triggering garbage collection
2025-07-21 22:25:05,401 - camera_camera - WARNING - High memory usage (89.0%), triggering garbage collection
2025-07-21 22:25:07,427 - camera_camera - WARNING - High memory usage (88.9%), triggering garbage collection
2025-07-21 22:25:07,543 - camera_camera - WARNING - High memory usage (89.0%), triggering garbage collection
2025-07-21 22:25:09,564 - camera_camera - WARNING - High memory usage (88.9%), triggering garbage collection
2025-07-21 22:25:09,664 - camera_camera - WARNING - High memory usage (88.8%), triggering garbage collection
2025-07-21 22:25:11,669 - camera_camera - WARNING - High memory usage (90.2%), triggering garbage collection
2025-07-21 22:25:11,781 - camera_camera - WARNING - High memory usage (90.1%), triggering garbage collection
2025-07-21 22:25:12,410 - camera_camera - DEBUG - Initializing USB camera
2025-07-21 22:25:13,804 - camera_camera - WARNING - High memory usage (90.1%), triggering garbage collection
2025-07-21 22:25:13,904 - camera_camera - WARNING - High memory usage (90.1%), triggering garbage collection
2025-07-21 22:25:14,505 - camera_camera - DEBUG - Initializing USB camera
2025-07-21 22:25:15,922 - camera_camera - WARNING - High memory usage (89.1%), triggering garbage collection
2025-07-21 22:25:16,038 - camera_camera - WARNING - High memory usage (89.1%), triggering garbage collection
2025-07-21 22:25:16,603 - camera_camera - DEBUG - Initializing USB camera
2025-07-21 22:25:18,052 - camera_camera - WARNING - High memory usage (89.1%), triggering garbage collection
2025-07-21 22:25:18,163 - camera_camera - WARNING - High memory usage (89.1%), triggering garbage collection
2025-07-21 22:25:18,700 - camera_camera - DEBUG - Initializing USB camera
2025-07-21 22:25:20,179 - camera_camera - WARNING - High memory usage (89.1%), triggering garbage collection
2025-07-21 22:25:20,288 - camera_camera - WARNING - High memory usage (89.1%), triggering garbage collection
2025-07-21 22:25:20,801 - camera_camera - DEBUG - Initializing USB camera
2025-07-21 22:25:22,307 - camera_camera - WARNING - High memory usage (89.1%), triggering garbage collection
2025-07-21 22:25:22,413 - camera_camera - WARNING - High memory usage (89.1%), triggering garbage collection
2025-07-21 22:25:22,909 - camera_camera - DEBUG - Initializing USB camera
2025-07-21 22:25:24,425 - camera_camera - WARNING - High memory usage (89.0%), triggering garbage collection
2025-07-21 22:25:24,526 - camera_camera - WARNING - High memory usage (89.0%), triggering garbage collection
2025-07-21 22:25:26,235 - camera_camera - DEBUG - Performed garbage collection
2025-07-21 22:25:26,548 - camera_camera - WARNING - High memory usage (89.0%), triggering garbage collection
2025-07-21 22:25:26,669 - camera_camera - WARNING - High memory usage (89.0%), triggering garbage collection
2025-07-21 22:25:27,294 - PendingVehiclesPanel - INFO - Refreshing pending vehicles list
2025-07-21 22:25:27,297 - DataManager - INFO - Successfully loaded 8 records from data\Tharuni_Associates_Bheemavaram_data.csv
2025-07-21 22:25:27,298 - PendingVehiclesPanel - INFO - Retrieved 8 total records
2025-07-21 22:25:27,323 - PendingVehiclesPanel - INFO - Found 0 unique pending vehicles, prevented 0 duplicates
2025-07-21 22:25:27,325 - PendingVehiclesPanel - INFO - Successfully refreshed pending list with 0 unique vehicles
2025-07-21 22:25:28,676 - camera_camera - WARNING - High memory usage (89.0%), triggering garbage collection
2025-07-21 22:25:28,783 - camera_camera - WARNING - High memory usage (89.0%), triggering garbage collection
2025-07-21 22:25:30,016 - camera_camera - DEBUG - Initializing USB camera
2025-07-21 22:25:30,823 - camera_camera - WARNING - High memory usage (89.0%), triggering garbage collection
2025-07-21 22:25:30,933 - camera_camera - DEBUG - Resource usage - CPU: 25.5%, Memory: 89.0%
2025-07-21 22:25:30,932 - camera_camera - WARNING - High memory usage (89.0%), triggering garbage collection
2025-07-21 22:25:31,033 - camera_camera - DEBUG - Resource usage - CPU: 25.0%, Memory: 89.0%
2025-07-21 22:25:32,124 - camera_camera - DEBUG - Initializing USB camera
2025-07-21 22:25:32,962 - camera_camera - WARNING - High memory usage (88.9%), triggering garbage collection
2025-07-21 22:25:33,073 - camera_camera - WARNING - High memory usage (88.9%), triggering garbage collection
2025-07-21 22:25:34,237 - camera_camera - DEBUG - Initializing USB camera
2025-07-21 22:25:35,083 - camera_camera - WARNING - High memory usage (88.9%), triggering garbage collection
2025-07-21 22:25:35,197 - camera_camera - WARNING - High memory usage (88.9%), triggering garbage collection
2025-07-21 22:25:36,337 - camera_camera - DEBUG - Initializing USB camera
2025-07-21 22:25:37,201 - camera_camera - WARNING - High memory usage (89.2%), triggering garbage collection
2025-07-21 22:25:37,322 - camera_camera - WARNING - High memory usage (89.1%), triggering garbage collection
2025-07-21 22:25:38,459 - camera_camera - DEBUG - Initializing USB camera
2025-07-21 22:25:39,334 - camera_camera - WARNING - High memory usage (89.2%), triggering garbage collection
2025-07-21 22:25:39,443 - camera_camera - WARNING - High memory usage (89.2%), triggering garbage collection
2025-07-21 22:25:40,564 - camera_camera - DEBUG - Initializing USB camera
2025-07-21 22:25:41,460 - camera_camera - WARNING - High memory usage (89.1%), triggering garbage collection
2025-07-21 22:25:41,575 - camera_camera - WARNING - High memory usage (89.1%), triggering garbage collection
2025-07-21 22:25:43,595 - camera_camera - WARNING - High memory usage (89.0%), triggering garbage collection
2025-07-21 22:25:43,716 - camera_camera - WARNING - High memory usage (89.0%), triggering garbage collection
2025-07-21 22:25:45,717 - camera_camera - WARNING - High memory usage (89.0%), triggering garbage collection
2025-07-21 22:25:45,835 - camera_camera - WARNING - High memory usage (89.0%), triggering garbage collection
2025-07-21 22:25:47,671 - camera_camera - DEBUG - Initializing USB camera
2025-07-21 22:25:47,826 - camera_camera - WARNING - High memory usage (88.3%), triggering garbage collection
2025-07-21 22:25:47,943 - camera_camera - WARNING - High memory usage (87.9%), triggering garbage collection
2025-07-21 22:25:49,729 - camera_camera - DEBUG - Initializing USB camera
2025-07-21 22:25:49,900 - camera_camera - WARNING - High memory usage (87.2%), triggering garbage collection
2025-07-21 22:25:50,034 - camera_camera - WARNING - High memory usage (87.2%), triggering garbage collection
2025-07-21 22:25:51,837 - camera_camera - DEBUG - Initializing USB camera
2025-07-21 22:25:52,018 - camera_camera - WARNING - High memory usage (87.1%), triggering garbage collection
2025-07-21 22:25:52,141 - camera_camera - WARNING - High memory usage (87.1%), triggering garbage collection
2025-07-21 22:25:53,933 - camera_camera - DEBUG - Initializing USB camera
2025-07-21 22:25:54,136 - camera_camera - WARNING - High memory usage (87.1%), triggering garbage collection
2025-07-21 22:25:54,245 - camera_camera - WARNING - High memory usage (87.1%), triggering garbage collection
2025-07-21 22:25:56,044 - camera_camera - DEBUG - Initializing USB camera
2025-07-21 22:25:56,252 - camera_camera - WARNING - High memory usage (87.0%), triggering garbage collection
2025-07-21 22:25:56,381 - camera_camera - WARNING - High memory usage (87.2%), triggering garbage collection
2025-07-21 22:25:58,144 - camera_camera - DEBUG - Initializing USB camera
2025-07-21 22:25:58,368 - camera_camera - WARNING - High memory usage (87.1%), triggering garbage collection
2025-07-21 22:25:58,491 - camera_camera - WARNING - High memory usage (87.0%), triggering garbage collection
2025-07-21 22:26:00,499 - camera_camera - WARNING - High memory usage (87.1%), triggering garbage collection
2025-07-21 22:26:00,598 - camera_camera - DEBUG - Resource usage - CPU: 22.3%, Memory: 87.1%
2025-07-21 22:26:00,599 - camera_camera - WARNING - High memory usage (87.2%), triggering garbage collection
2025-07-21 22:26:00,667 - camera_camera - DEBUG - Resource usage - CPU: 22.1%, Memory: 87.2%
2025-07-21 22:26:02,638 - camera_camera - WARNING - High memory usage (87.2%), triggering garbage collection
2025-07-21 22:26:02,749 - camera_camera - WARNING - High memory usage (87.1%), triggering garbage collection
2025-07-21 22:26:04,777 - camera_camera - WARNING - High memory usage (87.2%), triggering garbage collection
2025-07-21 22:26:04,893 - camera_camera - WARNING - High memory usage (87.1%), triggering garbage collection
2025-07-21 22:26:05,248 - camera_camera - DEBUG - Initializing USB camera
2025-07-21 22:26:06,913 - camera_camera - WARNING - High memory usage (87.2%), triggering garbage collection
2025-07-21 22:26:07,026 - camera_camera - WARNING - High memory usage (87.2%), triggering garbage collection
2025-07-21 22:26:07,357 - camera_camera - DEBUG - Initializing USB camera
2025-07-21 22:26:09,029 - camera_camera - WARNING - High memory usage (87.3%), triggering garbage collection
2025-07-21 22:26:09,150 - camera_camera - WARNING - High memory usage (87.3%), triggering garbage collection
2025-07-21 22:26:09,461 - camera_camera - DEBUG - Initializing USB camera
2025-07-21 22:26:11,148 - camera_camera - WARNING - High memory usage (87.0%), triggering garbage collection
2025-07-21 22:26:11,264 - camera_camera - WARNING - High memory usage (87.1%), triggering garbage collection
2025-07-21 22:26:11,564 - camera_camera - DEBUG - Initializing USB camera
2025-07-21 22:26:13,272 - camera_camera - WARNING - High memory usage (87.0%), triggering garbage collection
2025-07-21 22:26:13,375 - camera_camera - WARNING - High memory usage (87.0%), triggering garbage collection
2025-07-21 22:26:13,652 - camera_camera - DEBUG - Initializing USB camera
2025-07-21 22:26:15,405 - camera_camera - WARNING - High memory usage (87.0%), triggering garbage collection
2025-07-21 22:26:15,502 - camera_camera - WARNING - High memory usage (87.1%), triggering garbage collection
2025-07-21 22:26:15,767 - camera_camera - DEBUG - Initializing USB camera
2025-07-21 22:26:17,515 - camera_camera - WARNING - High memory usage (87.0%), triggering garbage collection
2025-07-21 22:26:17,621 - camera_camera - WARNING - High memory usage (87.1%), triggering garbage collection
2025-07-21 22:26:19,709 - camera_camera - WARNING - High memory usage (88.2%), triggering garbage collection
2025-07-21 22:26:19,786 - camera_camera - WARNING - High memory usage (88.3%), triggering garbage collection
2025-07-21 22:26:21,809 - camera_camera - WARNING - High memory usage (87.9%), triggering garbage collection
2025-07-21 22:26:21,910 - camera_camera - WARNING - High memory usage (87.6%), triggering garbage collection
2025-07-21 22:26:22,877 - camera_camera - DEBUG - Initializing USB camera
2025-07-21 22:26:23,938 - camera_camera - WARNING - High memory usage (87.5%), triggering garbage collection
2025-07-21 22:26:24,055 - camera_camera - WARNING - High memory usage (87.5%), triggering garbage collection
2025-07-21 22:26:24,957 - camera_camera - DEBUG - Initializing USB camera
2025-07-21 22:26:26,071 - camera_camera - WARNING - High memory usage (87.6%), triggering garbage collection
2025-07-21 22:26:26,286 - camera_camera - DEBUG - Performed garbage collection
2025-07-21 22:26:26,287 - camera_camera - WARNING - High memory usage (87.6%), triggering garbage collection
2025-07-21 22:26:27,083 - camera_camera - DEBUG - Initializing USB camera
2025-07-21 22:26:27,327 - PendingVehiclesPanel - INFO - Refreshing pending vehicles list
2025-07-21 22:26:27,331 - DataManager - INFO - Successfully loaded 8 records from data\Tharuni_Associates_Bheemavaram_data.csv
2025-07-21 22:26:27,332 - PendingVehiclesPanel - INFO - Retrieved 8 total records
2025-07-21 22:26:27,360 - PendingVehiclesPanel - INFO - Found 0 unique pending vehicles, prevented 0 duplicates
2025-07-21 22:26:27,363 - PendingVehiclesPanel - INFO - Successfully refreshed pending list with 0 unique vehicles
2025-07-21 22:26:28,216 - camera_camera - WARNING - High memory usage (87.2%), triggering garbage collection
2025-07-21 22:26:28,412 - camera_camera - WARNING - High memory usage (87.1%), triggering garbage collection
2025-07-21 22:26:29,187 - camera_camera - DEBUG - Initializing USB camera
2025-07-21 22:26:30,324 - camera_camera - WARNING - High memory usage (86.5%), triggering garbage collection
2025-07-21 22:26:30,431 - camera_camera - DEBUG - Resource usage - CPU: 19.7%, Memory: 86.5%
2025-07-21 22:26:30,539 - camera_camera - WARNING - High memory usage (86.5%), triggering garbage collection
2025-07-21 22:26:30,636 - camera_camera - DEBUG - Resource usage - CPU: 22.6%, Memory: 86.5%
2025-07-21 22:26:31,278 - camera_camera - DEBUG - Initializing USB camera
2025-07-21 22:26:32,459 - camera_camera - WARNING - High memory usage (86.5%), triggering garbage collection
2025-07-21 22:26:32,661 - camera_camera - WARNING - High memory usage (86.6%), triggering garbage collection
2025-07-21 22:26:33,357 - camera_camera - DEBUG - Initializing USB camera
2025-07-21 22:26:34,595 - camera_camera - WARNING - High memory usage (86.9%), triggering garbage collection
2025-07-21 22:26:34,787 - camera_camera - WARNING - High memory usage (87.5%), triggering garbage collection
2025-07-21 22:26:36,699 - camera_camera - WARNING - High memory usage (88.7%), triggering garbage collection
2025-07-21 22:26:36,877 - camera_camera - WARNING - High memory usage (88.8%), triggering garbage collection
2025-07-21 22:26:38,827 - camera_camera - WARNING - High memory usage (88.7%), triggering garbage collection
2025-07-21 22:26:38,992 - camera_camera - WARNING - High memory usage (88.7%), triggering garbage collection
2025-07-21 22:26:40,485 - camera_camera - DEBUG - Initializing USB camera
2025-07-21 22:26:40,941 - camera_camera - WARNING - High memory usage (88.2%), triggering garbage collection
2025-07-21 22:26:41,102 - camera_camera - WARNING - High memory usage (88.2%), triggering garbage collection
2025-07-21 22:26:42,604 - camera_camera - DEBUG - Initializing USB camera
2025-07-21 22:26:43,067 - camera_camera - WARNING - High memory usage (88.1%), triggering garbage collection
2025-07-21 22:26:43,235 - camera_camera - WARNING - High memory usage (88.1%), triggering garbage collection
2025-07-21 22:26:44,721 - camera_camera - DEBUG - Initializing USB camera
2025-07-21 22:26:45,222 - camera_camera - WARNING - High memory usage (87.9%), triggering garbage collection
2025-07-21 22:26:45,360 - camera_camera - WARNING - High memory usage (88.0%), triggering garbage collection
2025-07-21 22:26:46,833 - camera_camera - DEBUG - Initializing USB camera
2025-07-21 22:26:47,390 - camera_camera - WARNING - High memory usage (88.2%), triggering garbage collection
2025-07-21 22:26:47,515 - camera_camera - WARNING - High memory usage (88.2%), triggering garbage collection
2025-07-21 22:26:48,941 - camera_camera - DEBUG - Initializing USB camera
2025-07-21 22:26:49,530 - camera_camera - WARNING - High memory usage (87.5%), triggering garbage collection
2025-07-21 22:26:49,654 - camera_camera - WARNING - High memory usage (87.5%), triggering garbage collection
2025-07-21 22:26:51,044 - camera_camera - DEBUG - Initializing USB camera
2025-07-21 22:26:51,684 - camera_camera - WARNING - High memory usage (87.5%), triggering garbage collection
2025-07-21 22:26:51,799 - camera_camera - WARNING - High memory usage (87.6%), triggering garbage collection
2025-07-21 22:26:53,819 - camera_camera - WARNING - High memory usage (87.5%), triggering garbage collection
2025-07-21 22:26:53,941 - camera_camera - WARNING - High memory usage (87.5%), triggering garbage collection
2025-07-21 22:26:55,968 - camera_camera - WARNING - High memory usage (87.4%), triggering garbage collection
2025-07-21 22:26:56,088 - camera_camera - WARNING - High memory usage (87.4%), triggering garbage collection
2025-07-21 22:26:58,116 - camera_camera - WARNING - High memory usage (87.2%), triggering garbage collection
2025-07-21 22:26:58,234 - camera_camera - DEBUG - Initializing USB camera
2025-07-21 22:26:58,236 - camera_camera - WARNING - High memory usage (87.1%), triggering garbage collection
2025-07-21 22:27:00,260 - camera_camera - WARNING - High memory usage (87.1%), triggering garbage collection
2025-07-21 22:27:00,384 - camera_camera - DEBUG - Initializing USB camera
2025-07-21 22:27:00,387 - camera_camera - DEBUG - Resource usage - CPU: 23.2%, Memory: 87.1%
2025-07-21 22:27:00,389 - camera_camera - WARNING - High memory usage (87.1%), triggering garbage collection
2025-07-21 22:27:00,521 - camera_camera - DEBUG - Resource usage - CPU: 23.0%, Memory: 87.1%
2025-07-21 22:27:02,420 - camera_camera - WARNING - High memory usage (87.0%), triggering garbage collection
2025-07-21 22:27:02,550 - camera_camera - DEBUG - Initializing USB camera
2025-07-21 22:27:02,548 - camera_camera - WARNING - High memory usage (87.0%), triggering garbage collection
2025-07-21 22:27:04,549 - camera_camera - WARNING - High memory usage (87.4%), triggering garbage collection
2025-07-21 22:27:04,702 - camera_camera - DEBUG - Initializing USB camera
2025-07-21 22:27:04,701 - camera_camera - WARNING - High memory usage (87.3%), triggering garbage collection
2025-07-21 22:27:06,691 - camera_camera - WARNING - High memory usage (87.4%), triggering garbage collection
2025-07-21 22:27:06,814 - camera_camera - DEBUG - Initializing USB camera
2025-07-21 22:27:06,841 - camera_camera - WARNING - High memory usage (87.4%), triggering garbage collection
2025-07-21 22:27:08,821 - camera_camera - WARNING - High memory usage (87.3%), triggering garbage collection
2025-07-21 22:27:08,962 - camera_camera - DEBUG - Initializing USB camera
2025-07-21 22:27:08,991 - camera_camera - WARNING - High memory usage (87.3%), triggering garbage collection
2025-07-21 22:27:10,931 - camera_camera - WARNING - High memory usage (87.3%), triggering garbage collection
2025-07-21 22:27:11,125 - camera_camera - WARNING - High memory usage (87.1%), triggering garbage collection
2025-07-21 22:27:13,057 - camera_camera - WARNING - High memory usage (87.1%), triggering garbage collection
2025-07-21 22:27:13,252 - camera_camera - WARNING - High memory usage (87.0%), triggering garbage collection
2025-07-21 22:27:15,179 - camera_camera - WARNING - High memory usage (86.9%), triggering garbage collection
2025-07-21 22:27:15,384 - camera_camera - WARNING - High memory usage (86.9%), triggering garbage collection
2025-07-21 22:27:16,107 - camera_camera - DEBUG - Initializing USB camera
2025-07-21 22:27:17,315 - camera_camera - WARNING - High memory usage (86.9%), triggering garbage collection
2025-07-21 22:27:17,522 - camera_camera - WARNING - High memory usage (86.9%), triggering garbage collection
2025-07-21 22:27:18,220 - camera_camera - DEBUG - Initializing USB camera
2025-07-21 22:27:19,429 - camera_camera - WARNING - High memory usage (86.9%), triggering garbage collection
2025-07-21 22:27:19,667 - camera_camera - WARNING - High memory usage (86.9%), triggering garbage collection
2025-07-21 22:27:20,316 - camera_camera - DEBUG - Initializing USB camera
2025-07-21 22:27:21,556 - camera_camera - WARNING - High memory usage (87.0%), triggering garbage collection
2025-07-21 22:27:21,788 - camera_camera - WARNING - High memory usage (87.0%), triggering garbage collection
2025-07-21 22:27:22,412 - camera_camera - DEBUG - Initializing USB camera
2025-07-21 22:27:23,693 - camera_camera - WARNING - High memory usage (87.0%), triggering garbage collection
2025-07-21 22:27:23,923 - camera_camera - WARNING - High memory usage (87.0%), triggering garbage collection
2025-07-21 22:27:24,511 - camera_camera - DEBUG - Initializing USB camera
2025-07-21 22:27:25,827 - camera_camera - WARNING - High memory usage (87.0%), triggering garbage collection
2025-07-21 22:27:26,067 - camera_camera - WARNING - High memory usage (86.9%), triggering garbage collection
2025-07-21 22:27:26,267 - camera_camera - DEBUG - Performed garbage collection
2025-07-21 22:27:26,603 - camera_camera - DEBUG - Initializing USB camera
2025-07-21 22:27:27,372 - PendingVehiclesPanel - INFO - Refreshing pending vehicles list
2025-07-21 22:27:27,375 - DataManager - INFO - Successfully loaded 8 records from data\Tharuni_Associates_Bheemavaram_data.csv
2025-07-21 22:27:27,377 - PendingVehiclesPanel - INFO - Retrieved 8 total records
2025-07-21 22:27:27,400 - PendingVehiclesPanel - INFO - Found 0 unique pending vehicles, prevented 0 duplicates
2025-07-21 22:27:27,402 - PendingVehiclesPanel - INFO - Successfully refreshed pending list with 0 unique vehicles
2025-07-21 22:27:27,955 - camera_camera - WARNING - High memory usage (86.7%), triggering garbage collection
2025-07-21 22:27:28,212 - camera_camera - WARNING - High memory usage (86.7%), triggering garbage collection
2025-07-21 22:27:30,083 - camera_camera - WARNING - High memory usage (86.6%), triggering garbage collection
2025-07-21 22:27:30,197 - camera_camera - DEBUG - Resource usage - CPU: 19.5%, Memory: 86.6%
2025-07-21 22:27:30,333 - camera_camera - WARNING - High memory usage (86.6%), triggering garbage collection
2025-07-21 22:27:30,436 - camera_camera - DEBUG - Resource usage - CPU: 19.6%, Memory: 86.6%
2025-07-21 22:27:32,227 - camera_camera - WARNING - High memory usage (86.6%), triggering garbage collection
2025-07-21 22:27:32,467 - camera_camera - WARNING - High memory usage (86.6%), triggering garbage collection
2025-07-21 22:27:33,724 - camera_camera - DEBUG - Initializing USB camera
2025-07-21 22:27:34,355 - camera_camera - WARNING - High memory usage (86.7%), triggering garbage collection
2025-07-21 22:27:34,596 - camera_camera - WARNING - High memory usage (86.7%), triggering garbage collection
2025-07-21 22:27:35,825 - camera_camera - DEBUG - Initializing USB camera
2025-07-21 22:27:36,482 - camera_camera - WARNING - High memory usage (86.6%), triggering garbage collection
2025-07-21 22:27:36,732 - camera_camera - WARNING - High memory usage (86.6%), triggering garbage collection
2025-07-21 22:27:37,919 - camera_camera - DEBUG - Initializing USB camera
2025-07-21 22:27:38,609 - camera_camera - WARNING - High memory usage (86.6%), triggering garbage collection
2025-07-21 22:27:38,843 - camera_camera - WARNING - High memory usage (86.6%), triggering garbage collection
2025-07-21 22:27:40,029 - camera_camera - DEBUG - Initializing USB camera
2025-07-21 22:27:40,738 - camera_camera - WARNING - High memory usage (86.6%), triggering garbage collection
2025-07-21 22:27:40,963 - camera_camera - WARNING - High memory usage (86.5%), triggering garbage collection
2025-07-21 22:27:42,092 - camera_camera - DEBUG - Initializing USB camera
2025-07-21 22:27:42,876 - camera_camera - WARNING - High memory usage (86.6%), triggering garbage collection
2025-07-21 22:27:43,106 - camera_camera - WARNING - High memory usage (86.6%), triggering garbage collection
2025-07-21 22:27:44,189 - camera_camera - DEBUG - Initializing USB camera
2025-07-21 22:27:45,035 - camera_camera - WARNING - High memory usage (86.7%), triggering garbage collection
2025-07-21 22:27:45,251 - camera_camera - WARNING - High memory usage (86.7%), triggering garbage collection
2025-07-21 22:27:47,147 - camera_camera - WARNING - High memory usage (86.9%), triggering garbage collection
2025-07-21 22:27:47,379 - camera_camera - WARNING - High memory usage (86.9%), triggering garbage collection
2025-07-21 22:27:49,282 - camera_camera - WARNING - High memory usage (86.8%), triggering garbage collection
2025-07-21 22:27:49,529 - camera_camera - WARNING - High memory usage (86.8%), triggering garbage collection
2025-07-21 22:27:51,389 - camera_camera - DEBUG - Initializing USB camera
2025-07-21 22:27:51,412 - camera_camera - WARNING - High memory usage (86.8%), triggering garbage collection
2025-07-21 22:27:51,676 - camera_camera - WARNING - High memory usage (86.8%), triggering garbage collection
2025-07-21 22:27:53,543 - camera_camera - DEBUG - Initializing USB camera
2025-07-21 22:27:53,542 - camera_camera - WARNING - High memory usage (86.7%), triggering garbage collection
2025-07-21 22:27:53,812 - camera_camera - WARNING - High memory usage (86.7%), triggering garbage collection
2025-07-21 22:27:55,683 - camera_camera - DEBUG - Initializing USB camera
2025-07-21 22:27:55,684 - camera_camera - WARNING - High memory usage (86.7%), triggering garbage collection
2025-07-21 22:27:55,964 - camera_camera - WARNING - High memory usage (86.6%), triggering garbage collection
2025-07-21 22:27:57,803 - camera_camera - DEBUG - Initializing USB camera
2025-07-21 22:27:57,831 - camera_camera - WARNING - High memory usage (86.6%), triggering garbage collection
2025-07-21 22:27:58,105 - camera_camera - WARNING - High memory usage (86.5%), triggering garbage collection
2025-07-21 22:27:59,956 - camera_camera - DEBUG - Initializing USB camera
2025-07-21 22:27:59,955 - camera_camera - WARNING - High memory usage (86.6%), triggering garbage collection
2025-07-21 22:28:00,228 - camera_camera - WARNING - High memory usage (86.6%), triggering garbage collection
2025-07-21 22:28:00,331 - camera_camera - DEBUG - Resource usage - CPU: 20.7%, Memory: 86.6%
2025-07-21 22:28:02,091 - camera_camera - DEBUG - Initializing USB camera
2025-07-21 22:28:02,118 - camera_camera - WARNING - High memory usage (86.4%), triggering garbage collection
2025-07-21 22:28:02,349 - camera_camera - WARNING - High memory usage (86.6%), triggering garbage collection
2025-07-21 22:28:04,261 - camera_camera - WARNING - High memory usage (86.7%), triggering garbage collection
2025-07-21 22:28:04,468 - camera_camera - WARNING - High memory usage (86.6%), triggering garbage collection
2025-07-21 22:28:06,387 - camera_camera - WARNING - High memory usage (86.6%), triggering garbage collection
2025-07-21 22:28:06,597 - camera_camera - WARNING - High memory usage (86.5%), triggering garbage collection
2025-07-21 22:28:08,508 - camera_camera - WARNING - High memory usage (86.6%), triggering garbage collection
2025-07-21 22:28:08,723 - camera_camera - WARNING - High memory usage (86.6%), triggering garbage collection
2025-07-21 22:28:09,264 - camera_camera - DEBUG - Initializing USB camera
2025-07-21 22:28:10,635 - camera_camera - WARNING - High memory usage (86.6%), triggering garbage collection
2025-07-21 22:28:10,851 - camera_camera - WARNING - High memory usage (86.4%), triggering garbage collection
2025-07-21 22:28:11,370 - camera_camera - DEBUG - Initializing USB camera
2025-07-21 22:28:12,770 - camera_camera - WARNING - High memory usage (86.5%), triggering garbage collection
2025-07-21 22:28:12,995 - camera_camera - WARNING - High memory usage (86.5%), triggering garbage collection
2025-07-21 22:28:13,470 - camera_camera - DEBUG - Initializing USB camera
2025-07-21 22:28:14,900 - camera_camera - WARNING - High memory usage (86.5%), triggering garbage collection
2025-07-21 22:28:15,117 - camera_camera - WARNING - High memory usage (86.4%), triggering garbage collection
2025-07-21 22:28:15,575 - camera_camera - DEBUG - Initializing USB camera
2025-07-21 22:28:17,022 - camera_camera - WARNING - High memory usage (86.4%), triggering garbage collection
2025-07-21 22:28:17,253 - camera_camera - WARNING - High memory usage (86.6%), triggering garbage collection
2025-07-21 22:28:17,683 - camera_camera - DEBUG - Initializing USB camera
2025-07-21 22:28:19,156 - camera_camera - WARNING - High memory usage (86.8%), triggering garbage collection
2025-07-21 22:28:19,379 - camera_camera - WARNING - High memory usage (86.8%), triggering garbage collection
2025-07-21 22:28:19,788 - camera_camera - DEBUG - Initializing USB camera
2025-07-21 22:28:21,283 - camera_camera - WARNING - High memory usage (86.9%), triggering garbage collection
2025-07-21 22:28:21,509 - camera_camera - WARNING - High memory usage (86.8%), triggering garbage collection
2025-07-21 22:28:23,379 - camera_camera - WARNING - High memory usage (86.9%), triggering garbage collection
2025-07-21 22:28:23,633 - camera_camera - WARNING - High memory usage (86.8%), triggering garbage collection
2025-07-21 22:28:25,522 - camera_camera - WARNING - High memory usage (86.8%), triggering garbage collection
2025-07-21 22:28:25,763 - camera_camera - WARNING - High memory usage (86.8%), triggering garbage collection
2025-07-21 22:28:26,340 - camera_camera - DEBUG - Performed garbage collection
2025-07-21 22:28:26,896 - camera_camera - DEBUG - Initializing USB camera
2025-07-21 22:28:27,411 - PendingVehiclesPanel - INFO - Refreshing pending vehicles list
2025-07-21 22:28:27,415 - DataManager - INFO - Successfully loaded 8 records from data\Tharuni_Associates_Bheemavaram_data.csv
2025-07-21 22:28:27,417 - PendingVehiclesPanel - INFO - Retrieved 8 total records
2025-07-21 22:28:27,442 - PendingVehiclesPanel - INFO - Found 0 unique pending vehicles, prevented 0 duplicates
2025-07-21 22:28:27,444 - PendingVehiclesPanel - INFO - Successfully refreshed pending list with 0 unique vehicles
2025-07-21 22:28:27,651 - camera_camera - WARNING - High memory usage (86.9%), triggering garbage collection
2025-07-21 22:28:27,889 - camera_camera - WARNING - High memory usage (86.9%), triggering garbage collection
2025-07-21 22:28:29,003 - camera_camera - DEBUG - Initializing USB camera
2025-07-21 22:28:29,779 - camera_camera - WARNING - High memory usage (86.8%), triggering garbage collection
2025-07-21 22:28:30,019 - camera_camera - WARNING - High memory usage (86.8%), triggering garbage collection
2025-07-21 22:28:30,132 - camera_camera - DEBUG - Resource usage - CPU: 19.9%, Memory: 86.8%
2025-07-21 22:28:31,100 - camera_camera - DEBUG - Initializing USB camera
2025-07-21 22:28:31,901 - camera_camera - WARNING - High memory usage (86.7%), triggering garbage collection
2025-07-21 22:28:32,162 - camera_camera - WARNING - High memory usage (86.6%), triggering garbage collection
2025-07-21 22:28:33,213 - camera_camera - DEBUG - Initializing USB camera
2025-07-21 22:28:34,038 - camera_camera - WARNING - High memory usage (86.7%), triggering garbage collection
2025-07-21 22:28:34,289 - camera_camera - WARNING - High memory usage (86.6%), triggering garbage collection
2025-07-21 22:28:35,321 - camera_camera - DEBUG - Initializing USB camera
2025-07-21 22:28:36,163 - camera_camera - WARNING - High memory usage (86.6%), triggering garbage collection
2025-07-21 22:28:36,420 - camera_camera - WARNING - High memory usage (86.6%), triggering garbage collection
2025-07-21 22:28:37,421 - camera_camera - DEBUG - Initializing USB camera
2025-07-21 22:28:38,291 - camera_camera - WARNING - High memory usage (86.6%), triggering garbage collection
2025-07-21 22:28:38,563 - camera_camera - WARNING - High memory usage (86.6%), triggering garbage collection
2025-07-21 22:28:40,424 - camera_camera - WARNING - High memory usage (86.9%), triggering garbage collection
2025-07-21 22:28:40,690 - camera_camera - WARNING - High memory usage (86.9%), triggering garbage collection
2025-07-21 22:28:42,566 - camera_camera - WARNING - High memory usage (87.5%), triggering garbage collection
2025-07-21 22:28:42,798 - camera_camera - WARNING - High memory usage (87.5%), triggering garbage collection
2025-07-21 22:28:44,534 - camera_camera - DEBUG - Initializing USB camera
2025-07-21 22:28:44,700 - camera_camera - WARNING - High memory usage (88.0%), triggering garbage collection
2025-07-21 22:28:44,916 - camera_camera - WARNING - High memory usage (88.0%), triggering garbage collection
2025-07-21 22:28:46,644 - camera_camera - DEBUG - Initializing USB camera
2025-07-21 22:28:46,809 - camera_camera - WARNING - High memory usage (88.1%), triggering garbage collection
2025-07-21 22:28:47,036 - camera_camera - WARNING - High memory usage (88.1%), triggering garbage collection
2025-07-21 22:28:48,751 - camera_camera - DEBUG - Initializing USB camera
2025-07-21 22:28:48,946 - camera_camera - WARNING - High memory usage (88.1%), triggering garbage collection
2025-07-21 22:28:49,150 - camera_camera - WARNING - High memory usage (88.1%), triggering garbage collection
2025-07-21 22:28:50,867 - camera_camera - DEBUG - Initializing USB camera
2025-07-21 22:28:51,071 - camera_camera - WARNING - High memory usage (88.3%), triggering garbage collection
2025-07-21 22:28:51,282 - camera_camera - WARNING - High memory usage (88.3%), triggering garbage collection
2025-07-21 22:28:52,971 - camera_camera - DEBUG - Initializing USB camera
2025-07-21 22:28:53,209 - camera_camera - WARNING - High memory usage (88.3%), triggering garbage collection
2025-07-21 22:28:53,416 - camera_camera - WARNING - High memory usage (88.4%), triggering garbage collection
2025-07-21 22:28:55,068 - camera_camera - DEBUG - Initializing USB camera
2025-07-21 22:28:55,342 - camera_camera - WARNING - High memory usage (88.3%), triggering garbage collection
2025-07-21 22:28:55,565 - camera_camera - WARNING - High memory usage (88.4%), triggering garbage collection
2025-07-21 22:28:57,493 - camera_camera - WARNING - High memory usage (88.4%), triggering garbage collection
2025-07-21 22:28:57,684 - camera_camera - WARNING - High memory usage (88.4%), triggering garbage collection
2025-07-21 22:28:59,637 - camera_camera - WARNING - High memory usage (88.4%), triggering garbage collection
2025-07-21 22:28:59,811 - camera_camera - WARNING - High memory usage (88.4%), triggering garbage collection
2025-07-21 22:29:01,763 - camera_camera - WARNING - High memory usage (88.4%), triggering garbage collection
2025-07-21 22:29:01,941 - camera_camera - WARNING - High memory usage (88.3%), triggering garbage collection
2025-07-21 22:29:02,205 - camera_camera - DEBUG - Initializing USB camera
2025-07-21 22:29:03,890 - camera_camera - WARNING - High memory usage (88.1%), triggering garbage collection
2025-07-21 22:29:04,073 - camera_camera - WARNING - High memory usage (88.1%), triggering garbage collection
2025-07-21 22:29:04,318 - camera_camera - DEBUG - Initializing USB camera
2025-07-21 22:29:06,009 - camera_camera - WARNING - High memory usage (88.4%), triggering garbage collection
2025-07-21 22:29:06,192 - camera_camera - WARNING - High memory usage (88.3%), triggering garbage collection
2025-07-21 22:29:06,424 - camera_camera - DEBUG - Initializing USB camera
2025-07-21 22:29:08,114 - camera_camera - WARNING - High memory usage (88.9%), triggering garbage collection
2025-07-21 22:29:08,281 - camera_camera - WARNING - High memory usage (88.9%), triggering garbage collection
2025-07-21 22:29:08,539 - camera_camera - DEBUG - Initializing USB camera
2025-07-21 22:29:10,263 - camera_camera - WARNING - High memory usage (89.0%), triggering garbage collection
2025-07-21 22:29:10,420 - camera_camera - WARNING - High memory usage (89.0%), triggering garbage collection
2025-07-21 22:29:10,647 - camera_camera - DEBUG - Initializing USB camera
2025-07-21 22:29:12,379 - camera_camera - WARNING - High memory usage (89.2%), triggering garbage collection
2025-07-21 22:29:12,546 - camera_camera - WARNING - High memory usage (89.2%), triggering garbage collection
2025-07-21 22:29:12,701 - camera_camera - DEBUG - Initializing USB camera
2025-07-21 22:29:14,522 - camera_camera - WARNING - High memory usage (89.1%), triggering garbage collection
2025-07-21 22:29:14,686 - camera_camera - WARNING - High memory usage (89.1%), triggering garbage collection
2025-07-21 22:29:16,651 - camera_camera - WARNING - High memory usage (89.2%), triggering garbage collection
2025-07-21 22:29:16,823 - camera_camera - WARNING - High memory usage (89.2%), triggering garbage collection
2025-07-21 22:29:18,762 - camera_camera - WARNING - High memory usage (89.2%), triggering garbage collection
2025-07-21 22:29:18,945 - camera_camera - WARNING - High memory usage (89.2%), triggering garbage collection
2025-07-21 22:29:19,822 - camera_camera - DEBUG - Initializing USB camera
2025-07-21 22:29:20,894 - camera_camera - WARNING - High memory usage (89.2%), triggering garbage collection
2025-07-21 22:29:21,102 - camera_camera - WARNING - High memory usage (89.2%), triggering garbage collection
2025-07-21 22:29:21,933 - camera_camera - DEBUG - Initializing USB camera
2025-07-21 22:29:23,045 - camera_camera - WARNING - High memory usage (89.2%), triggering garbage collection
2025-07-21 22:29:23,227 - camera_camera - WARNING - High memory usage (89.0%), triggering garbage collection
2025-07-21 22:29:24,052 - camera_camera - DEBUG - Initializing USB camera
2025-07-21 22:29:25,174 - camera_camera - WARNING - High memory usage (89.0%), triggering garbage collection
2025-07-21 22:29:25,377 - camera_camera - WARNING - High memory usage (89.0%), triggering garbage collection
2025-07-21 22:29:26,167 - camera_camera - DEBUG - Initializing USB camera
2025-07-21 22:29:26,378 - camera_camera - DEBUG - Performed garbage collection
2025-07-21 22:29:27,390 - camera_camera - WARNING - High memory usage (89.0%), triggering garbage collection
2025-07-21 22:29:27,523 - PendingVehiclesPanel - INFO - Refreshing pending vehicles list
2025-07-21 22:29:27,528 - DataManager - INFO - Successfully loaded 8 records from data\Tharuni_Associates_Bheemavaram_data.csv
2025-07-21 22:29:27,530 - PendingVehiclesPanel - INFO - Retrieved 8 total records
2025-07-21 22:29:27,546 - camera_camera - WARNING - High memory usage (89.1%), triggering garbage collection
2025-07-21 22:29:27,696 - PendingVehiclesPanel - INFO - Found 0 unique pending vehicles, prevented 0 duplicates
2025-07-21 22:29:27,698 - PendingVehiclesPanel - INFO - Successfully refreshed pending list with 0 unique vehicles
2025-07-21 22:29:28,384 - camera_camera - DEBUG - Initializing USB camera
2025-07-21 22:29:29,529 - camera_camera - WARNING - High memory usage (89.2%), triggering garbage collection
2025-07-21 22:29:29,709 - camera_camera - WARNING - High memory usage (89.1%), triggering garbage collection
2025-07-21 22:29:30,484 - camera_camera - DEBUG - Initializing USB camera
2025-07-21 22:29:31,678 - camera_camera - WARNING - High memory usage (89.2%), triggering garbage collection
2025-07-21 22:29:31,859 - camera_camera - WARNING - High memory usage (89.2%), triggering garbage collection
2025-07-21 22:29:33,825 - camera_camera - WARNING - High memory usage (89.1%), triggering garbage collection
2025-07-21 22:29:33,996 - camera_camera - WARNING - High memory usage (89.1%), triggering garbage collection
2025-07-21 22:29:35,958 - camera_camera - WARNING - High memory usage (89.2%), triggering garbage collection
2025-07-21 22:29:36,108 - camera_camera - WARNING - High memory usage (89.2%), triggering garbage collection
2025-07-21 22:29:37,605 - camera_camera - DEBUG - Initializing USB camera
2025-07-21 22:29:38,090 - camera_camera - WARNING - High memory usage (89.1%), triggering garbage collection
2025-07-21 22:29:38,242 - camera_camera - WARNING - High memory usage (89.1%), triggering garbage collection
2025-07-21 22:29:39,716 - camera_camera - DEBUG - Initializing USB camera
2025-07-21 22:29:40,240 - camera_camera - WARNING - High memory usage (89.0%), triggering garbage collection
2025-07-21 22:29:40,402 - camera_camera - WARNING - High memory usage (89.1%), triggering garbage collection
2025-07-21 22:29:41,832 - camera_camera - DEBUG - Initializing USB camera
2025-07-21 22:29:42,378 - camera_camera - WARNING - High memory usage (89.1%), triggering garbage collection
2025-07-21 22:29:42,557 - camera_camera - WARNING - High memory usage (89.3%), triggering garbage collection
2025-07-21 22:29:43,944 - camera_camera - DEBUG - Initializing USB camera
2025-07-21 22:29:44,526 - camera_camera - WARNING - High memory usage (89.6%), triggering garbage collection
2025-07-21 22:29:44,700 - camera_camera - WARNING - High memory usage (89.6%), triggering garbage collection
2025-07-21 22:29:45,993 - camera_camera - DEBUG - Initializing USB camera
2025-07-21 22:29:46,626 - camera_camera - WARNING - High memory usage (89.9%), triggering garbage collection
2025-07-21 22:29:46,802 - camera_camera - WARNING - High memory usage (89.9%), triggering garbage collection
2025-07-21 22:29:48,061 - camera_camera - DEBUG - Initializing USB camera
2025-07-21 22:29:48,755 - camera_camera - WARNING - High memory usage (89.9%), triggering garbage collection
2025-07-21 22:29:48,925 - camera_camera - WARNING - High memory usage (89.9%), triggering garbage collection
2025-07-21 22:29:50,898 - camera_camera - WARNING - High memory usage (89.9%), triggering garbage collection
2025-07-21 22:29:51,057 - camera_camera - WARNING - High memory usage (89.9%), triggering garbage collection
2025-07-21 22:29:53,057 - camera_camera - WARNING - High memory usage (89.7%), triggering garbage collection
2025-07-21 22:29:53,184 - camera_camera - WARNING - High memory usage (89.7%), triggering garbage collection
2025-07-21 22:29:55,164 - camera_camera - DEBUG - Initializing USB camera
2025-07-21 22:29:55,189 - camera_camera - WARNING - High memory usage (89.3%), triggering garbage collection
2025-07-21 22:29:55,321 - camera_camera - WARNING - High memory usage (89.3%), triggering garbage collection
2025-07-21 22:29:57,320 - camera_camera - DEBUG - Initializing USB camera
2025-07-21 22:29:57,321 - camera_camera - WARNING - High memory usage (89.3%), triggering garbage collection
2025-07-21 22:29:57,457 - camera_camera - WARNING - High memory usage (89.3%), triggering garbage collection
2025-07-21 22:29:59,445 - camera_camera - DEBUG - Initializing USB camera
2025-07-21 22:29:59,475 - camera_camera - WARNING - High memory usage (89.3%), triggering garbage collection
2025-07-21 22:29:59,587 - camera_camera - WARNING - High memory usage (89.3%), triggering garbage collection
2025-07-21 22:30:01,597 - camera_camera - DEBUG - Initializing USB camera
2025-07-21 22:30:01,598 - camera_camera - WARNING - High memory usage (89.2%), triggering garbage collection
2025-07-21 22:30:01,716 - camera_camera - WARNING - High memory usage (89.3%), triggering garbage collection
2025-07-21 22:30:03,734 - camera_camera - DEBUG - Initializing USB camera
2025-07-21 22:30:03,735 - camera_camera - WARNING - High memory usage (89.3%), triggering garbage collection
2025-07-21 22:30:03,934 - camera_camera - WARNING - High memory usage (89.2%), triggering garbage collection
2025-07-21 22:30:05,853 - camera_camera - DEBUG - Initializing USB camera
2025-07-21 22:30:05,920 - camera_camera - WARNING - High memory usage (89.2%), triggering garbage collection
2025-07-21 22:30:06,061 - camera_camera - WARNING - High memory usage (89.1%), triggering garbage collection
2025-07-21 22:30:08,050 - camera_camera - WARNING - High memory usage (89.2%), triggering garbage collection
2025-07-21 22:30:08,189 - camera_camera - WARNING - High memory usage (89.2%), triggering garbage collection
2025-07-21 22:30:10,181 - camera_camera - WARNING - High memory usage (89.2%), triggering garbage collection
2025-07-21 22:30:10,327 - camera_camera - WARNING - High memory usage (89.1%), triggering garbage collection
2025-07-21 22:30:12,307 - camera_camera - WARNING - High memory usage (89.0%), triggering garbage collection
2025-07-21 22:30:12,444 - camera_camera - WARNING - High memory usage (89.0%), triggering garbage collection
2025-07-21 22:30:13,021 - camera_camera - DEBUG - Initializing USB camera
2025-07-21 22:30:14,441 - camera_camera - WARNING - High memory usage (88.8%), triggering garbage collection
2025-07-21 22:30:14,588 - camera_camera - WARNING - High memory usage (88.8%), triggering garbage collection
2025-07-21 22:30:15,132 - camera_camera - DEBUG - Initializing USB camera
2025-07-21 22:30:16,583 - camera_camera - WARNING - High memory usage (88.4%), triggering garbage collection
2025-07-21 22:30:16,730 - camera_camera - WARNING - High memory usage (88.4%), triggering garbage collection
2025-07-21 22:30:17,227 - camera_camera - DEBUG - Initializing USB camera
2025-07-21 22:30:18,711 - camera_camera - WARNING - High memory usage (88.6%), triggering garbage collection
2025-07-21 22:30:18,868 - camera_camera - WARNING - High memory usage (88.7%), triggering garbage collection
2025-07-21 22:30:19,338 - camera_camera - DEBUG - Initializing USB camera
2025-07-21 22:30:20,837 - camera_camera - WARNING - High memory usage (88.6%), triggering garbage collection
2025-07-21 22:30:20,988 - camera_camera - WARNING - High memory usage (88.7%), triggering garbage collection
2025-07-21 22:30:21,437 - camera_camera - DEBUG - Initializing USB camera
2025-07-21 22:30:22,961 - camera_camera - WARNING - High memory usage (88.7%), triggering garbage collection
2025-07-21 22:30:23,101 - camera_camera - WARNING - High memory usage (88.7%), triggering garbage collection
2025-07-21 22:30:23,547 - camera_camera - DEBUG - Initializing USB camera
2025-07-21 22:30:25,093 - camera_camera - WARNING - High memory usage (88.5%), triggering garbage collection
2025-07-21 22:30:25,239 - camera_camera - WARNING - High memory usage (88.5%), triggering garbage collection
2025-07-21 22:30:26,418 - camera_camera - DEBUG - Performed garbage collection
2025-07-21 22:30:27,235 - camera_camera - WARNING - High memory usage (88.5%), triggering garbage collection
2025-07-21 22:30:27,427 - camera_camera - WARNING - High memory usage (88.4%), triggering garbage collection
2025-07-21 22:30:27,707 - PendingVehiclesPanel - INFO - Refreshing pending vehicles list
2025-07-21 22:30:27,710 - DataManager - INFO - Successfully loaded 8 records from data\Tharuni_Associates_Bheemavaram_data.csv
2025-07-21 22:30:27,711 - PendingVehiclesPanel - INFO - Retrieved 8 total records
2025-07-21 22:30:27,747 - PendingVehiclesPanel - INFO - Found 0 unique pending vehicles, prevented 0 duplicates
2025-07-21 22:30:27,750 - PendingVehiclesPanel - INFO - Successfully refreshed pending list with 0 unique vehicles
2025-07-21 22:30:29,380 - camera_camera - WARNING - High memory usage (88.4%), triggering garbage collection
2025-07-21 22:30:29,558 - camera_camera - WARNING - High memory usage (88.4%), triggering garbage collection
2025-07-21 22:30:30,659 - camera_camera - DEBUG - Initializing USB camera
2025-07-21 22:30:31,506 - camera_camera - WARNING - High memory usage (88.4%), triggering garbage collection
2025-07-21 22:30:31,699 - camera_camera - WARNING - High memory usage (88.4%), triggering garbage collection
2025-07-21 22:30:32,770 - camera_camera - DEBUG - Initializing USB camera
2025-07-21 22:30:33,630 - camera_camera - WARNING - High memory usage (88.6%), triggering garbage collection
2025-07-21 22:30:33,827 - camera_camera - WARNING - High memory usage (88.6%), triggering garbage collection
2025-07-21 22:30:34,876 - camera_camera - DEBUG - Initializing USB camera
2025-07-21 22:30:35,755 - camera_camera - WARNING - High memory usage (88.5%), triggering garbage collection
2025-07-21 22:30:35,955 - camera_camera - WARNING - High memory usage (88.6%), triggering garbage collection
2025-07-21 22:30:36,972 - camera_camera - DEBUG - Initializing USB camera
2025-07-21 22:30:37,894 - camera_camera - WARNING - High memory usage (88.6%), triggering garbage collection
2025-07-21 22:30:38,077 - camera_camera - WARNING - High memory usage (88.7%), triggering garbage collection
2025-07-21 22:30:39,084 - camera_camera - DEBUG - Initializing USB camera
2025-07-21 22:30:40,013 - camera_camera - WARNING - High memory usage (88.7%), triggering garbage collection
2025-07-21 22:30:40,197 - camera_camera - WARNING - High memory usage (88.6%), triggering garbage collection
2025-07-21 22:30:41,180 - camera_camera - DEBUG - Initializing USB camera
2025-07-21 22:30:42,133 - camera_camera - WARNING - High memory usage (88.6%), triggering garbage collection
2025-07-21 22:30:42,338 - camera_camera - WARNING - High memory usage (88.6%), triggering garbage collection
2025-07-21 22:30:44,243 - camera_camera - WARNING - High memory usage (88.6%), triggering garbage collection
2025-07-21 22:30:44,483 - camera_camera - WARNING - High memory usage (88.5%), triggering garbage collection
2025-07-21 22:30:46,376 - camera_camera - WARNING - High memory usage (88.7%), triggering garbage collection
2025-07-21 22:30:46,611 - camera_camera - WARNING - High memory usage (88.7%), triggering garbage collection
2025-07-21 22:30:48,275 - camera_camera - DEBUG - Initializing USB camera
2025-07-21 22:30:48,483 - camera_camera - WARNING - High memory usage (88.7%), triggering garbage collection
2025-07-21 22:30:48,751 - camera_camera - WARNING - High memory usage (88.7%), triggering garbage collection
2025-07-21 22:30:50,355 - camera_camera - DEBUG - Initializing USB camera
2025-07-21 22:30:50,615 - camera_camera - WARNING - High memory usage (88.6%), triggering garbage collection
2025-07-21 22:30:50,908 - camera_camera - WARNING - High memory usage (88.5%), triggering garbage collection
2025-07-21 22:30:52,445 - camera_camera - DEBUG - Initializing USB camera
2025-07-21 22:30:52,691 - camera_camera - WARNING - High memory usage (88.4%), triggering garbage collection
2025-07-21 22:30:53,050 - camera_camera - WARNING - High memory usage (88.5%), triggering garbage collection
2025-07-21 22:30:54,548 - camera_camera - DEBUG - Initializing USB camera
2025-07-21 22:30:54,816 - camera_camera - WARNING - High memory usage (88.6%), triggering garbage collection
2025-07-21 22:30:55,181 - camera_camera - WARNING - High memory usage (88.5%), triggering garbage collection
2025-07-21 22:30:56,648 - camera_camera - DEBUG - Initializing USB camera
2025-07-21 22:30:56,980 - camera_camera - WARNING - High memory usage (88.5%), triggering garbage collection
2025-07-21 22:30:57,319 - camera_camera - WARNING - High memory usage (88.6%), triggering garbage collection
2025-07-21 22:30:58,748 - camera_camera - DEBUG - Initializing USB camera
2025-07-21 22:30:59,107 - camera_camera - WARNING - High memory usage (88.6%), triggering garbage collection
2025-07-21 22:30:59,479 - camera_camera - WARNING - High memory usage (88.5%), triggering garbage collection
2025-07-21 22:31:01,235 - camera_camera - WARNING - High memory usage (88.6%), triggering garbage collection
2025-07-21 22:31:01,619 - camera_camera - WARNING - High memory usage (88.6%), triggering garbage collection
2025-07-21 22:31:03,366 - camera_camera - WARNING - High memory usage (88.6%), triggering garbage collection
2025-07-21 22:31:03,765 - camera_camera - WARNING - High memory usage (88.4%), triggering garbage collection
2025-07-21 22:31:05,523 - camera_camera - WARNING - High memory usage (88.4%), triggering garbage collection
2025-07-21 22:31:05,895 - camera_camera - DEBUG - Initializing USB camera
2025-07-21 22:31:05,896 - camera_camera - WARNING - High memory usage (88.4%), triggering garbage collection
2025-07-21 22:31:07,667 - camera_camera - WARNING - High memory usage (88.4%), triggering garbage collection
2025-07-21 22:31:08,037 - camera_camera - DEBUG - Initializing USB camera
2025-07-21 22:31:08,036 - camera_camera - WARNING - High memory usage (88.4%), triggering garbage collection
2025-07-21 22:31:09,812 - camera_camera - WARNING - High memory usage (88.6%), triggering garbage collection
2025-07-21 22:31:10,179 - camera_camera - DEBUG - Initializing USB camera
2025-07-21 22:31:10,181 - camera_camera - WARNING - High memory usage (88.6%), triggering garbage collection
2025-07-21 22:31:11,940 - camera_camera - WARNING - High memory usage (88.5%), triggering garbage collection
2025-07-21 22:31:12,319 - camera_camera - DEBUG - Initializing USB camera
2025-07-21 22:31:12,345 - camera_camera - WARNING - High memory usage (88.5%), triggering garbage collection
2025-07-21 22:31:14,066 - camera_camera - WARNING - High memory usage (88.4%), triggering garbage collection
2025-07-21 22:31:14,460 - camera_camera - DEBUG - Initializing USB camera
2025-07-21 22:31:14,486 - camera_camera - WARNING - High memory usage (88.4%), triggering garbage collection
2025-07-21 22:31:16,203 - camera_camera - WARNING - High memory usage (88.5%), triggering garbage collection
2025-07-21 22:31:16,604 - camera_camera - DEBUG - Initializing USB camera
2025-07-21 22:31:16,606 - camera_camera - WARNING - High memory usage (88.4%), triggering garbage collection
2025-07-21 22:31:18,324 - camera_camera - WARNING - High memory usage (88.4%), triggering garbage collection
2025-07-21 22:31:18,754 - camera_camera - WARNING - High memory usage (88.4%), triggering garbage collection
2025-07-21 22:31:20,468 - camera_camera - WARNING - High memory usage (88.4%), triggering garbage collection
2025-07-21 22:31:20,867 - camera_camera - WARNING - High memory usage (88.3%), triggering garbage collection
2025-07-21 22:31:22,611 - camera_camera - WARNING - High memory usage (88.4%), triggering garbage collection
2025-07-21 22:31:22,994 - camera_camera - WARNING - High memory usage (88.3%), triggering garbage collection
2025-07-21 22:31:23,740 - camera_camera - DEBUG - Initializing USB camera
2025-07-21 22:31:24,753 - camera_camera - WARNING - High memory usage (88.3%), triggering garbage collection
2025-07-21 22:31:25,122 - camera_camera - WARNING - High memory usage (88.3%), triggering garbage collection
2025-07-21 22:31:25,836 - camera_camera - DEBUG - Initializing USB camera
2025-07-21 22:31:26,447 - camera_camera - DEBUG - Performed garbage collection
2025-07-21 22:31:26,868 - camera_camera - WARNING - High memory usage (88.3%), triggering garbage collection
2025-07-21 22:31:27,246 - camera_camera - WARNING - High memory usage (88.3%), triggering garbage collection
2025-07-21 22:31:27,764 - PendingVehiclesPanel - INFO - Refreshing pending vehicles list
2025-07-21 22:31:27,767 - DataManager - INFO - Successfully loaded 8 records from data\Tharuni_Associates_Bheemavaram_data.csv
2025-07-21 22:31:27,768 - PendingVehiclesPanel - INFO - Retrieved 8 total records
2025-07-21 22:31:27,791 - PendingVehiclesPanel - INFO - Found 0 unique pending vehicles, prevented 0 duplicates
2025-07-21 22:31:27,793 - PendingVehiclesPanel - INFO - Successfully refreshed pending list with 0 unique vehicles
2025-07-21 22:31:27,939 - camera_camera - DEBUG - Initializing USB camera
2025-07-21 22:31:28,994 - camera_camera - WARNING - High memory usage (88.4%), triggering garbage collection
2025-07-21 22:31:29,379 - camera_camera - WARNING - High memory usage (88.4%), triggering garbage collection
2025-07-21 22:31:30,048 - camera_camera - DEBUG - Initializing USB camera
2025-07-21 22:31:31,122 - camera_camera - WARNING - High memory usage (88.3%), triggering garbage collection
2025-07-21 22:31:31,504 - camera_camera - WARNING - High memory usage (88.4%), triggering garbage collection
2025-07-21 22:31:32,157 - camera_camera - DEBUG - Initializing USB camera
2025-07-21 22:31:33,244 - camera_camera - WARNING - High memory usage (88.3%), triggering garbage collection
2025-07-21 22:31:33,635 - camera_camera - WARNING - High memory usage (88.4%), triggering garbage collection
2025-07-21 22:31:34,250 - camera_camera - DEBUG - Initializing USB camera
2025-07-21 22:31:35,368 - camera_camera - WARNING - High memory usage (88.4%), triggering garbage collection
2025-07-21 22:31:35,780 - camera_camera - WARNING - High memory usage (88.2%), triggering garbage collection
2025-07-21 22:31:37,498 - camera_camera - WARNING - High memory usage (88.3%), triggering garbage collection
2025-07-21 22:31:37,923 - camera_camera - WARNING - High memory usage (88.3%), triggering garbage collection
2025-07-21 22:31:39,633 - camera_camera - WARNING - High memory usage (88.3%), triggering garbage collection
2025-07-21 22:31:40,067 - camera_camera - WARNING - High memory usage (88.3%), triggering garbage collection
2025-07-21 22:31:41,380 - camera_camera - DEBUG - Initializing USB camera
2025-07-21 22:31:41,763 - camera_camera - WARNING - High memory usage (88.2%), triggering garbage collection
2025-07-21 22:31:42,187 - camera_camera - WARNING - High memory usage (88.2%), triggering garbage collection
2025-07-21 22:31:43,476 - camera_camera - DEBUG - Initializing USB camera
2025-07-21 22:31:43,902 - camera_camera - WARNING - High memory usage (88.3%), triggering garbage collection
2025-07-21 22:31:44,330 - camera_camera - WARNING - High memory usage (88.2%), triggering garbage collection
2025-07-21 22:31:45,566 - camera_camera - DEBUG - Initializing USB camera
2025-07-21 22:31:46,036 - camera_camera - WARNING - High memory usage (90.3%), triggering garbage collection
2025-07-21 22:31:46,451 - camera_camera - WARNING - High memory usage (89.9%), triggering garbage collection
2025-07-21 22:31:47,626 - camera_camera - DEBUG - Initializing USB camera
2025-07-21 22:31:48,138 - camera_camera - WARNING - High memory usage (89.1%), triggering garbage collection
2025-07-21 22:31:48,588 - camera_camera - WARNING - High memory usage (88.7%), triggering garbage collection
2025-07-21 22:31:49,679 - camera_camera - DEBUG - Initializing USB camera
2025-07-21 22:31:50,226 - camera_camera - WARNING - High memory usage (87.7%), triggering garbage collection
2025-07-21 22:31:50,670 - camera_camera - WARNING - High memory usage (87.6%), triggering garbage collection
2025-07-21 22:31:51,743 - camera_camera - DEBUG - Initializing USB camera
2025-07-21 22:31:52,290 - camera_camera - WARNING - High memory usage (87.7%), triggering garbage collection
2025-07-21 22:31:52,766 - camera_camera - WARNING - High memory usage (87.8%), triggering garbage collection
2025-07-21 22:31:54,416 - camera_camera - WARNING - High memory usage (87.7%), triggering garbage collection
2025-07-21 22:31:54,897 - camera_camera - WARNING - High memory usage (87.6%), triggering garbage collection
2025-07-21 22:31:56,508 - camera_camera - WARNING - High memory usage (87.7%), triggering garbage collection
2025-07-21 22:31:56,994 - camera_camera - WARNING - High memory usage (87.7%), triggering garbage collection
2025-07-21 22:31:58,616 - camera_camera - WARNING - High memory usage (87.6%), triggering garbage collection
2025-07-21 22:31:58,818 - camera_camera - DEBUG - Initializing USB camera
2025-07-21 22:31:59,095 - camera_camera - WARNING - High memory usage (87.6%), triggering garbage collection
2025-07-21 22:32:00,739 - camera_camera - WARNING - High memory usage (87.7%), triggering garbage collection
2025-07-21 22:32:00,848 - camera_camera - DEBUG - Resource usage - CPU: 12.0%, Memory: 87.7%
2025-07-21 22:32:00,901 - camera_camera - DEBUG - Initializing USB camera
2025-07-21 22:32:01,209 - camera_camera - WARNING - High memory usage (87.6%), triggering garbage collection
2025-07-22 20:17:14,436 - PendingVehiclesPanel - INFO - Refreshing pending vehicles list
2025-07-22 20:17:14,449 - DataManager - INFO - Successfully loaded 8 records from data\Tharuni_Associates_Bheemavaram_data.csv
2025-07-22 20:17:14,447 - camera_camera - WARNING - High memory usage (88.3%), triggering garbage collection
2025-07-22 20:17:14,455 - PendingVehiclesPanel - INFO - Retrieved 8 total records
2025-07-22 20:17:14,703 - PendingVehiclesPanel - INFO - Found 0 unique pending vehicles, prevented 0 duplicates
2025-07-22 20:17:14,708 - PendingVehiclesPanel - INFO - Successfully refreshed pending list with 0 unique vehicles
2025-07-22 20:17:14,718 - DataManager - INFO - Created new daily folder: data\reports\2025-07-22
2025-07-22 20:17:14,785 - camera_camera - WARNING - High memory usage (89.4%), triggering garbage collection
2025-07-22 20:17:15,025 - camera_camera - DEBUG - Performed garbage collection
2025-07-22 20:17:15,024 - camera_camera - INFO - Restarting camera feed
2025-07-22 20:17:15,033 - camera_camera - DEBUG - Initializing USB camera
2025-07-22 20:17:15,051 - camera_camera - INFO - Stopping camera feed
2025-07-22 20:17:15,406 - camera_camera - DEBUG - Initializing USB camera
2025-07-22 20:17:16,984 - camera_camera - WARNING - High CPU usage (100.0%), reducing FPS to 29
2025-07-22 20:17:16,987 - camera_camera - WARNING - High memory usage (93.2%), triggering garbage collection
2025-07-22 20:17:17,492 - camera_camera - DEBUG - Initializing USB camera
2025-07-22 20:17:18,109 - camera_camera - DEBUG - Optimized video thread started
2025-07-22 20:17:18,108 - camera_camera - INFO - Optimized video capture loop started
2025-07-22 20:17:18,110 - camera_camera - DEBUG - Initializing USB camera
2025-07-22 20:17:19,082 - camera_camera - WARNING - High CPU usage (96.4%), reducing FPS to 28
2025-07-22 20:17:19,083 - camera_camera - WARNING - High memory usage (94.2%), triggering garbage collection
2025-07-23 01:45:41,594 - PendingVehiclesPanel - INFO - Refreshing pending vehicles list
2025-07-23 01:45:41,767 - DataManager - INFO - Successfully loaded 8 records from data\Tharuni_Associates_Bheemavaram_data.csv
2025-07-23 01:45:41,896 - camera_camera - DEBUG - Initializing USB camera
2025-07-23 01:45:41,924 - PendingVehiclesPanel - INFO - Retrieved 8 total records
2025-07-23 01:45:42,509 - PendingVehiclesPanel - INFO - Found 0 unique pending vehicles, prevented 0 duplicates
2025-07-23 01:45:42,519 - PendingVehiclesPanel - INFO - Successfully refreshed pending list with 0 unique vehicles
2025-07-23 01:45:42,524 - DataManager - INFO - Created new daily folder: data\reports\2025-07-23
2025-07-23 01:45:42,652 - camera_camera - WARNING - High memory usage (94.4%), triggering garbage collection
2025-07-23 01:45:44,762 - camera_camera - DEBUG - Initializing USB camera
2025-07-23 01:45:44,786 - camera_camera - WARNING - High CPU usage (100.0%), reducing FPS to 27.5
2025-07-23 01:45:44,787 - camera_camera - WARNING - High memory usage (93.9%), triggering garbage collection
2025-07-23 01:45:45,361 - camera_camera - INFO - Restarting camera feed
2025-07-23 01:45:45,362 - camera_camera - INFO - Stopping camera feed
