2025-07-13 22:13:29,975 - TharuniApp - INFO - ============================================================
2025-07-13 22:13:29,975 - TharuniApp - INFO - APPLICATION STARTUP
2025-07-13 22:13:29,976 - TharuniApp - INFO - ============================================================
2025-07-13 22:13:30,082 - TharuniApp - INFO - Configuration setup completed
2025-07-13 22:13:30,084 - DataManager - INFO - DataManager initialized with OFFLINE-FIRST approach + JSON local storage
2025-07-13 22:13:30,101 - DataManager - INFO - CSV structure is up to date
2025-07-13 22:13:30,105 - DataManager - INFO - Unified folder structure ready:
2025-07-13 22:13:30,107 - DataManager - INFO -   Reports: data\reports\2025-07-13
2025-07-13 22:13:30,107 - DataManager - INFO -   JSON Backups: data\json_backups\2025-07-13
2025-07-13 22:13:30,108 - DataManager - INFO -   PDF Folder: data\reports\2025-07-13
2025-07-13 22:13:30,109 - DataManager - INFO - All folder attributes ensured and validated
2025-07-13 22:13:30,141 - DataManager - INFO - 🔍 Checking if archive is due...
2025-07-13 22:13:30,154 - DataManager - INFO - CSV analysis: 0 total records, 0 complete records
2025-07-13 22:13:30,160 - DataManager - INFO - CSV file has no complete records to archive
2025-07-13 22:13:30,162 - DataManager - INFO - ⏳ Archive not due yet
2025-07-13 22:13:30,163 - DataManager - INFO - Data file: data\weighbridge_data.csv
2025-07-13 22:13:30,164 - DataManager - INFO - Reports folder: data\reports
2025-07-13 22:13:30,164 - DataManager - INFO - JSON backup folder: data\json_backups
2025-07-13 22:13:30,165 - DataManager - INFO - Today's JSON folder: data\json_backups\2025-07-13
2025-07-13 22:13:30,166 - DataManager - INFO - Today's PDF folder: data\reports\2025-07-13
2025-07-13 22:13:30,166 - DataManager - INFO - Cloud storage will only be initialized when backup is requested
2025-07-13 22:13:30,168 - TharuniApp - INFO - Data manager initialized
2025-07-13 22:13:30,239 - TharuniApp - INFO - Using hardcoded settings storage
2025-07-13 22:13:30,241 - TharuniApp - INFO - UI styles initialized
2025-07-13 22:13:30,241 - TharuniApp - INFO - Starting user authentication
2025-07-13 22:13:41,725 - TharuniApp - INFO - Hardcoded authentication successful: admin
2025-07-13 22:13:41,726 - TharuniApp - INFO - User logged in: admin (Role: admin)
2025-07-13 22:13:41,726 - TharuniApp - INFO - Setting up data context
2025-07-13 22:13:41,727 - TharuniApp - INFO - Using hardcoded agency and site values
2025-07-13 22:13:41,728 - DataManager - INFO - CSV structure is up to date
2025-07-13 22:13:41,728 - DataManager - INFO - Data context set to: Agency='Tharuni Associates', Site='Narasaraopeta'
2025-07-13 22:13:41,729 - DataManager - INFO - Data file: data\Tharuni_Associates_Narasaraopeta_data.csv
2025-07-13 22:13:41,730 - TharuniApp - INFO - Data context initialized: Agency='Tharuni Associates', Site='Narasaraopeta'
2025-07-13 22:13:41,730 - TharuniApp - INFO - Data will be saved to: data\Tharuni_Associates_Narasaraopeta_data.csv
2025-07-13 22:13:41,731 - TharuniApp - INFO - PDFs will be saved to: data\reports\2025-07-13
2025-07-13 22:13:41,731 - TharuniApp - INFO - Creating application widgets
2025-07-13 22:13:41,760 - TharuniApp - INFO - Creating main panel
2025-07-13 22:13:41,777 - FormValidator - INFO - FormValidator initialized
2025-07-13 22:13:41,798 - DataManager - INFO - Successfully loaded 64 records from data\Tharuni_Associates_Narasaraopeta_data.csv
2025-07-13 22:13:42,048 - camera_camera - INFO - Enhanced logging initialized for Camera camera
2025-07-13 22:13:42,232 - camera_camera - DEBUG - Resource monitoring started
2025-07-13 22:13:42,231 - camera_camera - WARNING - High memory usage (86.6%), triggering garbage collection
2025-07-13 22:13:42,309 - camera_camera - DEBUG - Optimized video thread started
2025-07-13 22:13:42,308 - camera_camera - INFO - Optimized video capture loop started
2025-07-13 22:13:42,312 - camera_camera - DEBUG - Initializing USB camera
2025-07-13 22:13:42,312 - camera_camera - DEBUG - Camera watchdog started
2025-07-13 22:13:42,313 - camera_camera - DEBUG - Camera watchdog enabled
2025-07-13 22:13:42,321 - camera_camera - INFO - Enhanced logging initialized for Camera camera
2025-07-13 22:13:42,345 - camera_camera - DEBUG - Resource monitoring started
2025-07-13 22:13:42,344 - camera_camera - WARNING - High memory usage (86.7%), triggering garbage collection
2025-07-13 22:13:42,428 - camera_camera - DEBUG - Optimized video thread started
2025-07-13 22:13:42,427 - camera_camera - INFO - Optimized video capture loop started
2025-07-13 22:13:42,431 - camera_camera - DEBUG - Initializing USB camera
2025-07-13 22:13:42,432 - camera_camera - DEBUG - Camera watchdog started
2025-07-13 22:13:42,433 - camera_camera - DEBUG - Camera watchdog enabled
2025-07-13 22:13:43,087 - DataManager - INFO - Successfully loaded 64 records from data\Tharuni_Associates_Narasaraopeta_data.csv
2025-07-13 22:13:43,088 - MainForm - INFO - MainForm initialized
2025-07-13 22:13:43,088 - TharuniApp - INFO - Main form created
2025-07-13 22:13:43,089 - MainForm - INFO - Using hardcoded dropdown values
2025-07-13 22:13:43,090 - PendingVehiclesPanel - INFO - PendingVehiclesPanel initialized
2025-07-13 22:13:43,100 - PendingVehiclesPanel - INFO - Refreshing pending vehicles list
2025-07-13 22:13:43,103 - DataManager - INFO - Successfully loaded 64 records from data\Tharuni_Associates_Narasaraopeta_data.csv
2025-07-13 22:13:43,104 - PendingVehiclesPanel - INFO - Retrieved 64 total records
2025-07-13 22:13:43,158 - PendingVehiclesPanel - INFO - Found 0 unique pending vehicles, prevented 0 duplicates
2025-07-13 22:13:43,159 - PendingVehiclesPanel - INFO - Successfully refreshed pending list with 0 unique vehicles
2025-07-13 22:13:43,159 - TharuniApp - INFO - Pending vehicles panel created
2025-07-13 22:13:43,768 - TharuniApp - INFO - Main panel creation completed
2025-07-13 22:13:43,791 - TharuniApp - INFO - Summary panel created
2025-07-13 22:13:43,808 - weighbridge - INFO - Enhanced logging initialized for WeighbridgeManager
2025-07-13 22:13:43,811 - weighbridge - INFO - Initializing WeighbridgeManager
2025-07-13 22:13:43,815 - weighbridge - DEBUG - Weight parsing patterns compiled successfully
2025-07-13 22:13:43,818 - weighbridge - DEBUG - Signal handlers registered
2025-07-13 22:13:43,821 - weighbridge - INFO - SUCCESS: WeighbridgeManager initialized successfully
2025-07-13 22:13:43,843 - weighbridge - DEBUG - Scanning for available COM ports
2025-07-13 22:13:43,881 - weighbridge - WARNING - No COM ports found
2025-07-13 22:13:44,333 - camera_camera - WARNING - High memory usage (87.0%), triggering garbage collection
2025-07-13 22:13:44,452 - camera_camera - WARNING - High memory usage (87.1%), triggering garbage collection
2025-07-13 22:13:44,716 - weighbridge - WARNING - Test mode ENABLED - weighbridge will simulate readings
2025-07-13 22:13:44,728 - TharuniApp - INFO - ✅ Data manager reference set in settings panel
2025-07-13 22:13:44,728 - TharuniApp - INFO - Widget creation completed successfully
2025-07-13 22:13:44,732 - PendingVehiclesPanel - INFO - Refreshing pending vehicles list
2025-07-13 22:13:44,737 - DataManager - INFO - Successfully loaded 64 records from data\Tharuni_Associates_Narasaraopeta_data.csv
2025-07-13 22:13:44,738 - PendingVehiclesPanel - INFO - Retrieved 64 total records
2025-07-13 22:13:44,830 - PendingVehiclesPanel - INFO - Found 0 unique pending vehicles, prevented 0 duplicates
2025-07-13 22:13:44,831 - PendingVehiclesPanel - INFO - Successfully refreshed pending list with 0 unique vehicles
2025-07-13 22:13:44,841 - TharuniApp - INFO - Application initialization completed successfully
2025-07-13 22:13:45,049 - camera_camera - DEBUG - Initializing USB camera
2025-07-13 22:13:45,728 - TharuniApp - INFO - Ensuring settings persistence...
2025-07-13 22:13:45,732 - TharuniApp - INFO - Found saved weighbridge settings: {'com_port': 'COM3', 'baud_rate': 9600, 'data_bits': 8, 'parity': 'None', 'stop_bits': 1.0, 'test_mode': True}
2025-07-13 22:13:45,733 - TharuniApp - INFO - Settings persistence check completed
2025-07-13 22:13:46,450 - camera_camera - WARNING - High memory usage (87.3%), triggering garbage collection
2025-07-13 22:13:46,568 - camera_camera - WARNING - High memory usage (87.3%), triggering garbage collection
2025-07-13 22:13:47,166 - camera_camera - DEBUG - Initializing USB camera
2025-07-13 22:13:47,738 - weighbridge - DEBUG - Scanning for available COM ports
2025-07-13 22:13:47,752 - weighbridge - WARNING - No COM ports found
2025-07-13 22:13:48,537 - camera_camera - WARNING - High memory usage (87.3%), triggering garbage collection
2025-07-13 22:13:48,633 - camera_camera - WARNING - High memory usage (87.3%), triggering garbage collection
2025-07-13 22:13:49,083 - DataManager - INFO - Successfully loaded 64 records from data\Tharuni_Associates_Narasaraopeta_data.csv
2025-07-13 22:13:49,084 - DataManager - INFO - Returning all 64 records (no filter)
2025-07-13 22:13:49,216 - camera_camera - DEBUG - Initializing USB camera
2025-07-13 22:13:50,626 - camera_camera - WARNING - High memory usage (86.5%), triggering garbage collection
2025-07-13 22:13:50,682 - camera_camera - WARNING - High memory usage (86.4%), triggering garbage collection
2025-07-13 22:13:51,265 - camera_camera - DEBUG - Initializing USB camera
2025-07-13 22:13:52,686 - camera_camera - WARNING - High memory usage (86.4%), triggering garbage collection
2025-07-13 22:13:52,750 - camera_camera - WARNING - High memory usage (86.3%), triggering garbage collection
2025-07-13 22:13:53,314 - camera_camera - DEBUG - Initializing USB camera
2025-07-13 22:13:54,769 - camera_camera - WARNING - High memory usage (86.3%), triggering garbage collection
2025-07-13 22:13:54,843 - camera_camera - WARNING - High memory usage (86.3%), triggering garbage collection
2025-07-13 22:13:56,850 - camera_camera - WARNING - High memory usage (86.3%), triggering garbage collection
2025-07-13 22:13:56,901 - camera_camera - WARNING - High memory usage (86.3%), triggering garbage collection
2025-07-13 22:13:58,123 - DataManager - INFO - Successfully loaded 64 records from data\Tharuni_Associates_Narasaraopeta_data.csv
2025-07-13 22:13:58,919 - camera_camera - WARNING - High memory usage (86.4%), triggering garbage collection
2025-07-13 22:13:58,967 - camera_camera - WARNING - High memory usage (86.5%), triggering garbage collection
2025-07-13 22:13:59,360 - camera_camera - INFO - SUCCESS: Camera connection stabilized
2025-07-13 22:14:00,364 - camera_camera - DEBUG - Initializing USB camera
2025-07-13 22:14:00,970 - camera_camera - WARNING - High memory usage (87.2%), triggering garbage collection
2025-07-13 22:14:01,072 - camera_camera - DEBUG - Resource usage - CPU: 33.5%, Memory: 87.2%
2025-07-13 22:14:01,071 - camera_camera - WARNING - High memory usage (87.2%), triggering garbage collection
2025-07-13 22:14:02,475 - camera_camera - DEBUG - Initializing USB camera
2025-07-13 22:14:03,088 - camera_camera - WARNING - High memory usage (87.2%), triggering garbage collection
2025-07-13 22:14:03,199 - camera_camera - WARNING - High memory usage (87.2%), triggering garbage collection
2025-07-13 22:14:04,592 - camera_camera - DEBUG - Initializing USB camera
2025-07-13 22:14:05,226 - camera_camera - WARNING - High memory usage (86.7%), triggering garbage collection
2025-07-13 22:14:05,331 - camera_camera - WARNING - High memory usage (86.7%), triggering garbage collection
2025-07-13 22:14:06,702 - camera_camera - DEBUG - Initializing USB camera
2025-07-13 22:14:07,346 - camera_camera - WARNING - High memory usage (86.9%), triggering garbage collection
2025-07-13 22:14:07,463 - camera_camera - WARNING - High memory usage (86.9%), triggering garbage collection
2025-07-13 22:14:08,814 - camera_camera - DEBUG - Initializing USB camera
2025-07-13 22:14:09,501 - camera_camera - WARNING - High memory usage (86.8%), triggering garbage collection
2025-07-13 22:14:09,613 - camera_camera - WARNING - High memory usage (86.8%), triggering garbage collection
2025-07-13 22:14:10,910 - camera_camera - DEBUG - Initializing USB camera
2025-07-13 22:14:11,637 - camera_camera - WARNING - High memory usage (86.8%), triggering garbage collection
2025-07-13 22:14:11,748 - camera_camera - WARNING - High memory usage (86.8%), triggering garbage collection
2025-07-13 22:14:13,753 - camera_camera - WARNING - High memory usage (86.7%), triggering garbage collection
2025-07-13 22:14:13,862 - camera_camera - WARNING - High memory usage (86.7%), triggering garbage collection
2025-07-13 22:14:15,882 - camera_camera - WARNING - High memory usage (86.8%), triggering garbage collection
2025-07-13 22:14:16,000 - camera_camera - WARNING - High memory usage (86.8%), triggering garbage collection
2025-07-13 22:14:18,003 - camera_camera - DEBUG - Initializing USB camera
2025-07-13 22:14:18,013 - camera_camera - WARNING - High memory usage (86.6%), triggering garbage collection
2025-07-13 22:14:18,134 - camera_camera - WARNING - High memory usage (86.8%), triggering garbage collection
2025-07-13 22:14:20,122 - camera_camera - DEBUG - Initializing USB camera
2025-07-13 22:14:20,142 - camera_camera - WARNING - High memory usage (88.1%), triggering garbage collection
2025-07-13 22:14:20,248 - camera_camera - WARNING - High memory usage (87.9%), triggering garbage collection
2025-07-13 22:14:22,195 - camera_camera - DEBUG - Initializing USB camera
2025-07-13 22:14:22,220 - camera_camera - WARNING - High memory usage (87.5%), triggering garbage collection
2025-07-13 22:14:22,329 - camera_camera - WARNING - High memory usage (87.6%), triggering garbage collection
2025-07-13 22:14:24,333 - camera_camera - DEBUG - Initializing USB camera
2025-07-13 22:14:24,334 - camera_camera - WARNING - High memory usage (87.7%), triggering garbage collection
2025-07-13 22:14:24,447 - camera_camera - WARNING - High memory usage (87.8%), triggering garbage collection
2025-07-13 22:14:26,451 - camera_camera - DEBUG - Initializing USB camera
2025-07-13 22:14:26,477 - camera_camera - WARNING - High memory usage (87.9%), triggering garbage collection
2025-07-13 22:14:26,590 - camera_camera - WARNING - High memory usage (87.9%), triggering garbage collection
2025-07-13 22:14:28,594 - camera_camera - DEBUG - Initializing USB camera
2025-07-13 22:14:28,612 - camera_camera - WARNING - High memory usage (87.9%), triggering garbage collection
2025-07-13 22:14:28,713 - camera_camera - WARNING - High memory usage (87.9%), triggering garbage collection
2025-07-13 22:14:30,667 - camera_camera - WARNING - High memory usage (88.0%), triggering garbage collection
2025-07-13 22:14:30,756 - camera_camera - DEBUG - Resource usage - CPU: 32.7%, Memory: 88.0%
2025-07-13 22:14:30,832 - camera_camera - WARNING - High memory usage (88.0%), triggering garbage collection
2025-07-13 22:14:30,925 - camera_camera - DEBUG - Resource usage - CPU: 34.1%, Memory: 88.0%
2025-07-13 22:14:32,780 - camera_camera - WARNING - High memory usage (88.2%), triggering garbage collection
2025-07-13 22:14:33,002 - camera_camera - WARNING - High memory usage (88.6%), triggering garbage collection
2025-07-13 22:14:35,018 - camera_camera - WARNING - High memory usage (90.1%), triggering garbage collection
2025-07-13 22:14:35,117 - camera_camera - WARNING - High memory usage (90.1%), triggering garbage collection
2025-07-13 22:14:35,656 - camera_camera - DEBUG - Initializing USB camera
2025-07-13 22:14:37,150 - camera_camera - WARNING - High memory usage (89.9%), triggering garbage collection
2025-07-13 22:14:37,271 - camera_camera - WARNING - High memory usage (89.8%), triggering garbage collection
2025-07-13 22:14:37,771 - camera_camera - DEBUG - Initializing USB camera
2025-07-13 22:14:39,283 - camera_camera - WARNING - High memory usage (90.0%), triggering garbage collection
2025-07-13 22:14:39,407 - camera_camera - WARNING - High memory usage (90.1%), triggering garbage collection
2025-07-13 22:14:39,874 - camera_camera - DEBUG - Initializing USB camera
2025-07-13 22:14:41,389 - camera_camera - WARNING - High memory usage (90.1%), triggering garbage collection
2025-07-13 22:14:41,493 - camera_camera - WARNING - High memory usage (90.0%), triggering garbage collection
2025-07-13 22:14:41,972 - camera_camera - DEBUG - Initializing USB camera
2025-07-13 22:14:42,509 - camera_camera - DEBUG - Performed garbage collection
2025-07-13 22:14:43,515 - camera_camera - WARNING - High memory usage (89.6%), triggering garbage collection
2025-07-13 22:14:43,603 - camera_camera - WARNING - High memory usage (89.6%), triggering garbage collection
2025-07-13 22:14:44,084 - camera_camera - DEBUG - Initializing USB camera
2025-07-13 22:14:44,833 - PendingVehiclesPanel - INFO - Refreshing pending vehicles list
2025-07-13 22:14:44,840 - DataManager - INFO - Successfully loaded 64 records from data\Tharuni_Associates_Narasaraopeta_data.csv
2025-07-13 22:14:44,842 - PendingVehiclesPanel - INFO - Retrieved 64 total records
2025-07-13 22:14:45,028 - PendingVehiclesPanel - INFO - Found 0 unique pending vehicles, prevented 0 duplicates
2025-07-13 22:14:45,029 - PendingVehiclesPanel - INFO - Successfully refreshed pending list with 0 unique vehicles
2025-07-13 22:14:45,607 - camera_camera - WARNING - High memory usage (85.5%), triggering garbage collection
2025-07-13 22:14:45,714 - camera_camera - WARNING - High memory usage (85.2%), triggering garbage collection
2025-07-13 22:14:46,173 - camera_camera - DEBUG - Initializing USB camera
2025-07-13 22:14:47,754 - camera_camera - WARNING - High memory usage (85.2%), triggering garbage collection
2025-07-13 22:14:47,867 - camera_camera - WARNING - High memory usage (85.2%), triggering garbage collection
2025-07-13 22:14:53,249 - camera_camera - DEBUG - Initializing USB camera
2025-07-13 22:14:55,314 - camera_camera - DEBUG - Initializing USB camera
2025-07-13 22:14:57,448 - camera_camera - DEBUG - Initializing USB camera
2025-07-13 22:14:57,975 - camera_camera - WARNING - High memory usage (85.7%), triggering garbage collection
2025-07-13 22:14:58,069 - camera_camera - WARNING - High memory usage (85.8%), triggering garbage collection
2025-07-13 22:14:59,538 - camera_camera - DEBUG - Initializing USB camera
2025-07-13 22:15:00,059 - camera_camera - WARNING - High memory usage (86.9%), triggering garbage collection
2025-07-13 22:15:00,161 - camera_camera - DEBUG - Resource usage - CPU: 45.3%, Memory: 86.9%
2025-07-13 22:15:00,162 - camera_camera - WARNING - High memory usage (86.9%), triggering garbage collection
2025-07-13 22:15:00,252 - camera_camera - DEBUG - Resource usage - CPU: 43.9%, Memory: 86.9%
2025-07-13 22:15:01,650 - camera_camera - DEBUG - Initializing USB camera
2025-07-13 22:15:02,184 - camera_camera - WARNING - High memory usage (86.8%), triggering garbage collection
2025-07-13 22:15:02,314 - camera_camera - WARNING - High memory usage (86.8%), triggering garbage collection
2025-07-13 22:15:03,755 - camera_camera - DEBUG - Initializing USB camera
2025-07-13 22:15:04,342 - camera_camera - WARNING - High memory usage (87.6%), triggering garbage collection
2025-07-13 22:15:04,477 - camera_camera - WARNING - High memory usage (87.7%), triggering garbage collection
2025-07-13 22:15:06,426 - camera_camera - WARNING - High memory usage (87.7%), triggering garbage collection
2025-07-13 22:15:06,602 - camera_camera - WARNING - High memory usage (87.7%), triggering garbage collection
2025-07-13 22:15:08,553 - camera_camera - WARNING - High memory usage (87.8%), triggering garbage collection
2025-07-13 22:15:08,708 - camera_camera - WARNING - High memory usage (87.8%), triggering garbage collection
2025-07-13 22:15:10,865 - camera_camera - DEBUG - Initializing USB camera
2025-07-13 22:15:12,901 - camera_camera - DEBUG - Initializing USB camera
2025-07-13 22:15:15,030 - camera_camera - DEBUG - Initializing USB camera
2025-07-13 22:15:17,129 - camera_camera - DEBUG - Initializing USB camera
2025-07-13 22:15:19,235 - camera_camera - DEBUG - Initializing USB camera
2025-07-13 22:15:21,339 - camera_camera - DEBUG - Initializing USB camera
2025-07-13 22:15:28,445 - camera_camera - DEBUG - Initializing USB camera
2025-07-13 22:15:30,538 - camera_camera - DEBUG - Initializing USB camera
2025-07-13 22:15:30,953 - camera_camera - WARNING - High memory usage (85.4%), triggering garbage collection
2025-07-13 22:15:31,063 - camera_camera - DEBUG - Resource usage - CPU: 35.3%, Memory: 85.4%
2025-07-13 22:15:31,062 - camera_camera - WARNING - High memory usage (85.3%), triggering garbage collection
2025-07-13 22:15:32,613 - camera_camera - DEBUG - Initializing USB camera
2025-07-13 22:15:33,085 - camera_camera - WARNING - High memory usage (85.2%), triggering garbage collection
2025-07-13 22:15:33,216 - camera_camera - WARNING - High memory usage (85.2%), triggering garbage collection
2025-07-13 22:15:34,712 - camera_camera - DEBUG - Initializing USB camera
2025-07-13 22:15:35,223 - camera_camera - WARNING - High memory usage (85.8%), triggering garbage collection
2025-07-13 22:15:35,357 - camera_camera - WARNING - High memory usage (85.7%), triggering garbage collection
2025-07-13 22:15:36,822 - camera_camera - DEBUG - Initializing USB camera
2025-07-13 22:15:37,379 - camera_camera - WARNING - High memory usage (85.5%), triggering garbage collection
2025-07-13 22:15:37,490 - camera_camera - WARNING - High memory usage (85.6%), triggering garbage collection
2025-07-13 22:15:38,933 - camera_camera - DEBUG - Initializing USB camera
2025-07-13 22:15:39,515 - camera_camera - WARNING - High memory usage (85.6%), triggering garbage collection
2025-07-13 22:15:39,637 - camera_camera - WARNING - High memory usage (85.6%), triggering garbage collection
2025-07-13 22:15:41,641 - camera_camera - WARNING - High memory usage (85.3%), triggering garbage collection
2025-07-13 22:15:41,761 - camera_camera - WARNING - High memory usage (85.3%), triggering garbage collection
2025-07-13 22:15:42,499 - camera_camera - DEBUG - Performed garbage collection
2025-07-13 22:15:43,768 - camera_camera - WARNING - High memory usage (85.4%), triggering garbage collection
2025-07-13 22:15:43,884 - camera_camera - WARNING - High memory usage (85.4%), triggering garbage collection
2025-07-13 22:15:45,036 - PendingVehiclesPanel - INFO - Refreshing pending vehicles list
2025-07-13 22:15:45,043 - DataManager - INFO - Successfully loaded 64 records from data\Tharuni_Associates_Narasaraopeta_data.csv
2025-07-13 22:15:45,045 - PendingVehiclesPanel - INFO - Retrieved 64 total records
2025-07-13 22:15:45,214 - PendingVehiclesPanel - INFO - Found 0 unique pending vehicles, prevented 0 duplicates
2025-07-13 22:15:45,217 - PendingVehiclesPanel - INFO - Successfully refreshed pending list with 0 unique vehicles
2025-07-13 22:15:45,879 - camera_camera - WARNING - High memory usage (85.5%), triggering garbage collection
2025-07-13 22:15:46,005 - camera_camera - WARNING - High memory usage (85.4%), triggering garbage collection
2025-07-13 22:15:46,103 - camera_camera - DEBUG - Initializing USB camera
2025-07-13 22:15:48,169 - camera_camera - DEBUG - Initializing USB camera
2025-07-13 22:15:50,276 - camera_camera - DEBUG - Initializing USB camera
2025-07-13 22:15:52,372 - camera_camera - DEBUG - Initializing USB camera
2025-07-13 22:15:54,484 - camera_camera - DEBUG - Initializing USB camera
2025-07-13 22:15:56,596 - camera_camera - DEBUG - Initializing USB camera
2025-07-13 22:16:00,208 - camera_camera - DEBUG - Resource usage - CPU: 21.5%, Memory: 83.0%
2025-07-13 22:16:00,307 - camera_camera - DEBUG - Resource usage - CPU: 25.2%, Memory: 83.2%
2025-07-13 22:16:03,709 - camera_camera - DEBUG - Initializing USB camera
2025-07-13 22:16:05,746 - camera_camera - DEBUG - Initializing USB camera
2025-07-13 22:16:07,877 - camera_camera - DEBUG - Initializing USB camera
2025-07-13 22:16:08,331 - camera_camera - WARNING - High memory usage (85.5%), triggering garbage collection
2025-07-13 22:16:08,442 - camera_camera - WARNING - High memory usage (85.5%), triggering garbage collection
2025-07-13 22:16:09,985 - camera_camera - DEBUG - Initializing USB camera
2025-07-13 22:16:10,461 - camera_camera - WARNING - High memory usage (85.7%), triggering garbage collection
2025-07-13 22:16:10,601 - camera_camera - WARNING - High memory usage (85.7%), triggering garbage collection
2025-07-13 22:16:12,084 - camera_camera - DEBUG - Initializing USB camera
2025-07-13 22:16:12,630 - camera_camera - WARNING - High memory usage (85.2%), triggering garbage collection
2025-07-13 22:16:12,747 - camera_camera - WARNING - High memory usage (85.4%), triggering garbage collection
2025-07-13 22:16:14,180 - camera_camera - DEBUG - Initializing USB camera
2025-07-13 22:16:14,763 - camera_camera - WARNING - High memory usage (85.1%), triggering garbage collection
2025-07-13 22:16:14,877 - camera_camera - WARNING - High memory usage (85.1%), triggering garbage collection
2025-07-13 22:16:21,316 - camera_camera - DEBUG - Initializing USB camera
2025-07-13 22:16:23,412 - camera_camera - DEBUG - Initializing USB camera
2025-07-13 22:16:25,508 - camera_camera - DEBUG - Initializing USB camera
2025-07-13 22:16:27,604 - camera_camera - DEBUG - Initializing USB camera
2025-07-13 22:16:29,713 - camera_camera - DEBUG - Initializing USB camera
2025-07-13 22:16:31,813 - camera_camera - DEBUG - Initializing USB camera
2025-07-13 22:16:38,917 - camera_camera - DEBUG - Initializing USB camera
2025-07-13 22:16:41,028 - camera_camera - DEBUG - Initializing USB camera
2025-07-13 22:16:41,285 - camera_camera - WARNING - High memory usage (87.4%), triggering garbage collection
2025-07-13 22:16:41,391 - camera_camera - WARNING - High memory usage (87.4%), triggering garbage collection
2025-07-13 22:16:42,500 - camera_camera - DEBUG - Performed garbage collection
2025-07-13 22:16:43,138 - camera_camera - DEBUG - Initializing USB camera
2025-07-13 22:16:43,412 - camera_camera - WARNING - High memory usage (87.3%), triggering garbage collection
2025-07-13 22:16:43,537 - camera_camera - WARNING - High memory usage (87.3%), triggering garbage collection
2025-07-13 22:16:45,227 - PendingVehiclesPanel - INFO - Refreshing pending vehicles list
2025-07-13 22:16:45,235 - DataManager - INFO - Successfully loaded 64 records from data\Tharuni_Associates_Narasaraopeta_data.csv
2025-07-13 22:16:45,237 - PendingVehiclesPanel - INFO - Retrieved 64 total records
2025-07-13 22:16:45,245 - camera_camera - DEBUG - Initializing USB camera
2025-07-13 22:16:45,441 - PendingVehiclesPanel - INFO - Found 0 unique pending vehicles, prevented 0 duplicates
2025-07-13 22:16:45,443 - PendingVehiclesPanel - INFO - Successfully refreshed pending list with 0 unique vehicles
2025-07-13 22:16:45,555 - camera_camera - WARNING - High memory usage (86.0%), triggering garbage collection
2025-07-13 22:16:45,682 - camera_camera - WARNING - High memory usage (86.0%), triggering garbage collection
2025-07-13 22:16:47,444 - camera_camera - DEBUG - Initializing USB camera
2025-07-13 22:16:47,692 - camera_camera - WARNING - High memory usage (85.1%), triggering garbage collection
2025-07-13 22:16:49,552 - camera_camera - DEBUG - Initializing USB camera
2025-07-13 22:16:56,662 - camera_camera - DEBUG - Initializing USB camera
2025-07-13 22:16:58,763 - camera_camera - DEBUG - Initializing USB camera
2025-07-13 22:17:00,042 - camera_camera - DEBUG - Resource usage - CPU: 33.7%, Memory: 83.9%
2025-07-13 22:17:00,054 - camera_camera - DEBUG - Resource usage - CPU: 35.1%, Memory: 83.9%
2025-07-13 22:17:00,867 - camera_camera - DEBUG - Initializing USB camera
2025-07-13 22:17:02,964 - camera_camera - DEBUG - Initializing USB camera
2025-07-13 22:17:05,059 - camera_camera - DEBUG - Initializing USB camera
2025-07-13 22:17:07,157 - camera_camera - DEBUG - Initializing USB camera
2025-07-13 22:17:14,261 - camera_camera - DEBUG - Initializing USB camera
2025-07-13 22:17:16,373 - camera_camera - DEBUG - Initializing USB camera
2025-07-13 22:17:18,483 - camera_camera - DEBUG - Initializing USB camera
2025-07-13 22:17:20,582 - camera_camera - DEBUG - Initializing USB camera
2025-07-13 22:17:22,692 - camera_camera - DEBUG - Initializing USB camera
2025-07-13 22:17:24,789 - camera_camera - DEBUG - Initializing USB camera
2025-07-13 22:17:30,313 - camera_camera - DEBUG - Resource usage - CPU: 14.7%, Memory: 83.7%
2025-07-13 22:17:30,359 - camera_camera - DEBUG - Resource usage - CPU: 14.2%, Memory: 83.6%
2025-07-13 22:17:31,908 - camera_camera - DEBUG - Initializing USB camera
2025-07-13 22:17:34,020 - camera_camera - DEBUG - Initializing USB camera
2025-07-13 22:17:36,133 - camera_camera - DEBUG - Initializing USB camera
2025-07-13 22:17:38,227 - camera_camera - DEBUG - Initializing USB camera
2025-07-13 22:17:40,338 - camera_camera - DEBUG - Initializing USB camera
2025-07-13 22:17:42,520 - camera_camera - DEBUG - Initializing USB camera
2025-07-13 22:17:42,534 - camera_camera - DEBUG - Performed garbage collection
2025-07-13 22:17:45,458 - PendingVehiclesPanel - INFO - Refreshing pending vehicles list
2025-07-13 22:17:45,465 - DataManager - INFO - Successfully loaded 64 records from data\Tharuni_Associates_Narasaraopeta_data.csv
2025-07-13 22:17:45,467 - PendingVehiclesPanel - INFO - Retrieved 64 total records
2025-07-13 22:17:45,632 - PendingVehiclesPanel - INFO - Found 0 unique pending vehicles, prevented 0 duplicates
2025-07-13 22:17:45,634 - PendingVehiclesPanel - INFO - Successfully refreshed pending list with 0 unique vehicles
2025-07-13 22:17:49,652 - camera_camera - DEBUG - Initializing USB camera
2025-07-13 22:17:51,779 - camera_camera - DEBUG - Initializing USB camera
2025-07-13 22:17:53,875 - camera_camera - DEBUG - Initializing USB camera
2025-07-13 22:17:55,988 - camera_camera - DEBUG - Initializing USB camera
2025-07-13 22:17:58,100 - camera_camera - DEBUG - Initializing USB camera
2025-07-13 22:18:00,212 - camera_camera - DEBUG - Initializing USB camera
2025-07-13 22:18:00,740 - camera_camera - DEBUG - Resource usage - CPU: 29.4%, Memory: 84.3%
2025-07-13 22:18:00,766 - camera_camera - DEBUG - Resource usage - CPU: 29.0%, Memory: 84.3%
2025-07-13 22:18:07,310 - camera_camera - DEBUG - Initializing USB camera
2025-07-13 22:18:09,422 - camera_camera - DEBUG - Initializing USB camera
2025-07-13 22:18:11,541 - camera_camera - DEBUG - Initializing USB camera
2025-07-13 22:18:12,918 - camera_camera - WARNING - High memory usage (85.3%), triggering garbage collection
2025-07-13 22:18:12,919 - camera_camera - WARNING - High memory usage (85.3%), triggering garbage collection
2025-07-13 22:18:13,640 - camera_camera - DEBUG - Initializing USB camera
2025-07-13 22:18:14,978 - camera_camera - WARNING - High memory usage (87.6%), triggering garbage collection
2025-07-13 22:18:15,041 - camera_camera - WARNING - High memory usage (87.7%), triggering garbage collection
2025-07-13 22:18:15,678 - camera_camera - DEBUG - Initializing USB camera
2025-07-13 22:18:17,132 - camera_camera - WARNING - High memory usage (88.8%), triggering garbage collection
2025-07-13 22:18:17,133 - camera_camera - WARNING - High memory usage (88.8%), triggering garbage collection
2025-07-13 22:18:17,714 - camera_camera - DEBUG - Initializing USB camera
2025-07-13 22:18:19,218 - camera_camera - WARNING - High memory usage (88.8%), triggering garbage collection
2025-07-13 22:18:19,319 - camera_camera - WARNING - High memory usage (88.8%), triggering garbage collection
2025-07-13 22:18:21,340 - camera_camera - WARNING - High memory usage (88.7%), triggering garbage collection
2025-07-13 22:18:21,463 - camera_camera - WARNING - High memory usage (88.7%), triggering garbage collection
2025-07-13 22:18:23,480 - camera_camera - WARNING - High memory usage (88.7%), triggering garbage collection
2025-07-13 22:18:23,590 - camera_camera - WARNING - High memory usage (88.7%), triggering garbage collection
2025-07-13 22:18:24,808 - camera_camera - DEBUG - Initializing USB camera
2025-07-13 22:18:25,603 - camera_camera - WARNING - High memory usage (88.6%), triggering garbage collection
2025-07-13 22:18:25,735 - camera_camera - WARNING - High memory usage (88.7%), triggering garbage collection
2025-07-13 22:18:26,874 - camera_camera - DEBUG - Initializing USB camera
2025-07-13 22:18:27,753 - camera_camera - WARNING - High memory usage (88.7%), triggering garbage collection
2025-07-13 22:18:27,882 - camera_camera - WARNING - High memory usage (88.7%), triggering garbage collection
2025-07-13 22:18:29,014 - camera_camera - DEBUG - Initializing USB camera
2025-07-13 22:18:29,876 - camera_camera - WARNING - High memory usage (91.8%), triggering garbage collection
2025-07-13 22:18:30,008 - camera_camera - WARNING - High memory usage (91.8%), triggering garbage collection
2025-07-13 22:18:31,140 - camera_camera - DEBUG - Initializing USB camera
2025-07-13 22:18:31,996 - camera_camera - WARNING - High memory usage (91.8%), triggering garbage collection
2025-07-13 22:18:32,152 - camera_camera - WARNING - High memory usage (91.8%), triggering garbage collection
2025-07-13 22:18:33,237 - camera_camera - DEBUG - Initializing USB camera
2025-07-13 22:18:34,127 - camera_camera - WARNING - High memory usage (91.6%), triggering garbage collection
2025-07-13 22:18:34,277 - camera_camera - WARNING - High memory usage (91.3%), triggering garbage collection
2025-07-13 22:18:35,343 - camera_camera - DEBUG - Initializing USB camera
2025-07-13 22:18:36,255 - camera_camera - WARNING - High memory usage (89.0%), triggering garbage collection
2025-07-13 22:18:36,404 - camera_camera - WARNING - High memory usage (88.9%), triggering garbage collection
2025-07-13 22:18:38,373 - camera_camera - WARNING - High memory usage (88.5%), triggering garbage collection
2025-07-13 22:18:38,525 - camera_camera - WARNING - High memory usage (88.5%), triggering garbage collection
2025-07-13 22:18:40,491 - camera_camera - WARNING - High memory usage (88.5%), triggering garbage collection
2025-07-13 22:18:40,637 - camera_camera - WARNING - High memory usage (88.5%), triggering garbage collection
2025-07-13 22:18:42,435 - camera_camera - DEBUG - Initializing USB camera
2025-07-13 22:18:42,556 - camera_camera - DEBUG - Performed garbage collection
2025-07-13 22:18:42,601 - camera_camera - WARNING - High memory usage (88.4%), triggering garbage collection
2025-07-13 22:18:42,762 - camera_camera - WARNING - High memory usage (88.5%), triggering garbage collection
2025-07-13 22:18:44,552 - camera_camera - DEBUG - Initializing USB camera
2025-07-13 22:18:44,724 - camera_camera - WARNING - High memory usage (87.8%), triggering garbage collection
2025-07-13 22:18:44,889 - camera_camera - WARNING - High memory usage (87.8%), triggering garbage collection
2025-07-13 22:18:45,652 - PendingVehiclesPanel - INFO - Refreshing pending vehicles list
2025-07-13 22:18:45,659 - DataManager - INFO - Successfully loaded 64 records from data\Tharuni_Associates_Narasaraopeta_data.csv
2025-07-13 22:18:45,660 - PendingVehiclesPanel - INFO - Retrieved 64 total records
2025-07-13 22:18:45,834 - PendingVehiclesPanel - INFO - Found 0 unique pending vehicles, prevented 0 duplicates
2025-07-13 22:18:45,836 - PendingVehiclesPanel - INFO - Successfully refreshed pending list with 0 unique vehicles
2025-07-13 22:18:46,672 - camera_camera - DEBUG - Initializing USB camera
2025-07-13 22:18:46,798 - camera_camera - WARNING - High memory usage (87.8%), triggering garbage collection
2025-07-13 22:18:47,020 - camera_camera - WARNING - High memory usage (87.8%), triggering garbage collection
2025-07-13 22:18:48,786 - camera_camera - DEBUG - Initializing USB camera
2025-07-13 22:18:48,919 - camera_camera - WARNING - High memory usage (88.3%), triggering garbage collection
2025-07-13 22:18:49,148 - camera_camera - WARNING - High memory usage (88.3%), triggering garbage collection
2025-07-13 22:18:50,882 - camera_camera - DEBUG - Initializing USB camera
2025-07-13 22:18:51,048 - camera_camera - WARNING - High memory usage (88.4%), triggering garbage collection
2025-07-13 22:18:51,278 - camera_camera - WARNING - High memory usage (88.4%), triggering garbage collection
2025-07-13 22:18:53,012 - camera_camera - DEBUG - Initializing USB camera
2025-07-13 22:18:53,182 - camera_camera - WARNING - High memory usage (88.7%), triggering garbage collection
2025-07-13 22:18:53,394 - camera_camera - WARNING - High memory usage (88.7%), triggering garbage collection
2025-07-13 22:18:55,320 - camera_camera - WARNING - High memory usage (88.5%), triggering garbage collection
2025-07-13 22:18:55,488 - camera_camera - WARNING - High memory usage (88.5%), triggering garbage collection
2025-07-13 22:18:57,527 - camera_camera - WARNING - High memory usage (88.6%), triggering garbage collection
2025-07-13 22:18:57,654 - camera_camera - WARNING - High memory usage (88.6%), triggering garbage collection
2025-07-13 22:18:59,667 - camera_camera - WARNING - High memory usage (88.6%), triggering garbage collection
2025-07-13 22:18:59,800 - camera_camera - WARNING - High memory usage (88.6%), triggering garbage collection
2025-07-13 22:19:00,139 - camera_camera - DEBUG - Initializing USB camera
2025-07-13 22:19:01,813 - camera_camera - WARNING - High memory usage (88.6%), triggering garbage collection
2025-07-13 22:19:01,927 - camera_camera - WARNING - High memory usage (88.6%), triggering garbage collection
2025-07-13 22:19:02,265 - camera_camera - DEBUG - Initializing USB camera
2025-07-13 22:19:03,921 - camera_camera - WARNING - High memory usage (88.6%), triggering garbage collection
2025-07-13 22:19:04,017 - camera_camera - WARNING - High memory usage (88.7%), triggering garbage collection
2025-07-13 22:19:04,346 - camera_camera - DEBUG - Initializing USB camera
2025-07-13 22:19:06,030 - camera_camera - WARNING - High memory usage (88.1%), triggering garbage collection
2025-07-13 22:19:06,098 - camera_camera - WARNING - High memory usage (88.0%), triggering garbage collection
2025-07-13 22:19:06,397 - camera_camera - DEBUG - Initializing USB camera
2025-07-13 22:19:08,130 - camera_camera - WARNING - High memory usage (87.8%), triggering garbage collection
2025-07-13 22:19:08,244 - camera_camera - WARNING - High memory usage (87.8%), triggering garbage collection
2025-07-13 22:19:08,454 - camera_camera - DEBUG - Initializing USB camera
2025-07-13 22:19:10,265 - camera_camera - WARNING - High memory usage (87.9%), triggering garbage collection
2025-07-13 22:19:10,392 - camera_camera - WARNING - High memory usage (87.9%), triggering garbage collection
2025-07-13 22:19:10,562 - camera_camera - DEBUG - Initializing USB camera
2025-07-13 22:19:12,409 - camera_camera - WARNING - High memory usage (87.9%), triggering garbage collection
2025-07-13 22:19:12,529 - camera_camera - WARNING - High memory usage (87.9%), triggering garbage collection
2025-07-13 22:19:14,548 - camera_camera - WARNING - High memory usage (87.8%), triggering garbage collection
2025-07-13 22:19:14,663 - camera_camera - WARNING - High memory usage (87.8%), triggering garbage collection
2025-07-13 22:19:16,686 - camera_camera - WARNING - High memory usage (87.8%), triggering garbage collection
2025-07-13 22:19:16,802 - camera_camera - WARNING - High memory usage (87.8%), triggering garbage collection
2025-07-13 22:19:17,676 - camera_camera - DEBUG - Initializing USB camera
2025-07-13 22:19:18,820 - camera_camera - WARNING - High memory usage (87.3%), triggering garbage collection
2025-07-13 22:19:18,938 - camera_camera - WARNING - High memory usage (87.5%), triggering garbage collection
2025-07-13 22:19:19,769 - camera_camera - DEBUG - Initializing USB camera
2025-07-13 22:19:20,942 - camera_camera - WARNING - High memory usage (87.5%), triggering garbage collection
2025-07-13 22:19:21,078 - camera_camera - WARNING - High memory usage (87.5%), triggering garbage collection
2025-07-13 22:19:21,864 - camera_camera - DEBUG - Initializing USB camera
2025-07-13 22:19:23,077 - camera_camera - WARNING - High memory usage (87.3%), triggering garbage collection
2025-07-13 22:19:23,215 - camera_camera - WARNING - High memory usage (87.3%), triggering garbage collection
2025-07-13 22:19:23,979 - camera_camera - DEBUG - Initializing USB camera
2025-07-13 22:19:25,205 - camera_camera - WARNING - High memory usage (87.5%), triggering garbage collection
2025-07-13 22:19:25,331 - camera_camera - WARNING - High memory usage (87.5%), triggering garbage collection
2025-07-13 22:19:26,098 - camera_camera - DEBUG - Initializing USB camera
2025-07-13 22:19:27,323 - camera_camera - WARNING - High memory usage (87.7%), triggering garbage collection
2025-07-13 22:19:27,451 - camera_camera - WARNING - High memory usage (87.7%), triggering garbage collection
2025-07-13 22:19:28,195 - camera_camera - DEBUG - Initializing USB camera
2025-07-13 22:19:29,487 - camera_camera - WARNING - High memory usage (86.9%), triggering garbage collection
2025-07-13 22:19:29,581 - camera_camera - WARNING - High memory usage (86.9%), triggering garbage collection
2025-07-13 22:19:31,569 - camera_camera - WARNING - High memory usage (86.9%), triggering garbage collection
2025-07-13 22:19:31,692 - camera_camera - WARNING - High memory usage (86.9%), triggering garbage collection
2025-07-13 22:19:33,710 - camera_camera - WARNING - High memory usage (86.2%), triggering garbage collection
2025-07-13 22:19:33,838 - camera_camera - WARNING - High memory usage (86.2%), triggering garbage collection
2025-07-13 22:19:35,320 - camera_camera - DEBUG - Initializing USB camera
2025-07-13 22:19:35,857 - camera_camera - WARNING - High memory usage (86.6%), triggering garbage collection
2025-07-13 22:19:35,984 - camera_camera - WARNING - High memory usage (86.6%), triggering garbage collection
2025-07-13 22:19:37,377 - camera_camera - DEBUG - Initializing USB camera
2025-07-13 22:19:37,927 - camera_camera - WARNING - High memory usage (86.8%), triggering garbage collection
2025-07-13 22:19:38,059 - camera_camera - WARNING - High memory usage (86.9%), triggering garbage collection
2025-07-13 22:19:39,492 - camera_camera - DEBUG - Initializing USB camera
2025-07-13 22:19:40,058 - camera_camera - WARNING - High memory usage (86.9%), triggering garbage collection
2025-07-13 22:19:40,197 - camera_camera - WARNING - High memory usage (86.9%), triggering garbage collection
2025-07-13 22:19:41,589 - camera_camera - DEBUG - Initializing USB camera
2025-07-13 22:19:42,187 - camera_camera - WARNING - High memory usage (86.9%), triggering garbage collection
2025-07-13 22:19:42,307 - camera_camera - WARNING - High memory usage (86.9%), triggering garbage collection
2025-07-13 22:19:42,615 - camera_camera - DEBUG - Performed garbage collection
2025-07-13 22:19:43,697 - camera_camera - DEBUG - Initializing USB camera
2025-07-13 22:19:44,316 - camera_camera - WARNING - High memory usage (86.7%), triggering garbage collection
2025-07-13 22:19:44,433 - camera_camera - WARNING - High memory usage (86.7%), triggering garbage collection
2025-07-13 22:19:45,794 - camera_camera - DEBUG - Initializing USB camera
2025-07-13 22:19:45,843 - PendingVehiclesPanel - INFO - Refreshing pending vehicles list
2025-07-13 22:19:45,852 - DataManager - INFO - Successfully loaded 64 records from data\Tharuni_Associates_Narasaraopeta_data.csv
2025-07-13 22:19:45,854 - PendingVehiclesPanel - INFO - Retrieved 64 total records
2025-07-13 22:19:46,050 - PendingVehiclesPanel - INFO - Found 0 unique pending vehicles, prevented 0 duplicates
2025-07-13 22:19:46,053 - PendingVehiclesPanel - INFO - Successfully refreshed pending list with 0 unique vehicles
2025-07-13 22:19:46,459 - camera_camera - WARNING - High memory usage (86.3%), triggering garbage collection
2025-07-13 22:19:46,577 - camera_camera - WARNING - High memory usage (86.3%), triggering garbage collection
2025-07-13 22:19:48,587 - camera_camera - WARNING - High memory usage (86.1%), triggering garbage collection
2025-07-13 22:19:48,703 - camera_camera - WARNING - High memory usage (86.1%), triggering garbage collection
2025-07-13 22:19:50,729 - camera_camera - WARNING - High memory usage (86.1%), triggering garbage collection
2025-07-13 22:19:50,845 - camera_camera - WARNING - High memory usage (86.1%), triggering garbage collection
2025-07-13 22:19:52,859 - camera_camera - WARNING - High memory usage (86.1%), triggering garbage collection
2025-07-13 22:19:52,976 - camera_camera - DEBUG - Initializing USB camera
2025-07-13 22:19:52,978 - camera_camera - WARNING - High memory usage (86.1%), triggering garbage collection
2025-07-13 22:19:54,985 - camera_camera - WARNING - High memory usage (86.0%), triggering garbage collection
2025-07-13 22:19:55,135 - camera_camera - DEBUG - Initializing USB camera
2025-07-13 22:19:55,134 - camera_camera - WARNING - High memory usage (86.1%), triggering garbage collection
2025-07-13 22:19:57,118 - camera_camera - WARNING - High memory usage (85.7%), triggering garbage collection
2025-07-13 22:19:57,276 - camera_camera - DEBUG - Initializing USB camera
2025-07-13 22:19:57,275 - camera_camera - WARNING - High memory usage (85.9%), triggering garbage collection
2025-07-13 22:19:59,240 - camera_camera - WARNING - High memory usage (85.8%), triggering garbage collection
2025-07-13 22:19:59,417 - camera_camera - DEBUG - Initializing USB camera
2025-07-13 22:19:59,415 - camera_camera - WARNING - High memory usage (85.8%), triggering garbage collection
2025-07-13 22:20:01,371 - camera_camera - WARNING - High memory usage (86.0%), triggering garbage collection
2025-07-13 22:20:01,525 - camera_camera - DEBUG - Initializing USB camera
2025-07-13 22:20:01,547 - camera_camera - WARNING - High memory usage (86.0%), triggering garbage collection
2025-07-13 22:20:03,503 - camera_camera - WARNING - High memory usage (86.0%), triggering garbage collection
2025-07-13 22:20:03,675 - camera_camera - DEBUG - Initializing USB camera
2025-07-13 22:20:03,674 - camera_camera - WARNING - High memory usage (86.0%), triggering garbage collection
2025-07-13 22:20:05,629 - camera_camera - WARNING - High memory usage (86.2%), triggering garbage collection
2025-07-13 22:20:05,815 - camera_camera - WARNING - High memory usage (86.4%), triggering garbage collection
2025-07-13 22:20:07,710 - camera_camera - WARNING - High memory usage (86.5%), triggering garbage collection
2025-07-13 22:20:07,883 - camera_camera - WARNING - High memory usage (86.3%), triggering garbage collection
2025-07-13 22:20:09,847 - camera_camera - WARNING - High memory usage (86.2%), triggering garbage collection
2025-07-13 22:20:10,036 - camera_camera - WARNING - High memory usage (86.2%), triggering garbage collection
2025-07-13 22:20:10,822 - camera_camera - DEBUG - Initializing USB camera
2025-07-13 22:20:11,987 - camera_camera - WARNING - High memory usage (86.6%), triggering garbage collection
2025-07-13 22:20:12,137 - camera_camera - WARNING - High memory usage (86.6%), triggering garbage collection
2025-07-13 22:20:12,947 - camera_camera - DEBUG - Initializing USB camera
2025-07-13 22:20:14,100 - camera_camera - WARNING - High memory usage (86.6%), triggering garbage collection
2025-07-13 22:20:14,252 - camera_camera - WARNING - High memory usage (86.7%), triggering garbage collection
2025-07-13 22:20:15,055 - camera_camera - DEBUG - Initializing USB camera
2025-07-13 22:20:16,233 - camera_camera - WARNING - High memory usage (87.3%), triggering garbage collection
2025-07-13 22:20:16,382 - camera_camera - WARNING - High memory usage (87.3%), triggering garbage collection
2025-07-13 22:20:17,140 - camera_camera - DEBUG - Initializing USB camera
2025-07-13 22:20:18,347 - camera_camera - WARNING - High memory usage (85.7%), triggering garbage collection
2025-07-13 22:20:18,511 - camera_camera - WARNING - High memory usage (85.4%), triggering garbage collection
2025-07-13 22:20:19,239 - camera_camera - DEBUG - Initializing USB camera
2025-07-13 22:20:20,450 - camera_camera - WARNING - High memory usage (85.1%), triggering garbage collection
2025-07-13 22:20:20,632 - camera_camera - WARNING - High memory usage (85.1%), triggering garbage collection
2025-07-13 22:20:21,321 - camera_camera - DEBUG - Initializing USB camera
2025-07-13 22:20:22,571 - camera_camera - WARNING - High memory usage (85.4%), triggering garbage collection
2025-07-13 22:20:22,757 - camera_camera - WARNING - High memory usage (85.4%), triggering garbage collection
2025-07-13 22:20:24,714 - camera_camera - WARNING - High memory usage (85.4%), triggering garbage collection
2025-07-13 22:20:24,878 - camera_camera - WARNING - High memory usage (85.4%), triggering garbage collection
2025-07-13 22:20:26,840 - camera_camera - WARNING - High memory usage (85.3%), triggering garbage collection
2025-07-13 22:20:26,958 - camera_camera - WARNING - High memory usage (85.3%), triggering garbage collection
2025-07-13 22:20:28,365 - camera_camera - DEBUG - Initializing USB camera
2025-07-13 22:20:28,976 - camera_camera - WARNING - High memory usage (85.3%), triggering garbage collection
2025-07-13 22:20:29,102 - camera_camera - WARNING - High memory usage (85.3%), triggering garbage collection
2025-07-13 22:20:30,470 - camera_camera - DEBUG - Initializing USB camera
2025-07-13 22:20:31,116 - camera_camera - WARNING - High memory usage (85.1%), triggering garbage collection
2025-07-13 22:20:31,242 - camera_camera - WARNING - High memory usage (85.1%), triggering garbage collection
2025-07-13 22:20:32,571 - camera_camera - DEBUG - Initializing USB camera
2025-07-13 22:20:34,705 - camera_camera - DEBUG - Initializing USB camera
2025-07-13 22:20:36,805 - camera_camera - DEBUG - Initializing USB camera
2025-07-13 22:20:37,272 - camera_camera - WARNING - High memory usage (85.2%), triggering garbage collection
2025-07-13 22:20:37,428 - camera_camera - WARNING - High memory usage (85.2%), triggering garbage collection
2025-07-13 22:20:38,914 - camera_camera - DEBUG - Initializing USB camera
2025-07-13 22:20:39,420 - camera_camera - WARNING - High memory usage (86.5%), triggering garbage collection
2025-07-13 22:20:39,564 - camera_camera - WARNING - High memory usage (86.8%), triggering garbage collection
2025-07-13 22:20:41,557 - camera_camera - WARNING - High memory usage (87.1%), triggering garbage collection
2025-07-13 22:20:41,667 - camera_camera - WARNING - High memory usage (87.1%), triggering garbage collection
2025-07-13 22:20:42,645 - camera_camera - DEBUG - Performed garbage collection
2025-07-13 22:20:43,672 - camera_camera - WARNING - High memory usage (87.1%), triggering garbage collection
2025-07-13 22:20:43,791 - camera_camera - WARNING - High memory usage (87.1%), triggering garbage collection
2025-07-13 22:20:45,795 - camera_camera - WARNING - High memory usage (87.0%), triggering garbage collection
2025-07-13 22:20:45,906 - camera_camera - WARNING - High memory usage (87.0%), triggering garbage collection
2025-07-13 22:20:45,985 - camera_camera - DEBUG - Initializing USB camera
2025-07-13 22:20:46,059 - PendingVehiclesPanel - INFO - Refreshing pending vehicles list
2025-07-13 22:20:46,065 - DataManager - INFO - Successfully loaded 64 records from data\Tharuni_Associates_Narasaraopeta_data.csv
2025-07-13 22:20:46,066 - PendingVehiclesPanel - INFO - Retrieved 64 total records
2025-07-13 22:20:46,156 - PendingVehiclesPanel - INFO - Found 0 unique pending vehicles, prevented 0 duplicates
2025-07-13 22:20:46,157 - PendingVehiclesPanel - INFO - Successfully refreshed pending list with 0 unique vehicles
2025-07-13 22:20:47,910 - camera_camera - WARNING - High memory usage (87.1%), triggering garbage collection
2025-07-13 22:20:48,011 - camera_camera - WARNING - High memory usage (87.1%), triggering garbage collection
2025-07-13 22:20:48,077 - camera_camera - DEBUG - Initializing USB camera
2025-07-13 22:20:50,041 - camera_camera - WARNING - High memory usage (85.2%), triggering garbage collection
2025-07-13 22:20:50,166 - camera_camera - DEBUG - Initializing USB camera
2025-07-13 22:20:50,163 - camera_camera - WARNING - High memory usage (85.2%), triggering garbage collection
2025-07-13 22:20:52,188 - camera_camera - WARNING - High memory usage (85.2%), triggering garbage collection
2025-07-13 22:20:52,298 - camera_camera - DEBUG - Initializing USB camera
2025-07-13 22:20:52,301 - camera_camera - WARNING - High memory usage (85.2%), triggering garbage collection
2025-07-13 22:20:54,326 - camera_camera - WARNING - High memory usage (85.3%), triggering garbage collection
2025-07-13 22:20:54,439 - camera_camera - DEBUG - Initializing USB camera
2025-07-13 22:20:54,438 - camera_camera - WARNING - High memory usage (85.3%), triggering garbage collection
2025-07-13 22:20:56,441 - camera_camera - WARNING - High memory usage (85.3%), triggering garbage collection
2025-07-13 22:20:56,566 - camera_camera - DEBUG - Initializing USB camera
2025-07-13 22:20:56,592 - camera_camera - WARNING - High memory usage (85.3%), triggering garbage collection
2025-07-13 22:21:00,571 - camera_camera - DEBUG - Resource usage - CPU: 36.0%, Memory: 84.1%
2025-07-13 22:21:00,756 - camera_camera - DEBUG - Resource usage - CPU: 36.9%, Memory: 84.0%
2025-07-13 22:21:03,705 - camera_camera - DEBUG - Initializing USB camera
2025-07-13 22:21:05,818 - camera_camera - DEBUG - Initializing USB camera
2025-07-13 22:21:07,916 - camera_camera - DEBUG - Initializing USB camera
2025-07-13 22:21:10,029 - camera_camera - DEBUG - Initializing USB camera
2025-07-13 22:21:12,143 - camera_camera - DEBUG - Initializing USB camera
2025-07-13 22:21:14,256 - camera_camera - DEBUG - Initializing USB camera
2025-07-13 22:21:14,725 - camera_camera - WARNING - High memory usage (87.1%), triggering garbage collection
2025-07-13 22:21:14,939 - camera_camera - WARNING - High memory usage (87.1%), triggering garbage collection
2025-07-13 22:21:16,854 - camera_camera - WARNING - High memory usage (87.1%), triggering garbage collection
2025-07-13 22:21:17,086 - camera_camera - WARNING - High memory usage (87.1%), triggering garbage collection
2025-07-13 22:21:18,968 - camera_camera - WARNING - High memory usage (86.2%), triggering garbage collection
2025-07-13 22:21:19,189 - camera_camera - WARNING - High memory usage (85.7%), triggering garbage collection
2025-07-13 22:21:21,409 - camera_camera - DEBUG - Initializing USB camera
2025-07-13 22:21:23,523 - camera_camera - DEBUG - Initializing USB camera
2025-07-13 22:21:25,640 - camera_camera - DEBUG - Initializing USB camera
2025-07-13 22:21:27,748 - camera_camera - DEBUG - Initializing USB camera
2025-07-13 22:21:29,859 - camera_camera - DEBUG - Initializing USB camera
2025-07-13 22:21:31,954 - camera_camera - DEBUG - Initializing USB camera
2025-07-13 22:21:39,060 - camera_camera - DEBUG - Initializing USB camera
2025-07-13 22:21:41,187 - camera_camera - DEBUG - Initializing USB camera
2025-07-13 22:21:42,682 - camera_camera - DEBUG - Performed garbage collection
2025-07-13 22:21:43,290 - camera_camera - DEBUG - Initializing USB camera
2025-07-13 22:21:45,421 - camera_camera - DEBUG - Initializing USB camera
2025-07-13 22:21:45,583 - camera_camera - WARNING - High memory usage (85.3%), triggering garbage collection
2025-07-13 22:21:46,169 - PendingVehiclesPanel - INFO - Refreshing pending vehicles list
2025-07-13 22:21:46,182 - DataManager - INFO - Successfully loaded 64 records from data\Tharuni_Associates_Narasaraopeta_data.csv
2025-07-13 22:21:46,195 - PendingVehiclesPanel - INFO - Retrieved 64 total records
2025-07-13 22:21:46,370 - PendingVehiclesPanel - INFO - Found 0 unique pending vehicles, prevented 0 duplicates
2025-07-13 22:21:46,370 - PendingVehiclesPanel - INFO - Successfully refreshed pending list with 0 unique vehicles
2025-07-13 22:21:47,361 - camera_camera - WARNING - High memory usage (85.6%), triggering garbage collection
2025-07-13 22:21:47,460 - camera_camera - DEBUG - Initializing USB camera
2025-07-13 22:21:47,634 - camera_camera - WARNING - High memory usage (85.5%), triggering garbage collection
2025-07-13 22:21:49,486 - camera_camera - WARNING - High memory usage (85.5%), triggering garbage collection
2025-07-13 22:21:49,575 - camera_camera - DEBUG - Initializing USB camera
2025-07-13 22:21:49,763 - camera_camera - WARNING - High memory usage (85.5%), triggering garbage collection
2025-07-13 22:21:51,588 - camera_camera - WARNING - High memory usage (85.9%), triggering garbage collection
2025-07-13 22:21:51,885 - camera_camera - WARNING - High memory usage (85.9%), triggering garbage collection
2025-07-13 22:21:53,689 - camera_camera - WARNING - High memory usage (85.9%), triggering garbage collection
2025-07-13 22:21:54,003 - camera_camera - WARNING - High memory usage (85.9%), triggering garbage collection
2025-07-13 22:21:55,846 - camera_camera - WARNING - High memory usage (85.8%), triggering garbage collection
2025-07-13 22:21:56,114 - camera_camera - WARNING - High memory usage (85.8%), triggering garbage collection
2025-07-13 22:21:56,623 - camera_camera - DEBUG - Initializing USB camera
2025-07-13 22:21:57,974 - camera_camera - WARNING - High memory usage (85.7%), triggering garbage collection
2025-07-13 22:21:58,243 - camera_camera - WARNING - High memory usage (85.7%), triggering garbage collection
2025-07-13 22:21:58,733 - camera_camera - DEBUG - Initializing USB camera
2025-07-13 22:22:00,109 - camera_camera - WARNING - High memory usage (85.6%), triggering garbage collection
2025-07-13 22:22:00,216 - camera_camera - DEBUG - Resource usage - CPU: 30.4%, Memory: 85.6%
2025-07-13 22:22:00,371 - camera_camera - WARNING - High memory usage (85.6%), triggering garbage collection
2025-07-13 22:22:00,491 - camera_camera - DEBUG - Resource usage - CPU: 33.1%, Memory: 85.6%
2025-07-13 22:22:00,833 - camera_camera - DEBUG - Initializing USB camera
2025-07-13 22:22:02,227 - camera_camera - WARNING - High memory usage (85.6%), triggering garbage collection
2025-07-13 22:22:02,511 - camera_camera - WARNING - High memory usage (85.5%), triggering garbage collection
2025-07-13 22:22:02,935 - camera_camera - DEBUG - Initializing USB camera
2025-07-13 22:22:04,374 - camera_camera - WARNING - High memory usage (85.5%), triggering garbage collection
2025-07-13 22:22:04,650 - camera_camera - WARNING - High memory usage (85.5%), triggering garbage collection
2025-07-13 22:22:05,044 - camera_camera - DEBUG - Initializing USB camera
2025-07-13 22:22:06,494 - camera_camera - WARNING - High memory usage (85.3%), triggering garbage collection
2025-07-13 22:22:06,776 - camera_camera - WARNING - High memory usage (85.3%), triggering garbage collection
2025-07-13 22:22:07,138 - camera_camera - DEBUG - Initializing USB camera
2025-07-13 22:22:14,227 - camera_camera - DEBUG - Initializing USB camera
2025-07-13 22:22:16,333 - camera_camera - DEBUG - Initializing USB camera
2025-07-13 22:22:18,447 - camera_camera - DEBUG - Initializing USB camera
2025-07-13 22:22:20,568 - camera_camera - DEBUG - Initializing USB camera
2025-07-13 22:22:22,664 - camera_camera - DEBUG - Initializing USB camera
2025-07-13 22:22:24,772 - camera_camera - DEBUG - Initializing USB camera
2025-07-13 22:22:30,890 - camera_camera - DEBUG - Resource usage - CPU: 25.0%, Memory: 83.7%
2025-07-13 22:22:31,886 - camera_camera - DEBUG - Initializing USB camera
2025-07-13 22:22:33,989 - camera_camera - DEBUG - Initializing USB camera
2025-07-13 22:22:36,112 - camera_camera - DEBUG - Initializing USB camera
2025-07-13 22:22:38,207 - camera_camera - DEBUG - Initializing USB camera
2025-07-13 22:22:40,315 - camera_camera - DEBUG - Initializing USB camera
2025-07-13 22:22:42,403 - camera_camera - DEBUG - Initializing USB camera
2025-07-13 22:22:42,696 - camera_camera - DEBUG - Performed garbage collection
2025-07-13 22:22:46,386 - PendingVehiclesPanel - INFO - Refreshing pending vehicles list
2025-07-13 22:22:46,394 - DataManager - INFO - Successfully loaded 64 records from data\Tharuni_Associates_Narasaraopeta_data.csv
2025-07-13 22:22:46,396 - PendingVehiclesPanel - INFO - Retrieved 64 total records
2025-07-13 22:22:46,570 - PendingVehiclesPanel - INFO - Found 0 unique pending vehicles, prevented 0 duplicates
2025-07-13 22:22:46,572 - PendingVehiclesPanel - INFO - Successfully refreshed pending list with 0 unique vehicles
2025-07-13 22:22:49,537 - camera_camera - DEBUG - Initializing USB camera
2025-07-13 22:22:51,647 - camera_camera - DEBUG - Initializing USB camera
2025-07-13 22:22:53,748 - camera_camera - DEBUG - Initializing USB camera
2025-07-13 22:22:55,860 - camera_camera - DEBUG - Initializing USB camera
2025-07-13 22:22:57,964 - camera_camera - DEBUG - Initializing USB camera
2025-07-13 22:23:00,040 - camera_camera - DEBUG - Initializing USB camera
2025-07-13 22:23:07,153 - camera_camera - DEBUG - Initializing USB camera
2025-07-13 22:23:09,256 - camera_camera - DEBUG - Initializing USB camera
2025-07-13 22:23:11,387 - camera_camera - DEBUG - Initializing USB camera
2025-07-13 22:23:13,497 - camera_camera - DEBUG - Initializing USB camera
2025-07-13 22:23:15,603 - camera_camera - DEBUG - Initializing USB camera
2025-07-13 22:23:17,703 - camera_camera - DEBUG - Initializing USB camera
2025-07-13 22:23:24,773 - camera_camera - DEBUG - Initializing USB camera
2025-07-13 22:23:26,871 - camera_camera - DEBUG - Initializing USB camera
2025-07-13 22:23:28,996 - camera_camera - DEBUG - Initializing USB camera
2025-07-13 22:23:31,117 - camera_camera - DEBUG - Initializing USB camera
2025-07-13 22:23:33,218 - camera_camera - DEBUG - Initializing USB camera
2025-07-13 22:23:35,324 - camera_camera - DEBUG - Initializing USB camera
2025-07-13 22:23:42,436 - camera_camera - DEBUG - Initializing USB camera
2025-07-13 22:23:42,748 - camera_camera - DEBUG - Performed garbage collection
2025-07-13 22:23:44,532 - camera_camera - DEBUG - Initializing USB camera
2025-07-13 22:23:46,646 - camera_camera - DEBUG - Initializing USB camera
2025-07-13 22:23:46,808 - PendingVehiclesPanel - INFO - Refreshing pending vehicles list
2025-07-13 22:23:46,865 - DataManager - INFO - Successfully loaded 71 records from data\Tharuni_Associates_Narasaraopeta_data.csv
2025-07-13 22:23:46,868 - PendingVehiclesPanel - INFO - Retrieved 71 total records
2025-07-13 22:23:47,050 - PendingVehiclesPanel - INFO - Found 0 unique pending vehicles, prevented 0 duplicates
2025-07-13 22:23:47,053 - PendingVehiclesPanel - INFO - Successfully refreshed pending list with 0 unique vehicles
2025-07-13 22:23:47,538 - DataManager - INFO - Successfully loaded 71 records from data\Tharuni_Associates_Narasaraopeta_data.csv
2025-07-13 22:23:47,539 - DataManager - INFO - Returning all 71 records (no filter)
2025-07-13 22:23:48,777 - camera_camera - DEBUG - Initializing USB camera
2025-07-13 22:23:50,885 - camera_camera - DEBUG - Initializing USB camera
2025-07-13 22:23:52,947 - camera_camera - DEBUG - Initializing USB camera
2025-07-13 22:23:53,997 - DataManager - INFO - Successfully loaded 71 records from data\Tharuni_Associates_Narasaraopeta_data.csv
2025-07-13 22:24:00,007 - camera_camera - DEBUG - Initializing USB camera
2025-07-13 22:24:00,281 - camera_camera - DEBUG - Resource usage - CPU: 30.0%, Memory: 83.9%
2025-07-13 22:24:02,112 - camera_camera - DEBUG - Initializing USB camera
2025-07-13 22:24:04,227 - camera_camera - DEBUG - Initializing USB camera
2025-07-13 22:24:06,365 - camera_camera - DEBUG - Initializing USB camera
2025-07-13 22:24:08,471 - camera_camera - DEBUG - Initializing USB camera
2025-07-13 22:24:10,588 - camera_camera - DEBUG - Initializing USB camera
2025-07-13 22:24:12,425 - camera_camera - WARNING - High memory usage (85.2%), triggering garbage collection
2025-07-13 22:24:17,707 - camera_camera - DEBUG - Initializing USB camera
2025-07-13 22:24:18,172 - camera_camera - WARNING - High memory usage (87.0%), triggering garbage collection
2025-07-13 22:24:18,653 - camera_camera - WARNING - High memory usage (87.6%), triggering garbage collection
2025-07-13 22:24:19,779 - camera_camera - DEBUG - Initializing USB camera
2025-07-13 22:24:20,249 - camera_camera - WARNING - High memory usage (88.2%), triggering garbage collection
2025-07-13 22:24:20,819 - camera_camera - WARNING - High memory usage (88.2%), triggering garbage collection
2025-07-13 22:24:21,890 - camera_camera - DEBUG - Initializing USB camera
2025-07-13 22:24:22,356 - camera_camera - WARNING - High memory usage (87.9%), triggering garbage collection
2025-07-13 22:24:22,999 - camera_camera - WARNING - High memory usage (87.8%), triggering garbage collection
2025-07-13 22:24:23,991 - camera_camera - DEBUG - Initializing USB camera
2025-07-13 22:24:24,488 - camera_camera - WARNING - High memory usage (88.2%), triggering garbage collection
2025-07-13 22:24:25,119 - camera_camera - WARNING - High memory usage (88.1%), triggering garbage collection
2025-07-13 22:24:26,097 - camera_camera - DEBUG - Initializing USB camera
2025-07-13 22:24:26,613 - camera_camera - WARNING - High memory usage (88.1%), triggering garbage collection
2025-07-13 22:24:27,260 - camera_camera - WARNING - High memory usage (88.0%), triggering garbage collection
2025-07-13 22:24:28,166 - camera_camera - DEBUG - Initializing USB camera
2025-07-13 22:24:28,733 - camera_camera - WARNING - High memory usage (87.9%), triggering garbage collection
2025-07-13 22:24:29,481 - camera_camera - WARNING - High memory usage (88.0%), triggering garbage collection
2025-07-13 22:24:30,875 - camera_camera - WARNING - High memory usage (88.7%), triggering garbage collection
2025-07-13 22:24:30,969 - camera_camera - DEBUG - Resource usage - CPU: 39.4%, Memory: 88.7%
2025-07-13 22:24:31,562 - camera_camera - WARNING - High memory usage (88.5%), triggering garbage collection
2025-07-13 22:24:32,994 - camera_camera - WARNING - High memory usage (88.6%), triggering garbage collection
2025-07-13 22:24:33,672 - camera_camera - WARNING - High memory usage (88.7%), triggering garbage collection
2025-07-13 22:24:35,090 - camera_camera - WARNING - High memory usage (88.6%), triggering garbage collection
2025-07-13 22:24:35,287 - camera_camera - DEBUG - Initializing USB camera
2025-07-13 22:24:35,796 - camera_camera - WARNING - High memory usage (88.5%), triggering garbage collection
2025-07-13 22:24:37,216 - camera_camera - WARNING - High memory usage (88.5%), triggering garbage collection
2025-07-13 22:24:37,388 - camera_camera - DEBUG - Initializing USB camera
2025-07-13 22:24:37,931 - camera_camera - WARNING - High memory usage (88.4%), triggering garbage collection
2025-07-13 22:24:39,340 - camera_camera - WARNING - High memory usage (88.7%), triggering garbage collection
2025-07-13 22:24:39,495 - camera_camera - DEBUG - Initializing USB camera
2025-07-13 22:24:40,061 - camera_camera - WARNING - High memory usage (88.7%), triggering garbage collection
2025-07-13 22:24:41,483 - camera_camera - WARNING - High memory usage (88.2%), triggering garbage collection
2025-07-13 22:24:41,603 - camera_camera - DEBUG - Initializing USB camera
2025-07-13 22:24:42,200 - camera_camera - WARNING - High memory usage (88.3%), triggering garbage collection
2025-07-13 22:24:42,808 - camera_camera - DEBUG - Performed garbage collection
2025-07-13 22:24:43,614 - camera_camera - WARNING - High memory usage (89.2%), triggering garbage collection
2025-07-13 22:24:43,742 - camera_camera - DEBUG - Initializing USB camera
2025-07-13 22:24:44,312 - camera_camera - WARNING - High memory usage (89.2%), triggering garbage collection
2025-07-13 22:24:45,734 - camera_camera - WARNING - High memory usage (91.7%), triggering garbage collection
2025-07-13 22:24:45,844 - camera_camera - DEBUG - Initializing USB camera
2025-07-13 22:24:46,430 - camera_camera - WARNING - High memory usage (91.4%), triggering garbage collection
2025-07-13 22:24:47,061 - PendingVehiclesPanel - INFO - Refreshing pending vehicles list
2025-07-13 22:24:47,066 - DataManager - INFO - Successfully loaded 71 records from data\Tharuni_Associates_Narasaraopeta_data.csv
2025-07-13 22:24:47,068 - PendingVehiclesPanel - INFO - Retrieved 71 total records
2025-07-13 22:24:47,262 - PendingVehiclesPanel - INFO - Found 0 unique pending vehicles, prevented 0 duplicates
2025-07-13 22:24:47,265 - PendingVehiclesPanel - INFO - Successfully refreshed pending list with 0 unique vehicles
2025-07-13 22:24:47,979 - camera_camera - WARNING - High memory usage (91.2%), triggering garbage collection
2025-07-13 22:24:48,561 - camera_camera - WARNING - High memory usage (91.7%), triggering garbage collection
2025-07-13 22:24:50,094 - camera_camera - WARNING - High memory usage (92.0%), triggering garbage collection
2025-07-13 22:24:50,653 - camera_camera - WARNING - High memory usage (91.6%), triggering garbage collection
2025-07-13 22:24:52,230 - camera_camera - WARNING - High memory usage (88.8%), triggering garbage collection
2025-07-13 22:24:52,789 - camera_camera - WARNING - High memory usage (88.9%), triggering garbage collection
2025-07-13 22:24:52,966 - camera_camera - DEBUG - Initializing USB camera
2025-07-13 22:24:54,360 - camera_camera - WARNING - High memory usage (88.7%), triggering garbage collection
2025-07-13 22:24:54,911 - camera_camera - WARNING - High memory usage (88.7%), triggering garbage collection
2025-07-13 22:24:55,091 - camera_camera - DEBUG - Initializing USB camera
2025-07-13 22:24:56,492 - camera_camera - WARNING - High memory usage (88.8%), triggering garbage collection
2025-07-13 22:24:57,034 - camera_camera - WARNING - High memory usage (88.6%), triggering garbage collection
2025-07-13 22:24:57,207 - camera_camera - DEBUG - Initializing USB camera
2025-07-13 22:24:58,623 - camera_camera - WARNING - High memory usage (88.3%), triggering garbage collection
2025-07-13 22:24:59,164 - camera_camera - WARNING - High memory usage (88.2%), triggering garbage collection
2025-07-13 22:24:59,317 - camera_camera - DEBUG - Initializing USB camera
2025-07-13 22:25:00,740 - camera_camera - WARNING - High memory usage (88.0%), triggering garbage collection
2025-07-13 22:25:00,849 - camera_camera - DEBUG - Resource usage - CPU: 31.9%, Memory: 88.0%
2025-07-13 22:25:01,275 - camera_camera - WARNING - High memory usage (87.9%), triggering garbage collection
2025-07-13 22:25:01,428 - camera_camera - DEBUG - Initializing USB camera
2025-07-13 22:25:02,879 - camera_camera - WARNING - High memory usage (88.1%), triggering garbage collection
2025-07-13 22:25:03,404 - camera_camera - WARNING - High memory usage (88.1%), triggering garbage collection
2025-07-13 22:25:03,533 - camera_camera - DEBUG - Initializing USB camera
2025-07-13 22:25:05,004 - camera_camera - WARNING - High memory usage (88.1%), triggering garbage collection
2025-07-13 22:25:05,533 - camera_camera - WARNING - High memory usage (88.1%), triggering garbage collection
2025-07-13 22:25:07,136 - camera_camera - WARNING - High memory usage (88.1%), triggering garbage collection
2025-07-13 22:25:07,640 - camera_camera - WARNING - High memory usage (88.1%), triggering garbage collection
2025-07-13 22:25:09,277 - camera_camera - WARNING - High memory usage (88.0%), triggering garbage collection
2025-07-13 22:25:09,775 - camera_camera - WARNING - High memory usage (88.1%), triggering garbage collection
2025-07-13 22:25:10,649 - camera_camera - DEBUG - Initializing USB camera
2025-07-13 22:25:11,413 - camera_camera - WARNING - High memory usage (88.2%), triggering garbage collection
2025-07-13 22:25:11,922 - camera_camera - WARNING - High memory usage (88.1%), triggering garbage collection
2025-07-13 22:25:12,764 - camera_camera - DEBUG - Initializing USB camera
2025-07-13 22:25:13,548 - camera_camera - WARNING - High memory usage (88.2%), triggering garbage collection
2025-07-13 22:25:14,041 - camera_camera - WARNING - High memory usage (88.1%), triggering garbage collection
2025-07-13 22:25:14,864 - camera_camera - DEBUG - Initializing USB camera
2025-07-13 22:25:15,679 - camera_camera - WARNING - High memory usage (88.1%), triggering garbage collection
2025-07-13 22:25:16,165 - camera_camera - WARNING - High memory usage (88.1%), triggering garbage collection
2025-07-13 22:25:16,983 - camera_camera - DEBUG - Initializing USB camera
2025-07-13 22:25:17,805 - camera_camera - WARNING - High memory usage (88.1%), triggering garbage collection
2025-07-13 22:25:18,283 - camera_camera - WARNING - High memory usage (88.0%), triggering garbage collection
2025-07-13 22:25:19,097 - camera_camera - DEBUG - Initializing USB camera
2025-07-13 22:25:19,931 - camera_camera - WARNING - High memory usage (88.0%), triggering garbage collection
2025-07-13 22:25:20,418 - camera_camera - WARNING - High memory usage (87.9%), triggering garbage collection
2025-07-13 22:25:21,199 - camera_camera - DEBUG - Initializing USB camera
2025-07-13 22:25:22,052 - camera_camera - WARNING - High memory usage (88.0%), triggering garbage collection
2025-07-13 22:25:22,538 - camera_camera - WARNING - High memory usage (88.0%), triggering garbage collection
2025-07-13 22:25:24,197 - camera_camera - WARNING - High memory usage (88.0%), triggering garbage collection
2025-07-13 22:25:24,651 - camera_camera - WARNING - High memory usage (88.2%), triggering garbage collection
2025-07-13 22:25:26,298 - camera_camera - WARNING - High memory usage (88.2%), triggering garbage collection
2025-07-13 22:25:26,733 - camera_camera - WARNING - High memory usage (88.1%), triggering garbage collection
2025-07-13 22:25:28,402 - camera_camera - DEBUG - Initializing USB camera
2025-07-13 22:25:28,437 - camera_camera - WARNING - High memory usage (88.1%), triggering garbage collection
2025-07-13 22:25:28,844 - camera_camera - WARNING - High memory usage (88.0%), triggering garbage collection
2025-07-13 22:25:30,545 - camera_camera - DEBUG - Initializing USB camera
2025-07-13 22:25:30,572 - camera_camera - WARNING - High memory usage (88.0%), triggering garbage collection
2025-07-13 22:25:30,675 - camera_camera - DEBUG - Resource usage - CPU: 32.0%, Memory: 88.0%
2025-07-13 22:25:30,920 - camera_camera - WARNING - High memory usage (87.9%), triggering garbage collection
2025-07-13 22:25:31,017 - camera_camera - DEBUG - Resource usage - CPU: 27.1%, Memory: 87.9%
2025-07-13 22:25:32,672 - camera_camera - DEBUG - Initializing USB camera
2025-07-13 22:25:32,699 - camera_camera - WARNING - High memory usage (87.9%), triggering garbage collection
2025-07-13 22:25:33,028 - camera_camera - WARNING - High memory usage (87.9%), triggering garbage collection
2025-07-13 22:25:34,844 - camera_camera - DEBUG - Initializing USB camera
2025-07-13 22:25:34,843 - camera_camera - WARNING - High memory usage (87.9%), triggering garbage collection
2025-07-13 22:25:35,151 - camera_camera - WARNING - High memory usage (87.9%), triggering garbage collection
2025-07-13 22:25:36,979 - camera_camera - DEBUG - Initializing USB camera
2025-07-13 22:25:37,004 - camera_camera - WARNING - High memory usage (87.9%), triggering garbage collection
2025-07-13 22:25:37,276 - camera_camera - WARNING - High memory usage (87.9%), triggering garbage collection
2025-07-13 22:25:39,136 - camera_camera - DEBUG - Initializing USB camera
2025-07-13 22:25:39,135 - camera_camera - WARNING - High memory usage (87.8%), triggering garbage collection
2025-07-13 22:25:39,404 - camera_camera - WARNING - High memory usage (87.9%), triggering garbage collection
2025-07-13 22:25:41,275 - camera_camera - WARNING - High memory usage (87.7%), triggering garbage collection
2025-07-13 22:25:41,547 - camera_camera - WARNING - High memory usage (87.7%), triggering garbage collection
2025-07-13 22:25:42,860 - camera_camera - DEBUG - Performed garbage collection
2025-07-13 22:25:43,388 - camera_camera - WARNING - High memory usage (87.7%), triggering garbage collection
2025-07-13 22:25:43,706 - camera_camera - WARNING - High memory usage (87.8%), triggering garbage collection
2025-07-13 22:25:45,522 - camera_camera - WARNING - High memory usage (87.7%), triggering garbage collection
2025-07-13 22:25:45,834 - camera_camera - WARNING - High memory usage (87.5%), triggering garbage collection
2025-07-13 22:25:46,291 - camera_camera - DEBUG - Initializing USB camera
2025-07-13 22:25:47,275 - PendingVehiclesPanel - INFO - Refreshing pending vehicles list
2025-07-13 22:25:47,282 - DataManager - INFO - Successfully loaded 71 records from data\Tharuni_Associates_Narasaraopeta_data.csv
2025-07-13 22:25:47,284 - PendingVehiclesPanel - INFO - Retrieved 71 total records
2025-07-13 22:25:47,486 - PendingVehiclesPanel - INFO - Found 0 unique pending vehicles, prevented 0 duplicates
2025-07-13 22:25:47,488 - PendingVehiclesPanel - INFO - Successfully refreshed pending list with 0 unique vehicles
2025-07-13 22:25:47,650 - camera_camera - WARNING - High memory usage (87.1%), triggering garbage collection
2025-07-13 22:25:47,939 - camera_camera - WARNING - High memory usage (87.1%), triggering garbage collection
2025-07-13 22:25:48,404 - camera_camera - DEBUG - Initializing USB camera
2025-07-13 22:25:49,786 - camera_camera - WARNING - High memory usage (86.2%), triggering garbage collection
2025-07-13 22:25:50,064 - camera_camera - WARNING - High memory usage (85.7%), triggering garbage collection
2025-07-13 22:25:50,502 - camera_camera - DEBUG - Initializing USB camera
2025-07-13 22:25:52,607 - camera_camera - DEBUG - Initializing USB camera
2025-07-13 22:25:53,939 - camera_camera - WARNING - High memory usage (85.2%), triggering garbage collection
2025-07-13 22:25:54,165 - camera_camera - WARNING - High memory usage (85.1%), triggering garbage collection
2025-07-13 22:25:54,644 - camera_camera - DEBUG - Initializing USB camera
2025-07-13 22:25:56,068 - camera_camera - WARNING - High memory usage (85.1%), triggering garbage collection
2025-07-13 22:25:56,269 - camera_camera - WARNING - High memory usage (85.1%), triggering garbage collection
2025-07-13 22:25:56,747 - camera_camera - DEBUG - Initializing USB camera
2025-07-13 22:25:58,171 - camera_camera - WARNING - High memory usage (85.1%), triggering garbage collection
2025-07-13 22:25:58,374 - DataManager - INFO - Successfully loaded 71 records from data\Tharuni_Associates_Narasaraopeta_data.csv
2025-07-13 22:25:58,375 - DataManager - INFO - Returning all 71 records (no filter)
2025-07-13 22:26:00,300 - camera_camera - DEBUG - Resource usage - CPU: 19.4%, Memory: 85.0%
2025-07-13 22:26:00,436 - camera_camera - DEBUG - Resource usage - CPU: 18.4%, Memory: 85.0%
2025-07-13 22:26:03,875 - camera_camera - DEBUG - Initializing USB camera
2025-07-13 22:26:05,986 - camera_camera - DEBUG - Initializing USB camera
2025-07-13 22:26:07,989 - DataManager - INFO - Successfully loaded 71 records from data\Tharuni_Associates_Narasaraopeta_data.csv
2025-07-13 22:26:08,101 - camera_camera - DEBUG - Initializing USB camera
2025-07-13 22:26:10,213 - camera_camera - DEBUG - Initializing USB camera
2025-07-13 22:26:12,340 - camera_camera - DEBUG - Initializing USB camera
2025-07-13 22:26:14,453 - camera_camera - DEBUG - Initializing USB camera
2025-07-13 22:26:21,566 - camera_camera - DEBUG - Initializing USB camera
2025-07-13 22:26:22,575 - camera_camera - WARNING - High memory usage (85.7%), triggering garbage collection
2025-07-13 22:26:22,703 - camera_camera - WARNING - High memory usage (85.7%), triggering garbage collection
2025-07-13 22:26:23,667 - camera_camera - DEBUG - Initializing USB camera
2025-07-13 22:26:24,701 - camera_camera - WARNING - High memory usage (86.7%), triggering garbage collection
2025-07-13 22:26:24,828 - camera_camera - WARNING - High memory usage (86.7%), triggering garbage collection
2025-07-13 22:26:25,778 - camera_camera - DEBUG - Initializing USB camera
2025-07-13 22:26:26,867 - camera_camera - WARNING - High memory usage (86.0%), triggering garbage collection
2025-07-13 22:26:26,869 - camera_camera - WARNING - High memory usage (86.0%), triggering garbage collection
2025-07-13 22:26:27,871 - camera_camera - DEBUG - Initializing USB camera
2025-07-13 22:26:29,002 - camera_camera - WARNING - High memory usage (86.0%), triggering garbage collection
2025-07-13 22:26:29,108 - camera_camera - WARNING - High memory usage (86.0%), triggering garbage collection
2025-07-13 22:26:29,974 - camera_camera - DEBUG - Initializing USB camera
2025-07-13 22:26:31,124 - camera_camera - WARNING - High memory usage (86.2%), triggering garbage collection
2025-07-13 22:26:31,232 - camera_camera - WARNING - High memory usage (86.1%), triggering garbage collection
2025-07-13 22:26:32,125 - camera_camera - DEBUG - Initializing USB camera
2025-07-13 22:26:33,208 - camera_camera - WARNING - High memory usage (87.4%), triggering garbage collection
2025-07-13 22:26:33,322 - camera_camera - WARNING - High memory usage (87.4%), triggering garbage collection
2025-07-13 22:26:35,314 - camera_camera - WARNING - High memory usage (86.7%), triggering garbage collection
2025-07-13 22:26:35,434 - camera_camera - WARNING - High memory usage (86.8%), triggering garbage collection
2025-07-13 22:26:37,420 - camera_camera - WARNING - High memory usage (87.4%), triggering garbage collection
2025-07-13 22:26:37,540 - camera_camera - WARNING - High memory usage (87.4%), triggering garbage collection
2025-07-13 22:26:39,178 - camera_camera - DEBUG - Initializing USB camera
2025-07-13 22:26:39,541 - camera_camera - WARNING - High memory usage (87.4%), triggering garbage collection
2025-07-13 22:26:39,673 - camera_camera - WARNING - High memory usage (87.3%), triggering garbage collection
2025-07-13 22:26:41,297 - camera_camera - DEBUG - Initializing USB camera
2025-07-13 22:26:41,674 - camera_camera - WARNING - High memory usage (87.2%), triggering garbage collection
2025-07-13 22:26:41,796 - camera_camera - WARNING - High memory usage (87.2%), triggering garbage collection
2025-07-13 22:26:42,922 - camera_camera - DEBUG - Performed garbage collection
2025-07-13 22:26:43,395 - camera_camera - DEBUG - Initializing USB camera
2025-07-13 22:26:43,806 - camera_camera - WARNING - High memory usage (87.2%), triggering garbage collection
2025-07-13 22:26:43,931 - camera_camera - WARNING - High memory usage (87.2%), triggering garbage collection
2025-07-13 22:26:45,492 - camera_camera - DEBUG - Initializing USB camera
2025-07-13 22:26:45,935 - camera_camera - WARNING - High memory usage (87.0%), triggering garbage collection
2025-07-13 22:26:46,055 - camera_camera - WARNING - High memory usage (87.0%), triggering garbage collection
2025-07-13 22:26:47,500 - PendingVehiclesPanel - INFO - Refreshing pending vehicles list
2025-07-13 22:26:47,506 - DataManager - INFO - Successfully loaded 71 records from data\Tharuni_Associates_Narasaraopeta_data.csv
2025-07-13 22:26:47,509 - PendingVehiclesPanel - INFO - Retrieved 71 total records
2025-07-13 22:26:47,586 - camera_camera - DEBUG - Initializing USB camera
2025-07-13 22:26:47,733 - PendingVehiclesPanel - INFO - Found 0 unique pending vehicles, prevented 0 duplicates
2025-07-13 22:26:47,737 - PendingVehiclesPanel - INFO - Successfully refreshed pending list with 0 unique vehicles
2025-07-13 22:26:48,054 - camera_camera - WARNING - High memory usage (87.1%), triggering garbage collection
2025-07-13 22:26:48,185 - camera_camera - WARNING - High memory usage (87.1%), triggering garbage collection
2025-07-13 22:26:49,746 - camera_camera - DEBUG - Initializing USB camera
2025-07-13 22:26:50,204 - camera_camera - WARNING - High memory usage (87.1%), triggering garbage collection
2025-07-13 22:26:50,320 - camera_camera - WARNING - High memory usage (87.1%), triggering garbage collection
2025-07-13 22:26:52,349 - camera_camera - WARNING - High memory usage (87.1%), triggering garbage collection
2025-07-13 22:26:52,465 - camera_camera - WARNING - High memory usage (87.1%), triggering garbage collection
2025-07-13 22:26:54,485 - camera_camera - WARNING - High memory usage (87.0%), triggering garbage collection
2025-07-13 22:26:54,611 - camera_camera - WARNING - High memory usage (87.0%), triggering garbage collection
2025-07-13 22:26:56,613 - camera_camera - WARNING - High memory usage (87.0%), triggering garbage collection
2025-07-13 22:26:56,719 - camera_camera - WARNING - High memory usage (87.0%), triggering garbage collection
2025-07-13 22:26:56,845 - camera_camera - DEBUG - Initializing USB camera
2025-07-13 22:26:58,770 - camera_camera - WARNING - High memory usage (87.0%), triggering garbage collection
2025-07-13 22:26:58,836 - camera_camera - WARNING - High memory usage (87.0%), triggering garbage collection
2025-07-13 22:26:58,919 - camera_camera - DEBUG - Initializing USB camera
2025-07-13 22:27:00,864 - camera_camera - WARNING - High memory usage (88.1%), triggering garbage collection
2025-07-13 22:27:00,977 - camera_camera - WARNING - High memory usage (88.1%), triggering garbage collection
2025-07-13 22:27:00,980 - camera_camera - DEBUG - Resource usage - CPU: 43.6%, Memory: 88.1%
2025-07-13 22:27:00,980 - camera_camera - DEBUG - Initializing USB camera
2025-07-13 22:27:01,044 - camera_camera - DEBUG - Resource usage - CPU: 42.7%, Memory: 88.1%
2025-07-13 22:27:03,079 - camera_camera - WARNING - High memory usage (86.8%), triggering garbage collection
2025-07-13 22:27:03,082 - camera_camera - WARNING - High memory usage (86.8%), triggering garbage collection
2025-07-13 22:27:03,196 - camera_camera - DEBUG - Initializing USB camera
2025-07-13 22:27:05,216 - camera_camera - WARNING - High memory usage (86.9%), triggering garbage collection
2025-07-13 22:27:05,335 - camera_camera - WARNING - High memory usage (86.8%), triggering garbage collection
2025-07-13 22:27:05,435 - camera_camera - DEBUG - Initializing USB camera
2025-07-13 22:27:07,334 - camera_camera - WARNING - High memory usage (86.5%), triggering garbage collection
2025-07-13 22:27:07,461 - camera_camera - WARNING - High memory usage (86.5%), triggering garbage collection
2025-07-13 22:27:07,689 - camera_camera - DEBUG - Initializing USB camera
2025-07-13 22:27:09,403 - camera_camera - WARNING - High memory usage (86.7%), triggering garbage collection
2025-07-13 22:27:09,717 - camera_camera - WARNING - High memory usage (86.7%), triggering garbage collection
2025-07-13 22:27:11,509 - camera_camera - WARNING - High memory usage (86.7%), triggering garbage collection
2025-07-13 22:27:11,850 - camera_camera - WARNING - High memory usage (86.5%), triggering garbage collection
2025-07-13 22:27:13,634 - camera_camera - WARNING - High memory usage (86.2%), triggering garbage collection
2025-07-13 22:27:13,967 - camera_camera - WARNING - High memory usage (86.3%), triggering garbage collection
2025-07-13 22:27:14,825 - camera_camera - DEBUG - Initializing USB camera
2025-07-13 22:27:15,750 - camera_camera - WARNING - High memory usage (86.3%), triggering garbage collection
2025-07-13 22:27:16,116 - camera_camera - WARNING - High memory usage (86.2%), triggering garbage collection
2025-07-13 22:27:16,928 - camera_camera - DEBUG - Initializing USB camera
2025-07-13 22:27:17,885 - camera_camera - WARNING - High memory usage (86.2%), triggering garbage collection
2025-07-13 22:27:18,234 - camera_camera - WARNING - High memory usage (86.0%), triggering garbage collection
2025-07-13 22:27:19,045 - camera_camera - DEBUG - Initializing USB camera
2025-07-13 22:27:19,999 - camera_camera - WARNING - High memory usage (85.9%), triggering garbage collection
2025-07-13 22:27:20,346 - camera_camera - WARNING - High memory usage (85.9%), triggering garbage collection
2025-07-13 22:27:21,139 - camera_camera - DEBUG - Initializing USB camera
2025-07-13 22:27:22,152 - camera_camera - WARNING - High memory usage (85.9%), triggering garbage collection
2025-07-13 22:27:22,476 - camera_camera - WARNING - High memory usage (85.9%), triggering garbage collection
2025-07-13 22:27:23,236 - camera_camera - DEBUG - Initializing USB camera
2025-07-13 22:27:24,285 - camera_camera - WARNING - High memory usage (85.7%), triggering garbage collection
2025-07-13 22:27:24,601 - camera_camera - WARNING - High memory usage (85.6%), triggering garbage collection
2025-07-13 22:27:25,330 - camera_camera - DEBUG - Initializing USB camera
2025-07-13 22:27:26,426 - camera_camera - WARNING - High memory usage (85.5%), triggering garbage collection
2025-07-13 22:27:26,731 - camera_camera - WARNING - High memory usage (85.3%), triggering garbage collection
2025-07-13 22:27:28,521 - camera_camera - WARNING - High memory usage (85.5%), triggering garbage collection
2025-07-13 22:27:28,858 - camera_camera - WARNING - High memory usage (85.4%), triggering garbage collection
2025-07-13 22:27:30,652 - camera_camera - WARNING - High memory usage (85.3%), triggering garbage collection
2025-07-13 22:27:30,762 - camera_camera - DEBUG - Resource usage - CPU: 20.7%, Memory: 85.3%
2025-07-13 22:27:30,996 - camera_camera - WARNING - High memory usage (85.3%), triggering garbage collection
2025-07-13 22:27:31,101 - camera_camera - DEBUG - Resource usage - CPU: 21.8%, Memory: 85.3%
2025-07-13 22:27:32,454 - camera_camera - DEBUG - Initializing USB camera
2025-07-13 22:27:32,782 - camera_camera - WARNING - High memory usage (85.3%), triggering garbage collection
2025-07-13 22:27:33,131 - camera_camera - WARNING - High memory usage (85.4%), triggering garbage collection
2025-07-13 22:27:34,548 - camera_camera - DEBUG - Initializing USB camera
2025-07-13 22:27:34,905 - camera_camera - WARNING - High memory usage (85.3%), triggering garbage collection
2025-07-13 22:27:35,255 - camera_camera - WARNING - High memory usage (85.4%), triggering garbage collection
2025-07-13 22:27:36,644 - camera_camera - DEBUG - Initializing USB camera
2025-07-13 22:27:37,020 - camera_camera - WARNING - High memory usage (85.3%), triggering garbage collection
2025-07-13 22:27:37,337 - camera_camera - WARNING - High memory usage (85.4%), triggering garbage collection
2025-07-13 22:27:38,740 - camera_camera - DEBUG - Initializing USB camera
2025-07-13 22:27:39,149 - camera_camera - WARNING - High memory usage (85.4%), triggering garbage collection
2025-07-13 22:27:39,467 - camera_camera - WARNING - High memory usage (85.4%), triggering garbage collection
2025-07-13 22:27:40,855 - camera_camera - DEBUG - Initializing USB camera
2025-07-13 22:27:41,276 - camera_camera - WARNING - High memory usage (85.5%), triggering garbage collection
2025-07-13 22:27:41,621 - camera_camera - WARNING - High memory usage (85.5%), triggering garbage collection
2025-07-13 22:27:42,960 - camera_camera - DEBUG - Performed garbage collection
2025-07-13 22:27:42,961 - camera_camera - DEBUG - Initializing USB camera
2025-07-13 22:27:43,415 - camera_camera - WARNING - High memory usage (85.6%), triggering garbage collection
2025-07-13 22:27:43,744 - camera_camera - WARNING - High memory usage (85.6%), triggering garbage collection
2025-07-13 22:27:45,557 - camera_camera - WARNING - High memory usage (85.4%), triggering garbage collection
2025-07-13 22:27:45,876 - camera_camera - WARNING - High memory usage (85.3%), triggering garbage collection
2025-07-13 22:27:47,687 - camera_camera - WARNING - High memory usage (85.2%), triggering garbage collection
2025-07-13 22:27:47,798 - PendingVehiclesPanel - INFO - Refreshing pending vehicles list
2025-07-13 22:27:47,809 - DataManager - INFO - Successfully loaded 71 records from data\Tharuni_Associates_Narasaraopeta_data.csv
2025-07-13 22:27:47,813 - PendingVehiclesPanel - INFO - Retrieved 71 total records
2025-07-13 22:27:48,010 - camera_camera - WARNING - High memory usage (85.2%), triggering garbage collection
2025-07-13 22:27:48,164 - PendingVehiclesPanel - INFO - Found 0 unique pending vehicles, prevented 0 duplicates
2025-07-13 22:27:48,167 - PendingVehiclesPanel - INFO - Successfully refreshed pending list with 0 unique vehicles
2025-07-13 22:27:49,819 - camera_camera - WARNING - High memory usage (85.2%), triggering garbage collection
2025-07-13 22:27:50,139 - camera_camera - WARNING - High memory usage (85.2%), triggering garbage collection
2025-07-13 22:27:50,238 - camera_camera - DEBUG - Initializing USB camera
2025-07-13 22:27:51,941 - camera_camera - WARNING - High memory usage (85.2%), triggering garbage collection
2025-07-13 22:27:52,251 - camera_camera - WARNING - High memory usage (85.2%), triggering garbage collection
2025-07-13 22:27:52,360 - camera_camera - DEBUG - Initializing USB camera
2025-07-13 22:27:54,070 - camera_camera - WARNING - High memory usage (85.2%), triggering garbage collection
2025-07-13 22:27:54,377 - camera_camera - WARNING - High memory usage (85.2%), triggering garbage collection
2025-07-13 22:27:54,490 - camera_camera - DEBUG - Initializing USB camera
2025-07-13 22:27:56,220 - camera_camera - WARNING - High memory usage (85.2%), triggering garbage collection
2025-07-13 22:27:56,504 - camera_camera - WARNING - High memory usage (85.1%), triggering garbage collection
2025-07-13 22:27:56,612 - camera_camera - DEBUG - Initializing USB camera
2025-07-13 22:27:58,348 - camera_camera - WARNING - High memory usage (85.1%), triggering garbage collection
2025-07-13 22:27:58,723 - camera_camera - DEBUG - Initializing USB camera
2025-07-13 22:28:00,491 - camera_camera - DEBUG - Resource usage - CPU: 22.5%, Memory: 85.0%
2025-07-13 22:28:00,652 - camera_camera - DEBUG - Resource usage - CPU: 21.3%, Memory: 85.0%
2025-07-13 22:28:00,821 - camera_camera - DEBUG - Initializing USB camera
2025-07-13 22:28:07,939 - camera_camera - DEBUG - Initializing USB camera
2025-07-13 22:28:10,036 - camera_camera - DEBUG - Initializing USB camera
2025-07-13 22:28:12,147 - camera_camera - DEBUG - Initializing USB camera
2025-07-13 22:28:14,257 - camera_camera - DEBUG - Initializing USB camera
2025-07-13 22:28:16,332 - camera_camera - DEBUG - Initializing USB camera
2025-07-13 22:28:18,422 - camera_camera - DEBUG - Initializing USB camera
2025-07-13 22:28:25,527 - camera_camera - DEBUG - Initializing USB camera
2025-07-13 22:28:27,628 - camera_camera - DEBUG - Initializing USB camera
2025-07-13 22:28:29,737 - camera_camera - DEBUG - Initializing USB camera
2025-07-13 22:28:30,828 - camera_camera - DEBUG - Resource usage - CPU: 18.5%, Memory: 85.0%
2025-07-13 22:28:30,988 - camera_camera - DEBUG - Resource usage - CPU: 19.5%, Memory: 84.9%
2025-07-13 22:28:31,828 - camera_camera - DEBUG - Initializing USB camera
2025-07-13 22:28:33,926 - camera_camera - DEBUG - Initializing USB camera
2025-07-13 22:28:36,035 - camera_camera - DEBUG - Initializing USB camera
2025-07-13 22:28:43,060 - camera_camera - DEBUG - Performed garbage collection
2025-07-13 22:28:43,157 - camera_camera - DEBUG - Initializing USB camera
2025-07-13 22:28:45,252 - camera_camera - DEBUG - Initializing USB camera
2025-07-13 22:28:47,347 - camera_camera - DEBUG - Initializing USB camera
2025-07-13 22:28:48,180 - PendingVehiclesPanel - INFO - Refreshing pending vehicles list
2025-07-13 22:28:48,185 - DataManager - INFO - Successfully loaded 71 records from data\Tharuni_Associates_Narasaraopeta_data.csv
2025-07-13 22:28:48,187 - PendingVehiclesPanel - INFO - Retrieved 71 total records
2025-07-13 22:28:48,380 - PendingVehiclesPanel - INFO - Found 0 unique pending vehicles, prevented 0 duplicates
2025-07-13 22:28:48,383 - PendingVehiclesPanel - INFO - Successfully refreshed pending list with 0 unique vehicles
2025-07-13 22:28:49,452 - camera_camera - DEBUG - Initializing USB camera
2025-07-13 22:28:51,541 - camera_camera - DEBUG - Initializing USB camera
2025-07-13 22:28:53,636 - camera_camera - DEBUG - Initializing USB camera
2025-07-13 22:29:00,738 - camera_camera - DEBUG - Initializing USB camera
2025-07-13 22:29:01,179 - camera_camera - WARNING - High memory usage (85.9%), triggering garbage collection
2025-07-13 22:29:01,294 - camera_camera - WARNING - High memory usage (85.9%), triggering garbage collection
2025-07-13 22:29:02,842 - camera_camera - DEBUG - Initializing USB camera
2025-07-13 22:29:03,305 - camera_camera - WARNING - High memory usage (86.0%), triggering garbage collection
2025-07-13 22:29:03,410 - camera_camera - WARNING - High memory usage (86.0%), triggering garbage collection
2025-07-13 22:29:04,948 - camera_camera - DEBUG - Initializing USB camera
2025-07-13 22:29:05,420 - camera_camera - WARNING - High memory usage (86.0%), triggering garbage collection
2025-07-13 22:29:05,541 - camera_camera - WARNING - High memory usage (86.0%), triggering garbage collection
2025-07-13 22:29:07,060 - camera_camera - DEBUG - Initializing USB camera
2025-07-13 22:29:07,565 - camera_camera - WARNING - High memory usage (86.0%), triggering garbage collection
2025-07-13 22:29:07,686 - camera_camera - WARNING - High memory usage (86.0%), triggering garbage collection
2025-07-13 22:29:09,181 - camera_camera - DEBUG - Initializing USB camera
2025-07-13 22:29:09,704 - camera_camera - WARNING - High memory usage (85.6%), triggering garbage collection
2025-07-13 22:29:09,825 - camera_camera - WARNING - High memory usage (85.6%), triggering garbage collection
2025-07-13 22:29:11,284 - camera_camera - DEBUG - Initializing USB camera
2025-07-13 22:29:11,852 - camera_camera - WARNING - High memory usage (85.4%), triggering garbage collection
2025-07-13 22:29:11,970 - camera_camera - WARNING - High memory usage (85.4%), triggering garbage collection
2025-07-13 22:29:13,994 - camera_camera - WARNING - High memory usage (85.3%), triggering garbage collection
2025-07-13 22:29:14,111 - camera_camera - WARNING - High memory usage (85.3%), triggering garbage collection
2025-07-13 22:29:16,141 - camera_camera - WARNING - High memory usage (85.2%), triggering garbage collection
2025-07-13 22:29:16,256 - camera_camera - WARNING - High memory usage (85.3%), triggering garbage collection
2025-07-13 22:29:18,262 - camera_camera - WARNING - High memory usage (85.5%), triggering garbage collection
2025-07-13 22:29:18,405 - camera_camera - WARNING - High memory usage (85.4%), triggering garbage collection
2025-07-13 22:29:18,514 - camera_camera - DEBUG - Initializing USB camera
2025-07-13 22:29:20,424 - camera_camera - WARNING - High memory usage (85.6%), triggering garbage collection
2025-07-13 22:29:20,527 - camera_camera - WARNING - High memory usage (85.6%), triggering garbage collection
2025-07-13 22:29:20,642 - camera_camera - DEBUG - Initializing USB camera
2025-07-13 22:29:22,511 - camera_camera - WARNING - High memory usage (85.6%), triggering garbage collection
2025-07-13 22:29:22,640 - camera_camera - WARNING - High memory usage (85.6%), triggering garbage collection
2025-07-13 22:29:22,758 - camera_camera - DEBUG - Initializing USB camera
2025-07-13 22:29:24,652 - camera_camera - WARNING - High memory usage (85.6%), triggering garbage collection
2025-07-13 22:29:24,799 - camera_camera - WARNING - High memory usage (85.6%), triggering garbage collection
2025-07-13 22:29:24,911 - camera_camera - DEBUG - Initializing USB camera
2025-07-13 22:29:26,777 - camera_camera - WARNING - High memory usage (85.6%), triggering garbage collection
2025-07-13 22:29:26,946 - camera_camera - WARNING - High memory usage (85.5%), triggering garbage collection
2025-07-13 22:29:27,056 - camera_camera - DEBUG - Initializing USB camera
2025-07-13 22:29:28,906 - camera_camera - WARNING - High memory usage (85.6%), triggering garbage collection
2025-07-13 22:29:29,071 - camera_camera - WARNING - High memory usage (85.6%), triggering garbage collection
2025-07-13 22:29:29,186 - camera_camera - DEBUG - Initializing USB camera
2025-07-13 22:29:31,051 - camera_camera - WARNING - High memory usage (85.4%), triggering garbage collection
2025-07-13 22:29:31,213 - camera_camera - WARNING - High memory usage (85.4%), triggering garbage collection
2025-07-13 22:29:33,177 - camera_camera - WARNING - High memory usage (85.4%), triggering garbage collection
2025-07-13 22:29:33,335 - camera_camera - WARNING - High memory usage (85.6%), triggering garbage collection
2025-07-13 22:29:35,303 - camera_camera - WARNING - High memory usage (85.4%), triggering garbage collection
2025-07-13 22:29:35,470 - camera_camera - WARNING - High memory usage (85.4%), triggering garbage collection
2025-07-13 22:29:36,298 - camera_camera - DEBUG - Initializing USB camera
2025-07-13 22:29:37,419 - camera_camera - WARNING - High memory usage (85.4%), triggering garbage collection
2025-07-13 22:29:37,611 - camera_camera - WARNING - High memory usage (85.4%), triggering garbage collection
2025-07-13 22:29:38,403 - camera_camera - DEBUG - Initializing USB camera
2025-07-13 22:29:39,547 - camera_camera - WARNING - High memory usage (85.6%), triggering garbage collection
2025-07-13 22:29:39,760 - camera_camera - WARNING - High memory usage (85.6%), triggering garbage collection
2025-07-13 22:29:40,515 - camera_camera - DEBUG - Initializing USB camera
2025-07-13 22:29:41,676 - camera_camera - WARNING - High memory usage (85.5%), triggering garbage collection
2025-07-13 22:29:41,886 - camera_camera - WARNING - High memory usage (85.5%), triggering garbage collection
2025-07-13 22:29:42,612 - camera_camera - DEBUG - Initializing USB camera
2025-07-13 22:29:43,086 - camera_camera - DEBUG - Performed garbage collection
2025-07-13 22:29:43,804 - camera_camera - WARNING - High memory usage (85.5%), triggering garbage collection
2025-07-13 22:29:44,106 - camera_camera - WARNING - High memory usage (85.5%), triggering garbage collection
2025-07-13 22:29:44,708 - camera_camera - DEBUG - Initializing USB camera
2025-07-13 22:29:45,947 - camera_camera - WARNING - High memory usage (85.5%), triggering garbage collection
2025-07-13 22:29:46,237 - camera_camera - WARNING - High memory usage (85.5%), triggering garbage collection
2025-07-13 22:29:46,803 - camera_camera - DEBUG - Initializing USB camera
2025-07-13 22:29:48,076 - camera_camera - WARNING - High memory usage (85.4%), triggering garbage collection
2025-07-13 22:29:48,384 - camera_camera - WARNING - High memory usage (85.4%), triggering garbage collection
2025-07-13 22:29:48,489 - PendingVehiclesPanel - INFO - Refreshing pending vehicles list
2025-07-13 22:29:48,498 - DataManager - INFO - Successfully loaded 71 records from data\Tharuni_Associates_Narasaraopeta_data.csv
2025-07-13 22:29:48,501 - PendingVehiclesPanel - INFO - Retrieved 71 total records
2025-07-13 22:29:48,696 - PendingVehiclesPanel - INFO - Found 0 unique pending vehicles, prevented 0 duplicates
2025-07-13 22:29:48,700 - PendingVehiclesPanel - INFO - Successfully refreshed pending list with 0 unique vehicles
2025-07-13 22:29:50,201 - camera_camera - WARNING - High memory usage (85.4%), triggering garbage collection
2025-07-13 22:29:50,506 - camera_camera - WARNING - High memory usage (85.4%), triggering garbage collection
2025-07-13 22:29:52,331 - camera_camera - WARNING - High memory usage (85.4%), triggering garbage collection
2025-07-13 22:29:52,621 - camera_camera - WARNING - High memory usage (85.5%), triggering garbage collection
2025-07-13 22:29:53,923 - camera_camera - DEBUG - Initializing USB camera
2025-07-13 22:29:54,479 - camera_camera - WARNING - High memory usage (85.5%), triggering garbage collection
2025-07-13 22:29:54,764 - camera_camera - WARNING - High memory usage (85.5%), triggering garbage collection
2025-07-13 22:29:56,036 - camera_camera - DEBUG - Initializing USB camera
2025-07-13 22:29:56,620 - camera_camera - WARNING - High memory usage (85.5%), triggering garbage collection
2025-07-13 22:29:56,885 - camera_camera - WARNING - High memory usage (85.5%), triggering garbage collection
2025-07-13 22:29:58,138 - camera_camera - DEBUG - Initializing USB camera
2025-07-13 22:29:58,763 - camera_camera - WARNING - High memory usage (85.3%), triggering garbage collection
2025-07-13 22:29:59,021 - camera_camera - WARNING - High memory usage (85.3%), triggering garbage collection
2025-07-13 22:30:00,258 - camera_camera - DEBUG - Initializing USB camera
2025-07-13 22:30:00,904 - camera_camera - WARNING - High memory usage (85.3%), triggering garbage collection
2025-07-13 22:30:01,006 - camera_camera - DEBUG - Resource usage - CPU: 22.5%, Memory: 85.3%
2025-07-13 22:30:01,164 - camera_camera - WARNING - High memory usage (85.3%), triggering garbage collection
2025-07-13 22:30:02,324 - camera_camera - DEBUG - Initializing USB camera
2025-07-13 22:30:03,033 - camera_camera - WARNING - High memory usage (85.3%), triggering garbage collection
2025-07-13 22:30:03,304 - camera_camera - WARNING - High memory usage (85.2%), triggering garbage collection
2025-07-13 22:30:04,420 - camera_camera - DEBUG - Initializing USB camera
2025-07-13 22:30:05,163 - camera_camera - WARNING - High memory usage (85.4%), triggering garbage collection
2025-07-13 22:30:05,452 - camera_camera - WARNING - High memory usage (85.2%), triggering garbage collection
2025-07-13 22:30:07,289 - camera_camera - WARNING - High memory usage (85.3%), triggering garbage collection
2025-07-13 22:30:07,579 - camera_camera - WARNING - High memory usage (85.3%), triggering garbage collection
2025-07-13 22:30:09,432 - camera_camera - WARNING - High memory usage (85.3%), triggering garbage collection
2025-07-13 22:30:09,700 - camera_camera - WARNING - High memory usage (85.4%), triggering garbage collection
2025-07-13 22:30:11,562 - camera_camera - DEBUG - Initializing USB camera
2025-07-13 22:30:11,563 - camera_camera - WARNING - High memory usage (85.3%), triggering garbage collection
2025-07-13 22:30:11,830 - camera_camera - WARNING - High memory usage (85.3%), triggering garbage collection
2025-07-13 22:30:13,683 - camera_camera - DEBUG - Initializing USB camera
2025-07-13 22:30:13,710 - camera_camera - WARNING - High memory usage (85.3%), triggering garbage collection
2025-07-13 22:30:13,966 - camera_camera - WARNING - High memory usage (85.3%), triggering garbage collection
2025-07-13 22:30:15,813 - camera_camera - DEBUG - Initializing USB camera
2025-07-13 22:30:15,842 - camera_camera - WARNING - High memory usage (85.3%), triggering garbage collection
2025-07-13 22:30:16,104 - camera_camera - WARNING - High memory usage (85.3%), triggering garbage collection
2025-07-13 22:30:17,975 - camera_camera - DEBUG - Initializing USB camera
2025-07-13 22:30:17,977 - camera_camera - WARNING - High memory usage (85.3%), triggering garbage collection
2025-07-13 22:30:18,227 - camera_camera - WARNING - High memory usage (85.5%), triggering garbage collection
2025-07-13 22:30:20,112 - camera_camera - DEBUG - Initializing USB camera
2025-07-13 22:30:20,135 - camera_camera - WARNING - High memory usage (85.5%), triggering garbage collection
2025-07-13 22:30:20,295 - camera_camera - WARNING - High memory usage (85.5%), triggering garbage collection
2025-07-13 22:30:22,259 - camera_camera - DEBUG - Initializing USB camera
2025-07-13 22:30:22,286 - camera_camera - WARNING - High memory usage (85.4%), triggering garbage collection
2025-07-13 22:30:22,418 - camera_camera - WARNING - High memory usage (85.4%), triggering garbage collection
2025-07-13 22:30:24,427 - camera_camera - WARNING - High memory usage (85.4%), triggering garbage collection
2025-07-13 22:30:24,621 - camera_camera - WARNING - High memory usage (85.4%), triggering garbage collection
2025-07-13 22:30:26,636 - camera_camera - WARNING - High memory usage (85.4%), triggering garbage collection
2025-07-13 22:30:26,754 - camera_camera - WARNING - High memory usage (85.3%), triggering garbage collection
2025-07-13 22:30:28,778 - camera_camera - WARNING - High memory usage (85.3%), triggering garbage collection
2025-07-13 22:30:28,895 - camera_camera - WARNING - High memory usage (85.3%), triggering garbage collection
2025-07-13 22:30:29,398 - camera_camera - DEBUG - Initializing USB camera
2025-07-13 22:30:30,930 - camera_camera - WARNING - High memory usage (85.3%), triggering garbage collection
2025-07-13 22:30:31,050 - camera_camera - DEBUG - Resource usage - CPU: 26.0%, Memory: 85.3%
2025-07-13 22:30:31,049 - camera_camera - WARNING - High memory usage (85.3%), triggering garbage collection
2025-07-13 22:30:31,507 - camera_camera - DEBUG - Initializing USB camera
2025-07-13 22:30:33,075 - camera_camera - WARNING - High memory usage (85.3%), triggering garbage collection
2025-07-13 22:30:33,194 - camera_camera - WARNING - High memory usage (85.3%), triggering garbage collection
2025-07-13 22:30:33,602 - camera_camera - DEBUG - Initializing USB camera
2025-07-13 22:30:35,211 - camera_camera - WARNING - High memory usage (85.3%), triggering garbage collection
2025-07-13 22:30:35,333 - camera_camera - WARNING - High memory usage (85.3%), triggering garbage collection
2025-07-13 22:30:35,698 - camera_camera - DEBUG - Initializing USB camera
2025-07-13 22:30:37,337 - camera_camera - WARNING - High memory usage (85.3%), triggering garbage collection
2025-07-13 22:30:37,462 - camera_camera - WARNING - High memory usage (85.3%), triggering garbage collection
2025-07-13 22:30:37,784 - camera_camera - DEBUG - Initializing USB camera
2025-07-13 22:30:39,467 - camera_camera - WARNING - High memory usage (85.5%), triggering garbage collection
2025-07-13 22:30:39,597 - camera_camera - WARNING - High memory usage (85.5%), triggering garbage collection
2025-07-13 22:30:39,874 - camera_camera - DEBUG - Initializing USB camera
2025-07-13 22:30:41,603 - camera_camera - WARNING - High memory usage (86.1%), triggering garbage collection
2025-07-13 22:30:41,730 - camera_camera - WARNING - High memory usage (86.1%), triggering garbage collection
2025-07-13 22:30:43,162 - camera_camera - DEBUG - Performed garbage collection
2025-07-13 22:30:43,678 - camera_camera - WARNING - High memory usage (86.3%), triggering garbage collection
2025-07-13 22:30:43,797 - camera_camera - WARNING - High memory usage (86.3%), triggering garbage collection
2025-07-13 22:30:45,801 - camera_camera - WARNING - High memory usage (86.3%), triggering garbage collection
2025-07-13 22:30:45,932 - camera_camera - WARNING - High memory usage (86.3%), triggering garbage collection
2025-07-13 22:30:47,005 - camera_camera - DEBUG - Initializing USB camera
2025-07-13 22:30:47,931 - camera_camera - WARNING - High memory usage (86.2%), triggering garbage collection
2025-07-13 22:30:48,054 - camera_camera - WARNING - High memory usage (86.2%), triggering garbage collection
2025-07-13 22:30:48,714 - PendingVehiclesPanel - INFO - Refreshing pending vehicles list
2025-07-13 22:30:48,721 - DataManager - INFO - Successfully loaded 71 records from data\Tharuni_Associates_Narasaraopeta_data.csv
2025-07-13 22:30:48,723 - PendingVehiclesPanel - INFO - Retrieved 71 total records
2025-07-13 22:30:48,908 - PendingVehiclesPanel - INFO - Found 0 unique pending vehicles, prevented 0 duplicates
2025-07-13 22:30:48,911 - PendingVehiclesPanel - INFO - Successfully refreshed pending list with 0 unique vehicles
2025-07-13 22:30:49,115 - camera_camera - DEBUG - Initializing USB camera
2025-07-13 22:30:50,074 - camera_camera - WARNING - High memory usage (86.1%), triggering garbage collection
2025-07-13 22:30:50,203 - camera_camera - WARNING - High memory usage (86.1%), triggering garbage collection
2025-07-13 22:30:51,202 - camera_camera - DEBUG - Initializing USB camera
2025-07-13 22:30:52,229 - camera_camera - WARNING - High memory usage (85.1%), triggering garbage collection
2025-07-13 22:30:52,357 - camera_camera - WARNING - High memory usage (85.1%), triggering garbage collection
2025-07-13 22:30:53,308 - camera_camera - DEBUG - Initializing USB camera
2025-07-13 22:30:54,378 - camera_camera - WARNING - High memory usage (85.1%), triggering garbage collection
2025-07-13 22:30:54,496 - camera_camera - WARNING - High memory usage (85.1%), triggering garbage collection
2025-07-13 22:30:55,411 - camera_camera - DEBUG - Initializing USB camera
2025-07-13 22:30:56,504 - camera_camera - WARNING - High memory usage (85.1%), triggering garbage collection
2025-07-13 22:30:56,631 - camera_camera - WARNING - High memory usage (85.1%), triggering garbage collection
2025-07-13 22:30:57,507 - camera_camera - DEBUG - Initializing USB camera
2025-07-13 22:30:58,619 - camera_camera - WARNING - High memory usage (85.2%), triggering garbage collection
2025-07-13 22:30:58,765 - camera_camera - WARNING - High memory usage (85.2%), triggering garbage collection
2025-07-13 22:31:00,772 - camera_camera - WARNING - High memory usage (85.1%), triggering garbage collection
2025-07-13 22:31:00,877 - camera_camera - DEBUG - Resource usage - CPU: 19.6%, Memory: 85.1%
2025-07-13 22:31:00,904 - camera_camera - WARNING - High memory usage (85.1%), triggering garbage collection
2025-07-13 22:31:01,008 - camera_camera - DEBUG - Resource usage - CPU: 19.2%, Memory: 85.1%
2025-07-13 22:31:02,905 - camera_camera - WARNING - High memory usage (85.1%), triggering garbage collection
2025-07-13 22:31:03,048 - camera_camera - WARNING - High memory usage (85.1%), triggering garbage collection
2025-07-13 22:31:04,634 - camera_camera - DEBUG - Initializing USB camera
2025-07-13 22:31:05,060 - camera_camera - WARNING - High memory usage (85.1%), triggering garbage collection
2025-07-13 22:31:06,740 - camera_camera - DEBUG - Initializing USB camera
2025-07-13 22:31:08,836 - camera_camera - DEBUG - Initializing USB camera
2025-07-13 22:31:10,930 - camera_camera - DEBUG - Initializing USB camera
2025-07-13 22:31:13,028 - camera_camera - DEBUG - Initializing USB camera
2025-07-13 22:31:15,140 - camera_camera - DEBUG - Initializing USB camera
2025-07-13 22:31:22,245 - camera_camera - DEBUG - Initializing USB camera
2025-07-13 22:31:24,355 - camera_camera - DEBUG - Initializing USB camera
2025-07-13 22:31:26,451 - camera_camera - DEBUG - Initializing USB camera
2025-07-13 22:31:28,564 - camera_camera - DEBUG - Initializing USB camera
2025-07-13 22:31:30,675 - camera_camera - DEBUG - Initializing USB camera
2025-07-13 22:31:32,787 - camera_camera - DEBUG - Initializing USB camera
2025-07-13 22:31:39,891 - camera_camera - DEBUG - Initializing USB camera
2025-07-13 22:31:41,986 - camera_camera - DEBUG - Initializing USB camera
2025-07-13 22:31:43,205 - camera_camera - DEBUG - Performed garbage collection
2025-07-13 22:31:44,083 - camera_camera - DEBUG - Initializing USB camera
2025-07-13 22:31:46,177 - camera_camera - DEBUG - Initializing USB camera
2025-07-13 22:31:48,279 - camera_camera - DEBUG - Initializing USB camera
2025-07-13 22:31:48,914 - PendingVehiclesPanel - INFO - Refreshing pending vehicles list
2025-07-13 22:31:48,920 - DataManager - INFO - Successfully loaded 71 records from data\Tharuni_Associates_Narasaraopeta_data.csv
2025-07-13 22:31:48,922 - PendingVehiclesPanel - INFO - Retrieved 71 total records
2025-07-13 22:31:49,103 - PendingVehiclesPanel - INFO - Found 0 unique pending vehicles, prevented 0 duplicates
2025-07-13 22:31:49,106 - PendingVehiclesPanel - INFO - Successfully refreshed pending list with 0 unique vehicles
2025-07-13 22:31:50,387 - camera_camera - DEBUG - Initializing USB camera
2025-07-13 22:31:57,484 - camera_camera - DEBUG - Initializing USB camera
2025-07-13 22:31:59,578 - camera_camera - DEBUG - Initializing USB camera
2025-07-13 22:32:01,683 - camera_camera - DEBUG - Initializing USB camera
2025-07-13 22:32:03,784 - camera_camera - DEBUG - Initializing USB camera
2025-07-13 22:32:05,890 - camera_camera - DEBUG - Initializing USB camera
2025-07-13 22:32:07,989 - camera_camera - DEBUG - Initializing USB camera
2025-07-13 22:32:15,107 - camera_camera - DEBUG - Initializing USB camera
2025-07-13 22:32:17,220 - camera_camera - DEBUG - Initializing USB camera
2025-07-13 22:32:19,320 - camera_camera - DEBUG - Initializing USB camera
2025-07-13 22:32:21,429 - camera_camera - DEBUG - Initializing USB camera
2025-07-13 22:32:23,541 - camera_camera - DEBUG - Initializing USB camera
2025-07-13 22:32:25,651 - camera_camera - DEBUG - Initializing USB camera
2025-07-13 22:32:30,134 - camera_camera - DEBUG - Resource usage - CPU: 17.3%, Memory: 83.8%
2025-07-13 22:32:30,136 - camera_camera - DEBUG - Resource usage - CPU: 17.8%, Memory: 83.8%
2025-07-13 22:32:32,756 - camera_camera - DEBUG - Initializing USB camera
2025-07-13 22:32:34,867 - camera_camera - DEBUG - Initializing USB camera
2025-07-13 22:32:36,979 - camera_camera - DEBUG - Initializing USB camera
2025-07-13 22:32:39,076 - camera_camera - DEBUG - Initializing USB camera
2025-07-13 22:32:41,180 - camera_camera - DEBUG - Initializing USB camera
2025-07-13 22:32:43,264 - camera_camera - DEBUG - Performed garbage collection
2025-07-13 22:32:43,284 - camera_camera - DEBUG - Initializing USB camera
2025-07-13 22:32:49,109 - PendingVehiclesPanel - INFO - Refreshing pending vehicles list
2025-07-13 22:32:49,114 - DataManager - INFO - Successfully loaded 71 records from data\Tharuni_Associates_Narasaraopeta_data.csv
2025-07-13 22:32:49,116 - PendingVehiclesPanel - INFO - Retrieved 71 total records
2025-07-13 22:32:49,298 - PendingVehiclesPanel - INFO - Found 0 unique pending vehicles, prevented 0 duplicates
2025-07-13 22:32:49,301 - PendingVehiclesPanel - INFO - Successfully refreshed pending list with 0 unique vehicles
2025-07-13 22:32:50,419 - camera_camera - DEBUG - Initializing USB camera
2025-07-13 22:32:52,516 - camera_camera - DEBUG - Initializing USB camera
2025-07-13 22:32:54,628 - camera_camera - DEBUG - Initializing USB camera
2025-07-13 22:32:56,724 - camera_camera - DEBUG - Initializing USB camera
2025-07-13 22:32:58,821 - camera_camera - DEBUG - Initializing USB camera
2025-07-13 22:33:00,469 - camera_camera - DEBUG - Resource usage - CPU: 17.5%, Memory: 84.1%
2025-07-13 22:33:00,487 - camera_camera - DEBUG - Resource usage - CPU: 17.7%, Memory: 84.1%
2025-07-13 22:33:00,913 - camera_camera - DEBUG - Initializing USB camera
2025-07-13 22:33:08,035 - camera_camera - DEBUG - Initializing USB camera
2025-07-13 22:33:10,147 - camera_camera - DEBUG - Initializing USB camera
2025-07-13 22:33:12,259 - camera_camera - DEBUG - Initializing USB camera
2025-07-13 22:33:14,355 - camera_camera - DEBUG - Initializing USB camera
2025-07-13 22:33:16,467 - camera_camera - DEBUG - Initializing USB camera
2025-07-13 22:33:18,579 - camera_camera - DEBUG - Initializing USB camera
2025-07-13 22:33:25,683 - camera_camera - DEBUG - Initializing USB camera
2025-07-13 22:33:27,790 - camera_camera - DEBUG - Initializing USB camera
2025-07-13 22:33:29,843 - camera_camera - DEBUG - Initializing USB camera
2025-07-13 22:33:30,774 - camera_camera - DEBUG - Resource usage - CPU: 20.2%, Memory: 84.5%
2025-07-13 22:33:30,805 - camera_camera - DEBUG - Resource usage - CPU: 20.4%, Memory: 84.5%
2025-07-13 22:33:31,953 - camera_camera - DEBUG - Initializing USB camera
2025-07-13 22:33:34,047 - camera_camera - DEBUG - Initializing USB camera
2025-07-13 22:33:36,129 - camera_camera - DEBUG - Initializing USB camera
2025-07-13 22:33:40,890 - camera_camera - WARNING - High memory usage (85.6%), triggering garbage collection
2025-07-13 22:33:41,002 - camera_camera - WARNING - High memory usage (85.6%), triggering garbage collection
2025-07-13 22:33:43,018 - camera_camera - WARNING - High memory usage (86.4%), triggering garbage collection
2025-07-13 22:33:43,128 - camera_camera - WARNING - High memory usage (86.4%), triggering garbage collection
2025-07-13 22:33:43,256 - camera_camera - DEBUG - Initializing USB camera
2025-07-13 22:33:43,256 - camera_camera - DEBUG - Performed garbage collection
2025-07-13 22:33:45,159 - camera_camera - WARNING - High memory usage (86.3%), triggering garbage collection
2025-07-13 22:33:45,279 - camera_camera - WARNING - High memory usage (86.5%), triggering garbage collection
2025-07-13 22:33:45,380 - camera_camera - DEBUG - Initializing USB camera
2025-07-13 22:33:47,492 - camera_camera - DEBUG - Initializing USB camera
2025-07-13 22:33:49,321 - PendingVehiclesPanel - INFO - Refreshing pending vehicles list
2025-07-13 22:33:49,328 - DataManager - INFO - Successfully loaded 71 records from data\Tharuni_Associates_Narasaraopeta_data.csv
2025-07-13 22:33:49,330 - PendingVehiclesPanel - INFO - Retrieved 71 total records
2025-07-13 22:33:49,523 - PendingVehiclesPanel - INFO - Found 0 unique pending vehicles, prevented 0 duplicates
2025-07-13 22:33:49,526 - PendingVehiclesPanel - INFO - Successfully refreshed pending list with 0 unique vehicles
2025-07-13 22:33:49,597 - camera_camera - DEBUG - Initializing USB camera
2025-07-13 22:33:51,699 - camera_camera - DEBUG - Initializing USB camera
2025-07-13 22:33:53,796 - camera_camera - DEBUG - Initializing USB camera
2025-07-13 22:34:00,897 - camera_camera - DEBUG - Initializing USB camera
2025-07-13 22:34:02,996 - camera_camera - DEBUG - Initializing USB camera
2025-07-13 22:34:05,094 - camera_camera - DEBUG - Initializing USB camera
2025-07-13 22:34:07,190 - camera_camera - DEBUG - Initializing USB camera
2025-07-13 22:34:09,263 - camera_camera - DEBUG - Initializing USB camera
2025-07-13 22:34:11,380 - camera_camera - DEBUG - Initializing USB camera
2025-07-13 22:34:18,484 - camera_camera - DEBUG - Initializing USB camera
2025-07-13 22:34:20,596 - camera_camera - DEBUG - Initializing USB camera
2025-07-13 22:34:22,707 - camera_camera - DEBUG - Initializing USB camera
2025-07-13 22:34:24,803 - camera_camera - DEBUG - Initializing USB camera
2025-07-13 22:34:26,900 - camera_camera - DEBUG - Initializing USB camera
2025-07-13 22:34:29,011 - camera_camera - DEBUG - Initializing USB camera
2025-07-13 22:34:36,121 - camera_camera - DEBUG - Initializing USB camera
2025-07-13 22:34:38,225 - camera_camera - DEBUG - Initializing USB camera
2025-07-13 22:34:40,325 - camera_camera - DEBUG - Initializing USB camera
2025-07-13 22:34:42,435 - camera_camera - DEBUG - Initializing USB camera
2025-07-13 22:34:43,376 - camera_camera - DEBUG - Performed garbage collection
2025-07-13 22:34:44,546 - camera_camera - DEBUG - Initializing USB camera
2025-07-13 22:34:46,659 - camera_camera - DEBUG - Initializing USB camera
2025-07-13 22:34:49,531 - PendingVehiclesPanel - INFO - Refreshing pending vehicles list
2025-07-13 22:34:49,536 - DataManager - INFO - Successfully loaded 71 records from data\Tharuni_Associates_Narasaraopeta_data.csv
2025-07-13 22:34:49,539 - PendingVehiclesPanel - INFO - Retrieved 71 total records
2025-07-13 22:34:49,724 - PendingVehiclesPanel - INFO - Found 0 unique pending vehicles, prevented 0 duplicates
2025-07-13 22:34:49,727 - PendingVehiclesPanel - INFO - Successfully refreshed pending list with 0 unique vehicles
2025-07-13 22:34:53,764 - camera_camera - DEBUG - Initializing USB camera
2025-07-13 22:34:55,875 - camera_camera - DEBUG - Initializing USB camera
2025-07-13 22:34:57,988 - camera_camera - DEBUG - Initializing USB camera
2025-07-13 22:35:00,081 - camera_camera - DEBUG - Initializing USB camera
2025-07-13 22:35:00,183 - camera_camera - DEBUG - Resource usage - CPU: 17.3%, Memory: 80.6%
2025-07-13 22:35:02,185 - camera_camera - DEBUG - Initializing USB camera
2025-07-13 22:35:04,292 - camera_camera - DEBUG - Initializing USB camera
2025-07-13 22:35:11,389 - camera_camera - DEBUG - Initializing USB camera
2025-07-13 22:35:13,490 - camera_camera - DEBUG - Initializing USB camera
2025-07-13 22:35:15,603 - camera_camera - DEBUG - Initializing USB camera
2025-07-13 22:35:17,700 - camera_camera - DEBUG - Initializing USB camera
2025-07-13 22:35:19,795 - camera_camera - DEBUG - Initializing USB camera
2025-07-13 22:35:21,890 - camera_camera - DEBUG - Initializing USB camera
2025-07-13 22:35:29,012 - camera_camera - DEBUG - Initializing USB camera
2025-07-13 22:35:30,348 - camera_camera - DEBUG - Resource usage - CPU: 17.4%, Memory: 80.6%
2025-07-13 22:35:30,524 - camera_camera - DEBUG - Resource usage - CPU: 18.1%, Memory: 80.5%
2025-07-13 22:35:31,109 - camera_camera - DEBUG - Initializing USB camera
2025-07-13 22:35:33,203 - camera_camera - DEBUG - Initializing USB camera
2025-07-13 22:35:35,298 - camera_camera - DEBUG - Initializing USB camera
2025-07-13 22:35:37,396 - camera_camera - DEBUG - Initializing USB camera
2025-07-13 22:35:39,498 - camera_camera - DEBUG - Initializing USB camera
2025-07-13 22:35:43,375 - camera_camera - DEBUG - Performed garbage collection
2025-07-13 22:35:46,628 - camera_camera - DEBUG - Initializing USB camera
2025-07-13 22:35:48,746 - camera_camera - DEBUG - Initializing USB camera
2025-07-13 22:35:49,732 - PendingVehiclesPanel - INFO - Refreshing pending vehicles list
2025-07-13 22:35:49,738 - DataManager - INFO - Successfully loaded 71 records from data\Tharuni_Associates_Narasaraopeta_data.csv
2025-07-13 22:35:49,740 - PendingVehiclesPanel - INFO - Retrieved 71 total records
2025-07-13 22:35:49,970 - PendingVehiclesPanel - INFO - Found 0 unique pending vehicles, prevented 0 duplicates
2025-07-13 22:35:49,975 - PendingVehiclesPanel - INFO - Successfully refreshed pending list with 0 unique vehicles
2025-07-13 22:35:50,852 - camera_camera - DEBUG - Initializing USB camera
2025-07-13 22:35:52,963 - camera_camera - DEBUG - Initializing USB camera
2025-07-13 22:35:55,077 - camera_camera - DEBUG - Initializing USB camera
2025-07-13 22:35:57,172 - camera_camera - DEBUG - Initializing USB camera
2025-07-13 22:36:00,604 - camera_camera - DEBUG - Resource usage - CPU: 18.1%, Memory: 79.8%
2025-07-13 22:36:00,842 - camera_camera - DEBUG - Resource usage - CPU: 19.2%, Memory: 79.8%
2025-07-13 22:36:04,291 - camera_camera - DEBUG - Initializing USB camera
2025-07-13 22:36:06,388 - camera_camera - DEBUG - Initializing USB camera
2025-07-13 22:36:08,497 - camera_camera - DEBUG - Initializing USB camera
2025-07-13 22:36:10,596 - camera_camera - DEBUG - Initializing USB camera
2025-07-13 22:36:12,692 - camera_camera - DEBUG - Initializing USB camera
2025-07-13 22:36:14,788 - camera_camera - DEBUG - Initializing USB camera
2025-07-13 22:36:21,892 - camera_camera - DEBUG - Initializing USB camera
2025-07-13 22:36:23,987 - camera_camera - DEBUG - Initializing USB camera
2025-07-13 22:36:26,085 - camera_camera - DEBUG - Initializing USB camera
2025-07-13 22:36:28,178 - camera_camera - DEBUG - Initializing USB camera
2025-07-13 22:36:30,277 - camera_camera - DEBUG - Initializing USB camera
2025-07-13 22:36:30,955 - camera_camera - DEBUG - Resource usage - CPU: 18.2%, Memory: 79.8%
2025-07-13 22:36:32,372 - camera_camera - DEBUG - Initializing USB camera
2025-07-13 22:36:39,481 - camera_camera - DEBUG - Initializing USB camera
2025-07-13 22:36:41,603 - camera_camera - DEBUG - Initializing USB camera
2025-07-13 22:36:43,382 - camera_camera - DEBUG - Performed garbage collection
2025-07-13 22:36:43,699 - camera_camera - DEBUG - Initializing USB camera
2025-07-13 22:36:45,795 - camera_camera - DEBUG - Initializing USB camera
2025-07-13 22:36:47,892 - camera_camera - DEBUG - Initializing USB camera
2025-07-13 22:36:49,981 - camera_camera - DEBUG - Initializing USB camera
2025-07-13 22:36:50,000 - PendingVehiclesPanel - INFO - Refreshing pending vehicles list
2025-07-13 22:36:50,008 - DataManager - INFO - Successfully loaded 71 records from data\Tharuni_Associates_Narasaraopeta_data.csv
2025-07-13 22:36:50,010 - PendingVehiclesPanel - INFO - Retrieved 71 total records
2025-07-13 22:36:50,224 - PendingVehiclesPanel - INFO - Found 0 unique pending vehicles, prevented 0 duplicates
2025-07-13 22:36:50,226 - PendingVehiclesPanel - INFO - Successfully refreshed pending list with 0 unique vehicles
2025-07-13 22:36:57,141 - camera_camera - DEBUG - Initializing USB camera
2025-07-13 22:36:59,236 - camera_camera - DEBUG - Initializing USB camera
2025-07-13 22:37:01,339 - camera_camera - DEBUG - Initializing USB camera
2025-07-13 22:37:03,443 - camera_camera - DEBUG - Initializing USB camera
2025-07-13 22:37:05,540 - camera_camera - DEBUG - Initializing USB camera
2025-07-13 22:37:07,666 - camera_camera - DEBUG - Initializing USB camera
2025-07-13 22:37:14,774 - camera_camera - DEBUG - Initializing USB camera
2025-07-13 22:37:16,881 - camera_camera - DEBUG - Initializing USB camera
2025-07-13 22:37:18,978 - camera_camera - DEBUG - Initializing USB camera
2025-07-13 22:37:21,079 - camera_camera - DEBUG - Initializing USB camera
2025-07-13 22:37:23,172 - camera_camera - DEBUG - Initializing USB camera
2025-07-13 22:37:25,266 - camera_camera - DEBUG - Initializing USB camera
2025-07-13 22:37:32,372 - camera_camera - DEBUG - Initializing USB camera
2025-07-13 22:37:34,475 - camera_camera - DEBUG - Initializing USB camera
2025-07-13 22:37:36,580 - camera_camera - DEBUG - Initializing USB camera
2025-07-13 22:37:38,691 - camera_camera - DEBUG - Initializing USB camera
2025-07-13 22:37:40,788 - camera_camera - DEBUG - Initializing USB camera
2025-07-13 22:37:42,883 - camera_camera - DEBUG - Initializing USB camera
2025-07-13 22:37:43,436 - camera_camera - DEBUG - Performed garbage collection
2025-07-13 22:37:50,025 - camera_camera - DEBUG - Initializing USB camera
2025-07-13 22:37:50,236 - PendingVehiclesPanel - INFO - Refreshing pending vehicles list
2025-07-13 22:37:50,242 - DataManager - INFO - Successfully loaded 71 records from data\Tharuni_Associates_Narasaraopeta_data.csv
2025-07-13 22:37:50,244 - PendingVehiclesPanel - INFO - Retrieved 71 total records
2025-07-13 22:37:50,428 - PendingVehiclesPanel - INFO - Found 0 unique pending vehicles, prevented 0 duplicates
2025-07-13 22:37:50,431 - PendingVehiclesPanel - INFO - Successfully refreshed pending list with 0 unique vehicles
2025-07-13 22:37:52,134 - camera_camera - DEBUG - Initializing USB camera
2025-07-13 22:37:54,243 - camera_camera - DEBUG - Initializing USB camera
2025-07-13 22:37:56,340 - camera_camera - DEBUG - Initializing USB camera
2025-07-13 22:37:58,436 - camera_camera - DEBUG - Initializing USB camera
2025-07-13 22:38:00,185 - camera_camera - DEBUG - Resource usage - CPU: 23.4%, Memory: 79.8%
2025-07-13 22:38:00,546 - camera_camera - DEBUG - Initializing USB camera
2025-07-13 22:38:07,665 - camera_camera - DEBUG - Initializing USB camera
2025-07-13 22:38:09,763 - camera_camera - DEBUG - Initializing USB camera
2025-07-13 22:38:11,861 - camera_camera - DEBUG - Initializing USB camera
2025-07-13 22:38:13,971 - camera_camera - DEBUG - Initializing USB camera
2025-07-13 22:38:16,083 - camera_camera - DEBUG - Initializing USB camera
2025-07-13 22:38:18,182 - camera_camera - DEBUG - Initializing USB camera
2025-07-13 22:38:25,284 - camera_camera - DEBUG - Initializing USB camera
2025-07-13 22:38:27,395 - camera_camera - DEBUG - Initializing USB camera
2025-07-13 22:38:29,487 - camera_camera - DEBUG - Initializing USB camera
2025-07-13 22:38:30,314 - camera_camera - DEBUG - Resource usage - CPU: 29.8%, Memory: 79.9%
2025-07-13 22:38:30,523 - camera_camera - DEBUG - Resource usage - CPU: 30.0%, Memory: 79.7%
2025-07-13 22:38:31,524 - camera_camera - DEBUG - Initializing USB camera
2025-07-13 22:38:33,634 - camera_camera - DEBUG - Initializing USB camera
2025-07-13 22:38:35,730 - camera_camera - DEBUG - Initializing USB camera
2025-07-13 22:38:42,837 - camera_camera - DEBUG - Initializing USB camera
2025-07-13 22:38:43,461 - camera_camera - DEBUG - Performed garbage collection
2025-07-13 22:38:44,948 - camera_camera - DEBUG - Initializing USB camera
2025-07-13 22:38:47,043 - camera_camera - DEBUG - Initializing USB camera
2025-07-13 22:38:49,165 - camera_camera - DEBUG - Initializing USB camera
2025-07-13 22:38:50,438 - PendingVehiclesPanel - INFO - Refreshing pending vehicles list
2025-07-13 22:38:50,443 - DataManager - INFO - Successfully loaded 71 records from data\Tharuni_Associates_Narasaraopeta_data.csv
2025-07-13 22:38:50,445 - PendingVehiclesPanel - INFO - Retrieved 71 total records
2025-07-13 22:38:50,633 - PendingVehiclesPanel - INFO - Found 0 unique pending vehicles, prevented 0 duplicates
2025-07-13 22:38:50,636 - PendingVehiclesPanel - INFO - Successfully refreshed pending list with 0 unique vehicles
2025-07-13 22:38:51,260 - camera_camera - DEBUG - Initializing USB camera
2025-07-13 22:38:53,363 - camera_camera - DEBUG - Initializing USB camera
2025-07-13 22:39:00,464 - camera_camera - DEBUG - Initializing USB camera
2025-07-13 22:39:00,668 - camera_camera - DEBUG - Resource usage - CPU: 17.1%, Memory: 80.5%
2025-07-13 22:39:00,873 - camera_camera - DEBUG - Resource usage - CPU: 19.5%, Memory: 80.5%
2025-07-13 22:39:02,563 - camera_camera - DEBUG - Initializing USB camera
2025-07-13 22:39:04,659 - camera_camera - DEBUG - Initializing USB camera
2025-07-13 22:39:06,764 - camera_camera - DEBUG - Initializing USB camera
2025-07-13 22:39:08,869 - camera_camera - DEBUG - Initializing USB camera
2025-07-13 22:39:10,961 - camera_camera - DEBUG - Initializing USB camera
2025-07-13 22:39:18,100 - camera_camera - DEBUG - Initializing USB camera
2025-07-13 22:39:20,200 - camera_camera - DEBUG - Initializing USB camera
2025-07-13 22:39:22,298 - camera_camera - DEBUG - Initializing USB camera
2025-07-13 22:39:24,390 - camera_camera - DEBUG - Initializing USB camera
2025-07-13 22:39:26,506 - camera_camera - DEBUG - Initializing USB camera
2025-07-13 22:39:28,611 - camera_camera - DEBUG - Initializing USB camera
2025-07-13 22:39:35,718 - camera_camera - DEBUG - Initializing USB camera
2025-07-13 22:39:37,831 - camera_camera - DEBUG - Initializing USB camera
2025-07-13 22:39:39,932 - camera_camera - DEBUG - Initializing USB camera
2025-07-13 22:39:42,040 - camera_camera - DEBUG - Initializing USB camera
2025-07-13 22:39:43,532 - camera_camera - DEBUG - Performed garbage collection
2025-07-13 22:39:44,149 - camera_camera - DEBUG - Initializing USB camera
2025-07-13 22:39:46,242 - camera_camera - DEBUG - Initializing USB camera
2025-07-13 22:39:50,651 - PendingVehiclesPanel - INFO - Refreshing pending vehicles list
2025-07-13 22:39:50,658 - DataManager - INFO - Successfully loaded 71 records from data\Tharuni_Associates_Narasaraopeta_data.csv
2025-07-13 22:39:50,660 - PendingVehiclesPanel - INFO - Retrieved 71 total records
2025-07-13 22:39:50,847 - PendingVehiclesPanel - INFO - Found 0 unique pending vehicles, prevented 0 duplicates
2025-07-13 22:39:50,850 - PendingVehiclesPanel - INFO - Successfully refreshed pending list with 0 unique vehicles
2025-07-13 22:39:53,357 - camera_camera - DEBUG - Initializing USB camera
2025-07-13 22:39:55,413 - camera_camera - DEBUG - Initializing USB camera
2025-07-13 22:39:57,523 - camera_camera - DEBUG - Initializing USB camera
2025-07-13 22:39:59,624 - camera_camera - DEBUG - Initializing USB camera
2025-07-13 22:40:01,714 - camera_camera - DEBUG - Initializing USB camera
2025-07-13 22:40:03,843 - camera_camera - DEBUG - Initializing USB camera
2025-07-13 22:40:10,963 - camera_camera - DEBUG - Initializing USB camera
2025-07-13 22:40:13,075 - camera_camera - DEBUG - Initializing USB camera
2025-07-13 22:40:15,173 - camera_camera - DEBUG - Initializing USB camera
2025-07-13 22:40:17,268 - camera_camera - DEBUG - Initializing USB camera
2025-07-13 22:40:19,363 - camera_camera - DEBUG - Initializing USB camera
2025-07-13 22:40:21,456 - camera_camera - DEBUG - Initializing USB camera
2025-07-13 22:40:28,548 - camera_camera - DEBUG - Initializing USB camera
2025-07-13 22:40:30,644 - camera_camera - DEBUG - Initializing USB camera
2025-07-13 22:40:32,740 - camera_camera - DEBUG - Initializing USB camera
2025-07-13 22:40:34,835 - camera_camera - DEBUG - Initializing USB camera
2025-07-13 22:40:36,948 - camera_camera - DEBUG - Initializing USB camera
2025-07-13 22:40:39,044 - camera_camera - DEBUG - Initializing USB camera
2025-07-13 22:40:43,554 - camera_camera - DEBUG - Performed garbage collection
2025-07-13 22:40:46,164 - camera_camera - DEBUG - Initializing USB camera
2025-07-13 22:40:48,259 - camera_camera - DEBUG - Initializing USB camera
2025-07-13 22:40:50,362 - camera_camera - DEBUG - Initializing USB camera
2025-07-13 22:40:50,862 - PendingVehiclesPanel - INFO - Refreshing pending vehicles list
2025-07-13 22:40:50,868 - DataManager - INFO - Successfully loaded 71 records from data\Tharuni_Associates_Narasaraopeta_data.csv
2025-07-13 22:40:50,870 - PendingVehiclesPanel - INFO - Retrieved 71 total records
2025-07-13 22:40:51,053 - PendingVehiclesPanel - INFO - Found 0 unique pending vehicles, prevented 0 duplicates
2025-07-13 22:40:51,056 - PendingVehiclesPanel - INFO - Successfully refreshed pending list with 0 unique vehicles
2025-07-13 22:40:52,455 - camera_camera - DEBUG - Initializing USB camera
2025-07-13 22:40:54,577 - camera_camera - DEBUG - Initializing USB camera
2025-07-13 22:40:56,682 - camera_camera - DEBUG - Initializing USB camera
2025-07-13 22:41:00,186 - camera_camera - DEBUG - Resource usage - CPU: 17.0%, Memory: 79.4%
2025-07-13 22:41:03,780 - camera_camera - DEBUG - Initializing USB camera
2025-07-13 22:41:05,873 - camera_camera - DEBUG - Initializing USB camera
2025-07-13 22:41:07,972 - camera_camera - DEBUG - Initializing USB camera
2025-07-13 22:41:10,066 - camera_camera - DEBUG - Initializing USB camera
2025-07-13 22:41:12,164 - camera_camera - DEBUG - Initializing USB camera
2025-07-13 22:41:14,276 - camera_camera - DEBUG - Initializing USB camera
2025-07-13 22:41:21,384 - camera_camera - DEBUG - Initializing USB camera
2025-07-13 22:41:23,494 - camera_camera - DEBUG - Initializing USB camera
2025-07-13 22:41:25,589 - camera_camera - DEBUG - Initializing USB camera
2025-07-13 22:41:27,681 - camera_camera - DEBUG - Initializing USB camera
2025-07-13 22:41:29,780 - camera_camera - DEBUG - Initializing USB camera
2025-07-13 22:41:30,395 - camera_camera - DEBUG - Resource usage - CPU: 19.2%, Memory: 79.3%
2025-07-13 22:41:30,504 - camera_camera - DEBUG - Resource usage - CPU: 19.4%, Memory: 79.4%
2025-07-13 22:41:31,875 - camera_camera - DEBUG - Initializing USB camera
2025-07-13 22:41:38,995 - camera_camera - DEBUG - Initializing USB camera
2025-07-13 22:41:41,107 - camera_camera - DEBUG - Initializing USB camera
2025-07-13 22:41:43,219 - camera_camera - DEBUG - Initializing USB camera
2025-07-13 22:41:43,646 - camera_camera - DEBUG - Performed garbage collection
2025-07-13 22:41:45,313 - camera_camera - DEBUG - Initializing USB camera
2025-07-13 22:41:47,427 - camera_camera - DEBUG - Initializing USB camera
2025-07-13 22:41:49,539 - camera_camera - DEBUG - Initializing USB camera
2025-07-13 22:41:51,060 - PendingVehiclesPanel - INFO - Refreshing pending vehicles list
2025-07-13 22:41:51,065 - DataManager - INFO - Successfully loaded 71 records from data\Tharuni_Associates_Narasaraopeta_data.csv
2025-07-13 22:41:51,067 - PendingVehiclesPanel - INFO - Retrieved 71 total records
2025-07-13 22:41:51,253 - PendingVehiclesPanel - INFO - Found 0 unique pending vehicles, prevented 0 duplicates
2025-07-13 22:41:51,256 - PendingVehiclesPanel - INFO - Successfully refreshed pending list with 0 unique vehicles
2025-07-13 22:41:56,658 - camera_camera - DEBUG - Initializing USB camera
2025-07-13 22:41:58,754 - camera_camera - DEBUG - Initializing USB camera
2025-07-13 22:42:00,806 - camera_camera - DEBUG - Resource usage - CPU: 21.7%, Memory: 80.7%
2025-07-13 22:42:00,845 - camera_camera - DEBUG - Resource usage - CPU: 21.7%, Memory: 80.7%
2025-07-13 22:42:00,851 - camera_camera - DEBUG - Initializing USB camera
2025-07-13 22:42:02,949 - camera_camera - DEBUG - Initializing USB camera
2025-07-13 22:42:05,060 - camera_camera - DEBUG - Initializing USB camera
2025-07-13 22:42:07,155 - camera_camera - DEBUG - Initializing USB camera
2025-07-13 22:42:14,273 - camera_camera - DEBUG - Initializing USB camera
2025-07-13 22:42:16,341 - camera_camera - DEBUG - Initializing USB camera
2025-07-13 22:42:18,451 - camera_camera - DEBUG - Initializing USB camera
2025-07-13 22:42:20,547 - camera_camera - DEBUG - Initializing USB camera
2025-07-13 22:42:22,643 - camera_camera - DEBUG - Initializing USB camera
2025-07-13 22:42:24,755 - camera_camera - DEBUG - Initializing USB camera
2025-07-13 22:42:31,860 - camera_camera - DEBUG - Initializing USB camera
2025-07-13 22:42:33,955 - camera_camera - DEBUG - Initializing USB camera
2025-07-13 22:42:36,058 - camera_camera - DEBUG - Initializing USB camera
2025-07-13 22:42:38,163 - camera_camera - DEBUG - Initializing USB camera
2025-07-13 22:42:40,258 - camera_camera - DEBUG - Initializing USB camera
2025-07-13 22:42:42,355 - camera_camera - DEBUG - Initializing USB camera
2025-07-13 22:42:43,706 - camera_camera - DEBUG - Performed garbage collection
2025-07-13 22:42:49,460 - camera_camera - DEBUG - Initializing USB camera
2025-07-13 22:42:51,284 - PendingVehiclesPanel - INFO - Refreshing pending vehicles list
2025-07-13 22:42:51,289 - DataManager - INFO - Successfully loaded 71 records from data\Tharuni_Associates_Narasaraopeta_data.csv
2025-07-13 22:42:51,291 - PendingVehiclesPanel - INFO - Retrieved 71 total records
2025-07-13 22:42:51,484 - PendingVehiclesPanel - INFO - Found 0 unique pending vehicles, prevented 0 duplicates
2025-07-13 22:42:51,487 - PendingVehiclesPanel - INFO - Successfully refreshed pending list with 0 unique vehicles
2025-07-13 22:42:51,557 - camera_camera - DEBUG - Initializing USB camera
2025-07-13 22:42:53,666 - camera_camera - DEBUG - Initializing USB camera
2025-07-13 22:42:55,779 - camera_camera - DEBUG - Initializing USB camera
2025-07-13 22:42:57,872 - camera_camera - DEBUG - Initializing USB camera
2025-07-13 22:42:59,938 - camera_camera - DEBUG - Initializing USB camera
2025-07-13 22:43:07,038 - camera_camera - DEBUG - Initializing USB camera
2025-07-13 22:43:09,139 - camera_camera - DEBUG - Initializing USB camera
2025-07-13 22:43:11,236 - camera_camera - DEBUG - Initializing USB camera
2025-07-13 22:43:13,332 - camera_camera - DEBUG - Initializing USB camera
2025-07-13 22:43:15,443 - camera_camera - DEBUG - Initializing USB camera
2025-07-13 22:43:17,539 - camera_camera - DEBUG - Initializing USB camera
2025-07-13 22:43:24,658 - camera_camera - DEBUG - Initializing USB camera
2025-07-13 22:43:26,756 - camera_camera - DEBUG - Initializing USB camera
2025-07-13 22:43:28,852 - camera_camera - DEBUG - Initializing USB camera
2025-07-13 22:43:30,950 - camera_camera - DEBUG - Initializing USB camera
2025-07-13 22:43:33,059 - camera_camera - DEBUG - Initializing USB camera
2025-07-13 22:43:35,170 - camera_camera - DEBUG - Initializing USB camera
2025-07-13 22:43:42,290 - camera_camera - DEBUG - Initializing USB camera
2025-07-13 22:43:43,742 - camera_camera - DEBUG - Performed garbage collection
2025-07-13 22:43:44,387 - camera_camera - DEBUG - Initializing USB camera
2025-07-13 22:43:46,499 - camera_camera - DEBUG - Initializing USB camera
2025-07-13 22:43:48,611 - camera_camera - DEBUG - Initializing USB camera
2025-07-13 22:43:50,708 - camera_camera - DEBUG - Initializing USB camera
2025-07-13 22:43:51,492 - PendingVehiclesPanel - INFO - Refreshing pending vehicles list
2025-07-13 22:43:51,497 - DataManager - INFO - Successfully loaded 71 records from data\Tharuni_Associates_Narasaraopeta_data.csv
2025-07-13 22:43:51,500 - PendingVehiclesPanel - INFO - Retrieved 71 total records
2025-07-13 22:43:51,681 - PendingVehiclesPanel - INFO - Found 0 unique pending vehicles, prevented 0 duplicates
2025-07-13 22:43:51,684 - PendingVehiclesPanel - INFO - Successfully refreshed pending list with 0 unique vehicles
2025-07-13 22:43:52,803 - camera_camera - DEBUG - Initializing USB camera
2025-07-13 22:43:59,912 - camera_camera - DEBUG - Initializing USB camera
2025-07-13 22:44:00,198 - camera_camera - DEBUG - Resource usage - CPU: 21.9%, Memory: 80.7%
2025-07-13 22:44:00,229 - camera_camera - DEBUG - Resource usage - CPU: 22.2%, Memory: 80.7%
2025-07-13 22:44:02,026 - camera_camera - DEBUG - Initializing USB camera
2025-07-13 22:44:04,147 - camera_camera - DEBUG - Initializing USB camera
2025-07-13 22:44:06,260 - camera_camera - DEBUG - Initializing USB camera
2025-07-13 22:44:08,353 - camera_camera - DEBUG - Initializing USB camera
2025-07-13 22:44:10,452 - camera_camera - DEBUG - Initializing USB camera
2025-07-13 22:44:17,551 - camera_camera - DEBUG - Initializing USB camera
2025-07-13 22:44:19,665 - camera_camera - DEBUG - Initializing USB camera
2025-07-13 22:44:21,763 - camera_camera - DEBUG - Initializing USB camera
2025-07-13 22:44:23,866 - camera_camera - DEBUG - Initializing USB camera
2025-07-13 22:44:25,974 - camera_camera - DEBUG - Initializing USB camera
2025-07-13 22:44:28,067 - camera_camera - DEBUG - Initializing USB camera
2025-07-13 22:44:30,555 - camera_camera - DEBUG - Resource usage - CPU: 15.1%, Memory: 80.6%
2025-07-13 22:44:30,572 - camera_camera - DEBUG - Resource usage - CPU: 14.6%, Memory: 80.6%
2025-07-13 22:44:35,171 - camera_camera - DEBUG - Initializing USB camera
2025-07-13 22:44:37,267 - camera_camera - DEBUG - Initializing USB camera
2025-07-13 22:44:39,362 - camera_camera - DEBUG - Initializing USB camera
2025-07-13 22:44:41,475 - camera_camera - DEBUG - Initializing USB camera
2025-07-13 22:44:43,588 - camera_camera - DEBUG - Initializing USB camera
2025-07-13 22:44:43,792 - camera_camera - DEBUG - Performed garbage collection
2025-07-13 22:44:45,691 - camera_camera - DEBUG - Initializing USB camera
2025-07-13 22:44:51,701 - PendingVehiclesPanel - INFO - Refreshing pending vehicles list
2025-07-13 22:44:51,707 - DataManager - INFO - Successfully loaded 71 records from data\Tharuni_Associates_Narasaraopeta_data.csv
2025-07-13 22:44:51,708 - PendingVehiclesPanel - INFO - Retrieved 71 total records
2025-07-13 22:44:51,895 - PendingVehiclesPanel - INFO - Found 0 unique pending vehicles, prevented 0 duplicates
2025-07-13 22:44:51,898 - PendingVehiclesPanel - INFO - Successfully refreshed pending list with 0 unique vehicles
2025-07-13 22:44:52,835 - camera_camera - DEBUG - Initializing USB camera
2025-07-13 22:44:54,928 - camera_camera - DEBUG - Initializing USB camera
2025-07-13 22:44:57,035 - camera_camera - DEBUG - Initializing USB camera
2025-07-13 22:44:59,151 - camera_camera - DEBUG - Initializing USB camera
2025-07-13 22:45:00,894 - camera_camera - DEBUG - Resource usage - CPU: 18.7%, Memory: 81.8%
2025-07-13 22:45:00,896 - camera_camera - DEBUG - Resource usage - CPU: 18.5%, Memory: 81.8%
2025-07-13 22:45:01,251 - camera_camera - DEBUG - Initializing USB camera
2025-07-13 22:45:03,348 - camera_camera - DEBUG - Initializing USB camera
2025-07-13 22:45:10,460 - camera_camera - DEBUG - Initializing USB camera
2025-07-13 22:45:12,564 - camera_camera - DEBUG - Initializing USB camera
2025-07-13 22:45:14,657 - camera_camera - DEBUG - Initializing USB camera
2025-07-13 22:45:16,755 - camera_camera - DEBUG - Initializing USB camera
2025-07-13 22:45:18,864 - camera_camera - DEBUG - Initializing USB camera
2025-07-13 22:45:20,979 - camera_camera - DEBUG - Initializing USB camera
2025-07-13 22:45:28,083 - camera_camera - DEBUG - Initializing USB camera
2025-07-13 22:45:30,180 - camera_camera - DEBUG - Initializing USB camera
2025-07-13 22:45:32,276 - camera_camera - DEBUG - Initializing USB camera
2025-07-13 22:45:34,376 - camera_camera - DEBUG - Initializing USB camera
2025-07-13 22:45:36,468 - camera_camera - DEBUG - Initializing USB camera
2025-07-13 22:45:38,571 - camera_camera - DEBUG - Initializing USB camera
2025-07-13 22:45:43,868 - camera_camera - DEBUG - Performed garbage collection
2025-07-13 22:45:45,680 - camera_camera - DEBUG - Initializing USB camera
2025-07-13 22:45:47,778 - camera_camera - DEBUG - Initializing USB camera
2025-07-13 22:45:49,873 - camera_camera - DEBUG - Initializing USB camera
2025-07-13 22:45:51,916 - PendingVehiclesPanel - INFO - Refreshing pending vehicles list
2025-07-13 22:45:51,921 - DataManager - INFO - Successfully loaded 71 records from data\Tharuni_Associates_Narasaraopeta_data.csv
2025-07-13 22:45:51,923 - PendingVehiclesPanel - INFO - Retrieved 71 total records
2025-07-13 22:45:51,979 - camera_camera - DEBUG - Initializing USB camera
2025-07-13 22:45:52,136 - PendingVehiclesPanel - INFO - Found 0 unique pending vehicles, prevented 0 duplicates
2025-07-13 22:45:52,140 - PendingVehiclesPanel - INFO - Successfully refreshed pending list with 0 unique vehicles
2025-07-13 22:45:54,148 - camera_camera - DEBUG - Initializing USB camera
2025-07-13 22:45:56,259 - camera_camera - DEBUG - Initializing USB camera
2025-07-13 22:46:03,348 - camera_camera - DEBUG - Initializing USB camera
2025-07-13 22:46:05,443 - camera_camera - DEBUG - Initializing USB camera
2025-07-13 22:46:07,543 - camera_camera - DEBUG - Initializing USB camera
2025-07-13 22:46:09,652 - camera_camera - DEBUG - Initializing USB camera
2025-07-13 22:46:11,747 - camera_camera - DEBUG - Initializing USB camera
2025-07-13 22:46:13,850 - camera_camera - DEBUG - Initializing USB camera
2025-07-13 22:46:20,962 - camera_camera - DEBUG - Initializing USB camera
2025-07-13 22:46:23,072 - camera_camera - DEBUG - Initializing USB camera
2025-07-13 22:46:25,171 - camera_camera - DEBUG - Initializing USB camera
2025-07-13 22:46:27,265 - camera_camera - DEBUG - Initializing USB camera
2025-07-13 22:46:29,361 - camera_camera - DEBUG - Initializing USB camera
2025-07-13 22:46:31,476 - camera_camera - DEBUG - Initializing USB camera
2025-07-13 22:46:38,594 - camera_camera - DEBUG - Initializing USB camera
2025-07-13 22:46:40,708 - camera_camera - DEBUG - Initializing USB camera
2025-07-13 22:46:42,795 - camera_camera - DEBUG - Initializing USB camera
2025-07-13 22:46:43,915 - camera_camera - DEBUG - Performed garbage collection
2025-07-13 22:46:44,893 - camera_camera - DEBUG - Initializing USB camera
2025-07-13 22:46:46,988 - camera_camera - DEBUG - Initializing USB camera
2025-07-13 22:46:49,091 - camera_camera - DEBUG - Initializing USB camera
2025-07-13 22:46:52,163 - PendingVehiclesPanel - INFO - Refreshing pending vehicles list
2025-07-13 22:46:52,168 - DataManager - INFO - Successfully loaded 71 records from data\Tharuni_Associates_Narasaraopeta_data.csv
2025-07-13 22:46:52,170 - PendingVehiclesPanel - INFO - Retrieved 71 total records
2025-07-13 22:46:52,365 - PendingVehiclesPanel - INFO - Found 0 unique pending vehicles, prevented 0 duplicates
2025-07-13 22:46:52,368 - PendingVehiclesPanel - INFO - Successfully refreshed pending list with 0 unique vehicles
2025-07-13 22:46:56,211 - camera_camera - DEBUG - Initializing USB camera
2025-07-13 22:46:58,308 - camera_camera - DEBUG - Initializing USB camera
2025-07-13 22:47:00,174 - camera_camera - DEBUG - Resource usage - CPU: 17.3%, Memory: 79.3%
2025-07-13 22:47:00,275 - camera_camera - DEBUG - Resource usage - CPU: 18.4%, Memory: 79.3%
2025-07-13 22:47:00,412 - camera_camera - DEBUG - Initializing USB camera
2025-07-13 22:47:02,516 - camera_camera - DEBUG - Initializing USB camera
2025-07-13 22:47:04,612 - camera_camera - DEBUG - Initializing USB camera
2025-07-13 22:47:06,723 - camera_camera - DEBUG - Initializing USB camera
2025-07-13 22:47:13,842 - camera_camera - DEBUG - Initializing USB camera
2025-07-13 22:47:15,938 - camera_camera - DEBUG - Initializing USB camera
2025-07-13 22:47:18,033 - camera_camera - DEBUG - Initializing USB camera
2025-07-13 22:47:20,138 - camera_camera - DEBUG - Initializing USB camera
2025-07-13 22:47:22,244 - camera_camera - DEBUG - Initializing USB camera
2025-07-13 22:47:24,338 - camera_camera - DEBUG - Initializing USB camera
2025-07-13 22:47:30,508 - camera_camera - DEBUG - Resource usage - CPU: 14.8%, Memory: 79.1%
2025-07-13 22:47:30,564 - camera_camera - DEBUG - Resource usage - CPU: 16.3%, Memory: 79.1%
2025-07-13 22:47:31,442 - camera_camera - DEBUG - Initializing USB camera
2025-07-13 22:47:33,538 - camera_camera - DEBUG - Initializing USB camera
2025-07-13 22:47:35,650 - camera_camera - DEBUG - Initializing USB camera
2025-07-13 22:47:37,763 - camera_camera - DEBUG - Initializing USB camera
2025-07-13 22:47:39,852 - camera_camera - DEBUG - Initializing USB camera
2025-07-13 22:47:41,958 - camera_camera - DEBUG - Initializing USB camera
2025-07-13 22:47:43,980 - camera_camera - DEBUG - Performed garbage collection
2025-07-13 22:47:49,092 - camera_camera - DEBUG - Initializing USB camera
2025-07-13 22:47:51,187 - camera_camera - DEBUG - Initializing USB camera
2025-07-13 22:47:52,378 - PendingVehiclesPanel - INFO - Refreshing pending vehicles list
2025-07-13 22:47:52,385 - DataManager - INFO - Successfully loaded 71 records from data\Tharuni_Associates_Narasaraopeta_data.csv
2025-07-13 22:47:52,387 - PendingVehiclesPanel - INFO - Retrieved 71 total records
2025-07-13 22:47:52,576 - PendingVehiclesPanel - INFO - Found 0 unique pending vehicles, prevented 0 duplicates
2025-07-13 22:47:52,579 - PendingVehiclesPanel - INFO - Successfully refreshed pending list with 0 unique vehicles
2025-07-13 22:47:53,299 - camera_camera - DEBUG - Initializing USB camera
2025-07-13 22:47:55,394 - camera_camera - DEBUG - Initializing USB camera
2025-07-13 22:47:57,496 - camera_camera - DEBUG - Initializing USB camera
2025-07-13 22:47:59,603 - camera_camera - DEBUG - Initializing USB camera
2025-07-13 22:48:00,887 - camera_camera - DEBUG - Resource usage - CPU: 24.4%, Memory: 79.2%
2025-07-13 22:48:00,899 - camera_camera - DEBUG - Resource usage - CPU: 24.2%, Memory: 79.2%
2025-07-13 22:48:06,708 - camera_camera - DEBUG - Initializing USB camera
2025-07-13 22:48:08,819 - camera_camera - DEBUG - Initializing USB camera
2025-07-13 22:48:10,915 - camera_camera - DEBUG - Initializing USB camera
2025-07-13 22:48:13,022 - camera_camera - DEBUG - Initializing USB camera
2025-07-13 22:48:15,139 - camera_camera - DEBUG - Initializing USB camera
2025-07-13 22:48:17,236 - camera_camera - DEBUG - Initializing USB camera
2025-07-13 22:48:24,355 - camera_camera - DEBUG - Initializing USB camera
2025-07-13 22:48:26,463 - camera_camera - DEBUG - Initializing USB camera
2025-07-13 22:48:28,563 - camera_camera - DEBUG - Initializing USB camera
2025-07-13 22:48:30,660 - camera_camera - DEBUG - Initializing USB camera
2025-07-13 22:48:32,753 - camera_camera - DEBUG - Initializing USB camera
2025-07-13 22:48:34,851 - camera_camera - DEBUG - Initializing USB camera
2025-07-13 22:48:41,964 - camera_camera - DEBUG - Initializing USB camera
2025-07-13 22:48:43,978 - camera_camera - DEBUG - Performed garbage collection
2025-07-13 22:48:44,071 - camera_camera - DEBUG - Initializing USB camera
2025-07-13 22:48:46,163 - camera_camera - DEBUG - Initializing USB camera
2025-07-13 22:48:48,259 - camera_camera - DEBUG - Initializing USB camera
2025-07-13 22:48:50,362 - camera_camera - DEBUG - Initializing USB camera
2025-07-13 22:48:52,432 - camera_camera - DEBUG - Initializing USB camera
2025-07-13 22:48:52,585 - PendingVehiclesPanel - INFO - Refreshing pending vehicles list
2025-07-13 22:48:52,589 - DataManager - INFO - Successfully loaded 71 records from data\Tharuni_Associates_Narasaraopeta_data.csv
2025-07-13 22:48:52,590 - PendingVehiclesPanel - INFO - Retrieved 71 total records
2025-07-13 22:48:52,691 - PendingVehiclesPanel - INFO - Found 0 unique pending vehicles, prevented 0 duplicates
2025-07-13 22:48:52,692 - PendingVehiclesPanel - INFO - Successfully refreshed pending list with 0 unique vehicles
2025-07-13 22:48:59,507 - camera_camera - DEBUG - Initializing USB camera
2025-07-13 22:49:01,616 - camera_camera - DEBUG - Initializing USB camera
2025-07-13 22:49:03,716 - camera_camera - DEBUG - Initializing USB camera
2025-07-13 22:49:05,826 - camera_camera - DEBUG - Initializing USB camera
2025-07-13 22:49:07,881 - camera_camera - DEBUG - Initializing USB camera
2025-07-13 22:49:09,945 - camera_camera - DEBUG - Initializing USB camera
2025-07-13 22:49:17,009 - camera_camera - DEBUG - Initializing USB camera
2025-07-13 22:49:19,106 - camera_camera - DEBUG - Initializing USB camera
2025-07-13 22:49:21,215 - camera_camera - DEBUG - Initializing USB camera
2025-07-13 22:49:23,315 - camera_camera - DEBUG - Initializing USB camera
2025-07-13 22:49:25,409 - camera_camera - DEBUG - Initializing USB camera
2025-07-13 22:49:27,506 - camera_camera - DEBUG - Initializing USB camera
2025-07-13 22:49:34,625 - camera_camera - DEBUG - Initializing USB camera
2025-07-13 22:49:36,723 - camera_camera - DEBUG - Initializing USB camera
2025-07-13 22:49:38,835 - camera_camera - DEBUG - Initializing USB camera
2025-07-13 22:49:40,940 - camera_camera - DEBUG - Initializing USB camera
2025-07-13 22:49:43,051 - camera_camera - DEBUG - Initializing USB camera
2025-07-13 22:49:44,059 - camera_camera - DEBUG - Performed garbage collection
2025-07-13 22:49:45,152 - camera_camera - DEBUG - Initializing USB camera
2025-07-13 22:49:52,264 - camera_camera - DEBUG - Initializing USB camera
2025-07-13 22:49:52,708 - PendingVehiclesPanel - INFO - Refreshing pending vehicles list
2025-07-13 22:49:52,714 - DataManager - INFO - Successfully loaded 71 records from data\Tharuni_Associates_Narasaraopeta_data.csv
2025-07-13 22:49:52,716 - PendingVehiclesPanel - INFO - Retrieved 71 total records
2025-07-13 22:49:52,904 - PendingVehiclesPanel - INFO - Found 0 unique pending vehicles, prevented 0 duplicates
2025-07-13 22:49:52,908 - PendingVehiclesPanel - INFO - Successfully refreshed pending list with 0 unique vehicles
2025-07-13 22:49:54,380 - camera_camera - DEBUG - Initializing USB camera
2025-07-13 22:49:56,482 - camera_camera - DEBUG - Initializing USB camera
2025-07-13 22:49:58,578 - camera_camera - DEBUG - Initializing USB camera
2025-07-13 22:50:00,158 - camera_camera - DEBUG - Resource usage - CPU: 22.7%, Memory: 78.8%
2025-07-13 22:50:00,219 - camera_camera - DEBUG - Resource usage - CPU: 23.8%, Memory: 78.9%
2025-07-13 22:50:00,676 - camera_camera - DEBUG - Initializing USB camera
2025-07-13 22:50:02,820 - camera_camera - DEBUG - Initializing USB camera
2025-07-13 22:50:09,925 - camera_camera - DEBUG - Initializing USB camera
2025-07-13 22:50:12,036 - camera_camera - DEBUG - Initializing USB camera
2025-07-13 22:50:14,149 - camera_camera - DEBUG - Initializing USB camera
2025-07-13 22:50:16,262 - camera_camera - DEBUG - Initializing USB camera
2025-07-13 22:50:18,356 - camera_camera - DEBUG - Initializing USB camera
2025-07-13 22:50:20,467 - camera_camera - DEBUG - Initializing USB camera
2025-07-13 22:50:27,579 - camera_camera - DEBUG - Initializing USB camera
2025-07-13 22:50:29,683 - camera_camera - DEBUG - Initializing USB camera
2025-07-13 22:50:30,506 - camera_camera - DEBUG - Resource usage - CPU: 23.2%, Memory: 78.9%
2025-07-13 22:50:30,634 - camera_camera - DEBUG - Resource usage - CPU: 23.5%, Memory: 78.9%
2025-07-13 22:50:31,778 - camera_camera - DEBUG - Initializing USB camera
2025-07-13 22:50:33,877 - camera_camera - DEBUG - Initializing USB camera
2025-07-13 22:50:35,983 - camera_camera - DEBUG - Initializing USB camera
2025-07-13 22:50:38,080 - camera_camera - DEBUG - Initializing USB camera
2025-07-13 22:50:44,072 - camera_camera - DEBUG - Performed garbage collection
2025-07-13 22:50:45,186 - camera_camera - DEBUG - Initializing USB camera
2025-07-13 22:50:47,284 - camera_camera - DEBUG - Initializing USB camera
2025-07-13 22:50:49,381 - camera_camera - DEBUG - Initializing USB camera
2025-07-13 22:50:51,494 - camera_camera - DEBUG - Initializing USB camera
2025-07-13 22:50:52,945 - PendingVehiclesPanel - INFO - Refreshing pending vehicles list
2025-07-13 22:50:52,951 - DataManager - INFO - Successfully loaded 71 records from data\Tharuni_Associates_Narasaraopeta_data.csv
2025-07-13 22:50:52,953 - PendingVehiclesPanel - INFO - Retrieved 71 total records
2025-07-13 22:50:53,141 - PendingVehiclesPanel - INFO - Found 0 unique pending vehicles, prevented 0 duplicates
2025-07-13 22:50:53,143 - PendingVehiclesPanel - INFO - Successfully refreshed pending list with 0 unique vehicles
2025-07-13 22:50:53,586 - camera_camera - DEBUG - Initializing USB camera
2025-07-13 22:50:55,683 - camera_camera - DEBUG - Initializing USB camera
2025-07-13 22:51:00,820 - camera_camera - DEBUG - Resource usage - CPU: 16.6%, Memory: 78.9%
2025-07-13 22:51:00,955 - camera_camera - DEBUG - Resource usage - CPU: 16.4%, Memory: 78.9%
2025-07-13 22:51:02,788 - camera_camera - DEBUG - Initializing USB camera
2025-07-13 22:51:04,880 - camera_camera - DEBUG - Initializing USB camera
2025-07-13 22:51:06,978 - camera_camera - DEBUG - Initializing USB camera
2025-07-13 22:51:09,076 - camera_camera - DEBUG - Initializing USB camera
2025-07-13 22:51:11,175 - camera_camera - DEBUG - Initializing USB camera
2025-07-13 22:51:13,280 - camera_camera - DEBUG - Initializing USB camera
2025-07-13 22:51:20,373 - camera_camera - DEBUG - Initializing USB camera
2025-07-13 22:51:22,465 - camera_camera - DEBUG - Initializing USB camera
2025-07-13 22:51:24,562 - camera_camera - DEBUG - Initializing USB camera
2025-07-13 22:51:26,675 - camera_camera - DEBUG - Initializing USB camera
2025-07-13 22:51:28,787 - camera_camera - DEBUG - Initializing USB camera
2025-07-13 22:51:30,890 - camera_camera - DEBUG - Initializing USB camera
2025-07-13 22:51:38,004 - camera_camera - DEBUG - Initializing USB camera
2025-07-13 22:51:40,105 - camera_camera - DEBUG - Initializing USB camera
2025-07-13 22:51:42,212 - camera_camera - DEBUG - Initializing USB camera
2025-07-13 22:51:44,068 - camera_camera - DEBUG - Performed garbage collection
2025-07-13 22:51:44,305 - camera_camera - DEBUG - Initializing USB camera
2025-07-13 22:51:46,403 - camera_camera - DEBUG - Initializing USB camera
2025-07-13 22:51:48,509 - camera_camera - DEBUG - Initializing USB camera
2025-07-13 22:51:53,156 - PendingVehiclesPanel - INFO - Refreshing pending vehicles list
2025-07-13 22:51:53,161 - DataManager - INFO - Successfully loaded 71 records from data\Tharuni_Associates_Narasaraopeta_data.csv
2025-07-13 22:51:53,163 - PendingVehiclesPanel - INFO - Retrieved 71 total records
2025-07-13 22:51:53,398 - PendingVehiclesPanel - INFO - Found 0 unique pending vehicles, prevented 0 duplicates
2025-07-13 22:51:53,400 - PendingVehiclesPanel - INFO - Successfully refreshed pending list with 0 unique vehicles
2025-07-13 22:51:55,618 - camera_camera - DEBUG - Initializing USB camera
2025-07-13 22:51:57,730 - camera_camera - DEBUG - Initializing USB camera
2025-07-13 22:51:59,837 - camera_camera - DEBUG - Initializing USB camera
2025-07-13 22:52:01,937 - camera_camera - DEBUG - Initializing USB camera
2025-07-13 22:52:04,049 - camera_camera - DEBUG - Initializing USB camera
2025-07-13 22:52:06,162 - camera_camera - DEBUG - Initializing USB camera
2025-07-13 22:52:13,267 - camera_camera - DEBUG - Initializing USB camera
2025-07-13 22:52:15,378 - camera_camera - DEBUG - Initializing USB camera
2025-07-13 22:52:17,474 - camera_camera - DEBUG - Initializing USB camera
2025-07-13 22:52:19,578 - camera_camera - DEBUG - Initializing USB camera
2025-07-13 22:52:21,683 - camera_camera - DEBUG - Initializing USB camera
2025-07-13 22:52:23,779 - camera_camera - DEBUG - Initializing USB camera
2025-07-13 22:52:30,908 - camera_camera - DEBUG - Initializing USB camera
2025-07-13 22:52:33,013 - camera_camera - DEBUG - Initializing USB camera
2025-07-13 22:52:35,123 - camera_camera - DEBUG - Initializing USB camera
2025-07-13 22:52:37,236 - camera_camera - DEBUG - Initializing USB camera
2025-07-13 22:52:39,336 - camera_camera - DEBUG - Initializing USB camera
2025-07-13 22:52:41,443 - camera_camera - DEBUG - Initializing USB camera
2025-07-13 22:52:44,126 - camera_camera - DEBUG - Performed garbage collection
2025-07-13 22:52:48,547 - camera_camera - DEBUG - Initializing USB camera
2025-07-13 22:52:50,643 - camera_camera - DEBUG - Initializing USB camera
2025-07-13 22:52:52,739 - camera_camera - DEBUG - Initializing USB camera
2025-07-13 22:52:53,410 - PendingVehiclesPanel - INFO - Refreshing pending vehicles list
2025-07-13 22:52:53,416 - DataManager - INFO - Successfully loaded 71 records from data\Tharuni_Associates_Narasaraopeta_data.csv
2025-07-13 22:52:53,418 - PendingVehiclesPanel - INFO - Retrieved 71 total records
2025-07-13 22:52:53,604 - PendingVehiclesPanel - INFO - Found 0 unique pending vehicles, prevented 0 duplicates
2025-07-13 22:52:53,607 - PendingVehiclesPanel - INFO - Successfully refreshed pending list with 0 unique vehicles
2025-07-13 22:52:54,851 - camera_camera - DEBUG - Initializing USB camera
2025-07-13 22:52:56,954 - camera_camera - DEBUG - Initializing USB camera
2025-07-13 22:52:59,044 - camera_camera - DEBUG - Initializing USB camera
2025-07-13 22:53:00,229 - camera_camera - DEBUG - Resource usage - CPU: 18.6%, Memory: 79.7%
2025-07-13 22:53:00,359 - camera_camera - DEBUG - Resource usage - CPU: 18.9%, Memory: 79.8%
2025-07-13 22:53:06,151 - camera_camera - DEBUG - Initializing USB camera
2025-07-13 22:53:08,243 - camera_camera - DEBUG - Initializing USB camera
2025-07-13 22:53:10,344 - camera_camera - DEBUG - Initializing USB camera
2025-07-13 22:53:12,463 - camera_camera - DEBUG - Initializing USB camera
2025-07-13 22:53:14,562 - camera_camera - DEBUG - Initializing USB camera
2025-07-13 22:53:16,659 - camera_camera - DEBUG - Initializing USB camera
2025-07-13 22:53:23,764 - camera_camera - DEBUG - Initializing USB camera
2025-07-13 22:53:25,877 - camera_camera - DEBUG - Initializing USB camera
2025-07-13 22:53:27,971 - camera_camera - DEBUG - Initializing USB camera
2025-07-13 22:53:30,067 - camera_camera - DEBUG - Initializing USB camera
2025-07-13 22:53:30,563 - camera_camera - DEBUG - Resource usage - CPU: 17.4%, Memory: 79.5%
2025-07-13 22:53:30,731 - camera_camera - DEBUG - Resource usage - CPU: 18.3%, Memory: 79.5%
2025-07-13 22:53:32,173 - camera_camera - DEBUG - Initializing USB camera
2025-07-13 22:53:34,275 - camera_camera - DEBUG - Initializing USB camera
2025-07-13 22:53:41,395 - camera_camera - DEBUG - Initializing USB camera
2025-07-13 22:53:43,481 - camera_camera - DEBUG - Initializing USB camera
2025-07-13 22:53:44,186 - camera_camera - DEBUG - Performed garbage collection
2025-07-13 22:53:45,586 - camera_camera - DEBUG - Initializing USB camera
2025-07-13 22:53:47,683 - camera_camera - DEBUG - Initializing USB camera
2025-07-13 22:53:49,795 - camera_camera - DEBUG - Initializing USB camera
2025-07-13 22:53:51,907 - camera_camera - DEBUG - Initializing USB camera
2025-07-13 22:53:53,619 - PendingVehiclesPanel - INFO - Refreshing pending vehicles list
2025-07-13 22:53:53,625 - DataManager - INFO - Successfully loaded 71 records from data\Tharuni_Associates_Narasaraopeta_data.csv
2025-07-13 22:53:53,627 - PendingVehiclesPanel - INFO - Retrieved 71 total records
2025-07-13 22:53:53,807 - PendingVehiclesPanel - INFO - Found 0 unique pending vehicles, prevented 0 duplicates
2025-07-13 22:53:53,810 - PendingVehiclesPanel - INFO - Successfully refreshed pending list with 0 unique vehicles
2025-07-13 22:53:59,011 - camera_camera - DEBUG - Initializing USB camera
2025-07-13 22:54:00,874 - camera_camera - DEBUG - Resource usage - CPU: 22.9%, Memory: 79.9%
2025-07-13 22:54:01,122 - camera_camera - DEBUG - Initializing USB camera
2025-07-13 22:54:03,218 - camera_camera - DEBUG - Initializing USB camera
2025-07-13 22:54:05,312 - camera_camera - DEBUG - Initializing USB camera
2025-07-13 22:54:07,409 - camera_camera - DEBUG - Initializing USB camera
2025-07-13 22:54:09,506 - camera_camera - DEBUG - Initializing USB camera
2025-07-13 22:54:16,611 - camera_camera - DEBUG - Initializing USB camera
2025-07-13 22:54:18,716 - camera_camera - DEBUG - Initializing USB camera
2025-07-13 22:54:20,824 - camera_camera - DEBUG - Initializing USB camera
2025-07-13 22:54:22,931 - camera_camera - DEBUG - Initializing USB camera
2025-07-13 22:54:25,033 - camera_camera - DEBUG - Initializing USB camera
2025-07-13 22:54:27,139 - camera_camera - DEBUG - Initializing USB camera
2025-07-13 22:54:34,242 - camera_camera - DEBUG - Initializing USB camera
2025-07-13 22:54:36,338 - camera_camera - DEBUG - Initializing USB camera
2025-07-13 22:54:38,436 - camera_camera - DEBUG - Initializing USB camera
2025-07-13 22:54:40,535 - camera_camera - DEBUG - Initializing USB camera
2025-07-13 22:54:42,644 - camera_camera - DEBUG - Initializing USB camera
2025-07-13 22:54:44,208 - camera_camera - DEBUG - Performed garbage collection
2025-07-13 22:54:44,755 - camera_camera - DEBUG - Initializing USB camera
2025-07-13 22:54:51,875 - camera_camera - DEBUG - Initializing USB camera
2025-07-13 22:54:53,827 - PendingVehiclesPanel - INFO - Refreshing pending vehicles list
2025-07-13 22:54:53,832 - DataManager - INFO - Successfully loaded 71 records from data\Tharuni_Associates_Narasaraopeta_data.csv
2025-07-13 22:54:53,834 - PendingVehiclesPanel - INFO - Retrieved 71 total records
2025-07-13 22:54:53,970 - camera_camera - DEBUG - Initializing USB camera
2025-07-13 22:54:54,023 - PendingVehiclesPanel - INFO - Found 0 unique pending vehicles, prevented 0 duplicates
2025-07-13 22:54:54,027 - PendingVehiclesPanel - INFO - Successfully refreshed pending list with 0 unique vehicles
2025-07-13 22:54:56,076 - camera_camera - DEBUG - Initializing USB camera
2025-07-13 22:54:58,179 - camera_camera - DEBUG - Initializing USB camera
2025-07-13 22:55:00,290 - camera_camera - DEBUG - Initializing USB camera
2025-07-13 22:55:02,387 - camera_camera - DEBUG - Initializing USB camera
2025-07-13 22:55:09,491 - camera_camera - DEBUG - Initializing USB camera
2025-07-13 22:55:11,602 - camera_camera - DEBUG - Initializing USB camera
2025-07-13 22:55:13,699 - camera_camera - DEBUG - Initializing USB camera
2025-07-13 22:55:15,796 - camera_camera - DEBUG - Initializing USB camera
2025-07-13 22:55:17,915 - camera_camera - DEBUG - Initializing USB camera
2025-07-13 22:55:20,035 - camera_camera - DEBUG - Initializing USB camera
2025-07-13 22:55:27,139 - camera_camera - DEBUG - Initializing USB camera
2025-07-13 22:55:29,236 - camera_camera - DEBUG - Initializing USB camera
2025-07-13 22:55:30,068 - camera_camera - DEBUG - Resource usage - CPU: 19.0%, Memory: 81.7%
2025-07-13 22:55:31,332 - camera_camera - DEBUG - Initializing USB camera
2025-07-13 22:55:33,417 - camera_camera - DEBUG - Initializing USB camera
2025-07-13 22:55:35,521 - camera_camera - DEBUG - Initializing USB camera
2025-07-13 22:55:37,618 - camera_camera - DEBUG - Initializing USB camera
2025-07-13 22:55:44,233 - camera_camera - DEBUG - Performed garbage collection
2025-07-13 22:55:44,732 - camera_camera - DEBUG - Initializing USB camera
2025-07-13 22:55:46,833 - camera_camera - DEBUG - Initializing USB camera
2025-07-13 22:55:48,947 - camera_camera - DEBUG - Initializing USB camera
2025-07-13 22:55:51,044 - camera_camera - DEBUG - Initializing USB camera
2025-07-13 22:55:53,139 - camera_camera - DEBUG - Initializing USB camera
2025-07-13 22:55:54,035 - PendingVehiclesPanel - INFO - Refreshing pending vehicles list
2025-07-13 22:55:54,040 - DataManager - INFO - Successfully loaded 71 records from data\Tharuni_Associates_Narasaraopeta_data.csv
2025-07-13 22:55:54,042 - PendingVehiclesPanel - INFO - Retrieved 71 total records
2025-07-13 22:55:54,236 - PendingVehiclesPanel - INFO - Found 0 unique pending vehicles, prevented 0 duplicates
2025-07-13 22:55:54,239 - PendingVehiclesPanel - INFO - Successfully refreshed pending list with 0 unique vehicles
2025-07-13 22:55:55,252 - camera_camera - DEBUG - Initializing USB camera
2025-07-13 22:56:00,162 - camera_camera - DEBUG - Resource usage - CPU: 22.8%, Memory: 81.6%
2025-07-13 22:56:00,421 - camera_camera - DEBUG - Resource usage - CPU: 25.7%, Memory: 81.5%
2025-07-13 22:56:02,356 - camera_camera - DEBUG - Initializing USB camera
2025-07-13 22:56:04,471 - camera_camera - DEBUG - Initializing USB camera
2025-07-13 22:56:06,579 - camera_camera - DEBUG - Initializing USB camera
2025-07-13 22:56:08,691 - camera_camera - DEBUG - Initializing USB camera
2025-07-13 22:56:10,795 - camera_camera - DEBUG - Initializing USB camera
2025-07-13 22:56:12,887 - camera_camera - DEBUG - Initializing USB camera
2025-07-13 22:56:20,014 - camera_camera - DEBUG - Initializing USB camera
2025-07-13 22:56:22,116 - camera_camera - DEBUG - Initializing USB camera
2025-07-13 22:56:24,228 - camera_camera - DEBUG - Initializing USB camera
2025-07-13 22:56:26,321 - camera_camera - DEBUG - Initializing USB camera
2025-07-13 22:56:28,419 - camera_camera - DEBUG - Initializing USB camera
2025-07-13 22:56:30,538 - camera_camera - DEBUG - Initializing USB camera
2025-07-13 22:56:30,539 - camera_camera - DEBUG - Resource usage - CPU: 15.7%, Memory: 81.4%
2025-07-13 22:56:30,720 - camera_camera - DEBUG - Resource usage - CPU: 17.3%, Memory: 81.3%
2025-07-13 22:56:37,665 - camera_camera - DEBUG - Initializing USB camera
2025-07-13 22:56:39,761 - camera_camera - DEBUG - Initializing USB camera
2025-07-13 22:56:41,861 - camera_camera - DEBUG - Initializing USB camera
2025-07-13 22:56:43,971 - camera_camera - DEBUG - Initializing USB camera
2025-07-13 22:56:44,230 - camera_camera - DEBUG - Performed garbage collection
2025-07-13 22:56:46,077 - camera_camera - DEBUG - Initializing USB camera
2025-07-13 22:56:48,181 - camera_camera - DEBUG - Initializing USB camera
2025-07-13 22:56:54,244 - PendingVehiclesPanel - INFO - Refreshing pending vehicles list
2025-07-13 22:56:54,250 - DataManager - INFO - Successfully loaded 71 records from data\Tharuni_Associates_Narasaraopeta_data.csv
2025-07-13 22:56:54,251 - PendingVehiclesPanel - INFO - Retrieved 71 total records
2025-07-13 22:56:54,431 - PendingVehiclesPanel - INFO - Found 0 unique pending vehicles, prevented 0 duplicates
2025-07-13 22:56:54,434 - PendingVehiclesPanel - INFO - Successfully refreshed pending list with 0 unique vehicles
2025-07-13 22:56:55,297 - camera_camera - DEBUG - Initializing USB camera
2025-07-13 22:56:57,404 - camera_camera - DEBUG - Initializing USB camera
2025-07-13 22:56:59,506 - camera_camera - DEBUG - Initializing USB camera
2025-07-13 22:57:00,891 - camera_camera - DEBUG - Resource usage - CPU: 15.6%, Memory: 81.7%
2025-07-13 22:57:01,603 - camera_camera - DEBUG - Initializing USB camera
2025-07-13 22:57:03,698 - camera_camera - DEBUG - Initializing USB camera
2025-07-13 22:57:05,819 - camera_camera - DEBUG - Initializing USB camera
2025-07-13 22:57:12,930 - camera_camera - DEBUG - Initializing USB camera
2025-07-13 22:57:15,049 - camera_camera - DEBUG - Initializing USB camera
2025-07-13 22:57:17,148 - camera_camera - DEBUG - Initializing USB camera
2025-07-13 22:57:19,257 - camera_camera - DEBUG - Initializing USB camera
2025-07-13 22:57:21,356 - camera_camera - DEBUG - Initializing USB camera
2025-07-13 22:57:23,465 - camera_camera - DEBUG - Initializing USB camera
2025-07-13 22:57:30,576 - camera_camera - DEBUG - Initializing USB camera
2025-07-13 22:57:32,683 - camera_camera - DEBUG - Initializing USB camera
2025-07-13 22:57:34,794 - camera_camera - DEBUG - Initializing USB camera
2025-07-13 22:57:36,899 - camera_camera - DEBUG - Initializing USB camera
2025-07-13 22:57:38,995 - camera_camera - DEBUG - Initializing USB camera
2025-07-13 22:57:41,123 - camera_camera - DEBUG - Initializing USB camera
2025-07-13 22:57:44,312 - camera_camera - DEBUG - Performed garbage collection
2025-07-13 22:57:48,233 - camera_camera - DEBUG - Initializing USB camera
2025-07-13 22:57:50,338 - camera_camera - DEBUG - Initializing USB camera
2025-07-13 22:57:52,441 - camera_camera - DEBUG - Initializing USB camera
2025-07-13 22:57:54,443 - PendingVehiclesPanel - INFO - Refreshing pending vehicles list
2025-07-13 22:57:54,448 - DataManager - INFO - Successfully loaded 71 records from data\Tharuni_Associates_Narasaraopeta_data.csv
2025-07-13 22:57:54,450 - PendingVehiclesPanel - INFO - Retrieved 71 total records
2025-07-13 22:57:54,543 - camera_camera - DEBUG - Initializing USB camera
2025-07-13 22:57:54,647 - PendingVehiclesPanel - INFO - Found 0 unique pending vehicles, prevented 0 duplicates
2025-07-13 22:57:54,650 - PendingVehiclesPanel - INFO - Successfully refreshed pending list with 0 unique vehicles
2025-07-13 22:57:56,707 - camera_camera - DEBUG - Initializing USB camera
2025-07-13 22:57:58,804 - camera_camera - DEBUG - Initializing USB camera
2025-07-13 22:58:05,922 - camera_camera - DEBUG - Initializing USB camera
2025-07-13 22:58:08,029 - camera_camera - DEBUG - Initializing USB camera
2025-07-13 22:58:10,140 - camera_camera - DEBUG - Initializing USB camera
2025-07-13 22:58:12,243 - camera_camera - DEBUG - Initializing USB camera
2025-07-13 22:58:14,337 - camera_camera - DEBUG - Initializing USB camera
2025-07-13 22:58:16,435 - camera_camera - DEBUG - Initializing USB camera
2025-07-13 22:58:23,555 - camera_camera - DEBUG - Initializing USB camera
2025-07-13 22:58:25,650 - camera_camera - DEBUG - Initializing USB camera
2025-07-13 22:58:27,753 - camera_camera - DEBUG - Initializing USB camera
2025-07-13 22:58:29,858 - camera_camera - DEBUG - Initializing USB camera
2025-07-13 22:58:31,955 - camera_camera - DEBUG - Initializing USB camera
2025-07-13 22:58:34,051 - camera_camera - DEBUG - Initializing USB camera
2025-07-13 22:58:41,160 - camera_camera - DEBUG - Initializing USB camera
2025-07-13 22:58:43,267 - camera_camera - DEBUG - Initializing USB camera
2025-07-13 22:58:44,311 - camera_camera - DEBUG - Performed garbage collection
2025-07-13 22:58:45,361 - camera_camera - DEBUG - Initializing USB camera
2025-07-13 22:58:47,474 - camera_camera - DEBUG - Initializing USB camera
2025-07-13 22:58:49,571 - camera_camera - DEBUG - Initializing USB camera
2025-07-13 22:58:51,670 - camera_camera - DEBUG - Initializing USB camera
2025-07-13 22:58:54,667 - PendingVehiclesPanel - INFO - Refreshing pending vehicles list
2025-07-13 22:58:54,674 - DataManager - INFO - Successfully loaded 71 records from data\Tharuni_Associates_Narasaraopeta_data.csv
2025-07-13 22:58:54,677 - PendingVehiclesPanel - INFO - Retrieved 71 total records
2025-07-13 22:58:54,859 - PendingVehiclesPanel - INFO - Found 0 unique pending vehicles, prevented 0 duplicates
2025-07-13 22:58:54,862 - PendingVehiclesPanel - INFO - Successfully refreshed pending list with 0 unique vehicles
2025-07-13 22:58:58,785 - camera_camera - DEBUG - Initializing USB camera
2025-07-13 22:59:00,281 - camera_camera - DEBUG - Resource usage - CPU: 14.2%, Memory: 81.7%
2025-07-13 22:59:00,300 - camera_camera - DEBUG - Resource usage - CPU: 14.7%, Memory: 81.7%
2025-07-13 22:59:00,882 - camera_camera - DEBUG - Initializing USB camera
2025-07-13 22:59:02,978 - camera_camera - DEBUG - Initializing USB camera
2025-07-13 22:59:05,076 - camera_camera - DEBUG - Initializing USB camera
2025-07-13 22:59:07,186 - camera_camera - DEBUG - Initializing USB camera
2025-07-13 22:59:09,299 - camera_camera - DEBUG - Initializing USB camera
2025-07-13 22:59:16,403 - camera_camera - DEBUG - Initializing USB camera
2025-07-13 22:59:18,466 - camera_camera - DEBUG - Initializing USB camera
2025-07-13 22:59:20,561 - camera_camera - DEBUG - Initializing USB camera
2025-07-13 22:59:22,659 - camera_camera - DEBUG - Initializing USB camera
2025-07-13 22:59:24,753 - camera_camera - DEBUG - Initializing USB camera
2025-07-13 22:59:26,850 - camera_camera - DEBUG - Initializing USB camera
2025-07-13 22:59:30,570 - camera_camera - DEBUG - Resource usage - CPU: 12.8%, Memory: 81.9%
2025-07-13 22:59:30,689 - camera_camera - DEBUG - Resource usage - CPU: 13.3%, Memory: 81.9%
2025-07-13 22:59:33,954 - camera_camera - DEBUG - Initializing USB camera
2025-07-13 22:59:36,064 - camera_camera - DEBUG - Initializing USB camera
2025-07-13 22:59:38,163 - camera_camera - DEBUG - Initializing USB camera
2025-07-13 22:59:40,276 - camera_camera - DEBUG - Initializing USB camera
2025-07-13 22:59:42,369 - camera_camera - DEBUG - Initializing USB camera
2025-07-13 22:59:44,363 - camera_camera - DEBUG - Performed garbage collection
2025-07-13 22:59:44,468 - camera_camera - DEBUG - Initializing USB camera
2025-07-13 22:59:51,586 - camera_camera - DEBUG - Initializing USB camera
2025-07-13 22:59:53,699 - camera_camera - DEBUG - Initializing USB camera
2025-07-13 22:59:54,882 - PendingVehiclesPanel - INFO - Refreshing pending vehicles list
2025-07-13 22:59:54,887 - DataManager - INFO - Successfully loaded 71 records from data\Tharuni_Associates_Narasaraopeta_data.csv
2025-07-13 22:59:54,889 - PendingVehiclesPanel - INFO - Retrieved 71 total records
2025-07-13 22:59:55,085 - PendingVehiclesPanel - INFO - Found 0 unique pending vehicles, prevented 0 duplicates
2025-07-13 22:59:55,088 - PendingVehiclesPanel - INFO - Successfully refreshed pending list with 0 unique vehicles
2025-07-13 22:59:55,795 - camera_camera - DEBUG - Initializing USB camera
2025-07-13 22:59:57,906 - camera_camera - DEBUG - Initializing USB camera
2025-07-13 23:00:00,004 - camera_camera - DEBUG - Initializing USB camera
2025-07-13 23:00:00,922 - camera_camera - DEBUG - Resource usage - CPU: 23.7%, Memory: 82.0%
2025-07-13 23:00:00,998 - camera_camera - DEBUG - Resource usage - CPU: 25.0%, Memory: 82.0%
2025-07-13 23:00:02,126 - camera_camera - DEBUG - Initializing USB camera
2025-07-13 23:00:09,217 - camera_camera - DEBUG - Initializing USB camera
2025-07-13 23:00:11,314 - camera_camera - DEBUG - Initializing USB camera
2025-07-13 23:00:13,415 - camera_camera - DEBUG - Initializing USB camera
2025-07-13 23:00:15,506 - camera_camera - DEBUG - Initializing USB camera
2025-07-13 23:00:17,603 - camera_camera - DEBUG - Initializing USB camera
2025-07-13 23:00:19,698 - camera_camera - DEBUG - Initializing USB camera
2025-07-13 23:00:26,819 - camera_camera - DEBUG - Initializing USB camera
2025-07-13 23:00:28,931 - camera_camera - DEBUG - Initializing USB camera
2025-07-13 23:00:31,044 - camera_camera - DEBUG - Initializing USB camera
2025-07-13 23:00:33,149 - camera_camera - DEBUG - Initializing USB camera
2025-07-13 23:00:35,250 - camera_camera - DEBUG - Initializing USB camera
2025-07-13 23:00:37,345 - camera_camera - DEBUG - Initializing USB camera
2025-07-13 23:00:44,362 - camera_camera - DEBUG - Performed garbage collection
2025-07-13 23:00:44,448 - camera_camera - DEBUG - Initializing USB camera
2025-07-13 23:00:46,550 - camera_camera - DEBUG - Initializing USB camera
2025-07-13 23:00:48,658 - camera_camera - DEBUG - Initializing USB camera
2025-07-13 23:00:50,771 - camera_camera - DEBUG - Initializing USB camera
2025-07-13 23:00:52,883 - camera_camera - DEBUG - Initializing USB camera
2025-07-13 23:00:54,995 - camera_camera - DEBUG - Initializing USB camera
2025-07-13 23:00:55,095 - PendingVehiclesPanel - INFO - Refreshing pending vehicles list
2025-07-13 23:00:55,101 - DataManager - INFO - Successfully loaded 71 records from data\Tharuni_Associates_Narasaraopeta_data.csv
2025-07-13 23:00:55,103 - PendingVehiclesPanel - INFO - Retrieved 71 total records
2025-07-13 23:00:55,284 - PendingVehiclesPanel - INFO - Found 0 unique pending vehicles, prevented 0 duplicates
2025-07-13 23:00:55,287 - PendingVehiclesPanel - INFO - Successfully refreshed pending list with 0 unique vehicles
2025-07-13 23:01:02,130 - camera_camera - DEBUG - Initializing USB camera
2025-07-13 23:01:04,223 - camera_camera - DEBUG - Initializing USB camera
2025-07-13 23:01:06,322 - camera_camera - DEBUG - Initializing USB camera
2025-07-13 23:01:08,419 - camera_camera - DEBUG - Initializing USB camera
2025-07-13 23:01:10,531 - camera_camera - DEBUG - Initializing USB camera
2025-07-13 23:01:12,643 - camera_camera - DEBUG - Initializing USB camera
2025-07-13 23:01:19,763 - camera_camera - DEBUG - Initializing USB camera
2025-07-13 23:01:21,872 - camera_camera - DEBUG - Initializing USB camera
2025-07-13 23:01:23,971 - camera_camera - DEBUG - Initializing USB camera
2025-07-13 23:01:26,066 - camera_camera - DEBUG - Initializing USB camera
2025-07-13 23:01:28,164 - camera_camera - DEBUG - Initializing USB camera
2025-07-13 23:01:30,261 - camera_camera - DEBUG - Initializing USB camera
2025-07-13 23:01:37,371 - camera_camera - DEBUG - Initializing USB camera
2025-07-13 23:01:39,465 - camera_camera - DEBUG - Initializing USB camera
2025-07-13 23:01:41,574 - camera_camera - DEBUG - Initializing USB camera
2025-07-13 23:01:43,677 - camera_camera - DEBUG - Initializing USB camera
2025-07-13 23:01:44,359 - camera_camera - DEBUG - Performed garbage collection
2025-07-13 23:01:45,732 - camera_camera - DEBUG - Initializing USB camera
2025-07-13 23:01:47,828 - camera_camera - DEBUG - Initializing USB camera
2025-07-13 23:01:54,948 - camera_camera - DEBUG - Initializing USB camera
2025-07-13 23:01:55,290 - PendingVehiclesPanel - INFO - Refreshing pending vehicles list
2025-07-13 23:01:55,295 - DataManager - INFO - Successfully loaded 71 records from data\Tharuni_Associates_Narasaraopeta_data.csv
2025-07-13 23:01:55,297 - PendingVehiclesPanel - INFO - Retrieved 71 total records
2025-07-13 23:01:55,543 - PendingVehiclesPanel - INFO - Found 0 unique pending vehicles, prevented 0 duplicates
2025-07-13 23:01:55,544 - PendingVehiclesPanel - INFO - Successfully refreshed pending list with 0 unique vehicles
2025-07-13 23:01:57,061 - camera_camera - DEBUG - Initializing USB camera
2025-07-13 23:01:59,169 - camera_camera - DEBUG - Initializing USB camera
2025-07-13 23:02:00,282 - camera_camera - DEBUG - Resource usage - CPU: 29.9%, Memory: 84.2%
2025-07-13 23:02:00,301 - camera_camera - DEBUG - Resource usage - CPU: 29.9%, Memory: 84.2%
2025-07-13 23:02:01,276 - camera_camera - DEBUG - Initializing USB camera
2025-07-13 23:02:03,379 - camera_camera - DEBUG - Initializing USB camera
2025-07-13 23:02:05,467 - camera_camera - DEBUG - Initializing USB camera
2025-07-13 23:02:12,579 - camera_camera - DEBUG - Initializing USB camera
2025-07-13 23:02:14,676 - camera_camera - DEBUG - Initializing USB camera
2025-07-13 23:02:16,771 - camera_camera - DEBUG - Initializing USB camera
2025-07-13 23:02:18,882 - camera_camera - DEBUG - Initializing USB camera
2025-07-13 23:02:20,980 - camera_camera - DEBUG - Initializing USB camera
2025-07-13 23:02:23,093 - camera_camera - DEBUG - Initializing USB camera
2025-07-13 23:02:30,209 - camera_camera - DEBUG - Initializing USB camera
2025-07-13 23:02:30,585 - camera_camera - DEBUG - Resource usage - CPU: 16.9%, Memory: 83.2%
2025-07-13 23:02:30,638 - camera_camera - DEBUG - Resource usage - CPU: 16.8%, Memory: 83.2%
2025-07-13 23:02:32,307 - camera_camera - DEBUG - Initializing USB camera
2025-07-13 23:02:34,409 - camera_camera - DEBUG - Initializing USB camera
2025-07-13 23:02:36,501 - camera_camera - DEBUG - Initializing USB camera
2025-07-13 23:02:38,610 - camera_camera - DEBUG - Initializing USB camera
2025-07-13 23:02:40,724 - camera_camera - DEBUG - Initializing USB camera
2025-07-13 23:02:44,462 - camera_camera - DEBUG - Performed garbage collection
2025-07-13 23:02:47,827 - camera_camera - DEBUG - Initializing USB camera
2025-07-13 23:02:49,916 - camera_camera - DEBUG - Initializing USB camera
2025-07-13 23:02:52,018 - camera_camera - DEBUG - Initializing USB camera
2025-07-13 23:02:54,129 - camera_camera - DEBUG - Initializing USB camera
2025-07-13 23:02:55,548 - PendingVehiclesPanel - INFO - Refreshing pending vehicles list
2025-07-13 23:02:55,553 - DataManager - INFO - Successfully loaded 71 records from data\Tharuni_Associates_Narasaraopeta_data.csv
2025-07-13 23:02:55,555 - PendingVehiclesPanel - INFO - Retrieved 71 total records
2025-07-13 23:02:55,736 - PendingVehiclesPanel - INFO - Found 0 unique pending vehicles, prevented 0 duplicates
2025-07-13 23:02:55,740 - PendingVehiclesPanel - INFO - Successfully refreshed pending list with 0 unique vehicles
2025-07-13 23:02:56,226 - camera_camera - DEBUG - Initializing USB camera
2025-07-13 23:02:58,321 - camera_camera - DEBUG - Initializing USB camera
2025-07-13 23:03:00,965 - camera_camera - DEBUG - Resource usage - CPU: 15.7%, Memory: 83.1%
2025-07-13 23:03:05,445 - camera_camera - DEBUG - Initializing USB camera
2025-07-13 23:03:07,539 - camera_camera - DEBUG - Initializing USB camera
2025-07-13 23:03:09,635 - camera_camera - DEBUG - Initializing USB camera
2025-07-13 23:03:11,731 - camera_camera - DEBUG - Initializing USB camera
2025-07-13 23:03:13,835 - camera_camera - DEBUG - Initializing USB camera
2025-07-13 23:03:15,955 - camera_camera - DEBUG - Initializing USB camera
2025-07-13 23:03:23,059 - camera_camera - DEBUG - Initializing USB camera
2025-07-13 23:03:25,171 - camera_camera - DEBUG - Initializing USB camera
2025-07-13 23:03:27,266 - camera_camera - DEBUG - Initializing USB camera
2025-07-13 23:03:29,363 - camera_camera - DEBUG - Initializing USB camera
2025-07-13 23:03:31,474 - camera_camera - DEBUG - Initializing USB camera
2025-07-13 23:03:33,588 - camera_camera - DEBUG - Initializing USB camera
2025-07-13 23:03:40,692 - camera_camera - DEBUG - Initializing USB camera
2025-07-13 23:03:42,787 - camera_camera - DEBUG - Initializing USB camera
2025-07-13 23:03:44,482 - camera_camera - DEBUG - Performed garbage collection
2025-07-13 23:03:44,896 - camera_camera - DEBUG - Initializing USB camera
2025-07-13 23:03:46,995 - camera_camera - DEBUG - Initializing USB camera
2025-07-13 23:03:49,091 - camera_camera - DEBUG - Initializing USB camera
2025-07-13 23:03:51,186 - camera_camera - DEBUG - Initializing USB camera
2025-07-13 23:03:55,747 - PendingVehiclesPanel - INFO - Refreshing pending vehicles list
2025-07-13 23:03:55,753 - DataManager - INFO - Successfully loaded 71 records from data\Tharuni_Associates_Narasaraopeta_data.csv
2025-07-13 23:03:55,755 - PendingVehiclesPanel - INFO - Retrieved 71 total records
2025-07-13 23:03:55,939 - PendingVehiclesPanel - INFO - Found 0 unique pending vehicles, prevented 0 duplicates
2025-07-13 23:03:55,942 - PendingVehiclesPanel - INFO - Successfully refreshed pending list with 0 unique vehicles
2025-07-13 23:03:58,309 - camera_camera - DEBUG - Initializing USB camera
2025-07-13 23:04:00,400 - camera_camera - DEBUG - Initializing USB camera
2025-07-13 23:04:02,506 - camera_camera - DEBUG - Initializing USB camera
2025-07-13 23:04:04,614 - camera_camera - DEBUG - Initializing USB camera
2025-07-13 23:04:06,707 - camera_camera - DEBUG - Initializing USB camera
2025-07-13 23:04:08,812 - camera_camera - DEBUG - Initializing USB camera
2025-07-13 23:04:15,907 - camera_camera - DEBUG - Initializing USB camera
2025-07-13 23:04:18,003 - camera_camera - DEBUG - Initializing USB camera
2025-07-13 23:04:20,113 - camera_camera - DEBUG - Initializing USB camera
2025-07-13 23:04:22,208 - camera_camera - DEBUG - Initializing USB camera
2025-07-13 23:04:24,307 - camera_camera - DEBUG - Initializing USB camera
2025-07-13 23:04:26,400 - camera_camera - DEBUG - Initializing USB camera
2025-07-13 23:04:30,018 - camera_camera - DEBUG - Resource usage - CPU: 19.0%, Memory: 83.3%
2025-07-13 23:04:33,523 - camera_camera - DEBUG - Initializing USB camera
2025-07-13 23:04:35,617 - camera_camera - DEBUG - Initializing USB camera
2025-07-13 23:04:37,732 - camera_camera - DEBUG - Initializing USB camera
2025-07-13 23:04:39,825 - camera_camera - DEBUG - Initializing USB camera
2025-07-13 23:04:41,924 - camera_camera - DEBUG - Initializing USB camera
2025-07-13 23:04:44,035 - camera_camera - DEBUG - Initializing USB camera
2025-07-13 23:04:44,488 - camera_camera - DEBUG - Performed garbage collection
2025-07-13 23:04:51,155 - camera_camera - DEBUG - Initializing USB camera
2025-07-13 23:04:53,282 - camera_camera - DEBUG - Initializing USB camera
2025-07-13 23:04:55,377 - camera_camera - DEBUG - Initializing USB camera
2025-07-13 23:04:55,950 - PendingVehiclesPanel - INFO - Refreshing pending vehicles list
2025-07-13 23:04:55,957 - DataManager - INFO - Successfully loaded 71 records from data\Tharuni_Associates_Narasaraopeta_data.csv
2025-07-13 23:04:55,959 - PendingVehiclesPanel - INFO - Retrieved 71 total records
2025-07-13 23:04:56,141 - PendingVehiclesPanel - INFO - Found 0 unique pending vehicles, prevented 0 duplicates
2025-07-13 23:04:56,144 - PendingVehiclesPanel - INFO - Successfully refreshed pending list with 0 unique vehicles
2025-07-13 23:04:57,483 - camera_camera - DEBUG - Initializing USB camera
2025-07-13 23:04:59,592 - camera_camera - DEBUG - Initializing USB camera
2025-07-13 23:05:00,304 - camera_camera - DEBUG - Resource usage - CPU: 14.2%, Memory: 82.7%
2025-07-13 23:05:00,370 - camera_camera - DEBUG - Resource usage - CPU: 14.7%, Memory: 82.7%
2025-07-13 23:05:01,703 - camera_camera - DEBUG - Initializing USB camera
2025-07-13 23:05:08,820 - camera_camera - DEBUG - Initializing USB camera
2025-07-13 23:05:10,930 - camera_camera - DEBUG - Initializing USB camera
2025-07-13 23:05:13,026 - camera_camera - DEBUG - Initializing USB camera
2025-07-13 23:05:15,118 - camera_camera - DEBUG - Initializing USB camera
2025-07-13 23:05:17,217 - camera_camera - DEBUG - Initializing USB camera
2025-07-13 23:05:19,283 - camera_camera - DEBUG - Initializing USB camera
2025-07-13 23:05:26,387 - camera_camera - DEBUG - Initializing USB camera
2025-07-13 23:05:28,480 - camera_camera - DEBUG - Initializing USB camera
2025-07-13 23:05:30,580 - camera_camera - DEBUG - Initializing USB camera
2025-07-13 23:05:30,653 - camera_camera - DEBUG - Resource usage - CPU: 17.8%, Memory: 83.5%
2025-07-13 23:05:30,682 - camera_camera - DEBUG - Resource usage - CPU: 18.1%, Memory: 83.5%
2025-07-13 23:05:32,689 - camera_camera - DEBUG - Initializing USB camera
2025-07-13 23:05:34,787 - camera_camera - DEBUG - Initializing USB camera
2025-07-13 23:05:36,880 - camera_camera - DEBUG - Initializing USB camera
2025-07-13 23:05:44,003 - camera_camera - DEBUG - Initializing USB camera
2025-07-13 23:05:44,554 - camera_camera - DEBUG - Performed garbage collection
2025-07-13 23:05:46,114 - camera_camera - DEBUG - Initializing USB camera
2025-07-13 23:05:48,210 - camera_camera - DEBUG - Initializing USB camera
2025-07-13 23:05:50,314 - camera_camera - DEBUG - Initializing USB camera
2025-07-13 23:05:52,423 - camera_camera - DEBUG - Initializing USB camera
2025-07-13 23:05:54,535 - camera_camera - DEBUG - Initializing USB camera
2025-07-13 23:05:54,884 - camera_camera - WARNING - High memory usage (89.5%), triggering garbage collection
2025-07-13 23:05:54,967 - camera_camera - WARNING - High memory usage (89.5%), triggering garbage collection
2025-07-13 23:05:56,155 - PendingVehiclesPanel - INFO - Refreshing pending vehicles list
2025-07-13 23:05:56,161 - DataManager - INFO - Successfully loaded 71 records from data\Tharuni_Associates_Narasaraopeta_data.csv
2025-07-13 23:05:56,163 - PendingVehiclesPanel - INFO - Retrieved 71 total records
2025-07-13 23:05:56,344 - PendingVehiclesPanel - INFO - Found 0 unique pending vehicles, prevented 0 duplicates
2025-07-13 23:05:56,346 - PendingVehiclesPanel - INFO - Successfully refreshed pending list with 0 unique vehicles
2025-07-13 23:05:56,984 - camera_camera - WARNING - High memory usage (89.2%), triggering garbage collection
2025-07-13 23:05:57,050 - camera_camera - WARNING - High memory usage (89.1%), triggering garbage collection
2025-07-13 23:06:01,663 - camera_camera - DEBUG - Initializing USB camera
2025-07-13 23:06:03,782 - camera_camera - DEBUG - Initializing USB camera
2025-07-13 23:06:05,874 - camera_camera - DEBUG - Initializing USB camera
2025-07-13 23:06:07,969 - camera_camera - DEBUG - Initializing USB camera
2025-07-13 23:06:10,062 - camera_camera - DEBUG - Initializing USB camera
2025-07-13 23:08:55,399 - PendingVehiclesPanel - INFO - Refreshing pending vehicles list
2025-07-13 23:08:55,638 - DataManager - INFO - Successfully loaded 71 records from data\Tharuni_Associates_Narasaraopeta_data.csv
2025-07-13 23:08:55,674 - PendingVehiclesPanel - INFO - Retrieved 71 total records
2025-07-13 23:08:56,591 - camera_camera - DEBUG - Initializing USB camera
2025-07-13 23:08:56,604 - PendingVehiclesPanel - INFO - Found 0 unique pending vehicles, prevented 0 duplicates
2025-07-13 23:08:56,607 - PendingVehiclesPanel - INFO - Successfully refreshed pending list with 0 unique vehicles
2025-07-13 23:08:56,729 - camera_camera - DEBUG - Initializing USB camera
2025-07-13 23:08:57,883 - camera_camera - WARNING - High CPU usage (96.5%), reducing FPS to 29
2025-07-13 23:08:57,883 - camera_camera - WARNING - High CPU usage (96.6%), reducing FPS to 29
2025-07-13 23:08:57,884 - camera_camera - WARNING - High memory usage (87.0%), triggering garbage collection
2025-07-13 23:08:57,885 - camera_camera - WARNING - High memory usage (87.0%), triggering garbage collection
2025-07-13 23:08:58,715 - camera_camera - INFO - Restarting camera feed
2025-07-13 23:08:58,716 - camera_camera - INFO - Stopping camera feed
2025-07-13 23:08:59,956 - camera_camera - WARNING - High memory usage (88.4%), triggering garbage collection
2025-07-13 23:09:02,059 - camera_camera - WARNING - High memory usage (87.7%), triggering garbage collection
2025-07-13 23:09:03,730 - camera_camera - DEBUG - Initializing USB camera
2025-07-13 23:09:04,157 - camera_camera - WARNING - High memory usage (86.3%), triggering garbage collection
2025-07-13 23:09:05,817 - camera_camera - DEBUG - Initializing USB camera
2025-07-13 23:09:06,296 - camera_camera - WARNING - High memory usage (86.9%), triggering garbage collection
2025-07-13 23:09:07,383 - camera_camera - INFO - Optimized video capture loop ending
2025-07-13 23:09:07,432 - camera_camera - DEBUG - Optimized video thread started
2025-07-13 23:09:07,431 - camera_camera - INFO - Optimized video capture loop started
2025-07-13 23:09:07,457 - camera_camera - DEBUG - Initializing USB camera
2025-07-13 23:09:07,923 - camera_camera - DEBUG - Initializing USB camera
2025-07-13 23:09:08,402 - camera_camera - WARNING - High memory usage (87.8%), triggering garbage collection
2025-07-13 23:09:09,980 - camera_camera - DEBUG - Initializing USB camera
2025-07-13 23:09:10,487 - camera_camera - WARNING - High memory usage (87.2%), triggering garbage collection
2025-07-13 23:09:12,058 - camera_camera - DEBUG - Initializing USB camera
2025-07-13 23:09:12,444 - camera_camera - INFO - Restarting camera feed
2025-07-13 23:09:12,446 - camera_camera - INFO - Stopping camera feed
2025-07-13 23:09:12,574 - camera_camera - WARNING - High memory usage (87.3%), triggering garbage collection
2025-07-13 23:09:14,126 - camera_camera - DEBUG - Initializing USB camera
2025-07-13 23:09:14,671 - camera_camera - WARNING - High memory usage (86.7%), triggering garbage collection
2025-07-13 23:09:16,730 - camera_camera - WARNING - High memory usage (86.6%), triggering garbage collection
2025-07-13 23:09:17,286 - camera_camera - INFO - Optimized video capture loop ending
2025-07-13 23:09:17,302 - camera_camera - DEBUG - Optimized video thread started
2025-07-13 23:09:17,301 - camera_camera - INFO - Optimized video capture loop started
2025-07-13 23:09:17,303 - camera_camera - DEBUG - Initializing USB camera
2025-07-13 23:09:18,806 - camera_camera - WARNING - High memory usage (86.6%), triggering garbage collection
2025-07-13 23:09:20,911 - camera_camera - WARNING - High memory usage (86.5%), triggering garbage collection
2025-07-13 23:09:21,191 - camera_camera - DEBUG - Initializing USB camera
2025-07-13 23:09:22,313 - camera_camera - INFO - Restarting camera feed
2025-07-13 23:09:22,316 - camera_camera - INFO - Stopping camera feed
2025-07-13 23:09:22,988 - camera_camera - WARNING - High memory usage (86.7%), triggering garbage collection
2025-07-13 23:09:23,229 - camera_camera - DEBUG - Initializing USB camera
2025-07-13 23:09:25,110 - camera_camera - WARNING - High memory usage (86.5%), triggering garbage collection
2025-07-13 23:09:25,331 - camera_camera - DEBUG - Initializing USB camera
2025-07-13 23:09:26,424 - camera_camera - INFO - Optimized video capture loop ending
2025-07-13 23:09:26,441 - camera_camera - DEBUG - Optimized video thread started
2025-07-13 23:09:26,441 - camera_camera - INFO - Optimized video capture loop started
2025-07-13 23:09:26,443 - camera_camera - DEBUG - Initializing USB camera
2025-07-13 23:09:27,187 - camera_camera - WARNING - High memory usage (86.5%), triggering garbage collection
2025-07-13 23:09:27,433 - camera_camera - DEBUG - Initializing USB camera
2025-07-13 23:09:29,241 - camera_camera - WARNING - High memory usage (85.8%), triggering garbage collection
2025-07-13 23:09:29,494 - camera_camera - DEBUG - Initializing USB camera
2025-07-13 23:09:31,303 - camera_camera - WARNING - High memory usage (85.5%), triggering garbage collection
2025-07-13 23:09:31,444 - camera_camera - INFO - Restarting camera feed
2025-07-13 23:09:31,446 - camera_camera - INFO - Stopping camera feed
2025-07-13 23:09:31,548 - camera_camera - DEBUG - Initializing USB camera
2025-07-13 23:09:33,374 - camera_camera - WARNING - High memory usage (85.5%), triggering garbage collection
2025-07-13 23:09:35,469 - camera_camera - WARNING - High memory usage (85.5%), triggering garbage collection
2025-07-13 23:09:36,176 - camera_camera - INFO - Optimized video capture loop ending
2025-07-13 23:09:36,194 - camera_camera - DEBUG - Optimized video thread started
2025-07-13 23:09:36,193 - camera_camera - INFO - Optimized video capture loop started
2025-07-13 23:09:36,196 - camera_camera - DEBUG - Initializing USB camera
2025-07-13 23:09:37,600 - camera_camera - WARNING - High memory usage (85.9%), triggering garbage collection
2025-07-13 23:09:38,598 - camera_camera - DEBUG - Initializing USB camera
2025-07-13 23:09:39,734 - camera_camera - WARNING - High memory usage (86.1%), triggering garbage collection
2025-07-13 23:09:40,659 - camera_camera - DEBUG - Initializing USB camera
2025-07-13 23:09:41,199 - camera_camera - INFO - Restarting camera feed
2025-07-13 23:09:41,200 - camera_camera - INFO - Stopping camera feed
2025-07-13 23:09:41,826 - camera_camera - WARNING - High memory usage (86.1%), triggering garbage collection
2025-07-13 23:09:42,731 - camera_camera - DEBUG - Initializing USB camera
2025-07-13 23:09:43,900 - camera_camera - WARNING - High memory usage (86.2%), triggering garbage collection
2025-07-13 23:09:44,792 - camera_camera - DEBUG - Initializing USB camera
2025-07-13 23:09:45,853 - camera_camera - INFO - Optimized video capture loop ending
2025-07-13 23:09:45,872 - camera_camera - DEBUG - Optimized video thread started
2025-07-13 23:09:45,871 - camera_camera - INFO - Optimized video capture loop started
2025-07-13 23:09:45,874 - camera_camera - DEBUG - Initializing USB camera
2025-07-13 23:09:45,979 - camera_camera - WARNING - High memory usage (86.1%), triggering garbage collection
2025-07-13 23:09:46,870 - camera_camera - DEBUG - Initializing USB camera
2025-07-13 23:09:48,082 - camera_camera - WARNING - High memory usage (85.7%), triggering garbage collection
2025-07-13 23:09:48,955 - camera_camera - DEBUG - Initializing USB camera
2025-07-13 23:09:50,185 - camera_camera - WARNING - High memory usage (85.6%), triggering garbage collection
2025-07-13 23:09:50,886 - camera_camera - INFO - Restarting camera feed
2025-07-13 23:09:50,888 - camera_camera - INFO - Stopping camera feed
2025-07-13 23:09:52,264 - camera_camera - WARNING - High memory usage (85.4%), triggering garbage collection
2025-07-13 23:09:54,355 - camera_camera - WARNING - High memory usage (86.2%), triggering garbage collection
2025-07-13 23:09:55,512 - camera_camera - INFO - Optimized video capture loop ending
2025-07-13 23:09:55,523 - camera_camera - DEBUG - Optimized video thread started
2025-07-13 23:09:55,522 - camera_camera - INFO - Optimized video capture loop started
2025-07-13 23:09:55,524 - camera_camera - DEBUG - Initializing USB camera
2025-07-13 23:09:56,031 - camera_camera - DEBUG - Initializing USB camera
2025-07-13 23:09:56,434 - camera_camera - WARNING - High memory usage (85.2%), triggering garbage collection
2025-07-13 23:09:56,615 - PendingVehiclesPanel - INFO - Refreshing pending vehicles list
2025-07-13 23:09:56,619 - DataManager - INFO - Successfully loaded 71 records from data\Tharuni_Associates_Narasaraopeta_data.csv
2025-07-13 23:09:56,620 - PendingVehiclesPanel - INFO - Retrieved 71 total records
2025-07-13 23:09:56,716 - PendingVehiclesPanel - INFO - Found 0 unique pending vehicles, prevented 0 duplicates
2025-07-13 23:09:56,717 - PendingVehiclesPanel - INFO - Successfully refreshed pending list with 0 unique vehicles
2025-07-13 23:09:58,138 - camera_camera - DEBUG - Initializing USB camera
2025-07-13 23:10:00,225 - camera_camera - DEBUG - Initializing USB camera
2025-07-13 23:10:00,523 - camera_camera - DEBUG - Resource usage - CPU: 29.4%, Memory: 85.0%
2025-07-13 23:10:00,540 - camera_camera - INFO - Restarting camera feed
2025-07-13 23:10:00,542 - camera_camera - INFO - Stopping camera feed
2025-07-13 23:10:02,271 - camera_camera - DEBUG - Initializing USB camera
2025-07-13 23:10:02,566 - camera_camera - WARNING - High memory usage (85.2%), triggering garbage collection
2025-07-13 23:10:04,338 - camera_camera - DEBUG - Initializing USB camera
2025-07-13 23:10:04,346 - camera_camera - INFO - Optimized video capture loop ending
2025-07-13 23:10:04,363 - camera_camera - DEBUG - Optimized video thread started
2025-07-13 23:10:04,362 - camera_camera - INFO - Optimized video capture loop started
2025-07-13 23:10:04,365 - camera_camera - DEBUG - Initializing USB camera
2025-07-13 23:10:04,630 - camera_camera - WARNING - High memory usage (85.1%), triggering garbage collection
2025-07-13 23:10:06,413 - camera_camera - DEBUG - Initializing USB camera
2025-07-13 23:10:06,735 - camera_camera - WARNING - High memory usage (85.1%), triggering garbage collection
2025-07-13 23:10:09,369 - camera_camera - INFO - Restarting camera feed
2025-07-13 23:10:09,372 - camera_camera - INFO - Stopping camera feed
2025-07-13 23:10:13,487 - camera_camera - DEBUG - Initializing USB camera
2025-07-13 23:10:14,176 - camera_camera - INFO - Optimized video capture loop ending
2025-07-13 23:10:14,193 - camera_camera - DEBUG - Optimized video thread started
2025-07-13 23:10:14,192 - camera_camera - INFO - Optimized video capture loop started
2025-07-13 23:10:14,194 - camera_camera - DEBUG - Initializing USB camera
2025-07-13 23:10:15,576 - camera_camera - DEBUG - Initializing USB camera
2025-07-13 23:10:17,635 - camera_camera - DEBUG - Initializing USB camera
2025-07-13 23:10:18,945 - camera_camera - WARNING - High memory usage (85.1%), triggering garbage collection
2025-07-13 23:10:19,195 - camera_camera - INFO - Restarting camera feed
2025-07-13 23:10:19,196 - camera_camera - INFO - Stopping camera feed
2025-07-13 23:10:19,696 - camera_camera - DEBUG - Initializing USB camera
2025-07-13 23:10:21,753 - camera_camera - DEBUG - Initializing USB camera
2025-07-13 23:10:23,196 - camera_camera - INFO - Optimized video capture loop ending
2025-07-13 23:10:23,210 - camera_camera - DEBUG - Optimized video thread started
2025-07-13 23:10:23,209 - camera_camera - INFO - Optimized video capture loop started
2025-07-13 23:10:23,211 - camera_camera - DEBUG - Initializing USB camera
2025-07-13 23:10:23,794 - camera_camera - DEBUG - Initializing USB camera
2025-07-13 23:10:28,211 - camera_camera - INFO - Restarting camera feed
2025-07-13 23:10:28,212 - camera_camera - INFO - Stopping camera feed
2025-07-13 23:10:30,875 - camera_camera - DEBUG - Initializing USB camera
2025-07-13 23:10:32,348 - camera_camera - INFO - Optimized video capture loop ending
2025-07-13 23:10:32,362 - camera_camera - DEBUG - Optimized video thread started
2025-07-13 23:10:32,362 - camera_camera - INFO - Optimized video capture loop started
2025-07-13 23:10:32,364 - camera_camera - DEBUG - Initializing USB camera
2025-07-13 23:10:32,948 - camera_camera - DEBUG - Initializing USB camera
2025-07-13 23:10:35,016 - camera_camera - DEBUG - Initializing USB camera
2025-07-13 23:10:37,097 - camera_camera - DEBUG - Initializing USB camera
2025-07-13 23:10:37,371 - camera_camera - INFO - Restarting camera feed
2025-07-13 23:10:37,372 - camera_camera - INFO - Stopping camera feed
2025-07-13 23:10:39,177 - camera_camera - DEBUG - Initializing USB camera
2025-07-13 23:10:41,228 - camera_camera - DEBUG - Initializing USB camera
2025-07-13 23:10:41,461 - camera_camera - INFO - Optimized video capture loop ending
2025-07-13 23:10:41,484 - camera_camera - DEBUG - Optimized video thread started
2025-07-13 23:10:41,483 - camera_camera - INFO - Optimized video capture loop started
2025-07-13 23:10:41,485 - camera_camera - DEBUG - Initializing USB camera
2025-07-13 23:10:46,496 - camera_camera - INFO - Restarting camera feed
2025-07-13 23:10:46,498 - camera_camera - INFO - Stopping camera feed
2025-07-13 23:10:48,279 - camera_camera - DEBUG - Initializing USB camera
2025-07-13 23:10:50,326 - camera_camera - DEBUG - Initializing USB camera
2025-07-13 23:10:50,520 - camera_camera - INFO - Optimized video capture loop ending
2025-07-13 23:10:50,537 - camera_camera - DEBUG - Optimized video thread started
2025-07-13 23:10:50,537 - camera_camera - INFO - Optimized video capture loop started
2025-07-13 23:10:50,539 - camera_camera - DEBUG - Initializing USB camera
2025-07-13 23:10:52,366 - camera_camera - DEBUG - Initializing USB camera
2025-07-13 23:10:54,411 - camera_camera - DEBUG - Initializing USB camera
2025-07-13 23:10:55,546 - camera_camera - INFO - Restarting camera feed
2025-07-13 23:10:55,549 - camera_camera - INFO - Stopping camera feed
2025-07-13 23:10:56,511 - camera_camera - DEBUG - Initializing USB camera
2025-07-13 23:10:56,723 - PendingVehiclesPanel - INFO - Refreshing pending vehicles list
2025-07-13 23:10:56,727 - DataManager - INFO - Successfully loaded 71 records from data\Tharuni_Associates_Narasaraopeta_data.csv
2025-07-13 23:10:56,728 - PendingVehiclesPanel - INFO - Retrieved 71 total records
2025-07-13 23:10:56,852 - PendingVehiclesPanel - INFO - Found 0 unique pending vehicles, prevented 0 duplicates
2025-07-13 23:10:56,854 - PendingVehiclesPanel - INFO - Successfully refreshed pending list with 0 unique vehicles
2025-07-13 23:10:58,578 - camera_camera - DEBUG - Initializing USB camera
2025-07-13 23:11:00,967 - camera_camera - INFO - Optimized video capture loop ending
2025-07-13 23:11:00,986 - camera_camera - DEBUG - Optimized video thread started
2025-07-13 23:11:00,985 - camera_camera - INFO - Optimized video capture loop started
2025-07-13 23:11:00,987 - camera_camera - DEBUG - Initializing USB camera
2025-07-13 23:11:05,660 - camera_camera - DEBUG - Initializing USB camera
2025-07-13 23:11:05,997 - camera_camera - INFO - Restarting camera feed
2025-07-13 23:11:05,998 - camera_camera - INFO - Stopping camera feed
2025-07-13 23:11:07,702 - camera_camera - DEBUG - Initializing USB camera
2025-07-13 23:11:09,789 - camera_camera - DEBUG - Initializing USB camera
2025-07-13 23:11:09,820 - camera_camera - INFO - Optimized video capture loop ending
2025-07-13 23:11:09,833 - camera_camera - DEBUG - Optimized video thread started
2025-07-13 23:11:09,832 - camera_camera - INFO - Optimized video capture loop started
2025-07-13 23:11:09,834 - camera_camera - DEBUG - Initializing USB camera
2025-07-13 23:11:11,835 - camera_camera - DEBUG - Initializing USB camera
2025-07-13 23:11:13,891 - camera_camera - DEBUG - Initializing USB camera
2025-07-13 23:11:14,838 - camera_camera - INFO - Restarting camera feed
2025-07-13 23:11:14,839 - camera_camera - INFO - Stopping camera feed
2025-07-13 23:11:15,950 - camera_camera - DEBUG - Initializing USB camera
2025-07-13 23:11:19,237 - camera_camera - INFO - Optimized video capture loop ending
2025-07-13 23:11:19,254 - camera_camera - DEBUG - Optimized video thread started
2025-07-13 23:11:19,254 - camera_camera - INFO - Optimized video capture loop started
2025-07-13 23:11:19,256 - camera_camera - DEBUG - Initializing USB camera
2025-07-13 23:11:23,018 - camera_camera - DEBUG - Initializing USB camera
2025-07-13 23:11:24,258 - camera_camera - INFO - Restarting camera feed
2025-07-13 23:11:24,259 - camera_camera - INFO - Stopping camera feed
2025-07-13 23:11:25,075 - camera_camera - DEBUG - Initializing USB camera
2025-07-13 23:11:27,177 - camera_camera - DEBUG - Initializing USB camera
2025-07-13 23:11:28,131 - camera_camera - INFO - Optimized video capture loop ending
2025-07-13 23:11:28,150 - camera_camera - DEBUG - Optimized video thread started
2025-07-13 23:11:28,150 - camera_camera - INFO - Optimized video capture loop started
2025-07-13 23:11:28,152 - camera_camera - DEBUG - Initializing USB camera
2025-07-13 23:11:29,274 - camera_camera - DEBUG - Initializing USB camera
2025-07-13 23:11:31,326 - camera_camera - DEBUG - Initializing USB camera
2025-07-13 23:11:33,177 - camera_camera - INFO - Restarting camera feed
2025-07-13 23:11:33,179 - camera_camera - INFO - Stopping camera feed
2025-07-13 23:11:33,389 - camera_camera - DEBUG - Initializing USB camera
2025-07-13 23:11:37,591 - camera_camera - INFO - Optimized video capture loop ending
2025-07-13 23:11:37,613 - camera_camera - DEBUG - Optimized video thread started
2025-07-13 23:11:37,612 - camera_camera - INFO - Optimized video capture loop started
2025-07-13 23:11:37,615 - camera_camera - DEBUG - Initializing USB camera
2025-07-13 23:11:40,439 - camera_camera - DEBUG - Initializing USB camera
2025-07-13 23:11:42,494 - camera_camera - DEBUG - Initializing USB camera
2025-07-13 23:11:42,619 - camera_camera - INFO - Restarting camera feed
2025-07-13 23:11:42,621 - camera_camera - INFO - Stopping camera feed
2025-07-13 23:11:44,578 - camera_camera - DEBUG - Initializing USB camera
2025-07-13 23:11:46,668 - camera_camera - DEBUG - Initializing USB camera
2025-07-13 23:11:47,302 - camera_camera - INFO - Optimized video capture loop ending
2025-07-13 23:11:47,317 - camera_camera - DEBUG - Optimized video thread started
2025-07-13 23:11:47,316 - camera_camera - INFO - Optimized video capture loop started
2025-07-13 23:11:47,318 - camera_camera - DEBUG - Initializing USB camera
2025-07-13 23:11:48,717 - camera_camera - DEBUG - Initializing USB camera
2025-07-13 23:11:50,759 - camera_camera - DEBUG - Initializing USB camera
2025-07-13 23:11:52,324 - camera_camera - INFO - Restarting camera feed
2025-07-13 23:11:52,326 - camera_camera - INFO - Stopping camera feed
2025-07-13 23:11:56,355 - camera_camera - INFO - Optimized video capture loop ending
2025-07-13 23:11:56,372 - camera_camera - DEBUG - Optimized video thread started
2025-07-13 23:11:56,372 - camera_camera - INFO - Optimized video capture loop started
2025-07-13 23:11:56,374 - camera_camera - DEBUG - Initializing USB camera
2025-07-13 23:11:56,874 - PendingVehiclesPanel - INFO - Refreshing pending vehicles list
2025-07-13 23:11:56,879 - DataManager - INFO - Successfully loaded 71 records from data\Tharuni_Associates_Narasaraopeta_data.csv
2025-07-13 23:11:56,880 - PendingVehiclesPanel - INFO - Retrieved 71 total records
2025-07-13 23:11:56,970 - PendingVehiclesPanel - INFO - Found 0 unique pending vehicles, prevented 0 duplicates
2025-07-13 23:11:56,972 - PendingVehiclesPanel - INFO - Successfully refreshed pending list with 0 unique vehicles
2025-07-13 23:11:57,829 - camera_camera - DEBUG - Initializing USB camera
2025-07-13 23:11:59,892 - camera_camera - DEBUG - Initializing USB camera
2025-07-13 23:12:00,072 - camera_camera - DEBUG - Resource usage - CPU: 29.4%, Memory: 84.7%
2025-07-13 23:12:01,378 - camera_camera - INFO - Restarting camera feed
2025-07-13 23:12:01,380 - camera_camera - INFO - Stopping camera feed
2025-07-13 23:12:01,965 - camera_camera - DEBUG - Initializing USB camera
2025-07-13 23:12:04,040 - camera_camera - DEBUG - Initializing USB camera
2025-07-13 23:12:05,663 - camera_camera - INFO - Optimized video capture loop ending
2025-07-13 23:12:05,681 - camera_camera - DEBUG - Optimized video thread started
2025-07-13 23:12:05,681 - camera_camera - INFO - Optimized video capture loop started
2025-07-13 23:12:05,683 - camera_camera - DEBUG - Initializing USB camera
2025-07-13 23:12:06,096 - camera_camera - DEBUG - Initializing USB camera
2025-07-13 23:12:08,159 - camera_camera - WARNING - High memory usage (85.4%), triggering garbage collection
2025-07-13 23:12:08,240 - camera_camera - DEBUG - Initializing USB camera
2025-07-13 23:12:10,255 - camera_camera - WARNING - High memory usage (87.0%), triggering garbage collection
2025-07-13 23:12:10,695 - camera_camera - INFO - Restarting camera feed
2025-07-13 23:12:10,697 - camera_camera - INFO - Stopping camera feed
2025-07-13 23:12:12,368 - camera_camera - WARNING - High memory usage (87.1%), triggering garbage collection
2025-07-13 23:12:14,464 - camera_camera - WARNING - High memory usage (86.6%), triggering garbage collection
2025-07-13 23:12:15,305 - camera_camera - DEBUG - Initializing USB camera
2025-07-13 23:12:15,762 - camera_camera - INFO - Optimized video capture loop ending
2025-07-13 23:12:15,784 - camera_camera - DEBUG - Optimized video thread started
2025-07-13 23:12:15,783 - camera_camera - INFO - Optimized video capture loop started
2025-07-13 23:12:15,786 - camera_camera - DEBUG - Initializing USB camera
2025-07-13 23:12:16,562 - camera_camera - WARNING - High memory usage (86.7%), triggering garbage collection
2025-07-13 23:12:17,350 - camera_camera - DEBUG - Initializing USB camera
2025-07-13 23:12:18,639 - camera_camera - WARNING - High memory usage (86.3%), triggering garbage collection
2025-07-13 23:12:19,394 - camera_camera - DEBUG - Initializing USB camera
2025-07-13 23:12:20,713 - camera_camera - WARNING - High memory usage (86.0%), triggering garbage collection
2025-07-13 23:12:20,790 - camera_camera - INFO - Restarting camera feed
2025-07-13 23:12:20,792 - camera_camera - INFO - Stopping camera feed
2025-07-13 23:12:21,441 - camera_camera - DEBUG - Initializing USB camera
2025-07-13 23:12:22,798 - camera_camera - WARNING - High memory usage (86.3%), triggering garbage collection
2025-07-13 23:12:23,518 - camera_camera - DEBUG - Initializing USB camera
2025-07-13 23:12:24,762 - camera_camera - INFO - Optimized video capture loop ending
2025-07-13 23:12:24,780 - camera_camera - DEBUG - Optimized video thread started
2025-07-13 23:12:24,779 - camera_camera - INFO - Optimized video capture loop started
2025-07-13 23:12:24,781 - camera_camera - DEBUG - Initializing USB camera
2025-07-13 23:12:24,890 - camera_camera - WARNING - High memory usage (86.1%), triggering garbage collection
2025-07-13 23:12:25,582 - camera_camera - DEBUG - Initializing USB camera
2025-07-13 23:12:26,992 - camera_camera - WARNING - High memory usage (85.9%), triggering garbage collection
2025-07-13 23:12:29,072 - camera_camera - WARNING - High memory usage (85.6%), triggering garbage collection
2025-07-13 23:12:29,786 - camera_camera - INFO - Restarting camera feed
2025-07-13 23:12:29,787 - camera_camera - INFO - Stopping camera feed
2025-07-13 23:12:31,170 - camera_camera - WARNING - High memory usage (85.7%), triggering garbage collection
2025-07-13 23:12:32,639 - camera_camera - DEBUG - Initializing USB camera
2025-07-13 23:12:33,246 - camera_camera - WARNING - High memory usage (86.4%), triggering garbage collection
2025-07-13 23:12:33,697 - camera_camera - INFO - Optimized video capture loop ending
2025-07-13 23:12:33,718 - camera_camera - DEBUG - Optimized video thread started
2025-07-13 23:12:33,717 - camera_camera - INFO - Optimized video capture loop started
2025-07-13 23:12:33,719 - camera_camera - DEBUG - Initializing USB camera
2025-07-13 23:12:34,710 - camera_camera - DEBUG - Initializing USB camera
2025-07-13 23:12:35,320 - camera_camera - WARNING - High memory usage (86.3%), triggering garbage collection
2025-07-13 23:12:36,791 - camera_camera - DEBUG - Initializing USB camera
2025-07-13 23:12:37,385 - camera_camera - WARNING - High memory usage (86.2%), triggering garbage collection
2025-07-13 23:12:38,729 - camera_camera - INFO - Restarting camera feed
2025-07-13 23:12:38,730 - camera_camera - INFO - Stopping camera feed
2025-07-13 23:12:38,874 - camera_camera - DEBUG - Initializing USB camera
2025-07-13 23:12:39,464 - camera_camera - WARNING - High memory usage (86.3%), triggering garbage collection
2025-07-13 23:12:40,940 - camera_camera - DEBUG - Initializing USB camera
2025-07-13 23:12:41,561 - camera_camera - WARNING - High memory usage (86.1%), triggering garbage collection
2025-07-13 23:12:43,007 - camera_camera - DEBUG - Initializing USB camera
2025-07-13 23:12:43,015 - camera_camera - INFO - Optimized video capture loop ending
2025-07-13 23:12:43,034 - camera_camera - DEBUG - Optimized video thread started
2025-07-13 23:12:43,034 - camera_camera - INFO - Optimized video capture loop started
2025-07-13 23:12:43,036 - camera_camera - DEBUG - Initializing USB camera
2025-07-13 23:12:43,633 - camera_camera - WARNING - High memory usage (86.3%), triggering garbage collection
2025-07-13 23:12:45,723 - camera_camera - WARNING - High memory usage (86.0%), triggering garbage collection
2025-07-13 23:12:47,809 - camera_camera - WARNING - High memory usage (86.0%), triggering garbage collection
2025-07-13 23:12:48,045 - camera_camera - INFO - Restarting camera feed
2025-07-13 23:12:48,047 - camera_camera - INFO - Stopping camera feed
2025-07-13 23:12:49,895 - camera_camera - WARNING - High memory usage (85.9%), triggering garbage collection
2025-07-13 23:12:50,080 - camera_camera - DEBUG - Initializing USB camera
2025-07-13 23:12:51,993 - camera_camera - WARNING - High memory usage (85.8%), triggering garbage collection
2025-07-13 23:12:52,059 - camera_camera - INFO - Optimized video capture loop ending
2025-07-13 23:12:52,082 - camera_camera - DEBUG - Optimized video thread started
2025-07-13 23:12:52,081 - camera_camera - INFO - Optimized video capture loop started
2025-07-13 23:12:52,084 - camera_camera - DEBUG - Initializing USB camera
2025-07-13 23:12:52,187 - camera_camera - DEBUG - Initializing USB camera
2025-07-13 23:12:54,083 - camera_camera - WARNING - High memory usage (85.8%), triggering garbage collection
2025-07-13 23:12:54,277 - camera_camera - DEBUG - Initializing USB camera
2025-07-13 23:12:56,160 - camera_camera - WARNING - High memory usage (85.6%), triggering garbage collection
2025-07-13 23:12:56,346 - camera_camera - DEBUG - Initializing USB camera
2025-07-13 23:12:56,977 - PendingVehiclesPanel - INFO - Refreshing pending vehicles list
2025-07-13 23:12:56,984 - DataManager - INFO - Successfully loaded 71 records from data\Tharuni_Associates_Narasaraopeta_data.csv
2025-07-13 23:12:56,985 - PendingVehiclesPanel - INFO - Retrieved 71 total records
2025-07-13 23:12:57,090 - camera_camera - INFO - Restarting camera feed
2025-07-13 23:12:57,094 - camera_camera - INFO - Stopping camera feed
2025-07-13 23:12:57,146 - PendingVehiclesPanel - INFO - Found 0 unique pending vehicles, prevented 0 duplicates
2025-07-13 23:12:57,148 - PendingVehiclesPanel - INFO - Successfully refreshed pending list with 0 unique vehicles
2025-07-13 23:12:58,246 - camera_camera - WARNING - High memory usage (85.9%), triggering garbage collection
2025-07-13 23:12:58,418 - camera_camera - DEBUG - Initializing USB camera
2025-07-13 23:13:00,324 - camera_camera - WARNING - High memory usage (86.1%), triggering garbage collection
2025-07-13 23:13:00,390 - camera_camera - DEBUG - Resource usage - CPU: 34.3%, Memory: 86.1%
2025-07-13 23:13:00,497 - camera_camera - DEBUG - Initializing USB camera
2025-07-13 23:13:02,120 - camera_camera - INFO - Optimized video capture loop ending
2025-07-13 23:13:02,136 - camera_camera - DEBUG - Optimized video thread started
2025-07-13 23:13:02,136 - camera_camera - INFO - Optimized video capture loop started
2025-07-13 23:13:02,138 - camera_camera - DEBUG - Initializing USB camera
2025-07-13 23:13:02,407 - camera_camera - WARNING - High memory usage (86.3%), triggering garbage collection
2025-07-13 23:13:04,492 - camera_camera - WARNING - High memory usage (86.2%), triggering garbage collection
2025-07-13 23:13:06,558 - camera_camera - WARNING - High memory usage (86.3%), triggering garbage collection
2025-07-13 23:13:07,152 - camera_camera - INFO - Restarting camera feed
2025-07-13 23:13:07,153 - camera_camera - INFO - Stopping camera feed
2025-07-13 23:13:07,571 - camera_camera - DEBUG - Initializing USB camera
2025-07-13 23:13:08,624 - camera_camera - WARNING - High memory usage (86.0%), triggering garbage collection
2025-07-13 23:13:09,634 - camera_camera - DEBUG - Initializing USB camera
2025-07-13 23:13:10,695 - camera_camera - WARNING - High memory usage (85.8%), triggering garbage collection
2025-07-13 23:13:10,817 - camera_camera - INFO - Optimized video capture loop ending
2025-07-13 23:13:10,830 - camera_camera - DEBUG - Optimized video thread started
2025-07-13 23:13:10,830 - camera_camera - INFO - Optimized video capture loop started
2025-07-13 23:13:10,832 - camera_camera - DEBUG - Initializing USB camera
2025-07-13 23:13:11,711 - camera_camera - DEBUG - Initializing USB camera
2025-07-13 23:13:12,783 - camera_camera - WARNING - High memory usage (86.3%), triggering garbage collection
2025-07-13 23:13:13,825 - camera_camera - DEBUG - Initializing USB camera
2025-07-13 23:13:14,890 - camera_camera - WARNING - High memory usage (86.5%), triggering garbage collection
2025-07-13 23:13:15,843 - camera_camera - INFO - Restarting camera feed
2025-07-13 23:13:15,844 - camera_camera - INFO - Stopping camera feed
2025-07-13 23:13:15,915 - camera_camera - DEBUG - Initializing USB camera
2025-07-13 23:13:16,960 - camera_camera - WARNING - High memory usage (86.3%), triggering garbage collection
2025-07-13 23:13:18,003 - camera_camera - DEBUG - Initializing USB camera
2025-07-13 23:13:19,032 - camera_camera - WARNING - High memory usage (85.6%), triggering garbage collection
2025-07-13 23:13:20,630 - camera_camera - INFO - Optimized video capture loop ending
2025-07-13 23:13:20,648 - camera_camera - DEBUG - Optimized video thread started
2025-07-13 23:13:20,648 - camera_camera - INFO - Optimized video capture loop started
2025-07-13 23:13:20,651 - camera_camera - DEBUG - Initializing USB camera
2025-07-13 23:13:21,114 - camera_camera - WARNING - High memory usage (85.7%), triggering garbage collection
2025-07-13 23:13:23,228 - camera_camera - WARNING - High memory usage (85.7%), triggering garbage collection
2025-07-13 23:13:25,087 - camera_camera - DEBUG - Initializing USB camera
2025-07-13 23:13:25,313 - camera_camera - WARNING - High memory usage (85.6%), triggering garbage collection
2025-07-13 23:13:25,658 - camera_camera - INFO - Restarting camera feed
2025-07-13 23:13:25,660 - camera_camera - INFO - Stopping camera feed
2025-07-13 23:13:27,148 - camera_camera - DEBUG - Initializing USB camera
2025-07-13 23:13:27,390 - camera_camera - WARNING - High memory usage (85.6%), triggering garbage collection
2025-07-13 23:13:29,207 - camera_camera - DEBUG - Initializing USB camera
2025-07-13 23:13:29,426 - camera_camera - INFO - Optimized video capture loop ending
2025-07-13 23:13:29,446 - camera_camera - DEBUG - Optimized video thread started
2025-07-13 23:13:29,445 - camera_camera - INFO - Optimized video capture loop started
2025-07-13 23:13:29,447 - camera_camera - DEBUG - Initializing USB camera
2025-07-13 23:13:29,468 - camera_camera - WARNING - High memory usage (85.7%), triggering garbage collection
2025-07-13 23:13:31,281 - camera_camera - DEBUG - Initializing USB camera
2025-07-13 23:13:33,323 - camera_camera - DEBUG - Initializing USB camera
2025-07-13 23:13:34,449 - camera_camera - INFO - Restarting camera feed
2025-07-13 23:13:34,450 - camera_camera - INFO - Stopping camera feed
2025-07-13 23:13:35,429 - camera_camera - DEBUG - Initializing USB camera
2025-07-13 23:13:39,153 - camera_camera - INFO - Optimized video capture loop ending
2025-07-13 23:13:39,171 - camera_camera - DEBUG - Optimized video thread started
2025-07-13 23:13:39,170 - camera_camera - INFO - Optimized video capture loop started
2025-07-13 23:13:39,173 - camera_camera - DEBUG - Initializing USB camera
2025-07-13 23:13:42,494 - camera_camera - DEBUG - Initializing USB camera
2025-07-13 23:13:44,178 - camera_camera - INFO - Restarting camera feed
2025-07-13 23:13:44,180 - camera_camera - INFO - Stopping camera feed
2025-07-13 23:13:44,563 - camera_camera - DEBUG - Initializing USB camera
2025-07-13 23:13:46,644 - camera_camera - DEBUG - Initializing USB camera
2025-07-13 23:13:48,042 - camera_camera - INFO - Optimized video capture loop ending
2025-07-13 23:13:48,059 - camera_camera - DEBUG - Optimized video thread started
2025-07-13 23:13:48,059 - camera_camera - INFO - Optimized video capture loop started
2025-07-13 23:13:48,061 - camera_camera - DEBUG - Initializing USB camera
2025-07-13 23:13:48,724 - camera_camera - DEBUG - Initializing USB camera
2025-07-13 23:13:50,818 - camera_camera - DEBUG - Initializing USB camera
2025-07-13 23:13:52,886 - camera_camera - DEBUG - Initializing USB camera
2025-07-13 23:13:53,089 - camera_camera - INFO - Restarting camera feed
2025-07-13 23:13:53,090 - camera_camera - INFO - Stopping camera feed
2025-07-13 23:13:57,159 - PendingVehiclesPanel - INFO - Refreshing pending vehicles list
2025-07-13 23:13:57,164 - DataManager - INFO - Successfully loaded 71 records from data\Tharuni_Associates_Narasaraopeta_data.csv
2025-07-13 23:13:57,165 - PendingVehiclesPanel - INFO - Retrieved 71 total records
2025-07-13 23:13:57,246 - PendingVehiclesPanel - INFO - Found 0 unique pending vehicles, prevented 0 duplicates
2025-07-13 23:13:57,248 - PendingVehiclesPanel - INFO - Successfully refreshed pending list with 0 unique vehicles
2025-07-13 23:13:58,214 - camera_camera - INFO - Optimized video capture loop ending
2025-07-13 23:13:58,231 - camera_camera - DEBUG - Optimized video thread started
2025-07-13 23:13:58,230 - camera_camera - INFO - Optimized video capture loop started
2025-07-13 23:13:58,232 - camera_camera - DEBUG - Initializing USB camera
2025-07-13 23:13:59,979 - camera_camera - DEBUG - Initializing USB camera
2025-07-13 23:14:02,076 - camera_camera - DEBUG - Initializing USB camera
2025-07-13 23:14:03,238 - camera_camera - INFO - Restarting camera feed
2025-07-13 23:14:03,240 - camera_camera - INFO - Stopping camera feed
2025-07-13 23:14:04,152 - camera_camera - DEBUG - Initializing USB camera
2025-07-13 23:14:06,223 - camera_camera - DEBUG - Initializing USB camera
2025-07-13 23:14:07,502 - camera_camera - INFO - Optimized video capture loop ending
2025-07-13 23:14:07,520 - camera_camera - DEBUG - Optimized video thread started
2025-07-13 23:14:07,520 - camera_camera - INFO - Optimized video capture loop started
2025-07-13 23:14:07,522 - camera_camera - DEBUG - Initializing USB camera
2025-07-13 23:14:08,290 - camera_camera - DEBUG - Initializing USB camera
2025-07-13 23:14:10,370 - camera_camera - DEBUG - Initializing USB camera
2025-07-13 23:14:12,527 - camera_camera - INFO - Restarting camera feed
2025-07-13 23:14:12,528 - camera_camera - INFO - Stopping camera feed
2025-07-13 23:14:16,873 - camera_camera - INFO - Optimized video capture loop ending
2025-07-13 23:14:16,890 - camera_camera - DEBUG - Optimized video thread started
2025-07-13 23:14:16,889 - camera_camera - INFO - Optimized video capture loop started
2025-07-13 23:14:16,892 - camera_camera - DEBUG - Initializing USB camera
2025-07-13 23:14:17,504 - camera_camera - DEBUG - Initializing USB camera
2025-07-13 23:14:18,006 - camera_camera - WARNING - High memory usage (85.2%), triggering garbage collection
2025-07-13 23:14:19,559 - camera_camera - DEBUG - Initializing USB camera
2025-07-13 23:14:20,096 - camera_camera - WARNING - High memory usage (85.1%), triggering garbage collection
2025-07-13 23:14:21,671 - camera_camera - DEBUG - Initializing USB camera
2025-07-13 23:14:21,901 - camera_camera - INFO - Restarting camera feed
2025-07-13 23:14:21,903 - camera_camera - INFO - Stopping camera feed
2025-07-13 23:14:23,719 - camera_camera - DEBUG - Initializing USB camera
2025-07-13 23:14:25,787 - camera_camera - DEBUG - Initializing USB camera
2025-07-13 23:14:25,820 - camera_camera - INFO - Optimized video capture loop ending
2025-07-13 23:14:25,830 - camera_camera - DEBUG - Optimized video thread started
2025-07-13 23:14:25,830 - camera_camera - INFO - Optimized video capture loop started
2025-07-13 23:14:25,831 - camera_camera - DEBUG - Initializing USB camera
2025-07-13 23:14:27,836 - camera_camera - DEBUG - Initializing USB camera
2025-07-13 23:14:30,289 - camera_camera - DEBUG - Resource usage - CPU: 30.4%, Memory: 84.3%
2025-07-13 23:14:30,835 - camera_camera - INFO - Restarting camera feed
2025-07-13 23:14:30,837 - camera_camera - INFO - Stopping camera feed
2025-07-13 23:14:34,937 - camera_camera - INFO - Optimized video capture loop ending
2025-07-13 23:14:34,938 - camera_camera - DEBUG - Initializing USB camera
2025-07-13 23:14:34,962 - camera_camera - DEBUG - Optimized video thread started
2025-07-13 23:14:34,961 - camera_camera - INFO - Optimized video capture loop started
2025-07-13 23:14:34,963 - camera_camera - DEBUG - Initializing USB camera
2025-07-13 23:14:37,023 - camera_camera - DEBUG - Initializing USB camera
2025-07-13 23:14:39,108 - camera_camera - DEBUG - Initializing USB camera
2025-07-13 23:14:39,966 - camera_camera - INFO - Restarting camera feed
2025-07-13 23:14:39,967 - camera_camera - INFO - Stopping camera feed
2025-07-13 23:14:40,398 - camera_camera - WARNING - High memory usage (85.9%), triggering garbage collection
2025-07-13 23:14:41,167 - camera_camera - DEBUG - Initializing USB camera
2025-07-13 23:14:42,472 - camera_camera - WARNING - High memory usage (85.7%), triggering garbage collection
2025-07-13 23:14:43,233 - camera_camera - DEBUG - Initializing USB camera
2025-07-13 23:14:43,480 - camera_camera - INFO - Optimized video capture loop ending
2025-07-13 23:14:43,490 - camera_camera - DEBUG - Optimized video thread started
2025-07-13 23:14:43,490 - camera_camera - INFO - Optimized video capture loop started
2025-07-13 23:14:43,491 - camera_camera - DEBUG - Initializing USB camera
2025-07-13 23:14:44,558 - camera_camera - WARNING - High memory usage (85.6%), triggering garbage collection
2025-07-13 23:14:45,274 - camera_camera - DEBUG - Initializing USB camera
2025-07-13 23:14:46,625 - camera_camera - WARNING - High memory usage (85.8%), triggering garbage collection
2025-07-13 23:14:48,499 - camera_camera - INFO - Restarting camera feed
2025-07-13 23:14:48,500 - camera_camera - INFO - Stopping camera feed
2025-07-13 23:14:48,700 - camera_camera - WARNING - High memory usage (85.9%), triggering garbage collection
2025-07-13 23:14:50,771 - camera_camera - WARNING - High memory usage (86.0%), triggering garbage collection
2025-07-13 23:14:52,200 - camera_camera - INFO - Optimized video capture loop ending
2025-07-13 23:14:52,218 - camera_camera - DEBUG - Optimized video thread started
2025-07-13 23:14:52,217 - camera_camera - INFO - Optimized video capture loop started
2025-07-13 23:14:52,220 - camera_camera - DEBUG - Initializing USB camera
2025-07-13 23:14:52,336 - camera_camera - DEBUG - Initializing USB camera
2025-07-13 23:14:52,841 - camera_camera - WARNING - High memory usage (85.9%), triggering garbage collection
2025-07-13 23:14:54,445 - camera_camera - DEBUG - Initializing USB camera
2025-07-13 23:14:54,910 - camera_camera - WARNING - High memory usage (85.9%), triggering garbage collection
2025-07-13 23:14:56,496 - camera_camera - DEBUG - Initializing USB camera
2025-07-13 23:14:57,078 - camera_camera - WARNING - High memory usage (86.4%), triggering garbage collection
2025-07-13 23:14:57,222 - camera_camera - INFO - Restarting camera feed
2025-07-13 23:14:57,229 - camera_camera - INFO - Stopping camera feed
2025-07-13 23:14:57,255 - PendingVehiclesPanel - INFO - Refreshing pending vehicles list
2025-07-13 23:14:57,264 - DataManager - INFO - Successfully loaded 71 records from data\Tharuni_Associates_Narasaraopeta_data.csv
2025-07-13 23:14:57,267 - PendingVehiclesPanel - INFO - Retrieved 71 total records
2025-07-13 23:14:57,422 - PendingVehiclesPanel - INFO - Found 0 unique pending vehicles, prevented 0 duplicates
2025-07-13 23:14:57,423 - PendingVehiclesPanel - INFO - Successfully refreshed pending list with 0 unique vehicles
2025-07-13 23:14:58,547 - camera_camera - DEBUG - Initializing USB camera
2025-07-13 23:15:00,639 - camera_camera - DEBUG - Initializing USB camera
2025-07-13 23:15:00,817 - camera_camera - INFO - Optimized video capture loop ending
2025-07-13 23:15:00,837 - camera_camera - DEBUG - Optimized video thread started
2025-07-13 23:15:00,836 - camera_camera - INFO - Optimized video capture loop started
2025-07-13 23:15:00,839 - camera_camera - DEBUG - Initializing USB camera
2025-07-13 23:15:02,791 - camera_camera - DEBUG - Initializing USB camera
2025-07-13 23:15:05,845 - camera_camera - INFO - Restarting camera feed
2025-07-13 23:15:05,846 - camera_camera - INFO - Stopping camera feed
2025-07-13 23:15:09,864 - camera_camera - DEBUG - Initializing USB camera
2025-07-13 23:15:10,954 - camera_camera - INFO - Optimized video capture loop ending
2025-07-13 23:15:10,966 - camera_camera - DEBUG - Optimized video thread started
2025-07-13 23:15:10,965 - camera_camera - INFO - Optimized video capture loop started
2025-07-13 23:15:10,967 - camera_camera - DEBUG - Initializing USB camera
2025-07-13 23:15:11,961 - camera_camera - DEBUG - Initializing USB camera
2025-07-13 23:15:14,022 - camera_camera - DEBUG - Initializing USB camera
2025-07-13 23:15:15,969 - camera_camera - INFO - Restarting camera feed
2025-07-13 23:15:15,973 - camera_camera - INFO - Stopping camera feed
2025-07-13 23:15:16,193 - camera_camera - DEBUG - Initializing USB camera
2025-07-13 23:15:18,255 - camera_camera - DEBUG - Initializing USB camera
2025-07-13 23:15:20,339 - camera_camera - DEBUG - Initializing USB camera
2025-07-13 23:15:21,495 - camera_camera - INFO - Optimized video capture loop ending
2025-07-13 23:15:21,507 - camera_camera - DEBUG - Optimized video thread started
2025-07-13 23:15:21,507 - camera_camera - INFO - Optimized video capture loop started
2025-07-13 23:15:21,509 - camera_camera - DEBUG - Initializing USB camera
2025-07-13 23:15:26,510 - camera_camera - INFO - Restarting camera feed
2025-07-13 23:15:26,512 - camera_camera - INFO - Stopping camera feed
2025-07-13 23:15:27,392 - camera_camera - DEBUG - Initializing USB camera
2025-07-13 23:15:29,447 - camera_camera - DEBUG - Initializing USB camera
2025-07-13 23:15:31,529 - camera_camera - DEBUG - Initializing USB camera
2025-07-13 23:15:32,351 - camera_camera - INFO - Optimized video capture loop ending
2025-07-13 23:15:32,377 - camera_camera - DEBUG - Optimized video thread started
2025-07-13 23:15:32,376 - camera_camera - INFO - Optimized video capture loop started
2025-07-13 23:15:32,380 - camera_camera - DEBUG - Initializing USB camera
2025-07-13 23:15:33,593 - camera_camera - DEBUG - Initializing USB camera
2025-07-13 23:15:35,646 - camera_camera - DEBUG - Initializing USB camera
2025-07-13 23:15:37,387 - camera_camera - INFO - Restarting camera feed
2025-07-13 23:15:37,389 - camera_camera - INFO - Stopping camera feed
2025-07-13 23:15:37,698 - camera_camera - DEBUG - Initializing USB camera
2025-07-13 23:15:42,275 - camera_camera - INFO - Optimized video capture loop ending
2025-07-13 23:15:42,293 - camera_camera - DEBUG - Optimized video thread started
2025-07-13 23:15:42,292 - camera_camera - INFO - Optimized video capture loop started
2025-07-13 23:15:42,294 - camera_camera - DEBUG - Initializing USB camera
2025-07-13 23:15:44,771 - camera_camera - DEBUG - Initializing USB camera
2025-07-13 23:15:46,822 - camera_camera - DEBUG - Initializing USB camera
2025-07-13 23:15:47,310 - camera_camera - INFO - Restarting camera feed
2025-07-13 23:15:47,312 - camera_camera - INFO - Stopping camera feed
2025-07-13 23:15:48,902 - camera_camera - DEBUG - Initializing USB camera
2025-07-13 23:15:50,968 - camera_camera - DEBUG - Initializing USB camera
2025-07-13 23:15:52,148 - camera_camera - INFO - Optimized video capture loop ending
2025-07-13 23:15:52,168 - camera_camera - DEBUG - Optimized video thread started
2025-07-13 23:15:52,167 - camera_camera - INFO - Optimized video capture loop started
2025-07-13 23:15:52,170 - camera_camera - DEBUG - Initializing USB camera
2025-07-13 23:15:53,052 - camera_camera - DEBUG - Initializing USB camera
2025-07-14 02:21:08,463 - PendingVehiclesPanel - INFO - Refreshing pending vehicles list
2025-07-14 02:21:08,465 - DataManager - INFO - Successfully loaded 71 records from data\Tharuni_Associates_Narasaraopeta_data.csv
2025-07-14 02:21:08,465 - PendingVehiclesPanel - INFO - Retrieved 71 total records
2025-07-14 02:21:08,505 - PendingVehiclesPanel - INFO - Found 0 unique pending vehicles, prevented 0 duplicates
2025-07-14 02:21:08,748 - PendingVehiclesPanel - INFO - Successfully refreshed pending list with 0 unique vehicles
2025-07-14 02:21:08,760 - DataManager - INFO - Created new daily folder: data\reports\2025-07-14
2025-07-14 02:21:10,135 - camera_camera - DEBUG - Initializing USB camera
2025-07-14 02:21:10,739 - camera_camera - WARNING - High CPU usage (95.2%), reducing FPS to 29
2025-07-14 02:21:10,740 - camera_camera - WARNING - High memory usage (90.1%), triggering garbage collection
2025-07-14 02:21:12,220 - camera_camera - INFO - Restarting camera feed
2025-07-14 02:21:12,221 - camera_camera - INFO - Stopping camera feed
2025-07-14 02:21:12,846 - camera_camera - WARNING - High CPU usage (99.3%), reducing FPS to 28
2025-07-14 02:21:12,847 - camera_camera - WARNING - High memory usage (91.9%), triggering garbage collection
2025-07-14 02:21:14,941 - camera_camera - WARNING - High CPU usage (95.9%), reducing FPS to 27
2025-07-14 02:21:14,943 - camera_camera - WARNING - High memory usage (92.8%), triggering garbage collection
2025-07-14 02:21:17,038 - camera_camera - WARNING - High memory usage (92.6%), triggering garbage collection
2025-07-14 02:21:17,298 - camera_camera - DEBUG - Initializing USB camera
2025-07-14 02:21:18,310 - camera_camera - INFO - Optimized video capture loop ending
2025-07-14 02:21:18,323 - camera_camera - DEBUG - Optimized video thread started
2025-07-14 02:21:18,322 - camera_camera - INFO - Optimized video capture loop started
2025-07-14 02:21:18,324 - camera_camera - DEBUG - Initializing USB camera
2025-07-14 02:21:19,124 - camera_camera - WARNING - High memory usage (91.7%), triggering garbage collection
2025-07-14 02:21:19,367 - camera_camera - DEBUG - Initializing USB camera
2025-07-14 02:21:21,217 - camera_camera - WARNING - High memory usage (91.4%), triggering garbage collection
2025-07-14 02:21:21,432 - camera_camera - DEBUG - Initializing USB camera
2025-07-14 02:21:23,317 - camera_camera - WARNING - High memory usage (91.4%), triggering garbage collection
2025-07-14 02:21:23,381 - camera_camera - INFO - Restarting camera feed
2025-07-14 02:21:23,382 - camera_camera - INFO - Stopping camera feed
2025-07-14 02:21:23,498 - camera_camera - DEBUG - Initializing USB camera
2025-07-14 02:21:25,406 - camera_camera - WARNING - High memory usage (90.9%), triggering garbage collection
2025-07-14 02:21:25,567 - camera_camera - DEBUG - Initializing USB camera
2025-07-14 02:21:27,478 - camera_camera - WARNING - High memory usage (90.6%), triggering garbage collection
2025-07-14 02:21:27,629 - camera_camera - DEBUG - Initializing USB camera
2025-07-14 02:21:28,760 - camera_camera - INFO - Optimized video capture loop ending
2025-07-14 02:21:28,777 - camera_camera - DEBUG - Optimized video thread started
2025-07-14 02:21:28,776 - camera_camera - INFO - Optimized video capture loop started
2025-07-14 02:21:28,779 - camera_camera - DEBUG - Initializing USB camera
2025-07-14 02:21:29,560 - camera_camera - WARNING - High memory usage (89.4%), triggering garbage collection
2025-07-14 02:21:31,625 - camera_camera - WARNING - High memory usage (89.2%), triggering garbage collection
2025-07-14 02:21:33,712 - camera_camera - WARNING - High memory usage (89.0%), triggering garbage collection
2025-07-14 02:21:33,788 - camera_camera - INFO - Restarting camera feed
2025-07-14 02:21:33,790 - camera_camera - INFO - Stopping camera feed
2025-07-14 02:21:34,697 - camera_camera - DEBUG - Initializing USB camera
2025-07-14 02:21:35,808 - camera_camera - WARNING - High memory usage (91.9%), triggering garbage collection
2025-07-14 02:21:36,763 - camera_camera - DEBUG - Initializing USB camera
2025-07-14 02:21:37,901 - camera_camera - WARNING - High memory usage (92.4%), triggering garbage collection
2025-07-14 02:21:38,838 - camera_camera - INFO - Optimized video capture loop ending
2025-07-14 02:21:38,859 - camera_camera - DEBUG - Optimized video thread started
2025-07-14 02:21:38,859 - camera_camera - INFO - Optimized video capture loop started
2025-07-14 02:21:38,861 - camera_camera - DEBUG - Initializing USB camera
2025-07-14 02:21:38,869 - camera_camera - DEBUG - Initializing USB camera
2025-07-14 02:21:40,026 - camera_camera - WARNING - High memory usage (94.4%), triggering garbage collection
2025-07-14 02:21:40,993 - camera_camera - DEBUG - Initializing USB camera
2025-07-14 02:21:42,117 - camera_camera - WARNING - High memory usage (94.6%), triggering garbage collection
2025-07-14 02:21:43,077 - camera_camera - DEBUG - Initializing USB camera
2025-07-14 02:21:43,863 - camera_camera - INFO - Restarting camera feed
2025-07-14 02:21:43,866 - camera_camera - INFO - Stopping camera feed
2025-07-14 02:21:44,198 - camera_camera - WARNING - High memory usage (90.1%), triggering garbage collection
2025-07-14 02:21:45,145 - camera_camera - DEBUG - Initializing USB camera
2025-07-14 02:21:46,287 - camera_camera - WARNING - High memory usage (90.1%), triggering garbage collection
2025-07-14 02:21:48,402 - camera_camera - WARNING - High memory usage (92.9%), triggering garbage collection
2025-07-14 02:21:49,638 - camera_camera - INFO - Optimized video capture loop ending
2025-07-14 02:21:49,655 - camera_camera - DEBUG - Optimized video thread started
2025-07-14 02:21:49,654 - camera_camera - INFO - Optimized video capture loop started
2025-07-14 02:21:49,657 - camera_camera - DEBUG - Initializing USB camera
2025-07-14 02:21:50,523 - camera_camera - WARNING - High memory usage (94.7%), triggering garbage collection
2025-07-14 02:21:52,228 - camera_camera - DEBUG - Initializing USB camera
2025-07-14 02:21:52,616 - camera_camera - WARNING - High CPU usage (92.7%), reducing FPS to 27.5
2025-07-14 02:21:52,617 - camera_camera - WARNING - High memory usage (95.3%), triggering garbage collection
2025-07-14 02:21:54,290 - camera_camera - DEBUG - Initializing USB camera
2025-07-14 02:21:54,657 - camera_camera - INFO - Restarting camera feed
2025-07-14 02:21:54,658 - camera_camera - INFO - Stopping camera feed
2025-07-14 02:21:54,681 - camera_camera - WARNING - High memory usage (94.8%), triggering garbage collection
2025-07-14 02:21:56,392 - camera_camera - DEBUG - Initializing USB camera
2025-07-14 02:21:56,762 - camera_camera - WARNING - High memory usage (94.0%), triggering garbage collection
2025-07-14 02:21:58,081 - camera_camera - INFO - Optimized video capture loop ending
2025-07-14 02:21:58,094 - camera_camera - DEBUG - Optimized video thread started
2025-07-14 02:21:58,094 - camera_camera - INFO - Optimized video capture loop started
2025-07-14 02:21:58,096 - camera_camera - DEBUG - Initializing USB camera
2025-07-14 02:21:58,446 - camera_camera - DEBUG - Initializing USB camera
2025-07-14 02:21:58,861 - camera_camera - WARNING - High memory usage (93.0%), triggering garbage collection
2025-07-14 02:22:00,533 - camera_camera - DEBUG - Initializing USB camera
2025-07-14 02:22:00,932 - camera_camera - WARNING - High memory usage (93.2%), triggering garbage collection
2025-07-14 02:22:01,006 - camera_camera - DEBUG - Resource usage - CPU: 61.0%, Memory: 93.2%
2025-07-14 02:22:02,586 - camera_camera - DEBUG - Initializing USB camera
2025-07-14 02:22:03,031 - camera_camera - WARNING - High memory usage (93.6%), triggering garbage collection
2025-07-14 02:22:03,134 - camera_camera - INFO - Restarting camera feed
2025-07-14 02:22:03,137 - camera_camera - INFO - Stopping camera feed
2025-07-14 02:22:05,151 - camera_camera - WARNING - High memory usage (93.7%), triggering garbage collection
2025-07-14 02:22:07,232 - camera_camera - WARNING - High memory usage (93.3%), triggering garbage collection
2025-07-14 02:22:07,896 - camera_camera - INFO - Optimized video capture loop ending
2025-07-14 02:22:07,914 - camera_camera - DEBUG - Optimized video thread started
2025-07-14 02:22:07,914 - camera_camera - INFO - Optimized video capture loop started
2025-07-14 02:22:07,916 - camera_camera - DEBUG - Initializing USB camera
2025-07-14 02:22:08,773 - PendingVehiclesPanel - INFO - Refreshing pending vehicles list
2025-07-14 02:22:08,779 - DataManager - INFO - Successfully loaded 71 records from data\Tharuni_Associates_Narasaraopeta_data.csv
2025-07-14 02:22:08,780 - PendingVehiclesPanel - INFO - Retrieved 71 total records
2025-07-14 02:22:08,873 - PendingVehiclesPanel - INFO - Found 0 unique pending vehicles, prevented 0 duplicates
2025-07-14 02:22:08,874 - PendingVehiclesPanel - INFO - Successfully refreshed pending list with 0 unique vehicles
2025-07-14 02:22:09,330 - camera_camera - WARNING - High memory usage (93.1%), triggering garbage collection
2025-07-14 02:22:09,716 - camera_camera - DEBUG - Initializing USB camera
2025-07-14 02:22:11,414 - camera_camera - WARNING - High memory usage (93.2%), triggering garbage collection
2025-07-14 02:22:11,803 - camera_camera - DEBUG - Initializing USB camera
2025-07-14 02:22:12,918 - camera_camera - INFO - Restarting camera feed
2025-07-14 02:22:12,919 - camera_camera - INFO - Stopping camera feed
2025-07-14 02:22:13,530 - camera_camera - WARNING - High memory usage (93.1%), triggering garbage collection
2025-07-14 02:22:13,872 - camera_camera - DEBUG - Initializing USB camera
2025-07-14 02:22:15,612 - camera_camera - WARNING - High memory usage (92.8%), triggering garbage collection
2025-07-14 02:22:15,939 - camera_camera - DEBUG - Initializing USB camera
2025-07-14 02:22:17,712 - camera_camera - WARNING - High memory usage (92.6%), triggering garbage collection
2025-07-14 02:22:17,811 - camera_camera - INFO - Optimized video capture loop ending
2025-07-14 02:22:17,827 - camera_camera - DEBUG - Optimized video thread started
2025-07-14 02:22:17,827 - camera_camera - INFO - Optimized video capture loop started
2025-07-14 02:22:17,828 - camera_camera - DEBUG - Initializing USB camera
2025-07-14 02:22:18,016 - camera_camera - DEBUG - Initializing USB camera
2025-07-14 02:22:19,806 - camera_camera - WARNING - High memory usage (92.0%), triggering garbage collection
2025-07-14 02:22:20,107 - camera_camera - DEBUG - Initializing USB camera
2025-07-14 02:22:21,886 - camera_camera - WARNING - High memory usage (91.8%), triggering garbage collection
2025-07-14 02:22:22,835 - camera_camera - INFO - Restarting camera feed
2025-07-14 02:22:22,836 - camera_camera - INFO - Stopping camera feed
2025-07-14 02:22:23,997 - camera_camera - WARNING - High memory usage (91.8%), triggering garbage collection
2025-07-14 02:22:26,105 - camera_camera - WARNING - High memory usage (92.1%), triggering garbage collection
2025-07-14 02:22:27,057 - camera_camera - INFO - Optimized video capture loop ending
2025-07-14 02:22:27,075 - camera_camera - DEBUG - Optimized video thread started
2025-07-14 02:22:27,074 - camera_camera - INFO - Optimized video capture loop started
2025-07-14 02:22:27,077 - camera_camera - DEBUG - Initializing USB camera
2025-07-14 02:22:27,179 - camera_camera - DEBUG - Initializing USB camera
2025-07-14 02:22:28,186 - camera_camera - WARNING - High memory usage (92.1%), triggering garbage collection
2025-07-14 02:22:29,237 - camera_camera - DEBUG - Initializing USB camera
2025-07-14 02:22:30,261 - camera_camera - WARNING - High memory usage (91.9%), triggering garbage collection
2025-07-14 02:22:30,366 - camera_camera - DEBUG - Resource usage - CPU: 54.7%, Memory: 91.9%
2025-07-14 02:22:31,297 - camera_camera - DEBUG - Initializing USB camera
2025-07-14 02:22:32,085 - camera_camera - INFO - Restarting camera feed
2025-07-14 02:22:32,086 - camera_camera - INFO - Stopping camera feed
2025-07-14 02:22:32,389 - camera_camera - WARNING - High memory usage (91.9%), triggering garbage collection
2025-07-14 02:22:33,361 - camera_camera - DEBUG - Initializing USB camera
2025-07-14 02:22:34,465 - camera_camera - WARNING - High memory usage (91.8%), triggering garbage collection
2025-07-14 02:22:35,415 - camera_camera - DEBUG - Initializing USB camera
2025-07-14 02:22:36,227 - camera_camera - INFO - Optimized video capture loop ending
2025-07-14 02:22:36,245 - camera_camera - DEBUG - Optimized video thread started
2025-07-14 02:22:36,245 - camera_camera - INFO - Optimized video capture loop started
2025-07-14 02:22:36,247 - camera_camera - DEBUG - Initializing USB camera
2025-07-14 02:22:36,554 - camera_camera - WARNING - High memory usage (91.9%), triggering garbage collection
2025-07-14 02:22:37,476 - camera_camera - DEBUG - Initializing USB camera
2025-07-14 02:22:38,658 - camera_camera - WARNING - High memory usage (91.8%), triggering garbage collection
2025-07-14 02:22:40,749 - camera_camera - WARNING - High memory usage (91.9%), triggering garbage collection
2025-07-14 02:22:41,250 - camera_camera - INFO - Restarting camera feed
2025-07-14 02:22:41,251 - camera_camera - INFO - Stopping camera feed
2025-07-14 02:22:42,829 - camera_camera - WARNING - High memory usage (91.8%), triggering garbage collection
2025-07-14 02:22:44,558 - camera_camera - DEBUG - Initializing USB camera
2025-07-14 02:22:44,908 - camera_camera - WARNING - High memory usage (91.8%), triggering garbage collection
2025-07-14 02:22:45,498 - camera_camera - INFO - Optimized video capture loop ending
2025-07-14 02:22:45,516 - camera_camera - DEBUG - Optimized video thread started
2025-07-14 02:22:45,515 - camera_camera - INFO - Optimized video capture loop started
2025-07-14 02:22:45,517 - camera_camera - DEBUG - Initializing USB camera
2025-07-14 02:22:46,619 - camera_camera - DEBUG - Initializing USB camera
2025-07-14 02:22:46,990 - camera_camera - WARNING - High memory usage (91.8%), triggering garbage collection
2025-07-14 02:22:48,683 - camera_camera - DEBUG - Initializing USB camera
2025-07-14 02:22:49,084 - camera_camera - WARNING - High memory usage (91.6%), triggering garbage collection
2025-07-14 02:22:50,535 - camera_camera - INFO - Restarting camera feed
2025-07-14 02:22:50,536 - camera_camera - INFO - Stopping camera feed
2025-07-14 02:22:50,751 - camera_camera - DEBUG - Initializing USB camera
2025-07-14 02:22:51,158 - camera_camera - WARNING - High memory usage (91.6%), triggering garbage collection
2025-07-14 02:22:52,817 - camera_camera - DEBUG - Initializing USB camera
2025-07-14 02:22:53,237 - camera_camera - WARNING - High memory usage (91.7%), triggering garbage collection
2025-07-14 02:22:54,273 - camera_camera - INFO - Optimized video capture loop ending
2025-07-14 02:22:54,286 - camera_camera - DEBUG - Optimized video thread started
2025-07-14 02:22:54,286 - camera_camera - INFO - Optimized video capture loop started
2025-07-14 02:22:54,287 - camera_camera - DEBUG - Initializing USB camera
2025-07-14 02:22:54,883 - camera_camera - DEBUG - Initializing USB camera
2025-07-14 02:22:55,312 - camera_camera - WARNING - High memory usage (91.5%), triggering garbage collection
2025-07-14 02:22:57,418 - camera_camera - WARNING - High memory usage (91.5%), triggering garbage collection
2025-07-14 02:22:59,298 - camera_camera - INFO - Restarting camera feed
2025-07-14 02:22:59,299 - camera_camera - INFO - Stopping camera feed
2025-07-14 02:22:59,520 - camera_camera - WARNING - High memory usage (91.5%), triggering garbage collection
2025-07-14 02:23:01,601 - camera_camera - WARNING - High memory usage (91.4%), triggering garbage collection
2025-07-14 02:23:01,962 - camera_camera - DEBUG - Initializing USB camera
2025-07-14 02:23:03,155 - camera_camera - INFO - Optimized video capture loop ending
2025-07-14 02:23:03,172 - camera_camera - DEBUG - Optimized video thread started
2025-07-14 02:23:03,171 - camera_camera - INFO - Optimized video capture loop started
2025-07-14 02:23:03,174 - camera_camera - DEBUG - Initializing USB camera
2025-07-14 02:23:03,685 - camera_camera - WARNING - High memory usage (91.5%), triggering garbage collection
2025-07-14 02:23:04,031 - camera_camera - DEBUG - Initializing USB camera
2025-07-14 02:23:05,792 - camera_camera - WARNING - High memory usage (91.4%), triggering garbage collection
2025-07-14 02:23:06,116 - camera_camera - DEBUG - Initializing USB camera
2025-07-14 02:23:07,870 - camera_camera - WARNING - High memory usage (91.5%), triggering garbage collection
2025-07-14 02:23:08,182 - camera_camera - DEBUG - Initializing USB camera
2025-07-14 02:23:08,182 - camera_camera - INFO - Restarting camera feed
2025-07-14 02:23:08,184 - camera_camera - INFO - Stopping camera feed
2025-07-14 02:23:08,768 - weighbridge - WARNING - Received signal 2, shutting down gracefully
2025-07-14 02:23:08,771 - weighbridge - INFO - Explicit cleanup requested
2025-07-14 02:23:08,772 - weighbridge - INFO - Initiating weighbridge disconnection
2025-07-14 02:23:08,774 - weighbridge - INFO - SUCCESS: Weighbridge disconnected successfully
2025-07-14 02:23:08,775 - TharuniApp - INFO - Application closing - saving settings...
2025-07-14 02:23:08,792 - TharuniApp - INFO - Updating camera settings: {'front_camera_type': 'USB', 'front_camera_index': 0, 'front_rtsp_username': '', 'front_rtsp_password': '', 'front_rtsp_ip': '', 'front_rtsp_port': '554', 'front_rtsp_endpoint': '/stream1', 'front_http_username': '', 'front_http_password': '', 'front_http_ip': '', 'front_http_port': '80', 'front_http_endpoint': '/mjpeg', 'back_camera_type': 'USB', 'back_camera_index': 1, 'back_rtsp_username': '', 'back_rtsp_password': '', 'back_rtsp_ip': '', 'back_rtsp_port': '554', 'back_rtsp_endpoint': '/stream1', 'back_http_username': '', 'back_http_password': '', 'back_http_ip': '', 'back_http_port': '80', 'back_http_endpoint': '/mjpeg'}
2025-07-14 02:23:08,795 - camera_camera - INFO - Stopping camera feed
2025-07-14 02:23:09,983 - camera_camera - WARNING - High memory usage (91.4%), triggering garbage collection
2025-07-14 02:23:10,253 - camera_camera - DEBUG - Initializing USB camera
2025-07-14 02:23:11,808 - weighbridge - WARNING - Received signal 2, shutting down gracefully
2025-07-14 02:23:11,810 - weighbridge - INFO - Explicit cleanup requested
2025-07-14 02:23:11,812 - weighbridge - INFO - Initiating weighbridge disconnection
2025-07-14 02:23:11,815 - weighbridge - INFO - SUCCESS: Weighbridge disconnected successfully
