2025-06-02 18:14:37,225 - TharuniApp - INFO - ============================================================
2025-06-02 18:14:37,225 - TharuniApp - INFO - APPLICATION STARTUP WITH AUTO UPLOAD QUEUE
2025-06-02 18:14:37,226 - TharuniApp - INFO - ============================================================
2025-06-02 18:14:37,282 - TharuniApp - INFO - Configuration setup completed
2025-06-02 18:14:37,285 - DataManager - INFO - DataManager initialized with OFFLINE-FIRST approach + AUTO UPLOAD QUEUE
2025-06-02 18:14:37,296 - DataManager - INFO - CSV structure is up to date
2025-06-02 18:14:37,297 - DataManager - INFO - Daily PDF folder structure ready:
2025-06-02 18:14:37,297 - DataManager - INFO -   Base reports folder: data\reports
2025-06-02 18:14:37,298 - DataManager - INFO -   Today's folder: data\reports\2025-06-02
2025-06-02 18:14:37,310 - DataManager - INFO - Data file: data\weighbridge_data.csv
2025-06-02 18:14:37,310 - DataManager - INFO - Reports folder: data\reports
2025-06-02 18:14:37,310 - DataManager - INFO - JSON backup folder: data\json_backups
2025-06-02 18:14:37,311 - DataManager - INFO - PDF folder: data\reports\2025-06-02
2025-06-02 18:14:37,311 - DataManager - INFO - Cloud storage will only be initialized when backup is requested
2025-06-02 18:14:37,312 - AutoUploadQueue - INFO - No existing queue file found
2025-06-02 18:14:37,313 - AutoUploadQueue - INFO - Upload worker started
2025-06-02 18:14:37,313 - AutoUploadQueue - INFO - Background upload worker started
2025-06-02 18:14:37,314 - AutoUploadQueue - INFO - AutoUploadQueue initialized
2025-06-02 18:14:37,314 - DataManager - INFO - ✅ Auto upload queue initialized
2025-06-02 18:14:37,314 - TharuniApp - INFO - Data manager with auto upload queue initialized
2025-06-02 18:14:37,337 - TharuniApp - INFO - Settings storage initialized
2025-06-02 18:14:37,346 - TharuniApp - INFO - UI styles initialized
2025-06-02 18:14:37,347 - TharuniApp - INFO - Starting user authentication
2025-06-02 18:14:43,343 - TharuniApp - INFO - Authentication successful: admin
2025-06-02 18:14:43,344 - TharuniApp - INFO - User logged in: admin (Role: admin)
2025-06-02 18:14:43,344 - TharuniApp - INFO - Setting up data context
2025-06-02 18:14:43,356 - DataManager - INFO - CSV structure is up to date
2025-06-02 18:14:43,356 - DataManager - INFO - Data context set to: Agency='Tharuni', Site='Guntur'
2025-06-02 18:14:43,357 - DataManager - INFO - Data file: data\Tharuni_Guntur_data.csv
2025-06-02 18:14:43,357 - TharuniApp - INFO - Data context initialized: Agency='Tharuni', Site='Guntur'
2025-06-02 18:14:43,357 - TharuniApp - INFO - Data will be saved to: data\Tharuni_Guntur_data.csv
2025-06-02 18:14:43,357 - TharuniApp - INFO - PDFs will be saved to: data\reports\2025-06-02
2025-06-02 18:14:43,358 - TharuniApp - INFO - Creating application widgets
2025-06-02 18:14:43,372 - TharuniApp - INFO - Creating main panel
2025-06-02 18:14:43,378 - FormValidator - INFO - FormValidator initialized
2025-06-02 18:14:43,386 - DataManager - INFO - Successfully loaded 56 records from data\Tharuni_Guntur_data.csv
2025-06-02 18:14:52,093 - DataManager - INFO - Successfully loaded 56 records from data\Tharuni_Guntur_data.csv
2025-06-02 18:14:52,094 - TharuniApp - INFO - Main form created
2025-06-02 18:14:52,095 - DataManager - INFO - CSV structure is up to date
2025-06-02 18:14:52,095 - DataManager - INFO - Data context set to: Agency='Tharuni', Site='Guntur'
2025-06-02 18:14:52,096 - DataManager - INFO - Data file: data\Tharuni_Guntur_data.csv
2025-06-02 18:14:52,096 - DataManager - INFO - CSV structure is up to date
2025-06-02 18:14:52,097 - DataManager - INFO - Data context set to: Agency='Tharuni', Site='Guntur'
2025-06-02 18:14:52,097 - DataManager - INFO - Data file: data\Tharuni_Guntur_data.csv
2025-06-02 18:14:52,098 - DataManager - INFO - CSV structure is up to date
2025-06-02 18:14:52,098 - DataManager - INFO - Data context set to: Agency='Tharuni', Site='Guntur'
2025-06-02 18:14:52,098 - DataManager - INFO - Data file: data\Tharuni_Guntur_data.csv
2025-06-02 18:14:52,098 - PendingVehiclesPanel - INFO - PendingVehiclesPanel initialized
2025-06-02 18:14:52,105 - PendingVehiclesPanel - INFO - Refreshing pending vehicles list
2025-06-02 18:14:52,106 - DataManager - INFO - Successfully loaded 56 records from data\Tharuni_Guntur_data.csv
2025-06-02 18:14:52,106 - PendingVehiclesPanel - INFO - Retrieved 56 total records
2025-06-02 18:14:52,107 - PendingVehiclesPanel - INFO - Found 0 pending records
2025-06-02 18:14:52,107 - PendingVehiclesPanel - INFO - Successfully refreshed pending list with 0 items
2025-06-02 18:14:52,108 - TharuniApp - INFO - Pending vehicles panel created
2025-06-02 18:14:52,333 - TharuniApp - INFO - Main panel creation completed
2025-06-02 18:14:52,342 - TharuniApp - INFO - Summary panel created
2025-06-02 18:14:52,557 - TharuniApp - INFO - ✅ Data manager reference set in settings panel
2025-06-02 18:14:52,558 - TharuniApp - INFO - Widget creation completed successfully
2025-06-02 18:14:52,558 - PendingVehiclesPanel - INFO - Refreshing pending vehicles list
2025-06-02 18:14:52,559 - DataManager - INFO - Successfully loaded 56 records from data\Tharuni_Guntur_data.csv
2025-06-02 18:14:52,560 - PendingVehiclesPanel - INFO - Retrieved 56 total records
2025-06-02 18:14:52,560 - PendingVehiclesPanel - INFO - Found 0 pending records
2025-06-02 18:14:52,561 - PendingVehiclesPanel - INFO - Successfully refreshed pending list with 0 items
2025-06-02 18:14:52,562 - DataManager - INFO - Created new daily folder: data\reports\02-06
2025-06-02 18:14:52,563 - TharuniApp - INFO - Application initialization completed successfully
2025-06-02 18:14:52,563 - TharuniApp - INFO - Auto upload queue status: 0 items queued, worker running
2025-06-02 18:14:53,568 - TharuniApp - INFO - Ensuring settings persistence...
2025-06-02 18:14:53,579 - TharuniApp - INFO - Settings persistence check completed
2025-06-02 18:15:04,362 - DataManager - INFO - Successfully loaded 56 records from data\Tharuni_Guntur_data.csv
2025-06-02 18:15:04,394 - DataManager - INFO - Successfully loaded 56 records from data\Tharuni_Guntur_data.csv
2025-06-02 18:15:04,396 - DataManager - INFO - Successfully loaded 56 records from data\Tharuni_Guntur_data.csv
2025-06-02 18:15:05,464 - DataManager - INFO - Successfully loaded 56 records from data\Tharuni_Guntur_data.csv
2025-06-02 18:15:05,466 - DataManager - INFO - Successfully loaded 56 records from data\Tharuni_Guntur_data.csv
2025-06-02 18:15:17,882 - TharuniApp - INFO - ==================================================
2025-06-02 18:15:17,882 - TharuniApp - INFO - SAVE RECORD OPERATION STARTED
2025-06-02 18:15:17,883 - FormValidator - INFO - Starting comprehensive form validation
2025-06-02 18:15:17,883 - FormValidator - INFO - Validating basic fields
2025-06-02 18:15:17,884 - FormValidator - INFO - Field values: ticket='T0056', vehicle='AP39V6553', agency='Tharuni'
2025-06-02 18:15:17,884 - FormValidator - INFO - Basic validation passed
2025-06-02 18:15:17,885 - FormValidator - INFO - Validating weighment data
2025-06-02 18:15:17,885 - FormValidator - INFO - Weighment data: first_weight='23000.00', first_timestamp='02-06-2025 18:15:08', second_weight='7870.00', second_timestamp='02-06-2025 18:15:11'
2025-06-02 18:15:17,886 - FormValidator - INFO - Weighment validation passed
2025-06-02 18:15:17,886 - FormValidator - INFO - Validating images for second weighment
2025-06-02 18:15:17,887 - FormValidator - INFO - Images validation for second: front=False, back=False
2025-06-02 18:15:19,062 - FormValidator - INFO - User chose to continue without images
2025-06-02 18:15:19,062 - FormValidator - INFO - Form validation passed successfully
2025-06-02 18:15:19,063 - TharuniApp - INFO - Saving record for ticket: T0056
2025-06-02 18:15:19,063 - TharuniApp - INFO - Form data keys: ['date', 'time', 'site_name', 'agency_name', 'material', 'ticket_no', 'vehicle_no', 'transfer_party_name', 'first_weight', 'first_timestamp', 'second_weight', 'second_timestamp', 'net_weight', 'material_type', 'first_front_image', 'first_back_image', 'second_front_image', 'second_back_image', 'site_incharge', 'user_name']
2025-06-02 18:15:19,064 - TharuniApp - INFO - Record is complete: True
2025-06-02 18:15:19,064 - TharuniApp - INFO - Calling data_manager.save_record for T0056
2025-06-02 18:15:19,064 - DataManager - INFO - ==================================================
2025-06-02 18:15:19,064 - DataManager - INFO - STARTING OFFLINE-FIRST RECORD SAVE WITH JSON BACKUP
2025-06-02 18:15:19,064 - DataManager - INFO - Input data keys: ['date', 'time', 'site_name', 'agency_name', 'material', 'ticket_no', 'vehicle_no', 'transfer_party_name', 'first_weight', 'first_timestamp', 'second_weight', 'second_timestamp', 'net_weight', 'material_type', 'first_front_image', 'first_back_image', 'second_front_image', 'second_back_image', 'site_incharge', 'user_name']
2025-06-02 18:15:19,065 - DataManager - INFO - Net weight calculated: 23000.0 - 7870.0 = 15130.00
2025-06-02 18:15:19,065 - DataManager - INFO - Using data file: data\Tharuni_Guntur_data.csv
2025-06-02 18:15:19,066 - DataManager - INFO - Successfully loaded 56 records from data\Tharuni_Guntur_data.csv
2025-06-02 18:15:19,066 - DataManager - INFO - Filtered 56 records to 0 using filter: 't0056'
2025-06-02 18:15:19,066 - DataManager - INFO - Adding new record: T0056
2025-06-02 18:15:19,067 - DataManager - INFO - Adding new record to CSV
2025-06-02 18:15:19,067 - DataManager - INFO - Record data: ['02-06-2025', '18:15:19', 'Guntur', 'Tharuni', 'RDF(REFUSE DERIVED FUEL)', 'T0056', 'AP39V6553', 'Jindal', '23000.00', '02-06-2025 18:15:08', '7870.00', '02-06-2025 18:15:11', '15130.00', 'RDF(REFUSE DERIVED FUEL)', '', '', '', '', '', 'admin']
2025-06-02 18:15:19,068 - DataManager - INFO - ✅ New record added to data\Tharuni_Guntur_data.csv
2025-06-02 18:15:19,068 - DataManager - INFO - ✅ Record T0056 saved to local CSV successfully
2025-06-02 18:15:19,069 - DataManager - INFO - Record completion status: True
2025-06-02 18:15:19,069 - DataManager - INFO - Complete record detected - saving JSON backup locally...
2025-06-02 18:15:19,070 - DataManager - INFO - Created new daily JSON folder: data\json_backups\2025-06-02
2025-06-02 18:15:19,075 - DataManager - INFO - ✅ JSON backup saved: data\json_backups\2025-06-02\T0056_Tharuni_Guntur_181519.json
2025-06-02 18:15:19,076 - DataManager - INFO - ✅ JSON backup saved locally for T0056
2025-06-02 18:15:19,077 - DataManager - INFO - Complete record detected for ticket T0056 - generating PDF locally...
2025-06-02 18:15:19,078 - DataManager - INFO - Today's reports folder ensured: data\reports\2025-06-02
2025-06-02 18:15:19,078 - DataManager - INFO - Reports will be saved to: data\reports\2025-06-02
2025-06-02 18:15:19,079 - DataManager - INFO - Today's reports folder ensured: data\reports\2025-06-02
2025-06-02 18:15:19,081 - DataManager - INFO - SIMPLE TEST - Net display: '15130.00 kg'
2025-06-02 18:15:19,082 - DataManager - INFO - Building PDF document: data\reports\2025-06-02\Tharuni_Guntur_T0056_AP39V6553_181519.pdf
2025-06-02 18:15:19,097 - DataManager - INFO - PDF created successfully: data\reports\2025-06-02\Tharuni_Guntur_T0056_AP39V6553_181519.pdf (3472 bytes)
2025-06-02 18:15:19,097 - DataManager - INFO - Auto-generated PDF: data\reports\2025-06-02\Tharuni_Guntur_T0056_AP39V6553_181519.pdf
2025-06-02 18:15:19,098 - DataManager - INFO - PDF saved to today's reports folder: data\reports\2025-06-02
2025-06-02 18:15:19,098 - DataManager - INFO - ✅ PDF auto-generated locally: data\reports\2025-06-02\Tharuni_Guntur_T0056_AP39V6553_181519.pdf
2025-06-02 18:15:19,098 - DataManager - INFO - Adding complete record files to auto upload queue...
2025-06-02 18:15:19,100 - AutoUploadQueue - INFO - Added to upload queue: json - T0056_Tharuni_Guntur_181519.json
2025-06-02 18:15:19,102 - AutoUploadQueue - INFO - Added to upload queue: pdf - Tharuni_Guntur_T0056_AP39V6553_181519.pdf
2025-06-02 18:15:19,103 - AutoUploadQueue - INFO - Queued 2 files for ticket T0056
2025-06-02 18:15:19,104 - DataManager - INFO - ✅ Added 2 files to auto upload queue
2025-06-02 18:15:20,842 - DataManager - INFO - ✅ OFFLINE-FIRST SAVE COMPLETED - Local CSV, JSON backup, PDF generated, and files queued for auto upload
2025-06-02 18:15:20,842 - DataManager - INFO - 📂 PDF saved to today's reports folder: data\reports\2025-06-02
2025-06-02 18:15:20,843 - DataManager - INFO - 🔄 Auto upload queue: 2 items pending
2025-06-02 18:15:20,843 - DataManager - INFO - 💡 Cloud upload will happen automatically when internet is available
2025-06-02 18:15:20,843 - DataManager - INFO - ==================================================
2025-06-02 18:15:20,843 - TharuniApp - INFO - ✅ Record T0056 saved successfully
2025-06-02 18:15:20,847 - TharuniApp - INFO - ✅ Ticket T0056 completed - counter incremented
2025-06-02 18:15:20,847 - TharuniApp - INFO - Removing T0056 from pending vehicles list
2025-06-02 18:15:20,847 - PendingVehiclesPanel - INFO - Attempting to remove ticket T0056 from pending list
2025-06-02 18:15:20,848 - PendingVehiclesPanel - WARNING - Ticket T0056 not found in pending list for removal
2025-06-02 18:15:20,848 - PendingVehiclesPanel - INFO - Refreshing pending vehicles list
2025-06-02 18:15:20,863 - DataManager - INFO - Successfully loaded 57 records from data\Tharuni_Guntur_data.csv
2025-06-02 18:15:20,863 - PendingVehiclesPanel - INFO - Retrieved 57 total records
2025-06-02 18:15:20,863 - PendingVehiclesPanel - INFO - Found 0 pending records
2025-06-02 18:15:20,864 - PendingVehiclesPanel - INFO - Successfully refreshed pending list with 0 items
2025-06-02 18:15:21,195 - TharuniApp - INFO - ✅ Complete record processing finished for T0056
2025-06-02 18:15:21,196 - DataManager - INFO - Successfully loaded 57 records from data\Tharuni_Guntur_data.csv
2025-06-02 18:15:21,196 - DataManager - INFO - Returning all 57 records (no filter)
2025-06-02 18:15:21,197 - PendingVehiclesPanel - INFO - Refreshing pending vehicles list
2025-06-02 18:15:21,198 - DataManager - INFO - Successfully loaded 57 records from data\Tharuni_Guntur_data.csv
2025-06-02 18:15:21,199 - PendingVehiclesPanel - INFO - Retrieved 57 total records
2025-06-02 18:15:21,199 - PendingVehiclesPanel - INFO - Found 0 pending records
2025-06-02 18:15:21,199 - PendingVehiclesPanel - INFO - Successfully refreshed pending list with 0 items
2025-06-02 18:15:21,200 - TharuniApp - INFO - SAVE RECORD OPERATION COMPLETED SUCCESSFULLY
2025-06-02 18:15:21,200 - TharuniApp - INFO - ==================================================
2025-06-02 18:15:52,571 - PendingVehiclesPanel - INFO - Refreshing pending vehicles list
2025-06-02 18:15:52,575 - DataManager - INFO - Successfully loaded 57 records from data\Tharuni_Guntur_data.csv
2025-06-02 18:15:52,576 - PendingVehiclesPanel - INFO - Retrieved 57 total records
2025-06-02 18:15:52,577 - PendingVehiclesPanel - INFO - Found 0 pending records
2025-06-02 18:15:52,578 - PendingVehiclesPanel - INFO - Successfully refreshed pending list with 0 items
2025-06-02 18:15:52,580 - DataManager - INFO - Created new daily folder: data\reports\02-06
2025-06-02 18:16:52,593 - PendingVehiclesPanel - INFO - Refreshing pending vehicles list
2025-06-02 18:16:52,596 - DataManager - INFO - Successfully loaded 57 records from data\Tharuni_Guntur_data.csv
2025-06-02 18:16:52,597 - PendingVehiclesPanel - INFO - Retrieved 57 total records
2025-06-02 18:16:52,598 - PendingVehiclesPanel - INFO - Found 0 pending records
2025-06-02 18:16:52,599 - PendingVehiclesPanel - INFO - Successfully refreshed pending list with 0 items
2025-06-02 18:17:52,606 - PendingVehiclesPanel - INFO - Refreshing pending vehicles list
2025-06-02 18:17:52,608 - DataManager - INFO - Successfully loaded 57 records from data\Tharuni_Guntur_data.csv
2025-06-02 18:17:52,609 - PendingVehiclesPanel - INFO - Retrieved 57 total records
2025-06-02 18:17:52,609 - PendingVehiclesPanel - INFO - Found 0 pending records
2025-06-02 18:17:52,610 - PendingVehiclesPanel - INFO - Successfully refreshed pending list with 0 items
2025-06-02 18:18:52,613 - PendingVehiclesPanel - INFO - Refreshing pending vehicles list
2025-06-02 18:18:52,614 - DataManager - INFO - Successfully loaded 57 records from data\Tharuni_Guntur_data.csv
2025-06-02 18:18:52,615 - PendingVehiclesPanel - INFO - Retrieved 57 total records
2025-06-02 18:18:52,615 - PendingVehiclesPanel - INFO - Found 0 pending records
2025-06-02 18:18:52,615 - PendingVehiclesPanel - INFO - Successfully refreshed pending list with 0 items
2025-06-02 18:18:56,809 - DataManager - INFO - Cloud storage initialized on demand
2025-06-02 18:18:56,815 - DataManager - INFO - Found 55 JSON backup files for bulk upload
2025-06-02 18:18:57,357 - DataManager - INFO - Successfully loaded 57 records from data\Tharuni_Guntur_data.csv
2025-06-02 18:18:59,653 - DataManager - INFO - Found 55 JSON backup files for bulk upload
2025-06-02 18:19:52,627 - PendingVehiclesPanel - INFO - Refreshing pending vehicles list
2025-06-02 18:19:52,630 - DataManager - INFO - Successfully loaded 57 records from data\Tharuni_Guntur_data.csv
2025-06-02 18:19:52,631 - PendingVehiclesPanel - INFO - Retrieved 57 total records
2025-06-02 18:19:52,633 - PendingVehiclesPanel - INFO - Found 0 pending records
2025-06-02 18:19:52,634 - PendingVehiclesPanel - INFO - Successfully refreshed pending list with 0 items
2025-06-02 18:20:52,641 - PendingVehiclesPanel - INFO - Refreshing pending vehicles list
2025-06-02 18:20:52,642 - DataManager - INFO - Successfully loaded 57 records from data\Tharuni_Guntur_data.csv
2025-06-02 18:20:52,642 - PendingVehiclesPanel - INFO - Retrieved 57 total records
2025-06-02 18:20:52,643 - PendingVehiclesPanel - INFO - Found 0 pending records
2025-06-02 18:20:52,643 - PendingVehiclesPanel - INFO - Successfully refreshed pending list with 0 items
2025-06-02 18:21:52,645 - PendingVehiclesPanel - INFO - Refreshing pending vehicles list
2025-06-02 18:21:52,649 - DataManager - INFO - Successfully loaded 57 records from data\Tharuni_Guntur_data.csv
2025-06-02 18:21:52,650 - PendingVehiclesPanel - INFO - Retrieved 57 total records
2025-06-02 18:21:52,651 - PendingVehiclesPanel - INFO - Found 0 pending records
2025-06-02 18:21:52,652 - PendingVehiclesPanel - INFO - Successfully refreshed pending list with 0 items
2025-06-02 18:22:52,672 - PendingVehiclesPanel - INFO - Refreshing pending vehicles list
2025-06-02 18:22:52,674 - DataManager - INFO - Successfully loaded 57 records from data\Tharuni_Guntur_data.csv
2025-06-02 18:22:52,674 - PendingVehiclesPanel - INFO - Retrieved 57 total records
2025-06-02 18:22:52,674 - PendingVehiclesPanel - INFO - Found 0 pending records
2025-06-02 18:22:52,675 - PendingVehiclesPanel - INFO - Successfully refreshed pending list with 0 items
2025-06-02 18:23:52,689 - PendingVehiclesPanel - INFO - Refreshing pending vehicles list
2025-06-02 18:23:52,693 - DataManager - INFO - Successfully loaded 57 records from data\Tharuni_Guntur_data.csv
2025-06-02 18:23:52,694 - PendingVehiclesPanel - INFO - Retrieved 57 total records
2025-06-02 18:23:52,695 - PendingVehiclesPanel - INFO - Found 0 pending records
2025-06-02 18:23:52,696 - PendingVehiclesPanel - INFO - Successfully refreshed pending list with 0 items
2025-06-02 18:24:52,704 - PendingVehiclesPanel - INFO - Refreshing pending vehicles list
2025-06-02 18:24:52,706 - DataManager - INFO - Successfully loaded 57 records from data\Tharuni_Guntur_data.csv
2025-06-02 18:24:52,706 - PendingVehiclesPanel - INFO - Retrieved 57 total records
2025-06-02 18:24:52,707 - PendingVehiclesPanel - INFO - Found 0 pending records
2025-06-02 18:24:52,707 - PendingVehiclesPanel - INFO - Successfully refreshed pending list with 0 items
2025-06-02 18:25:52,715 - PendingVehiclesPanel - INFO - Refreshing pending vehicles list
2025-06-02 18:25:52,716 - DataManager - INFO - Successfully loaded 57 records from data\Tharuni_Guntur_data.csv
2025-06-02 18:25:52,717 - PendingVehiclesPanel - INFO - Retrieved 57 total records
2025-06-02 18:25:52,717 - PendingVehiclesPanel - INFO - Found 0 pending records
2025-06-02 18:25:52,717 - PendingVehiclesPanel - INFO - Successfully refreshed pending list with 0 items
2025-06-02 18:26:52,728 - PendingVehiclesPanel - INFO - Refreshing pending vehicles list
2025-06-02 18:26:52,730 - DataManager - INFO - Successfully loaded 57 records from data\Tharuni_Guntur_data.csv
2025-06-02 18:26:52,731 - PendingVehiclesPanel - INFO - Retrieved 57 total records
2025-06-02 18:26:52,731 - PendingVehiclesPanel - INFO - Found 0 pending records
2025-06-02 18:26:52,732 - PendingVehiclesPanel - INFO - Successfully refreshed pending list with 0 items
2025-06-02 18:27:52,733 - PendingVehiclesPanel - INFO - Refreshing pending vehicles list
2025-06-02 18:27:52,734 - DataManager - INFO - Successfully loaded 57 records from data\Tharuni_Guntur_data.csv
2025-06-02 18:27:52,734 - PendingVehiclesPanel - INFO - Retrieved 57 total records
2025-06-02 18:27:52,735 - PendingVehiclesPanel - INFO - Found 0 pending records
2025-06-02 18:27:52,735 - PendingVehiclesPanel - INFO - Successfully refreshed pending list with 0 items
2025-06-02 18:28:52,747 - PendingVehiclesPanel - INFO - Refreshing pending vehicles list
2025-06-02 18:28:52,751 - DataManager - INFO - Successfully loaded 57 records from data\Tharuni_Guntur_data.csv
2025-06-02 18:28:52,752 - PendingVehiclesPanel - INFO - Retrieved 57 total records
2025-06-02 18:28:52,754 - PendingVehiclesPanel - INFO - Found 0 pending records
2025-06-02 18:28:52,755 - PendingVehiclesPanel - INFO - Successfully refreshed pending list with 0 items
2025-06-02 18:29:52,767 - PendingVehiclesPanel - INFO - Refreshing pending vehicles list
2025-06-02 18:29:52,771 - DataManager - INFO - Successfully loaded 57 records from data\Tharuni_Guntur_data.csv
2025-06-02 18:29:52,772 - PendingVehiclesPanel - INFO - Retrieved 57 total records
2025-06-02 18:29:52,773 - PendingVehiclesPanel - INFO - Found 0 pending records
2025-06-02 18:29:52,774 - PendingVehiclesPanel - INFO - Successfully refreshed pending list with 0 items
2025-06-02 18:30:52,778 - PendingVehiclesPanel - INFO - Refreshing pending vehicles list
2025-06-02 18:30:52,779 - DataManager - INFO - Successfully loaded 57 records from data\Tharuni_Guntur_data.csv
2025-06-02 18:30:52,780 - PendingVehiclesPanel - INFO - Retrieved 57 total records
2025-06-02 18:30:52,780 - PendingVehiclesPanel - INFO - Found 0 pending records
2025-06-02 18:30:52,780 - PendingVehiclesPanel - INFO - Successfully refreshed pending list with 0 items
2025-06-02 18:36:29,902 - TharuniApp - INFO - ============================================================
2025-06-02 18:36:29,902 - TharuniApp - INFO - APPLICATION STARTUP WITH AUTO UPLOAD QUEUE
2025-06-02 18:36:29,903 - TharuniApp - INFO - ============================================================
2025-06-02 18:36:29,940 - TharuniApp - INFO - Configuration setup completed
2025-06-02 18:36:29,941 - DataManager - INFO - DataManager initialized with OFFLINE-FIRST approach + AUTO UPLOAD QUEUE
2025-06-02 18:36:29,942 - DataManager - INFO - CSV structure is up to date
2025-06-02 18:36:29,942 - DataManager - INFO - Daily PDF folder structure ready:
2025-06-02 18:36:29,942 - DataManager - INFO -   Base reports folder: data\reports
2025-06-02 18:36:29,943 - DataManager - INFO -   Today's folder: data\reports\2025-06-02
2025-06-02 18:36:29,943 - DataManager - INFO - Data file: data\weighbridge_data.csv
2025-06-02 18:36:29,944 - DataManager - INFO - Reports folder: data\reports
2025-06-02 18:36:29,944 - DataManager - INFO - JSON backup folder: data\json_backups
2025-06-02 18:36:29,944 - DataManager - INFO - PDF folder: data\reports\2025-06-02
2025-06-02 18:36:29,944 - DataManager - INFO - Cloud storage will only be initialized when backup is requested
2025-06-02 18:36:29,962 - AutoUploadQueue - INFO - Loaded queued item: data\json_backups\2025-06-02\T0056_Tharuni_Guntur_181519.json
2025-06-02 18:36:29,962 - AutoUploadQueue - INFO - Loaded queued item: data\reports\2025-06-02\Tharuni_Guntur_T0056_AP39V6553_181519.pdf
2025-06-02 18:36:29,962 - AutoUploadQueue - INFO - Loaded 2 items from queue
2025-06-02 18:36:29,963 - AutoUploadQueue - INFO - Upload worker started
2025-06-02 18:36:29,963 - AutoUploadQueue - INFO - Background upload worker started
2025-06-02 18:36:29,964 - AutoUploadQueue - INFO - AutoUploadQueue initialized
2025-06-02 18:36:29,964 - DataManager - INFO - ✅ Auto upload queue initialized
2025-06-02 18:36:29,964 - TharuniApp - INFO - Data manager with auto upload queue initialized
2025-06-02 18:36:29,967 - TharuniApp - INFO - Settings storage initialized
2025-06-02 18:36:29,971 - TharuniApp - INFO - UI styles initialized
2025-06-02 18:36:29,971 - TharuniApp - INFO - Starting user authentication
2025-06-02 18:36:30,006 - AutoUploadQueue - INFO - Internet available, processing upload queue...
2025-06-02 18:36:30,652 - DataManager - INFO - Cloud storage initialized on demand
2025-06-02 18:36:30,974 - AutoUploadQueue - INFO - ✅ Uploaded JSON: T0056_Tharuni_Guntur_181519.json
2025-06-02 18:36:30,975 - AutoUploadQueue - INFO - Successfully uploaded: T0056_Tharuni_Guntur_181519.json
2025-06-02 18:36:31,411 - AutoUploadQueue - INFO - ✅ Uploaded PDF: Tharuni_Guntur_T0056_AP39V6553_181519.pdf
2025-06-02 18:36:31,411 - AutoUploadQueue - INFO - Successfully uploaded: Tharuni_Guntur_T0056_AP39V6553_181519.pdf
2025-06-02 18:36:31,413 - AutoUploadQueue - INFO - Upload batch completed: 2 uploaded, 0 failed
2025-06-02 18:36:31,413 - AutoUploadQueue - INFO - ✅ Upload batch: 2 files uploaded successfully
2025-06-02 18:36:33,298 - TharuniApp - INFO - Authentication successful: admin
2025-06-02 18:36:33,298 - TharuniApp - INFO - User logged in: admin (Role: admin)
2025-06-02 18:36:33,298 - TharuniApp - INFO - Setting up data context
2025-06-02 18:36:33,299 - DataManager - INFO - CSV structure is up to date
2025-06-02 18:36:33,299 - DataManager - INFO - Data context set to: Agency='Tharuni', Site='Guntur'
2025-06-02 18:36:33,300 - DataManager - INFO - Data file: data\Tharuni_Guntur_data.csv
2025-06-02 18:36:33,300 - TharuniApp - INFO - Data context initialized: Agency='Tharuni', Site='Guntur'
2025-06-02 18:36:33,300 - TharuniApp - INFO - Data will be saved to: data\Tharuni_Guntur_data.csv
2025-06-02 18:36:33,300 - TharuniApp - INFO - PDFs will be saved to: data\reports\2025-06-02
2025-06-02 18:36:33,300 - TharuniApp - INFO - Creating application widgets
2025-06-02 18:36:33,315 - TharuniApp - INFO - Creating main panel
2025-06-02 18:36:33,321 - FormValidator - INFO - FormValidator initialized
2025-06-02 18:36:33,328 - DataManager - INFO - Successfully loaded 57 records from data\Tharuni_Guntur_data.csv
2025-06-02 18:36:42,005 - DataManager - INFO - Successfully loaded 57 records from data\Tharuni_Guntur_data.csv
2025-06-02 18:36:42,006 - TharuniApp - INFO - Main form created
2025-06-02 18:36:42,007 - DataManager - INFO - CSV structure is up to date
2025-06-02 18:36:42,008 - DataManager - INFO - Data context set to: Agency='Tharuni', Site='Guntur'
2025-06-02 18:36:42,008 - DataManager - INFO - Data file: data\Tharuni_Guntur_data.csv
2025-06-02 18:36:42,008 - DataManager - INFO - CSV structure is up to date
2025-06-02 18:36:42,009 - DataManager - INFO - Data context set to: Agency='Tharuni', Site='Guntur'
2025-06-02 18:36:42,009 - DataManager - INFO - Data file: data\Tharuni_Guntur_data.csv
2025-06-02 18:36:42,010 - DataManager - INFO - CSV structure is up to date
2025-06-02 18:36:42,010 - DataManager - INFO - Data context set to: Agency='Tharuni', Site='Guntur'
2025-06-02 18:36:42,010 - DataManager - INFO - Data file: data\Tharuni_Guntur_data.csv
2025-06-02 18:36:42,010 - PendingVehiclesPanel - INFO - PendingVehiclesPanel initialized
2025-06-02 18:36:42,015 - PendingVehiclesPanel - INFO - Refreshing pending vehicles list
2025-06-02 18:36:42,017 - DataManager - INFO - Successfully loaded 57 records from data\Tharuni_Guntur_data.csv
2025-06-02 18:36:42,018 - PendingVehiclesPanel - INFO - Retrieved 57 total records
2025-06-02 18:36:42,018 - PendingVehiclesPanel - INFO - Found 0 pending records
2025-06-02 18:36:42,019 - PendingVehiclesPanel - INFO - Successfully refreshed pending list with 0 items
2025-06-02 18:36:42,019 - TharuniApp - INFO - Pending vehicles panel created
2025-06-02 18:36:42,241 - TharuniApp - INFO - Main panel creation completed
2025-06-02 18:36:42,247 - TharuniApp - INFO - Summary panel created
2025-06-02 18:36:42,444 - TharuniApp - INFO - ✅ Data manager reference set in settings panel
2025-06-02 18:36:42,444 - TharuniApp - INFO - Widget creation completed successfully
2025-06-02 18:36:42,445 - PendingVehiclesPanel - INFO - Refreshing pending vehicles list
2025-06-02 18:36:42,445 - DataManager - INFO - Successfully loaded 57 records from data\Tharuni_Guntur_data.csv
2025-06-02 18:36:42,446 - PendingVehiclesPanel - INFO - Retrieved 57 total records
2025-06-02 18:36:42,446 - PendingVehiclesPanel - INFO - Found 0 pending records
2025-06-02 18:36:42,446 - PendingVehiclesPanel - INFO - Successfully refreshed pending list with 0 items
2025-06-02 18:36:42,447 - DataManager - INFO - Created new daily folder: data\reports\02-06
2025-06-02 18:36:42,467 - TharuniApp - INFO - Application initialization completed successfully
2025-06-02 18:36:42,483 - TharuniApp - INFO - Auto upload queue status: 0 items queued, worker running
2025-06-02 18:36:43,450 - TharuniApp - INFO - Ensuring settings persistence...
2025-06-02 18:36:43,454 - TharuniApp - INFO - Settings persistence check completed
2025-06-02 18:37:42,457 - PendingVehiclesPanel - INFO - Refreshing pending vehicles list
2025-06-02 18:37:42,462 - DataManager - INFO - Successfully loaded 57 records from data\Tharuni_Guntur_data.csv
2025-06-02 18:37:42,463 - PendingVehiclesPanel - INFO - Retrieved 57 total records
2025-06-02 18:37:42,464 - PendingVehiclesPanel - INFO - Found 0 pending records
2025-06-02 18:37:42,465 - PendingVehiclesPanel - INFO - Successfully refreshed pending list with 0 items
2025-06-02 18:38:42,480 - PendingVehiclesPanel - INFO - Refreshing pending vehicles list
2025-06-02 18:38:42,484 - DataManager - INFO - Successfully loaded 57 records from data\Tharuni_Guntur_data.csv
2025-06-02 18:38:42,485 - PendingVehiclesPanel - INFO - Retrieved 57 total records
2025-06-02 18:38:42,487 - PendingVehiclesPanel - INFO - Found 0 pending records
2025-06-02 18:38:42,488 - PendingVehiclesPanel - INFO - Successfully refreshed pending list with 0 items
2025-06-02 18:39:42,493 - PendingVehiclesPanel - INFO - Refreshing pending vehicles list
2025-06-02 18:39:42,494 - DataManager - INFO - Successfully loaded 57 records from data\Tharuni_Guntur_data.csv
2025-06-02 18:39:42,495 - PendingVehiclesPanel - INFO - Retrieved 57 total records
2025-06-02 18:39:42,495 - PendingVehiclesPanel - INFO - Found 0 pending records
2025-06-02 18:39:42,496 - PendingVehiclesPanel - INFO - Successfully refreshed pending list with 0 items
2025-06-02 18:40:42,500 - PendingVehiclesPanel - INFO - Refreshing pending vehicles list
2025-06-02 18:40:42,501 - DataManager - INFO - Successfully loaded 57 records from data\Tharuni_Guntur_data.csv
2025-06-02 18:40:42,502 - PendingVehiclesPanel - INFO - Retrieved 57 total records
2025-06-02 18:40:42,502 - PendingVehiclesPanel - INFO - Found 0 pending records
2025-06-02 18:40:42,503 - PendingVehiclesPanel - INFO - Successfully refreshed pending list with 0 items
2025-06-02 18:41:28,363 - TharuniApp - INFO - Updating camera settings: {'front_camera_type': 'HTTP', 'front_camera_index': 1, 'front_rtsp_username': '', 'front_rtsp_password': '', 'front_rtsp_ip': '', 'front_rtsp_port': '8554', 'front_rtsp_endpoint': '/stream', 'front_http_username': '', 'front_http_password': '', 'front_http_ip': '', 'front_http_port': '80', 'front_http_endpoint': '/mjpeg', 'back_camera_type': 'HTTP', 'back_camera_index': 0, 'back_rtsp_username': '', 'back_rtsp_password': '', 'back_rtsp_ip': '', 'back_rtsp_port': '8555', 'back_rtsp_endpoint': '/stream', 'back_http_username': '', 'back_http_password': '', 'back_http_ip': '', 'back_http_port': '80', 'back_http_endpoint': '/mjpeg'}
2025-06-02 18:41:28,369 - TharuniApp - INFO - Camera settings saved for persistence
2025-06-02 18:41:30,874 - TharuniApp - INFO - ============================================================
2025-06-02 18:41:30,875 - TharuniApp - INFO - APPLICATION STARTUP WITH AUTO UPLOAD QUEUE
2025-06-02 18:41:30,875 - TharuniApp - INFO - ============================================================
2025-06-02 18:41:30,878 - TharuniApp - INFO - Configuration setup completed
2025-06-02 18:41:30,879 - DataManager - INFO - DataManager initialized with OFFLINE-FIRST approach + AUTO UPLOAD QUEUE
2025-06-02 18:41:30,880 - DataManager - INFO - CSV structure is up to date
2025-06-02 18:41:30,880 - DataManager - INFO - Daily PDF folder structure ready:
2025-06-02 18:41:30,880 - DataManager - INFO -   Base reports folder: data\reports
2025-06-02 18:41:30,881 - DataManager - INFO -   Today's folder: data\reports\2025-06-02
2025-06-02 18:41:30,881 - DataManager - INFO - Data file: data\weighbridge_data.csv
2025-06-02 18:41:30,881 - DataManager - INFO - Reports folder: data\reports
2025-06-02 18:41:30,881 - DataManager - INFO - JSON backup folder: data\json_backups
2025-06-02 18:41:30,882 - DataManager - INFO - PDF folder: data\reports\2025-06-02
2025-06-02 18:41:30,882 - DataManager - INFO - Cloud storage will only be initialized when backup is requested
2025-06-02 18:41:30,891 - AutoUploadQueue - INFO - Loaded 0 items from queue
2025-06-02 18:41:30,891 - AutoUploadQueue - INFO - Upload worker started
2025-06-02 18:41:30,892 - AutoUploadQueue - INFO - Background upload worker started
2025-06-02 18:41:30,892 - AutoUploadQueue - INFO - AutoUploadQueue initialized
2025-06-02 18:41:30,892 - DataManager - INFO - ✅ Auto upload queue initialized
2025-06-02 18:41:30,893 - TharuniApp - INFO - Data manager with auto upload queue initialized
2025-06-02 18:41:30,895 - TharuniApp - INFO - Settings storage initialized
2025-06-02 18:41:30,897 - TharuniApp - INFO - UI styles initialized
2025-06-02 18:41:30,898 - TharuniApp - INFO - Starting user authentication
2025-06-02 18:41:32,752 - TharuniApp - INFO - Authentication canceled - exiting application
2025-06-02 18:41:32,752 - TharuniApp - INFO - User authentication failed or canceled - exiting
2025-06-02 18:41:40,473 - TharuniApp - INFO - ============================================================
2025-06-02 18:41:40,474 - TharuniApp - INFO - APPLICATION STARTUP WITH AUTO UPLOAD QUEUE
2025-06-02 18:41:40,474 - TharuniApp - INFO - ============================================================
2025-06-02 18:41:40,477 - TharuniApp - INFO - Configuration setup completed
2025-06-02 18:41:40,478 - DataManager - INFO - DataManager initialized with OFFLINE-FIRST approach + AUTO UPLOAD QUEUE
2025-06-02 18:41:40,479 - DataManager - INFO - CSV structure is up to date
2025-06-02 18:41:40,479 - DataManager - INFO - Daily PDF folder structure ready:
2025-06-02 18:41:40,480 - DataManager - INFO -   Base reports folder: data\reports
2025-06-02 18:41:40,480 - DataManager - INFO -   Today's folder: data\reports\2025-06-02
2025-06-02 18:41:40,480 - DataManager - INFO - Data file: data\weighbridge_data.csv
2025-06-02 18:41:40,481 - DataManager - INFO - Reports folder: data\reports
2025-06-02 18:41:40,481 - DataManager - INFO - JSON backup folder: data\json_backups
2025-06-02 18:41:40,481 - DataManager - INFO - PDF folder: data\reports\2025-06-02
2025-06-02 18:41:40,481 - DataManager - INFO - Cloud storage will only be initialized when backup is requested
2025-06-02 18:41:40,483 - AutoUploadQueue - INFO - Loaded 0 items from queue
2025-06-02 18:41:40,483 - AutoUploadQueue - INFO - Upload worker started
2025-06-02 18:41:40,483 - AutoUploadQueue - INFO - Background upload worker started
2025-06-02 18:41:40,484 - AutoUploadQueue - INFO - AutoUploadQueue initialized
2025-06-02 18:41:40,484 - DataManager - INFO - ✅ Auto upload queue initialized
2025-06-02 18:41:40,484 - TharuniApp - INFO - Data manager with auto upload queue initialized
2025-06-02 18:41:40,486 - TharuniApp - INFO - Settings storage initialized
2025-06-02 18:41:40,488 - TharuniApp - INFO - UI styles initialized
2025-06-02 18:41:40,488 - TharuniApp - INFO - Starting user authentication
2025-06-02 18:41:46,860 - TharuniApp - INFO - Authentication successful: admin
2025-06-02 18:41:46,861 - TharuniApp - INFO - User logged in: admin (Role: admin)
2025-06-02 18:41:46,861 - TharuniApp - INFO - Setting up data context
2025-06-02 18:41:46,863 - DataManager - INFO - CSV structure is up to date
2025-06-02 18:41:46,863 - DataManager - INFO - Data context set to: Agency='Tharuni', Site='Guntur'
2025-06-02 18:41:46,863 - DataManager - INFO - Data file: data\Tharuni_Guntur_data.csv
2025-06-02 18:41:46,864 - TharuniApp - INFO - Data context initialized: Agency='Tharuni', Site='Guntur'
2025-06-02 18:41:46,864 - TharuniApp - INFO - Data will be saved to: data\Tharuni_Guntur_data.csv
2025-06-02 18:41:46,864 - TharuniApp - INFO - PDFs will be saved to: data\reports\2025-06-02
2025-06-02 18:41:46,864 - TharuniApp - INFO - Creating application widgets
2025-06-02 18:41:46,877 - TharuniApp - INFO - Creating main panel
2025-06-02 18:41:46,881 - FormValidator - INFO - FormValidator initialized
2025-06-02 18:41:46,888 - DataManager - INFO - Successfully loaded 57 records from data\Tharuni_Guntur_data.csv
2025-06-02 18:41:55,084 - DataManager - INFO - Successfully loaded 57 records from data\Tharuni_Guntur_data.csv
2025-06-02 18:41:55,085 - TharuniApp - INFO - Main form created
2025-06-02 18:41:55,087 - DataManager - INFO - CSV structure is up to date
2025-06-02 18:41:55,087 - DataManager - INFO - Data context set to: Agency='Tharuni', Site='Guntur'
2025-06-02 18:41:55,087 - DataManager - INFO - Data file: data\Tharuni_Guntur_data.csv
2025-06-02 18:41:55,088 - DataManager - INFO - CSV structure is up to date
2025-06-02 18:41:55,088 - DataManager - INFO - Data context set to: Agency='Tharuni', Site='Guntur'
2025-06-02 18:41:55,089 - DataManager - INFO - Data file: data\Tharuni_Guntur_data.csv
2025-06-02 18:41:55,089 - DataManager - INFO - CSV structure is up to date
2025-06-02 18:41:55,090 - DataManager - INFO - Data context set to: Agency='Tharuni', Site='Guntur'
2025-06-02 18:41:55,090 - DataManager - INFO - Data file: data\Tharuni_Guntur_data.csv
2025-06-02 18:41:55,090 - PendingVehiclesPanel - INFO - PendingVehiclesPanel initialized
2025-06-02 18:41:55,095 - PendingVehiclesPanel - INFO - Refreshing pending vehicles list
2025-06-02 18:41:55,096 - DataManager - INFO - Successfully loaded 57 records from data\Tharuni_Guntur_data.csv
2025-06-02 18:41:55,096 - PendingVehiclesPanel - INFO - Retrieved 57 total records
2025-06-02 18:41:55,096 - PendingVehiclesPanel - INFO - Found 0 pending records
2025-06-02 18:41:55,097 - PendingVehiclesPanel - INFO - Successfully refreshed pending list with 0 items
2025-06-02 18:41:55,097 - TharuniApp - INFO - Pending vehicles panel created
2025-06-02 18:41:55,323 - TharuniApp - INFO - Main panel creation completed
2025-06-02 18:41:55,330 - TharuniApp - INFO - Summary panel created
2025-06-02 18:41:55,442 - DataManager - INFO - DataManager initialized with OFFLINE-FIRST approach + AUTO UPLOAD QUEUE
2025-06-02 18:41:55,444 - DataManager - INFO - CSV structure is up to date
2025-06-02 18:41:55,445 - DataManager - INFO - Daily PDF folder structure ready:
2025-06-02 18:41:55,445 - DataManager - INFO -   Base reports folder: data\reports
2025-06-02 18:41:55,446 - DataManager - INFO -   Today's folder: data\reports\2025-06-02
2025-06-02 18:41:55,447 - DataManager - INFO - Data file: data\Tharuni_Guntur_data.csv
2025-06-02 18:41:55,447 - DataManager - INFO - Reports folder: data\reports
2025-06-02 18:41:55,447 - DataManager - INFO - JSON backup folder: data\json_backups
2025-06-02 18:41:55,447 - DataManager - INFO - PDF folder: data\reports\2025-06-02
2025-06-02 18:41:55,448 - DataManager - INFO - Cloud storage will only be initialized when backup is requested
2025-06-02 18:41:55,448 - AutoUploadQueue - INFO - Loaded 0 items from queue
2025-06-02 18:41:55,449 - AutoUploadQueue - INFO - Upload worker started
2025-06-02 18:41:55,449 - AutoUploadQueue - INFO - Background upload worker started
2025-06-02 18:41:55,450 - AutoUploadQueue - INFO - AutoUploadQueue initialized
2025-06-02 18:41:55,450 - DataManager - INFO - ✅ Auto upload queue initialized
2025-06-02 18:41:55,548 - DataManager - INFO - DataManager initialized with OFFLINE-FIRST approach + AUTO UPLOAD QUEUE
2025-06-02 18:41:55,548 - DataManager - INFO - CSV structure is up to date
2025-06-02 18:41:55,549 - DataManager - INFO - Daily PDF folder structure ready:
2025-06-02 18:41:55,549 - DataManager - INFO -   Base reports folder: data\reports
2025-06-02 18:41:55,549 - DataManager - INFO -   Today's folder: data\reports\2025-06-02
2025-06-02 18:41:55,550 - DataManager - INFO - Data file: data\Tharuni_Guntur_data.csv
2025-06-02 18:41:55,550 - DataManager - INFO - Reports folder: data\reports
2025-06-02 18:41:55,550 - DataManager - INFO - JSON backup folder: data\json_backups
2025-06-02 18:41:55,550 - DataManager - INFO - PDF folder: data\reports\2025-06-02
2025-06-02 18:41:55,551 - DataManager - INFO - Cloud storage will only be initialized when backup is requested
2025-06-02 18:41:55,551 - AutoUploadQueue - INFO - Loaded 0 items from queue
2025-06-02 18:41:55,552 - AutoUploadQueue - INFO - Upload worker started
2025-06-02 18:41:55,552 - AutoUploadQueue - INFO - Background upload worker started
2025-06-02 18:41:55,552 - AutoUploadQueue - INFO - AutoUploadQueue initialized
2025-06-02 18:41:55,553 - DataManager - INFO - ✅ Auto upload queue initialized
2025-06-02 18:41:55,716 - TharuniApp - INFO - ✅ Data manager references set in settings panel
2025-06-02 18:41:55,716 - TharuniApp - INFO -    - settings_panel.app_data_manager: True
2025-06-02 18:41:55,717 - TharuniApp - INFO -    - settings_panel.data_manager: True
2025-06-02 18:41:55,717 - TharuniApp - INFO -    - settings_tab.data_manager: True
2025-06-02 18:41:55,718 - TharuniApp - INFO - Widget creation completed successfully
2025-06-02 18:41:55,718 - PendingVehiclesPanel - INFO - Refreshing pending vehicles list
2025-06-02 18:41:55,719 - DataManager - INFO - Successfully loaded 57 records from data\Tharuni_Guntur_data.csv
2025-06-02 18:41:55,719 - PendingVehiclesPanel - INFO - Retrieved 57 total records
2025-06-02 18:41:55,719 - PendingVehiclesPanel - INFO - Found 0 pending records
2025-06-02 18:41:55,720 - PendingVehiclesPanel - INFO - Successfully refreshed pending list with 0 items
2025-06-02 18:41:55,720 - DataManager - INFO - Created new daily folder: data\reports\02-06
2025-06-02 18:41:55,753 - TharuniApp - INFO - Application initialization completed successfully
2025-06-02 18:41:55,784 - TharuniApp - INFO - Auto upload queue status: 0 items queued, worker running
2025-06-02 18:41:56,720 - TharuniApp - INFO - Ensuring settings persistence...
2025-06-02 18:41:56,725 - TharuniApp - INFO - Settings persistence check completed
2025-06-02 18:42:55,734 - PendingVehiclesPanel - INFO - Refreshing pending vehicles list
2025-06-02 18:42:55,737 - DataManager - INFO - Successfully loaded 57 records from data\Tharuni_Guntur_data.csv
2025-06-02 18:42:55,738 - PendingVehiclesPanel - INFO - Retrieved 57 total records
2025-06-02 18:42:55,739 - PendingVehiclesPanel - INFO - Found 0 pending records
2025-06-02 18:42:55,740 - PendingVehiclesPanel - INFO - Successfully refreshed pending list with 0 items
2025-06-02 18:43:29,945 - DataManager - INFO - Successfully loaded 57 records from data\Tharuni_Guntur_data.csv
2025-06-02 18:43:29,973 - DataManager - INFO - Successfully loaded 57 records from data\Tharuni_Guntur_data.csv
2025-06-02 18:43:29,975 - DataManager - INFO - Successfully loaded 57 records from data\Tharuni_Guntur_data.csv
2025-06-02 18:43:30,548 - DataManager - INFO - Successfully loaded 57 records from data\Tharuni_Guntur_data.csv
2025-06-02 18:43:30,550 - DataManager - INFO - Successfully loaded 57 records from data\Tharuni_Guntur_data.csv
2025-06-02 18:43:32,514 - DataManager - INFO - Successfully loaded 57 records from data\Tharuni_Guntur_data.csv
2025-06-02 18:43:32,515 - DataManager - INFO - Successfully loaded 57 records from data\Tharuni_Guntur_data.csv
2025-06-02 18:43:41,861 - DataManager - INFO - Successfully loaded 57 records from data\Tharuni_Guntur_data.csv
2025-06-02 18:43:41,862 - DataManager - INFO - Successfully loaded 57 records from data\Tharuni_Guntur_data.csv
2025-06-02 18:43:55,743 - PendingVehiclesPanel - INFO - Refreshing pending vehicles list
2025-06-02 18:43:55,748 - DataManager - INFO - Successfully loaded 57 records from data\Tharuni_Guntur_data.csv
2025-06-02 18:43:55,749 - PendingVehiclesPanel - INFO - Retrieved 57 total records
2025-06-02 18:43:55,750 - PendingVehiclesPanel - INFO - Found 0 pending records
2025-06-02 18:43:55,752 - PendingVehiclesPanel - INFO - Successfully refreshed pending list with 0 items
2025-06-02 18:44:03,147 - TharuniApp - INFO - ==================================================
2025-06-02 18:44:03,148 - TharuniApp - INFO - SAVE RECORD OPERATION STARTED
2025-06-02 18:44:03,148 - FormValidator - INFO - Starting comprehensive form validation
2025-06-02 18:44:03,149 - FormValidator - INFO - Validating basic fields
2025-06-02 18:44:03,149 - FormValidator - INFO - Field values: ticket='T0057', vehicle='TS06UV0606', agency='Tharuni'
2025-06-02 18:44:03,150 - FormValidator - INFO - Basic validation passed
2025-06-02 18:44:03,150 - FormValidator - INFO - Validating weighment data
2025-06-02 18:44:03,151 - FormValidator - INFO - Weighment data: first_weight='17250.00', first_timestamp='02-06-2025 18:43:31', second_weight='13630.00', second_timestamp='02-06-2025 18:43:40'
2025-06-02 18:44:03,151 - FormValidator - INFO - Weighment validation passed
2025-06-02 18:44:03,152 - FormValidator - INFO - Validating images for second weighment
2025-06-02 18:44:03,152 - FormValidator - INFO - Images validation for second: front=False, back=False
2025-06-02 18:44:05,124 - FormValidator - INFO - User chose to continue without images
2025-06-02 18:44:05,124 - FormValidator - INFO - Form validation passed successfully
2025-06-02 18:44:05,126 - TharuniApp - INFO - Saving record for ticket: T0057
2025-06-02 18:44:05,126 - TharuniApp - INFO - Form data keys: ['date', 'time', 'site_name', 'agency_name', 'material', 'ticket_no', 'vehicle_no', 'transfer_party_name', 'first_weight', 'first_timestamp', 'second_weight', 'second_timestamp', 'net_weight', 'material_type', 'first_front_image', 'first_back_image', 'second_front_image', 'second_back_image', 'site_incharge', 'user_name']
2025-06-02 18:44:05,126 - TharuniApp - INFO - Record is complete: True
2025-06-02 18:44:05,126 - TharuniApp - INFO - Calling data_manager.save_record for T0057
2025-06-02 18:44:05,127 - DataManager - INFO - ==================================================
2025-06-02 18:44:05,127 - DataManager - INFO - STARTING OFFLINE-FIRST RECORD SAVE WITH JSON BACKUP
2025-06-02 18:44:05,127 - DataManager - INFO - Input data keys: ['date', 'time', 'site_name', 'agency_name', 'material', 'ticket_no', 'vehicle_no', 'transfer_party_name', 'first_weight', 'first_timestamp', 'second_weight', 'second_timestamp', 'net_weight', 'material_type', 'first_front_image', 'first_back_image', 'second_front_image', 'second_back_image', 'site_incharge', 'user_name']
2025-06-02 18:44:05,127 - DataManager - INFO - Net weight calculated: 17250.0 - 13630.0 = 3620.00
2025-06-02 18:44:05,128 - DataManager - INFO - Using data file: data\Tharuni_Guntur_data.csv
2025-06-02 18:44:05,129 - DataManager - INFO - Successfully loaded 57 records from data\Tharuni_Guntur_data.csv
2025-06-02 18:44:05,129 - DataManager - INFO - Filtered 57 records to 0 using filter: 't0057'
2025-06-02 18:44:05,129 - DataManager - INFO - Adding new record: T0057
2025-06-02 18:44:05,130 - DataManager - INFO - Adding new record to CSV
2025-06-02 18:44:05,130 - DataManager - INFO - Record data: ['02-06-2025', '18:44:05', 'Guntur', 'Tharuni', 'Inert', 'T0057', 'TS06UV0606', 'Jindal', '17250.00', '02-06-2025 18:43:31', '13630.00', '02-06-2025 18:43:40', '3620.00', 'Inert', '', '', '', '', '', 'admin']
2025-06-02 18:44:05,131 - DataManager - INFO - ✅ New record added to data\Tharuni_Guntur_data.csv
2025-06-02 18:44:05,132 - DataManager - INFO - ✅ Record T0057 saved to local CSV successfully
2025-06-02 18:44:05,132 - DataManager - INFO - Record completion status: True
2025-06-02 18:44:05,133 - DataManager - INFO - Complete record detected - saving JSON backup locally...
2025-06-02 18:44:05,134 - DataManager - INFO - Created new daily JSON folder: data\json_backups\2025-06-02
2025-06-02 18:44:05,136 - DataManager - INFO - ✅ JSON backup saved: data\json_backups\2025-06-02\T0057_Tharuni_Guntur_184405.json
2025-06-02 18:44:05,137 - DataManager - INFO - ✅ JSON backup saved locally for T0057
2025-06-02 18:44:05,137 - DataManager - INFO - Complete record detected for ticket T0057 - generating PDF locally...
2025-06-02 18:44:05,138 - DataManager - INFO - Today's reports folder ensured: data\reports\2025-06-02
2025-06-02 18:44:05,139 - DataManager - INFO - Reports will be saved to: data\reports\2025-06-02
2025-06-02 18:44:05,139 - DataManager - INFO - Today's reports folder ensured: data\reports\2025-06-02
2025-06-02 18:44:05,141 - DataManager - INFO - SIMPLE TEST - Net display: '3620.00 kg'
2025-06-02 18:44:05,142 - DataManager - INFO - Building PDF document: data\reports\2025-06-02\Tharuni_Guntur_T0057_TS06UV0606_184405.pdf
2025-06-02 18:44:05,154 - DataManager - INFO - PDF created successfully: data\reports\2025-06-02\Tharuni_Guntur_T0057_TS06UV0606_184405.pdf (2968 bytes)
2025-06-02 18:44:05,154 - DataManager - INFO - Auto-generated PDF: data\reports\2025-06-02\Tharuni_Guntur_T0057_TS06UV0606_184405.pdf
2025-06-02 18:44:05,155 - DataManager - INFO - PDF saved to today's reports folder: data\reports\2025-06-02
2025-06-02 18:44:05,155 - DataManager - INFO - ✅ PDF auto-generated locally: data\reports\2025-06-02\Tharuni_Guntur_T0057_TS06UV0606_184405.pdf
2025-06-02 18:44:05,155 - DataManager - INFO - Adding complete record files to auto upload queue...
2025-06-02 18:44:05,156 - AutoUploadQueue - INFO - Added to upload queue: json - T0057_Tharuni_Guntur_184405.json
2025-06-02 18:44:05,158 - AutoUploadQueue - INFO - Added to upload queue: pdf - Tharuni_Guntur_T0057_TS06UV0606_184405.pdf
2025-06-02 18:44:05,158 - AutoUploadQueue - INFO - Queued 2 files for ticket T0057
2025-06-02 18:44:05,158 - DataManager - INFO - ✅ Added 2 files to auto upload queue
2025-06-02 18:44:08,102 - DataManager - INFO - ✅ OFFLINE-FIRST SAVE COMPLETED - Local CSV, JSON backup, PDF generated, and files queued for auto upload
2025-06-02 18:44:08,102 - DataManager - INFO - 📂 PDF saved to today's reports folder: data\reports\2025-06-02
2025-06-02 18:44:08,116 - DataManager - INFO - 🔄 Auto upload queue: 2 items pending
2025-06-02 18:44:08,116 - DataManager - INFO - 💡 Cloud upload will happen automatically when internet is available
2025-06-02 18:44:08,116 - DataManager - INFO - ==================================================
2025-06-02 18:44:08,117 - TharuniApp - INFO - ✅ Record T0057 saved successfully
2025-06-02 18:44:08,123 - TharuniApp - INFO - ✅ Ticket T0057 completed - counter incremented
2025-06-02 18:44:08,123 - TharuniApp - INFO - Removing T0057 from pending vehicles list
2025-06-02 18:44:08,123 - PendingVehiclesPanel - INFO - Attempting to remove ticket T0057 from pending list
2025-06-02 18:44:08,124 - PendingVehiclesPanel - WARNING - Ticket T0057 not found in pending list for removal
2025-06-02 18:44:08,124 - PendingVehiclesPanel - INFO - Refreshing pending vehicles list
2025-06-02 18:44:08,141 - DataManager - INFO - Successfully loaded 58 records from data\Tharuni_Guntur_data.csv
2025-06-02 18:44:08,141 - PendingVehiclesPanel - INFO - Retrieved 58 total records
2025-06-02 18:44:08,142 - PendingVehiclesPanel - INFO - Found 0 pending records
2025-06-02 18:44:08,142 - PendingVehiclesPanel - INFO - Successfully refreshed pending list with 0 items
2025-06-02 18:44:08,477 - TharuniApp - INFO - ✅ Complete record processing finished for T0057
2025-06-02 18:44:08,478 - DataManager - INFO - Successfully loaded 58 records from data\Tharuni_Guntur_data.csv
2025-06-02 18:44:08,478 - DataManager - INFO - Returning all 58 records (no filter)
2025-06-02 18:44:08,480 - PendingVehiclesPanel - INFO - Refreshing pending vehicles list
2025-06-02 18:44:08,481 - DataManager - INFO - Successfully loaded 58 records from data\Tharuni_Guntur_data.csv
2025-06-02 18:44:08,481 - PendingVehiclesPanel - INFO - Retrieved 58 total records
2025-06-02 18:44:08,481 - PendingVehiclesPanel - INFO - Found 0 pending records
2025-06-02 18:44:08,482 - PendingVehiclesPanel - INFO - Successfully refreshed pending list with 0 items
2025-06-02 18:44:08,482 - TharuniApp - INFO - SAVE RECORD OPERATION COMPLETED SUCCESSFULLY
2025-06-02 18:44:08,482 - TharuniApp - INFO - ==================================================
2025-06-02 18:44:10,521 - AutoUploadQueue - INFO - Internet available, processing upload queue...
2025-06-02 18:44:11,238 - DataManager - INFO - Cloud storage initialized on demand
2025-06-02 18:44:11,566 - AutoUploadQueue - INFO - ✅ Uploaded JSON: T0057_Tharuni_Guntur_184405.json
2025-06-02 18:44:11,566 - AutoUploadQueue - INFO - Successfully uploaded: T0057_Tharuni_Guntur_184405.json
2025-06-02 18:44:11,869 - AutoUploadQueue - INFO - ✅ Uploaded PDF: Tharuni_Guntur_T0057_TS06UV0606_184405.pdf
2025-06-02 18:44:11,869 - AutoUploadQueue - INFO - Successfully uploaded: Tharuni_Guntur_T0057_TS06UV0606_184405.pdf
2025-06-02 18:44:11,870 - AutoUploadQueue - INFO - Upload batch completed: 2 uploaded, 0 failed
2025-06-02 18:44:11,871 - AutoUploadQueue - INFO - ✅ Upload batch: 2 files uploaded successfully
2025-06-02 18:44:55,766 - PendingVehiclesPanel - INFO - Refreshing pending vehicles list
2025-06-02 18:44:55,770 - DataManager - INFO - Successfully loaded 58 records from data\Tharuni_Guntur_data.csv
2025-06-02 18:44:55,771 - PendingVehiclesPanel - INFO - Retrieved 58 total records
2025-06-02 18:44:55,773 - PendingVehiclesPanel - INFO - Found 0 pending records
2025-06-02 18:44:55,774 - PendingVehiclesPanel - INFO - Successfully refreshed pending list with 0 items
2025-06-02 18:44:55,775 - DataManager - INFO - Created new daily folder: data\reports\02-06
2025-06-02 18:45:55,784 - PendingVehiclesPanel - INFO - Refreshing pending vehicles list
2025-06-02 18:45:55,785 - DataManager - INFO - Successfully loaded 58 records from data\Tharuni_Guntur_data.csv
2025-06-02 18:45:55,785 - PendingVehiclesPanel - INFO - Retrieved 58 total records
2025-06-02 18:45:55,786 - PendingVehiclesPanel - INFO - Found 0 pending records
2025-06-02 18:45:55,786 - PendingVehiclesPanel - INFO - Successfully refreshed pending list with 0 items
2025-06-02 18:46:48,539 - DataManager - INFO - CSV structure is up to date
2025-06-02 18:46:48,540 - DataManager - INFO - Data context set to: Agency='Tharuni', Site='Guntur'
2025-06-02 18:46:48,540 - DataManager - INFO - Data file: data\Tharuni_Guntur_data.csv
2025-06-02 18:46:49,810 - DataManager - INFO - Successfully loaded 58 records from data\Tharuni_Guntur_data.csv
2025-06-02 18:46:49,821 - DataManager - INFO - Successfully loaded 58 records from data\Tharuni_Guntur_data.csv
2025-06-02 18:46:49,822 - DataManager - INFO - Successfully loaded 58 records from data\Tharuni_Guntur_data.csv
2025-06-02 18:46:51,260 - DataManager - INFO - Successfully loaded 58 records from data\Tharuni_Guntur_data.csv
2025-06-02 18:46:51,262 - DataManager - INFO - Successfully loaded 58 records from data\Tharuni_Guntur_data.csv
2025-06-02 18:46:55,798 - PendingVehiclesPanel - INFO - Refreshing pending vehicles list
2025-06-02 18:46:55,799 - DataManager - INFO - Successfully loaded 58 records from data\Tharuni_Guntur_data.csv
2025-06-02 18:46:55,799 - PendingVehiclesPanel - INFO - Retrieved 58 total records
2025-06-02 18:46:55,800 - PendingVehiclesPanel - INFO - Found 0 pending records
2025-06-02 18:46:55,800 - PendingVehiclesPanel - INFO - Successfully refreshed pending list with 0 items
2025-06-02 18:46:59,729 - TharuniApp - INFO - ==================================================
2025-06-02 18:46:59,729 - TharuniApp - INFO - SAVE RECORD OPERATION STARTED
2025-06-02 18:46:59,730 - FormValidator - INFO - Starting comprehensive form validation
2025-06-02 18:46:59,730 - FormValidator - INFO - Validating basic fields
2025-06-02 18:46:59,730 - FormValidator - INFO - Field values: ticket='T0058', vehicle='TS07US0707', agency='Tharuni'
2025-06-02 18:46:59,731 - FormValidator - INFO - Basic validation passed
2025-06-02 18:46:59,731 - FormValidator - INFO - Validating weighment data
2025-06-02 18:46:59,731 - FormValidator - INFO - Weighment data: first_weight='24890.00', first_timestamp='02-06-2025 18:46:54', second_weight='10210.00', second_timestamp='02-06-2025 18:46:55'
2025-06-02 18:46:59,732 - FormValidator - INFO - Weighment validation passed
2025-06-02 18:46:59,732 - FormValidator - INFO - Validating images for second weighment
2025-06-02 18:46:59,732 - FormValidator - INFO - Images validation for second: front=False, back=False
2025-06-02 18:47:00,925 - FormValidator - INFO - User chose to continue without images
2025-06-02 18:47:00,925 - FormValidator - INFO - Form validation passed successfully
2025-06-02 18:47:00,926 - TharuniApp - INFO - Saving record for ticket: T0058
2025-06-02 18:47:00,927 - TharuniApp - INFO - Form data keys: ['date', 'time', 'site_name', 'agency_name', 'material', 'ticket_no', 'vehicle_no', 'transfer_party_name', 'first_weight', 'first_timestamp', 'second_weight', 'second_timestamp', 'net_weight', 'material_type', 'first_front_image', 'first_back_image', 'second_front_image', 'second_back_image', 'site_incharge', 'user_name']
2025-06-02 18:47:00,927 - TharuniApp - INFO - Record is complete: True
2025-06-02 18:47:00,927 - TharuniApp - INFO - Calling data_manager.save_record for T0058
2025-06-02 18:47:00,927 - DataManager - INFO - ==================================================
2025-06-02 18:47:00,928 - DataManager - INFO - STARTING OFFLINE-FIRST RECORD SAVE WITH JSON BACKUP
2025-06-02 18:47:00,928 - DataManager - INFO - Input data keys: ['date', 'time', 'site_name', 'agency_name', 'material', 'ticket_no', 'vehicle_no', 'transfer_party_name', 'first_weight', 'first_timestamp', 'second_weight', 'second_timestamp', 'net_weight', 'material_type', 'first_front_image', 'first_back_image', 'second_front_image', 'second_back_image', 'site_incharge', 'user_name']
2025-06-02 18:47:00,928 - DataManager - INFO - Net weight calculated: 24890.0 - 10210.0 = 14680.00
2025-06-02 18:47:00,928 - DataManager - INFO - Using data file: data\Tharuni_Guntur_data.csv
2025-06-02 18:47:00,929 - DataManager - INFO - Successfully loaded 58 records from data\Tharuni_Guntur_data.csv
2025-06-02 18:47:00,930 - DataManager - INFO - Filtered 58 records to 0 using filter: 't0058'
2025-06-02 18:47:00,931 - DataManager - INFO - Adding new record: T0058
2025-06-02 18:47:00,931 - DataManager - INFO - Adding new record to CSV
2025-06-02 18:47:00,931 - DataManager - INFO - Record data: ['02-06-2025', '18:47:00', 'Guntur', 'Tharuni', 'Construction and Demolition', 'T0058', 'TS07US0707', 'Jindal', '24890.00', '02-06-2025 18:46:54', '10210.00', '02-06-2025 18:46:55', '14680.00', 'Construction and Demolition', '', '', '', '', '', 'admin']
2025-06-02 18:47:00,933 - DataManager - INFO - ✅ New record added to data\Tharuni_Guntur_data.csv
2025-06-02 18:47:00,933 - DataManager - INFO - ✅ Record T0058 saved to local CSV successfully
2025-06-02 18:47:00,933 - DataManager - INFO - Record completion status: True
2025-06-02 18:47:00,935 - DataManager - INFO - Complete record detected - saving JSON backup locally...
2025-06-02 18:47:00,936 - DataManager - INFO - Created new daily JSON folder: data\json_backups\2025-06-02
2025-06-02 18:47:00,938 - DataManager - INFO - ✅ JSON backup saved: data\json_backups\2025-06-02\T0058_Tharuni_Guntur_184700.json
2025-06-02 18:47:00,938 - DataManager - INFO - ✅ JSON backup saved locally for T0058
2025-06-02 18:47:00,939 - DataManager - INFO - Complete record detected for ticket T0058 - generating PDF locally...
2025-06-02 18:47:00,939 - DataManager - INFO - Today's reports folder ensured: data\reports\2025-06-02
2025-06-02 18:47:00,939 - DataManager - INFO - Reports will be saved to: data\reports\2025-06-02
2025-06-02 18:47:00,940 - DataManager - INFO - Today's reports folder ensured: data\reports\2025-06-02
2025-06-02 18:47:00,942 - DataManager - INFO - SIMPLE TEST - Net display: '14680.00 kg'
2025-06-02 18:47:00,942 - DataManager - INFO - Building PDF document: data\reports\2025-06-02\Tharuni_Guntur_T0058_TS07US0707_184700.pdf
2025-06-02 18:47:00,954 - DataManager - INFO - PDF created successfully: data\reports\2025-06-02\Tharuni_Guntur_T0058_TS07US0707_184700.pdf (3476 bytes)
2025-06-02 18:47:00,954 - DataManager - INFO - Auto-generated PDF: data\reports\2025-06-02\Tharuni_Guntur_T0058_TS07US0707_184700.pdf
2025-06-02 18:47:00,955 - DataManager - INFO - PDF saved to today's reports folder: data\reports\2025-06-02
2025-06-02 18:47:00,955 - DataManager - INFO - ✅ PDF auto-generated locally: data\reports\2025-06-02\Tharuni_Guntur_T0058_TS07US0707_184700.pdf
2025-06-02 18:47:00,955 - DataManager - INFO - Adding complete record files to auto upload queue...
2025-06-02 18:47:00,956 - AutoUploadQueue - INFO - Added to upload queue: json - T0058_Tharuni_Guntur_184700.json
2025-06-02 18:47:00,957 - AutoUploadQueue - INFO - Added to upload queue: pdf - Tharuni_Guntur_T0058_TS07US0707_184700.pdf
2025-06-02 18:47:00,958 - AutoUploadQueue - INFO - Queued 2 files for ticket T0058
2025-06-02 18:47:00,958 - DataManager - INFO - ✅ Added 2 files to auto upload queue
2025-06-02 18:47:02,744 - DataManager - INFO - ✅ OFFLINE-FIRST SAVE COMPLETED - Local CSV, JSON backup, PDF generated, and files queued for auto upload
2025-06-02 18:47:02,745 - DataManager - INFO - 📂 PDF saved to today's reports folder: data\reports\2025-06-02
2025-06-02 18:47:02,746 - DataManager - INFO - 🔄 Auto upload queue: 2 items pending
2025-06-02 18:47:02,747 - DataManager - INFO - 💡 Cloud upload will happen automatically when internet is available
2025-06-02 18:47:02,747 - DataManager - INFO - ==================================================
2025-06-02 18:47:02,747 - TharuniApp - INFO - ✅ Record T0058 saved successfully
2025-06-02 18:47:02,752 - TharuniApp - INFO - ✅ Ticket T0058 completed - counter incremented
2025-06-02 18:47:02,752 - TharuniApp - INFO - Removing T0058 from pending vehicles list
2025-06-02 18:47:02,752 - PendingVehiclesPanel - INFO - Attempting to remove ticket T0058 from pending list
2025-06-02 18:47:02,753 - PendingVehiclesPanel - WARNING - Ticket T0058 not found in pending list for removal
2025-06-02 18:47:02,753 - PendingVehiclesPanel - INFO - Refreshing pending vehicles list
2025-06-02 18:47:02,768 - DataManager - INFO - Successfully loaded 59 records from data\Tharuni_Guntur_data.csv
2025-06-02 18:47:02,769 - PendingVehiclesPanel - INFO - Retrieved 59 total records
2025-06-02 18:47:02,769 - PendingVehiclesPanel - INFO - Found 0 pending records
2025-06-02 18:47:02,770 - PendingVehiclesPanel - INFO - Successfully refreshed pending list with 0 items
2025-06-02 18:47:02,789 - TharuniApp - INFO - ✅ Complete record processing finished for T0058
2025-06-02 18:47:02,790 - DataManager - INFO - Successfully loaded 59 records from data\Tharuni_Guntur_data.csv
2025-06-02 18:47:02,791 - DataManager - INFO - Returning all 59 records (no filter)
2025-06-02 18:47:02,792 - PendingVehiclesPanel - INFO - Refreshing pending vehicles list
2025-06-02 18:47:02,793 - DataManager - INFO - Successfully loaded 59 records from data\Tharuni_Guntur_data.csv
2025-06-02 18:47:02,793 - PendingVehiclesPanel - INFO - Retrieved 59 total records
2025-06-02 18:47:02,794 - PendingVehiclesPanel - INFO - Found 0 pending records
2025-06-02 18:47:02,794 - PendingVehiclesPanel - INFO - Successfully refreshed pending list with 0 items
2025-06-02 18:47:02,794 - TharuniApp - INFO - SAVE RECORD OPERATION COMPLETED SUCCESSFULLY
2025-06-02 18:47:02,795 - TharuniApp - INFO - ==================================================
2025-06-02 18:47:41,928 - AutoUploadQueue - INFO - Internet available, processing upload queue...
2025-06-02 18:47:42,344 - AutoUploadQueue - INFO - ✅ Uploaded JSON: T0058_Tharuni_Guntur_184700.json
2025-06-02 18:47:42,345 - AutoUploadQueue - INFO - Successfully uploaded: T0058_Tharuni_Guntur_184700.json
2025-06-02 18:47:42,650 - AutoUploadQueue - INFO - ✅ Uploaded PDF: Tharuni_Guntur_T0058_TS07US0707_184700.pdf
2025-06-02 18:47:42,651 - AutoUploadQueue - INFO - Successfully uploaded: Tharuni_Guntur_T0058_TS07US0707_184700.pdf
2025-06-02 18:47:42,652 - AutoUploadQueue - INFO - Upload batch completed: 2 uploaded, 0 failed
2025-06-02 18:47:42,652 - AutoUploadQueue - INFO - ✅ Upload batch: 2 files uploaded successfully
2025-06-02 18:47:55,800 - PendingVehiclesPanel - INFO - Refreshing pending vehicles list
2025-06-02 18:47:55,804 - DataManager - INFO - Successfully loaded 59 records from data\Tharuni_Guntur_data.csv
2025-06-02 18:47:55,805 - PendingVehiclesPanel - INFO - Retrieved 59 total records
2025-06-02 18:47:55,806 - PendingVehiclesPanel - INFO - Found 0 pending records
2025-06-02 18:47:55,807 - PendingVehiclesPanel - INFO - Successfully refreshed pending list with 0 items
2025-06-02 18:47:55,810 - DataManager - INFO - Created new daily folder: data\reports\02-06
2025-06-02 18:53:09,766 - TharuniApp - INFO - ============================================================
2025-06-02 18:53:09,767 - TharuniApp - INFO - APPLICATION STARTUP WITH AUTO UPLOAD QUEUE
2025-06-02 18:53:09,767 - TharuniApp - INFO - ============================================================
2025-06-02 18:53:09,773 - TharuniApp - INFO - Configuration setup completed
2025-06-02 18:53:09,774 - DataManager - INFO - DataManager initialized with OFFLINE-FIRST approach + AUTO UPLOAD QUEUE
2025-06-02 18:53:09,775 - DataManager - INFO - CSV structure is up to date
2025-06-02 18:53:09,777 - DataManager - INFO - Daily PDF folder structure ready:
2025-06-02 18:53:09,777 - DataManager - INFO -   Base reports folder: data\reports
2025-06-02 18:53:09,778 - DataManager - INFO -   Today's folder: data\reports\2025-06-02
2025-06-02 18:53:09,779 - DataManager - INFO - Data file: data\weighbridge_data.csv
2025-06-02 18:53:09,780 - DataManager - INFO - Reports folder: data\reports
2025-06-02 18:53:09,780 - DataManager - INFO - JSON backup folder: data\json_backups
2025-06-02 18:53:09,780 - DataManager - INFO - PDF folder: data\reports\2025-06-02
2025-06-02 18:53:09,781 - DataManager - INFO - Cloud storage will only be initialized when backup is requested
2025-06-02 18:53:09,795 - AutoUploadQueue - INFO - Loaded 0 items from queue
2025-06-02 18:53:09,796 - AutoUploadQueue - INFO - Upload worker started
2025-06-02 18:53:09,796 - AutoUploadQueue - INFO - Background upload worker started
2025-06-02 18:53:09,796 - AutoUploadQueue - INFO - AutoUploadQueue initialized
2025-06-02 18:53:09,797 - DataManager - INFO - ✅ Auto upload queue initialized
2025-06-02 18:53:09,797 - TharuniApp - INFO - Data manager with auto upload queue initialized
2025-06-02 18:53:09,803 - TharuniApp - INFO - Settings storage initialized
2025-06-02 18:53:09,815 - TharuniApp - INFO - UI styles initialized
2025-06-02 18:53:09,816 - TharuniApp - INFO - Starting user authentication
2025-06-02 18:53:13,267 - TharuniApp - INFO - Authentication successful: admin
2025-06-02 18:53:13,268 - TharuniApp - INFO - User logged in: admin (Role: admin)
2025-06-02 18:53:13,268 - TharuniApp - INFO - Setting up data context
2025-06-02 18:53:13,269 - DataManager - INFO - CSV structure is up to date
2025-06-02 18:53:13,270 - DataManager - INFO - Data context set to: Agency='Tharuni', Site='Guntur'
2025-06-02 18:53:13,270 - DataManager - INFO - Data file: data\Tharuni_Guntur_data.csv
2025-06-02 18:53:13,271 - TharuniApp - INFO - Data context initialized: Agency='Tharuni', Site='Guntur'
2025-06-02 18:53:13,271 - TharuniApp - INFO - Data will be saved to: data\Tharuni_Guntur_data.csv
2025-06-02 18:53:13,271 - TharuniApp - INFO - PDFs will be saved to: data\reports\2025-06-02
2025-06-02 18:53:13,272 - TharuniApp - INFO - Creating application widgets
2025-06-02 18:53:13,297 - TharuniApp - INFO - Creating main panel
2025-06-02 18:53:13,303 - FormValidator - INFO - FormValidator initialized
2025-06-02 18:53:13,317 - DataManager - INFO - Successfully loaded 59 records from data\Tharuni_Guntur_data.csv
2025-06-02 18:53:26,699 - DataManager - INFO - Successfully loaded 59 records from data\Tharuni_Guntur_data.csv
2025-06-02 18:53:26,699 - TharuniApp - INFO - Main form created
2025-06-02 18:53:26,702 - DataManager - INFO - CSV structure is up to date
2025-06-02 18:53:26,702 - DataManager - INFO - Data context set to: Agency='Tharuni', Site='Guntur'
2025-06-02 18:53:26,703 - DataManager - INFO - Data file: data\Tharuni_Guntur_data.csv
2025-06-02 18:53:26,704 - DataManager - INFO - CSV structure is up to date
2025-06-02 18:53:26,704 - DataManager - INFO - Data context set to: Agency='Tharuni', Site='Guntur'
2025-06-02 18:53:26,705 - DataManager - INFO - Data file: data\Tharuni_Guntur_data.csv
2025-06-02 18:53:26,706 - DataManager - INFO - CSV structure is up to date
2025-06-02 18:53:26,706 - DataManager - INFO - Data context set to: Agency='Tharuni', Site='Guntur'
2025-06-02 18:53:26,707 - DataManager - INFO - Data file: data\Tharuni_Guntur_data.csv
2025-06-02 18:53:26,707 - PendingVehiclesPanel - INFO - PendingVehiclesPanel initialized
2025-06-02 18:53:26,714 - PendingVehiclesPanel - INFO - Refreshing pending vehicles list
2025-06-02 18:53:26,715 - DataManager - INFO - Successfully loaded 59 records from data\Tharuni_Guntur_data.csv
2025-06-02 18:53:26,716 - PendingVehiclesPanel - INFO - Retrieved 59 total records
2025-06-02 18:53:26,716 - PendingVehiclesPanel - INFO - Found 0 pending records
2025-06-02 18:53:26,717 - PendingVehiclesPanel - INFO - Successfully refreshed pending list with 0 items
2025-06-02 18:53:26,717 - TharuniApp - INFO - Pending vehicles panel created
2025-06-02 18:53:27,033 - TharuniApp - INFO - Main panel creation completed
2025-06-02 18:53:27,045 - TharuniApp - INFO - Summary panel created
2025-06-02 18:53:27,229 - DataManager - INFO - DataManager initialized with OFFLINE-FIRST approach + AUTO UPLOAD QUEUE
2025-06-02 18:53:27,230 - DataManager - INFO - CSV structure is up to date
2025-06-02 18:53:27,231 - DataManager - INFO - Daily PDF folder structure ready:
2025-06-02 18:53:27,231 - DataManager - INFO -   Base reports folder: data\reports
2025-06-02 18:53:27,232 - DataManager - INFO -   Today's folder: data\reports\2025-06-02
2025-06-02 18:53:27,233 - DataManager - INFO - Data file: data\Tharuni_Guntur_data.csv
2025-06-02 18:53:27,233 - DataManager - INFO - Reports folder: data\reports
2025-06-02 18:53:27,234 - DataManager - INFO - JSON backup folder: data\json_backups
2025-06-02 18:53:27,234 - DataManager - INFO - PDF folder: data\reports\2025-06-02
2025-06-02 18:53:27,234 - DataManager - INFO - Cloud storage will only be initialized when backup is requested
2025-06-02 18:53:27,235 - AutoUploadQueue - INFO - Loaded 0 items from queue
2025-06-02 18:53:27,236 - AutoUploadQueue - INFO - Upload worker started
2025-06-02 18:53:27,237 - AutoUploadQueue - INFO - Background upload worker started
2025-06-02 18:53:27,237 - AutoUploadQueue - INFO - AutoUploadQueue initialized
2025-06-02 18:53:27,238 - DataManager - INFO - ✅ Auto upload queue initialized
2025-06-02 18:53:27,426 - DataManager - INFO - DataManager initialized with OFFLINE-FIRST approach + AUTO UPLOAD QUEUE
2025-06-02 18:53:27,426 - DataManager - INFO - CSV structure is up to date
2025-06-02 18:53:27,427 - DataManager - INFO - Daily PDF folder structure ready:
2025-06-02 18:53:27,428 - DataManager - INFO -   Base reports folder: data\reports
2025-06-02 18:53:27,428 - DataManager - INFO -   Today's folder: data\reports\2025-06-02
2025-06-02 18:53:27,429 - DataManager - INFO - Data file: data\Tharuni_Guntur_data.csv
2025-06-02 18:53:27,430 - DataManager - INFO - Reports folder: data\reports
2025-06-02 18:53:27,430 - DataManager - INFO - JSON backup folder: data\json_backups
2025-06-02 18:53:27,431 - DataManager - INFO - PDF folder: data\reports\2025-06-02
2025-06-02 18:53:27,431 - DataManager - INFO - Cloud storage will only be initialized when backup is requested
2025-06-02 18:53:27,432 - AutoUploadQueue - INFO - Loaded 0 items from queue
2025-06-02 18:53:27,433 - AutoUploadQueue - INFO - Upload worker started
2025-06-02 18:53:27,433 - AutoUploadQueue - INFO - Background upload worker started
2025-06-02 18:53:27,434 - AutoUploadQueue - INFO - AutoUploadQueue initialized
2025-06-02 18:53:27,434 - DataManager - INFO - ✅ Auto upload queue initialized
2025-06-02 18:53:27,641 - TharuniApp - INFO - ✅ Data manager references set in settings panel
2025-06-02 18:53:27,642 - TharuniApp - INFO -    - settings_panel.app_data_manager: True
2025-06-02 18:53:27,642 - TharuniApp - INFO -    - settings_panel.data_manager: True
2025-06-02 18:53:27,643 - TharuniApp - INFO -    - settings_tab.data_manager: True
2025-06-02 18:53:27,643 - TharuniApp - INFO - Widget creation completed successfully
2025-06-02 18:53:27,644 - PendingVehiclesPanel - INFO - Refreshing pending vehicles list
2025-06-02 18:53:27,646 - DataManager - INFO - Successfully loaded 59 records from data\Tharuni_Guntur_data.csv
2025-06-02 18:53:27,646 - PendingVehiclesPanel - INFO - Retrieved 59 total records
2025-06-02 18:53:27,647 - PendingVehiclesPanel - INFO - Found 0 pending records
2025-06-02 18:53:27,648 - PendingVehiclesPanel - INFO - Successfully refreshed pending list with 0 items
2025-06-02 18:53:27,649 - DataManager - INFO - Created new daily folder: data\reports\02-06
2025-06-02 18:53:27,679 - TharuniApp - INFO - Application initialization completed successfully
2025-06-02 18:53:27,693 - TharuniApp - INFO - Auto upload queue status: 0 items queued, worker running
2025-06-02 18:53:28,643 - TharuniApp - INFO - Ensuring settings persistence...
2025-06-02 18:53:28,648 - TharuniApp - INFO - Settings persistence check completed
2025-06-02 18:54:27,653 - PendingVehiclesPanel - INFO - Refreshing pending vehicles list
2025-06-02 18:54:27,656 - DataManager - INFO - Successfully loaded 59 records from data\Tharuni_Guntur_data.csv
2025-06-02 18:54:27,657 - PendingVehiclesPanel - INFO - Retrieved 59 total records
2025-06-02 18:54:27,659 - PendingVehiclesPanel - INFO - Found 0 pending records
2025-06-02 18:54:27,661 - PendingVehiclesPanel - INFO - Successfully refreshed pending list with 0 items
2025-06-02 18:55:27,674 - PendingVehiclesPanel - INFO - Refreshing pending vehicles list
2025-06-02 18:55:27,675 - DataManager - INFO - Successfully loaded 59 records from data\Tharuni_Guntur_data.csv
2025-06-02 18:55:27,676 - PendingVehiclesPanel - INFO - Retrieved 59 total records
2025-06-02 18:55:27,676 - PendingVehiclesPanel - INFO - Found 0 pending records
2025-06-02 18:55:27,676 - PendingVehiclesPanel - INFO - Successfully refreshed pending list with 0 items
2025-06-02 18:56:27,687 - PendingVehiclesPanel - INFO - Refreshing pending vehicles list
2025-06-02 18:56:27,691 - DataManager - INFO - Successfully loaded 59 records from data\Tharuni_Guntur_data.csv
2025-06-02 18:56:27,692 - PendingVehiclesPanel - INFO - Retrieved 59 total records
2025-06-02 18:56:27,693 - PendingVehiclesPanel - INFO - Found 0 pending records
2025-06-02 18:56:27,694 - PendingVehiclesPanel - INFO - Successfully refreshed pending list with 0 items
2025-06-02 18:57:27,700 - PendingVehiclesPanel - INFO - Refreshing pending vehicles list
2025-06-02 18:57:27,701 - DataManager - INFO - Successfully loaded 59 records from data\Tharuni_Guntur_data.csv
2025-06-02 18:57:27,701 - PendingVehiclesPanel - INFO - Retrieved 59 total records
2025-06-02 18:57:27,702 - PendingVehiclesPanel - INFO - Found 0 pending records
2025-06-02 18:57:27,702 - PendingVehiclesPanel - INFO - Successfully refreshed pending list with 0 items
2025-06-02 18:58:27,716 - PendingVehiclesPanel - INFO - Refreshing pending vehicles list
2025-06-02 18:58:27,720 - DataManager - INFO - Successfully loaded 59 records from data\Tharuni_Guntur_data.csv
2025-06-02 18:58:27,721 - PendingVehiclesPanel - INFO - Retrieved 59 total records
2025-06-02 18:58:27,721 - PendingVehiclesPanel - INFO - Found 0 pending records
2025-06-02 18:58:27,722 - PendingVehiclesPanel - INFO - Successfully refreshed pending list with 0 items
2025-06-02 18:59:27,738 - PendingVehiclesPanel - INFO - Refreshing pending vehicles list
2025-06-02 18:59:27,742 - DataManager - INFO - Successfully loaded 59 records from data\Tharuni_Guntur_data.csv
2025-06-02 18:59:27,742 - PendingVehiclesPanel - INFO - Retrieved 59 total records
2025-06-02 18:59:27,744 - PendingVehiclesPanel - INFO - Found 0 pending records
2025-06-02 18:59:27,745 - PendingVehiclesPanel - INFO - Successfully refreshed pending list with 0 items
2025-06-02 19:00:27,746 - PendingVehiclesPanel - INFO - Refreshing pending vehicles list
2025-06-02 19:00:27,751 - DataManager - INFO - Successfully loaded 59 records from data\Tharuni_Guntur_data.csv
2025-06-02 19:00:27,752 - PendingVehiclesPanel - INFO - Retrieved 59 total records
2025-06-02 19:00:27,753 - PendingVehiclesPanel - INFO - Found 0 pending records
2025-06-02 19:00:27,755 - PendingVehiclesPanel - INFO - Successfully refreshed pending list with 0 items
2025-06-02 19:01:27,769 - PendingVehiclesPanel - INFO - Refreshing pending vehicles list
2025-06-02 19:01:27,774 - DataManager - INFO - Successfully loaded 59 records from data\Tharuni_Guntur_data.csv
2025-06-02 19:01:27,775 - PendingVehiclesPanel - INFO - Retrieved 59 total records
2025-06-02 19:01:27,776 - PendingVehiclesPanel - INFO - Found 0 pending records
2025-06-02 19:01:27,778 - PendingVehiclesPanel - INFO - Successfully refreshed pending list with 0 items
2025-06-02 19:02:27,781 - PendingVehiclesPanel - INFO - Refreshing pending vehicles list
2025-06-02 19:02:27,785 - DataManager - INFO - Successfully loaded 59 records from data\Tharuni_Guntur_data.csv
2025-06-02 19:02:27,787 - PendingVehiclesPanel - INFO - Retrieved 59 total records
2025-06-02 19:02:27,788 - PendingVehiclesPanel - INFO - Found 0 pending records
2025-06-02 19:02:27,789 - PendingVehiclesPanel - INFO - Successfully refreshed pending list with 0 items
2025-06-02 19:03:27,794 - PendingVehiclesPanel - INFO - Refreshing pending vehicles list
2025-06-02 19:03:27,798 - DataManager - INFO - Successfully loaded 59 records from data\Tharuni_Guntur_data.csv
2025-06-02 19:03:27,799 - PendingVehiclesPanel - INFO - Retrieved 59 total records
2025-06-02 19:03:27,801 - PendingVehiclesPanel - INFO - Found 0 pending records
2025-06-02 19:03:27,802 - PendingVehiclesPanel - INFO - Successfully refreshed pending list with 0 items
2025-06-02 19:04:27,807 - PendingVehiclesPanel - INFO - Refreshing pending vehicles list
2025-06-02 19:04:27,811 - DataManager - INFO - Successfully loaded 59 records from data\Tharuni_Guntur_data.csv
2025-06-02 19:04:27,812 - PendingVehiclesPanel - INFO - Retrieved 59 total records
2025-06-02 19:04:27,814 - PendingVehiclesPanel - INFO - Found 0 pending records
2025-06-02 19:04:27,815 - PendingVehiclesPanel - INFO - Successfully refreshed pending list with 0 items
2025-06-02 19:05:27,829 - PendingVehiclesPanel - INFO - Refreshing pending vehicles list
2025-06-02 19:05:27,832 - DataManager - INFO - Successfully loaded 59 records from data\Tharuni_Guntur_data.csv
2025-06-02 19:05:27,833 - PendingVehiclesPanel - INFO - Retrieved 59 total records
2025-06-02 19:05:27,835 - PendingVehiclesPanel - INFO - Found 0 pending records
2025-06-02 19:05:27,836 - PendingVehiclesPanel - INFO - Successfully refreshed pending list with 0 items
2025-06-02 19:06:27,842 - PendingVehiclesPanel - INFO - Refreshing pending vehicles list
2025-06-02 19:06:27,845 - DataManager - INFO - Successfully loaded 59 records from data\Tharuni_Guntur_data.csv
2025-06-02 19:06:27,845 - PendingVehiclesPanel - INFO - Retrieved 59 total records
2025-06-02 19:06:27,846 - PendingVehiclesPanel - INFO - Found 0 pending records
2025-06-02 19:06:27,847 - PendingVehiclesPanel - INFO - Successfully refreshed pending list with 0 items
2025-06-02 19:07:27,854 - PendingVehiclesPanel - INFO - Refreshing pending vehicles list
2025-06-02 19:07:27,856 - DataManager - INFO - Successfully loaded 59 records from data\Tharuni_Guntur_data.csv
2025-06-02 19:07:27,857 - PendingVehiclesPanel - INFO - Retrieved 59 total records
2025-06-02 19:07:27,858 - PendingVehiclesPanel - INFO - Found 0 pending records
2025-06-02 19:07:27,859 - PendingVehiclesPanel - INFO - Successfully refreshed pending list with 0 items
2025-06-02 19:08:27,866 - PendingVehiclesPanel - INFO - Refreshing pending vehicles list
2025-06-02 19:08:27,869 - DataManager - INFO - Successfully loaded 59 records from data\Tharuni_Guntur_data.csv
2025-06-02 19:08:27,870 - PendingVehiclesPanel - INFO - Retrieved 59 total records
2025-06-02 19:08:27,872 - PendingVehiclesPanel - INFO - Found 0 pending records
2025-06-02 19:08:27,874 - PendingVehiclesPanel - INFO - Successfully refreshed pending list with 0 items
2025-06-02 19:09:27,886 - PendingVehiclesPanel - INFO - Refreshing pending vehicles list
2025-06-02 19:09:27,890 - DataManager - INFO - Successfully loaded 59 records from data\Tharuni_Guntur_data.csv
2025-06-02 19:09:27,892 - PendingVehiclesPanel - INFO - Retrieved 59 total records
2025-06-02 19:09:27,894 - PendingVehiclesPanel - INFO - Found 0 pending records
2025-06-02 19:09:27,895 - PendingVehiclesPanel - INFO - Successfully refreshed pending list with 0 items
2025-06-02 19:10:17,450 - TharuniApp - INFO - Updating camera settings: {'front_camera_type': 'HTTP', 'front_camera_index': 1, 'front_rtsp_username': '', 'front_rtsp_password': '', 'front_rtsp_ip': '', 'front_rtsp_port': '8554', 'front_rtsp_endpoint': '/stream', 'front_http_username': '', 'front_http_password': '', 'front_http_ip': '', 'front_http_port': '80', 'front_http_endpoint': '/mjpeg', 'back_camera_type': 'HTTP', 'back_camera_index': 0, 'back_rtsp_username': '', 'back_rtsp_password': '', 'back_rtsp_ip': '', 'back_rtsp_port': '8555', 'back_rtsp_endpoint': '/stream', 'back_http_username': '', 'back_http_password': '', 'back_http_ip': '', 'back_http_port': '80', 'back_http_endpoint': '/mjpeg'}
2025-06-02 19:10:17,457 - TharuniApp - INFO - Camera settings saved for persistence
2025-06-02 19:10:19,858 - TharuniApp - INFO - ============================================================
2025-06-02 19:10:19,858 - TharuniApp - INFO - APPLICATION STARTUP WITH AUTO UPLOAD QUEUE
2025-06-02 19:10:19,859 - TharuniApp - INFO - ============================================================
2025-06-02 19:10:19,862 - TharuniApp - INFO - Configuration setup completed
2025-06-02 19:10:19,863 - DataManager - INFO - DataManager initialized with OFFLINE-FIRST approach + AUTO UPLOAD QUEUE
2025-06-02 19:10:19,864 - DataManager - INFO - CSV structure is up to date
2025-06-02 19:10:19,864 - DataManager - INFO - Daily PDF folder structure ready:
2025-06-02 19:10:19,865 - DataManager - INFO -   Base reports folder: data\reports
2025-06-02 19:10:19,865 - DataManager - INFO -   Today's folder: data\reports\2025-06-02
2025-06-02 19:10:19,865 - DataManager - INFO - Data file: data\weighbridge_data.csv
2025-06-02 19:10:19,866 - DataManager - INFO - Reports folder: data\reports
2025-06-02 19:10:19,866 - DataManager - INFO - JSON backup folder: data\json_backups
2025-06-02 19:10:19,866 - DataManager - INFO - PDF folder: data\reports\2025-06-02
2025-06-02 19:10:19,866 - DataManager - INFO - Cloud storage will only be initialized when backup is requested
2025-06-02 19:10:19,867 - AutoUploadQueue - INFO - Loaded 0 items from queue
2025-06-02 19:10:19,868 - AutoUploadQueue - INFO - Upload worker started
2025-06-02 19:10:19,868 - AutoUploadQueue - INFO - Background upload worker started
2025-06-02 19:10:19,868 - AutoUploadQueue - INFO - AutoUploadQueue initialized
2025-06-02 19:10:19,869 - DataManager - INFO - ✅ Auto upload queue initialized
2025-06-02 19:10:19,869 - TharuniApp - INFO - Data manager with auto upload queue initialized
2025-06-02 19:10:19,872 - TharuniApp - INFO - Settings storage initialized
2025-06-02 19:10:19,875 - TharuniApp - INFO - UI styles initialized
2025-06-02 19:10:19,876 - TharuniApp - INFO - Starting user authentication
2025-06-02 19:10:21,742 - TharuniApp - INFO - Authentication canceled - exiting application
2025-06-02 19:10:21,742 - TharuniApp - INFO - User authentication failed or canceled - exiting
2025-06-02 19:21:26,220 - TharuniApp - INFO - ============================================================
2025-06-02 19:21:26,220 - TharuniApp - INFO - APPLICATION STARTUP WITH AUTO UPLOAD QUEUE
2025-06-02 19:21:26,221 - TharuniApp - INFO - ============================================================
2025-06-02 19:21:26,224 - TharuniApp - INFO - Configuration setup completed
2025-06-02 19:21:26,225 - DataManager - INFO - DataManager initialized with OFFLINE-FIRST approach + AUTO UPLOAD QUEUE
2025-06-02 19:21:26,225 - DataManager - INFO - CSV structure is up to date
2025-06-02 19:21:26,226 - DataManager - INFO - Daily PDF folder structure ready:
2025-06-02 19:21:26,226 - DataManager - INFO -   Base reports folder: data\reports
2025-06-02 19:21:26,226 - DataManager - INFO -   Today's folder: data\reports\2025-06-02
2025-06-02 19:21:26,227 - DataManager - INFO - Data file: data\weighbridge_data.csv
2025-06-02 19:21:26,227 - DataManager - INFO - Reports folder: data\reports
2025-06-02 19:21:26,227 - DataManager - INFO - JSON backup folder: data\json_backups
2025-06-02 19:21:26,228 - DataManager - INFO - PDF folder: data\reports\2025-06-02
2025-06-02 19:21:26,228 - DataManager - INFO - Cloud storage will only be initialized when backup is requested
2025-06-02 19:21:26,229 - AutoUploadQueue - INFO - Loaded 0 items from queue
2025-06-02 19:21:26,230 - AutoUploadQueue - INFO - Upload worker started
2025-06-02 19:21:26,230 - AutoUploadQueue - INFO - Background upload worker started
2025-06-02 19:21:26,230 - AutoUploadQueue - INFO - AutoUploadQueue initialized
2025-06-02 19:21:26,231 - DataManager - INFO - ✅ Auto upload queue initialized
2025-06-02 19:21:26,231 - TharuniApp - INFO - Data manager with auto upload queue initialized
2025-06-02 19:21:26,232 - TharuniApp - INFO - Settings storage initialized
2025-06-02 19:21:26,234 - TharuniApp - INFO - UI styles initialized
2025-06-02 19:21:26,234 - TharuniApp - INFO - Starting user authentication
2025-06-02 19:21:29,122 - TharuniApp - INFO - Authentication successful: admin
2025-06-02 19:21:29,122 - TharuniApp - INFO - User logged in: admin (Role: admin)
2025-06-02 19:21:29,122 - TharuniApp - INFO - Setting up data context
2025-06-02 19:21:29,123 - DataManager - INFO - CSV structure is up to date
2025-06-02 19:21:29,124 - DataManager - INFO - Data context set to: Agency='Tharuni', Site='Guntur'
2025-06-02 19:21:29,124 - DataManager - INFO - Data file: data\Tharuni_Guntur_data.csv
2025-06-02 19:21:29,124 - TharuniApp - INFO - Data context initialized: Agency='Tharuni', Site='Guntur'
2025-06-02 19:21:29,125 - TharuniApp - INFO - Data will be saved to: data\Tharuni_Guntur_data.csv
2025-06-02 19:21:29,125 - TharuniApp - INFO - PDFs will be saved to: data\reports\2025-06-02
2025-06-02 19:21:29,125 - TharuniApp - INFO - Creating application widgets
2025-06-02 19:21:29,138 - TharuniApp - INFO - Creating main panel with scrollable support
2025-06-02 19:21:29,146 - FormValidator - INFO - FormValidator initialized
2025-06-02 19:21:29,153 - DataManager - INFO - Successfully loaded 59 records from data\Tharuni_Guntur_data.csv
2025-06-02 19:21:37,372 - DataManager - INFO - Successfully loaded 59 records from data\Tharuni_Guntur_data.csv
2025-06-02 19:21:37,372 - TharuniApp - INFO - Main form created in scrollable frame
2025-06-02 19:21:37,374 - DataManager - INFO - CSV structure is up to date
2025-06-02 19:21:37,374 - DataManager - INFO - Data context set to: Agency='Tharuni', Site='Guntur'
2025-06-02 19:21:37,374 - DataManager - INFO - Data file: data\Tharuni_Guntur_data.csv
2025-06-02 19:21:37,375 - DataManager - INFO - CSV structure is up to date
2025-06-02 19:21:37,375 - DataManager - INFO - Data context set to: Agency='Tharuni', Site='Guntur'
2025-06-02 19:21:37,376 - DataManager - INFO - Data file: data\Tharuni_Guntur_data.csv
2025-06-02 19:21:37,376 - DataManager - INFO - CSV structure is up to date
2025-06-02 19:21:37,376 - DataManager - INFO - Data context set to: Agency='Tharuni', Site='Guntur'
2025-06-02 19:21:37,377 - DataManager - INFO - Data file: data\Tharuni_Guntur_data.csv
2025-06-02 19:21:37,377 - PendingVehiclesPanel - INFO - PendingVehiclesPanel initialized
2025-06-02 19:21:37,377 - TharuniApp - ERROR - Error creating main panel: 'PendingVehiclesPanel' object has no attribute 'create_panel'
2025-06-02 19:21:37,378 - TharuniApp - ERROR - Error creating widgets: 'PendingVehiclesPanel' object has no attribute 'create_panel'
2025-06-02 19:21:37,378 - TharuniApp - ERROR - Critical error during application initialization: 'PendingVehiclesPanel' object has no attribute 'create_panel'
2025-06-02 19:21:59,657 - TharuniApp - INFO - ============================================================
2025-06-02 19:21:59,657 - TharuniApp - INFO - APPLICATION STARTUP WITH AUTO UPLOAD QUEUE
2025-06-02 19:21:59,658 - TharuniApp - INFO - ============================================================
2025-06-02 19:21:59,661 - TharuniApp - INFO - Configuration setup completed
2025-06-02 19:21:59,661 - DataManager - INFO - DataManager initialized with OFFLINE-FIRST approach + AUTO UPLOAD QUEUE
2025-06-02 19:21:59,662 - DataManager - INFO - CSV structure is up to date
2025-06-02 19:21:59,662 - DataManager - INFO - Daily PDF folder structure ready:
2025-06-02 19:21:59,662 - DataManager - INFO -   Base reports folder: data\reports
2025-06-02 19:21:59,662 - DataManager - INFO -   Today's folder: data\reports\2025-06-02
2025-06-02 19:21:59,663 - DataManager - INFO - Data file: data\weighbridge_data.csv
2025-06-02 19:21:59,663 - DataManager - INFO - Reports folder: data\reports
2025-06-02 19:21:59,663 - DataManager - INFO - JSON backup folder: data\json_backups
2025-06-02 19:21:59,664 - DataManager - INFO - PDF folder: data\reports\2025-06-02
2025-06-02 19:21:59,664 - DataManager - INFO - Cloud storage will only be initialized when backup is requested
2025-06-02 19:21:59,665 - AutoUploadQueue - INFO - Loaded 0 items from queue
2025-06-02 19:21:59,666 - AutoUploadQueue - INFO - Upload worker started
2025-06-02 19:21:59,666 - AutoUploadQueue - INFO - Background upload worker started
2025-06-02 19:21:59,667 - AutoUploadQueue - INFO - AutoUploadQueue initialized
2025-06-02 19:21:59,668 - DataManager - INFO - ✅ Auto upload queue initialized
2025-06-02 19:21:59,668 - TharuniApp - INFO - Data manager with auto upload queue initialized
2025-06-02 19:21:59,670 - TharuniApp - INFO - Settings storage initialized
2025-06-02 19:21:59,672 - TharuniApp - INFO - UI styles initialized
2025-06-02 19:21:59,672 - TharuniApp - INFO - Starting user authentication
2025-06-02 19:22:02,517 - TharuniApp - INFO - Authentication successful: admin
2025-06-02 19:22:02,517 - TharuniApp - INFO - User logged in: admin (Role: admin)
2025-06-02 19:22:02,518 - TharuniApp - INFO - Setting up data context
2025-06-02 19:22:02,518 - DataManager - INFO - CSV structure is up to date
2025-06-02 19:22:02,519 - DataManager - INFO - Data context set to: Agency='Tharuni', Site='Guntur'
2025-06-02 19:22:02,520 - DataManager - INFO - Data file: data\Tharuni_Guntur_data.csv
2025-06-02 19:22:02,520 - TharuniApp - INFO - Data context initialized: Agency='Tharuni', Site='Guntur'
2025-06-02 19:22:02,521 - TharuniApp - INFO - Data will be saved to: data\Tharuni_Guntur_data.csv
2025-06-02 19:22:02,522 - TharuniApp - INFO - PDFs will be saved to: data\reports\2025-06-02
2025-06-02 19:22:02,522 - TharuniApp - INFO - Creating application widgets
2025-06-02 19:22:02,538 - TharuniApp - INFO - Creating main panel with scrollable support
2025-06-02 19:22:02,543 - FormValidator - INFO - FormValidator initialized
2025-06-02 19:22:02,549 - DataManager - INFO - Successfully loaded 59 records from data\Tharuni_Guntur_data.csv
2025-06-02 19:22:11,605 - DataManager - INFO - Successfully loaded 59 records from data\Tharuni_Guntur_data.csv
2025-06-02 19:22:11,606 - TharuniApp - INFO - Main form created in scrollable frame
2025-06-02 19:22:11,608 - DataManager - INFO - CSV structure is up to date
2025-06-02 19:22:11,608 - DataManager - INFO - Data context set to: Agency='Tharuni', Site='Guntur'
2025-06-02 19:22:11,609 - DataManager - INFO - Data file: data\Tharuni_Guntur_data.csv
2025-06-02 19:22:11,610 - DataManager - INFO - CSV structure is up to date
2025-06-02 19:22:11,610 - DataManager - INFO - Data context set to: Agency='Tharuni', Site='Guntur'
2025-06-02 19:22:11,610 - DataManager - INFO - Data file: data\Tharuni_Guntur_data.csv
2025-06-02 19:22:11,611 - DataManager - INFO - CSV structure is up to date
2025-06-02 19:22:11,612 - DataManager - INFO - Data context set to: Agency='Tharuni', Site='Guntur'
2025-06-02 19:22:11,612 - DataManager - INFO - Data file: data\Tharuni_Guntur_data.csv
2025-06-02 19:22:11,613 - PendingVehiclesPanel - INFO - PendingVehiclesPanel initialized
2025-06-02 19:22:11,613 - TharuniApp - ERROR - Error creating main panel: 'PendingVehiclesPanel' object has no attribute 'create_panel'
2025-06-02 19:22:11,613 - TharuniApp - ERROR - Error creating widgets: 'PendingVehiclesPanel' object has no attribute 'create_panel'
2025-06-02 19:22:11,614 - TharuniApp - ERROR - Critical error during application initialization: 'PendingVehiclesPanel' object has no attribute 'create_panel'
2025-06-02 19:22:26,729 - TharuniApp - INFO - ============================================================
2025-06-02 19:22:26,730 - TharuniApp - INFO - APPLICATION STARTUP WITH AUTO UPLOAD QUEUE
2025-06-02 19:22:26,730 - TharuniApp - INFO - ============================================================
2025-06-02 19:22:26,735 - TharuniApp - INFO - Configuration setup completed
2025-06-02 19:22:26,736 - DataManager - INFO - DataManager initialized with OFFLINE-FIRST approach + AUTO UPLOAD QUEUE
2025-06-02 19:22:26,737 - DataManager - INFO - CSV structure is up to date
2025-06-02 19:22:26,738 - DataManager - INFO - Daily PDF folder structure ready:
2025-06-02 19:22:26,738 - DataManager - INFO -   Base reports folder: data\reports
2025-06-02 19:22:26,738 - DataManager - INFO -   Today's folder: data\reports\2025-06-02
2025-06-02 19:22:26,739 - DataManager - INFO - Data file: data\weighbridge_data.csv
2025-06-02 19:22:26,740 - DataManager - INFO - Reports folder: data\reports
2025-06-02 19:22:26,740 - DataManager - INFO - JSON backup folder: data\json_backups
2025-06-02 19:22:26,740 - DataManager - INFO - PDF folder: data\reports\2025-06-02
2025-06-02 19:22:26,741 - DataManager - INFO - Cloud storage will only be initialized when backup is requested
2025-06-02 19:22:26,742 - AutoUploadQueue - INFO - Loaded 0 items from queue
2025-06-02 19:22:26,743 - AutoUploadQueue - INFO - Upload worker started
2025-06-02 19:22:26,743 - AutoUploadQueue - INFO - Background upload worker started
2025-06-02 19:22:26,744 - AutoUploadQueue - INFO - AutoUploadQueue initialized
2025-06-02 19:22:26,744 - DataManager - INFO - ✅ Auto upload queue initialized
2025-06-02 19:22:26,744 - TharuniApp - INFO - Data manager with auto upload queue initialized
2025-06-02 19:22:26,747 - TharuniApp - INFO - Settings storage initialized
2025-06-02 19:22:26,751 - TharuniApp - INFO - UI styles initialized
2025-06-02 19:22:26,751 - TharuniApp - INFO - Starting user authentication
2025-06-02 19:22:29,992 - TharuniApp - INFO - Authentication successful: admin
2025-06-02 19:22:29,993 - TharuniApp - INFO - User logged in: admin (Role: admin)
2025-06-02 19:22:29,993 - TharuniApp - INFO - Setting up data context
2025-06-02 19:22:29,994 - DataManager - INFO - CSV structure is up to date
2025-06-02 19:22:29,994 - DataManager - INFO - Data context set to: Agency='Tharuni', Site='Guntur'
2025-06-02 19:22:29,994 - DataManager - INFO - Data file: data\Tharuni_Guntur_data.csv
2025-06-02 19:22:29,995 - TharuniApp - INFO - Data context initialized: Agency='Tharuni', Site='Guntur'
2025-06-02 19:22:29,995 - TharuniApp - INFO - Data will be saved to: data\Tharuni_Guntur_data.csv
2025-06-02 19:22:29,995 - TharuniApp - INFO - PDFs will be saved to: data\reports\2025-06-02
2025-06-02 19:22:29,995 - TharuniApp - INFO - Creating application widgets
2025-06-02 19:22:30,009 - TharuniApp - INFO - Creating main panel with scrollable support
2025-06-02 19:22:30,016 - FormValidator - INFO - FormValidator initialized
2025-06-02 19:22:30,022 - DataManager - INFO - Successfully loaded 59 records from data\Tharuni_Guntur_data.csv
2025-06-02 19:22:39,145 - DataManager - INFO - Successfully loaded 59 records from data\Tharuni_Guntur_data.csv
2025-06-02 19:22:39,145 - TharuniApp - INFO - Main form created in scrollable frame
2025-06-02 19:22:39,148 - DataManager - INFO - CSV structure is up to date
2025-06-02 19:22:39,148 - DataManager - INFO - Data context set to: Agency='Tharuni', Site='Guntur'
2025-06-02 19:22:39,148 - DataManager - INFO - Data file: data\Tharuni_Guntur_data.csv
2025-06-02 19:22:39,149 - DataManager - INFO - CSV structure is up to date
2025-06-02 19:22:39,150 - DataManager - INFO - Data context set to: Agency='Tharuni', Site='Guntur'
2025-06-02 19:22:39,150 - DataManager - INFO - Data file: data\Tharuni_Guntur_data.csv
2025-06-02 19:22:39,151 - DataManager - INFO - CSV structure is up to date
2025-06-02 19:22:39,151 - DataManager - INFO - Data context set to: Agency='Tharuni', Site='Guntur'
2025-06-02 19:22:39,151 - DataManager - INFO - Data file: data\Tharuni_Guntur_data.csv
2025-06-02 19:22:39,152 - PendingVehiclesPanel - INFO - PendingVehiclesPanel initialized
2025-06-02 19:22:39,157 - TharuniApp - ERROR - Error creating main panel: 'PendingVehiclesPanel' object has no attribute 'load_selected_vehicle'
2025-06-02 19:22:39,157 - TharuniApp - ERROR - Error creating widgets: 'PendingVehiclesPanel' object has no attribute 'load_selected_vehicle'
2025-06-02 19:22:39,157 - TharuniApp - ERROR - Critical error during application initialization: 'PendingVehiclesPanel' object has no attribute 'load_selected_vehicle'
2025-06-02 19:22:59,408 - TharuniApp - INFO - ============================================================
2025-06-02 19:22:59,408 - TharuniApp - INFO - APPLICATION STARTUP WITH AUTO UPLOAD QUEUE
2025-06-02 19:22:59,408 - TharuniApp - INFO - ============================================================
2025-06-02 19:22:59,412 - TharuniApp - INFO - Configuration setup completed
2025-06-02 19:22:59,412 - DataManager - INFO - DataManager initialized with OFFLINE-FIRST approach + AUTO UPLOAD QUEUE
2025-06-02 19:22:59,413 - DataManager - INFO - CSV structure is up to date
2025-06-02 19:22:59,413 - DataManager - INFO - Daily PDF folder structure ready:
2025-06-02 19:22:59,414 - DataManager - INFO -   Base reports folder: data\reports
2025-06-02 19:22:59,414 - DataManager - INFO -   Today's folder: data\reports\2025-06-02
2025-06-02 19:22:59,415 - DataManager - INFO - Data file: data\weighbridge_data.csv
2025-06-02 19:22:59,415 - DataManager - INFO - Reports folder: data\reports
2025-06-02 19:22:59,415 - DataManager - INFO - JSON backup folder: data\json_backups
2025-06-02 19:22:59,415 - DataManager - INFO - PDF folder: data\reports\2025-06-02
2025-06-02 19:22:59,416 - DataManager - INFO - Cloud storage will only be initialized when backup is requested
2025-06-02 19:22:59,417 - AutoUploadQueue - INFO - Loaded 0 items from queue
2025-06-02 19:22:59,417 - AutoUploadQueue - INFO - Upload worker started
2025-06-02 19:22:59,417 - AutoUploadQueue - INFO - Background upload worker started
2025-06-02 19:22:59,417 - AutoUploadQueue - INFO - AutoUploadQueue initialized
2025-06-02 19:22:59,418 - DataManager - INFO - ✅ Auto upload queue initialized
2025-06-02 19:22:59,418 - TharuniApp - INFO - Data manager with auto upload queue initialized
2025-06-02 19:22:59,419 - TharuniApp - INFO - Settings storage initialized
2025-06-02 19:22:59,421 - TharuniApp - INFO - UI styles initialized
2025-06-02 19:22:59,422 - TharuniApp - INFO - Starting user authentication
2025-06-02 19:23:02,330 - TharuniApp - INFO - Authentication successful: admin
2025-06-02 19:23:02,330 - TharuniApp - INFO - User logged in: admin (Role: admin)
2025-06-02 19:23:02,330 - TharuniApp - INFO - Setting up data context
2025-06-02 19:23:02,331 - DataManager - INFO - CSV structure is up to date
2025-06-02 19:23:02,331 - DataManager - INFO - Data context set to: Agency='Tharuni', Site='Guntur'
2025-06-02 19:23:02,331 - DataManager - INFO - Data file: data\Tharuni_Guntur_data.csv
2025-06-02 19:23:02,332 - TharuniApp - INFO - Data context initialized: Agency='Tharuni', Site='Guntur'
2025-06-02 19:23:02,332 - TharuniApp - INFO - Data will be saved to: data\Tharuni_Guntur_data.csv
2025-06-02 19:23:02,332 - TharuniApp - INFO - PDFs will be saved to: data\reports\2025-06-02
2025-06-02 19:23:02,332 - TharuniApp - INFO - Creating application widgets
2025-06-02 19:23:02,348 - TharuniApp - INFO - Creating main panel with scrollable support
2025-06-02 19:23:02,353 - FormValidator - INFO - FormValidator initialized
2025-06-02 19:23:02,363 - DataManager - INFO - Successfully loaded 59 records from data\Tharuni_Guntur_data.csv
2025-06-02 19:23:11,402 - DataManager - INFO - Successfully loaded 59 records from data\Tharuni_Guntur_data.csv
2025-06-02 19:23:11,402 - TharuniApp - INFO - Main form created in scrollable frame
2025-06-02 19:23:11,404 - DataManager - INFO - CSV structure is up to date
2025-06-02 19:23:11,405 - DataManager - INFO - Data context set to: Agency='Tharuni', Site='Guntur'
2025-06-02 19:23:11,405 - DataManager - INFO - Data file: data\Tharuni_Guntur_data.csv
2025-06-02 19:23:11,406 - DataManager - INFO - CSV structure is up to date
2025-06-02 19:23:11,406 - DataManager - INFO - Data context set to: Agency='Tharuni', Site='Guntur'
2025-06-02 19:23:11,406 - DataManager - INFO - Data file: data\Tharuni_Guntur_data.csv
2025-06-02 19:23:11,407 - DataManager - INFO - CSV structure is up to date
2025-06-02 19:23:11,408 - DataManager - INFO - Data context set to: Agency='Tharuni', Site='Guntur'
2025-06-02 19:23:11,408 - DataManager - INFO - Data file: data\Tharuni_Guntur_data.csv
2025-06-02 19:23:11,409 - PendingVehiclesPanel - INFO - PendingVehiclesPanel initialized
2025-06-02 19:23:11,414 - PendingVehiclesPanel - INFO - Refreshing pending vehicles list
2025-06-02 19:23:11,415 - DataManager - INFO - Successfully loaded 59 records from data\Tharuni_Guntur_data.csv
2025-06-02 19:23:11,415 - PendingVehiclesPanel - INFO - Retrieved 59 total records
2025-06-02 19:23:11,416 - PendingVehiclesPanel - INFO - Found 0 pending records
2025-06-02 19:23:11,416 - PendingVehiclesPanel - INFO - Successfully refreshed pending list with 0 items
2025-06-02 19:23:11,416 - TharuniApp - INFO - Pending vehicles panel created
2025-06-02 19:23:11,639 - TharuniApp - INFO - Main panel creation completed with scrollable support
2025-06-02 19:23:11,668 - TharuniApp - INFO - Summary panel created
2025-06-02 19:23:11,817 - DataManager - INFO - DataManager initialized with OFFLINE-FIRST approach + AUTO UPLOAD QUEUE
2025-06-02 19:23:11,818 - DataManager - INFO - CSV structure is up to date
2025-06-02 19:23:11,819 - DataManager - INFO - Daily PDF folder structure ready:
2025-06-02 19:23:11,819 - DataManager - INFO -   Base reports folder: data\reports
2025-06-02 19:23:11,820 - DataManager - INFO -   Today's folder: data\reports\2025-06-02
2025-06-02 19:23:11,821 - DataManager - INFO - Data file: data\Tharuni_Guntur_data.csv
2025-06-02 19:23:11,821 - DataManager - INFO - Reports folder: data\reports
2025-06-02 19:23:11,821 - DataManager - INFO - JSON backup folder: data\json_backups
2025-06-02 19:23:11,822 - DataManager - INFO - PDF folder: data\reports\2025-06-02
2025-06-02 19:23:11,822 - DataManager - INFO - Cloud storage will only be initialized when backup is requested
2025-06-02 19:23:11,823 - AutoUploadQueue - INFO - Loaded 0 items from queue
2025-06-02 19:23:11,824 - AutoUploadQueue - INFO - Upload worker started
2025-06-02 19:23:11,824 - AutoUploadQueue - INFO - Background upload worker started
2025-06-02 19:23:11,825 - AutoUploadQueue - INFO - AutoUploadQueue initialized
2025-06-02 19:23:11,825 - DataManager - INFO - ✅ Auto upload queue initialized
2025-06-02 19:23:11,938 - DataManager - INFO - DataManager initialized with OFFLINE-FIRST approach + AUTO UPLOAD QUEUE
2025-06-02 19:23:11,939 - DataManager - INFO - CSV structure is up to date
2025-06-02 19:23:11,940 - DataManager - INFO - Daily PDF folder structure ready:
2025-06-02 19:23:11,940 - DataManager - INFO -   Base reports folder: data\reports
2025-06-02 19:23:11,940 - DataManager - INFO -   Today's folder: data\reports\2025-06-02
2025-06-02 19:23:11,941 - DataManager - INFO - Data file: data\Tharuni_Guntur_data.csv
2025-06-02 19:23:11,942 - DataManager - INFO - Reports folder: data\reports
2025-06-02 19:23:11,942 - DataManager - INFO - JSON backup folder: data\json_backups
2025-06-02 19:23:11,942 - DataManager - INFO - PDF folder: data\reports\2025-06-02
2025-06-02 19:23:11,943 - DataManager - INFO - Cloud storage will only be initialized when backup is requested
2025-06-02 19:23:11,944 - AutoUploadQueue - INFO - Loaded 0 items from queue
2025-06-02 19:23:11,944 - AutoUploadQueue - INFO - Upload worker started
2025-06-02 19:23:11,945 - AutoUploadQueue - INFO - Background upload worker started
2025-06-02 19:23:11,945 - AutoUploadQueue - INFO - AutoUploadQueue initialized
2025-06-02 19:23:11,946 - DataManager - INFO - ✅ Auto upload queue initialized
2025-06-02 19:23:12,154 - TharuniApp - INFO - ✅ Data manager references set in settings panel
2025-06-02 19:23:12,154 - TharuniApp - INFO -    - settings_panel.app_data_manager: True
2025-06-02 19:23:12,155 - TharuniApp - INFO -    - settings_panel.data_manager: True
2025-06-02 19:23:12,155 - TharuniApp - INFO -    - settings_tab.data_manager: True
2025-06-02 19:23:12,156 - TharuniApp - INFO - Widget creation completed successfully
2025-06-02 19:23:12,156 - PendingVehiclesPanel - INFO - Refreshing pending vehicles list
2025-06-02 19:23:12,157 - DataManager - INFO - Successfully loaded 59 records from data\Tharuni_Guntur_data.csv
2025-06-02 19:23:12,158 - PendingVehiclesPanel - INFO - Retrieved 59 total records
2025-06-02 19:23:12,158 - PendingVehiclesPanel - INFO - Found 0 pending records
2025-06-02 19:23:12,158 - PendingVehiclesPanel - INFO - Successfully refreshed pending list with 0 items
2025-06-02 19:23:12,159 - DataManager - INFO - Created new daily folder: data\reports\02-06
2025-06-02 19:23:12,189 - TharuniApp - INFO - Application initialization completed successfully
2025-06-02 19:23:12,220 - TharuniApp - INFO - Auto upload queue status: 0 items queued, worker running
2025-06-02 19:23:13,158 - TharuniApp - INFO - Ensuring settings persistence...
2025-06-02 19:23:13,166 - TharuniApp - INFO - Settings persistence check completed
2025-06-02 19:24:12,161 - PendingVehiclesPanel - INFO - Refreshing pending vehicles list
2025-06-02 19:24:12,163 - DataManager - INFO - Successfully loaded 59 records from data\Tharuni_Guntur_data.csv
2025-06-02 19:24:12,163 - PendingVehiclesPanel - INFO - Retrieved 59 total records
2025-06-02 19:24:12,164 - PendingVehiclesPanel - INFO - Found 0 pending records
2025-06-02 19:24:12,164 - PendingVehiclesPanel - INFO - Successfully refreshed pending list with 0 items
2025-06-02 19:24:39,677 - DataManager - INFO - Successfully loaded 59 records from data\Tharuni_Guntur_data.csv
2025-06-02 19:24:39,699 - DataManager - INFO - Successfully loaded 59 records from data\Tharuni_Guntur_data.csv
2025-06-02 19:24:39,700 - DataManager - INFO - Successfully loaded 59 records from data\Tharuni_Guntur_data.csv
2025-06-02 19:24:40,660 - DataManager - INFO - Successfully loaded 59 records from data\Tharuni_Guntur_data.csv
2025-06-02 19:24:40,662 - DataManager - INFO - Successfully loaded 59 records from data\Tharuni_Guntur_data.csv
2025-06-02 19:24:44,907 - DataManager - INFO - Successfully loaded 59 records from data\Tharuni_Guntur_data.csv
2025-06-02 19:24:44,908 - DataManager - INFO - Successfully loaded 59 records from data\Tharuni_Guntur_data.csv
2025-06-02 19:24:46,569 - DataManager - INFO - Successfully loaded 59 records from data\Tharuni_Guntur_data.csv
2025-06-02 19:24:46,570 - DataManager - INFO - Successfully loaded 59 records from data\Tharuni_Guntur_data.csv
2025-06-02 19:24:54,935 - TharuniApp - INFO - ==================================================
2025-06-02 19:24:54,936 - TharuniApp - INFO - SAVE RECORD OPERATION STARTED
2025-06-02 19:24:54,936 - FormValidator - INFO - Starting comprehensive form validation
2025-06-02 19:24:54,937 - FormValidator - INFO - Validating basic fields
2025-06-02 19:24:54,937 - FormValidator - INFO - Field values: ticket='T0059', vehicle='TS04UA4444', agency='Tharuni'
2025-06-02 19:24:54,938 - FormValidator - INFO - Basic validation passed
2025-06-02 19:24:54,938 - FormValidator - INFO - Validating weighment data
2025-06-02 19:24:54,939 - FormValidator - INFO - Weighment data: first_weight='26980.00', first_timestamp='02-06-2025 19:24:43', second_weight='8670.00', second_timestamp='02-06-2025 19:24:45'
2025-06-02 19:24:54,939 - FormValidator - INFO - Weighment validation passed
2025-06-02 19:24:54,940 - FormValidator - INFO - Validating images for second weighment
2025-06-02 19:24:54,940 - FormValidator - INFO - Images validation for second: front=False, back=False
2025-06-02 19:24:56,507 - DataManager - INFO - Successfully loaded 59 records from data\Tharuni_Guntur_data.csv
2025-06-02 19:24:56,508 - DataManager - INFO - Successfully loaded 59 records from data\Tharuni_Guntur_data.csv
2025-06-02 19:24:56,512 - FormValidator - INFO - User chose to continue without images
2025-06-02 19:24:56,512 - FormValidator - INFO - Form validation passed successfully
2025-06-02 19:24:56,513 - TharuniApp - INFO - Saving record for ticket: T0059
2025-06-02 19:24:56,514 - TharuniApp - INFO - Form data keys: ['date', 'time', 'site_name', 'agency_name', 'material', 'ticket_no', 'vehicle_no', 'transfer_party_name', 'first_weight', 'first_timestamp', 'second_weight', 'second_timestamp', 'net_weight', 'material_type', 'first_front_image', 'first_back_image', 'second_front_image', 'second_back_image', 'site_incharge', 'user_name']
2025-06-02 19:24:56,514 - TharuniApp - INFO - Record is complete: True
2025-06-02 19:24:56,514 - TharuniApp - INFO - Calling data_manager.save_record for T0059
2025-06-02 19:24:56,514 - DataManager - INFO - ==================================================
2025-06-02 19:24:56,515 - DataManager - INFO - STARTING OFFLINE-FIRST RECORD SAVE WITH JSON BACKUP
2025-06-02 19:24:56,515 - DataManager - INFO - Input data keys: ['date', 'time', 'site_name', 'agency_name', 'material', 'ticket_no', 'vehicle_no', 'transfer_party_name', 'first_weight', 'first_timestamp', 'second_weight', 'second_timestamp', 'net_weight', 'material_type', 'first_front_image', 'first_back_image', 'second_front_image', 'second_back_image', 'site_incharge', 'user_name']
2025-06-02 19:24:56,515 - DataManager - INFO - Net weight calculated: 26980.0 - 8670.0 = 18310.00
2025-06-02 19:24:56,516 - DataManager - INFO - Using data file: data\Tharuni_Guntur_data.csv
2025-06-02 19:24:56,517 - DataManager - INFO - Successfully loaded 59 records from data\Tharuni_Guntur_data.csv
2025-06-02 19:24:56,518 - DataManager - INFO - Filtered 59 records to 0 using filter: 't0059'
2025-06-02 19:24:56,519 - DataManager - INFO - Adding new record: T0059
2025-06-02 19:24:56,520 - DataManager - INFO - Adding new record to CSV
2025-06-02 19:24:56,520 - DataManager - INFO - Record data: ['02-06-2025', '19:24:56', 'Guntur', 'Tharuni', 'Inert', 'T0059', 'TS04UA4444', 'Jindal', '26980.00', '02-06-2025 19:24:43', '8670.00', '02-06-2025 19:24:45', '18310.00', 'Inert', '', '', '', '', '', 'admin']
2025-06-02 19:24:56,521 - DataManager - INFO - ✅ New record added to data\Tharuni_Guntur_data.csv
2025-06-02 19:24:56,522 - DataManager - INFO - ✅ Record T0059 saved to local CSV successfully
2025-06-02 19:24:56,522 - DataManager - INFO - Record completion status: True
2025-06-02 19:24:56,523 - DataManager - INFO - Complete record detected - saving JSON backup locally...
2025-06-02 19:24:56,523 - DataManager - INFO - Created new daily JSON folder: data\json_backups\2025-06-02
2025-06-02 19:24:56,524 - DataManager - INFO - ✅ JSON backup saved: data\json_backups\2025-06-02\T0059_Tharuni_Guntur_192456.json
2025-06-02 19:24:56,525 - DataManager - INFO - ✅ JSON backup saved locally for T0059
2025-06-02 19:24:56,525 - DataManager - INFO - Complete record detected for ticket T0059 - generating PDF locally...
2025-06-02 19:24:56,526 - DataManager - INFO - Today's reports folder ensured: data\reports\2025-06-02
2025-06-02 19:24:56,526 - DataManager - INFO - Reports will be saved to: data\reports\2025-06-02
2025-06-02 19:24:56,527 - DataManager - INFO - Today's reports folder ensured: data\reports\2025-06-02
2025-06-02 19:24:56,529 - DataManager - INFO - SIMPLE TEST - Net display: '18310.00 kg'
2025-06-02 19:24:56,530 - DataManager - INFO - Building PDF document: data\reports\2025-06-02\Tharuni_Guntur_T0059_TS04UA4444_192456.pdf
2025-06-02 19:24:56,543 - DataManager - INFO - PDF created successfully: data\reports\2025-06-02\Tharuni_Guntur_T0059_TS04UA4444_192456.pdf (2964 bytes)
2025-06-02 19:24:56,543 - DataManager - INFO - Auto-generated PDF: data\reports\2025-06-02\Tharuni_Guntur_T0059_TS04UA4444_192456.pdf
2025-06-02 19:24:56,543 - DataManager - INFO - PDF saved to today's reports folder: data\reports\2025-06-02
2025-06-02 19:24:56,544 - DataManager - INFO - ✅ PDF auto-generated locally: data\reports\2025-06-02\Tharuni_Guntur_T0059_TS04UA4444_192456.pdf
2025-06-02 19:24:56,544 - DataManager - INFO - Adding complete record files to auto upload queue...
2025-06-02 19:24:56,545 - AutoUploadQueue - INFO - Added to upload queue: json - T0059_Tharuni_Guntur_192456.json
2025-06-02 19:24:56,546 - AutoUploadQueue - INFO - Added to upload queue: pdf - Tharuni_Guntur_T0059_TS04UA4444_192456.pdf
2025-06-02 19:24:56,547 - AutoUploadQueue - INFO - Queued 2 files for ticket T0059
2025-06-02 19:24:56,547 - DataManager - INFO - ✅ Added 2 files to auto upload queue
2025-06-02 19:24:57,688 - DataManager - INFO - Successfully loaded 60 records from data\Tharuni_Guntur_data.csv
2025-06-02 19:24:57,689 - DataManager - INFO - Successfully loaded 60 records from data\Tharuni_Guntur_data.csv
2025-06-02 19:24:57,694 - DataManager - INFO - ✅ OFFLINE-FIRST SAVE COMPLETED - Local CSV, JSON backup, PDF generated, and files queued for auto upload
2025-06-02 19:24:57,694 - DataManager - INFO - 📂 PDF saved to today's reports folder: data\reports\2025-06-02
2025-06-02 19:24:57,695 - DataManager - INFO - 🔄 Auto upload queue: 2 items pending
2025-06-02 19:24:57,696 - DataManager - INFO - 💡 Cloud upload will happen automatically when internet is available
2025-06-02 19:24:57,696 - DataManager - INFO - ==================================================
2025-06-02 19:24:57,696 - TharuniApp - INFO - ✅ Record T0059 saved successfully
2025-06-02 19:24:57,702 - TharuniApp - INFO - ✅ Ticket T0059 completed - counter incremented
2025-06-02 19:24:57,702 - TharuniApp - INFO - Removing T0059 from pending vehicles list
2025-06-02 19:24:57,702 - PendingVehiclesPanel - INFO - Attempting to remove ticket T0059 from pending list
2025-06-02 19:24:57,703 - PendingVehiclesPanel - WARNING - Ticket T0059 not found in pending list for removal
2025-06-02 19:24:57,703 - PendingVehiclesPanel - INFO - Refreshing pending vehicles list
2025-06-02 19:24:57,704 - DataManager - INFO - Successfully loaded 60 records from data\Tharuni_Guntur_data.csv
2025-06-02 19:24:57,704 - PendingVehiclesPanel - INFO - Retrieved 60 total records
2025-06-02 19:24:57,704 - PendingVehiclesPanel - INFO - Found 0 pending records
2025-06-02 19:24:57,704 - PendingVehiclesPanel - INFO - Successfully refreshed pending list with 0 items
2025-06-02 19:24:58,036 - TharuniApp - INFO - ✅ Complete record processing finished for T0059
2025-06-02 19:24:58,037 - DataManager - INFO - Successfully loaded 60 records from data\Tharuni_Guntur_data.csv
2025-06-02 19:24:58,037 - DataManager - INFO - Returning all 60 records (no filter)
2025-06-02 19:24:58,039 - PendingVehiclesPanel - INFO - Refreshing pending vehicles list
2025-06-02 19:24:58,039 - DataManager - INFO - Successfully loaded 60 records from data\Tharuni_Guntur_data.csv
2025-06-02 19:24:58,040 - PendingVehiclesPanel - INFO - Retrieved 60 total records
2025-06-02 19:24:58,040 - PendingVehiclesPanel - INFO - Found 0 pending records
2025-06-02 19:24:58,040 - PendingVehiclesPanel - INFO - Successfully refreshed pending list with 0 items
2025-06-02 19:24:58,041 - TharuniApp - INFO - SAVE RECORD OPERATION COMPLETED SUCCESSFULLY
2025-06-02 19:24:58,041 - TharuniApp - INFO - ==================================================
2025-06-02 19:25:02,124 - DataManager - INFO - Successfully loaded 60 records from data\Tharuni_Guntur_data.csv
2025-06-02 19:25:02,142 - DataManager - INFO - Successfully loaded 60 records from data\Tharuni_Guntur_data.csv
2025-06-02 19:25:02,144 - DataManager - INFO - Successfully loaded 60 records from data\Tharuni_Guntur_data.csv
2025-06-02 19:25:03,163 - DataManager - INFO - Successfully loaded 60 records from data\Tharuni_Guntur_data.csv
2025-06-02 19:25:03,164 - DataManager - INFO - Successfully loaded 60 records from data\Tharuni_Guntur_data.csv
2025-06-02 19:25:04,832 - DataManager - INFO - CSV structure is up to date
2025-06-02 19:25:04,832 - DataManager - INFO - Data context set to: Agency='Tharuni', Site='Guntur'
2025-06-02 19:25:04,833 - DataManager - INFO - Data file: data\Tharuni_Guntur_data.csv
2025-06-02 19:25:12,171 - PendingVehiclesPanel - INFO - Refreshing pending vehicles list
2025-06-02 19:25:12,175 - DataManager - INFO - Successfully loaded 60 records from data\Tharuni_Guntur_data.csv
2025-06-02 19:25:12,176 - PendingVehiclesPanel - INFO - Retrieved 60 total records
2025-06-02 19:25:12,177 - PendingVehiclesPanel - INFO - Found 0 pending records
2025-06-02 19:25:12,178 - PendingVehiclesPanel - INFO - Successfully refreshed pending list with 0 items
2025-06-02 19:25:12,181 - DataManager - INFO - Created new daily folder: data\reports\02-06
2025-06-02 19:25:12,239 - TharuniApp - INFO - ==================================================
2025-06-02 19:25:12,239 - TharuniApp - INFO - SAVE RECORD OPERATION STARTED
2025-06-02 19:25:12,240 - FormValidator - INFO - Starting comprehensive form validation
2025-06-02 19:25:12,240 - FormValidator - INFO - Validating basic fields
2025-06-02 19:25:12,240 - FormValidator - INFO - Field values: ticket='T0060', vehicle='TS05X0555', agency='Tharuni'
2025-06-02 19:25:12,241 - FormValidator - INFO - Basic validation passed
2025-06-02 19:25:12,241 - FormValidator - INFO - Validating weighment data
2025-06-02 19:25:12,241 - FormValidator - INFO - Weighment data: first_weight='26040.00', first_timestamp='02-06-2025 19:25:08', second_weight='', second_timestamp=''
2025-06-02 19:25:12,242 - FormValidator - INFO - Weighment validation passed
2025-06-02 19:25:12,242 - FormValidator - INFO - Validating images for second weighment
2025-06-02 19:25:12,242 - FormValidator - INFO - Images validation for second: front=False, back=False
2025-06-02 19:25:13,129 - FormValidator - INFO - User chose to continue without images
2025-06-02 19:25:13,129 - FormValidator - INFO - Form validation passed successfully
2025-06-02 19:25:13,130 - TharuniApp - INFO - Saving record for ticket: T0060
2025-06-02 19:25:13,131 - TharuniApp - INFO - Form data keys: ['date', 'time', 'site_name', 'agency_name', 'material', 'ticket_no', 'vehicle_no', 'transfer_party_name', 'first_weight', 'first_timestamp', 'second_weight', 'second_timestamp', 'net_weight', 'material_type', 'first_front_image', 'first_back_image', 'second_front_image', 'second_back_image', 'site_incharge', 'user_name']
2025-06-02 19:25:13,131 - TharuniApp - INFO - Record is complete: False
2025-06-02 19:25:13,132 - TharuniApp - INFO - Calling data_manager.save_record for T0060
2025-06-02 19:25:13,132 - DataManager - INFO - ==================================================
2025-06-02 19:25:13,133 - DataManager - INFO - STARTING OFFLINE-FIRST RECORD SAVE WITH JSON BACKUP
2025-06-02 19:25:13,133 - DataManager - INFO - Input data keys: ['date', 'time', 'site_name', 'agency_name', 'material', 'ticket_no', 'vehicle_no', 'transfer_party_name', 'first_weight', 'first_timestamp', 'second_weight', 'second_timestamp', 'net_weight', 'material_type', 'first_front_image', 'first_back_image', 'second_front_image', 'second_back_image', 'site_incharge', 'user_name']
2025-06-02 19:25:13,133 - DataManager - INFO - Net weight cleared - incomplete weighments
2025-06-02 19:25:13,134 - DataManager - INFO - Using data file: data\Tharuni_Guntur_data.csv
2025-06-02 19:25:13,135 - DataManager - INFO - Successfully loaded 60 records from data\Tharuni_Guntur_data.csv
2025-06-02 19:25:13,136 - DataManager - INFO - Filtered 60 records to 0 using filter: 't0060'
2025-06-02 19:25:13,136 - DataManager - INFO - Adding new record: T0060
2025-06-02 19:25:13,137 - DataManager - INFO - Adding new record to CSV
2025-06-02 19:25:13,137 - DataManager - INFO - Record data: ['02-06-2025', '19:25:13', 'Guntur', 'Tharuni', 'Construction and Demolition', 'T0060', 'TS05X0555', 'Jindal', '26040.00', '02-06-2025 19:25:08', '', '', '', 'Construction and Demolition', '', '', '', '', '', 'admin']
2025-06-02 19:25:13,138 - DataManager - INFO - ✅ New record added to data\Tharuni_Guntur_data.csv
2025-06-02 19:25:13,139 - DataManager - INFO - ✅ Record T0060 saved to local CSV successfully
2025-06-02 19:25:13,139 - DataManager - INFO - Record completion status: False
2025-06-02 19:25:14,089 - DataManager - INFO - ✅ OFFLINE-FIRST SAVE COMPLETED - Local CSV, JSON backup, PDF generated, and files queued for auto upload
2025-06-02 19:25:14,090 - DataManager - INFO - 🔄 Auto upload queue: 2 items pending
2025-06-02 19:25:14,091 - DataManager - INFO - 💡 Cloud upload will happen automatically when internet is available
2025-06-02 19:25:14,091 - DataManager - INFO - ==================================================
2025-06-02 19:25:14,091 - TharuniApp - INFO - ✅ Record T0060 saved successfully
2025-06-02 19:25:14,091 - TharuniApp - INFO - First weighment saved for ticket T0060 - counter NOT incremented
2025-06-02 19:25:14,949 - DataManager - INFO - Successfully loaded 61 records from data\Tharuni_Guntur_data.csv
2025-06-02 19:25:14,950 - DataManager - INFO - Returning all 61 records (no filter)
2025-06-02 19:25:14,951 - PendingVehiclesPanel - INFO - Refreshing pending vehicles list
2025-06-02 19:25:14,952 - DataManager - INFO - Successfully loaded 61 records from data\Tharuni_Guntur_data.csv
2025-06-02 19:25:14,952 - PendingVehiclesPanel - INFO - Retrieved 61 total records
2025-06-02 19:25:14,953 - PendingVehiclesPanel - INFO - Added to pending: T0060
2025-06-02 19:25:14,953 - PendingVehiclesPanel - INFO - Found 1 pending records
2025-06-02 19:25:14,954 - PendingVehiclesPanel - INFO - Successfully refreshed pending list with 1 items
2025-06-02 19:25:14,954 - TharuniApp - INFO - SAVE RECORD OPERATION COMPLETED SUCCESSFULLY
2025-06-02 19:25:14,954 - TharuniApp - INFO - ==================================================
2025-06-02 19:25:17,924 - DataManager - INFO - Successfully loaded 61 records from data\Tharuni_Guntur_data.csv
2025-06-02 19:25:17,942 - DataManager - INFO - Successfully loaded 61 records from data\Tharuni_Guntur_data.csv
2025-06-02 19:25:17,944 - DataManager - INFO - Successfully loaded 61 records from data\Tharuni_Guntur_data.csv
2025-06-02 19:25:19,132 - DataManager - INFO - Successfully loaded 61 records from data\Tharuni_Guntur_data.csv
2025-06-02 19:25:19,134 - DataManager - INFO - Successfully loaded 61 records from data\Tharuni_Guntur_data.csv
2025-06-02 19:25:20,825 - DataManager - INFO - CSV structure is up to date
2025-06-02 19:25:20,825 - DataManager - INFO - Data context set to: Agency='Tharuni', Site='Guntur'
2025-06-02 19:25:20,825 - DataManager - INFO - Data file: data\Tharuni_Guntur_data.csv
2025-06-02 19:25:30,953 - TharuniApp - INFO - ==================================================
2025-06-02 19:25:30,954 - TharuniApp - INFO - SAVE RECORD OPERATION STARTED
2025-06-02 19:25:30,954 - FormValidator - INFO - Starting comprehensive form validation
2025-06-02 19:25:30,955 - FormValidator - INFO - Validating basic fields
2025-06-02 19:25:30,955 - FormValidator - INFO - Field values: ticket='T0060', vehicle='TS06UV0606', agency='Tharuni'
2025-06-02 19:25:30,955 - FormValidator - INFO - Basic validation passed
2025-06-02 19:25:30,956 - FormValidator - INFO - Validating weighment data
2025-06-02 19:25:30,956 - FormValidator - INFO - Weighment data: first_weight='35860.00', first_timestamp='02-06-2025 19:25:26', second_weight='', second_timestamp=''
2025-06-02 19:25:30,957 - FormValidator - INFO - Weighment validation passed
2025-06-02 19:25:30,957 - FormValidator - INFO - Validating images for second weighment
2025-06-02 19:25:30,958 - FormValidator - INFO - Images validation for second: front=False, back=False
2025-06-02 19:25:32,216 - FormValidator - INFO - User chose to continue without images
2025-06-02 19:25:32,217 - FormValidator - INFO - Form validation passed successfully
2025-06-02 19:25:32,218 - TharuniApp - INFO - Saving record for ticket: T0060
2025-06-02 19:25:32,218 - TharuniApp - INFO - Form data keys: ['date', 'time', 'site_name', 'agency_name', 'material', 'ticket_no', 'vehicle_no', 'transfer_party_name', 'first_weight', 'first_timestamp', 'second_weight', 'second_timestamp', 'net_weight', 'material_type', 'first_front_image', 'first_back_image', 'second_front_image', 'second_back_image', 'site_incharge', 'user_name']
2025-06-02 19:25:32,219 - TharuniApp - INFO - Record is complete: False
2025-06-02 19:25:32,219 - TharuniApp - INFO - Calling data_manager.save_record for T0060
2025-06-02 19:25:32,219 - DataManager - INFO - ==================================================
2025-06-02 19:25:32,219 - DataManager - INFO - STARTING OFFLINE-FIRST RECORD SAVE WITH JSON BACKUP
2025-06-02 19:25:32,219 - DataManager - INFO - Input data keys: ['date', 'time', 'site_name', 'agency_name', 'material', 'ticket_no', 'vehicle_no', 'transfer_party_name', 'first_weight', 'first_timestamp', 'second_weight', 'second_timestamp', 'net_weight', 'material_type', 'first_front_image', 'first_back_image', 'second_front_image', 'second_back_image', 'site_incharge', 'user_name']
2025-06-02 19:25:32,220 - DataManager - INFO - Net weight cleared - incomplete weighments
2025-06-02 19:25:32,220 - DataManager - INFO - Using data file: data\Tharuni_Guntur_data.csv
2025-06-02 19:25:32,221 - DataManager - INFO - Successfully loaded 61 records from data\Tharuni_Guntur_data.csv
2025-06-02 19:25:32,221 - DataManager - INFO - Filtered 61 records to 1 using filter: 't0060'
2025-06-02 19:25:32,221 - DataManager - INFO - Updating existing record: T0060
2025-06-02 19:25:32,221 - DataManager - INFO - Updating record T0060 in data\Tharuni_Guntur_data.csv
2025-06-02 19:25:32,222 - DataManager - INFO - Read 61 records from CSV
2025-06-02 19:25:32,222 - DataManager - INFO - Found record to update at index 60
2025-06-02 19:25:32,223 - DataManager - INFO - Updated record data: ['02-06-2025', '19:25:32', 'Guntur', 'Tharuni', 'Soil', 'T0060', 'TS06UV0606', 'Jindal', '35860.00', '02-06-2025 19:25:26', '', '', '', 'Soil', '', '', '', '', '', 'admin']
2025-06-02 19:25:32,230 - DataManager - INFO - ✅ Record T0060 updated in data\Tharuni_Guntur_data.csv
2025-06-02 19:25:32,231 - DataManager - INFO - ✅ Record T0060 saved to local CSV successfully
2025-06-02 19:25:32,232 - DataManager - INFO - Record completion status: False
2025-06-02 19:25:33,754 - DataManager - INFO - ✅ OFFLINE-FIRST SAVE COMPLETED - Local CSV, JSON backup, PDF generated, and files queued for auto upload
2025-06-02 19:25:33,756 - DataManager - INFO - 🔄 Auto upload queue: 2 items pending
2025-06-02 19:25:33,756 - DataManager - INFO - 💡 Cloud upload will happen automatically when internet is available
2025-06-02 19:25:33,756 - DataManager - INFO - ==================================================
2025-06-02 19:25:33,756 - TharuniApp - INFO - ✅ Record T0060 saved successfully
2025-06-02 19:25:33,757 - TharuniApp - INFO - First weighment saved for ticket T0060 - counter NOT incremented
2025-06-02 19:25:34,882 - DataManager - INFO - Successfully loaded 61 records from data\Tharuni_Guntur_data.csv
2025-06-02 19:25:34,882 - DataManager - INFO - Returning all 61 records (no filter)
2025-06-02 19:25:34,884 - PendingVehiclesPanel - INFO - Refreshing pending vehicles list
2025-06-02 19:25:34,885 - DataManager - INFO - Successfully loaded 61 records from data\Tharuni_Guntur_data.csv
2025-06-02 19:25:34,885 - PendingVehiclesPanel - INFO - Retrieved 61 total records
2025-06-02 19:25:34,885 - PendingVehiclesPanel - INFO - Added to pending: T0060
2025-06-02 19:25:34,885 - PendingVehiclesPanel - INFO - Found 1 pending records
2025-06-02 19:25:34,886 - PendingVehiclesPanel - INFO - Successfully refreshed pending list with 1 items
2025-06-02 19:25:34,886 - TharuniApp - INFO - SAVE RECORD OPERATION COMPLETED SUCCESSFULLY
2025-06-02 19:25:34,886 - TharuniApp - INFO - ==================================================
2025-06-02 19:25:54,007 - TharuniApp - INFO - ==================================================
2025-06-02 19:25:54,008 - TharuniApp - INFO - SAVE RECORD OPERATION STARTED
2025-06-02 19:25:54,008 - FormValidator - INFO - Starting comprehensive form validation
2025-06-02 19:25:54,009 - FormValidator - INFO - Validating basic fields
2025-06-02 19:25:54,009 - FormValidator - INFO - Field values: ticket='T0060', vehicle='', agency=''
2025-06-02 19:25:54,010 - FormValidator - ERROR - Basic validation failed: Please fill in the following required fields: Vehicle No, Agency Name
2025-06-02 19:25:55,370 - TharuniApp - WARNING - Form validation failed - aborting save
2025-06-02 19:25:55,371 - TharuniApp - INFO - ==================================================
2025-06-02 19:26:00,577 - DataManager - INFO - CSV structure is up to date
2025-06-02 19:26:00,578 - DataManager - INFO - Data context set to: Agency='Tharuni', Site='Guntur'
2025-06-02 19:26:00,578 - DataManager - INFO - Data file: data\Tharuni_Guntur_data.csv
2025-06-02 19:26:07,109 - PendingVehiclesPanel - INFO - Double-clicked on ticket: T0060
2025-06-02 19:26:07,109 - TharuniApp - INFO - Loading pending vehicle: T0060
2025-06-02 19:26:07,110 - DataManager - INFO - Successfully loaded 61 records from data\Tharuni_Guntur_data.csv
2025-06-02 19:26:07,111 - DataManager - INFO - Filtered 61 records to 1 using filter: 't0060'
2025-06-02 19:26:07,112 - DataManager - INFO - CSV structure is up to date
2025-06-02 19:26:07,113 - DataManager - INFO - Data context set to: Agency='Tharuni', Site='Guntur'
2025-06-02 19:26:07,113 - DataManager - INFO - Data file: data\Tharuni_Guntur_data.csv
2025-06-02 19:26:07,116 - TharuniApp - INFO - Successfully loaded pending ticket: T0060
2025-06-02 19:26:12,184 - PendingVehiclesPanel - INFO - Refreshing pending vehicles list
2025-06-02 19:26:12,186 - DataManager - INFO - Successfully loaded 61 records from data\Tharuni_Guntur_data.csv
2025-06-02 19:26:12,186 - PendingVehiclesPanel - INFO - Retrieved 61 total records
2025-06-02 19:26:12,187 - PendingVehiclesPanel - INFO - Added to pending: T0060
2025-06-02 19:26:12,187 - PendingVehiclesPanel - INFO - Found 1 pending records
2025-06-02 19:26:12,188 - PendingVehiclesPanel - INFO - Successfully refreshed pending list with 1 items
2025-06-02 19:26:14,341 - TharuniApp - INFO - ==================================================
2025-06-02 19:26:14,342 - TharuniApp - INFO - SAVE RECORD OPERATION STARTED
2025-06-02 19:26:14,342 - FormValidator - INFO - Starting comprehensive form validation
2025-06-02 19:26:14,343 - FormValidator - INFO - Validating basic fields
2025-06-02 19:26:14,343 - FormValidator - INFO - Field values: ticket='T0060', vehicle='TS06UV0606', agency='Tharuni'
2025-06-02 19:26:14,343 - FormValidator - INFO - Basic validation passed
2025-06-02 19:26:14,344 - FormValidator - INFO - Validating weighment data
2025-06-02 19:26:14,344 - FormValidator - INFO - Weighment data: first_weight='35860.00', first_timestamp='02-06-2025 19:25:26', second_weight='7190.00', second_timestamp='02-06-2025 19:26:10'
2025-06-02 19:26:14,345 - FormValidator - INFO - Weighment validation passed
2025-06-02 19:26:14,345 - FormValidator - INFO - Validating images for second weighment
2025-06-02 19:26:14,346 - FormValidator - INFO - Images validation for second: front=False, back=False
2025-06-02 19:26:15,450 - FormValidator - INFO - User chose to continue without images
2025-06-02 19:26:15,450 - FormValidator - INFO - Form validation passed successfully
2025-06-02 19:26:15,451 - TharuniApp - INFO - Saving record for ticket: T0060
2025-06-02 19:26:15,452 - TharuniApp - INFO - Form data keys: ['date', 'time', 'site_name', 'agency_name', 'material', 'ticket_no', 'vehicle_no', 'transfer_party_name', 'first_weight', 'first_timestamp', 'second_weight', 'second_timestamp', 'net_weight', 'material_type', 'first_front_image', 'first_back_image', 'second_front_image', 'second_back_image', 'site_incharge', 'user_name']
2025-06-02 19:26:15,452 - TharuniApp - INFO - Record is complete: True
2025-06-02 19:26:15,452 - TharuniApp - INFO - Calling data_manager.save_record for T0060
2025-06-02 19:26:15,452 - DataManager - INFO - ==================================================
2025-06-02 19:26:15,453 - DataManager - INFO - STARTING OFFLINE-FIRST RECORD SAVE WITH JSON BACKUP
2025-06-02 19:26:15,453 - DataManager - INFO - Input data keys: ['date', 'time', 'site_name', 'agency_name', 'material', 'ticket_no', 'vehicle_no', 'transfer_party_name', 'first_weight', 'first_timestamp', 'second_weight', 'second_timestamp', 'net_weight', 'material_type', 'first_front_image', 'first_back_image', 'second_front_image', 'second_back_image', 'site_incharge', 'user_name']
2025-06-02 19:26:15,454 - DataManager - INFO - Net weight calculated: 35860.0 - 7190.0 = 28670.00
2025-06-02 19:26:15,454 - DataManager - INFO - Using data file: data\Tharuni_Guntur_data.csv
2025-06-02 19:26:15,455 - DataManager - INFO - Successfully loaded 61 records from data\Tharuni_Guntur_data.csv
2025-06-02 19:26:15,456 - DataManager - INFO - Filtered 61 records to 1 using filter: 't0060'
2025-06-02 19:26:15,456 - DataManager - INFO - Updating existing record: T0060
2025-06-02 19:26:15,457 - DataManager - INFO - Updating record T0060 in data\Tharuni_Guntur_data.csv
2025-06-02 19:26:15,458 - DataManager - INFO - Read 61 records from CSV
2025-06-02 19:26:15,458 - DataManager - INFO - Found record to update at index 60
2025-06-02 19:26:15,458 - DataManager - INFO - Updated record data: ['02-06-2025', '19:26:15', 'Guntur', 'Tharuni', 'Inert', 'T0060', 'TS06UV0606', 'Jindal', '35860.00', '02-06-2025 19:25:26', '7190.00', '02-06-2025 19:26:10', '28670.00', 'Inert', '', '', '', '', '', 'admin']
2025-06-02 19:26:15,461 - DataManager - INFO - ✅ Record T0060 updated in data\Tharuni_Guntur_data.csv
2025-06-02 19:26:15,461 - DataManager - INFO - ✅ Record T0060 saved to local CSV successfully
2025-06-02 19:26:15,461 - DataManager - INFO - Record completion status: True
2025-06-02 19:26:15,461 - DataManager - INFO - Complete record detected - saving JSON backup locally...
2025-06-02 19:26:15,462 - DataManager - INFO - Created new daily JSON folder: data\json_backups\2025-06-02
2025-06-02 19:26:15,463 - DataManager - INFO - ✅ JSON backup saved: data\json_backups\2025-06-02\T0060_Tharuni_Guntur_192615.json
2025-06-02 19:26:15,463 - DataManager - INFO - ✅ JSON backup saved locally for T0060
2025-06-02 19:26:15,464 - DataManager - INFO - Complete record detected for ticket T0060 - generating PDF locally...
2025-06-02 19:26:15,464 - DataManager - INFO - Today's reports folder ensured: data\reports\2025-06-02
2025-06-02 19:26:15,464 - DataManager - INFO - Reports will be saved to: data\reports\2025-06-02
2025-06-02 19:26:15,465 - DataManager - INFO - Today's reports folder ensured: data\reports\2025-06-02
2025-06-02 19:26:15,468 - DataManager - INFO - SIMPLE TEST - Net display: '28670.00 kg'
2025-06-02 19:26:15,469 - DataManager - INFO - Building PDF document: data\reports\2025-06-02\Tharuni_Guntur_T0060_TS06UV0606_192615.pdf
2025-06-02 19:26:15,477 - DataManager - INFO - PDF created successfully: data\reports\2025-06-02\Tharuni_Guntur_T0060_TS06UV0606_192615.pdf (2969 bytes)
2025-06-02 19:26:15,477 - DataManager - INFO - Auto-generated PDF: data\reports\2025-06-02\Tharuni_Guntur_T0060_TS06UV0606_192615.pdf
2025-06-02 19:26:15,477 - DataManager - INFO - PDF saved to today's reports folder: data\reports\2025-06-02
2025-06-02 19:26:15,478 - DataManager - INFO - ✅ PDF auto-generated locally: data\reports\2025-06-02\Tharuni_Guntur_T0060_TS06UV0606_192615.pdf
2025-06-02 19:26:15,478 - DataManager - INFO - Adding complete record files to auto upload queue...
2025-06-02 19:26:15,479 - AutoUploadQueue - INFO - Added to upload queue: json - T0060_Tharuni_Guntur_192615.json
2025-06-02 19:26:15,481 - AutoUploadQueue - INFO - Added to upload queue: pdf - Tharuni_Guntur_T0060_TS06UV0606_192615.pdf
2025-06-02 19:26:15,481 - AutoUploadQueue - INFO - Queued 2 files for ticket T0060
2025-06-02 19:26:15,481 - DataManager - INFO - ✅ Added 2 files to auto upload queue
2025-06-02 19:26:16,850 - DataManager - INFO - ✅ OFFLINE-FIRST SAVE COMPLETED - Local CSV, JSON backup, PDF generated, and files queued for auto upload
2025-06-02 19:26:16,851 - DataManager - INFO - 📂 PDF saved to today's reports folder: data\reports\2025-06-02
2025-06-02 19:26:16,853 - DataManager - INFO - 🔄 Auto upload queue: 4 items pending
2025-06-02 19:26:16,853 - DataManager - INFO - 💡 Cloud upload will happen automatically when internet is available
2025-06-02 19:26:16,854 - DataManager - INFO - ==================================================
2025-06-02 19:26:16,854 - TharuniApp - INFO - ✅ Record T0060 saved successfully
2025-06-02 19:26:16,859 - TharuniApp - INFO - ✅ Ticket T0060 completed - counter incremented
2025-06-02 19:26:16,859 - TharuniApp - INFO - Removing T0060 from pending vehicles list
2025-06-02 19:26:16,859 - PendingVehiclesPanel - INFO - Attempting to remove ticket T0060 from pending list
2025-06-02 19:26:16,860 - PendingVehiclesPanel - INFO - Removed ticket T0060 from pending list
2025-06-02 19:26:16,879 - TharuniApp - INFO - ✅ Complete record processing finished for T0060
2025-06-02 19:26:16,892 - DataManager - INFO - Successfully loaded 61 records from data\Tharuni_Guntur_data.csv
2025-06-02 19:26:16,892 - DataManager - INFO - Returning all 61 records (no filter)
2025-06-02 19:26:16,894 - PendingVehiclesPanel - INFO - Refreshing pending vehicles list
2025-06-02 19:26:16,894 - DataManager - INFO - Successfully loaded 61 records from data\Tharuni_Guntur_data.csv
2025-06-02 19:26:16,895 - PendingVehiclesPanel - INFO - Retrieved 61 total records
2025-06-02 19:26:16,895 - PendingVehiclesPanel - INFO - Found 0 pending records
2025-06-02 19:26:16,895 - PendingVehiclesPanel - INFO - Successfully refreshed pending list with 0 items
2025-06-02 19:26:16,896 - TharuniApp - INFO - SAVE RECORD OPERATION COMPLETED SUCCESSFULLY
2025-06-02 19:26:16,896 - TharuniApp - INFO - ==================================================
2025-06-02 19:26:22,419 - DataManager - INFO - Successfully loaded 61 records from data\Tharuni_Guntur_data.csv
2025-06-02 19:26:22,425 - DataManager - INFO - Successfully loaded 61 records from data\Tharuni_Guntur_data.csv
2025-06-02 19:26:22,426 - DataManager - INFO - Successfully loaded 61 records from data\Tharuni_Guntur_data.csv
2025-06-02 19:26:23,960 - DataManager - INFO - Successfully loaded 61 records from data\Tharuni_Guntur_data.csv
2025-06-02 19:26:23,961 - DataManager - INFO - Successfully loaded 61 records from data\Tharuni_Guntur_data.csv
2025-06-02 19:26:25,864 - DataManager - INFO - CSV structure is up to date
2025-06-02 19:26:25,864 - DataManager - INFO - Data context set to: Agency='Tharuni', Site='Guntur'
2025-06-02 19:26:25,865 - DataManager - INFO - Data file: data\Tharuni_Guntur_data.csv
2025-06-02 19:26:30,395 - TharuniApp - INFO - ==================================================
2025-06-02 19:26:30,395 - TharuniApp - INFO - SAVE RECORD OPERATION STARTED
2025-06-02 19:26:30,395 - FormValidator - INFO - Starting comprehensive form validation
2025-06-02 19:26:30,396 - FormValidator - INFO - Validating basic fields
2025-06-02 19:26:30,396 - FormValidator - INFO - Field values: ticket='T0061', vehicle='AP39V6553', agency='Tharuni'
2025-06-02 19:26:30,396 - FormValidator - INFO - Basic validation passed
2025-06-02 19:26:30,397 - FormValidator - INFO - Validating weighment data
2025-06-02 19:26:30,397 - FormValidator - INFO - Weighment data: first_weight='37970.00', first_timestamp='02-06-2025 19:26:26', second_weight='', second_timestamp=''
2025-06-02 19:26:30,397 - FormValidator - INFO - Weighment validation passed
2025-06-02 19:26:30,398 - FormValidator - INFO - Validating images for second weighment
2025-06-02 19:26:30,398 - FormValidator - INFO - Images validation for second: front=False, back=False
2025-06-02 19:26:31,743 - FormValidator - INFO - User chose to continue without images
2025-06-02 19:26:31,744 - FormValidator - INFO - Form validation passed successfully
2025-06-02 19:26:31,745 - TharuniApp - INFO - Saving record for ticket: T0061
2025-06-02 19:26:31,745 - TharuniApp - INFO - Form data keys: ['date', 'time', 'site_name', 'agency_name', 'material', 'ticket_no', 'vehicle_no', 'transfer_party_name', 'first_weight', 'first_timestamp', 'second_weight', 'second_timestamp', 'net_weight', 'material_type', 'first_front_image', 'first_back_image', 'second_front_image', 'second_back_image', 'site_incharge', 'user_name']
2025-06-02 19:26:31,745 - TharuniApp - INFO - Record is complete: False
2025-06-02 19:26:31,745 - TharuniApp - INFO - Calling data_manager.save_record for T0061
2025-06-02 19:26:31,746 - DataManager - INFO - ==================================================
2025-06-02 19:26:31,746 - DataManager - INFO - STARTING OFFLINE-FIRST RECORD SAVE WITH JSON BACKUP
2025-06-02 19:26:31,746 - DataManager - INFO - Input data keys: ['date', 'time', 'site_name', 'agency_name', 'material', 'ticket_no', 'vehicle_no', 'transfer_party_name', 'first_weight', 'first_timestamp', 'second_weight', 'second_timestamp', 'net_weight', 'material_type', 'first_front_image', 'first_back_image', 'second_front_image', 'second_back_image', 'site_incharge', 'user_name']
2025-06-02 19:26:31,746 - DataManager - INFO - Net weight cleared - incomplete weighments
2025-06-02 19:26:31,747 - DataManager - INFO - Using data file: data\Tharuni_Guntur_data.csv
2025-06-02 19:26:31,747 - DataManager - INFO - Successfully loaded 61 records from data\Tharuni_Guntur_data.csv
2025-06-02 19:26:31,748 - DataManager - INFO - Filtered 61 records to 0 using filter: 't0061'
2025-06-02 19:26:31,748 - DataManager - INFO - Adding new record: T0061
2025-06-02 19:26:31,749 - DataManager - INFO - Adding new record to CSV
2025-06-02 19:26:31,750 - DataManager - INFO - Record data: ['02-06-2025', '19:26:31', 'Guntur', 'Tharuni', 'Inert', 'T0061', 'AP39V6553', 'Jindal', '37970.00', '02-06-2025 19:26:26', '', '', '', 'Inert', '', '', '', '', '', 'admin']
2025-06-02 19:26:31,751 - DataManager - INFO - ✅ New record added to data\Tharuni_Guntur_data.csv
2025-06-02 19:26:31,754 - DataManager - INFO - ✅ Record T0061 saved to local CSV successfully
2025-06-02 19:26:31,754 - DataManager - INFO - Record completion status: False
2025-06-02 19:26:32,535 - DataManager - INFO - ✅ OFFLINE-FIRST SAVE COMPLETED - Local CSV, JSON backup, PDF generated, and files queued for auto upload
2025-06-02 19:26:32,536 - DataManager - INFO - 🔄 Auto upload queue: 4 items pending
2025-06-02 19:26:32,536 - DataManager - INFO - 💡 Cloud upload will happen automatically when internet is available
2025-06-02 19:26:32,537 - DataManager - INFO - ==================================================
2025-06-02 19:26:32,537 - TharuniApp - INFO - ✅ Record T0061 saved successfully
2025-06-02 19:26:32,537 - TharuniApp - INFO - First weighment saved for ticket T0061 - counter NOT incremented
2025-06-02 19:26:34,220 - DataManager - INFO - Successfully loaded 62 records from data\Tharuni_Guntur_data.csv
2025-06-02 19:26:34,220 - DataManager - INFO - Returning all 62 records (no filter)
2025-06-02 19:26:34,222 - PendingVehiclesPanel - INFO - Refreshing pending vehicles list
2025-06-02 19:26:34,223 - DataManager - INFO - Successfully loaded 62 records from data\Tharuni_Guntur_data.csv
2025-06-02 19:26:34,223 - PendingVehiclesPanel - INFO - Retrieved 62 total records
2025-06-02 19:26:34,223 - PendingVehiclesPanel - INFO - Added to pending: T0061
2025-06-02 19:26:34,224 - PendingVehiclesPanel - INFO - Found 1 pending records
2025-06-02 19:26:34,224 - PendingVehiclesPanel - INFO - Successfully refreshed pending list with 1 items
2025-06-02 19:26:34,224 - TharuniApp - INFO - SAVE RECORD OPERATION COMPLETED SUCCESSFULLY
2025-06-02 19:26:34,224 - TharuniApp - INFO - ==================================================
2025-06-02 19:26:54,181 - DataManager - INFO - CSV structure is up to date
2025-06-02 19:26:54,182 - DataManager - INFO - Data context set to: Agency='Tharuni', Site='Guntur'
2025-06-02 19:26:54,182 - DataManager - INFO - Data file: data\Tharuni_Guntur_data.csv
2025-06-02 19:27:03,465 - TharuniApp - INFO - Updating camera settings: {'front_camera_type': 'HTTP', 'front_camera_index': 1, 'front_rtsp_username': '', 'front_rtsp_password': '', 'front_rtsp_ip': '', 'front_rtsp_port': '8554', 'front_rtsp_endpoint': '/stream', 'front_http_username': '', 'front_http_password': '', 'front_http_ip': '', 'front_http_port': '80', 'front_http_endpoint': '/mjpeg', 'back_camera_type': 'HTTP', 'back_camera_index': 0, 'back_rtsp_username': '', 'back_rtsp_password': '', 'back_rtsp_ip': '', 'back_rtsp_port': '8555', 'back_rtsp_endpoint': '/stream', 'back_http_username': '', 'back_http_password': '', 'back_http_ip': '', 'back_http_port': '80', 'back_http_endpoint': '/mjpeg'}
2025-06-02 19:27:03,471 - TharuniApp - INFO - Camera settings saved for persistence
2025-06-02 19:27:05,951 - TharuniApp - INFO - ============================================================
2025-06-02 19:27:05,951 - TharuniApp - INFO - APPLICATION STARTUP WITH AUTO UPLOAD QUEUE
2025-06-02 19:27:05,951 - TharuniApp - INFO - ============================================================
2025-06-02 19:27:05,955 - TharuniApp - INFO - Configuration setup completed
2025-06-02 19:27:05,955 - DataManager - INFO - DataManager initialized with OFFLINE-FIRST approach + AUTO UPLOAD QUEUE
2025-06-02 19:27:05,956 - DataManager - INFO - CSV structure is up to date
2025-06-02 19:27:05,957 - DataManager - INFO - Daily PDF folder structure ready:
2025-06-02 19:27:05,957 - DataManager - INFO -   Base reports folder: data\reports
2025-06-02 19:27:05,958 - DataManager - INFO -   Today's folder: data\reports\2025-06-02
2025-06-02 19:27:05,958 - DataManager - INFO - Data file: data\weighbridge_data.csv
2025-06-02 19:27:05,959 - DataManager - INFO - Reports folder: data\reports
2025-06-02 19:27:05,959 - DataManager - INFO - JSON backup folder: data\json_backups
2025-06-02 19:27:05,959 - DataManager - INFO - PDF folder: data\reports\2025-06-02
2025-06-02 19:27:05,959 - DataManager - INFO - Cloud storage will only be initialized when backup is requested
2025-06-02 19:27:05,970 - AutoUploadQueue - INFO - Loaded queued item: data\json_backups\2025-06-02\T0059_Tharuni_Guntur_192456.json
2025-06-02 19:27:05,970 - AutoUploadQueue - INFO - Loaded queued item: data\reports\2025-06-02\Tharuni_Guntur_T0059_TS04UA4444_192456.pdf
2025-06-02 19:27:05,971 - AutoUploadQueue - INFO - Loaded queued item: data\json_backups\2025-06-02\T0060_Tharuni_Guntur_192615.json
2025-06-02 19:27:05,971 - AutoUploadQueue - INFO - Loaded queued item: data\reports\2025-06-02\Tharuni_Guntur_T0060_TS06UV0606_192615.pdf
2025-06-02 19:27:05,972 - AutoUploadQueue - INFO - Loaded 4 items from queue
2025-06-02 19:27:05,972 - AutoUploadQueue - INFO - Upload worker started
2025-06-02 19:27:05,972 - AutoUploadQueue - INFO - Background upload worker started
2025-06-02 19:27:05,973 - AutoUploadQueue - INFO - AutoUploadQueue initialized
2025-06-02 19:27:05,973 - DataManager - INFO - ✅ Auto upload queue initialized
2025-06-02 19:27:05,974 - TharuniApp - INFO - Data manager with auto upload queue initialized
2025-06-02 19:27:05,978 - TharuniApp - INFO - Settings storage initialized
2025-06-02 19:27:05,982 - TharuniApp - INFO - UI styles initialized
2025-06-02 19:27:05,982 - TharuniApp - INFO - Starting user authentication
2025-06-02 19:27:36,033 - AutoUploadQueue - INFO - Internet available, processing upload queue...
2025-06-02 19:27:36,571 - DataManager - INFO - Cloud storage initialized on demand
2025-06-02 19:27:36,908 - AutoUploadQueue - INFO - ✅ Uploaded JSON: T0059_Tharuni_Guntur_192456.json
2025-06-02 19:27:36,908 - AutoUploadQueue - INFO - Successfully uploaded: T0059_Tharuni_Guntur_192456.json
2025-06-02 19:27:37,206 - AutoUploadQueue - INFO - ✅ Uploaded PDF: Tharuni_Guntur_T0059_TS04UA4444_192456.pdf
2025-06-02 19:27:37,208 - AutoUploadQueue - INFO - Successfully uploaded: Tharuni_Guntur_T0059_TS04UA4444_192456.pdf
2025-06-02 19:27:37,540 - AutoUploadQueue - INFO - ✅ Uploaded JSON: T0060_Tharuni_Guntur_192615.json
2025-06-02 19:27:37,541 - AutoUploadQueue - INFO - Successfully uploaded: T0060_Tharuni_Guntur_192615.json
2025-06-02 19:27:37,872 - AutoUploadQueue - INFO - ✅ Uploaded PDF: Tharuni_Guntur_T0060_TS06UV0606_192615.pdf
2025-06-02 19:27:37,872 - AutoUploadQueue - INFO - Successfully uploaded: Tharuni_Guntur_T0060_TS06UV0606_192615.pdf
2025-06-02 19:27:37,873 - AutoUploadQueue - INFO - Upload batch completed: 4 uploaded, 0 failed
2025-06-02 19:27:37,874 - AutoUploadQueue - INFO - ✅ Upload batch: 4 files uploaded successfully
2025-06-02 19:49:50,661 - TharuniApp - INFO - Authentication canceled - exiting application
2025-06-02 19:49:50,662 - TharuniApp - INFO - User authentication failed or canceled - exiting
2025-06-02 19:49:59,846 - TharuniApp - INFO - ============================================================
2025-06-02 19:49:59,846 - TharuniApp - INFO - APPLICATION STARTUP WITH AUTO UPLOAD QUEUE
2025-06-02 19:49:59,846 - TharuniApp - INFO - ============================================================
2025-06-02 19:49:59,850 - TharuniApp - INFO - Configuration setup completed
2025-06-02 19:49:59,851 - DataManager - INFO - DataManager initialized with OFFLINE-FIRST approach + AUTO UPLOAD QUEUE
2025-06-02 19:49:59,851 - DataManager - INFO - CSV structure is up to date
2025-06-02 19:49:59,852 - DataManager - INFO - Daily PDF folder structure ready:
2025-06-02 19:49:59,852 - DataManager - INFO -   Base reports folder: data\reports
2025-06-02 19:49:59,852 - DataManager - INFO -   Today's folder: data\reports\2025-06-02
2025-06-02 19:49:59,853 - DataManager - INFO - Data file: data\weighbridge_data.csv
2025-06-02 19:49:59,853 - DataManager - INFO - Reports folder: data\reports
2025-06-02 19:49:59,853 - DataManager - INFO - JSON backup folder: data\json_backups
2025-06-02 19:49:59,854 - DataManager - INFO - PDF folder: data\reports\2025-06-02
2025-06-02 19:49:59,854 - DataManager - INFO - Cloud storage will only be initialized when backup is requested
2025-06-02 19:49:59,864 - AutoUploadQueue - INFO - Loaded 0 items from queue
2025-06-02 19:49:59,865 - AutoUploadQueue - INFO - Upload worker started
2025-06-02 19:49:59,865 - AutoUploadQueue - INFO - Background upload worker started
2025-06-02 19:49:59,865 - AutoUploadQueue - INFO - AutoUploadQueue initialized
2025-06-02 19:49:59,865 - DataManager - INFO - ✅ Auto upload queue initialized
2025-06-02 19:49:59,866 - TharuniApp - INFO - Data manager with auto upload queue initialized
2025-06-02 19:49:59,867 - TharuniApp - INFO - Settings storage initialized
2025-06-02 19:49:59,869 - TharuniApp - INFO - UI styles initialized
2025-06-02 19:49:59,869 - TharuniApp - INFO - Starting user authentication
2025-06-02 19:50:02,803 - TharuniApp - INFO - Authentication successful: admin
2025-06-02 19:50:02,803 - TharuniApp - INFO - User logged in: admin (Role: admin)
2025-06-02 19:50:02,803 - TharuniApp - INFO - Setting up data context
2025-06-02 19:50:02,804 - DataManager - INFO - CSV structure is up to date
2025-06-02 19:50:02,805 - DataManager - INFO - Data context set to: Agency='Tharuni', Site='Guntur'
2025-06-02 19:50:02,805 - DataManager - INFO - Data file: data\Tharuni_Guntur_data.csv
2025-06-02 19:50:02,805 - TharuniApp - INFO - Data context initialized: Agency='Tharuni', Site='Guntur'
2025-06-02 19:50:02,805 - TharuniApp - INFO - Data will be saved to: data\Tharuni_Guntur_data.csv
2025-06-02 19:50:02,806 - TharuniApp - INFO - PDFs will be saved to: data\reports\2025-06-02
2025-06-02 19:50:02,806 - TharuniApp - INFO - Creating application widgets
2025-06-02 19:50:02,818 - TharuniApp - INFO - Creating main panel with scrollable support
2025-06-02 19:50:02,826 - FormValidator - INFO - FormValidator initialized
2025-06-02 19:50:02,827 - MainForm - INFO - MainForm initialized
2025-06-02 19:50:02,833 - DataManager - INFO - Successfully loaded 62 records from data\Tharuni_Guntur_data.csv
2025-06-02 19:50:11,149 - DataManager - INFO - Successfully loaded 62 records from data\Tharuni_Guntur_data.csv
2025-06-02 19:50:11,149 - TharuniApp - INFO - Main form created in scrollable frame
2025-06-02 19:50:11,151 - DataManager - INFO - CSV structure is up to date
2025-06-02 19:50:11,151 - DataManager - INFO - Data context set to: Agency='Tharuni', Site='Guntur'
2025-06-02 19:50:11,152 - DataManager - INFO - Data file: data\Tharuni_Guntur_data.csv
2025-06-02 19:50:11,152 - DataManager - INFO - CSV structure is up to date
2025-06-02 19:50:11,153 - DataManager - INFO - Data context set to: Agency='Tharuni', Site='Guntur'
2025-06-02 19:50:11,153 - DataManager - INFO - Data file: data\Tharuni_Guntur_data.csv
2025-06-02 19:50:11,154 - DataManager - INFO - CSV structure is up to date
2025-06-02 19:50:11,154 - DataManager - INFO - Data context set to: Agency='Tharuni', Site='Guntur'
2025-06-02 19:50:11,154 - DataManager - INFO - Data file: data\Tharuni_Guntur_data.csv
2025-06-02 19:50:11,154 - PendingVehiclesPanel - INFO - PendingVehiclesPanel initialized
2025-06-02 19:50:11,159 - PendingVehiclesPanel - INFO - Refreshing pending vehicles list
2025-06-02 19:50:11,160 - DataManager - INFO - Successfully loaded 62 records from data\Tharuni_Guntur_data.csv
2025-06-02 19:50:11,160 - PendingVehiclesPanel - INFO - Retrieved 62 total records
2025-06-02 19:50:11,160 - PendingVehiclesPanel - INFO - Added to pending: T0061
2025-06-02 19:50:11,160 - PendingVehiclesPanel - INFO - Found 1 pending records
2025-06-02 19:50:11,161 - PendingVehiclesPanel - INFO - Successfully refreshed pending list with 1 items
2025-06-02 19:50:11,162 - TharuniApp - INFO - Pending vehicles panel created
2025-06-02 19:50:11,340 - TharuniApp - INFO - Main panel creation completed with scrollable support
2025-06-02 19:50:11,362 - TharuniApp - INFO - Summary panel created
2025-06-02 19:50:11,478 - DataManager - INFO - DataManager initialized with OFFLINE-FIRST approach + AUTO UPLOAD QUEUE
2025-06-02 19:50:11,479 - DataManager - INFO - CSV structure is up to date
2025-06-02 19:50:11,479 - DataManager - INFO - Daily PDF folder structure ready:
2025-06-02 19:50:11,479 - DataManager - INFO -   Base reports folder: data\reports
2025-06-02 19:50:11,480 - DataManager - INFO -   Today's folder: data\reports\2025-06-02
2025-06-02 19:50:11,480 - DataManager - INFO - Data file: data\Tharuni_Guntur_data.csv
2025-06-02 19:50:11,480 - DataManager - INFO - Reports folder: data\reports
2025-06-02 19:50:11,481 - DataManager - INFO - JSON backup folder: data\json_backups
2025-06-02 19:50:11,481 - DataManager - INFO - PDF folder: data\reports\2025-06-02
2025-06-02 19:50:11,481 - DataManager - INFO - Cloud storage will only be initialized when backup is requested
2025-06-02 19:50:11,481 - AutoUploadQueue - INFO - Loaded 0 items from queue
2025-06-02 19:50:11,482 - AutoUploadQueue - INFO - Upload worker started
2025-06-02 19:50:11,482 - AutoUploadQueue - INFO - Background upload worker started
2025-06-02 19:50:11,483 - AutoUploadQueue - INFO - AutoUploadQueue initialized
2025-06-02 19:50:11,483 - DataManager - INFO - ✅ Auto upload queue initialized
2025-06-02 19:50:11,607 - DataManager - INFO - DataManager initialized with OFFLINE-FIRST approach + AUTO UPLOAD QUEUE
2025-06-02 19:50:11,608 - DataManager - INFO - CSV structure is up to date
2025-06-02 19:50:11,608 - DataManager - INFO - Daily PDF folder structure ready:
2025-06-02 19:50:11,609 - DataManager - INFO -   Base reports folder: data\reports
2025-06-02 19:50:11,609 - DataManager - INFO -   Today's folder: data\reports\2025-06-02
2025-06-02 19:50:11,610 - DataManager - INFO - Data file: data\Tharuni_Guntur_data.csv
2025-06-02 19:50:11,610 - DataManager - INFO - Reports folder: data\reports
2025-06-02 19:50:11,610 - DataManager - INFO - JSON backup folder: data\json_backups
2025-06-02 19:50:11,611 - DataManager - INFO - PDF folder: data\reports\2025-06-02
2025-06-02 19:50:11,611 - DataManager - INFO - Cloud storage will only be initialized when backup is requested
2025-06-02 19:50:11,611 - AutoUploadQueue - INFO - Loaded 0 items from queue
2025-06-02 19:50:11,612 - AutoUploadQueue - INFO - Upload worker started
2025-06-02 19:50:11,612 - AutoUploadQueue - INFO - Background upload worker started
2025-06-02 19:50:11,613 - AutoUploadQueue - INFO - AutoUploadQueue initialized
2025-06-02 19:50:11,613 - DataManager - INFO - ✅ Auto upload queue initialized
2025-06-02 19:50:11,784 - TharuniApp - INFO - ✅ Data manager references set in settings panel
2025-06-02 19:50:11,785 - TharuniApp - INFO -    - settings_panel.app_data_manager: True
2025-06-02 19:50:11,785 - TharuniApp - INFO -    - settings_panel.data_manager: True
2025-06-02 19:50:11,785 - TharuniApp - INFO -    - settings_tab.data_manager: True
2025-06-02 19:50:11,786 - TharuniApp - INFO - Widget creation completed successfully
2025-06-02 19:50:11,786 - PendingVehiclesPanel - INFO - Refreshing pending vehicles list
2025-06-02 19:50:11,788 - DataManager - INFO - Successfully loaded 62 records from data\Tharuni_Guntur_data.csv
2025-06-02 19:50:11,788 - PendingVehiclesPanel - INFO - Retrieved 62 total records
2025-06-02 19:50:11,789 - PendingVehiclesPanel - INFO - Added to pending: T0061
2025-06-02 19:50:11,789 - PendingVehiclesPanel - INFO - Found 1 pending records
2025-06-02 19:50:11,789 - PendingVehiclesPanel - INFO - Successfully refreshed pending list with 1 items
2025-06-02 19:50:11,790 - DataManager - INFO - Created new daily folder: data\reports\02-06
2025-06-02 19:50:11,828 - TharuniApp - INFO - Application initialization completed successfully
2025-06-02 19:50:11,843 - TharuniApp - INFO - Auto upload queue status: 0 items queued, worker running
2025-06-02 19:50:12,881 - TharuniApp - INFO - Ensuring settings persistence...
2025-06-02 19:50:12,891 - TharuniApp - INFO - Settings persistence check completed
2025-06-02 19:50:17,634 - PendingVehiclesPanel - INFO - Double-clicked on ticket: T0061
2025-06-02 19:50:17,634 - TharuniApp - INFO - Loading pending vehicle: T0061
2025-06-02 19:50:17,635 - TharuniApp - INFO - Current next available ticket: T0061
2025-06-02 19:50:17,636 - MainForm - INFO - Loading pending ticket: T0061
2025-06-02 19:50:17,637 - DataManager - INFO - Successfully loaded 62 records from data\Tharuni_Guntur_data.csv
2025-06-02 19:50:17,637 - DataManager - INFO - Filtered 62 records to 1 using filter: 't0061'
2025-06-02 19:50:17,637 - MainForm - INFO - Loading pending ticket T0061 for second weighment
2025-06-02 19:50:17,638 - DataManager - INFO - CSV structure is up to date
2025-06-02 19:50:17,638 - DataManager - INFO - Data context set to: Agency='Tharuni', Site='Guntur'
2025-06-02 19:50:17,639 - DataManager - INFO - Data file: data\Tharuni_Guntur_data.csv
2025-06-02 19:50:17,641 - MainForm - INFO - Successfully loaded pending ticket T0061 for second weighment
2025-06-02 19:50:17,641 - TharuniApp - INFO - Successfully loaded pending ticket: T0061
2025-06-02 19:50:24,819 - TharuniApp - INFO - ==================================================
2025-06-02 19:50:24,820 - TharuniApp - INFO - SAVE RECORD OPERATION STARTED
2025-06-02 19:50:24,820 - FormValidator - INFO - Starting comprehensive form validation
2025-06-02 19:50:24,821 - FormValidator - INFO - Validating basic fields
2025-06-02 19:50:24,821 - FormValidator - INFO - Field values: ticket='T0061', vehicle='AP39V6553', agency='Tharuni'
2025-06-02 19:50:24,822 - FormValidator - INFO - Basic validation passed
2025-06-02 19:50:24,822 - FormValidator - INFO - Validating weighment data
2025-06-02 19:50:24,822 - FormValidator - INFO - Weighment data: first_weight='37970.00', first_timestamp='02-06-2025 19:26:26', second_weight='11450.00', second_timestamp='02-06-2025 19:50:21'
2025-06-02 19:50:24,823 - FormValidator - INFO - Weighment validation passed
2025-06-02 19:50:24,823 - FormValidator - INFO - Validating images for second weighment
2025-06-02 19:50:24,824 - FormValidator - INFO - Images validation for second: front=False, back=False
2025-06-02 19:50:25,977 - FormValidator - INFO - User chose to continue without images
2025-06-02 19:50:25,978 - FormValidator - INFO - Form validation passed successfully
2025-06-02 19:50:25,979 - TharuniApp - INFO - Saving record for ticket: T0061
2025-06-02 19:50:25,979 - TharuniApp - INFO - Form data keys: ['date', 'time', 'site_name', 'agency_name', 'material', 'ticket_no', 'vehicle_no', 'transfer_party_name', 'first_weight', 'first_timestamp', 'second_weight', 'second_timestamp', 'net_weight', 'material_type', 'first_front_image', 'first_back_image', 'second_front_image', 'second_back_image', 'site_incharge', 'user_name']
2025-06-02 19:50:25,979 - TharuniApp - INFO - Record is complete: True
2025-06-02 19:50:25,980 - TharuniApp - INFO - Is new ticket (first weighment): False
2025-06-02 19:50:25,980 - TharuniApp - INFO - Calling data_manager.save_record for T0061
2025-06-02 19:50:25,980 - DataManager - INFO - ==================================================
2025-06-02 19:50:25,980 - DataManager - INFO - STARTING OFFLINE-FIRST RECORD SAVE WITH JSON BACKUP
2025-06-02 19:50:25,981 - DataManager - INFO - Input data keys: ['date', 'time', 'site_name', 'agency_name', 'material', 'ticket_no', 'vehicle_no', 'transfer_party_name', 'first_weight', 'first_timestamp', 'second_weight', 'second_timestamp', 'net_weight', 'material_type', 'first_front_image', 'first_back_image', 'second_front_image', 'second_back_image', 'site_incharge', 'user_name']
2025-06-02 19:50:25,981 - DataManager - INFO - Net weight calculated: 37970.0 - 11450.0 = 26520.00
2025-06-02 19:50:25,981 - DataManager - INFO - Using data file: data\Tharuni_Guntur_data.csv
2025-06-02 19:50:25,983 - DataManager - INFO - Successfully loaded 62 records from data\Tharuni_Guntur_data.csv
2025-06-02 19:50:25,983 - DataManager - INFO - Filtered 62 records to 1 using filter: 't0061'
2025-06-02 19:50:25,984 - DataManager - INFO - Updating existing record: T0061
2025-06-02 19:50:25,984 - DataManager - INFO - Updating record T0061 in data\Tharuni_Guntur_data.csv
2025-06-02 19:50:25,985 - DataManager - INFO - Read 62 records from CSV
2025-06-02 19:50:25,986 - DataManager - INFO - Found record to update at index 61
2025-06-02 19:50:25,986 - DataManager - INFO - Updated record data: ['02-06-2025', '19:50:25', 'Guntur', 'Tharuni', 'Inert', 'T0061', 'AP39V6553', 'Jindal', '37970.00', '02-06-2025 19:26:26', '11450.00', '02-06-2025 19:50:21', '26520.00', 'Inert', '', '', '', '', '', 'admin']
2025-06-02 19:50:25,992 - DataManager - INFO - ✅ Record T0061 updated in data\Tharuni_Guntur_data.csv
2025-06-02 19:50:25,992 - DataManager - INFO - ✅ Record T0061 saved to local CSV successfully
2025-06-02 19:50:25,992 - DataManager - INFO - Record completion status: True
2025-06-02 19:50:25,993 - DataManager - INFO - Complete record detected - saving JSON backup locally...
2025-06-02 19:50:25,993 - DataManager - INFO - Created new daily JSON folder: data\json_backups\2025-06-02
2025-06-02 19:50:25,995 - DataManager - INFO - ✅ JSON backup saved: data\json_backups\2025-06-02\T0061_Tharuni_Guntur_195025.json
2025-06-02 19:50:25,995 - DataManager - INFO - ✅ JSON backup saved locally for T0061
2025-06-02 19:50:25,996 - DataManager - INFO - Complete record detected for ticket T0061 - generating PDF locally...
2025-06-02 19:50:25,996 - DataManager - INFO - Today's reports folder ensured: data\reports\2025-06-02
2025-06-02 19:50:25,996 - DataManager - INFO - Reports will be saved to: data\reports\2025-06-02
2025-06-02 19:50:25,997 - DataManager - INFO - Today's reports folder ensured: data\reports\2025-06-02
2025-06-02 19:50:26,000 - DataManager - INFO - SIMPLE TEST - Net display: '26520.00 kg'
2025-06-02 19:50:26,002 - DataManager - INFO - Building PDF document: data\reports\2025-06-02\Tharuni_Guntur_T0061_AP39V6553_195025.pdf
2025-06-02 19:50:26,013 - DataManager - INFO - PDF created successfully: data\reports\2025-06-02\Tharuni_Guntur_T0061_AP39V6553_195025.pdf (2968 bytes)
2025-06-02 19:50:26,013 - DataManager - INFO - Auto-generated PDF: data\reports\2025-06-02\Tharuni_Guntur_T0061_AP39V6553_195025.pdf
2025-06-02 19:50:26,014 - DataManager - INFO - PDF saved to today's reports folder: data\reports\2025-06-02
2025-06-02 19:50:26,014 - DataManager - INFO - ✅ PDF auto-generated locally: data\reports\2025-06-02\Tharuni_Guntur_T0061_AP39V6553_195025.pdf
2025-06-02 19:50:26,014 - DataManager - INFO - Adding complete record files to auto upload queue...
2025-06-02 19:50:26,016 - AutoUploadQueue - INFO - Added to upload queue: json - T0061_Tharuni_Guntur_195025.json
2025-06-02 19:50:26,019 - AutoUploadQueue - INFO - Added to upload queue: pdf - Tharuni_Guntur_T0061_AP39V6553_195025.pdf
2025-06-02 19:50:26,020 - AutoUploadQueue - INFO - Queued 2 files for ticket T0061
2025-06-02 19:50:26,021 - DataManager - INFO - ✅ Added 2 files to auto upload queue
2025-06-02 19:50:27,314 - DataManager - INFO - ✅ OFFLINE-FIRST SAVE COMPLETED - Local CSV, JSON backup, PDF generated, and files queued for auto upload
2025-06-02 19:50:27,314 - DataManager - INFO - 📂 PDF saved to today's reports folder: data\reports\2025-06-02
2025-06-02 19:50:27,345 - DataManager - INFO - 🔄 Auto upload queue: 2 items pending
2025-06-02 19:50:27,345 - DataManager - INFO - 💡 Cloud upload will happen automatically when internet is available
2025-06-02 19:50:27,346 - DataManager - INFO - ==================================================
2025-06-02 19:50:27,346 - TharuniApp - INFO - ✅ Record T0061 saved successfully
2025-06-02 19:50:27,346 - TharuniApp - INFO - ✅ Complete record saved for T0061
2025-06-02 19:50:27,347 - PendingVehiclesPanel - INFO - Attempting to remove ticket T0061 from pending list
2025-06-02 19:50:27,347 - PendingVehiclesPanel - INFO - Removed ticket T0061 from pending list
2025-06-02 19:50:27,347 - MainForm - INFO - Preparing form for next new ticket
2025-06-02 19:50:27,663 - MainForm - INFO - Form prepared for next new ticket: T0061
2025-06-02 19:50:27,666 - TharuniApp - INFO - ✅ Complete record processing finished for T0061
2025-06-02 19:50:27,677 - DataManager - INFO - Successfully loaded 62 records from data\Tharuni_Guntur_data.csv
2025-06-02 19:50:27,678 - DataManager - INFO - Returning all 62 records (no filter)
2025-06-02 19:50:27,679 - PendingVehiclesPanel - INFO - Refreshing pending vehicles list
2025-06-02 19:50:27,680 - DataManager - INFO - Successfully loaded 62 records from data\Tharuni_Guntur_data.csv
2025-06-02 19:50:27,680 - PendingVehiclesPanel - INFO - Retrieved 62 total records
2025-06-02 19:50:27,681 - PendingVehiclesPanel - INFO - Found 0 pending records
2025-06-02 19:50:27,681 - PendingVehiclesPanel - INFO - Successfully refreshed pending list with 0 items
2025-06-02 19:50:27,681 - TharuniApp - INFO - SAVE RECORD OPERATION COMPLETED SUCCESSFULLY
2025-06-02 19:50:27,682 - TharuniApp - INFO - ==================================================
2025-06-02 19:50:29,912 - AutoUploadQueue - INFO - Internet available, processing upload queue...
2025-06-02 19:50:30,652 - DataManager - INFO - Cloud storage initialized on demand
2025-06-02 19:50:30,987 - AutoUploadQueue - INFO - ✅ Uploaded JSON: T0061_Tharuni_Guntur_195025.json
2025-06-02 19:50:30,988 - AutoUploadQueue - INFO - Successfully uploaded: T0061_Tharuni_Guntur_195025.json
2025-06-02 19:50:31,267 - AutoUploadQueue - INFO - ✅ Uploaded PDF: Tharuni_Guntur_T0061_AP39V6553_195025.pdf
2025-06-02 19:50:31,268 - AutoUploadQueue - INFO - Successfully uploaded: Tharuni_Guntur_T0061_AP39V6553_195025.pdf
2025-06-02 19:50:31,272 - AutoUploadQueue - INFO - Upload batch completed: 2 uploaded, 0 failed
2025-06-02 19:50:31,273 - AutoUploadQueue - INFO - ✅ Upload batch: 2 files uploaded successfully
2025-06-02 19:50:34,751 - DataManager - INFO - Successfully loaded 62 records from data\Tharuni_Guntur_data.csv
2025-06-02 19:50:34,774 - DataManager - INFO - Successfully loaded 62 records from data\Tharuni_Guntur_data.csv
2025-06-02 19:50:34,775 - DataManager - INFO - Successfully loaded 62 records from data\Tharuni_Guntur_data.csv
2025-06-02 19:50:35,372 - DataManager - INFO - Successfully loaded 62 records from data\Tharuni_Guntur_data.csv
2025-06-02 19:50:35,374 - DataManager - INFO - Successfully loaded 62 records from data\Tharuni_Guntur_data.csv
2025-06-02 19:50:38,065 - DataManager - INFO - Successfully loaded 62 records from data\Tharuni_Guntur_data.csv
2025-06-02 19:50:38,066 - DataManager - INFO - Successfully loaded 62 records from data\Tharuni_Guntur_data.csv
2025-06-02 19:50:41,797 - TharuniApp - INFO - ==================================================
2025-06-02 19:50:41,798 - TharuniApp - INFO - SAVE RECORD OPERATION STARTED
2025-06-02 19:50:41,798 - FormValidator - INFO - Starting comprehensive form validation
2025-06-02 19:50:41,799 - FormValidator - INFO - Validating basic fields
2025-06-02 19:50:41,799 - FormValidator - INFO - Field values: ticket='T0061', vehicle='TS06UV0606', agency='Tharuni'
2025-06-02 19:50:41,800 - FormValidator - INFO - Basic validation passed
2025-06-02 19:50:41,800 - FormValidator - INFO - Validating weighment data
2025-06-02 19:50:41,800 - FormValidator - INFO - Weighment data: first_weight='43070.00', first_timestamp='02-06-2025 19:50:36', second_weight='', second_timestamp=''
2025-06-02 19:50:41,801 - FormValidator - INFO - Weighment validation passed
2025-06-02 19:50:41,801 - FormValidator - INFO - Validating images for second weighment
2025-06-02 19:50:41,802 - FormValidator - INFO - Images validation for second: front=False, back=False
2025-06-02 19:50:43,110 - DataManager - INFO - Successfully loaded 62 records from data\Tharuni_Guntur_data.csv
2025-06-02 19:50:43,111 - DataManager - INFO - Successfully loaded 62 records from data\Tharuni_Guntur_data.csv
2025-06-02 19:50:43,115 - FormValidator - INFO - User chose to continue without images
2025-06-02 19:50:43,115 - FormValidator - INFO - Form validation passed successfully
2025-06-02 19:50:43,117 - TharuniApp - INFO - Saving record for ticket: T0061
2025-06-02 19:50:43,118 - TharuniApp - INFO - Form data keys: ['date', 'time', 'site_name', 'agency_name', 'material', 'ticket_no', 'vehicle_no', 'transfer_party_name', 'first_weight', 'first_timestamp', 'second_weight', 'second_timestamp', 'net_weight', 'material_type', 'first_front_image', 'first_back_image', 'second_front_image', 'second_back_image', 'site_incharge', 'user_name']
2025-06-02 19:50:43,119 - TharuniApp - INFO - Record is complete: False
2025-06-02 19:50:43,119 - TharuniApp - INFO - Is new ticket (first weighment): False
2025-06-02 19:50:43,120 - TharuniApp - INFO - Calling data_manager.save_record for T0061
2025-06-02 19:50:43,120 - DataManager - INFO - ==================================================
2025-06-02 19:50:43,120 - DataManager - INFO - STARTING OFFLINE-FIRST RECORD SAVE WITH JSON BACKUP
2025-06-02 19:50:43,120 - DataManager - INFO - Input data keys: ['date', 'time', 'site_name', 'agency_name', 'material', 'ticket_no', 'vehicle_no', 'transfer_party_name', 'first_weight', 'first_timestamp', 'second_weight', 'second_timestamp', 'net_weight', 'material_type', 'first_front_image', 'first_back_image', 'second_front_image', 'second_back_image', 'site_incharge', 'user_name']
2025-06-02 19:50:43,121 - DataManager - INFO - Net weight cleared - incomplete weighments
2025-06-02 19:50:43,121 - DataManager - INFO - Using data file: data\Tharuni_Guntur_data.csv
2025-06-02 19:50:43,122 - DataManager - INFO - Successfully loaded 62 records from data\Tharuni_Guntur_data.csv
2025-06-02 19:50:43,123 - DataManager - INFO - Filtered 62 records to 1 using filter: 't0061'
2025-06-02 19:50:43,123 - DataManager - INFO - Updating existing record: T0061
2025-06-02 19:50:43,123 - DataManager - INFO - Updating record T0061 in data\Tharuni_Guntur_data.csv
2025-06-02 19:50:43,124 - DataManager - INFO - Read 62 records from CSV
2025-06-02 19:50:43,124 - DataManager - INFO - Found record to update at index 61
2025-06-02 19:50:43,124 - DataManager - INFO - Updated record data: ['02-06-2025', '19:50:43', 'Guntur', 'Tharuni', 'Inert', 'T0061', 'TS06UV0606', 'Jindal', '43070.00', '02-06-2025 19:50:36', '', '', '', 'Inert', '', '', '', '', '', 'admin']
2025-06-02 19:50:43,127 - DataManager - INFO - ✅ Record T0061 updated in data\Tharuni_Guntur_data.csv
2025-06-02 19:50:43,127 - DataManager - INFO - ✅ Record T0061 saved to local CSV successfully
2025-06-02 19:50:43,127 - DataManager - INFO - Record completion status: False
2025-06-02 19:50:44,286 - DataManager - INFO - Successfully loaded 62 records from data\Tharuni_Guntur_data.csv
2025-06-02 19:50:44,287 - DataManager - INFO - Successfully loaded 62 records from data\Tharuni_Guntur_data.csv
2025-06-02 19:50:44,291 - DataManager - INFO - ✅ OFFLINE-FIRST SAVE COMPLETED - Local CSV, JSON backup, PDF generated, and files queued for auto upload
2025-06-02 19:50:44,316 - DataManager - INFO - 🔄 Auto upload queue: 0 items pending
2025-06-02 19:50:44,317 - DataManager - INFO - 💡 Cloud upload will happen automatically when internet is available
2025-06-02 19:50:44,317 - DataManager - INFO - ==================================================
2025-06-02 19:50:44,318 - TharuniApp - INFO - ✅ Record T0061 saved successfully
2025-06-02 19:50:44,318 - TharuniApp - INFO - Second weighment updated for T0061
2025-06-02 19:50:45,401 - DataManager - INFO - Successfully loaded 62 records from data\Tharuni_Guntur_data.csv
2025-06-02 19:50:45,402 - DataManager - INFO - Successfully loaded 62 records from data\Tharuni_Guntur_data.csv
2025-06-02 19:50:45,407 - DataManager - INFO - Successfully loaded 62 records from data\Tharuni_Guntur_data.csv
2025-06-02 19:50:45,407 - DataManager - INFO - Returning all 62 records (no filter)
2025-06-02 19:50:45,409 - PendingVehiclesPanel - INFO - Refreshing pending vehicles list
2025-06-02 19:50:45,410 - DataManager - INFO - Successfully loaded 62 records from data\Tharuni_Guntur_data.csv
2025-06-02 19:50:45,410 - PendingVehiclesPanel - INFO - Retrieved 62 total records
2025-06-02 19:50:45,410 - PendingVehiclesPanel - INFO - Added to pending: T0061
2025-06-02 19:50:45,410 - PendingVehiclesPanel - INFO - Found 1 pending records
2025-06-02 19:50:45,411 - PendingVehiclesPanel - INFO - Successfully refreshed pending list with 1 items
2025-06-02 19:50:45,411 - TharuniApp - INFO - SAVE RECORD OPERATION COMPLETED SUCCESSFULLY
2025-06-02 19:50:45,412 - TharuniApp - INFO - ==================================================
2025-06-02 19:51:02,173 - DataManager - INFO - Successfully loaded 62 records from data\Tharuni_Guntur_data.csv
2025-06-02 19:51:02,174 - DataManager - INFO - Successfully loaded 62 records from data\Tharuni_Guntur_data.csv
2025-06-02 19:51:04,545 - TharuniApp - INFO - ==================================================
2025-06-02 19:51:04,546 - TharuniApp - INFO - SAVE RECORD OPERATION STARTED
2025-06-02 19:51:04,546 - FormValidator - INFO - Starting comprehensive form validation
2025-06-02 19:51:04,547 - FormValidator - INFO - Validating basic fields
2025-06-02 19:51:04,547 - FormValidator - INFO - Field values: ticket='T0061', vehicle='TS06UV0606', agency='Tharuni'
2025-06-02 19:51:04,547 - FormValidator - INFO - Basic validation passed
2025-06-02 19:51:04,548 - FormValidator - INFO - Validating weighment data
2025-06-02 19:51:04,548 - FormValidator - INFO - Weighment data: first_weight='38770.00', first_timestamp='02-06-2025 19:51:00', second_weight='', second_timestamp=''
2025-06-02 19:51:04,549 - FormValidator - INFO - Weighment validation passed
2025-06-02 19:51:04,549 - FormValidator - INFO - Validating images for second weighment
2025-06-02 19:51:04,550 - FormValidator - INFO - Images validation for second: front=False, back=False
2025-06-02 19:51:05,846 - DataManager - INFO - Successfully loaded 62 records from data\Tharuni_Guntur_data.csv
2025-06-02 19:51:05,847 - DataManager - INFO - Successfully loaded 62 records from data\Tharuni_Guntur_data.csv
2025-06-02 19:51:05,851 - FormValidator - INFO - User chose to continue without images
2025-06-02 19:51:05,851 - FormValidator - INFO - Form validation passed successfully
2025-06-02 19:51:05,853 - TharuniApp - INFO - Saving record for ticket: T0061
2025-06-02 19:51:05,853 - TharuniApp - INFO - Form data keys: ['date', 'time', 'site_name', 'agency_name', 'material', 'ticket_no', 'vehicle_no', 'transfer_party_name', 'first_weight', 'first_timestamp', 'second_weight', 'second_timestamp', 'net_weight', 'material_type', 'first_front_image', 'first_back_image', 'second_front_image', 'second_back_image', 'site_incharge', 'user_name']
2025-06-02 19:51:05,854 - TharuniApp - INFO - Record is complete: False
2025-06-02 19:51:05,854 - TharuniApp - INFO - Is new ticket (first weighment): False
2025-06-02 19:51:05,854 - TharuniApp - INFO - Calling data_manager.save_record for T0061
2025-06-02 19:51:05,854 - DataManager - INFO - ==================================================
2025-06-02 19:51:05,855 - DataManager - INFO - STARTING OFFLINE-FIRST RECORD SAVE WITH JSON BACKUP
2025-06-02 19:51:05,855 - DataManager - INFO - Input data keys: ['date', 'time', 'site_name', 'agency_name', 'material', 'ticket_no', 'vehicle_no', 'transfer_party_name', 'first_weight', 'first_timestamp', 'second_weight', 'second_timestamp', 'net_weight', 'material_type', 'first_front_image', 'first_back_image', 'second_front_image', 'second_back_image', 'site_incharge', 'user_name']
2025-06-02 19:51:05,855 - DataManager - INFO - Net weight cleared - incomplete weighments
2025-06-02 19:51:05,855 - DataManager - INFO - Using data file: data\Tharuni_Guntur_data.csv
2025-06-02 19:51:05,856 - DataManager - INFO - Successfully loaded 62 records from data\Tharuni_Guntur_data.csv
2025-06-02 19:51:05,857 - DataManager - INFO - Filtered 62 records to 1 using filter: 't0061'
2025-06-02 19:51:05,857 - DataManager - INFO - Updating existing record: T0061
2025-06-02 19:51:05,857 - DataManager - INFO - Updating record T0061 in data\Tharuni_Guntur_data.csv
2025-06-02 19:51:05,858 - DataManager - INFO - Read 62 records from CSV
2025-06-02 19:51:05,859 - DataManager - INFO - Found record to update at index 61
2025-06-02 19:51:05,859 - DataManager - INFO - Updated record data: ['02-06-2025', '19:51:05', 'Guntur', 'Tharuni', 'Inert', 'T0061', 'TS06UV0606', 'Jindal', '38770.00', '02-06-2025 19:51:00', '', '', '', 'Inert', '', '', '', '', '', 'admin']
2025-06-02 19:51:05,863 - DataManager - INFO - ✅ Record T0061 updated in data\Tharuni_Guntur_data.csv
2025-06-02 19:51:05,864 - DataManager - INFO - ✅ Record T0061 saved to local CSV successfully
2025-06-02 19:51:05,864 - DataManager - INFO - Record completion status: False
2025-06-02 19:51:07,113 - DataManager - INFO - Successfully loaded 62 records from data\Tharuni_Guntur_data.csv
2025-06-02 19:51:07,114 - DataManager - INFO - Successfully loaded 62 records from data\Tharuni_Guntur_data.csv
2025-06-02 19:51:07,119 - DataManager - INFO - ✅ OFFLINE-FIRST SAVE COMPLETED - Local CSV, JSON backup, PDF generated, and files queued for auto upload
2025-06-02 19:51:07,145 - DataManager - INFO - 🔄 Auto upload queue: 0 items pending
2025-06-02 19:51:07,146 - DataManager - INFO - 💡 Cloud upload will happen automatically when internet is available
2025-06-02 19:51:07,146 - DataManager - INFO - ==================================================
2025-06-02 19:51:07,146 - TharuniApp - INFO - ✅ Record T0061 saved successfully
2025-06-02 19:51:07,147 - TharuniApp - INFO - Second weighment updated for T0061
2025-06-02 19:51:08,537 - DataManager - INFO - Successfully loaded 62 records from data\Tharuni_Guntur_data.csv
2025-06-02 19:51:08,538 - DataManager - INFO - Successfully loaded 62 records from data\Tharuni_Guntur_data.csv
2025-06-02 19:51:08,543 - DataManager - INFO - Successfully loaded 62 records from data\Tharuni_Guntur_data.csv
2025-06-02 19:51:08,543 - DataManager - INFO - Returning all 62 records (no filter)
2025-06-02 19:51:08,545 - PendingVehiclesPanel - INFO - Refreshing pending vehicles list
2025-06-02 19:51:08,548 - DataManager - INFO - Successfully loaded 62 records from data\Tharuni_Guntur_data.csv
2025-06-02 19:51:08,548 - PendingVehiclesPanel - INFO - Retrieved 62 total records
2025-06-02 19:51:08,548 - PendingVehiclesPanel - INFO - Added to pending: T0061
2025-06-02 19:51:08,549 - PendingVehiclesPanel - INFO - Found 1 pending records
2025-06-02 19:51:08,549 - PendingVehiclesPanel - INFO - Successfully refreshed pending list with 1 items
2025-06-02 19:51:08,549 - TharuniApp - INFO - SAVE RECORD OPERATION COMPLETED SUCCESSFULLY
2025-06-02 19:51:08,550 - TharuniApp - INFO - ==================================================
2025-06-02 19:51:10,527 - PendingVehiclesPanel - INFO - Refreshing pending vehicles list
2025-06-02 19:51:10,529 - DataManager - INFO - Successfully loaded 62 records from data\Tharuni_Guntur_data.csv
2025-06-02 19:51:10,529 - PendingVehiclesPanel - INFO - Retrieved 62 total records
2025-06-02 19:51:10,530 - PendingVehiclesPanel - INFO - Added to pending: T0061
2025-06-02 19:51:10,530 - PendingVehiclesPanel - INFO - Found 1 pending records
2025-06-02 19:51:10,531 - PendingVehiclesPanel - INFO - Successfully refreshed pending list with 1 items
2025-06-02 19:51:11,791 - PendingVehiclesPanel - INFO - Refreshing pending vehicles list
2025-06-02 19:51:11,795 - DataManager - INFO - Successfully loaded 62 records from data\Tharuni_Guntur_data.csv
2025-06-02 19:51:11,796 - PendingVehiclesPanel - INFO - Retrieved 62 total records
2025-06-02 19:51:11,797 - PendingVehiclesPanel - INFO - Added to pending: T0061
2025-06-02 19:51:11,798 - PendingVehiclesPanel - INFO - Found 1 pending records
2025-06-02 19:51:11,800 - PendingVehiclesPanel - INFO - Successfully refreshed pending list with 1 items
2025-06-02 19:51:11,802 - DataManager - INFO - Created new daily folder: data\reports\02-06
2025-06-02 19:52:11,817 - PendingVehiclesPanel - INFO - Refreshing pending vehicles list
2025-06-02 19:52:11,818 - DataManager - INFO - Successfully loaded 62 records from data\Tharuni_Guntur_data.csv
2025-06-02 19:52:11,819 - PendingVehiclesPanel - INFO - Retrieved 62 total records
2025-06-02 19:52:11,819 - PendingVehiclesPanel - INFO - Added to pending: T0061
2025-06-02 19:52:11,819 - PendingVehiclesPanel - INFO - Found 1 pending records
2025-06-02 19:52:11,820 - PendingVehiclesPanel - INFO - Successfully refreshed pending list with 1 items
2025-06-02 19:53:11,824 - PendingVehiclesPanel - INFO - Refreshing pending vehicles list
2025-06-02 19:53:11,830 - DataManager - INFO - Successfully loaded 62 records from data\Tharuni_Guntur_data.csv
2025-06-02 19:53:11,851 - PendingVehiclesPanel - INFO - Retrieved 62 total records
2025-06-02 19:53:11,852 - PendingVehiclesPanel - INFO - Added to pending: T0061
2025-06-02 19:53:11,852 - PendingVehiclesPanel - INFO - Found 1 pending records
2025-06-02 19:53:11,853 - PendingVehiclesPanel - INFO - Successfully refreshed pending list with 1 items
2025-06-02 19:54:11,858 - PendingVehiclesPanel - INFO - Refreshing pending vehicles list
2025-06-02 19:54:11,860 - DataManager - INFO - Successfully loaded 62 records from data\Tharuni_Guntur_data.csv
2025-06-02 19:54:11,860 - PendingVehiclesPanel - INFO - Retrieved 62 total records
2025-06-02 19:54:11,861 - PendingVehiclesPanel - INFO - Added to pending: T0061
2025-06-02 19:54:11,861 - PendingVehiclesPanel - INFO - Found 1 pending records
2025-06-02 19:54:11,862 - PendingVehiclesPanel - INFO - Successfully refreshed pending list with 1 items
2025-06-02 19:55:11,873 - PendingVehiclesPanel - INFO - Refreshing pending vehicles list
2025-06-02 19:55:11,877 - DataManager - INFO - Successfully loaded 62 records from data\Tharuni_Guntur_data.csv
2025-06-02 19:55:11,878 - PendingVehiclesPanel - INFO - Retrieved 62 total records
2025-06-02 19:55:11,880 - PendingVehiclesPanel - INFO - Added to pending: T0061
2025-06-02 19:55:11,881 - PendingVehiclesPanel - INFO - Found 1 pending records
2025-06-02 19:55:11,882 - PendingVehiclesPanel - INFO - Successfully refreshed pending list with 1 items
2025-06-02 19:55:29,922 - TharuniApp - INFO - ============================================================
2025-06-02 19:55:29,922 - TharuniApp - INFO - APPLICATION STARTUP WITH AUTO UPLOAD QUEUE
2025-06-02 19:55:29,923 - TharuniApp - INFO - ============================================================
2025-06-02 19:55:29,926 - TharuniApp - INFO - Configuration setup completed
2025-06-02 19:55:29,927 - DataManager - INFO - DataManager initialized with OFFLINE-FIRST approach + AUTO UPLOAD QUEUE
2025-06-02 19:55:29,927 - DataManager - INFO - CSV structure is up to date
2025-06-02 19:55:29,928 - DataManager - INFO - Daily PDF folder structure ready:
2025-06-02 19:55:29,928 - DataManager - INFO -   Base reports folder: data\reports
2025-06-02 19:55:29,928 - DataManager - INFO -   Today's folder: data\reports\2025-06-02
2025-06-02 19:55:29,929 - DataManager - INFO - Data file: data\weighbridge_data.csv
2025-06-02 19:55:29,929 - DataManager - INFO - Reports folder: data\reports
2025-06-02 19:55:29,929 - DataManager - INFO - JSON backup folder: data\json_backups
2025-06-02 19:55:29,929 - DataManager - INFO - PDF folder: data\reports\2025-06-02
2025-06-02 19:55:29,930 - DataManager - INFO - Cloud storage will only be initialized when backup is requested
2025-06-02 19:55:29,938 - AutoUploadQueue - INFO - Loaded 0 items from queue
2025-06-02 19:55:29,939 - AutoUploadQueue - INFO - Upload worker started
2025-06-02 19:55:29,939 - AutoUploadQueue - INFO - Background upload worker started
2025-06-02 19:55:29,940 - AutoUploadQueue - INFO - AutoUploadQueue initialized
2025-06-02 19:55:29,940 - DataManager - INFO - ✅ Auto upload queue initialized
2025-06-02 19:55:29,940 - TharuniApp - INFO - Data manager with auto upload queue initialized
2025-06-02 19:55:29,943 - TharuniApp - INFO - Settings storage initialized
2025-06-02 19:55:29,945 - TharuniApp - INFO - UI styles initialized
2025-06-02 19:55:29,945 - TharuniApp - INFO - Starting user authentication
2025-06-02 19:55:32,676 - TharuniApp - INFO - Authentication successful: admin
2025-06-02 19:55:32,676 - TharuniApp - INFO - User logged in: admin (Role: admin)
2025-06-02 19:55:32,676 - TharuniApp - INFO - Setting up data context
2025-06-02 19:55:32,677 - DataManager - INFO - CSV structure is up to date
2025-06-02 19:55:32,677 - DataManager - INFO - Data context set to: Agency='Tharuni', Site='Guntur'
2025-06-02 19:55:32,678 - DataManager - INFO - Data file: data\Tharuni_Guntur_data.csv
2025-06-02 19:55:32,678 - TharuniApp - INFO - Data context initialized: Agency='Tharuni', Site='Guntur'
2025-06-02 19:55:32,678 - TharuniApp - INFO - Data will be saved to: data\Tharuni_Guntur_data.csv
2025-06-02 19:55:32,678 - TharuniApp - INFO - PDFs will be saved to: data\reports\2025-06-02
2025-06-02 19:55:32,678 - TharuniApp - INFO - Creating application widgets
2025-06-02 19:55:32,691 - TharuniApp - INFO - Creating main panel with scrollable support
2025-06-02 19:55:32,697 - FormValidator - INFO - FormValidator initialized
2025-06-02 19:55:32,697 - MainForm - INFO - MainForm initialized
2025-06-02 19:55:32,703 - DataManager - INFO - Successfully loaded 62 records from data\Tharuni_Guntur_data.csv
2025-06-02 19:55:40,935 - DataManager - INFO - Successfully loaded 62 records from data\Tharuni_Guntur_data.csv
2025-06-02 19:55:40,935 - TharuniApp - INFO - Main form created in scrollable frame
2025-06-02 19:55:40,937 - DataManager - INFO - CSV structure is up to date
2025-06-02 19:55:40,937 - DataManager - INFO - Data context set to: Agency='Tharuni', Site='Guntur'
2025-06-02 19:55:40,937 - DataManager - INFO - Data file: data\Tharuni_Guntur_data.csv
2025-06-02 19:55:40,938 - DataManager - INFO - CSV structure is up to date
2025-06-02 19:55:40,938 - DataManager - INFO - Data context set to: Agency='Tharuni', Site='Guntur'
2025-06-02 19:55:40,938 - DataManager - INFO - Data file: data\Tharuni_Guntur_data.csv
2025-06-02 19:55:40,939 - DataManager - INFO - CSV structure is up to date
2025-06-02 19:55:40,939 - DataManager - INFO - Data context set to: Agency='Tharuni', Site='Guntur'
2025-06-02 19:55:40,939 - DataManager - INFO - Data file: data\Tharuni_Guntur_data.csv
2025-06-02 19:55:40,940 - PendingVehiclesPanel - INFO - PendingVehiclesPanel initialized
2025-06-02 19:55:40,944 - PendingVehiclesPanel - INFO - Refreshing pending vehicles list
2025-06-02 19:55:40,945 - DataManager - INFO - Successfully loaded 62 records from data\Tharuni_Guntur_data.csv
2025-06-02 19:55:40,945 - PendingVehiclesPanel - INFO - Retrieved 62 total records
2025-06-02 19:55:40,945 - PendingVehiclesPanel - INFO - Added to pending: T0061
2025-06-02 19:55:40,945 - PendingVehiclesPanel - INFO - Found 1 pending records
2025-06-02 19:55:40,946 - PendingVehiclesPanel - INFO - Successfully refreshed pending list with 1 items
2025-06-02 19:55:40,947 - TharuniApp - INFO - Pending vehicles panel created
2025-06-02 19:55:41,122 - TharuniApp - INFO - Main panel creation completed with scrollable support
2025-06-02 19:55:41,145 - TharuniApp - INFO - Summary panel created
2025-06-02 19:55:41,251 - DataManager - INFO - DataManager initialized with OFFLINE-FIRST approach + AUTO UPLOAD QUEUE
2025-06-02 19:55:41,251 - DataManager - INFO - CSV structure is up to date
2025-06-02 19:55:41,252 - DataManager - INFO - Daily PDF folder structure ready:
2025-06-02 19:55:41,252 - DataManager - INFO -   Base reports folder: data\reports
2025-06-02 19:55:41,252 - DataManager - INFO -   Today's folder: data\reports\2025-06-02
2025-06-02 19:55:41,253 - DataManager - INFO - Data file: data\Tharuni_Guntur_data.csv
2025-06-02 19:55:41,254 - DataManager - INFO - Reports folder: data\reports
2025-06-02 19:55:41,254 - DataManager - INFO - JSON backup folder: data\json_backups
2025-06-02 19:55:41,254 - DataManager - INFO - PDF folder: data\reports\2025-06-02
2025-06-02 19:55:41,254 - DataManager - INFO - Cloud storage will only be initialized when backup is requested
2025-06-02 19:55:41,255 - AutoUploadQueue - INFO - Loaded 0 items from queue
2025-06-02 19:55:41,256 - AutoUploadQueue - INFO - Upload worker started
2025-06-02 19:55:41,256 - AutoUploadQueue - INFO - Background upload worker started
2025-06-02 19:55:41,257 - AutoUploadQueue - INFO - AutoUploadQueue initialized
2025-06-02 19:55:41,257 - DataManager - INFO - ✅ Auto upload queue initialized
2025-06-02 19:55:41,363 - DataManager - INFO - DataManager initialized with OFFLINE-FIRST approach + AUTO UPLOAD QUEUE
2025-06-02 19:55:41,364 - DataManager - INFO - CSV structure is up to date
2025-06-02 19:55:41,364 - DataManager - INFO - Daily PDF folder structure ready:
2025-06-02 19:55:41,364 - DataManager - INFO -   Base reports folder: data\reports
2025-06-02 19:55:41,364 - DataManager - INFO -   Today's folder: data\reports\2025-06-02
2025-06-02 19:55:41,365 - DataManager - INFO - Data file: data\Tharuni_Guntur_data.csv
2025-06-02 19:55:41,365 - DataManager - INFO - Reports folder: data\reports
2025-06-02 19:55:41,365 - DataManager - INFO - JSON backup folder: data\json_backups
2025-06-02 19:55:41,366 - DataManager - INFO - PDF folder: data\reports\2025-06-02
2025-06-02 19:55:41,366 - DataManager - INFO - Cloud storage will only be initialized when backup is requested
2025-06-02 19:55:41,366 - AutoUploadQueue - INFO - Loaded 0 items from queue
2025-06-02 19:55:41,367 - AutoUploadQueue - INFO - Upload worker started
2025-06-02 19:55:41,367 - AutoUploadQueue - INFO - Background upload worker started
2025-06-02 19:55:41,368 - AutoUploadQueue - INFO - AutoUploadQueue initialized
2025-06-02 19:55:41,368 - DataManager - INFO - ✅ Auto upload queue initialized
2025-06-02 19:55:41,523 - TharuniApp - INFO - ✅ Data manager references set in settings panel
2025-06-02 19:55:41,523 - TharuniApp - INFO -    - settings_panel.app_data_manager: True
2025-06-02 19:55:41,523 - TharuniApp - INFO -    - settings_panel.data_manager: True
2025-06-02 19:55:41,524 - TharuniApp - INFO -    - settings_tab.data_manager: True
2025-06-02 19:55:41,524 - TharuniApp - INFO - Widget creation completed successfully
2025-06-02 19:55:41,524 - PendingVehiclesPanel - INFO - Refreshing pending vehicles list
2025-06-02 19:55:41,525 - DataManager - INFO - Successfully loaded 62 records from data\Tharuni_Guntur_data.csv
2025-06-02 19:55:41,526 - PendingVehiclesPanel - INFO - Retrieved 62 total records
2025-06-02 19:55:41,526 - PendingVehiclesPanel - INFO - Added to pending: T0061
2025-06-02 19:55:41,526 - PendingVehiclesPanel - INFO - Found 1 pending records
2025-06-02 19:55:41,527 - PendingVehiclesPanel - INFO - Successfully refreshed pending list with 1 items
2025-06-02 19:55:41,528 - DataManager - INFO - Created new daily folder: data\reports\02-06
2025-06-02 19:55:41,542 - TharuniApp - INFO - Application initialization completed successfully
2025-06-02 19:55:41,558 - TharuniApp - INFO - Auto upload queue status: 0 items queued, worker running
2025-06-02 19:55:42,531 - TharuniApp - INFO - Ensuring settings persistence...
2025-06-02 19:55:42,533 - TharuniApp - INFO - Settings persistence check completed
2025-06-02 19:55:46,523 - PendingVehiclesPanel - INFO - Double-clicked on ticket: T0061
2025-06-02 19:55:46,524 - TharuniApp - INFO - Loading pending vehicle: T0061
2025-06-02 19:55:46,529 - TharuniApp - INFO - Current next available ticket: T0061
2025-06-02 19:55:46,530 - MainForm - INFO - Loading pending ticket: T0061
2025-06-02 19:55:46,533 - DataManager - INFO - Successfully loaded 62 records from data\Tharuni_Guntur_data.csv
2025-06-02 19:55:46,534 - DataManager - INFO - Filtered 62 records to 1 using filter: 't0061'
2025-06-02 19:55:46,535 - MainForm - INFO - Loading pending ticket T0061 for second weighment
2025-06-02 19:55:46,539 - DataManager - INFO - CSV structure is up to date
2025-06-02 19:55:46,540 - DataManager - INFO - Data context set to: Agency='Tharuni', Site='Guntur'
2025-06-02 19:55:46,541 - DataManager - INFO - Data file: data\Tharuni_Guntur_data.csv
2025-06-02 19:55:46,546 - MainForm - INFO - Successfully loaded pending ticket T0061 for second weighment
2025-06-02 19:55:46,546 - TharuniApp - INFO - Successfully loaded pending ticket: T0061
2025-06-02 19:55:52,207 - TharuniApp - INFO - ==================================================
2025-06-02 19:55:52,208 - TharuniApp - INFO - SAVE RECORD OPERATION STARTED
2025-06-02 19:55:52,208 - FormValidator - INFO - Starting comprehensive form validation
2025-06-02 19:55:52,208 - FormValidator - INFO - Validating basic fields
2025-06-02 19:55:52,209 - FormValidator - INFO - Field values: ticket='T0061', vehicle='TS06UV0606', agency='Tharuni'
2025-06-02 19:55:52,209 - FormValidator - INFO - Basic validation passed
2025-06-02 19:55:52,210 - FormValidator - INFO - Validating weighment data
2025-06-02 19:55:52,210 - FormValidator - INFO - Weighment data: first_weight='38770.00', first_timestamp='02-06-2025 19:51:00', second_weight='9540.00', second_timestamp='02-06-2025 19:55:48'
2025-06-02 19:55:52,211 - FormValidator - INFO - Weighment validation passed
2025-06-02 19:55:52,211 - FormValidator - INFO - Validating images for second weighment
2025-06-02 19:55:52,212 - FormValidator - INFO - Images validation for second: front=False, back=False
2025-06-02 19:55:53,158 - FormValidator - INFO - User chose to continue without images
2025-06-02 19:55:53,159 - FormValidator - INFO - Form validation passed successfully
2025-06-02 19:55:53,160 - TharuniApp - INFO - Saving record for ticket: T0061
2025-06-02 19:55:53,160 - TharuniApp - INFO - Current weighment state: second
2025-06-02 19:55:53,160 - TharuniApp - INFO - Is completing second weighment: 38770.00
2025-06-02 19:55:53,160 - TharuniApp - INFO - Is first weighment save: False
2025-06-02 19:55:53,160 - TharuniApp - INFO - Calling data_manager.save_record for T0061
2025-06-02 19:55:53,161 - DataManager - INFO - ==================================================
2025-06-02 19:55:53,161 - DataManager - INFO - STARTING OFFLINE-FIRST RECORD SAVE WITH JSON BACKUP
2025-06-02 19:55:53,161 - DataManager - INFO - Input data keys: ['date', 'time', 'site_name', 'agency_name', 'material', 'ticket_no', 'vehicle_no', 'transfer_party_name', 'first_weight', 'first_timestamp', 'second_weight', 'second_timestamp', 'net_weight', 'material_type', 'first_front_image', 'first_back_image', 'second_front_image', 'second_back_image', 'site_incharge', 'user_name']
2025-06-02 19:55:53,161 - DataManager - INFO - Net weight calculated: 38770.0 - 9540.0 = 29230.00
2025-06-02 19:55:53,161 - DataManager - INFO - Using data file: data\Tharuni_Guntur_data.csv
2025-06-02 19:55:53,162 - DataManager - INFO - Successfully loaded 62 records from data\Tharuni_Guntur_data.csv
2025-06-02 19:55:53,163 - DataManager - INFO - Filtered 62 records to 1 using filter: 't0061'
2025-06-02 19:55:53,163 - DataManager - INFO - Updating existing record: T0061
2025-06-02 19:55:53,163 - DataManager - INFO - Updating record T0061 in data\Tharuni_Guntur_data.csv
2025-06-02 19:55:53,164 - DataManager - INFO - Read 62 records from CSV
2025-06-02 19:55:53,164 - DataManager - INFO - Found record to update at index 61
2025-06-02 19:55:53,164 - DataManager - INFO - Updated record data: ['02-06-2025', '19:55:53', 'Guntur', 'Tharuni', 'Inert', 'T0061', 'TS06UV0606', 'Jindal', '38770.00', '02-06-2025 19:51:00', '9540.00', '02-06-2025 19:55:48', '29230.00', 'Inert', '', '', '', '', '', 'admin']
2025-06-02 19:55:53,168 - DataManager - INFO - ✅ Record T0061 updated in data\Tharuni_Guntur_data.csv
2025-06-02 19:55:53,168 - DataManager - INFO - ✅ Record T0061 saved to local CSV successfully
2025-06-02 19:55:53,169 - DataManager - INFO - Record completion status: True
2025-06-02 19:55:53,169 - DataManager - INFO - Complete record detected - saving JSON backup locally...
2025-06-02 19:55:53,170 - DataManager - INFO - Created new daily JSON folder: data\json_backups\2025-06-02
2025-06-02 19:55:53,172 - DataManager - INFO - ✅ JSON backup saved: data\json_backups\2025-06-02\T0061_Tharuni_Guntur_195553.json
2025-06-02 19:55:53,173 - DataManager - INFO - ✅ JSON backup saved locally for T0061
2025-06-02 19:55:53,173 - DataManager - INFO - Complete record detected for ticket T0061 - generating PDF locally...
2025-06-02 19:55:53,174 - DataManager - INFO - Today's reports folder ensured: data\reports\2025-06-02
2025-06-02 19:55:53,175 - DataManager - INFO - Reports will be saved to: data\reports\2025-06-02
2025-06-02 19:55:53,175 - DataManager - INFO - Today's reports folder ensured: data\reports\2025-06-02
2025-06-02 19:55:53,178 - DataManager - INFO - SIMPLE TEST - Net display: '29230.00 kg'
2025-06-02 19:55:53,178 - DataManager - INFO - Building PDF document: data\reports\2025-06-02\Tharuni_Guntur_T0061_TS06UV0606_195553.pdf
2025-06-02 19:55:53,190 - DataManager - INFO - PDF created successfully: data\reports\2025-06-02\Tharuni_Guntur_T0061_TS06UV0606_195553.pdf (2971 bytes)
2025-06-02 19:55:53,190 - DataManager - INFO - Auto-generated PDF: data\reports\2025-06-02\Tharuni_Guntur_T0061_TS06UV0606_195553.pdf
2025-06-02 19:55:53,190 - DataManager - INFO - PDF saved to today's reports folder: data\reports\2025-06-02
2025-06-02 19:55:53,191 - DataManager - INFO - ✅ PDF auto-generated locally: data\reports\2025-06-02\Tharuni_Guntur_T0061_TS06UV0606_195553.pdf
2025-06-02 19:55:53,191 - DataManager - INFO - Adding complete record files to auto upload queue...
2025-06-02 19:55:53,192 - AutoUploadQueue - INFO - Added to upload queue: json - T0061_Tharuni_Guntur_195553.json
2025-06-02 19:55:53,193 - AutoUploadQueue - INFO - Added to upload queue: pdf - Tharuni_Guntur_T0061_TS06UV0606_195553.pdf
2025-06-02 19:55:53,194 - AutoUploadQueue - INFO - Queued 2 files for ticket T0061
2025-06-02 19:55:53,194 - DataManager - INFO - ✅ Added 2 files to auto upload queue
2025-06-02 19:55:54,199 - DataManager - INFO - ✅ OFFLINE-FIRST SAVE COMPLETED - Local CSV, JSON backup, PDF generated, and files queued for auto upload
2025-06-02 19:55:54,199 - DataManager - INFO - 📂 PDF saved to today's reports folder: data\reports\2025-06-02
2025-06-02 19:55:54,264 - DataManager - INFO - 🔄 Auto upload queue: 2 items pending
2025-06-02 19:55:54,264 - DataManager - INFO - 💡 Cloud upload will happen automatically when internet is available
2025-06-02 19:55:54,265 - DataManager - INFO - ==================================================
2025-06-02 19:55:54,265 - TharuniApp - INFO - ✅ Record T0061 saved successfully
2025-06-02 19:55:54,265 - TharuniApp - INFO - ✅ Second weighment completed for T0061
2025-06-02 19:55:54,265 - PendingVehiclesPanel - INFO - Attempting to remove ticket T0061 from pending list
2025-06-02 19:55:54,266 - PendingVehiclesPanel - INFO - Removed ticket T0061 from pending list
2025-06-02 19:55:54,266 - TharuniApp - INFO - Removed T0061 from pending vehicles list
2025-06-02 19:55:55,225 - MainForm - INFO - Preparing form for next new ticket
2025-06-02 19:55:55,539 - MainForm - INFO - Form prepared for next new ticket: T0061
2025-06-02 19:55:55,541 - TharuniApp - INFO - ✅ Complete record processing finished for T0061
2025-06-02 19:55:55,552 - DataManager - INFO - Successfully loaded 62 records from data\Tharuni_Guntur_data.csv
2025-06-02 19:55:55,552 - DataManager - INFO - Returning all 62 records (no filter)
2025-06-02 19:55:55,554 - PendingVehiclesPanel - INFO - Refreshing pending vehicles list
2025-06-02 19:55:55,555 - DataManager - INFO - Successfully loaded 62 records from data\Tharuni_Guntur_data.csv
2025-06-02 19:55:55,555 - PendingVehiclesPanel - INFO - Retrieved 62 total records
2025-06-02 19:55:55,555 - PendingVehiclesPanel - INFO - Found 0 pending records
2025-06-02 19:55:55,556 - PendingVehiclesPanel - INFO - Successfully refreshed pending list with 0 items
2025-06-02 19:55:55,556 - TharuniApp - INFO - SAVE RECORD OPERATION COMPLETED SUCCESSFULLY
2025-06-02 19:55:55,556 - TharuniApp - INFO - ==================================================
2025-06-02 19:55:59,972 - AutoUploadQueue - INFO - Internet available, processing upload queue...
2025-06-02 19:56:01,280 - DataManager - INFO - Cloud storage initialized on demand
2025-06-02 19:56:01,636 - AutoUploadQueue - INFO - ✅ Uploaded JSON: T0061_Tharuni_Guntur_195553.json
2025-06-02 19:56:01,637 - AutoUploadQueue - INFO - Successfully uploaded: T0061_Tharuni_Guntur_195553.json
2025-06-02 19:56:01,935 - AutoUploadQueue - INFO - ✅ Uploaded PDF: Tharuni_Guntur_T0061_TS06UV0606_195553.pdf
2025-06-02 19:56:01,935 - AutoUploadQueue - INFO - Successfully uploaded: Tharuni_Guntur_T0061_TS06UV0606_195553.pdf
2025-06-02 19:56:01,936 - AutoUploadQueue - INFO - Upload batch completed: 2 uploaded, 0 failed
2025-06-02 19:56:01,937 - AutoUploadQueue - INFO - ✅ Upload batch: 2 files uploaded successfully
2025-06-02 19:56:02,443 - DataManager - INFO - Successfully loaded 62 records from data\Tharuni_Guntur_data.csv
2025-06-02 19:56:02,470 - DataManager - INFO - Successfully loaded 62 records from data\Tharuni_Guntur_data.csv
2025-06-02 19:56:02,472 - DataManager - INFO - Successfully loaded 62 records from data\Tharuni_Guntur_data.csv
2025-06-02 19:56:03,610 - DataManager - INFO - Successfully loaded 62 records from data\Tharuni_Guntur_data.csv
2025-06-02 19:56:03,612 - DataManager - INFO - Successfully loaded 62 records from data\Tharuni_Guntur_data.csv
2025-06-02 19:56:05,912 - DataManager - INFO - Successfully loaded 62 records from data\Tharuni_Guntur_data.csv
2025-06-02 19:56:05,913 - DataManager - INFO - Successfully loaded 62 records from data\Tharuni_Guntur_data.csv
2025-06-02 19:56:08,531 - TharuniApp - INFO - ==================================================
2025-06-02 19:56:08,532 - TharuniApp - INFO - SAVE RECORD OPERATION STARTED
2025-06-02 19:56:08,532 - FormValidator - INFO - Starting comprehensive form validation
2025-06-02 19:56:08,533 - FormValidator - INFO - Validating basic fields
2025-06-02 19:56:08,533 - FormValidator - INFO - Field values: ticket='T0061', vehicle='AP39V6553', agency='Tharuni'
2025-06-02 19:56:08,534 - FormValidator - INFO - Basic validation passed
2025-06-02 19:56:08,534 - FormValidator - INFO - Validating weighment data
2025-06-02 19:56:08,534 - FormValidator - INFO - Weighment data: first_weight='41660.00', first_timestamp='02-06-2025 19:56:04', second_weight='', second_timestamp=''
2025-06-02 19:56:08,535 - FormValidator - INFO - Weighment validation passed
2025-06-02 19:56:08,536 - FormValidator - INFO - Validating images for second weighment
2025-06-02 19:56:08,536 - FormValidator - INFO - Images validation for second: front=False, back=False
2025-06-02 19:56:09,405 - DataManager - INFO - Successfully loaded 62 records from data\Tharuni_Guntur_data.csv
2025-06-02 19:56:09,406 - DataManager - INFO - Successfully loaded 62 records from data\Tharuni_Guntur_data.csv
2025-06-02 19:56:09,409 - FormValidator - INFO - User chose to continue without images
2025-06-02 19:56:09,410 - FormValidator - INFO - Form validation passed successfully
2025-06-02 19:56:09,411 - TharuniApp - INFO - Saving record for ticket: T0061
2025-06-02 19:56:09,411 - TharuniApp - INFO - Current weighment state: second
2025-06-02 19:56:09,412 - TharuniApp - INFO - Is completing second weighment: 
2025-06-02 19:56:09,412 - TharuniApp - INFO - Is first weighment save: False
2025-06-02 19:56:09,412 - TharuniApp - INFO - Calling data_manager.save_record for T0061
2025-06-02 19:56:09,412 - DataManager - INFO - ==================================================
2025-06-02 19:56:09,412 - DataManager - INFO - STARTING OFFLINE-FIRST RECORD SAVE WITH JSON BACKUP
2025-06-02 19:56:09,413 - DataManager - INFO - Input data keys: ['date', 'time', 'site_name', 'agency_name', 'material', 'ticket_no', 'vehicle_no', 'transfer_party_name', 'first_weight', 'first_timestamp', 'second_weight', 'second_timestamp', 'net_weight', 'material_type', 'first_front_image', 'first_back_image', 'second_front_image', 'second_back_image', 'site_incharge', 'user_name']
2025-06-02 19:56:09,413 - DataManager - INFO - Net weight cleared - incomplete weighments
2025-06-02 19:56:09,413 - DataManager - INFO - Using data file: data\Tharuni_Guntur_data.csv
2025-06-02 19:56:09,414 - DataManager - INFO - Successfully loaded 62 records from data\Tharuni_Guntur_data.csv
2025-06-02 19:56:09,415 - DataManager - INFO - Filtered 62 records to 1 using filter: 't0061'
2025-06-02 19:56:09,415 - DataManager - INFO - Updating existing record: T0061
2025-06-02 19:56:09,416 - DataManager - INFO - Updating record T0061 in data\Tharuni_Guntur_data.csv
2025-06-02 19:56:09,417 - DataManager - INFO - Read 62 records from CSV
2025-06-02 19:56:09,417 - DataManager - INFO - Found record to update at index 61
2025-06-02 19:56:09,418 - DataManager - INFO - Updated record data: ['02-06-2025', '19:56:09', 'Guntur', 'Tharuni', 'Inert', 'T0061', 'AP39V6553', 'Jindal', '41660.00', '02-06-2025 19:56:04', '', '', '', 'Inert', '', '', '', '', '', 'admin']
2025-06-02 19:56:09,421 - DataManager - INFO - ✅ Record T0061 updated in data\Tharuni_Guntur_data.csv
2025-06-02 19:56:09,421 - DataManager - INFO - ✅ Record T0061 saved to local CSV successfully
2025-06-02 19:56:09,422 - DataManager - INFO - Record completion status: False
2025-06-02 19:56:10,798 - DataManager - INFO - Successfully loaded 62 records from data\Tharuni_Guntur_data.csv
2025-06-02 19:56:10,814 - DataManager - INFO - Successfully loaded 62 records from data\Tharuni_Guntur_data.csv
2025-06-02 19:56:10,820 - DataManager - INFO - ✅ OFFLINE-FIRST SAVE COMPLETED - Local CSV, JSON backup, PDF generated, and files queued for auto upload
2025-06-02 19:56:10,855 - DataManager - INFO - 🔄 Auto upload queue: 0 items pending
2025-06-02 19:56:10,856 - DataManager - INFO - 💡 Cloud upload will happen automatically when internet is available
2025-06-02 19:56:10,856 - DataManager - INFO - ==================================================
2025-06-02 19:56:10,856 - TharuniApp - INFO - ✅ Record T0061 saved successfully
2025-06-02 19:56:10,857 - TharuniApp - INFO - Record updated for T0061
2025-06-02 19:56:12,005 - DataManager - INFO - Successfully loaded 62 records from data\Tharuni_Guntur_data.csv
2025-06-02 19:56:12,006 - DataManager - INFO - Successfully loaded 62 records from data\Tharuni_Guntur_data.csv
2025-06-02 19:56:12,012 - DataManager - INFO - Successfully loaded 62 records from data\Tharuni_Guntur_data.csv
2025-06-02 19:56:12,012 - DataManager - INFO - Returning all 62 records (no filter)
2025-06-02 19:56:12,014 - PendingVehiclesPanel - INFO - Refreshing pending vehicles list
2025-06-02 19:56:12,015 - DataManager - INFO - Successfully loaded 62 records from data\Tharuni_Guntur_data.csv
2025-06-02 19:56:12,015 - PendingVehiclesPanel - INFO - Retrieved 62 total records
2025-06-02 19:56:12,015 - PendingVehiclesPanel - INFO - Added to pending: T0061
2025-06-02 19:56:12,016 - PendingVehiclesPanel - INFO - Found 1 pending records
2025-06-02 19:56:12,016 - PendingVehiclesPanel - INFO - Successfully refreshed pending list with 1 items
2025-06-02 19:56:12,017 - TharuniApp - INFO - SAVE RECORD OPERATION COMPLETED SUCCESSFULLY
2025-06-02 19:56:12,017 - TharuniApp - INFO - ==================================================
2025-06-02 19:56:16,059 - TharuniApp - INFO - Updating camera settings: {'front_camera_type': 'HTTP', 'front_camera_index': 1, 'front_rtsp_username': '', 'front_rtsp_password': '', 'front_rtsp_ip': '', 'front_rtsp_port': '8554', 'front_rtsp_endpoint': '/stream', 'front_http_username': '', 'front_http_password': '', 'front_http_ip': '', 'front_http_port': '80', 'front_http_endpoint': '/mjpeg', 'back_camera_type': 'HTTP', 'back_camera_index': 0, 'back_rtsp_username': '', 'back_rtsp_password': '', 'back_rtsp_ip': '', 'back_rtsp_port': '8555', 'back_rtsp_endpoint': '/stream', 'back_http_username': '', 'back_http_password': '', 'back_http_ip': '', 'back_http_port': '80', 'back_http_endpoint': '/mjpeg'}
2025-06-02 19:56:16,070 - TharuniApp - INFO - Camera settings saved for persistence
2025-06-02 19:56:18,583 - TharuniApp - INFO - ============================================================
2025-06-02 19:56:18,583 - TharuniApp - INFO - APPLICATION STARTUP WITH AUTO UPLOAD QUEUE
2025-06-02 19:56:18,584 - TharuniApp - INFO - ============================================================
2025-06-02 19:56:18,587 - TharuniApp - INFO - Configuration setup completed
2025-06-02 19:56:18,588 - DataManager - INFO - DataManager initialized with OFFLINE-FIRST approach + AUTO UPLOAD QUEUE
2025-06-02 19:56:18,588 - DataManager - INFO - CSV structure is up to date
2025-06-02 19:56:18,589 - DataManager - INFO - Daily PDF folder structure ready:
2025-06-02 19:56:18,589 - DataManager - INFO -   Base reports folder: data\reports
2025-06-02 19:56:18,590 - DataManager - INFO -   Today's folder: data\reports\2025-06-02
2025-06-02 19:56:18,590 - DataManager - INFO - Data file: data\weighbridge_data.csv
2025-06-02 19:56:18,590 - DataManager - INFO - Reports folder: data\reports
2025-06-02 19:56:18,591 - DataManager - INFO - JSON backup folder: data\json_backups
2025-06-02 19:56:18,591 - DataManager - INFO - PDF folder: data\reports\2025-06-02
2025-06-02 19:56:18,591 - DataManager - INFO - Cloud storage will only be initialized when backup is requested
2025-06-02 19:56:18,602 - AutoUploadQueue - INFO - Loaded 0 items from queue
2025-06-02 19:56:18,603 - AutoUploadQueue - INFO - Upload worker started
2025-06-02 19:56:18,603 - AutoUploadQueue - INFO - Background upload worker started
2025-06-02 19:56:18,604 - AutoUploadQueue - INFO - AutoUploadQueue initialized
2025-06-02 19:56:18,604 - DataManager - INFO - ✅ Auto upload queue initialized
2025-06-02 19:56:18,605 - TharuniApp - INFO - Data manager with auto upload queue initialized
2025-06-02 19:56:18,608 - TharuniApp - INFO - Settings storage initialized
2025-06-02 19:56:18,610 - TharuniApp - INFO - UI styles initialized
2025-06-02 19:56:18,611 - TharuniApp - INFO - Starting user authentication
2025-06-02 19:56:21,332 - TharuniApp - INFO - Authentication canceled - exiting application
2025-06-02 19:56:21,332 - TharuniApp - INFO - User authentication failed or canceled - exiting
2025-06-02 20:01:51,816 - TharuniApp - INFO - ============================================================
2025-06-02 20:01:51,816 - TharuniApp - INFO - APPLICATION STARTUP WITH AUTO UPLOAD QUEUE
2025-06-02 20:01:51,816 - TharuniApp - INFO - ============================================================
2025-06-02 20:01:51,820 - TharuniApp - INFO - Configuration setup completed
2025-06-02 20:01:51,820 - DataManager - INFO - DataManager initialized with OFFLINE-FIRST approach + AUTO UPLOAD QUEUE
2025-06-02 20:01:51,821 - DataManager - INFO - CSV structure is up to date
2025-06-02 20:01:51,821 - DataManager - INFO - Daily PDF folder structure ready:
2025-06-02 20:01:51,822 - DataManager - INFO -   Base reports folder: data\reports
2025-06-02 20:01:51,822 - DataManager - INFO -   Today's folder: data\reports\2025-06-02
2025-06-02 20:01:51,823 - DataManager - INFO - Data file: data\weighbridge_data.csv
2025-06-02 20:01:51,823 - DataManager - INFO - Reports folder: data\reports
2025-06-02 20:01:51,823 - DataManager - INFO - JSON backup folder: data\json_backups
2025-06-02 20:01:51,824 - DataManager - INFO - PDF folder: data\reports\2025-06-02
2025-06-02 20:01:51,824 - DataManager - INFO - Cloud storage will only be initialized when backup is requested
2025-06-02 20:01:51,825 - AutoUploadQueue - INFO - Loaded 0 items from queue
2025-06-02 20:01:51,826 - AutoUploadQueue - INFO - Upload worker started
2025-06-02 20:01:51,826 - AutoUploadQueue - INFO - Background upload worker started
2025-06-02 20:01:51,827 - AutoUploadQueue - INFO - AutoUploadQueue initialized
2025-06-02 20:01:51,828 - DataManager - INFO - ✅ Auto upload queue initialized
2025-06-02 20:01:51,828 - TharuniApp - INFO - Data manager with auto upload queue initialized
2025-06-02 20:01:51,830 - TharuniApp - INFO - Settings storage initialized
2025-06-02 20:01:51,833 - TharuniApp - INFO - UI styles initialized
2025-06-02 20:01:51,833 - TharuniApp - INFO - Starting user authentication
2025-06-02 20:01:55,994 - TharuniApp - INFO - Authentication successful: admin
2025-06-02 20:01:55,994 - TharuniApp - INFO - User logged in: admin (Role: admin)
2025-06-02 20:01:55,994 - TharuniApp - INFO - Setting up data context
2025-06-02 20:01:55,995 - DataManager - INFO - CSV structure is up to date
2025-06-02 20:01:55,995 - DataManager - INFO - Data context set to: Agency='Tharuni', Site='Guntur'
2025-06-02 20:01:55,995 - DataManager - INFO - Data file: data\Tharuni_Guntur_data.csv
2025-06-02 20:01:55,996 - TharuniApp - INFO - Data context initialized: Agency='Tharuni', Site='Guntur'
2025-06-02 20:01:55,996 - TharuniApp - INFO - Data will be saved to: data\Tharuni_Guntur_data.csv
2025-06-02 20:01:55,996 - TharuniApp - INFO - PDFs will be saved to: data\reports\2025-06-02
2025-06-02 20:01:55,996 - TharuniApp - INFO - Creating application widgets
2025-06-02 20:01:56,011 - TharuniApp - INFO - Creating main panel with scrollable support
2025-06-02 20:01:56,019 - FormValidator - INFO - FormValidator initialized
2025-06-02 20:01:56,019 - MainForm - INFO - MainForm initialized
2025-06-02 20:01:56,025 - DataManager - INFO - Successfully loaded 62 records from data\Tharuni_Guntur_data.csv
2025-06-02 20:02:04,268 - DataManager - INFO - Successfully loaded 62 records from data\Tharuni_Guntur_data.csv
2025-06-02 20:02:04,269 - TharuniApp - INFO - Main form created in scrollable frame
2025-06-02 20:02:04,270 - DataManager - INFO - CSV structure is up to date
2025-06-02 20:02:04,271 - DataManager - INFO - Data context set to: Agency='Tharuni', Site='Guntur'
2025-06-02 20:02:04,271 - DataManager - INFO - Data file: data\Tharuni_Guntur_data.csv
2025-06-02 20:02:04,271 - DataManager - INFO - CSV structure is up to date
2025-06-02 20:02:04,272 - DataManager - INFO - Data context set to: Agency='Tharuni', Site='Guntur'
2025-06-02 20:02:04,272 - DataManager - INFO - Data file: data\Tharuni_Guntur_data.csv
2025-06-02 20:02:04,272 - DataManager - INFO - CSV structure is up to date
2025-06-02 20:02:04,273 - DataManager - INFO - Data context set to: Agency='Tharuni', Site='Guntur'
2025-06-02 20:02:04,273 - DataManager - INFO - Data file: data\Tharuni_Guntur_data.csv
2025-06-02 20:02:04,273 - PendingVehiclesPanel - INFO - PendingVehiclesPanel initialized
2025-06-02 20:02:04,276 - PendingVehiclesPanel - INFO - Refreshing pending vehicles list
2025-06-02 20:02:04,277 - DataManager - INFO - Successfully loaded 62 records from data\Tharuni_Guntur_data.csv
2025-06-02 20:02:04,278 - PendingVehiclesPanel - INFO - Retrieved 62 total records
2025-06-02 20:02:04,278 - PendingVehiclesPanel - INFO - Added to pending: T0061
2025-06-02 20:02:04,278 - PendingVehiclesPanel - INFO - Found 1 pending records
2025-06-02 20:02:04,279 - PendingVehiclesPanel - INFO - Successfully refreshed pending list with 1 items
2025-06-02 20:02:04,279 - TharuniApp - INFO - Pending vehicles panel created
2025-06-02 20:02:04,447 - TharuniApp - INFO - Main panel creation completed with scrollable support
2025-06-02 20:02:04,467 - TharuniApp - INFO - Summary panel created
2025-06-02 20:02:04,576 - DataManager - INFO - DataManager initialized with OFFLINE-FIRST approach + AUTO UPLOAD QUEUE
2025-06-02 20:02:04,576 - DataManager - INFO - CSV structure is up to date
2025-06-02 20:02:04,577 - DataManager - INFO - Daily PDF folder structure ready:
2025-06-02 20:02:04,577 - DataManager - INFO -   Base reports folder: data\reports
2025-06-02 20:02:04,577 - DataManager - INFO -   Today's folder: data\reports\2025-06-02
2025-06-02 20:02:04,578 - DataManager - INFO - Data file: data\Tharuni_Guntur_data.csv
2025-06-02 20:02:04,578 - DataManager - INFO - Reports folder: data\reports
2025-06-02 20:02:04,579 - DataManager - INFO - JSON backup folder: data\json_backups
2025-06-02 20:02:04,579 - DataManager - INFO - PDF folder: data\reports\2025-06-02
2025-06-02 20:02:04,579 - DataManager - INFO - Cloud storage will only be initialized when backup is requested
2025-06-02 20:02:04,580 - AutoUploadQueue - INFO - Loaded 0 items from queue
2025-06-02 20:02:04,581 - AutoUploadQueue - INFO - Upload worker started
2025-06-02 20:02:04,581 - AutoUploadQueue - INFO - Background upload worker started
2025-06-02 20:02:04,582 - AutoUploadQueue - INFO - AutoUploadQueue initialized
2025-06-02 20:02:04,582 - DataManager - INFO - ✅ Auto upload queue initialized
2025-06-02 20:02:04,682 - DataManager - INFO - DataManager initialized with OFFLINE-FIRST approach + AUTO UPLOAD QUEUE
2025-06-02 20:02:04,683 - DataManager - INFO - CSV structure is up to date
2025-06-02 20:02:04,683 - DataManager - INFO - Daily PDF folder structure ready:
2025-06-02 20:02:04,683 - DataManager - INFO -   Base reports folder: data\reports
2025-06-02 20:02:04,684 - DataManager - INFO -   Today's folder: data\reports\2025-06-02
2025-06-02 20:02:04,684 - DataManager - INFO - Data file: data\Tharuni_Guntur_data.csv
2025-06-02 20:02:04,684 - DataManager - INFO - Reports folder: data\reports
2025-06-02 20:02:04,685 - DataManager - INFO - JSON backup folder: data\json_backups
2025-06-02 20:02:04,685 - DataManager - INFO - PDF folder: data\reports\2025-06-02
2025-06-02 20:02:04,685 - DataManager - INFO - Cloud storage will only be initialized when backup is requested
2025-06-02 20:02:04,686 - AutoUploadQueue - INFO - Loaded 0 items from queue
2025-06-02 20:02:04,686 - AutoUploadQueue - INFO - Upload worker started
2025-06-02 20:02:04,686 - AutoUploadQueue - INFO - Background upload worker started
2025-06-02 20:02:04,687 - AutoUploadQueue - INFO - AutoUploadQueue initialized
2025-06-02 20:02:04,687 - DataManager - INFO - ✅ Auto upload queue initialized
2025-06-02 20:02:04,848 - TharuniApp - INFO - ✅ Data manager references set in settings panel
2025-06-02 20:02:04,848 - TharuniApp - INFO -    - settings_panel.app_data_manager: True
2025-06-02 20:02:04,848 - TharuniApp - INFO -    - settings_panel.data_manager: True
2025-06-02 20:02:04,849 - TharuniApp - INFO -    - settings_tab.data_manager: True
2025-06-02 20:02:04,849 - TharuniApp - INFO - Widget creation completed successfully
2025-06-02 20:02:04,849 - PendingVehiclesPanel - INFO - Refreshing pending vehicles list
2025-06-02 20:02:04,850 - DataManager - INFO - Successfully loaded 62 records from data\Tharuni_Guntur_data.csv
2025-06-02 20:02:04,851 - PendingVehiclesPanel - INFO - Retrieved 62 total records
2025-06-02 20:02:04,851 - PendingVehiclesPanel - INFO - Added to pending: T0061
2025-06-02 20:02:04,852 - PendingVehiclesPanel - INFO - Found 1 pending records
2025-06-02 20:02:04,852 - PendingVehiclesPanel - INFO - Successfully refreshed pending list with 1 items
2025-06-02 20:02:04,853 - DataManager - INFO - Created new daily folder: data\reports\02-06
2025-06-02 20:02:05,195 - TharuniApp - INFO - Application initialization completed successfully
2025-06-02 20:02:05,213 - TharuniApp - INFO - Auto upload queue status: 0 items queued, worker running
2025-06-02 20:02:05,864 - TharuniApp - INFO - Ensuring settings persistence...
2025-06-02 20:02:05,873 - TharuniApp - INFO - Settings persistence check completed
2025-06-02 20:02:11,534 - PendingVehiclesPanel - INFO - Double-clicked on ticket: T0061
2025-06-02 20:02:11,536 - TharuniApp - INFO - Loading pending vehicle: T0061
2025-06-02 20:02:11,543 - TharuniApp - INFO - Current next available ticket: T0061
2025-06-02 20:02:11,544 - MainForm - INFO - Loading pending ticket: T0061
2025-06-02 20:02:11,548 - DataManager - INFO - Successfully loaded 62 records from data\Tharuni_Guntur_data.csv
2025-06-02 20:02:11,551 - DataManager - INFO - Filtered 62 records to 1 using filter: 't0061'
2025-06-02 20:02:11,551 - MainForm - INFO - Loading pending ticket T0061 for second weighment
2025-06-02 20:02:11,554 - DataManager - INFO - CSV structure is up to date
2025-06-02 20:02:11,554 - DataManager - INFO - Data context set to: Agency='Tharuni', Site='Guntur'
2025-06-02 20:02:11,555 - DataManager - INFO - Data file: data\Tharuni_Guntur_data.csv
2025-06-02 20:02:11,559 - MainForm - INFO - Successfully loaded pending ticket T0061 for second weighment
2025-06-02 20:02:11,559 - TharuniApp - INFO - Successfully loaded pending ticket: T0061
2025-06-02 20:02:16,909 - TharuniApp - INFO - ==================================================
2025-06-02 20:02:16,910 - TharuniApp - INFO - SAVE RECORD OPERATION STARTED
2025-06-02 20:02:16,910 - FormValidator - INFO - Starting comprehensive form validation
2025-06-02 20:02:16,911 - FormValidator - INFO - Validating basic fields
2025-06-02 20:02:16,911 - FormValidator - INFO - Field values: ticket='T0061', vehicle='AP39V6553', agency='Tharuni'
2025-06-02 20:02:16,912 - FormValidator - INFO - Basic validation passed
2025-06-02 20:02:16,912 - FormValidator - INFO - Validating weighment data
2025-06-02 20:02:16,913 - FormValidator - INFO - Weighment data: first_weight='41660.00', first_timestamp='02-06-2025 19:56:04', second_weight='5080.00', second_timestamp='02-06-2025 20:02:13'
2025-06-02 20:02:16,913 - FormValidator - INFO - Weighment validation passed
2025-06-02 20:02:16,914 - FormValidator - INFO - Validating images for second weighment
2025-06-02 20:02:16,914 - FormValidator - INFO - Images validation for second: front=False, back=False
2025-06-02 20:02:17,837 - FormValidator - INFO - User chose to continue without images
2025-06-02 20:02:17,837 - FormValidator - INFO - Form validation passed successfully
2025-06-02 20:02:17,838 - TharuniApp - INFO - Saving record for ticket: T0061
2025-06-02 20:02:17,839 - TharuniApp - INFO - Current weighment state: second
2025-06-02 20:02:17,839 - TharuniApp - INFO - Is first weighment save: False
2025-06-02 20:02:17,839 - TharuniApp - INFO - Is completing second weighment: 02-06-2025 19:56:04
2025-06-02 20:02:17,839 - TharuniApp - INFO - Calling data_manager.save_record for T0061
2025-06-02 20:02:17,839 - DataManager - INFO - ==================================================
2025-06-02 20:02:17,840 - DataManager - INFO - STARTING OFFLINE-FIRST RECORD SAVE WITH JSON BACKUP
2025-06-02 20:02:17,840 - DataManager - INFO - Input data keys: ['date', 'time', 'site_name', 'agency_name', 'material', 'ticket_no', 'vehicle_no', 'transfer_party_name', 'first_weight', 'first_timestamp', 'second_weight', 'second_timestamp', 'net_weight', 'material_type', 'first_front_image', 'first_back_image', 'second_front_image', 'second_back_image', 'site_incharge', 'user_name']
2025-06-02 20:02:17,840 - DataManager - INFO - Net weight calculated: 41660.0 - 5080.0 = 36580.00
2025-06-02 20:02:17,840 - DataManager - INFO - Using data file: data\Tharuni_Guntur_data.csv
2025-06-02 20:02:17,841 - DataManager - INFO - Successfully loaded 62 records from data\Tharuni_Guntur_data.csv
2025-06-02 20:02:17,842 - DataManager - INFO - Filtered 62 records to 1 using filter: 't0061'
2025-06-02 20:02:17,842 - DataManager - INFO - Updating existing record: T0061
2025-06-02 20:02:17,842 - DataManager - INFO - Updating record T0061 in data\Tharuni_Guntur_data.csv
2025-06-02 20:02:17,843 - DataManager - INFO - Read 62 records from CSV
2025-06-02 20:02:17,843 - DataManager - INFO - Found record to update at index 61
2025-06-02 20:02:17,843 - DataManager - INFO - Updated record data: ['02-06-2025', '20:02:17', 'Guntur', 'Tharuni', 'Inert', 'T0061', 'AP39V6553', 'Jindal', '41660.00', '02-06-2025 19:56:04', '5080.00', '02-06-2025 20:02:13', '36580.00', 'Inert', '', '', '', '', '', 'admin']
2025-06-02 20:02:17,849 - DataManager - INFO - ✅ Record T0061 updated in data\Tharuni_Guntur_data.csv
2025-06-02 20:02:17,849 - DataManager - INFO - ✅ Record T0061 saved to local CSV successfully
2025-06-02 20:02:17,850 - DataManager - INFO - Record completion status: True
2025-06-02 20:02:17,850 - DataManager - INFO - Complete record detected - saving JSON backup locally...
2025-06-02 20:02:17,850 - DataManager - INFO - Created new daily JSON folder: data\json_backups\2025-06-02
2025-06-02 20:02:17,852 - DataManager - INFO - ✅ JSON backup saved: data\json_backups\2025-06-02\T0061_Tharuni_Guntur_200217.json
2025-06-02 20:02:17,853 - DataManager - INFO - ✅ JSON backup saved locally for T0061
2025-06-02 20:02:17,853 - DataManager - INFO - Complete record detected for ticket T0061 - generating PDF locally...
2025-06-02 20:02:17,854 - DataManager - INFO - Today's reports folder ensured: data\reports\2025-06-02
2025-06-02 20:02:17,854 - DataManager - INFO - Reports will be saved to: data\reports\2025-06-02
2025-06-02 20:02:17,855 - DataManager - INFO - Today's reports folder ensured: data\reports\2025-06-02
2025-06-02 20:02:17,857 - DataManager - INFO - SIMPLE TEST - Net display: '36580.00 kg'
2025-06-02 20:02:17,857 - DataManager - INFO - Building PDF document: data\reports\2025-06-02\Tharuni_Guntur_T0061_AP39V6553_200217.pdf
2025-06-02 20:02:17,869 - DataManager - INFO - PDF created successfully: data\reports\2025-06-02\Tharuni_Guntur_T0061_AP39V6553_200217.pdf (2968 bytes)
2025-06-02 20:02:17,870 - DataManager - INFO - Auto-generated PDF: data\reports\2025-06-02\Tharuni_Guntur_T0061_AP39V6553_200217.pdf
2025-06-02 20:02:17,870 - DataManager - INFO - PDF saved to today's reports folder: data\reports\2025-06-02
2025-06-02 20:02:17,870 - DataManager - INFO - ✅ PDF auto-generated locally: data\reports\2025-06-02\Tharuni_Guntur_T0061_AP39V6553_200217.pdf
2025-06-02 20:02:17,870 - DataManager - INFO - Adding complete record files to auto upload queue...
2025-06-02 20:02:17,872 - AutoUploadQueue - INFO - Added to upload queue: json - T0061_Tharuni_Guntur_200217.json
2025-06-02 20:02:17,873 - AutoUploadQueue - INFO - Added to upload queue: pdf - Tharuni_Guntur_T0061_AP39V6553_200217.pdf
2025-06-02 20:02:17,873 - AutoUploadQueue - INFO - Queued 2 files for ticket T0061
2025-06-02 20:02:17,874 - DataManager - INFO - ✅ Added 2 files to auto upload queue
2025-06-02 20:02:18,806 - DataManager - INFO - ✅ OFFLINE-FIRST SAVE COMPLETED - Local CSV, JSON backup, PDF generated, and files queued for auto upload
2025-06-02 20:02:18,807 - DataManager - INFO - 📂 PDF saved to today's reports folder: data\reports\2025-06-02
2025-06-02 20:02:18,835 - DataManager - INFO - 🔄 Auto upload queue: 2 items pending
2025-06-02 20:02:18,835 - DataManager - INFO - 💡 Cloud upload will happen automatically when internet is available
2025-06-02 20:02:18,836 - DataManager - INFO - ==================================================
2025-06-02 20:02:18,836 - TharuniApp - INFO - ✅ Record T0061 saved successfully
2025-06-02 20:02:18,836 - TharuniApp - INFO - ✅ Second weighment completed for T0061
2025-06-02 20:02:18,836 - PendingVehiclesPanel - INFO - Attempting to remove ticket T0061 from pending list
2025-06-02 20:02:18,837 - PendingVehiclesPanel - INFO - Removed ticket T0061 from pending list
2025-06-02 20:02:18,837 - TharuniApp - INFO - Removed T0061 from pending vehicles list
2025-06-02 20:02:19,885 - TharuniApp - INFO - Next available ticket after completion: T0061
2025-06-02 20:02:19,886 - MainForm - INFO - Preparing form for specific new ticket: T0061
2025-06-02 20:02:20,207 - MainForm - INFO - Form prepared for specific new ticket: T0061
2025-06-02 20:02:20,210 - TharuniApp - INFO - ✅ Complete record processing finished for T0061
2025-06-02 20:02:20,223 - DataManager - INFO - Successfully loaded 62 records from data\Tharuni_Guntur_data.csv
2025-06-02 20:02:20,223 - DataManager - INFO - Returning all 62 records (no filter)
2025-06-02 20:02:20,225 - PendingVehiclesPanel - INFO - Refreshing pending vehicles list
2025-06-02 20:02:20,227 - DataManager - INFO - Successfully loaded 62 records from data\Tharuni_Guntur_data.csv
2025-06-02 20:02:20,227 - PendingVehiclesPanel - INFO - Retrieved 62 total records
2025-06-02 20:02:20,227 - PendingVehiclesPanel - INFO - Found 0 pending records
2025-06-02 20:02:20,228 - PendingVehiclesPanel - INFO - Successfully refreshed pending list with 0 items
2025-06-02 20:02:20,228 - TharuniApp - INFO - SAVE RECORD OPERATION COMPLETED SUCCESSFULLY
2025-06-02 20:02:20,228 - TharuniApp - INFO - ==================================================
2025-06-02 20:02:21,843 - AutoUploadQueue - INFO - Internet available, processing upload queue...
2025-06-02 20:02:22,587 - DataManager - INFO - Cloud storage initialized on demand
2025-06-02 20:02:22,910 - AutoUploadQueue - INFO - ✅ Uploaded JSON: T0061_Tharuni_Guntur_200217.json
2025-06-02 20:02:22,910 - AutoUploadQueue - INFO - Successfully uploaded: T0061_Tharuni_Guntur_200217.json
2025-06-02 20:02:23,204 - AutoUploadQueue - INFO - ✅ Uploaded PDF: Tharuni_Guntur_T0061_AP39V6553_200217.pdf
2025-06-02 20:02:23,205 - AutoUploadQueue - INFO - Successfully uploaded: Tharuni_Guntur_T0061_AP39V6553_200217.pdf
2025-06-02 20:02:23,209 - AutoUploadQueue - INFO - Upload batch completed: 2 uploaded, 0 failed
2025-06-02 20:02:23,210 - AutoUploadQueue - INFO - ✅ Upload batch: 2 files uploaded successfully
2025-06-02 20:02:32,170 - DataManager - INFO - Successfully loaded 62 records from data\Tharuni_Guntur_data.csv
2025-06-02 20:02:32,196 - DataManager - INFO - Successfully loaded 62 records from data\Tharuni_Guntur_data.csv
2025-06-02 20:02:32,198 - DataManager - INFO - Successfully loaded 62 records from data\Tharuni_Guntur_data.csv
2025-06-02 20:02:33,026 - DataManager - INFO - Successfully loaded 62 records from data\Tharuni_Guntur_data.csv
2025-06-02 20:02:33,028 - DataManager - INFO - Successfully loaded 62 records from data\Tharuni_Guntur_data.csv
2025-06-02 20:02:35,485 - DataManager - INFO - Successfully loaded 62 records from data\Tharuni_Guntur_data.csv
2025-06-02 20:02:35,486 - DataManager - INFO - Successfully loaded 62 records from data\Tharuni_Guntur_data.csv
2025-06-02 20:02:37,693 - DataManager - INFO - Successfully loaded 62 records from data\Tharuni_Guntur_data.csv
2025-06-02 20:02:37,694 - DataManager - INFO - Successfully loaded 62 records from data\Tharuni_Guntur_data.csv
2025-06-02 20:02:40,075 - TharuniApp - INFO - ==================================================
2025-06-02 20:02:40,076 - TharuniApp - INFO - SAVE RECORD OPERATION STARTED
2025-06-02 20:02:40,076 - FormValidator - INFO - Starting comprehensive form validation
2025-06-02 20:02:40,077 - FormValidator - INFO - Validating basic fields
2025-06-02 20:02:40,077 - FormValidator - INFO - Field values: ticket='T0061', vehicle='TS05X0555', agency='Tharuni'
2025-06-02 20:02:40,078 - FormValidator - INFO - Basic validation passed
2025-06-02 20:02:40,078 - FormValidator - INFO - Validating weighment data
2025-06-02 20:02:40,078 - FormValidator - INFO - Weighment data: first_weight='37010.00', first_timestamp='02-06-2025 20:02:34', second_weight='11440.00', second_timestamp='02-06-2025 20:02:36'
2025-06-02 20:02:40,079 - FormValidator - INFO - Weighment validation passed
2025-06-02 20:02:40,079 - FormValidator - INFO - Validating images for second weighment
2025-06-02 20:02:40,080 - FormValidator - INFO - Images validation for second: front=False, back=False
2025-06-02 20:02:40,932 - DataManager - INFO - Successfully loaded 62 records from data\Tharuni_Guntur_data.csv
2025-06-02 20:02:40,933 - DataManager - INFO - Successfully loaded 62 records from data\Tharuni_Guntur_data.csv
2025-06-02 20:02:40,937 - FormValidator - INFO - User chose to continue without images
2025-06-02 20:02:40,937 - FormValidator - INFO - Form validation passed successfully
2025-06-02 20:02:40,939 - TharuniApp - INFO - Saving record for ticket: T0061
2025-06-02 20:02:40,939 - TharuniApp - INFO - Current weighment state: second
2025-06-02 20:02:40,939 - TharuniApp - INFO - Is first weighment save: False
2025-06-02 20:02:40,940 - TharuniApp - INFO - Is completing second weighment: 02-06-2025 20:02:34
2025-06-02 20:02:40,940 - TharuniApp - INFO - Calling data_manager.save_record for T0061
2025-06-02 20:02:40,940 - DataManager - INFO - ==================================================
2025-06-02 20:02:40,941 - DataManager - INFO - STARTING OFFLINE-FIRST RECORD SAVE WITH JSON BACKUP
2025-06-02 20:02:40,942 - DataManager - INFO - Input data keys: ['date', 'time', 'site_name', 'agency_name', 'material', 'ticket_no', 'vehicle_no', 'transfer_party_name', 'first_weight', 'first_timestamp', 'second_weight', 'second_timestamp', 'net_weight', 'material_type', 'first_front_image', 'first_back_image', 'second_front_image', 'second_back_image', 'site_incharge', 'user_name']
2025-06-02 20:02:40,942 - DataManager - INFO - Net weight calculated: 37010.0 - 11440.0 = 25570.00
2025-06-02 20:02:40,943 - DataManager - INFO - Using data file: data\Tharuni_Guntur_data.csv
2025-06-02 20:02:40,944 - DataManager - INFO - Successfully loaded 62 records from data\Tharuni_Guntur_data.csv
2025-06-02 20:02:40,945 - DataManager - INFO - Filtered 62 records to 1 using filter: 't0061'
2025-06-02 20:02:40,945 - DataManager - INFO - Updating existing record: T0061
2025-06-02 20:02:40,946 - DataManager - INFO - Updating record T0061 in data\Tharuni_Guntur_data.csv
2025-06-02 20:02:40,946 - DataManager - INFO - Read 62 records from CSV
2025-06-02 20:02:40,947 - DataManager - INFO - Found record to update at index 61
2025-06-02 20:02:40,947 - DataManager - INFO - Updated record data: ['02-06-2025', '20:02:40', 'Guntur', 'Tharuni', 'Inert', 'T0061', 'TS05X0555', 'Jindal', '37010.00', '02-06-2025 20:02:34', '11440.00', '02-06-2025 20:02:36', '25570.00', 'Inert', '', '', '', '', '', 'admin']
2025-06-02 20:02:40,949 - DataManager - INFO - ✅ Record T0061 updated in data\Tharuni_Guntur_data.csv
2025-06-02 20:02:40,950 - DataManager - INFO - ✅ Record T0061 saved to local CSV successfully
2025-06-02 20:02:40,950 - DataManager - INFO - Record completion status: True
2025-06-02 20:02:40,950 - DataManager - INFO - Complete record detected - saving JSON backup locally...
2025-06-02 20:02:40,952 - DataManager - INFO - ✅ JSON backup saved: data\json_backups\2025-06-02\T0061_Tharuni_Guntur_200240.json
2025-06-02 20:02:40,952 - DataManager - INFO - ✅ JSON backup saved locally for T0061
2025-06-02 20:02:40,953 - DataManager - INFO - Complete record detected for ticket T0061 - generating PDF locally...
2025-06-02 20:02:40,953 - DataManager - INFO - Today's reports folder ensured: data\reports\2025-06-02
2025-06-02 20:02:40,953 - DataManager - INFO - Reports will be saved to: data\reports\2025-06-02
2025-06-02 20:02:40,954 - DataManager - INFO - Today's reports folder ensured: data\reports\2025-06-02
2025-06-02 20:02:40,957 - DataManager - INFO - SIMPLE TEST - Net display: '25570.00 kg'
2025-06-02 20:02:40,958 - DataManager - INFO - Building PDF document: data\reports\2025-06-02\Tharuni_Guntur_T0061_TS05X0555_200240.pdf
2025-06-02 20:02:40,966 - DataManager - INFO - PDF created successfully: data\reports\2025-06-02\Tharuni_Guntur_T0061_TS05X0555_200240.pdf (2962 bytes)
2025-06-02 20:02:40,966 - DataManager - INFO - Auto-generated PDF: data\reports\2025-06-02\Tharuni_Guntur_T0061_TS05X0555_200240.pdf
2025-06-02 20:02:40,966 - DataManager - INFO - PDF saved to today's reports folder: data\reports\2025-06-02
2025-06-02 20:02:40,966 - DataManager - INFO - ✅ PDF auto-generated locally: data\reports\2025-06-02\Tharuni_Guntur_T0061_TS05X0555_200240.pdf
2025-06-02 20:02:40,967 - DataManager - INFO - Adding complete record files to auto upload queue...
2025-06-02 20:02:40,968 - AutoUploadQueue - INFO - Added to upload queue: json - T0061_Tharuni_Guntur_200240.json
2025-06-02 20:02:40,969 - AutoUploadQueue - INFO - Added to upload queue: pdf - Tharuni_Guntur_T0061_TS05X0555_200240.pdf
2025-06-02 20:02:40,969 - AutoUploadQueue - INFO - Queued 2 files for ticket T0061
2025-06-02 20:02:40,970 - DataManager - INFO - ✅ Added 2 files to auto upload queue
2025-06-02 20:02:41,944 - DataManager - INFO - Successfully loaded 62 records from data\Tharuni_Guntur_data.csv
2025-06-02 20:02:41,945 - DataManager - INFO - Successfully loaded 62 records from data\Tharuni_Guntur_data.csv
2025-06-02 20:02:41,950 - DataManager - INFO - ✅ OFFLINE-FIRST SAVE COMPLETED - Local CSV, JSON backup, PDF generated, and files queued for auto upload
2025-06-02 20:02:41,950 - DataManager - INFO - 📂 PDF saved to today's reports folder: data\reports\2025-06-02
2025-06-02 20:02:41,985 - DataManager - INFO - 🔄 Auto upload queue: 2 items pending
2025-06-02 20:02:41,985 - DataManager - INFO - 💡 Cloud upload will happen automatically when internet is available
2025-06-02 20:02:41,985 - DataManager - INFO - ==================================================
2025-06-02 20:02:41,986 - TharuniApp - INFO - ✅ Record T0061 saved successfully
2025-06-02 20:02:41,986 - TharuniApp - INFO - ✅ Second weighment completed for T0061
2025-06-02 20:02:41,986 - PendingVehiclesPanel - INFO - Attempting to remove ticket T0061 from pending list
2025-06-02 20:02:41,987 - PendingVehiclesPanel - WARNING - Ticket T0061 not found in pending list for removal
2025-06-02 20:02:41,987 - PendingVehiclesPanel - INFO - Refreshing pending vehicles list
2025-06-02 20:02:41,988 - DataManager - INFO - Successfully loaded 62 records from data\Tharuni_Guntur_data.csv
2025-06-02 20:02:41,988 - PendingVehiclesPanel - INFO - Retrieved 62 total records
2025-06-02 20:02:41,989 - PendingVehiclesPanel - INFO - Found 0 pending records
2025-06-02 20:02:41,990 - PendingVehiclesPanel - INFO - Successfully refreshed pending list with 0 items
2025-06-02 20:02:41,991 - TharuniApp - INFO - Removed T0061 from pending vehicles list
2025-06-02 20:02:43,159 - DataManager - INFO - Successfully loaded 62 records from data\Tharuni_Guntur_data.csv
2025-06-02 20:02:43,160 - DataManager - INFO - Successfully loaded 62 records from data\Tharuni_Guntur_data.csv
2025-06-02 20:02:43,166 - TharuniApp - INFO - Next available ticket after completion: T0061
2025-06-02 20:02:43,167 - MainForm - INFO - Preparing form for specific new ticket: T0061
2025-06-02 20:02:43,169 - MainForm - INFO - Form prepared for specific new ticket: T0061
2025-06-02 20:02:43,172 - TharuniApp - INFO - ✅ Complete record processing finished for T0061
2025-06-02 20:02:43,174 - DataManager - INFO - Successfully loaded 62 records from data\Tharuni_Guntur_data.csv
2025-06-02 20:02:43,174 - DataManager - INFO - Returning all 62 records (no filter)
2025-06-02 20:02:43,176 - PendingVehiclesPanel - INFO - Refreshing pending vehicles list
2025-06-02 20:02:43,177 - DataManager - INFO - Successfully loaded 62 records from data\Tharuni_Guntur_data.csv
2025-06-02 20:02:43,177 - PendingVehiclesPanel - INFO - Retrieved 62 total records
2025-06-02 20:02:43,178 - PendingVehiclesPanel - INFO - Found 0 pending records
2025-06-02 20:02:43,178 - PendingVehiclesPanel - INFO - Successfully refreshed pending list with 0 items
2025-06-02 20:02:43,178 - TharuniApp - INFO - SAVE RECORD OPERATION COMPLETED SUCCESSFULLY
2025-06-02 20:02:43,179 - TharuniApp - INFO - ==================================================
2025-06-02 20:02:46,202 - TharuniApp - INFO - Updating camera settings: {'front_camera_type': 'HTTP', 'front_camera_index': 1, 'front_rtsp_username': '', 'front_rtsp_password': '', 'front_rtsp_ip': '', 'front_rtsp_port': '8554', 'front_rtsp_endpoint': '/stream', 'front_http_username': '', 'front_http_password': '', 'front_http_ip': '', 'front_http_port': '80', 'front_http_endpoint': '/mjpeg', 'back_camera_type': 'HTTP', 'back_camera_index': 0, 'back_rtsp_username': '', 'back_rtsp_password': '', 'back_rtsp_ip': '', 'back_rtsp_port': '8555', 'back_rtsp_endpoint': '/stream', 'back_http_username': '', 'back_http_password': '', 'back_http_ip': '', 'back_http_port': '80', 'back_http_endpoint': '/mjpeg'}
2025-06-02 20:02:46,209 - TharuniApp - INFO - Camera settings saved for persistence
2025-06-02 20:02:48,899 - TharuniApp - INFO - ============================================================
2025-06-02 20:02:48,899 - TharuniApp - INFO - APPLICATION STARTUP WITH AUTO UPLOAD QUEUE
2025-06-02 20:02:48,900 - TharuniApp - INFO - ============================================================
2025-06-02 20:02:48,903 - TharuniApp - INFO - Configuration setup completed
2025-06-02 20:02:48,905 - DataManager - INFO - DataManager initialized with OFFLINE-FIRST approach + AUTO UPLOAD QUEUE
2025-06-02 20:02:48,907 - DataManager - INFO - CSV structure is up to date
2025-06-02 20:02:48,908 - DataManager - INFO - Daily PDF folder structure ready:
2025-06-02 20:02:48,908 - DataManager - INFO -   Base reports folder: data\reports
2025-06-02 20:02:48,908 - DataManager - INFO -   Today's folder: data\reports\2025-06-02
2025-06-02 20:02:48,909 - DataManager - INFO - Data file: data\weighbridge_data.csv
2025-06-02 20:02:48,910 - DataManager - INFO - Reports folder: data\reports
2025-06-02 20:02:48,910 - DataManager - INFO - JSON backup folder: data\json_backups
2025-06-02 20:02:48,911 - DataManager - INFO - PDF folder: data\reports\2025-06-02
2025-06-02 20:02:48,911 - DataManager - INFO - Cloud storage will only be initialized when backup is requested
2025-06-02 20:02:48,927 - AutoUploadQueue - INFO - Loaded queued item: data\json_backups\2025-06-02\T0061_Tharuni_Guntur_200240.json
2025-06-02 20:02:48,929 - AutoUploadQueue - INFO - Loaded queued item: data\reports\2025-06-02\Tharuni_Guntur_T0061_TS05X0555_200240.pdf
2025-06-02 20:02:48,929 - AutoUploadQueue - INFO - Loaded 2 items from queue
2025-06-02 20:02:48,930 - AutoUploadQueue - INFO - Upload worker started
2025-06-02 20:02:48,930 - AutoUploadQueue - INFO - Background upload worker started
2025-06-02 20:02:48,931 - AutoUploadQueue - INFO - AutoUploadQueue initialized
2025-06-02 20:02:48,931 - DataManager - INFO - ✅ Auto upload queue initialized
2025-06-02 20:02:48,932 - TharuniApp - INFO - Data manager with auto upload queue initialized
2025-06-02 20:02:48,936 - TharuniApp - INFO - Settings storage initialized
2025-06-02 20:02:48,941 - TharuniApp - INFO - UI styles initialized
2025-06-02 20:02:48,941 - TharuniApp - INFO - Starting user authentication
2025-06-02 20:02:48,955 - AutoUploadQueue - INFO - Internet available, processing upload queue...
2025-06-02 20:02:49,543 - DataManager - INFO - Cloud storage initialized on demand
2025-06-02 20:02:49,883 - AutoUploadQueue - INFO - ✅ Uploaded JSON: T0061_Tharuni_Guntur_200240.json
2025-06-02 20:02:49,883 - AutoUploadQueue - INFO - Successfully uploaded: T0061_Tharuni_Guntur_200240.json
2025-06-02 20:02:50,204 - AutoUploadQueue - INFO - ✅ Uploaded PDF: Tharuni_Guntur_T0061_TS05X0555_200240.pdf
2025-06-02 20:02:50,204 - AutoUploadQueue - INFO - Successfully uploaded: Tharuni_Guntur_T0061_TS05X0555_200240.pdf
2025-06-02 20:02:50,206 - AutoUploadQueue - INFO - Upload batch completed: 2 uploaded, 0 failed
2025-06-02 20:02:50,207 - AutoUploadQueue - INFO - ✅ Upload batch: 2 files uploaded successfully
2025-06-02 20:05:02,259 - TharuniApp - INFO - Authentication canceled - exiting application
2025-06-02 20:05:02,259 - TharuniApp - INFO - User authentication failed or canceled - exiting
2025-06-02 20:05:24,493 - TharuniApp - INFO - ============================================================
2025-06-02 20:05:24,493 - TharuniApp - INFO - APPLICATION STARTUP WITH AUTO UPLOAD QUEUE
2025-06-02 20:05:24,493 - TharuniApp - INFO - ============================================================
2025-06-02 20:05:24,497 - TharuniApp - INFO - Configuration setup completed
2025-06-02 20:05:24,497 - DataManager - INFO - DataManager initialized with OFFLINE-FIRST approach + AUTO UPLOAD QUEUE
2025-06-02 20:05:24,498 - DataManager - INFO - CSV structure is up to date
2025-06-02 20:05:24,498 - DataManager - INFO - Daily PDF folder structure ready:
2025-06-02 20:05:24,498 - DataManager - INFO -   Base reports folder: data\reports
2025-06-02 20:05:24,498 - DataManager - INFO -   Today's folder: data\reports\2025-06-02
2025-06-02 20:05:24,499 - DataManager - INFO - Data file: data\weighbridge_data.csv
2025-06-02 20:05:24,499 - DataManager - INFO - Reports folder: data\reports
2025-06-02 20:05:24,499 - DataManager - INFO - JSON backup folder: data\json_backups
2025-06-02 20:05:24,500 - DataManager - INFO - PDF folder: data\reports\2025-06-02
2025-06-02 20:05:24,500 - DataManager - INFO - Cloud storage will only be initialized when backup is requested
2025-06-02 20:05:24,512 - AutoUploadQueue - INFO - Loaded 0 items from queue
2025-06-02 20:05:24,513 - AutoUploadQueue - INFO - Upload worker started
2025-06-02 20:05:24,513 - AutoUploadQueue - INFO - Background upload worker started
2025-06-02 20:05:24,513 - AutoUploadQueue - INFO - AutoUploadQueue initialized
2025-06-02 20:05:24,513 - DataManager - INFO - ✅ Auto upload queue initialized
2025-06-02 20:05:24,514 - TharuniApp - INFO - Data manager with auto upload queue initialized
2025-06-02 20:05:24,515 - TharuniApp - INFO - Settings storage initialized
2025-06-02 20:05:24,516 - TharuniApp - INFO - UI styles initialized
2025-06-02 20:05:24,517 - TharuniApp - INFO - Starting user authentication
2025-06-02 20:05:28,072 - TharuniApp - INFO - Authentication successful: admin
2025-06-02 20:05:28,072 - TharuniApp - INFO - User logged in: admin (Role: admin)
2025-06-02 20:05:28,073 - TharuniApp - INFO - Setting up data context
2025-06-02 20:05:28,074 - DataManager - INFO - CSV structure is up to date
2025-06-02 20:05:28,074 - DataManager - INFO - Data context set to: Agency='Tharuni', Site='Guntur'
2025-06-02 20:05:28,074 - DataManager - INFO - Data file: data\Tharuni_Guntur_data.csv
2025-06-02 20:05:28,075 - TharuniApp - INFO - Data context initialized: Agency='Tharuni', Site='Guntur'
2025-06-02 20:05:28,075 - TharuniApp - INFO - Data will be saved to: data\Tharuni_Guntur_data.csv
2025-06-02 20:05:28,075 - TharuniApp - INFO - PDFs will be saved to: data\reports\2025-06-02
2025-06-02 20:05:28,076 - TharuniApp - INFO - Creating application widgets
2025-06-02 20:05:28,091 - TharuniApp - INFO - Creating main panel with scrollable support
2025-06-02 20:05:28,096 - FormValidator - INFO - FormValidator initialized
2025-06-02 20:05:28,097 - MainForm - INFO - MainForm initialized
2025-06-02 20:05:28,103 - DataManager - INFO - Successfully loaded 62 records from data\Tharuni_Guntur_data.csv
2025-06-02 20:05:36,267 - DataManager - INFO - Successfully loaded 62 records from data\Tharuni_Guntur_data.csv
2025-06-02 20:05:36,267 - TharuniApp - INFO - Main form created in scrollable frame
2025-06-02 20:05:36,269 - DataManager - INFO - CSV structure is up to date
2025-06-02 20:05:36,269 - DataManager - INFO - Data context set to: Agency='Tharuni', Site='Guntur'
2025-06-02 20:05:36,269 - DataManager - INFO - Data file: data\Tharuni_Guntur_data.csv
2025-06-02 20:05:36,270 - DataManager - INFO - CSV structure is up to date
2025-06-02 20:05:36,270 - DataManager - INFO - Data context set to: Agency='Tharuni', Site='Guntur'
2025-06-02 20:05:36,270 - DataManager - INFO - Data file: data\Tharuni_Guntur_data.csv
2025-06-02 20:05:36,271 - DataManager - INFO - CSV structure is up to date
2025-06-02 20:05:36,271 - DataManager - INFO - Data context set to: Agency='Tharuni', Site='Guntur'
2025-06-02 20:05:36,272 - DataManager - INFO - Data file: data\Tharuni_Guntur_data.csv
2025-06-02 20:05:36,272 - PendingVehiclesPanel - INFO - PendingVehiclesPanel initialized
2025-06-02 20:05:36,276 - PendingVehiclesPanel - INFO - Refreshing pending vehicles list
2025-06-02 20:05:36,278 - DataManager - INFO - Successfully loaded 62 records from data\Tharuni_Guntur_data.csv
2025-06-02 20:05:36,279 - PendingVehiclesPanel - INFO - Retrieved 62 total records
2025-06-02 20:05:36,279 - PendingVehiclesPanel - INFO - Found 0 pending records
2025-06-02 20:05:36,280 - PendingVehiclesPanel - INFO - Successfully refreshed pending list with 0 items
2025-06-02 20:05:36,280 - TharuniApp - INFO - Pending vehicles panel created
2025-06-02 20:05:36,457 - TharuniApp - INFO - Main panel creation completed with scrollable support
2025-06-02 20:05:36,480 - TharuniApp - INFO - Summary panel created
2025-06-02 20:05:36,595 - DataManager - INFO - DataManager initialized with OFFLINE-FIRST approach + AUTO UPLOAD QUEUE
2025-06-02 20:05:36,596 - DataManager - INFO - CSV structure is up to date
2025-06-02 20:05:36,596 - DataManager - INFO - Daily PDF folder structure ready:
2025-06-02 20:05:36,597 - DataManager - INFO -   Base reports folder: data\reports
2025-06-02 20:05:36,597 - DataManager - INFO -   Today's folder: data\reports\2025-06-02
2025-06-02 20:05:36,598 - DataManager - INFO - Data file: data\Tharuni_Guntur_data.csv
2025-06-02 20:05:36,598 - DataManager - INFO - Reports folder: data\reports
2025-06-02 20:05:36,598 - DataManager - INFO - JSON backup folder: data\json_backups
2025-06-02 20:05:36,598 - DataManager - INFO - PDF folder: data\reports\2025-06-02
2025-06-02 20:05:36,598 - DataManager - INFO - Cloud storage will only be initialized when backup is requested
2025-06-02 20:05:36,599 - AutoUploadQueue - INFO - Loaded 0 items from queue
2025-06-02 20:05:36,600 - AutoUploadQueue - INFO - Upload worker started
2025-06-02 20:05:36,600 - AutoUploadQueue - INFO - Background upload worker started
2025-06-02 20:05:36,600 - AutoUploadQueue - INFO - AutoUploadQueue initialized
2025-06-02 20:05:36,600 - DataManager - INFO - ✅ Auto upload queue initialized
2025-06-02 20:05:36,691 - DataManager - INFO - DataManager initialized with OFFLINE-FIRST approach + AUTO UPLOAD QUEUE
2025-06-02 20:05:36,692 - DataManager - INFO - CSV structure is up to date
2025-06-02 20:05:36,693 - DataManager - INFO - Daily PDF folder structure ready:
2025-06-02 20:05:36,693 - DataManager - INFO -   Base reports folder: data\reports
2025-06-02 20:05:36,693 - DataManager - INFO -   Today's folder: data\reports\2025-06-02
2025-06-02 20:05:36,694 - DataManager - INFO - Data file: data\Tharuni_Guntur_data.csv
2025-06-02 20:05:36,694 - DataManager - INFO - Reports folder: data\reports
2025-06-02 20:05:36,694 - DataManager - INFO - JSON backup folder: data\json_backups
2025-06-02 20:05:36,695 - DataManager - INFO - PDF folder: data\reports\2025-06-02
2025-06-02 20:05:36,695 - DataManager - INFO - Cloud storage will only be initialized when backup is requested
2025-06-02 20:05:36,695 - AutoUploadQueue - INFO - Loaded 0 items from queue
2025-06-02 20:05:36,696 - AutoUploadQueue - INFO - Upload worker started
2025-06-02 20:05:36,696 - AutoUploadQueue - INFO - Background upload worker started
2025-06-02 20:05:36,696 - AutoUploadQueue - INFO - AutoUploadQueue initialized
2025-06-02 20:05:36,697 - DataManager - INFO - ✅ Auto upload queue initialized
2025-06-02 20:05:36,857 - TharuniApp - INFO - ✅ Data manager references set in settings panel
2025-06-02 20:05:36,858 - TharuniApp - INFO -    - settings_panel.app_data_manager: True
2025-06-02 20:05:36,858 - TharuniApp - INFO -    - settings_panel.data_manager: True
2025-06-02 20:05:36,858 - TharuniApp - INFO -    - settings_tab.data_manager: True
2025-06-02 20:05:36,858 - TharuniApp - INFO - Widget creation completed successfully
2025-06-02 20:05:36,859 - PendingVehiclesPanel - INFO - Refreshing pending vehicles list
2025-06-02 20:05:36,860 - DataManager - INFO - Successfully loaded 62 records from data\Tharuni_Guntur_data.csv
2025-06-02 20:05:36,860 - PendingVehiclesPanel - INFO - Retrieved 62 total records
2025-06-02 20:05:36,861 - PendingVehiclesPanel - INFO - Found 0 pending records
2025-06-02 20:05:36,861 - PendingVehiclesPanel - INFO - Successfully refreshed pending list with 0 items
2025-06-02 20:05:36,862 - DataManager - INFO - Created new daily folder: data\reports\02-06
2025-06-02 20:05:36,892 - TharuniApp - INFO - Application initialization completed successfully
2025-06-02 20:05:36,909 - TharuniApp - INFO - Auto upload queue status: 0 items queued, worker running
2025-06-02 20:05:37,866 - TharuniApp - INFO - Ensuring settings persistence...
2025-06-02 20:05:37,875 - TharuniApp - INFO - Settings persistence check completed
2025-06-02 20:06:02,953 - TharuniApp - INFO - Updating camera settings: {'front_camera_type': 'HTTP', 'front_camera_index': 1, 'front_rtsp_username': '', 'front_rtsp_password': '', 'front_rtsp_ip': '', 'front_rtsp_port': '8554', 'front_rtsp_endpoint': '/stream', 'front_http_username': '', 'front_http_password': '', 'front_http_ip': '', 'front_http_port': '80', 'front_http_endpoint': '/mjpeg', 'back_camera_type': 'HTTP', 'back_camera_index': 0, 'back_rtsp_username': '', 'back_rtsp_password': '', 'back_rtsp_ip': '', 'back_rtsp_port': '8555', 'back_rtsp_endpoint': '/stream', 'back_http_username': '', 'back_http_password': '', 'back_http_ip': '', 'back_http_port': '80', 'back_http_endpoint': '/mjpeg'}
2025-06-02 20:06:02,959 - TharuniApp - INFO - Camera settings saved for persistence
2025-06-02 20:06:05,413 - TharuniApp - INFO - ============================================================
2025-06-02 20:06:05,413 - TharuniApp - INFO - APPLICATION STARTUP WITH AUTO UPLOAD QUEUE
2025-06-02 20:06:05,413 - TharuniApp - INFO - ============================================================
2025-06-02 20:06:05,417 - TharuniApp - INFO - Configuration setup completed
2025-06-02 20:06:05,418 - DataManager - INFO - DataManager initialized with OFFLINE-FIRST approach + AUTO UPLOAD QUEUE
2025-06-02 20:06:05,419 - DataManager - INFO - CSV structure is up to date
2025-06-02 20:06:05,419 - DataManager - INFO - Daily PDF folder structure ready:
2025-06-02 20:06:05,420 - DataManager - INFO -   Base reports folder: data\reports
2025-06-02 20:06:05,420 - DataManager - INFO -   Today's folder: data\reports\2025-06-02
2025-06-02 20:06:05,420 - DataManager - INFO - Data file: data\weighbridge_data.csv
2025-06-02 20:06:05,421 - DataManager - INFO - Reports folder: data\reports
2025-06-02 20:06:05,421 - DataManager - INFO - JSON backup folder: data\json_backups
2025-06-02 20:06:05,421 - DataManager - INFO - PDF folder: data\reports\2025-06-02
2025-06-02 20:06:05,421 - DataManager - INFO - Cloud storage will only be initialized when backup is requested
2025-06-02 20:06:05,422 - AutoUploadQueue - INFO - Loaded 0 items from queue
2025-06-02 20:06:05,423 - AutoUploadQueue - INFO - Upload worker started
2025-06-02 20:06:05,423 - AutoUploadQueue - INFO - Background upload worker started
2025-06-02 20:06:05,424 - AutoUploadQueue - INFO - AutoUploadQueue initialized
2025-06-02 20:06:05,424 - DataManager - INFO - ✅ Auto upload queue initialized
2025-06-02 20:06:05,424 - TharuniApp - INFO - Data manager with auto upload queue initialized
2025-06-02 20:06:05,426 - TharuniApp - INFO - Settings storage initialized
2025-06-02 20:06:05,428 - TharuniApp - INFO - UI styles initialized
2025-06-02 20:06:05,428 - TharuniApp - INFO - Starting user authentication
2025-06-02 20:06:07,868 - TharuniApp - INFO - Authentication canceled - exiting application
2025-06-02 20:06:07,868 - TharuniApp - INFO - User authentication failed or canceled - exiting
2025-06-02 20:13:21,562 - TharuniApp - INFO - ============================================================
2025-06-02 20:13:21,563 - TharuniApp - INFO - APPLICATION STARTUP WITH AUTO UPLOAD QUEUE
2025-06-02 20:13:21,563 - TharuniApp - INFO - ============================================================
2025-06-02 20:13:21,566 - TharuniApp - INFO - Configuration setup completed
2025-06-02 20:13:21,566 - DataManager - INFO - DataManager initialized with OFFLINE-FIRST approach + AUTO UPLOAD QUEUE
2025-06-02 20:13:21,567 - DataManager - INFO - CSV structure is up to date
2025-06-02 20:13:21,567 - DataManager - INFO - Daily PDF folder structure ready:
2025-06-02 20:13:21,568 - DataManager - INFO -   Base reports folder: data\reports
2025-06-02 20:13:21,568 - DataManager - INFO -   Today's folder: data\reports\2025-06-02
2025-06-02 20:13:21,569 - DataManager - INFO - Data file: data\weighbridge_data.csv
2025-06-02 20:13:21,569 - DataManager - INFO - Reports folder: data\reports
2025-06-02 20:13:21,569 - DataManager - INFO - JSON backup folder: data\json_backups
2025-06-02 20:13:21,569 - DataManager - INFO - PDF folder: data\reports\2025-06-02
2025-06-02 20:13:21,570 - DataManager - INFO - Cloud storage will only be initialized when backup is requested
2025-06-02 20:13:21,571 - AutoUploadQueue - INFO - Loaded 0 items from queue
2025-06-02 20:13:21,572 - AutoUploadQueue - INFO - Upload worker started
2025-06-02 20:13:21,572 - AutoUploadQueue - INFO - Background upload worker started
2025-06-02 20:13:21,572 - AutoUploadQueue - INFO - AutoUploadQueue initialized
2025-06-02 20:13:21,573 - DataManager - INFO - ✅ Auto upload queue initialized
2025-06-02 20:13:21,573 - TharuniApp - INFO - Data manager with auto upload queue initialized
2025-06-02 20:13:21,574 - TharuniApp - INFO - Settings storage initialized
2025-06-02 20:13:21,578 - TharuniApp - INFO - UI styles initialized
2025-06-02 20:13:21,579 - TharuniApp - INFO - Starting user authentication
2025-06-02 20:13:25,203 - TharuniApp - INFO - Authentication successful: admin
2025-06-02 20:13:25,203 - TharuniApp - INFO - User logged in: admin (Role: admin)
2025-06-02 20:13:25,203 - TharuniApp - INFO - Setting up data context
2025-06-02 20:13:25,204 - DataManager - INFO - CSV structure is up to date
2025-06-02 20:13:25,204 - DataManager - INFO - Data context set to: Agency='Tharuni', Site='Guntur'
2025-06-02 20:13:25,204 - DataManager - INFO - Data file: data\Tharuni_Guntur_data.csv
2025-06-02 20:13:25,205 - TharuniApp - INFO - Data context initialized: Agency='Tharuni', Site='Guntur'
2025-06-02 20:13:25,205 - TharuniApp - INFO - Data will be saved to: data\Tharuni_Guntur_data.csv
2025-06-02 20:13:25,205 - TharuniApp - INFO - PDFs will be saved to: data\reports\2025-06-02
2025-06-02 20:13:25,205 - TharuniApp - INFO - Creating application widgets
2025-06-02 20:13:25,217 - TharuniApp - INFO - Creating main panel with scrollable support
2025-06-02 20:13:25,222 - FormValidator - INFO - FormValidator initialized
2025-06-02 20:13:25,223 - MainForm - INFO - MainForm initialized
2025-06-02 20:13:25,235 - DataManager - INFO - Successfully loaded 62 records from data\Tharuni_Guntur_data.csv
2025-06-02 20:13:33,594 - DataManager - INFO - Successfully loaded 62 records from data\Tharuni_Guntur_data.csv
2025-06-02 20:13:33,594 - TharuniApp - INFO - Main form created in scrollable frame
2025-06-02 20:13:33,596 - DataManager - INFO - CSV structure is up to date
2025-06-02 20:13:33,596 - DataManager - INFO - Data context set to: Agency='Tharuni', Site='Guntur'
2025-06-02 20:13:33,597 - DataManager - INFO - Data file: data\Tharuni_Guntur_data.csv
2025-06-02 20:13:33,597 - DataManager - INFO - CSV structure is up to date
2025-06-02 20:13:33,597 - DataManager - INFO - Data context set to: Agency='Tharuni', Site='Guntur'
2025-06-02 20:13:33,598 - DataManager - INFO - Data file: data\Tharuni_Guntur_data.csv
2025-06-02 20:13:33,598 - DataManager - INFO - CSV structure is up to date
2025-06-02 20:13:33,598 - DataManager - INFO - Data context set to: Agency='Tharuni', Site='Guntur'
2025-06-02 20:13:33,599 - DataManager - INFO - Data file: data\Tharuni_Guntur_data.csv
2025-06-02 20:13:33,599 - PendingVehiclesPanel - INFO - PendingVehiclesPanel initialized
2025-06-02 20:13:33,602 - PendingVehiclesPanel - INFO - Refreshing pending vehicles list
2025-06-02 20:13:33,603 - DataManager - INFO - Successfully loaded 62 records from data\Tharuni_Guntur_data.csv
2025-06-02 20:13:33,603 - PendingVehiclesPanel - INFO - Retrieved 62 total records
2025-06-02 20:13:33,604 - PendingVehiclesPanel - INFO - Found 0 pending records
2025-06-02 20:13:33,604 - PendingVehiclesPanel - INFO - Successfully refreshed pending list with 0 items
2025-06-02 20:13:33,604 - TharuniApp - INFO - Pending vehicles panel created
2025-06-02 20:13:33,788 - TharuniApp - INFO - Main panel creation completed with scrollable support
2025-06-02 20:13:33,811 - TharuniApp - INFO - Summary panel created
2025-06-02 20:13:33,923 - DataManager - INFO - DataManager initialized with OFFLINE-FIRST approach + AUTO UPLOAD QUEUE
2025-06-02 20:13:33,923 - DataManager - INFO - CSV structure is up to date
2025-06-02 20:13:33,924 - DataManager - INFO - Daily PDF folder structure ready:
2025-06-02 20:13:33,924 - DataManager - INFO -   Base reports folder: data\reports
2025-06-02 20:13:33,924 - DataManager - INFO -   Today's folder: data\reports\2025-06-02
2025-06-02 20:13:33,925 - DataManager - INFO - Data file: data\Tharuni_Guntur_data.csv
2025-06-02 20:13:33,925 - DataManager - INFO - Reports folder: data\reports
2025-06-02 20:13:33,925 - DataManager - INFO - JSON backup folder: data\json_backups
2025-06-02 20:13:33,926 - DataManager - INFO - PDF folder: data\reports\2025-06-02
2025-06-02 20:13:33,926 - DataManager - INFO - Cloud storage will only be initialized when backup is requested
2025-06-02 20:13:33,927 - AutoUploadQueue - INFO - Loaded 0 items from queue
2025-06-02 20:13:33,928 - AutoUploadQueue - INFO - Upload worker started
2025-06-02 20:13:33,928 - AutoUploadQueue - INFO - Background upload worker started
2025-06-02 20:13:33,928 - AutoUploadQueue - INFO - AutoUploadQueue initialized
2025-06-02 20:13:33,929 - DataManager - INFO - ✅ Auto upload queue initialized
2025-06-02 20:13:34,031 - DataManager - INFO - DataManager initialized with OFFLINE-FIRST approach + AUTO UPLOAD QUEUE
2025-06-02 20:13:34,032 - DataManager - INFO - CSV structure is up to date
2025-06-02 20:13:34,033 - DataManager - INFO - Daily PDF folder structure ready:
2025-06-02 20:13:34,034 - DataManager - INFO -   Base reports folder: data\reports
2025-06-02 20:13:34,034 - DataManager - INFO -   Today's folder: data\reports\2025-06-02
2025-06-02 20:13:34,035 - DataManager - INFO - Data file: data\Tharuni_Guntur_data.csv
2025-06-02 20:13:34,035 - DataManager - INFO - Reports folder: data\reports
2025-06-02 20:13:34,035 - DataManager - INFO - JSON backup folder: data\json_backups
2025-06-02 20:13:34,035 - DataManager - INFO - PDF folder: data\reports\2025-06-02
2025-06-02 20:13:34,036 - DataManager - INFO - Cloud storage will only be initialized when backup is requested
2025-06-02 20:13:34,036 - AutoUploadQueue - INFO - Loaded 0 items from queue
2025-06-02 20:13:34,037 - AutoUploadQueue - INFO - Upload worker started
2025-06-02 20:13:34,037 - AutoUploadQueue - INFO - Background upload worker started
2025-06-02 20:13:34,037 - AutoUploadQueue - INFO - AutoUploadQueue initialized
2025-06-02 20:13:34,038 - DataManager - INFO - ✅ Auto upload queue initialized
2025-06-02 20:13:34,203 - TharuniApp - INFO - ✅ Data manager references set in settings panel
2025-06-02 20:13:34,204 - TharuniApp - INFO -    - settings_panel.app_data_manager: True
2025-06-02 20:13:34,204 - TharuniApp - INFO -    - settings_panel.data_manager: True
2025-06-02 20:13:34,204 - TharuniApp - INFO -    - settings_tab.data_manager: True
2025-06-02 20:13:34,204 - TharuniApp - INFO - Widget creation completed successfully
2025-06-02 20:13:34,205 - PendingVehiclesPanel - INFO - Refreshing pending vehicles list
2025-06-02 20:13:34,206 - DataManager - INFO - Successfully loaded 62 records from data\Tharuni_Guntur_data.csv
2025-06-02 20:13:34,206 - PendingVehiclesPanel - INFO - Retrieved 62 total records
2025-06-02 20:13:34,207 - PendingVehiclesPanel - INFO - Found 0 pending records
2025-06-02 20:13:34,207 - PendingVehiclesPanel - INFO - Successfully refreshed pending list with 0 items
2025-06-02 20:13:34,208 - DataManager - INFO - Created new daily folder: data\reports\02-06
2025-06-02 20:13:34,235 - TharuniApp - INFO - Application initialization completed successfully
2025-06-02 20:13:34,266 - TharuniApp - INFO - Auto upload queue status: 0 items queued, worker running
2025-06-02 20:13:35,205 - TharuniApp - INFO - Ensuring settings persistence...
2025-06-02 20:13:35,213 - TharuniApp - INFO - Settings persistence check completed
2025-06-02 20:13:36,917 - DataManager - INFO - Successfully loaded 62 records from data\Tharuni_Guntur_data.csv
2025-06-02 20:13:36,945 - DataManager - INFO - Successfully loaded 62 records from data\Tharuni_Guntur_data.csv
2025-06-02 20:13:36,947 - DataManager - INFO - Successfully loaded 62 records from data\Tharuni_Guntur_data.csv
2025-06-02 20:13:37,447 - DataManager - INFO - Successfully loaded 62 records from data\Tharuni_Guntur_data.csv
2025-06-02 20:13:37,449 - DataManager - INFO - Successfully loaded 62 records from data\Tharuni_Guntur_data.csv
2025-06-02 20:13:40,331 - DataManager - INFO - Successfully loaded 62 records from data\Tharuni_Guntur_data.csv
2025-06-02 20:13:40,332 - DataManager - INFO - Successfully loaded 62 records from data\Tharuni_Guntur_data.csv
2025-06-02 20:13:42,286 - TharuniApp - INFO - ==================================================
2025-06-02 20:13:42,287 - TharuniApp - INFO - SAVE RECORD OPERATION STARTED
2025-06-02 20:13:42,287 - FormValidator - INFO - Starting comprehensive form validation
2025-06-02 20:13:42,288 - FormValidator - INFO - Validating basic fields
2025-06-02 20:13:42,288 - FormValidator - INFO - Field values: ticket='T0061', vehicle='TS05X0555', agency='Tharuni'
2025-06-02 20:13:42,289 - FormValidator - INFO - Basic validation passed
2025-06-02 20:13:42,289 - FormValidator - INFO - Validating weighment data
2025-06-02 20:13:42,290 - FormValidator - INFO - Weighment data: first_weight='43880.00', first_timestamp='02-06-2025 20:13:38', second_weight='', second_timestamp=''
2025-06-02 20:13:42,290 - FormValidator - INFO - Weighment validation passed
2025-06-02 20:13:42,291 - FormValidator - INFO - Validating images for second weighment
2025-06-02 20:13:42,291 - FormValidator - INFO - Images validation for second: front=False, back=False
2025-06-02 20:13:43,272 - DataManager - INFO - Successfully loaded 62 records from data\Tharuni_Guntur_data.csv
2025-06-02 20:13:43,273 - DataManager - INFO - Successfully loaded 62 records from data\Tharuni_Guntur_data.csv
2025-06-02 20:13:43,279 - FormValidator - INFO - User chose to continue without images
2025-06-02 20:13:43,280 - FormValidator - INFO - Form validation passed successfully
2025-06-02 20:13:43,281 - TharuniApp - INFO - Saving record for ticket: T0061
2025-06-02 20:13:43,281 - TharuniApp - INFO - Current weighment state: second
2025-06-02 20:13:43,282 - DataManager - INFO - Successfully loaded 62 records from data\Tharuni_Guntur_data.csv
2025-06-02 20:13:43,283 - DataManager - INFO - Filtered 62 records to 1 using filter: 't0061'
2025-06-02 20:13:43,284 - TharuniApp - INFO - Ticket T0061 exists in database: True
2025-06-02 20:13:43,284 - TharuniApp - INFO - Save scenario: update
2025-06-02 20:13:43,285 - DataManager - INFO - ==================================================
2025-06-02 20:13:43,285 - DataManager - INFO - STARTING OFFLINE-FIRST RECORD SAVE WITH JSON BACKUP
2025-06-02 20:13:43,285 - DataManager - INFO - Input data keys: ['date', 'time', 'site_name', 'agency_name', 'material', 'ticket_no', 'vehicle_no', 'transfer_party_name', 'first_weight', 'first_timestamp', 'second_weight', 'second_timestamp', 'net_weight', 'material_type', 'first_front_image', 'first_back_image', 'second_front_image', 'second_back_image', 'site_incharge', 'user_name']
2025-06-02 20:13:43,286 - DataManager - INFO - Net weight cleared - incomplete weighments
2025-06-02 20:13:43,286 - DataManager - INFO - Using data file: data\Tharuni_Guntur_data.csv
2025-06-02 20:13:43,287 - DataManager - INFO - Successfully loaded 62 records from data\Tharuni_Guntur_data.csv
2025-06-02 20:13:43,287 - DataManager - INFO - Filtered 62 records to 1 using filter: 't0061'
2025-06-02 20:13:43,288 - DataManager - INFO - Updating existing record: T0061
2025-06-02 20:13:43,288 - DataManager - INFO - Updating record T0061 in data\Tharuni_Guntur_data.csv
2025-06-02 20:13:43,289 - DataManager - INFO - Read 62 records from CSV
2025-06-02 20:13:43,289 - DataManager - INFO - Found record to update at index 61
2025-06-02 20:13:43,289 - DataManager - INFO - Updated record data: ['02-06-2025', '20:13:43', 'Guntur', 'Tharuni', 'Inert', 'T0061', 'TS05X0555', 'Jindal', '43880.00', '02-06-2025 20:13:38', '', '', '', 'Inert', '', '', '', '', '', 'admin']
2025-06-02 20:13:43,292 - DataManager - INFO - ✅ Record T0061 updated in data\Tharuni_Guntur_data.csv
2025-06-02 20:13:43,293 - DataManager - INFO - ✅ Record T0061 saved to local CSV successfully
2025-06-02 20:13:43,294 - DataManager - INFO - Record completion status: False
2025-06-02 20:13:44,392 - DataManager - INFO - Successfully loaded 62 records from data\Tharuni_Guntur_data.csv
2025-06-02 20:13:44,394 - DataManager - INFO - Successfully loaded 62 records from data\Tharuni_Guntur_data.csv
2025-06-02 20:13:44,401 - DataManager - INFO - ✅ OFFLINE-FIRST SAVE COMPLETED - Local CSV, JSON backup, PDF generated, and files queued for auto upload
2025-06-02 20:13:44,424 - DataManager - INFO - 🔄 Auto upload queue: 0 items pending
2025-06-02 20:13:44,424 - DataManager - INFO - 💡 Cloud upload will happen automatically when internet is available
2025-06-02 20:13:44,425 - DataManager - INFO - ==================================================
2025-06-02 20:13:44,425 - TharuniApp - INFO - ✅ Record T0061 saved successfully
2025-06-02 20:13:44,425 - TharuniApp - INFO - Record T0061 updated
2025-06-02 20:13:45,553 - DataManager - INFO - Successfully loaded 62 records from data\Tharuni_Guntur_data.csv
2025-06-02 20:13:45,554 - DataManager - INFO - Successfully loaded 62 records from data\Tharuni_Guntur_data.csv
2025-06-02 20:13:45,558 - DataManager - INFO - Successfully loaded 62 records from data\Tharuni_Guntur_data.csv
2025-06-02 20:13:45,558 - DataManager - INFO - Returning all 62 records (no filter)
2025-06-02 20:13:45,560 - PendingVehiclesPanel - INFO - Refreshing pending vehicles list
2025-06-02 20:13:45,562 - DataManager - INFO - Successfully loaded 62 records from data\Tharuni_Guntur_data.csv
2025-06-02 20:13:45,563 - PendingVehiclesPanel - INFO - Retrieved 62 total records
2025-06-02 20:13:45,564 - PendingVehiclesPanel - INFO - Added to pending: T0061
2025-06-02 20:13:45,564 - PendingVehiclesPanel - INFO - Found 1 pending records
2025-06-02 20:13:45,566 - PendingVehiclesPanel - INFO - Successfully refreshed pending list with 1 items
2025-06-02 20:13:45,566 - TharuniApp - INFO - SAVE RECORD OPERATION COMPLETED SUCCESSFULLY
2025-06-02 20:13:45,566 - TharuniApp - INFO - ==================================================
2025-06-02 20:14:10,689 - PendingVehiclesPanel - INFO - Double-clicked on ticket: T0061
2025-06-02 20:14:10,690 - TharuniApp - INFO - Loading pending vehicle: T0061
2025-06-02 20:14:10,698 - TharuniApp - INFO - Current next available ticket: T0061
2025-06-02 20:14:10,699 - MainForm - INFO - Loading pending ticket: T0061
2025-06-02 20:14:10,703 - DataManager - INFO - Successfully loaded 62 records from data\Tharuni_Guntur_data.csv
2025-06-02 20:14:10,705 - DataManager - INFO - Filtered 62 records to 1 using filter: 't0061'
2025-06-02 20:14:10,706 - MainForm - INFO - Loading pending ticket T0061 for second weighment
2025-06-02 20:14:10,710 - DataManager - INFO - CSV structure is up to date
2025-06-02 20:14:10,711 - DataManager - INFO - Data context set to: Agency='Tharuni', Site='Guntur'
2025-06-02 20:14:10,712 - DataManager - INFO - Data file: data\Tharuni_Guntur_data.csv
2025-06-02 20:14:10,720 - MainForm - INFO - Successfully loaded pending ticket T0061 for second weighment
2025-06-02 20:14:10,721 - TharuniApp - INFO - Successfully loaded pending ticket: T0061
2025-06-02 20:14:16,677 - TharuniApp - INFO - ==================================================
2025-06-02 20:14:16,677 - TharuniApp - INFO - SAVE RECORD OPERATION STARTED
2025-06-02 20:14:16,677 - FormValidator - INFO - Starting comprehensive form validation
2025-06-02 20:14:16,677 - FormValidator - INFO - Validating basic fields
2025-06-02 20:14:16,678 - FormValidator - INFO - Field values: ticket='T0061', vehicle='TS05X0555', agency='Tharuni'
2025-06-02 20:14:16,678 - FormValidator - INFO - Basic validation passed
2025-06-02 20:14:16,678 - FormValidator - INFO - Validating weighment data
2025-06-02 20:14:16,678 - FormValidator - INFO - Weighment data: first_weight='43880.00', first_timestamp='02-06-2025 20:13:38', second_weight='9530.00', second_timestamp='02-06-2025 20:14:13'
2025-06-02 20:14:16,679 - FormValidator - INFO - Weighment validation passed
2025-06-02 20:14:16,679 - FormValidator - INFO - Validating images for second weighment
2025-06-02 20:14:16,679 - FormValidator - INFO - Images validation for second: front=False, back=False
2025-06-02 20:14:17,568 - FormValidator - INFO - User chose to continue without images
2025-06-02 20:14:17,569 - FormValidator - INFO - Form validation passed successfully
2025-06-02 20:14:17,570 - TharuniApp - INFO - Saving record for ticket: T0061
2025-06-02 20:14:17,570 - TharuniApp - INFO - Current weighment state: second
2025-06-02 20:14:17,572 - DataManager - INFO - Successfully loaded 62 records from data\Tharuni_Guntur_data.csv
2025-06-02 20:14:17,573 - DataManager - INFO - Filtered 62 records to 1 using filter: 't0061'
2025-06-02 20:14:17,574 - TharuniApp - INFO - Ticket T0061 exists in database: True
2025-06-02 20:14:17,574 - TharuniApp - INFO - Save scenario: complete_second_weighment
2025-06-02 20:14:17,574 - DataManager - INFO - ==================================================
2025-06-02 20:14:17,575 - DataManager - INFO - STARTING OFFLINE-FIRST RECORD SAVE WITH JSON BACKUP
2025-06-02 20:14:17,575 - DataManager - INFO - Input data keys: ['date', 'time', 'site_name', 'agency_name', 'material', 'ticket_no', 'vehicle_no', 'transfer_party_name', 'first_weight', 'first_timestamp', 'second_weight', 'second_timestamp', 'net_weight', 'material_type', 'first_front_image', 'first_back_image', 'second_front_image', 'second_back_image', 'site_incharge', 'user_name']
2025-06-02 20:14:17,575 - DataManager - INFO - Net weight calculated: 43880.0 - 9530.0 = 34350.00
2025-06-02 20:14:17,576 - DataManager - INFO - Using data file: data\Tharuni_Guntur_data.csv
2025-06-02 20:14:17,577 - DataManager - INFO - Successfully loaded 62 records from data\Tharuni_Guntur_data.csv
2025-06-02 20:14:17,577 - DataManager - INFO - Filtered 62 records to 1 using filter: 't0061'
2025-06-02 20:14:17,577 - DataManager - INFO - Updating existing record: T0061
2025-06-02 20:14:17,578 - DataManager - INFO - Updating record T0061 in data\Tharuni_Guntur_data.csv
2025-06-02 20:14:17,578 - DataManager - INFO - Read 62 records from CSV
2025-06-02 20:14:17,578 - DataManager - INFO - Found record to update at index 61
2025-06-02 20:14:17,579 - DataManager - INFO - Updated record data: ['02-06-2025', '20:14:17', 'Guntur', 'Tharuni', 'Inert', 'T0061', 'TS05X0555', 'Jindal', '43880.00', '02-06-2025 20:13:38', '9530.00', '02-06-2025 20:14:13', '34350.00', 'Inert', '', '', '', '', '', 'admin']
2025-06-02 20:14:17,581 - DataManager - INFO - ✅ Record T0061 updated in data\Tharuni_Guntur_data.csv
2025-06-02 20:14:17,582 - DataManager - INFO - ✅ Record T0061 saved to local CSV successfully
2025-06-02 20:14:17,582 - DataManager - INFO - Record completion status: True
2025-06-02 20:14:17,582 - DataManager - INFO - Complete record detected - saving JSON backup locally...
2025-06-02 20:14:17,583 - DataManager - INFO - Created new daily JSON folder: data\json_backups\2025-06-02
2025-06-02 20:14:17,586 - DataManager - INFO - ✅ JSON backup saved: data\json_backups\2025-06-02\T0061_Tharuni_Guntur_201417.json
2025-06-02 20:14:17,586 - DataManager - INFO - ✅ JSON backup saved locally for T0061
2025-06-02 20:14:17,586 - DataManager - INFO - Complete record detected for ticket T0061 - generating PDF locally...
2025-06-02 20:14:17,587 - DataManager - INFO - Today's reports folder ensured: data\reports\2025-06-02
2025-06-02 20:14:17,587 - DataManager - INFO - Reports will be saved to: data\reports\2025-06-02
2025-06-02 20:14:17,588 - DataManager - INFO - Today's reports folder ensured: data\reports\2025-06-02
2025-06-02 20:14:17,590 - DataManager - INFO - SIMPLE TEST - Net display: '34350.00 kg'
2025-06-02 20:14:17,591 - DataManager - INFO - Building PDF document: data\reports\2025-06-02\Tharuni_Guntur_T0061_TS05X0555_201417.pdf
2025-06-02 20:14:17,601 - DataManager - INFO - PDF created successfully: data\reports\2025-06-02\Tharuni_Guntur_T0061_TS05X0555_201417.pdf (2968 bytes)
2025-06-02 20:14:17,602 - DataManager - INFO - Auto-generated PDF: data\reports\2025-06-02\Tharuni_Guntur_T0061_TS05X0555_201417.pdf
2025-06-02 20:14:17,602 - DataManager - INFO - PDF saved to today's reports folder: data\reports\2025-06-02
2025-06-02 20:14:17,603 - DataManager - INFO - ✅ PDF auto-generated locally: data\reports\2025-06-02\Tharuni_Guntur_T0061_TS05X0555_201417.pdf
2025-06-02 20:14:17,604 - DataManager - INFO - Adding complete record files to auto upload queue...
2025-06-02 20:14:17,606 - AutoUploadQueue - INFO - Added to upload queue: json - T0061_Tharuni_Guntur_201417.json
2025-06-02 20:14:17,608 - AutoUploadQueue - INFO - Added to upload queue: pdf - Tharuni_Guntur_T0061_TS05X0555_201417.pdf
2025-06-02 20:14:17,608 - AutoUploadQueue - INFO - Queued 2 files for ticket T0061
2025-06-02 20:14:17,609 - DataManager - INFO - ✅ Added 2 files to auto upload queue
2025-06-02 20:14:18,738 - DataManager - INFO - ✅ OFFLINE-FIRST SAVE COMPLETED - Local CSV, JSON backup, PDF generated, and files queued for auto upload
2025-06-02 20:14:18,740 - DataManager - INFO - 📂 PDF saved to today's reports folder: data\reports\2025-06-02
2025-06-02 20:14:18,783 - DataManager - INFO - 🔄 Auto upload queue: 2 items pending
2025-06-02 20:14:18,784 - DataManager - INFO - 💡 Cloud upload will happen automatically when internet is available
2025-06-02 20:14:18,784 - DataManager - INFO - ==================================================
2025-06-02 20:14:18,785 - TharuniApp - INFO - ✅ Record T0061 saved successfully
2025-06-02 20:14:18,785 - TharuniApp - INFO - ✅ Completed both weighments for T0061
2025-06-02 20:14:18,785 - PendingVehiclesPanel - INFO - Attempting to remove ticket T0061 from pending list
2025-06-02 20:14:18,786 - PendingVehiclesPanel - INFO - Removed ticket T0061 from pending list
2025-06-02 20:14:18,787 - TharuniApp - INFO - Removed T0061 from pending vehicles list
2025-06-02 20:14:20,163 - MainForm - INFO - Preparing form for next available ticket
2025-06-02 20:14:20,166 - MainForm - INFO - Next available ticket number: T0061
2025-06-02 20:14:20,492 - MainForm - INFO - Form prepared for next available ticket: T0061
2025-06-02 20:14:20,505 - DataManager - INFO - Successfully loaded 62 records from data\Tharuni_Guntur_data.csv
2025-06-02 20:14:20,505 - DataManager - INFO - Returning all 62 records (no filter)
2025-06-02 20:14:20,506 - PendingVehiclesPanel - INFO - Refreshing pending vehicles list
2025-06-02 20:14:20,507 - DataManager - INFO - Successfully loaded 62 records from data\Tharuni_Guntur_data.csv
2025-06-02 20:14:20,507 - PendingVehiclesPanel - INFO - Retrieved 62 total records
2025-06-02 20:14:20,508 - PendingVehiclesPanel - INFO - Found 0 pending records
2025-06-02 20:14:20,508 - PendingVehiclesPanel - INFO - Successfully refreshed pending list with 0 items
2025-06-02 20:14:20,508 - TharuniApp - INFO - SAVE RECORD OPERATION COMPLETED SUCCESSFULLY
2025-06-02 20:14:20,509 - TharuniApp - INFO - ==================================================
2025-06-02 20:14:21,613 - AutoUploadQueue - INFO - Internet available, processing upload queue...
2025-06-02 20:14:22,229 - DataManager - INFO - Cloud storage initialized on demand
2025-06-02 20:14:22,561 - AutoUploadQueue - INFO - ✅ Uploaded JSON: T0061_Tharuni_Guntur_201417.json
2025-06-02 20:14:22,561 - AutoUploadQueue - INFO - Successfully uploaded: T0061_Tharuni_Guntur_201417.json
2025-06-02 20:14:22,861 - AutoUploadQueue - INFO - ✅ Uploaded PDF: Tharuni_Guntur_T0061_TS05X0555_201417.pdf
2025-06-02 20:14:22,861 - AutoUploadQueue - INFO - Successfully uploaded: Tharuni_Guntur_T0061_TS05X0555_201417.pdf
2025-06-02 20:14:22,862 - AutoUploadQueue - INFO - Upload batch completed: 2 uploaded, 0 failed
2025-06-02 20:14:22,863 - AutoUploadQueue - INFO - ✅ Upload batch: 2 files uploaded successfully
2025-06-02 20:14:32,221 - TharuniApp - INFO - Updating camera settings: {'front_camera_type': 'HTTP', 'front_camera_index': 1, 'front_rtsp_username': '', 'front_rtsp_password': '', 'front_rtsp_ip': '', 'front_rtsp_port': '8554', 'front_rtsp_endpoint': '/stream', 'front_http_username': '', 'front_http_password': '', 'front_http_ip': '', 'front_http_port': '80', 'front_http_endpoint': '/mjpeg', 'back_camera_type': 'HTTP', 'back_camera_index': 0, 'back_rtsp_username': '', 'back_rtsp_password': '', 'back_rtsp_ip': '', 'back_rtsp_port': '8555', 'back_rtsp_endpoint': '/stream', 'back_http_username': '', 'back_http_password': '', 'back_http_ip': '', 'back_http_port': '80', 'back_http_endpoint': '/mjpeg'}
2025-06-02 20:14:32,226 - TharuniApp - INFO - Camera settings saved for persistence
2025-06-02 20:14:34,474 - TharuniApp - INFO - ============================================================
2025-06-02 20:14:34,475 - TharuniApp - INFO - APPLICATION STARTUP WITH AUTO UPLOAD QUEUE
2025-06-02 20:14:34,475 - TharuniApp - INFO - ============================================================
2025-06-02 20:14:34,479 - TharuniApp - INFO - Configuration setup completed
2025-06-02 20:14:34,479 - DataManager - INFO - DataManager initialized with OFFLINE-FIRST approach + AUTO UPLOAD QUEUE
2025-06-02 20:14:34,480 - DataManager - INFO - CSV structure is up to date
2025-06-02 20:14:34,481 - DataManager - INFO - Daily PDF folder structure ready:
2025-06-02 20:14:34,481 - DataManager - INFO -   Base reports folder: data\reports
2025-06-02 20:14:34,482 - DataManager - INFO -   Today's folder: data\reports\2025-06-02
2025-06-02 20:14:34,482 - DataManager - INFO - Data file: data\weighbridge_data.csv
2025-06-02 20:14:34,483 - DataManager - INFO - Reports folder: data\reports
2025-06-02 20:14:34,483 - DataManager - INFO - JSON backup folder: data\json_backups
2025-06-02 20:14:34,484 - DataManager - INFO - PDF folder: data\reports\2025-06-02
2025-06-02 20:14:34,484 - DataManager - INFO - Cloud storage will only be initialized when backup is requested
2025-06-02 20:14:34,506 - AutoUploadQueue - INFO - Loaded 0 items from queue
2025-06-02 20:14:34,507 - AutoUploadQueue - INFO - Upload worker started
2025-06-02 20:14:34,507 - AutoUploadQueue - INFO - Background upload worker started
2025-06-02 20:14:34,508 - AutoUploadQueue - INFO - AutoUploadQueue initialized
2025-06-02 20:14:34,508 - DataManager - INFO - ✅ Auto upload queue initialized
2025-06-02 20:14:34,509 - TharuniApp - INFO - Data manager with auto upload queue initialized
2025-06-02 20:14:34,512 - TharuniApp - INFO - Settings storage initialized
2025-06-02 20:14:34,517 - TharuniApp - INFO - UI styles initialized
2025-06-02 20:14:34,517 - TharuniApp - INFO - Starting user authentication
2025-06-02 20:24:58,455 - TharuniApp - INFO - Authentication canceled - exiting application
2025-06-02 20:24:58,455 - TharuniApp - INFO - User authentication failed or canceled - exiting
2025-06-02 20:29:05,919 - TharuniApp - INFO - ============================================================
2025-06-02 20:29:05,919 - TharuniApp - INFO - APPLICATION STARTUP WITH AUTO UPLOAD QUEUE
2025-06-02 20:29:05,919 - TharuniApp - INFO - ============================================================
2025-06-02 20:29:05,922 - TharuniApp - INFO - Configuration setup completed
2025-06-02 20:29:05,923 - DataManager - INFO - DataManager initialized with OFFLINE-FIRST approach + AUTO UPLOAD QUEUE
2025-06-02 20:29:05,924 - DataManager - INFO - CSV structure is up to date
2025-06-02 20:29:05,924 - DataManager - INFO - Daily PDF folder structure ready:
2025-06-02 20:29:05,924 - DataManager - INFO -   Base reports folder: data\reports
2025-06-02 20:29:05,925 - DataManager - INFO -   Today's folder: data\reports\2025-06-02
2025-06-02 20:29:05,925 - DataManager - INFO - Data file: data\weighbridge_data.csv
2025-06-02 20:29:05,926 - DataManager - INFO - Reports folder: data\reports
2025-06-02 20:29:05,926 - DataManager - INFO - JSON backup folder: data\json_backups
2025-06-02 20:29:05,926 - DataManager - INFO - PDF folder: data\reports\2025-06-02
2025-06-02 20:29:05,926 - DataManager - INFO - Cloud storage will only be initialized when backup is requested
2025-06-02 20:29:05,928 - AutoUploadQueue - INFO - Loaded 0 items from queue
2025-06-02 20:29:05,929 - AutoUploadQueue - INFO - Upload worker started
2025-06-02 20:29:05,929 - AutoUploadQueue - INFO - Background upload worker started
2025-06-02 20:29:05,929 - AutoUploadQueue - INFO - AutoUploadQueue initialized
2025-06-02 20:29:05,929 - DataManager - INFO - ✅ Auto upload queue initialized
2025-06-02 20:29:05,930 - TharuniApp - INFO - Data manager with auto upload queue initialized
2025-06-02 20:29:05,931 - TharuniApp - INFO - Settings storage initialized
2025-06-02 20:29:05,935 - TharuniApp - INFO - UI styles initialized
2025-06-02 20:29:05,935 - TharuniApp - INFO - Starting user authentication
2025-06-02 20:29:08,620 - TharuniApp - INFO - Authentication successful: admin
2025-06-02 20:29:08,620 - TharuniApp - INFO - User logged in: admin (Role: admin)
2025-06-02 20:29:08,620 - TharuniApp - INFO - Setting up data context
2025-06-02 20:29:08,621 - DataManager - INFO - CSV structure is up to date
2025-06-02 20:29:08,621 - DataManager - INFO - Data context set to: Agency='Tharuni', Site='Guntur'
2025-06-02 20:29:08,622 - DataManager - INFO - Data file: data\Tharuni_Guntur_data.csv
2025-06-02 20:29:08,622 - TharuniApp - INFO - Data context initialized: Agency='Tharuni', Site='Guntur'
2025-06-02 20:29:08,622 - TharuniApp - INFO - Data will be saved to: data\Tharuni_Guntur_data.csv
2025-06-02 20:29:08,622 - TharuniApp - INFO - PDFs will be saved to: data\reports\2025-06-02
2025-06-02 20:29:08,622 - TharuniApp - INFO - Creating application widgets
2025-06-02 20:29:08,640 - TharuniApp - INFO - Creating main panel with scrollable support
2025-06-02 20:29:08,648 - FormValidator - INFO - FormValidator initialized
2025-06-02 20:29:08,649 - MainForm - INFO - MainForm initialized
2025-06-02 20:29:08,655 - DataManager - INFO - Successfully loaded 62 records from data\Tharuni_Guntur_data.csv
2025-06-02 20:29:18,103 - DataManager - INFO - Successfully loaded 62 records from data\Tharuni_Guntur_data.csv
2025-06-02 20:29:18,104 - TharuniApp - INFO - Main form created in scrollable frame
2025-06-02 20:29:18,106 - DataManager - INFO - CSV structure is up to date
2025-06-02 20:29:18,106 - DataManager - INFO - Data context set to: Agency='Tharuni', Site='Guntur'
2025-06-02 20:29:18,106 - DataManager - INFO - Data file: data\Tharuni_Guntur_data.csv
2025-06-02 20:29:18,107 - DataManager - INFO - CSV structure is up to date
2025-06-02 20:29:18,107 - DataManager - INFO - Data context set to: Agency='Tharuni', Site='Guntur'
2025-06-02 20:29:18,108 - DataManager - INFO - Data file: data\Tharuni_Guntur_data.csv
2025-06-02 20:29:18,109 - DataManager - INFO - CSV structure is up to date
2025-06-02 20:29:18,109 - DataManager - INFO - Data context set to: Agency='Tharuni', Site='Guntur'
2025-06-02 20:29:18,109 - DataManager - INFO - Data file: data\Tharuni_Guntur_data.csv
2025-06-02 20:29:18,110 - PendingVehiclesPanel - INFO - PendingVehiclesPanel initialized
2025-06-02 20:29:18,115 - PendingVehiclesPanel - INFO - 🔄 Refreshing pending vehicles list
2025-06-02 20:29:18,115 - PendingVehiclesPanel - INFO - 🗑️ Cleared 0 existing items
2025-06-02 20:29:18,116 - DataManager - INFO - Successfully loaded 62 records from data\Tharuni_Guntur_data.csv
2025-06-02 20:29:18,117 - PendingVehiclesPanel - INFO - 📊 Retrieved 62 total records from database
2025-06-02 20:29:18,117 - PendingVehiclesPanel - INFO - 📈 Summary: 0 pending, 61 complete, 62 total
2025-06-02 20:29:18,118 - PendingVehiclesPanel - INFO - ✅ Successfully refreshed pending list: 0 items displayed
2025-06-02 20:29:18,118 - TharuniApp - INFO - Pending vehicles panel created
2025-06-02 20:29:18,321 - TharuniApp - INFO - Main panel creation completed with scrollable support
2025-06-02 20:29:18,350 - TharuniApp - INFO - Summary panel created
2025-06-02 20:29:18,489 - DataManager - INFO - DataManager initialized with OFFLINE-FIRST approach + AUTO UPLOAD QUEUE
2025-06-02 20:29:18,489 - DataManager - INFO - CSV structure is up to date
2025-06-02 20:29:18,490 - DataManager - INFO - Daily PDF folder structure ready:
2025-06-02 20:29:18,490 - DataManager - INFO -   Base reports folder: data\reports
2025-06-02 20:29:18,491 - DataManager - INFO -   Today's folder: data\reports\2025-06-02
2025-06-02 20:29:18,492 - DataManager - INFO - Data file: data\Tharuni_Guntur_data.csv
2025-06-02 20:29:18,492 - DataManager - INFO - Reports folder: data\reports
2025-06-02 20:29:18,493 - DataManager - INFO - JSON backup folder: data\json_backups
2025-06-02 20:29:18,493 - DataManager - INFO - PDF folder: data\reports\2025-06-02
2025-06-02 20:29:18,493 - DataManager - INFO - Cloud storage will only be initialized when backup is requested
2025-06-02 20:29:18,495 - AutoUploadQueue - INFO - Loaded 0 items from queue
2025-06-02 20:29:18,496 - AutoUploadQueue - INFO - Upload worker started
2025-06-02 20:29:18,496 - AutoUploadQueue - INFO - Background upload worker started
2025-06-02 20:29:18,497 - AutoUploadQueue - INFO - AutoUploadQueue initialized
2025-06-02 20:29:18,497 - DataManager - INFO - ✅ Auto upload queue initialized
2025-06-02 20:29:18,603 - DataManager - INFO - DataManager initialized with OFFLINE-FIRST approach + AUTO UPLOAD QUEUE
2025-06-02 20:29:18,603 - DataManager - INFO - CSV structure is up to date
2025-06-02 20:29:18,604 - DataManager - INFO - Daily PDF folder structure ready:
2025-06-02 20:29:18,604 - DataManager - INFO -   Base reports folder: data\reports
2025-06-02 20:29:18,604 - DataManager - INFO -   Today's folder: data\reports\2025-06-02
2025-06-02 20:29:18,605 - DataManager - INFO - Data file: data\Tharuni_Guntur_data.csv
2025-06-02 20:29:18,605 - DataManager - INFO - Reports folder: data\reports
2025-06-02 20:29:18,605 - DataManager - INFO - JSON backup folder: data\json_backups
2025-06-02 20:29:18,606 - DataManager - INFO - PDF folder: data\reports\2025-06-02
2025-06-02 20:29:18,606 - DataManager - INFO - Cloud storage will only be initialized when backup is requested
2025-06-02 20:29:18,607 - AutoUploadQueue - INFO - Loaded 0 items from queue
2025-06-02 20:29:18,608 - AutoUploadQueue - INFO - Upload worker started
2025-06-02 20:29:18,608 - AutoUploadQueue - INFO - Background upload worker started
2025-06-02 20:29:18,609 - AutoUploadQueue - INFO - AutoUploadQueue initialized
2025-06-02 20:29:18,609 - DataManager - INFO - ✅ Auto upload queue initialized
2025-06-02 20:29:18,817 - TharuniApp - INFO - ✅ Data manager references set in settings panel
2025-06-02 20:29:18,818 - TharuniApp - INFO -    - settings_panel.app_data_manager: True
2025-06-02 20:29:18,818 - TharuniApp - INFO -    - settings_panel.data_manager: True
2025-06-02 20:29:18,818 - TharuniApp - INFO -    - settings_tab.data_manager: True
2025-06-02 20:29:18,819 - TharuniApp - INFO - Widget creation completed successfully
2025-06-02 20:29:18,819 - PendingVehiclesPanel - INFO - 🔄 Refreshing pending vehicles list
2025-06-02 20:29:18,819 - PendingVehiclesPanel - INFO - 🗑️ Cleared 1 existing items
2025-06-02 20:29:18,821 - DataManager - INFO - Successfully loaded 62 records from data\Tharuni_Guntur_data.csv
2025-06-02 20:29:18,821 - PendingVehiclesPanel - INFO - 📊 Retrieved 62 total records from database
2025-06-02 20:29:18,822 - PendingVehiclesPanel - INFO - 📈 Summary: 0 pending, 61 complete, 62 total
2025-06-02 20:29:18,822 - PendingVehiclesPanel - INFO - ✅ Successfully refreshed pending list: 0 items displayed
2025-06-02 20:29:18,823 - DataManager - INFO - Created new daily folder: data\reports\02-06
2025-06-02 20:29:18,855 - TharuniApp - INFO - Application initialization completed successfully
2025-06-02 20:29:18,886 - TharuniApp - INFO - Auto upload queue status: 0 items queued, worker running
2025-06-02 20:29:19,823 - TharuniApp - INFO - Ensuring settings persistence...
2025-06-02 20:29:19,829 - TharuniApp - INFO - Settings persistence check completed
2025-06-02 20:29:33,578 - DataManager - INFO - Successfully loaded 62 records from data\Tharuni_Guntur_data.csv
2025-06-02 20:29:33,602 - DataManager - INFO - Successfully loaded 62 records from data\Tharuni_Guntur_data.csv
2025-06-02 20:29:33,603 - DataManager - INFO - Successfully loaded 62 records from data\Tharuni_Guntur_data.csv
2025-06-02 20:29:34,346 - DataManager - INFO - Successfully loaded 62 records from data\Tharuni_Guntur_data.csv
2025-06-02 20:29:34,348 - DataManager - INFO - Successfully loaded 62 records from data\Tharuni_Guntur_data.csv
2025-06-02 20:29:36,189 - DataManager - INFO - Successfully loaded 62 records from data\Tharuni_Guntur_data.csv
2025-06-02 20:29:36,190 - DataManager - INFO - Successfully loaded 62 records from data\Tharuni_Guntur_data.csv
2025-06-02 20:29:38,951 - TharuniApp - INFO - ==================================================
2025-06-02 20:29:38,952 - TharuniApp - INFO - SAVE RECORD OPERATION STARTED
2025-06-02 20:29:38,952 - FormValidator - INFO - Starting comprehensive form validation
2025-06-02 20:29:38,953 - FormValidator - INFO - Validating basic fields
2025-06-02 20:29:38,953 - FormValidator - INFO - Field values: ticket='T0061', vehicle='TS04UA4444', agency='Tharuni'
2025-06-02 20:29:38,954 - FormValidator - INFO - Basic validation passed
2025-06-02 20:29:38,954 - FormValidator - INFO - Validating weighment data
2025-06-02 20:29:38,955 - FormValidator - INFO - Weighment data: first_weight='43250.00', first_timestamp='02-06-2025 20:29:35', second_weight='', second_timestamp=''
2025-06-02 20:29:38,955 - FormValidator - INFO - Weighment validation passed
2025-06-02 20:29:38,956 - FormValidator - INFO - Validating images for second weighment
2025-06-02 20:29:38,956 - FormValidator - INFO - Images validation for second: front=False, back=False
2025-06-02 20:29:40,240 - DataManager - INFO - Successfully loaded 62 records from data\Tharuni_Guntur_data.csv
2025-06-02 20:29:40,241 - DataManager - INFO - Successfully loaded 62 records from data\Tharuni_Guntur_data.csv
2025-06-02 20:29:40,244 - FormValidator - INFO - User chose to continue without images
2025-06-02 20:29:40,245 - FormValidator - INFO - Form validation passed successfully
2025-06-02 20:29:40,246 - TharuniApp - INFO - Saving record for ticket: T0061
2025-06-02 20:29:40,247 - TharuniApp - INFO - Current weighment state: second
2025-06-02 20:29:40,247 - DataManager - INFO - Successfully loaded 62 records from data\Tharuni_Guntur_data.csv
2025-06-02 20:29:40,248 - DataManager - INFO - Filtered 62 records to 1 using filter: 't0061'
2025-06-02 20:29:40,248 - TharuniApp - INFO - Ticket T0061 exists in database: True
2025-06-02 20:29:40,249 - TharuniApp - INFO - Save scenario: update
2025-06-02 20:29:40,249 - DataManager - INFO - ==================================================
2025-06-02 20:29:40,250 - DataManager - INFO - STARTING OFFLINE-FIRST RECORD SAVE WITH JSON BACKUP
2025-06-02 20:29:40,250 - DataManager - INFO - Input data keys: ['date', 'time', 'site_name', 'agency_name', 'material', 'ticket_no', 'vehicle_no', 'transfer_party_name', 'first_weight', 'first_timestamp', 'second_weight', 'second_timestamp', 'net_weight', 'material_type', 'first_front_image', 'first_back_image', 'second_front_image', 'second_back_image', 'site_incharge', 'user_name']
2025-06-02 20:29:40,251 - DataManager - INFO - Net weight cleared - incomplete weighments
2025-06-02 20:29:40,251 - DataManager - INFO - Using data file: data\Tharuni_Guntur_data.csv
2025-06-02 20:29:40,252 - DataManager - INFO - Successfully loaded 62 records from data\Tharuni_Guntur_data.csv
2025-06-02 20:29:40,252 - DataManager - INFO - Filtered 62 records to 1 using filter: 't0061'
2025-06-02 20:29:40,253 - DataManager - INFO - Updating existing record: T0061
2025-06-02 20:29:40,253 - DataManager - INFO - Updating record T0061 in data\Tharuni_Guntur_data.csv
2025-06-02 20:29:40,254 - DataManager - INFO - Read 62 records from CSV
2025-06-02 20:29:40,255 - DataManager - INFO - Found record to update at index 61
2025-06-02 20:29:40,256 - DataManager - INFO - Updated record data: ['02-06-2025', '20:29:40', 'Guntur', 'Tharuni', 'Inert', 'T0061', 'TS04UA4444', 'Jindal', '43250.00', '02-06-2025 20:29:35', '', '', '', 'Inert', '', '', '', '', '', 'admin']
2025-06-02 20:29:40,262 - DataManager - INFO - ✅ Record T0061 updated in data\Tharuni_Guntur_data.csv
2025-06-02 20:29:40,263 - DataManager - INFO - ✅ Record T0061 saved to local CSV successfully
2025-06-02 20:29:40,264 - DataManager - INFO - Record completion status: False
2025-06-02 20:29:41,299 - DataManager - INFO - Successfully loaded 62 records from data\Tharuni_Guntur_data.csv
2025-06-02 20:29:41,301 - DataManager - INFO - Successfully loaded 62 records from data\Tharuni_Guntur_data.csv
2025-06-02 20:29:41,312 - DataManager - INFO - ✅ OFFLINE-FIRST SAVE COMPLETED - Local CSV, JSON backup, PDF generated, and files queued for auto upload
2025-06-02 20:29:41,338 - DataManager - INFO - 🔄 Auto upload queue: 0 items pending
2025-06-02 20:29:41,339 - DataManager - INFO - 💡 Cloud upload will happen automatically when internet is available
2025-06-02 20:29:41,339 - DataManager - INFO - ==================================================
2025-06-02 20:29:41,340 - TharuniApp - INFO - ✅ Record T0061 saved successfully
2025-06-02 20:29:41,340 - TharuniApp - INFO - Record T0061 updated
2025-06-02 20:29:42,506 - DataManager - INFO - Successfully loaded 62 records from data\Tharuni_Guntur_data.csv
2025-06-02 20:29:42,507 - DataManager - INFO - Successfully loaded 62 records from data\Tharuni_Guntur_data.csv
2025-06-02 20:29:42,511 - DataManager - INFO - Successfully loaded 62 records from data\Tharuni_Guntur_data.csv
2025-06-02 20:29:42,511 - DataManager - INFO - Returning all 62 records (no filter)
2025-06-02 20:29:42,513 - PendingVehiclesPanel - INFO - 🔄 Refreshing pending vehicles list
2025-06-02 20:29:42,513 - PendingVehiclesPanel - INFO - 🗑️ Cleared 1 existing items
2025-06-02 20:29:42,514 - DataManager - INFO - Successfully loaded 62 records from data\Tharuni_Guntur_data.csv
2025-06-02 20:29:42,515 - PendingVehiclesPanel - INFO - 📊 Retrieved 62 total records from database
2025-06-02 20:29:42,515 - PendingVehiclesPanel - INFO -    ⏳ Added to pending: T0061
2025-06-02 20:29:42,516 - PendingVehiclesPanel - INFO - 📈 Summary: 1 pending, 60 complete, 62 total
2025-06-02 20:29:42,517 - PendingVehiclesPanel - INFO - ✅ Successfully refreshed pending list: 1 items displayed
2025-06-02 20:29:42,517 - TharuniApp - INFO - SAVE RECORD OPERATION COMPLETED SUCCESSFULLY
2025-06-02 20:29:42,517 - TharuniApp - INFO - ==================================================
2025-06-02 20:29:49,980 - PendingVehiclesPanel - INFO - Double-clicked on ticket: T0061
2025-06-02 20:29:49,980 - TharuniApp - INFO - Loading pending vehicle: T0061
2025-06-02 20:29:49,983 - TharuniApp - INFO - Current next available ticket: T0061
2025-06-02 20:29:49,983 - MainForm - INFO - Loading pending ticket: T0061
2025-06-02 20:29:49,984 - DataManager - INFO - Successfully loaded 62 records from data\Tharuni_Guntur_data.csv
2025-06-02 20:29:49,985 - DataManager - INFO - Filtered 62 records to 1 using filter: 't0061'
2025-06-02 20:29:49,985 - MainForm - INFO - Loading pending ticket T0061 for second weighment
2025-06-02 20:29:49,985 - DataManager - INFO - CSV structure is up to date
2025-06-02 20:29:49,986 - DataManager - INFO - Data context set to: Agency='Tharuni', Site='Guntur'
2025-06-02 20:29:49,986 - DataManager - INFO - Data file: data\Tharuni_Guntur_data.csv
2025-06-02 20:29:49,988 - MainForm - INFO - Successfully loaded pending ticket T0061 for second weighment
2025-06-02 20:29:49,988 - TharuniApp - INFO - Successfully loaded pending ticket: T0061
2025-06-02 20:30:02,485 - TharuniApp - INFO - ==================================================
2025-06-02 20:30:02,485 - TharuniApp - INFO - SAVE RECORD OPERATION STARTED
2025-06-02 20:30:02,485 - FormValidator - INFO - Starting comprehensive form validation
2025-06-02 20:30:02,486 - FormValidator - INFO - Validating basic fields
2025-06-02 20:30:02,486 - FormValidator - INFO - Field values: ticket='T0061', vehicle='TS04UA4444', agency='Tharuni'
2025-06-02 20:30:02,486 - FormValidator - INFO - Basic validation passed
2025-06-02 20:30:02,487 - FormValidator - INFO - Validating weighment data
2025-06-02 20:30:02,487 - FormValidator - INFO - Weighment data: first_weight='43250.00', first_timestamp='02-06-2025 20:29:35', second_weight='14630.00', second_timestamp='02-06-2025 20:29:59'
2025-06-02 20:30:02,487 - FormValidator - INFO - Weighment validation passed
2025-06-02 20:30:02,488 - FormValidator - INFO - Validating images for second weighment
2025-06-02 20:30:02,488 - FormValidator - INFO - Images validation for second: front=False, back=False
2025-06-02 20:30:03,472 - FormValidator - INFO - User chose to continue without images
2025-06-02 20:30:03,472 - FormValidator - INFO - Form validation passed successfully
2025-06-02 20:30:03,473 - TharuniApp - INFO - Saving record for ticket: T0061
2025-06-02 20:30:03,473 - TharuniApp - INFO - Current weighment state: second
2025-06-02 20:30:03,474 - DataManager - INFO - Successfully loaded 62 records from data\Tharuni_Guntur_data.csv
2025-06-02 20:30:03,475 - DataManager - INFO - Filtered 62 records to 1 using filter: 't0061'
2025-06-02 20:30:03,475 - TharuniApp - INFO - Ticket T0061 exists in database: True
2025-06-02 20:30:03,475 - TharuniApp - INFO - Save scenario: complete_second_weighment
2025-06-02 20:30:03,475 - DataManager - INFO - ==================================================
2025-06-02 20:30:03,475 - DataManager - INFO - STARTING OFFLINE-FIRST RECORD SAVE WITH JSON BACKUP
2025-06-02 20:30:03,475 - DataManager - INFO - Input data keys: ['date', 'time', 'site_name', 'agency_name', 'material', 'ticket_no', 'vehicle_no', 'transfer_party_name', 'first_weight', 'first_timestamp', 'second_weight', 'second_timestamp', 'net_weight', 'material_type', 'first_front_image', 'first_back_image', 'second_front_image', 'second_back_image', 'site_incharge', 'user_name']
2025-06-02 20:30:03,476 - DataManager - INFO - Net weight calculated: 43250.0 - 14630.0 = 28620.00
2025-06-02 20:30:03,476 - DataManager - INFO - Using data file: data\Tharuni_Guntur_data.csv
2025-06-02 20:30:03,477 - DataManager - INFO - Successfully loaded 62 records from data\Tharuni_Guntur_data.csv
2025-06-02 20:30:03,477 - DataManager - INFO - Filtered 62 records to 1 using filter: 't0061'
2025-06-02 20:30:03,477 - DataManager - INFO - Updating existing record: T0061
2025-06-02 20:30:03,478 - DataManager - INFO - Updating record T0061 in data\Tharuni_Guntur_data.csv
2025-06-02 20:30:03,478 - DataManager - INFO - Read 62 records from CSV
2025-06-02 20:30:03,479 - DataManager - INFO - Found record to update at index 61
2025-06-02 20:30:03,479 - DataManager - INFO - Updated record data: ['02-06-2025', '20:30:03', 'Guntur', 'Tharuni', 'Inert', 'T0061', 'TS04UA4444', 'Jindal', '43250.00', '02-06-2025 20:29:35', '14630.00', '02-06-2025 20:29:59', '28620.00', 'Inert', '', '', '', '', '', 'admin']
2025-06-02 20:30:03,482 - DataManager - INFO - ✅ Record T0061 updated in data\Tharuni_Guntur_data.csv
2025-06-02 20:30:03,483 - DataManager - INFO - ✅ Record T0061 saved to local CSV successfully
2025-06-02 20:30:03,483 - DataManager - INFO - Record completion status: True
2025-06-02 20:30:03,483 - DataManager - INFO - Complete record detected - saving JSON backup locally...
2025-06-02 20:30:03,484 - DataManager - INFO - Created new daily JSON folder: data\json_backups\2025-06-02
2025-06-02 20:30:03,488 - DataManager - INFO - ✅ JSON backup saved: data\json_backups\2025-06-02\T0061_Tharuni_Guntur_203003.json
2025-06-02 20:30:03,488 - DataManager - INFO - ✅ JSON backup saved locally for T0061
2025-06-02 20:30:03,489 - DataManager - INFO - Complete record detected for ticket T0061 - generating PDF locally...
2025-06-02 20:30:03,490 - DataManager - INFO - Today's reports folder ensured: data\reports\2025-06-02
2025-06-02 20:30:03,491 - DataManager - INFO - Reports will be saved to: data\reports\2025-06-02
2025-06-02 20:30:03,491 - DataManager - INFO - Today's reports folder ensured: data\reports\2025-06-02
2025-06-02 20:30:03,493 - DataManager - INFO - SIMPLE TEST - Net display: '28620.00 kg'
2025-06-02 20:30:03,494 - DataManager - INFO - Building PDF document: data\reports\2025-06-02\Tharuni_Guntur_T0061_TS04UA4444_203003.pdf
2025-06-02 20:30:03,505 - DataManager - INFO - PDF created successfully: data\reports\2025-06-02\Tharuni_Guntur_T0061_TS04UA4444_203003.pdf (2968 bytes)
2025-06-02 20:30:03,506 - DataManager - INFO - Auto-generated PDF: data\reports\2025-06-02\Tharuni_Guntur_T0061_TS04UA4444_203003.pdf
2025-06-02 20:30:03,506 - DataManager - INFO - PDF saved to today's reports folder: data\reports\2025-06-02
2025-06-02 20:30:03,506 - DataManager - INFO - ✅ PDF auto-generated locally: data\reports\2025-06-02\Tharuni_Guntur_T0061_TS04UA4444_203003.pdf
2025-06-02 20:30:03,507 - DataManager - INFO - Adding complete record files to auto upload queue...
2025-06-02 20:30:03,508 - AutoUploadQueue - INFO - Added to upload queue: json - T0061_Tharuni_Guntur_203003.json
2025-06-02 20:30:03,509 - AutoUploadQueue - INFO - Added to upload queue: pdf - Tharuni_Guntur_T0061_TS04UA4444_203003.pdf
2025-06-02 20:30:03,509 - AutoUploadQueue - INFO - Queued 2 files for ticket T0061
2025-06-02 20:30:03,510 - DataManager - INFO - ✅ Added 2 files to auto upload queue
2025-06-02 20:30:04,659 - DataManager - INFO - ✅ OFFLINE-FIRST SAVE COMPLETED - Local CSV, JSON backup, PDF generated, and files queued for auto upload
2025-06-02 20:30:04,659 - DataManager - INFO - 📂 PDF saved to today's reports folder: data\reports\2025-06-02
2025-06-02 20:30:04,694 - DataManager - INFO - 🔄 Auto upload queue: 2 items pending
2025-06-02 20:30:04,695 - DataManager - INFO - 💡 Cloud upload will happen automatically when internet is available
2025-06-02 20:30:04,695 - DataManager - INFO - ==================================================
2025-06-02 20:30:04,695 - TharuniApp - INFO - ✅ Record T0061 saved successfully
2025-06-02 20:30:04,695 - TharuniApp - INFO - ✅ Completed both weighments for T0061
2025-06-02 20:30:04,696 - PendingVehiclesPanel - INFO - Attempting to remove ticket T0061 from pending list
2025-06-02 20:30:04,696 - PendingVehiclesPanel - INFO - Removed ticket T0061 from pending list
2025-06-02 20:30:04,696 - TharuniApp - INFO - Removed T0061 from pending vehicles list
2025-06-02 20:30:05,969 - AutoUploadQueue - INFO - Internet available, processing upload queue...
2025-06-02 20:30:06,178 - DataManager - INFO - Successfully loaded 62 records from data\Tharuni_Guntur_data.csv
2025-06-02 20:30:06,178 - DataManager - INFO - Returning all 62 records (no filter)
2025-06-02 20:30:06,179 - PendingVehiclesPanel - INFO - 🔄 Refreshing pending vehicles list
2025-06-02 20:30:06,180 - PendingVehiclesPanel - INFO - 🗑️ Cleared 0 existing items
2025-06-02 20:30:06,181 - DataManager - INFO - Successfully loaded 62 records from data\Tharuni_Guntur_data.csv
2025-06-02 20:30:06,181 - PendingVehiclesPanel - INFO - 📊 Retrieved 62 total records from database
2025-06-02 20:30:06,181 - PendingVehiclesPanel - INFO - 📈 Summary: 0 pending, 61 complete, 62 total
2025-06-02 20:30:06,182 - PendingVehiclesPanel - INFO - ✅ Successfully refreshed pending list: 0 items displayed
2025-06-02 20:30:06,183 - TharuniApp - INFO - SAVE RECORD OPERATION COMPLETED SUCCESSFULLY
2025-06-02 20:30:06,183 - TharuniApp - INFO - ==================================================
2025-06-02 20:30:06,474 - DataManager - INFO - Cloud storage initialized on demand
2025-06-02 20:30:06,877 - AutoUploadQueue - INFO - ✅ Uploaded JSON: T0061_Tharuni_Guntur_203003.json
2025-06-02 20:30:06,878 - AutoUploadQueue - INFO - Successfully uploaded: T0061_Tharuni_Guntur_203003.json
2025-06-02 20:30:07,186 - AutoUploadQueue - INFO - ✅ Uploaded PDF: Tharuni_Guntur_T0061_TS04UA4444_203003.pdf
2025-06-02 20:30:07,187 - AutoUploadQueue - INFO - Successfully uploaded: Tharuni_Guntur_T0061_TS04UA4444_203003.pdf
2025-06-02 20:30:07,188 - AutoUploadQueue - INFO - Upload batch completed: 2 uploaded, 0 failed
2025-06-02 20:30:07,188 - AutoUploadQueue - INFO - ✅ Upload batch: 2 files uploaded successfully
2025-06-02 20:30:18,851 - PendingVehiclesPanel - INFO - 🔄 Refreshing pending vehicles list
2025-06-02 20:30:18,852 - PendingVehiclesPanel - INFO - 🗑️ Cleared 1 existing items
2025-06-02 20:30:18,856 - DataManager - INFO - Successfully loaded 62 records from data\Tharuni_Guntur_data.csv
2025-06-02 20:30:18,857 - PendingVehiclesPanel - INFO - 📊 Retrieved 62 total records from database
2025-06-02 20:30:18,859 - PendingVehiclesPanel - INFO - 📈 Summary: 0 pending, 61 complete, 62 total
2025-06-02 20:30:18,860 - PendingVehiclesPanel - INFO - ✅ Successfully refreshed pending list: 0 items displayed
2025-06-02 20:30:18,862 - DataManager - INFO - Created new daily folder: data\reports\02-06
2025-06-02 20:31:18,874 - PendingVehiclesPanel - INFO - 🔄 Refreshing pending vehicles list
2025-06-02 20:31:18,875 - PendingVehiclesPanel - INFO - 🗑️ Cleared 1 existing items
2025-06-02 20:31:18,879 - DataManager - INFO - Successfully loaded 62 records from data\Tharuni_Guntur_data.csv
2025-06-02 20:31:18,879 - PendingVehiclesPanel - INFO - 📊 Retrieved 62 total records from database
2025-06-02 20:31:18,881 - PendingVehiclesPanel - INFO - 📈 Summary: 0 pending, 61 complete, 62 total
2025-06-02 20:31:18,883 - PendingVehiclesPanel - INFO - ✅ Successfully refreshed pending list: 0 items displayed
2025-06-02 20:32:18,887 - PendingVehiclesPanel - INFO - 🔄 Refreshing pending vehicles list
2025-06-02 20:32:18,888 - PendingVehiclesPanel - INFO - 🗑️ Cleared 1 existing items
2025-06-02 20:32:18,892 - DataManager - INFO - Successfully loaded 62 records from data\Tharuni_Guntur_data.csv
2025-06-02 20:32:18,893 - PendingVehiclesPanel - INFO - 📊 Retrieved 62 total records from database
2025-06-02 20:32:18,895 - PendingVehiclesPanel - INFO - 📈 Summary: 0 pending, 61 complete, 62 total
2025-06-02 20:32:18,896 - PendingVehiclesPanel - INFO - ✅ Successfully refreshed pending list: 0 items displayed
2025-06-02 20:33:18,911 - PendingVehiclesPanel - INFO - 🔄 Refreshing pending vehicles list
2025-06-02 20:33:18,912 - PendingVehiclesPanel - INFO - 🗑️ Cleared 1 existing items
2025-06-02 20:33:18,914 - DataManager - INFO - Successfully loaded 62 records from data\Tharuni_Guntur_data.csv
2025-06-02 20:33:18,915 - PendingVehiclesPanel - INFO - 📊 Retrieved 62 total records from database
2025-06-02 20:33:18,915 - PendingVehiclesPanel - INFO - 📈 Summary: 0 pending, 61 complete, 62 total
2025-06-02 20:33:18,916 - PendingVehiclesPanel - INFO - ✅ Successfully refreshed pending list: 0 items displayed
2025-06-02 20:34:18,933 - PendingVehiclesPanel - INFO - 🔄 Refreshing pending vehicles list
2025-06-02 20:34:18,935 - PendingVehiclesPanel - INFO - 🗑️ Cleared 1 existing items
2025-06-02 20:34:18,939 - DataManager - INFO - Successfully loaded 62 records from data\Tharuni_Guntur_data.csv
2025-06-02 20:34:18,940 - PendingVehiclesPanel - INFO - 📊 Retrieved 62 total records from database
2025-06-02 20:34:18,941 - PendingVehiclesPanel - INFO - 📈 Summary: 0 pending, 61 complete, 62 total
2025-06-02 20:34:18,942 - PendingVehiclesPanel - INFO - ✅ Successfully refreshed pending list: 0 items displayed
2025-06-02 20:35:18,957 - PendingVehiclesPanel - INFO - 🔄 Refreshing pending vehicles list
2025-06-02 20:35:18,959 - PendingVehiclesPanel - INFO - 🗑️ Cleared 1 existing items
2025-06-02 20:35:18,960 - DataManager - INFO - Successfully loaded 62 records from data\Tharuni_Guntur_data.csv
2025-06-02 20:35:18,960 - PendingVehiclesPanel - INFO - 📊 Retrieved 62 total records from database
2025-06-02 20:35:18,961 - PendingVehiclesPanel - INFO - 📈 Summary: 0 pending, 61 complete, 62 total
2025-06-02 20:35:18,962 - PendingVehiclesPanel - INFO - ✅ Successfully refreshed pending list: 0 items displayed
2025-06-02 20:36:18,972 - PendingVehiclesPanel - INFO - 🔄 Refreshing pending vehicles list
2025-06-02 20:36:18,973 - PendingVehiclesPanel - INFO - 🗑️ Cleared 1 existing items
2025-06-02 20:36:18,978 - DataManager - INFO - Successfully loaded 62 records from data\Tharuni_Guntur_data.csv
2025-06-02 20:36:18,979 - PendingVehiclesPanel - INFO - 📊 Retrieved 62 total records from database
2025-06-02 20:36:18,981 - PendingVehiclesPanel - INFO - 📈 Summary: 0 pending, 61 complete, 62 total
2025-06-02 20:36:18,983 - PendingVehiclesPanel - INFO - ✅ Successfully refreshed pending list: 0 items displayed
2025-06-02 20:37:18,989 - PendingVehiclesPanel - INFO - 🔄 Refreshing pending vehicles list
2025-06-02 20:37:18,990 - PendingVehiclesPanel - INFO - 🗑️ Cleared 1 existing items
2025-06-02 20:37:18,993 - DataManager - INFO - Successfully loaded 62 records from data\Tharuni_Guntur_data.csv
2025-06-02 20:37:18,993 - PendingVehiclesPanel - INFO - 📊 Retrieved 62 total records from database
2025-06-02 20:37:18,994 - PendingVehiclesPanel - INFO - 📈 Summary: 0 pending, 61 complete, 62 total
2025-06-02 20:37:18,995 - PendingVehiclesPanel - INFO - ✅ Successfully refreshed pending list: 0 items displayed
2025-06-02 20:38:19,003 - PendingVehiclesPanel - INFO - 🔄 Refreshing pending vehicles list
2025-06-02 20:38:19,004 - PendingVehiclesPanel - INFO - 🗑️ Cleared 1 existing items
2025-06-02 20:38:19,007 - DataManager - INFO - Successfully loaded 62 records from data\Tharuni_Guntur_data.csv
2025-06-02 20:38:19,009 - PendingVehiclesPanel - INFO - 📊 Retrieved 62 total records from database
2025-06-02 20:38:19,011 - PendingVehiclesPanel - INFO - 📈 Summary: 0 pending, 61 complete, 62 total
2025-06-02 20:38:19,012 - PendingVehiclesPanel - INFO - ✅ Successfully refreshed pending list: 0 items displayed
2025-06-02 20:39:19,028 - PendingVehiclesPanel - INFO - 🔄 Refreshing pending vehicles list
2025-06-02 20:39:19,029 - PendingVehiclesPanel - INFO - 🗑️ Cleared 1 existing items
2025-06-02 20:39:19,032 - DataManager - INFO - Successfully loaded 62 records from data\Tharuni_Guntur_data.csv
2025-06-02 20:39:19,033 - PendingVehiclesPanel - INFO - 📊 Retrieved 62 total records from database
2025-06-02 20:39:19,035 - PendingVehiclesPanel - INFO - 📈 Summary: 0 pending, 61 complete, 62 total
2025-06-02 20:39:19,037 - PendingVehiclesPanel - INFO - ✅ Successfully refreshed pending list: 0 items displayed
2025-06-02 20:40:19,051 - PendingVehiclesPanel - INFO - 🔄 Refreshing pending vehicles list
2025-06-02 20:40:19,051 - PendingVehiclesPanel - INFO - 🗑️ Cleared 1 existing items
2025-06-02 20:40:19,054 - DataManager - INFO - Successfully loaded 62 records from data\Tharuni_Guntur_data.csv
2025-06-02 20:40:19,055 - PendingVehiclesPanel - INFO - 📊 Retrieved 62 total records from database
2025-06-02 20:40:19,056 - PendingVehiclesPanel - INFO - 📈 Summary: 0 pending, 61 complete, 62 total
2025-06-02 20:40:19,057 - PendingVehiclesPanel - INFO - ✅ Successfully refreshed pending list: 0 items displayed
2025-06-02 20:41:19,065 - PendingVehiclesPanel - INFO - 🔄 Refreshing pending vehicles list
2025-06-02 20:41:19,066 - PendingVehiclesPanel - INFO - 🗑️ Cleared 1 existing items
2025-06-02 20:41:19,068 - DataManager - INFO - Successfully loaded 62 records from data\Tharuni_Guntur_data.csv
2025-06-02 20:41:19,069 - PendingVehiclesPanel - INFO - 📊 Retrieved 62 total records from database
2025-06-02 20:41:19,070 - PendingVehiclesPanel - INFO - 📈 Summary: 0 pending, 61 complete, 62 total
2025-06-02 20:41:19,071 - PendingVehiclesPanel - INFO - ✅ Successfully refreshed pending list: 0 items displayed
2025-06-02 20:42:19,074 - PendingVehiclesPanel - INFO - 🔄 Refreshing pending vehicles list
2025-06-02 20:42:19,075 - PendingVehiclesPanel - INFO - 🗑️ Cleared 1 existing items
2025-06-02 20:42:19,080 - DataManager - INFO - Successfully loaded 62 records from data\Tharuni_Guntur_data.csv
2025-06-02 20:42:19,081 - PendingVehiclesPanel - INFO - 📊 Retrieved 62 total records from database
2025-06-02 20:42:19,083 - PendingVehiclesPanel - INFO - 📈 Summary: 0 pending, 61 complete, 62 total
2025-06-02 20:42:19,085 - PendingVehiclesPanel - INFO - ✅ Successfully refreshed pending list: 0 items displayed
2025-06-02 20:43:19,108 - PendingVehiclesPanel - INFO - 🔄 Refreshing pending vehicles list
2025-06-02 20:43:19,108 - PendingVehiclesPanel - INFO - 🗑️ Cleared 1 existing items
2025-06-02 20:43:19,111 - DataManager - INFO - Successfully loaded 62 records from data\Tharuni_Guntur_data.csv
2025-06-02 20:43:19,111 - PendingVehiclesPanel - INFO - 📊 Retrieved 62 total records from database
2025-06-02 20:43:19,112 - PendingVehiclesPanel - INFO - 📈 Summary: 0 pending, 61 complete, 62 total
2025-06-02 20:43:19,113 - PendingVehiclesPanel - INFO - ✅ Successfully refreshed pending list: 0 items displayed
2025-06-02 20:44:19,119 - PendingVehiclesPanel - INFO - 🔄 Refreshing pending vehicles list
2025-06-02 20:44:19,119 - PendingVehiclesPanel - INFO - 🗑️ Cleared 1 existing items
2025-06-02 20:44:19,121 - DataManager - INFO - Successfully loaded 62 records from data\Tharuni_Guntur_data.csv
2025-06-02 20:44:19,121 - PendingVehiclesPanel - INFO - 📊 Retrieved 62 total records from database
2025-06-02 20:44:19,122 - PendingVehiclesPanel - INFO - 📈 Summary: 0 pending, 61 complete, 62 total
2025-06-02 20:44:19,122 - PendingVehiclesPanel - INFO - ✅ Successfully refreshed pending list: 0 items displayed
2025-06-02 20:45:19,136 - PendingVehiclesPanel - INFO - 🔄 Refreshing pending vehicles list
2025-06-02 20:45:19,137 - PendingVehiclesPanel - INFO - 🗑️ Cleared 1 existing items
2025-06-02 20:45:19,141 - DataManager - INFO - Successfully loaded 62 records from data\Tharuni_Guntur_data.csv
2025-06-02 20:45:19,142 - PendingVehiclesPanel - INFO - 📊 Retrieved 62 total records from database
2025-06-02 20:45:19,144 - PendingVehiclesPanel - INFO - 📈 Summary: 0 pending, 61 complete, 62 total
2025-06-02 20:45:19,146 - PendingVehiclesPanel - INFO - ✅ Successfully refreshed pending list: 0 items displayed
2025-06-02 20:46:19,156 - PendingVehiclesPanel - INFO - 🔄 Refreshing pending vehicles list
2025-06-02 20:46:19,158 - PendingVehiclesPanel - INFO - 🗑️ Cleared 1 existing items
2025-06-02 20:46:19,164 - DataManager - INFO - Successfully loaded 62 records from data\Tharuni_Guntur_data.csv
2025-06-02 20:46:19,165 - PendingVehiclesPanel - INFO - 📊 Retrieved 62 total records from database
2025-06-02 20:46:19,167 - PendingVehiclesPanel - INFO - 📈 Summary: 0 pending, 61 complete, 62 total
2025-06-02 20:46:19,168 - PendingVehiclesPanel - INFO - ✅ Successfully refreshed pending list: 0 items displayed
2025-06-02 20:47:19,170 - PendingVehiclesPanel - INFO - 🔄 Refreshing pending vehicles list
2025-06-02 20:47:19,170 - PendingVehiclesPanel - INFO - 🗑️ Cleared 1 existing items
2025-06-02 20:47:19,172 - DataManager - INFO - Successfully loaded 62 records from data\Tharuni_Guntur_data.csv
2025-06-02 20:47:19,173 - PendingVehiclesPanel - INFO - 📊 Retrieved 62 total records from database
2025-06-02 20:47:19,173 - PendingVehiclesPanel - INFO - 📈 Summary: 0 pending, 61 complete, 62 total
2025-06-02 20:47:19,174 - PendingVehiclesPanel - INFO - ✅ Successfully refreshed pending list: 0 items displayed
2025-06-02 20:48:19,176 - PendingVehiclesPanel - INFO - 🔄 Refreshing pending vehicles list
2025-06-02 20:48:19,176 - PendingVehiclesPanel - INFO - 🗑️ Cleared 1 existing items
2025-06-02 20:48:19,177 - DataManager - INFO - Successfully loaded 62 records from data\Tharuni_Guntur_data.csv
2025-06-02 20:48:19,178 - PendingVehiclesPanel - INFO - 📊 Retrieved 62 total records from database
2025-06-02 20:48:19,178 - PendingVehiclesPanel - INFO - 📈 Summary: 0 pending, 61 complete, 62 total
2025-06-02 20:48:19,179 - PendingVehiclesPanel - INFO - ✅ Successfully refreshed pending list: 0 items displayed
2025-06-02 20:49:19,188 - PendingVehiclesPanel - INFO - 🔄 Refreshing pending vehicles list
2025-06-02 20:49:19,189 - PendingVehiclesPanel - INFO - 🗑️ Cleared 1 existing items
2025-06-02 20:49:19,191 - DataManager - INFO - Successfully loaded 62 records from data\Tharuni_Guntur_data.csv
2025-06-02 20:49:19,191 - PendingVehiclesPanel - INFO - 📊 Retrieved 62 total records from database
2025-06-02 20:49:19,192 - PendingVehiclesPanel - INFO - 📈 Summary: 0 pending, 61 complete, 62 total
2025-06-02 20:49:19,193 - PendingVehiclesPanel - INFO - ✅ Successfully refreshed pending list: 0 items displayed
2025-06-02 20:49:22,486 - TharuniApp - INFO - Updating camera settings: {'front_camera_type': 'HTTP', 'front_camera_index': 1, 'front_rtsp_username': '', 'front_rtsp_password': '', 'front_rtsp_ip': '', 'front_rtsp_port': '8554', 'front_rtsp_endpoint': '/stream', 'front_http_username': '', 'front_http_password': '', 'front_http_ip': '', 'front_http_port': '80', 'front_http_endpoint': '/mjpeg', 'back_camera_type': 'HTTP', 'back_camera_index': 0, 'back_rtsp_username': '', 'back_rtsp_password': '', 'back_rtsp_ip': '', 'back_rtsp_port': '8555', 'back_rtsp_endpoint': '/stream', 'back_http_username': '', 'back_http_password': '', 'back_http_ip': '', 'back_http_port': '80', 'back_http_endpoint': '/mjpeg'}
2025-06-02 20:49:22,492 - TharuniApp - INFO - Camera settings saved for persistence
2025-06-02 20:49:24,924 - TharuniApp - INFO - ============================================================
2025-06-02 20:49:24,925 - TharuniApp - INFO - APPLICATION STARTUP WITH AUTO UPLOAD QUEUE
2025-06-02 20:49:24,925 - TharuniApp - INFO - ============================================================
2025-06-02 20:49:24,928 - TharuniApp - INFO - Configuration setup completed
2025-06-02 20:49:24,929 - DataManager - INFO - DataManager initialized with OFFLINE-FIRST approach + AUTO UPLOAD QUEUE
2025-06-02 20:49:24,930 - DataManager - INFO - CSV structure is up to date
2025-06-02 20:49:24,930 - DataManager - INFO - Daily PDF folder structure ready:
2025-06-02 20:49:24,931 - DataManager - INFO -   Base reports folder: data\reports
2025-06-02 20:49:24,931 - DataManager - INFO -   Today's folder: data\reports\2025-06-02
2025-06-02 20:49:24,932 - DataManager - INFO - Data file: data\weighbridge_data.csv
2025-06-02 20:49:24,932 - DataManager - INFO - Reports folder: data\reports
2025-06-02 20:49:24,932 - DataManager - INFO - JSON backup folder: data\json_backups
2025-06-02 20:49:24,932 - DataManager - INFO - PDF folder: data\reports\2025-06-02
2025-06-02 20:49:24,932 - DataManager - INFO - Cloud storage will only be initialized when backup is requested
2025-06-02 20:49:24,942 - AutoUploadQueue - INFO - Loaded 0 items from queue
2025-06-02 20:49:24,943 - AutoUploadQueue - INFO - Upload worker started
2025-06-02 20:49:24,943 - AutoUploadQueue - INFO - Background upload worker started
2025-06-02 20:49:24,944 - AutoUploadQueue - INFO - AutoUploadQueue initialized
2025-06-02 20:49:24,944 - DataManager - INFO - ✅ Auto upload queue initialized
2025-06-02 20:49:24,944 - TharuniApp - INFO - Data manager with auto upload queue initialized
2025-06-02 20:49:24,948 - TharuniApp - INFO - Settings storage initialized
2025-06-02 20:49:24,950 - TharuniApp - INFO - UI styles initialized
2025-06-02 20:49:24,951 - TharuniApp - INFO - Starting user authentication
2025-06-02 20:49:26,439 - TharuniApp - INFO - Authentication canceled - exiting application
2025-06-02 20:49:26,439 - TharuniApp - INFO - User authentication failed or canceled - exiting
2025-06-02 21:01:22,102 - TharuniApp - INFO - ============================================================
2025-06-02 21:01:22,103 - TharuniApp - INFO - APPLICATION STARTUP WITH AUTO UPLOAD QUEUE
2025-06-02 21:01:22,103 - TharuniApp - INFO - ============================================================
2025-06-02 21:01:22,107 - TharuniApp - INFO - Configuration setup completed
2025-06-02 21:01:22,108 - DataManager - INFO - DataManager initialized with OFFLINE-FIRST approach + AUTO UPLOAD QUEUE
2025-06-02 21:01:22,108 - DataManager - INFO - CSV structure is up to date
2025-06-02 21:01:22,109 - DataManager - INFO - Daily PDF folder structure ready:
2025-06-02 21:01:22,109 - DataManager - INFO -   Base reports folder: data\reports
2025-06-02 21:01:22,110 - DataManager - INFO -   Today's folder: data\reports\2025-06-02
2025-06-02 21:01:22,110 - DataManager - INFO - Data file: data\weighbridge_data.csv
2025-06-02 21:01:22,111 - DataManager - INFO - Reports folder: data\reports
2025-06-02 21:01:22,111 - DataManager - INFO - JSON backup folder: data\json_backups
2025-06-02 21:01:22,111 - DataManager - INFO - PDF folder: data\reports\2025-06-02
2025-06-02 21:01:22,111 - DataManager - INFO - Cloud storage will only be initialized when backup is requested
2025-06-02 21:01:22,113 - AutoUploadQueue - INFO - Loaded 0 items from queue
2025-06-02 21:01:22,114 - AutoUploadQueue - INFO - Upload worker started
2025-06-02 21:01:22,114 - AutoUploadQueue - INFO - Background upload worker started
2025-06-02 21:01:22,115 - AutoUploadQueue - INFO - AutoUploadQueue initialized
2025-06-02 21:01:22,115 - DataManager - INFO - ✅ Auto upload queue initialized
2025-06-02 21:01:22,115 - TharuniApp - INFO - Data manager with auto upload queue initialized
2025-06-02 21:01:22,118 - TharuniApp - INFO - Settings storage initialized
2025-06-02 21:01:22,121 - TharuniApp - INFO - UI styles initialized
2025-06-02 21:01:22,121 - TharuniApp - INFO - Starting user authentication
2025-06-02 21:01:25,176 - TharuniApp - INFO - Authentication successful: admin
2025-06-02 21:01:25,176 - TharuniApp - INFO - User logged in: admin (Role: admin)
2025-06-02 21:01:25,176 - TharuniApp - INFO - Setting up data context
2025-06-02 21:01:25,177 - DataManager - INFO - CSV structure is up to date
2025-06-02 21:01:25,177 - DataManager - INFO - Data context set to: Agency='Tharuni', Site='Guntur'
2025-06-02 21:01:25,177 - DataManager - INFO - Data file: data\Tharuni_Guntur_data.csv
2025-06-02 21:01:25,177 - TharuniApp - INFO - Data context initialized: Agency='Tharuni', Site='Guntur'
2025-06-02 21:01:25,178 - TharuniApp - INFO - Data will be saved to: data\Tharuni_Guntur_data.csv
2025-06-02 21:01:25,178 - TharuniApp - INFO - PDFs will be saved to: data\reports\2025-06-02
2025-06-02 21:01:25,178 - TharuniApp - INFO - Creating application widgets
2025-06-02 21:01:25,194 - TharuniApp - INFO - Creating main panel with scrollable support
2025-06-02 21:01:25,201 - TharuniApp - ERROR - Error creating main panel: 'MainForm' object has no attribute 'logger'
2025-06-02 21:01:25,202 - TharuniApp - ERROR - Error creating widgets: 'MainForm' object has no attribute 'logger'
2025-06-02 21:01:25,202 - TharuniApp - ERROR - Critical error during application initialization: 'MainForm' object has no attribute 'logger'
2025-06-02 21:20:01,799 - TharuniApp - INFO - ============================================================
2025-06-02 21:20:01,799 - TharuniApp - INFO - APPLICATION STARTUP WITH AUTO UPLOAD QUEUE
2025-06-02 21:20:01,800 - TharuniApp - INFO - ============================================================
2025-06-02 21:20:01,803 - TharuniApp - INFO - Configuration setup completed
2025-06-02 21:20:01,804 - DataManager - INFO - DataManager initialized with OFFLINE-FIRST approach + AUTO UPLOAD QUEUE
2025-06-02 21:20:01,804 - DataManager - INFO - CSV structure is up to date
2025-06-02 21:20:01,805 - DataManager - INFO - Daily PDF folder structure ready:
2025-06-02 21:20:01,805 - DataManager - INFO -   Base reports folder: data\reports
2025-06-02 21:20:01,805 - DataManager - INFO -   Today's folder: data\reports\2025-06-02
2025-06-02 21:20:01,806 - DataManager - INFO - Data file: data\weighbridge_data.csv
2025-06-02 21:20:01,806 - DataManager - INFO - Reports folder: data\reports
2025-06-02 21:20:01,806 - DataManager - INFO - JSON backup folder: data\json_backups
2025-06-02 21:20:01,807 - DataManager - INFO - PDF folder: data\reports\2025-06-02
2025-06-02 21:20:01,807 - DataManager - INFO - Cloud storage will only be initialized when backup is requested
2025-06-02 21:20:01,808 - AutoUploadQueue - INFO - Loaded 0 items from queue
2025-06-02 21:20:01,808 - AutoUploadQueue - INFO - Upload worker started
2025-06-02 21:20:01,808 - AutoUploadQueue - INFO - Background upload worker started
2025-06-02 21:20:01,809 - AutoUploadQueue - INFO - AutoUploadQueue initialized
2025-06-02 21:20:01,809 - DataManager - INFO - ✅ Auto upload queue initialized
2025-06-02 21:20:01,809 - TharuniApp - INFO - Data manager with auto upload queue initialized
2025-06-02 21:20:01,822 - TharuniApp - INFO - Settings storage initialized
2025-06-02 21:20:01,825 - TharuniApp - INFO - UI styles initialized
2025-06-02 21:20:01,825 - TharuniApp - INFO - Starting user authentication
2025-06-02 21:20:04,865 - TharuniApp - INFO - Authentication successful: admin
2025-06-02 21:20:04,865 - TharuniApp - INFO - User logged in: admin (Role: admin)
2025-06-02 21:20:04,866 - TharuniApp - INFO - Setting up data context
2025-06-02 21:20:04,867 - DataManager - INFO - CSV structure is up to date
2025-06-02 21:20:04,867 - DataManager - INFO - Data context set to: Agency='Tharuni', Site='Guntur'
2025-06-02 21:20:04,868 - DataManager - INFO - Data file: data\Tharuni_Guntur_data.csv
2025-06-02 21:20:04,868 - TharuniApp - INFO - Data context initialized: Agency='Tharuni', Site='Guntur'
2025-06-02 21:20:04,868 - TharuniApp - INFO - Data will be saved to: data\Tharuni_Guntur_data.csv
2025-06-02 21:20:04,868 - TharuniApp - INFO - PDFs will be saved to: data\reports\2025-06-02
2025-06-02 21:20:04,869 - TharuniApp - INFO - Creating application widgets
2025-06-02 21:20:04,886 - TharuniApp - INFO - Creating main panel with scrollable support
2025-06-02 21:20:04,888 - MainForm - INFO - MainForm initialization started
2025-06-02 21:20:04,888 - MainForm - INFO - Initializing form variables
2025-06-02 21:20:04,890 - MainForm - INFO - ✅ Form initialized with reserved ticket: T0061
2025-06-02 21:20:04,891 - MainForm - INFO - ✅ Weight variable traces set up for auto net weight calculation
2025-06-02 21:20:04,891 - MainForm - INFO - Form variables initialized successfully
2025-06-02 21:20:04,891 - FormValidator - INFO - FormValidator initialized
2025-06-02 21:20:04,891 - MainForm - INFO - Helper components initialized successfully
2025-06-02 21:20:04,892 - MainForm - INFO - Creating main form UI
2025-06-02 21:20:04,904 - DataManager - INFO - Successfully loaded 62 records from data\Tharuni_Guntur_data.csv
2025-06-02 21:20:05,220 - MainForm - INFO - Main form UI created successfully
2025-06-02 21:20:05,220 - MainForm - INFO - Creating cameras panel
2025-06-02 21:20:13,102 - MainForm - INFO - Front camera created successfully
2025-06-02 21:20:20,255 - MainForm - INFO - Back camera created successfully
2025-06-02 21:20:20,500 - MainForm - INFO - Cameras panel created successfully
2025-06-02 21:20:20,500 - MainForm - INFO - UI elements created successfully
2025-06-02 21:20:20,501 - DataManager - INFO - Successfully loaded 62 records from data\Tharuni_Guntur_data.csv
2025-06-02 21:20:20,501 - MainForm - INFO - Vehicle autocomplete initialized
2025-06-02 21:20:20,502 - TharuniApp - INFO - Main form created in scrollable frame
2025-06-02 21:20:20,503 - DataManager - INFO - CSV structure is up to date
2025-06-02 21:20:20,504 - DataManager - INFO - Data context set to: Agency='Tharuni', Site='Guntur'
2025-06-02 21:20:20,504 - DataManager - INFO - Data file: data\Tharuni_Guntur_data.csv
2025-06-02 21:20:20,504 - MainForm - INFO - Updated data context: Tharuni_Guntur
2025-06-02 21:20:20,505 - DataManager - INFO - CSV structure is up to date
2025-06-02 21:20:20,505 - DataManager - INFO - Data context set to: Agency='Tharuni', Site='Guntur'
2025-06-02 21:20:20,505 - DataManager - INFO - Data file: data\Tharuni_Guntur_data.csv
2025-06-02 21:20:20,505 - MainForm - INFO - Updated data context: Tharuni_Guntur
2025-06-02 21:20:20,506 - DataManager - INFO - CSV structure is up to date
2025-06-02 21:20:20,506 - DataManager - INFO - Data context set to: Agency='Tharuni', Site='Guntur'
2025-06-02 21:20:20,507 - DataManager - INFO - Data file: data\Tharuni_Guntur_data.csv
2025-06-02 21:20:20,507 - MainForm - INFO - Updated data context: Tharuni_Guntur
2025-06-02 21:20:20,507 - PendingVehiclesPanel - INFO - PendingVehiclesPanel initialized
2025-06-02 21:20:20,514 - PendingVehiclesPanel - INFO - 🔄 Refreshing pending vehicles list
2025-06-02 21:20:20,514 - PendingVehiclesPanel - INFO - 🗑️ Cleared 0 existing items
2025-06-02 21:20:20,515 - DataManager - INFO - Successfully loaded 62 records from data\Tharuni_Guntur_data.csv
2025-06-02 21:20:20,515 - PendingVehiclesPanel - INFO - 📊 Retrieved 62 total records from database
2025-06-02 21:20:20,515 - PendingVehiclesPanel - INFO - 📈 Summary: 0 pending, 61 complete, 62 total
2025-06-02 21:20:20,516 - PendingVehiclesPanel - INFO - ✅ Successfully refreshed pending list: 0 items displayed
2025-06-02 21:20:20,516 - TharuniApp - INFO - Pending vehicles panel created
2025-06-02 21:20:20,709 - TharuniApp - INFO - Main panel creation completed with scrollable support
2025-06-02 21:20:20,734 - TharuniApp - INFO - Summary panel created
2025-06-02 21:20:20,942 - DataManager - INFO - DataManager initialized with OFFLINE-FIRST approach + AUTO UPLOAD QUEUE
2025-06-02 21:20:20,943 - DataManager - INFO - CSV structure is up to date
2025-06-02 21:20:20,944 - DataManager - INFO - Daily PDF folder structure ready:
2025-06-02 21:20:20,944 - DataManager - INFO -   Base reports folder: data\reports
2025-06-02 21:20:20,944 - DataManager - INFO -   Today's folder: data\reports\2025-06-02
2025-06-02 21:20:20,945 - DataManager - INFO - Data file: data\Tharuni_Guntur_data.csv
2025-06-02 21:20:20,945 - DataManager - INFO - Reports folder: data\reports
2025-06-02 21:20:20,946 - DataManager - INFO - JSON backup folder: data\json_backups
2025-06-02 21:20:20,946 - DataManager - INFO - PDF folder: data\reports\2025-06-02
2025-06-02 21:20:20,946 - DataManager - INFO - Cloud storage will only be initialized when backup is requested
2025-06-02 21:20:20,947 - AutoUploadQueue - INFO - Loaded 0 items from queue
2025-06-02 21:20:20,947 - AutoUploadQueue - INFO - Upload worker started
2025-06-02 21:20:20,947 - AutoUploadQueue - INFO - Background upload worker started
2025-06-02 21:20:20,948 - AutoUploadQueue - INFO - AutoUploadQueue initialized
2025-06-02 21:20:20,948 - DataManager - INFO - ✅ Auto upload queue initialized
2025-06-02 21:20:21,040 - DataManager - INFO - DataManager initialized with OFFLINE-FIRST approach + AUTO UPLOAD QUEUE
2025-06-02 21:20:21,040 - DataManager - INFO - CSV structure is up to date
2025-06-02 21:20:21,041 - DataManager - INFO - Daily PDF folder structure ready:
2025-06-02 21:20:21,042 - DataManager - INFO -   Base reports folder: data\reports
2025-06-02 21:20:21,042 - DataManager - INFO -   Today's folder: data\reports\2025-06-02
2025-06-02 21:20:21,043 - DataManager - INFO - Data file: data\Tharuni_Guntur_data.csv
2025-06-02 21:20:21,044 - DataManager - INFO - Reports folder: data\reports
2025-06-02 21:20:21,044 - DataManager - INFO - JSON backup folder: data\json_backups
2025-06-02 21:20:21,045 - DataManager - INFO - PDF folder: data\reports\2025-06-02
2025-06-02 21:20:21,045 - DataManager - INFO - Cloud storage will only be initialized when backup is requested
2025-06-02 21:20:21,046 - AutoUploadQueue - INFO - Loaded 0 items from queue
2025-06-02 21:20:21,046 - AutoUploadQueue - INFO - Upload worker started
2025-06-02 21:20:21,047 - AutoUploadQueue - INFO - Background upload worker started
2025-06-02 21:20:21,047 - AutoUploadQueue - INFO - AutoUploadQueue initialized
2025-06-02 21:20:21,047 - DataManager - INFO - ✅ Auto upload queue initialized
2025-06-02 21:20:21,229 - TharuniApp - INFO - ✅ Data manager references set in settings panel
2025-06-02 21:20:21,230 - TharuniApp - INFO -    - settings_panel.app_data_manager: True
2025-06-02 21:20:21,230 - TharuniApp - INFO -    - settings_panel.data_manager: True
2025-06-02 21:20:21,230 - TharuniApp - INFO -    - settings_tab.data_manager: True
2025-06-02 21:20:21,230 - TharuniApp - INFO - Widget creation completed successfully
2025-06-02 21:20:21,231 - PendingVehiclesPanel - INFO - 🔄 Refreshing pending vehicles list
2025-06-02 21:20:21,231 - PendingVehiclesPanel - INFO - 🗑️ Cleared 1 existing items
2025-06-02 21:20:21,232 - DataManager - INFO - Successfully loaded 62 records from data\Tharuni_Guntur_data.csv
2025-06-02 21:20:21,232 - PendingVehiclesPanel - INFO - 📊 Retrieved 62 total records from database
2025-06-02 21:20:21,233 - PendingVehiclesPanel - INFO - 📈 Summary: 0 pending, 61 complete, 62 total
2025-06-02 21:20:21,233 - PendingVehiclesPanel - INFO - ✅ Successfully refreshed pending list: 0 items displayed
2025-06-02 21:20:21,234 - DataManager - INFO - Created new daily folder: data\reports\02-06
2025-06-02 21:20:21,258 - TharuniApp - INFO - Application initialization completed successfully
2025-06-02 21:20:21,275 - TharuniApp - INFO - Auto upload queue status: 0 items queued, worker running
2025-06-02 21:20:22,232 - TharuniApp - INFO - Ensuring settings persistence...
2025-06-02 21:20:22,235 - TharuniApp - INFO - Settings persistence check completed
2025-06-02 21:20:44,296 - MainForm - INFO - MainForm cleanup completed
2025-06-02 21:20:44,302 - TharuniApp - INFO - Updating camera settings: {'front_camera_type': 'HTTP', 'front_camera_index': 1, 'front_rtsp_username': '', 'front_rtsp_password': '', 'front_rtsp_ip': '', 'front_rtsp_port': '8554', 'front_rtsp_endpoint': '/stream', 'front_http_username': '', 'front_http_password': '', 'front_http_ip': '', 'front_http_port': '80', 'front_http_endpoint': '/mjpeg', 'back_camera_type': 'HTTP', 'back_camera_index': 0, 'back_rtsp_username': '', 'back_rtsp_password': '', 'back_rtsp_ip': '', 'back_rtsp_port': '8555', 'back_rtsp_endpoint': '/stream', 'back_http_username': '', 'back_http_password': '', 'back_http_ip': '', 'back_http_port': '80', 'back_http_endpoint': '/mjpeg'}
2025-06-02 21:20:44,307 - TharuniApp - INFO - Camera settings saved for persistence
2025-06-02 21:20:47,370 - TharuniApp - INFO - ============================================================
2025-06-02 21:20:47,370 - TharuniApp - INFO - APPLICATION STARTUP WITH AUTO UPLOAD QUEUE
2025-06-02 21:20:47,370 - TharuniApp - INFO - ============================================================
2025-06-02 21:20:47,374 - TharuniApp - INFO - Configuration setup completed
2025-06-02 21:20:47,374 - DataManager - INFO - DataManager initialized with OFFLINE-FIRST approach + AUTO UPLOAD QUEUE
2025-06-02 21:20:47,375 - DataManager - INFO - CSV structure is up to date
2025-06-02 21:20:47,375 - DataManager - INFO - Daily PDF folder structure ready:
2025-06-02 21:20:47,376 - DataManager - INFO -   Base reports folder: data\reports
2025-06-02 21:20:47,376 - DataManager - INFO -   Today's folder: data\reports\2025-06-02
2025-06-02 21:20:47,376 - DataManager - INFO - Data file: data\weighbridge_data.csv
2025-06-02 21:20:47,377 - DataManager - INFO - Reports folder: data\reports
2025-06-02 21:20:47,377 - DataManager - INFO - JSON backup folder: data\json_backups
2025-06-02 21:20:47,377 - DataManager - INFO - PDF folder: data\reports\2025-06-02
2025-06-02 21:20:47,377 - DataManager - INFO - Cloud storage will only be initialized when backup is requested
2025-06-02 21:20:47,378 - AutoUploadQueue - INFO - Loaded 0 items from queue
2025-06-02 21:20:47,378 - AutoUploadQueue - INFO - Upload worker started
2025-06-02 21:20:47,378 - AutoUploadQueue - INFO - Background upload worker started
2025-06-02 21:20:47,379 - AutoUploadQueue - INFO - AutoUploadQueue initialized
2025-06-02 21:20:47,379 - DataManager - INFO - ✅ Auto upload queue initialized
2025-06-02 21:20:47,379 - TharuniApp - INFO - Data manager with auto upload queue initialized
2025-06-02 21:20:47,381 - TharuniApp - INFO - Settings storage initialized
2025-06-02 21:20:47,383 - TharuniApp - INFO - UI styles initialized
2025-06-02 21:20:47,383 - TharuniApp - INFO - Starting user authentication
2025-06-02 21:22:13,606 - TharuniApp - INFO - Authentication successful: admin
2025-06-02 21:22:13,606 - TharuniApp - INFO - User logged in: admin (Role: admin)
2025-06-02 21:22:13,606 - TharuniApp - INFO - Setting up data context
2025-06-02 21:22:13,607 - DataManager - INFO - CSV structure is up to date
2025-06-02 21:22:13,607 - DataManager - INFO - Data context set to: Agency='Tharuni', Site='Guntur'
2025-06-02 21:22:13,607 - DataManager - INFO - Data file: data\Tharuni_Guntur_data.csv
2025-06-02 21:22:13,607 - TharuniApp - INFO - Data context initialized: Agency='Tharuni', Site='Guntur'
2025-06-02 21:22:13,608 - TharuniApp - INFO - Data will be saved to: data\Tharuni_Guntur_data.csv
2025-06-02 21:22:13,608 - TharuniApp - INFO - PDFs will be saved to: data\reports\2025-06-02
2025-06-02 21:22:13,608 - TharuniApp - INFO - Creating application widgets
2025-06-02 21:22:13,619 - TharuniApp - INFO - Creating main panel with scrollable support
2025-06-02 21:22:13,624 - MainForm - INFO - MainForm initialization started
2025-06-02 21:22:13,624 - MainForm - INFO - Initializing form variables
2025-06-02 21:22:13,626 - MainForm - INFO - ✅ Form initialized with reserved ticket: T0061
2025-06-02 21:22:13,626 - MainForm - INFO - ✅ Weight variable traces set up for auto net weight calculation
2025-06-02 21:22:13,627 - MainForm - INFO - Form variables initialized successfully
2025-06-02 21:22:13,627 - FormValidator - INFO - FormValidator initialized
2025-06-02 21:22:13,627 - MainForm - INFO - Helper components initialized successfully
2025-06-02 21:22:13,627 - MainForm - INFO - Creating main form UI
2025-06-02 21:22:13,634 - DataManager - INFO - Successfully loaded 62 records from data\Tharuni_Guntur_data.csv
2025-06-02 21:22:13,918 - MainForm - INFO - Main form UI created successfully
2025-06-02 21:22:13,919 - MainForm - INFO - Creating cameras panel
2025-06-02 21:22:21,649 - MainForm - INFO - Front camera created successfully
2025-06-02 21:22:28,719 - MainForm - INFO - Back camera created successfully
2025-06-02 21:22:28,985 - MainForm - INFO - Cameras panel created successfully
2025-06-02 21:22:28,985 - MainForm - INFO - UI elements created successfully
2025-06-02 21:22:28,986 - DataManager - INFO - Successfully loaded 62 records from data\Tharuni_Guntur_data.csv
2025-06-02 21:22:28,987 - MainForm - INFO - Vehicle autocomplete initialized
2025-06-02 21:22:28,987 - TharuniApp - INFO - Main form created in scrollable frame
2025-06-02 21:22:28,989 - DataManager - INFO - CSV structure is up to date
2025-06-02 21:22:28,989 - DataManager - INFO - Data context set to: Agency='Tharuni', Site='Guntur'
2025-06-02 21:22:28,989 - DataManager - INFO - Data file: data\Tharuni_Guntur_data.csv
2025-06-02 21:22:28,989 - MainForm - INFO - Updated data context: Tharuni_Guntur
2025-06-02 21:22:28,990 - DataManager - INFO - CSV structure is up to date
2025-06-02 21:22:28,990 - DataManager - INFO - Data context set to: Agency='Tharuni', Site='Guntur'
2025-06-02 21:22:28,991 - DataManager - INFO - Data file: data\Tharuni_Guntur_data.csv
2025-06-02 21:22:28,991 - MainForm - INFO - Updated data context: Tharuni_Guntur
2025-06-02 21:22:28,992 - DataManager - INFO - CSV structure is up to date
2025-06-02 21:22:28,992 - DataManager - INFO - Data context set to: Agency='Tharuni', Site='Guntur'
2025-06-02 21:22:28,993 - DataManager - INFO - Data file: data\Tharuni_Guntur_data.csv
2025-06-02 21:22:28,993 - MainForm - INFO - Updated data context: Tharuni_Guntur
2025-06-02 21:22:28,993 - PendingVehiclesPanel - INFO - PendingVehiclesPanel initialized
2025-06-02 21:22:28,998 - PendingVehiclesPanel - INFO - 🔄 Refreshing pending vehicles list
2025-06-02 21:22:28,999 - PendingVehiclesPanel - INFO - 🗑️ Cleared 0 existing items
2025-06-02 21:22:29,001 - DataManager - INFO - Successfully loaded 62 records from data\Tharuni_Guntur_data.csv
2025-06-02 21:22:29,001 - PendingVehiclesPanel - INFO - 📊 Retrieved 62 total records from database
2025-06-02 21:22:29,002 - PendingVehiclesPanel - INFO - 📈 Summary: 0 pending, 61 complete, 62 total
2025-06-02 21:22:29,005 - PendingVehiclesPanel - INFO - ✅ Successfully refreshed pending list: 0 items displayed
2025-06-02 21:22:29,005 - TharuniApp - INFO - Pending vehicles panel created
2025-06-02 21:22:29,204 - TharuniApp - INFO - Main panel creation completed with scrollable support
2025-06-02 21:22:29,227 - TharuniApp - INFO - Summary panel created
2025-06-02 21:22:29,427 - DataManager - INFO - DataManager initialized with OFFLINE-FIRST approach + AUTO UPLOAD QUEUE
2025-06-02 21:22:29,427 - DataManager - INFO - CSV structure is up to date
2025-06-02 21:22:29,428 - DataManager - INFO - Daily PDF folder structure ready:
2025-06-02 21:22:29,428 - DataManager - INFO -   Base reports folder: data\reports
2025-06-02 21:22:29,428 - DataManager - INFO -   Today's folder: data\reports\2025-06-02
2025-06-02 21:22:29,429 - DataManager - INFO - Data file: data\Tharuni_Guntur_data.csv
2025-06-02 21:22:29,429 - DataManager - INFO - Reports folder: data\reports
2025-06-02 21:22:29,429 - DataManager - INFO - JSON backup folder: data\json_backups
2025-06-02 21:22:29,430 - DataManager - INFO - PDF folder: data\reports\2025-06-02
2025-06-02 21:22:29,430 - DataManager - INFO - Cloud storage will only be initialized when backup is requested
2025-06-02 21:22:29,430 - AutoUploadQueue - INFO - Loaded 0 items from queue
2025-06-02 21:22:29,431 - AutoUploadQueue - INFO - Upload worker started
2025-06-02 21:22:29,431 - AutoUploadQueue - INFO - Background upload worker started
2025-06-02 21:22:29,432 - AutoUploadQueue - INFO - AutoUploadQueue initialized
2025-06-02 21:22:29,433 - DataManager - INFO - ✅ Auto upload queue initialized
2025-06-02 21:22:29,538 - DataManager - INFO - DataManager initialized with OFFLINE-FIRST approach + AUTO UPLOAD QUEUE
2025-06-02 21:22:29,539 - DataManager - INFO - CSV structure is up to date
2025-06-02 21:22:29,539 - DataManager - INFO - Daily PDF folder structure ready:
2025-06-02 21:22:29,540 - DataManager - INFO -   Base reports folder: data\reports
2025-06-02 21:22:29,540 - DataManager - INFO -   Today's folder: data\reports\2025-06-02
2025-06-02 21:22:29,540 - DataManager - INFO - Data file: data\Tharuni_Guntur_data.csv
2025-06-02 21:22:29,541 - DataManager - INFO - Reports folder: data\reports
2025-06-02 21:22:29,541 - DataManager - INFO - JSON backup folder: data\json_backups
2025-06-02 21:22:29,541 - DataManager - INFO - PDF folder: data\reports\2025-06-02
2025-06-02 21:22:29,541 - DataManager - INFO - Cloud storage will only be initialized when backup is requested
2025-06-02 21:22:29,542 - AutoUploadQueue - INFO - Loaded 0 items from queue
2025-06-02 21:22:29,543 - AutoUploadQueue - INFO - Upload worker started
2025-06-02 21:22:29,543 - AutoUploadQueue - INFO - Background upload worker started
2025-06-02 21:22:29,543 - AutoUploadQueue - INFO - AutoUploadQueue initialized
2025-06-02 21:22:29,544 - DataManager - INFO - ✅ Auto upload queue initialized
2025-06-02 21:22:29,780 - TharuniApp - INFO - ✅ Data manager references set in settings panel
2025-06-02 21:22:29,781 - TharuniApp - INFO -    - settings_panel.app_data_manager: True
2025-06-02 21:22:29,781 - TharuniApp - INFO -    - settings_panel.data_manager: True
2025-06-02 21:22:29,781 - TharuniApp - INFO -    - settings_tab.data_manager: True
2025-06-02 21:22:29,782 - TharuniApp - INFO - Widget creation completed successfully
2025-06-02 21:22:29,783 - PendingVehiclesPanel - INFO - 🔄 Refreshing pending vehicles list
2025-06-02 21:22:29,783 - PendingVehiclesPanel - INFO - 🗑️ Cleared 1 existing items
2025-06-02 21:22:29,785 - DataManager - INFO - Successfully loaded 62 records from data\Tharuni_Guntur_data.csv
2025-06-02 21:22:29,785 - PendingVehiclesPanel - INFO - 📊 Retrieved 62 total records from database
2025-06-02 21:22:29,786 - PendingVehiclesPanel - INFO - 📈 Summary: 0 pending, 61 complete, 62 total
2025-06-02 21:22:29,786 - PendingVehiclesPanel - INFO - ✅ Successfully refreshed pending list: 0 items displayed
2025-06-02 21:22:29,787 - DataManager - INFO - Created new daily folder: data\reports\02-06
2025-06-02 21:22:29,823 - TharuniApp - INFO - Application initialization completed successfully
2025-06-02 21:22:29,839 - TharuniApp - INFO - Auto upload queue status: 0 items queued, worker running
2025-06-02 21:22:30,783 - TharuniApp - INFO - Ensuring settings persistence...
2025-06-02 21:22:30,786 - TharuniApp - INFO - Settings persistence check completed
2025-06-02 21:23:29,788 - PendingVehiclesPanel - INFO - 🔄 Refreshing pending vehicles list
2025-06-02 21:23:29,789 - PendingVehiclesPanel - INFO - 🗑️ Cleared 1 existing items
2025-06-02 21:23:29,791 - DataManager - INFO - Successfully loaded 62 records from data\Tharuni_Guntur_data.csv
2025-06-02 21:23:29,791 - PendingVehiclesPanel - INFO - 📊 Retrieved 62 total records from database
2025-06-02 21:23:29,792 - PendingVehiclesPanel - INFO - 📈 Summary: 0 pending, 61 complete, 62 total
2025-06-02 21:23:29,793 - PendingVehiclesPanel - INFO - ✅ Successfully refreshed pending list: 0 items displayed
2025-06-02 21:23:34,686 - TharuniApp - INFO - Updating camera settings: {'front_camera_type': 'USB', 'front_camera_index': 0, 'front_rtsp_username': '', 'front_rtsp_password': '', 'front_rtsp_ip': '', 'front_rtsp_port': '8554', 'front_rtsp_endpoint': '/stream', 'front_http_username': '', 'front_http_password': '', 'front_http_ip': '', 'front_http_port': '80', 'front_http_endpoint': '/mjpeg', 'back_camera_type': 'USB', 'back_camera_index': 0, 'back_rtsp_username': '', 'back_rtsp_password': '', 'back_rtsp_ip': '', 'back_rtsp_port': '8555', 'back_rtsp_endpoint': '/stream', 'back_http_username': '', 'back_http_password': '', 'back_http_ip': '', 'back_http_port': '80', 'back_http_endpoint': '/mjpeg'}
2025-06-02 21:23:34,985 - TharuniApp - INFO - Camera settings saved for persistence
2025-06-02 21:23:36,420 - TharuniApp - INFO - Updating camera settings: {'front_camera_type': 'USB', 'front_camera_index': 0, 'front_rtsp_username': '', 'front_rtsp_password': '', 'front_rtsp_ip': '', 'front_rtsp_port': '8554', 'front_rtsp_endpoint': '/stream', 'front_http_username': '', 'front_http_password': '', 'front_http_ip': '', 'front_http_port': '80', 'front_http_endpoint': '/mjpeg', 'back_camera_type': 'USB', 'back_camera_index': 0, 'back_rtsp_username': '', 'back_rtsp_password': '', 'back_rtsp_ip': '', 'back_rtsp_port': '8555', 'back_rtsp_endpoint': '/stream', 'back_http_username': '', 'back_http_password': '', 'back_http_ip': '', 'back_http_port': '80', 'back_http_endpoint': '/mjpeg'}
2025-06-02 21:23:36,425 - TharuniApp - INFO - Camera settings saved for persistence
2025-06-02 21:23:46,582 - DataManager - INFO - Successfully loaded 62 records from data\Tharuni_Guntur_data.csv
2025-06-02 21:23:46,609 - DataManager - INFO - Successfully loaded 62 records from data\Tharuni_Guntur_data.csv
2025-06-02 21:23:46,611 - DataManager - INFO - Successfully loaded 62 records from data\Tharuni_Guntur_data.csv
2025-06-02 21:23:47,200 - DataManager - INFO - Successfully loaded 62 records from data\Tharuni_Guntur_data.csv
2025-06-02 21:23:47,202 - DataManager - INFO - Successfully loaded 62 records from data\Tharuni_Guntur_data.csv
2025-06-02 21:23:49,098 - DataManager - INFO - Successfully loaded 62 records from data\Tharuni_Guntur_data.csv
2025-06-02 21:23:49,100 - DataManager - INFO - Successfully loaded 62 records from data\Tharuni_Guntur_data.csv
2025-06-02 21:23:50,910 - DataManager - INFO - Successfully loaded 62 records from data\Tharuni_Guntur_data.csv
2025-06-02 21:23:50,911 - DataManager - INFO - Successfully loaded 62 records from data\Tharuni_Guntur_data.csv
2025-06-02 21:23:54,745 - MainForm - INFO - Save button clicked!
2025-06-02 21:23:54,745 - MainForm - INFO - Calling save callback...
2025-06-02 21:23:54,746 - TharuniApp - INFO - ==================================================
2025-06-02 21:23:54,746 - TharuniApp - INFO - SAVE RECORD OPERATION STARTED
2025-06-02 21:23:54,747 - FormValidator - INFO - Starting comprehensive form validation
2025-06-02 21:23:54,747 - FormValidator - INFO - Validating basic fields
2025-06-02 21:23:54,748 - FormValidator - INFO - Field values: ticket='T0061', vehicle='TS04UA4444', agency='Tharuni'
2025-06-02 21:23:54,749 - FormValidator - INFO - Basic validation passed
2025-06-02 21:23:54,749 - FormValidator - INFO - Validating weighment data
2025-06-02 21:23:54,749 - FormValidator - INFO - Weighment data: first_weight='35630.00', first_timestamp='02-06-2025 21:23:48', second_weight='10410.00', second_timestamp='02-06-2025 21:23:50'
2025-06-02 21:23:54,750 - FormValidator - INFO - Weighment validation passed
2025-06-02 21:23:54,750 - FormValidator - INFO - Validating images for second weighment
2025-06-02 21:23:54,750 - FormValidator - INFO - Images validation for second: front=False, back=False
2025-06-02 21:23:55,755 - DataManager - INFO - Successfully loaded 62 records from data\Tharuni_Guntur_data.csv
2025-06-02 21:23:55,756 - DataManager - INFO - Successfully loaded 62 records from data\Tharuni_Guntur_data.csv
2025-06-02 21:23:55,760 - FormValidator - INFO - User chose to continue without images
2025-06-02 21:23:55,760 - FormValidator - INFO - Form validation passed successfully
2025-06-02 21:23:55,761 - TharuniApp - INFO - Saving record for ticket: T0061
2025-06-02 21:23:55,761 - TharuniApp - INFO - Current weighment state: second
2025-06-02 21:23:55,762 - DataManager - INFO - Successfully loaded 62 records from data\Tharuni_Guntur_data.csv
2025-06-02 21:23:55,763 - DataManager - INFO - Filtered 62 records to 1 using filter: 't0061'
2025-06-02 21:23:55,763 - TharuniApp - INFO - Ticket T0061 exists in database: True
2025-06-02 21:23:55,764 - TharuniApp - INFO - Save scenario: complete_second_weighment
2025-06-02 21:23:55,764 - TharuniApp - INFO - Should increment ticket: False
2025-06-02 21:23:55,764 - DataManager - INFO - ==================================================
2025-06-02 21:23:55,765 - DataManager - INFO - STARTING OFFLINE-FIRST RECORD SAVE WITH JSON BACKUP
2025-06-02 21:23:55,765 - DataManager - INFO - Input data keys: ['date', 'time', 'site_name', 'agency_name', 'material', 'ticket_no', 'vehicle_no', 'transfer_party_name', 'first_weight', 'first_timestamp', 'second_weight', 'second_timestamp', 'net_weight', 'material_type', 'first_front_image', 'first_back_image', 'second_front_image', 'second_back_image', 'site_incharge', 'user_name']
2025-06-02 21:23:55,765 - DataManager - INFO - Net weight calculated: 35630.0 - 10410.0 = 25220.00
2025-06-02 21:23:55,766 - DataManager - INFO - Using data file: data\Tharuni_Guntur_data.csv
2025-06-02 21:23:55,768 - DataManager - INFO - Successfully loaded 62 records from data\Tharuni_Guntur_data.csv
2025-06-02 21:23:55,770 - DataManager - INFO - Filtered 62 records to 1 using filter: 't0061'
2025-06-02 21:23:55,771 - DataManager - INFO - Updating existing record: T0061
2025-06-02 21:23:55,772 - DataManager - INFO - Updating record T0061 in data\Tharuni_Guntur_data.csv
2025-06-02 21:23:55,773 - DataManager - INFO - Read 62 records from CSV
2025-06-02 21:23:55,773 - DataManager - INFO - Found record to update at index 61
2025-06-02 21:23:55,774 - DataManager - INFO - Updated record data: ['02-06-2025', '21:23:55', 'Guntur', 'Tharuni', 'Inert', 'T0061', 'TS04UA4444', 'Jindal', '35630.00', '02-06-2025 21:23:48', '10410.00', '02-06-2025 21:23:50', '25220.00', 'Inert', '', '', '', '', '', 'admin']
2025-06-02 21:23:55,780 - DataManager - INFO - ✅ Record T0061 updated in data\Tharuni_Guntur_data.csv
2025-06-02 21:23:55,781 - DataManager - INFO - ✅ Record T0061 saved to local CSV successfully
2025-06-02 21:23:55,781 - DataManager - INFO - Record completion status: True
2025-06-02 21:23:55,782 - DataManager - INFO - Complete record detected - saving JSON backup locally...
2025-06-02 21:23:55,783 - DataManager - INFO - Created new daily JSON folder: data\json_backups\2025-06-02
2025-06-02 21:23:55,790 - DataManager - INFO - ✅ JSON backup saved: data\json_backups\2025-06-02\T0061_Tharuni_Guntur_212355.json
2025-06-02 21:23:55,790 - DataManager - INFO - ✅ JSON backup saved locally for T0061
2025-06-02 21:23:55,791 - DataManager - INFO - Complete record detected for ticket T0061 - generating PDF locally...
2025-06-02 21:23:55,791 - DataManager - INFO - Today's reports folder ensured: data\reports\2025-06-02
2025-06-02 21:23:55,792 - DataManager - INFO - Reports will be saved to: data\reports\2025-06-02
2025-06-02 21:23:55,792 - DataManager - INFO - Today's reports folder ensured: data\reports\2025-06-02
2025-06-02 21:23:55,794 - DataManager - INFO - SIMPLE TEST - Net display: '25220.00 kg'
2025-06-02 21:23:55,795 - DataManager - INFO - Building PDF document: data\reports\2025-06-02\Tharuni_Guntur_T0061_TS04UA4444_212355.pdf
2025-06-02 21:23:55,812 - DataManager - INFO - PDF created successfully: data\reports\2025-06-02\Tharuni_Guntur_T0061_TS04UA4444_212355.pdf (2963 bytes)
2025-06-02 21:23:55,813 - DataManager - INFO - Auto-generated PDF: data\reports\2025-06-02\Tharuni_Guntur_T0061_TS04UA4444_212355.pdf
2025-06-02 21:23:55,813 - DataManager - INFO - PDF saved to today's reports folder: data\reports\2025-06-02
2025-06-02 21:23:55,813 - DataManager - INFO - ✅ PDF auto-generated locally: data\reports\2025-06-02\Tharuni_Guntur_T0061_TS04UA4444_212355.pdf
2025-06-02 21:23:55,814 - DataManager - INFO - Adding complete record files to auto upload queue...
2025-06-02 21:23:55,816 - AutoUploadQueue - INFO - Added to upload queue: json - T0061_Tharuni_Guntur_212355.json
2025-06-02 21:23:55,819 - AutoUploadQueue - INFO - Added to upload queue: pdf - Tharuni_Guntur_T0061_TS04UA4444_212355.pdf
2025-06-02 21:23:55,820 - AutoUploadQueue - INFO - Queued 2 files for ticket T0061
2025-06-02 21:23:55,821 - DataManager - INFO - ✅ Added 2 files to auto upload queue
2025-06-02 21:23:57,127 - DataManager - INFO - Successfully loaded 62 records from data\Tharuni_Guntur_data.csv
2025-06-02 21:23:57,128 - DataManager - INFO - Successfully loaded 62 records from data\Tharuni_Guntur_data.csv
2025-06-02 21:23:57,133 - DataManager - INFO - ✅ OFFLINE-FIRST SAVE COMPLETED - Local CSV, JSON backup, PDF generated, and files queued for auto upload
2025-06-02 21:23:57,133 - DataManager - INFO - 📂 PDF saved to today's reports folder: data\reports\2025-06-02
2025-06-02 21:23:57,152 - DataManager - INFO - 🔄 Auto upload queue: 2 items pending
2025-06-02 21:23:57,152 - DataManager - INFO - 💡 Cloud upload will happen automatically when internet is available
2025-06-02 21:23:57,153 - DataManager - INFO - ==================================================
2025-06-02 21:23:57,153 - TharuniApp - INFO - ✅ Record T0061 saved successfully
2025-06-02 21:23:57,154 - TharuniApp - INFO - ✅ Completed both weighments for T0061
2025-06-02 21:23:57,154 - PendingVehiclesPanel - INFO - Attempting to remove ticket T0061 from pending list
2025-06-02 21:23:57,154 - PendingVehiclesPanel - WARNING - Ticket T0061 not found in pending list for removal
2025-06-02 21:23:57,154 - PendingVehiclesPanel - INFO - 🔄 Refreshing pending vehicles list
2025-06-02 21:23:57,155 - PendingVehiclesPanel - INFO - 🗑️ Cleared 1 existing items
2025-06-02 21:23:57,156 - DataManager - INFO - Successfully loaded 62 records from data\Tharuni_Guntur_data.csv
2025-06-02 21:23:57,156 - PendingVehiclesPanel - INFO - 📊 Retrieved 62 total records from database
2025-06-02 21:23:57,157 - PendingVehiclesPanel - INFO - 📈 Summary: 0 pending, 61 complete, 62 total
2025-06-02 21:23:57,158 - PendingVehiclesPanel - INFO - ✅ Successfully refreshed pending list: 0 items displayed
2025-06-02 21:23:57,158 - TharuniApp - INFO - Removed T0061 from pending vehicles list
2025-06-02 21:23:57,161 - MainForm - INFO - Preparing form for new ticket
2025-06-02 21:23:57,163 - MainForm - INFO - Form data cleared (ticket number preserved)
2025-06-02 21:23:57,163 - MainForm - INFO - Form prepared for new ticket
2025-06-02 21:23:58,493 - DataManager - INFO - Successfully loaded 62 records from data\Tharuni_Guntur_data.csv
2025-06-02 21:23:58,494 - DataManager - INFO - Successfully loaded 62 records from data\Tharuni_Guntur_data.csv
2025-06-02 21:23:58,503 - DataManager - INFO - Successfully loaded 62 records from data\Tharuni_Guntur_data.csv
2025-06-02 21:23:58,504 - DataManager - INFO - Returning all 62 records (no filter)
2025-06-02 21:23:58,506 - PendingVehiclesPanel - INFO - 🔄 Refreshing pending vehicles list
2025-06-02 21:23:58,506 - PendingVehiclesPanel - INFO - 🗑️ Cleared 1 existing items
2025-06-02 21:23:58,507 - DataManager - INFO - Successfully loaded 62 records from data\Tharuni_Guntur_data.csv
2025-06-02 21:23:58,507 - PendingVehiclesPanel - INFO - 📊 Retrieved 62 total records from database
2025-06-02 21:23:58,508 - PendingVehiclesPanel - INFO - 📈 Summary: 0 pending, 61 complete, 62 total
2025-06-02 21:23:58,509 - PendingVehiclesPanel - INFO - ✅ Successfully refreshed pending list: 0 items displayed
2025-06-02 21:23:58,509 - TharuniApp - INFO - SAVE RECORD OPERATION COMPLETED SUCCESSFULLY
2025-06-02 21:23:58,509 - TharuniApp - INFO - ==================================================
2025-06-02 21:24:17,394 - AutoUploadQueue - INFO - Internet available, processing upload queue...
2025-06-02 21:24:17,965 - DataManager - INFO - Cloud storage initialized on demand
2025-06-02 21:24:18,302 - AutoUploadQueue - INFO - ✅ Uploaded JSON: T0061_Tharuni_Guntur_212355.json
2025-06-02 21:24:18,302 - AutoUploadQueue - INFO - Successfully uploaded: T0061_Tharuni_Guntur_212355.json
2025-06-02 21:24:18,612 - AutoUploadQueue - INFO - ✅ Uploaded PDF: Tharuni_Guntur_T0061_TS04UA4444_212355.pdf
2025-06-02 21:24:18,613 - AutoUploadQueue - INFO - Successfully uploaded: Tharuni_Guntur_T0061_TS04UA4444_212355.pdf
2025-06-02 21:24:18,617 - AutoUploadQueue - INFO - Upload batch completed: 2 uploaded, 0 failed
2025-06-02 21:24:18,618 - AutoUploadQueue - INFO - ✅ Upload batch: 2 files uploaded successfully
2025-06-02 21:24:29,794 - PendingVehiclesPanel - INFO - 🔄 Refreshing pending vehicles list
2025-06-02 21:24:29,794 - PendingVehiclesPanel - INFO - 🗑️ Cleared 1 existing items
2025-06-02 21:24:29,795 - DataManager - INFO - Successfully loaded 62 records from data\Tharuni_Guntur_data.csv
2025-06-02 21:24:29,796 - PendingVehiclesPanel - INFO - 📊 Retrieved 62 total records from database
2025-06-02 21:24:29,796 - PendingVehiclesPanel - INFO - 📈 Summary: 0 pending, 61 complete, 62 total
2025-06-02 21:24:29,797 - PendingVehiclesPanel - INFO - ✅ Successfully refreshed pending list: 0 items displayed
2025-06-02 21:24:29,797 - DataManager - INFO - Created new daily folder: data\reports\02-06
2025-06-02 21:25:29,807 - PendingVehiclesPanel - INFO - 🔄 Refreshing pending vehicles list
2025-06-02 21:25:29,808 - PendingVehiclesPanel - INFO - 🗑️ Cleared 1 existing items
2025-06-02 21:25:29,811 - DataManager - INFO - Successfully loaded 62 records from data\Tharuni_Guntur_data.csv
2025-06-02 21:25:29,812 - PendingVehiclesPanel - INFO - 📊 Retrieved 62 total records from database
2025-06-02 21:25:29,814 - PendingVehiclesPanel - INFO - 📈 Summary: 0 pending, 61 complete, 62 total
2025-06-02 21:25:29,816 - PendingVehiclesPanel - INFO - ✅ Successfully refreshed pending list: 0 items displayed
2025-06-02 21:26:29,826 - PendingVehiclesPanel - INFO - 🔄 Refreshing pending vehicles list
2025-06-02 21:26:29,826 - PendingVehiclesPanel - INFO - 🗑️ Cleared 1 existing items
2025-06-02 21:26:29,827 - DataManager - INFO - Successfully loaded 62 records from data\Tharuni_Guntur_data.csv
2025-06-02 21:26:29,827 - PendingVehiclesPanel - INFO - 📊 Retrieved 62 total records from database
2025-06-02 21:26:29,828 - PendingVehiclesPanel - INFO - 📈 Summary: 0 pending, 61 complete, 62 total
2025-06-02 21:26:29,828 - PendingVehiclesPanel - INFO - ✅ Successfully refreshed pending list: 0 items displayed
2025-06-02 21:27:29,843 - PendingVehiclesPanel - INFO - 🔄 Refreshing pending vehicles list
2025-06-02 21:27:29,843 - PendingVehiclesPanel - INFO - 🗑️ Cleared 1 existing items
2025-06-02 21:27:29,844 - DataManager - INFO - Successfully loaded 62 records from data\Tharuni_Guntur_data.csv
2025-06-02 21:27:29,845 - PendingVehiclesPanel - INFO - 📊 Retrieved 62 total records from database
2025-06-02 21:27:29,845 - PendingVehiclesPanel - INFO - 📈 Summary: 0 pending, 61 complete, 62 total
2025-06-02 21:27:29,846 - PendingVehiclesPanel - INFO - ✅ Successfully refreshed pending list: 0 items displayed
2025-06-02 21:28:29,860 - PendingVehiclesPanel - INFO - 🔄 Refreshing pending vehicles list
2025-06-02 21:28:29,862 - PendingVehiclesPanel - INFO - 🗑️ Cleared 1 existing items
2025-06-02 21:28:29,865 - DataManager - INFO - Successfully loaded 62 records from data\Tharuni_Guntur_data.csv
2025-06-02 21:28:29,866 - PendingVehiclesPanel - INFO - 📊 Retrieved 62 total records from database
2025-06-02 21:28:29,868 - PendingVehiclesPanel - INFO - 📈 Summary: 0 pending, 61 complete, 62 total
2025-06-02 21:28:29,870 - PendingVehiclesPanel - INFO - ✅ Successfully refreshed pending list: 0 items displayed
2025-06-02 21:28:53,656 - MainForm - INFO - MainForm cleanup completed
2025-06-02 21:28:53,665 - TharuniApp - INFO - Updating camera settings: {'front_camera_type': 'USB', 'front_camera_index': 0, 'front_rtsp_username': '', 'front_rtsp_password': '', 'front_rtsp_ip': '', 'front_rtsp_port': '8554', 'front_rtsp_endpoint': '/stream', 'front_http_username': '', 'front_http_password': '', 'front_http_ip': '', 'front_http_port': '80', 'front_http_endpoint': '/mjpeg', 'back_camera_type': 'USB', 'back_camera_index': 0, 'back_rtsp_username': '', 'back_rtsp_password': '', 'back_rtsp_ip': '', 'back_rtsp_port': '8555', 'back_rtsp_endpoint': '/stream', 'back_http_username': '', 'back_http_password': '', 'back_http_ip': '', 'back_http_port': '80', 'back_http_endpoint': '/mjpeg'}
2025-06-02 21:28:53,670 - TharuniApp - INFO - Camera settings saved for persistence
2025-06-02 21:28:56,218 - TharuniApp - INFO - ============================================================
2025-06-02 21:28:56,219 - TharuniApp - INFO - APPLICATION STARTUP WITH AUTO UPLOAD QUEUE
2025-06-02 21:28:56,219 - TharuniApp - INFO - ============================================================
2025-06-02 21:28:56,223 - TharuniApp - INFO - Configuration setup completed
2025-06-02 21:28:56,224 - DataManager - INFO - DataManager initialized with OFFLINE-FIRST approach + AUTO UPLOAD QUEUE
2025-06-02 21:28:56,224 - DataManager - INFO - CSV structure is up to date
2025-06-02 21:28:56,225 - DataManager - INFO - Daily PDF folder structure ready:
2025-06-02 21:28:56,225 - DataManager - INFO -   Base reports folder: data\reports
2025-06-02 21:28:56,226 - DataManager - INFO -   Today's folder: data\reports\2025-06-02
2025-06-02 21:28:56,226 - DataManager - INFO - Data file: data\weighbridge_data.csv
2025-06-02 21:28:56,227 - DataManager - INFO - Reports folder: data\reports
2025-06-02 21:28:56,227 - DataManager - INFO - JSON backup folder: data\json_backups
2025-06-02 21:28:56,227 - DataManager - INFO - PDF folder: data\reports\2025-06-02
2025-06-02 21:28:56,227 - DataManager - INFO - Cloud storage will only be initialized when backup is requested
2025-06-02 21:28:56,236 - AutoUploadQueue - INFO - Loaded 0 items from queue
2025-06-02 21:28:56,236 - AutoUploadQueue - INFO - Upload worker started
2025-06-02 21:28:56,236 - AutoUploadQueue - INFO - Background upload worker started
2025-06-02 21:28:56,237 - AutoUploadQueue - INFO - AutoUploadQueue initialized
2025-06-02 21:28:56,237 - DataManager - INFO - ✅ Auto upload queue initialized
2025-06-02 21:28:56,237 - TharuniApp - INFO - Data manager with auto upload queue initialized
2025-06-02 21:28:56,240 - TharuniApp - INFO - Settings storage initialized
2025-06-02 21:28:56,242 - TharuniApp - INFO - UI styles initialized
2025-06-02 21:28:56,243 - TharuniApp - INFO - Starting user authentication
2025-06-02 21:28:58,845 - TharuniApp - INFO - Authentication canceled - exiting application
2025-06-02 21:28:58,846 - TharuniApp - INFO - User authentication failed or canceled - exiting
2025-06-02 21:29:08,838 - TharuniApp - INFO - ============================================================
2025-06-02 21:29:08,838 - TharuniApp - INFO - APPLICATION STARTUP WITH AUTO UPLOAD QUEUE
2025-06-02 21:29:08,839 - TharuniApp - INFO - ============================================================
2025-06-02 21:29:08,842 - TharuniApp - INFO - Configuration setup completed
2025-06-02 21:29:08,842 - DataManager - INFO - DataManager initialized with OFFLINE-FIRST approach + AUTO UPLOAD QUEUE
2025-06-02 21:29:08,843 - DataManager - INFO - CSV structure is up to date
2025-06-02 21:29:08,844 - DataManager - INFO - Daily PDF folder structure ready:
2025-06-02 21:29:08,844 - DataManager - INFO -   Base reports folder: data\reports
2025-06-02 21:29:08,844 - DataManager - INFO -   Today's folder: data\reports\2025-06-02
2025-06-02 21:29:08,845 - DataManager - INFO - Data file: data\weighbridge_data.csv
2025-06-02 21:29:08,846 - DataManager - INFO - Reports folder: data\reports
2025-06-02 21:29:08,846 - DataManager - INFO - JSON backup folder: data\json_backups
2025-06-02 21:29:08,846 - DataManager - INFO - PDF folder: data\reports\2025-06-02
2025-06-02 21:29:08,847 - DataManager - INFO - Cloud storage will only be initialized when backup is requested
2025-06-02 21:29:08,848 - AutoUploadQueue - INFO - Loaded 0 items from queue
2025-06-02 21:29:08,848 - AutoUploadQueue - INFO - Upload worker started
2025-06-02 21:29:08,848 - AutoUploadQueue - INFO - Background upload worker started
2025-06-02 21:29:08,849 - AutoUploadQueue - INFO - AutoUploadQueue initialized
2025-06-02 21:29:08,849 - DataManager - INFO - ✅ Auto upload queue initialized
2025-06-02 21:29:08,849 - TharuniApp - INFO - Data manager with auto upload queue initialized
2025-06-02 21:29:08,851 - TharuniApp - INFO - Settings storage initialized
2025-06-02 21:29:08,853 - TharuniApp - INFO - UI styles initialized
2025-06-02 21:29:08,853 - TharuniApp - INFO - Starting user authentication
2025-06-02 21:29:11,936 - TharuniApp - INFO - Authentication successful: admin
2025-06-02 21:29:11,937 - TharuniApp - INFO - User logged in: admin (Role: admin)
2025-06-02 21:29:11,937 - TharuniApp - INFO - Setting up data context
2025-06-02 21:29:11,938 - DataManager - INFO - CSV structure is up to date
2025-06-02 21:29:11,938 - DataManager - INFO - Data context set to: Agency='Tharuni', Site='Guntur'
2025-06-02 21:29:11,938 - DataManager - INFO - Data file: data\Tharuni_Guntur_data.csv
2025-06-02 21:29:11,939 - TharuniApp - INFO - Data context initialized: Agency='Tharuni', Site='Guntur'
2025-06-02 21:29:11,939 - TharuniApp - INFO - Data will be saved to: data\Tharuni_Guntur_data.csv
2025-06-02 21:29:11,940 - TharuniApp - INFO - PDFs will be saved to: data\reports\2025-06-02
2025-06-02 21:29:11,940 - TharuniApp - INFO - Creating application widgets
2025-06-02 21:29:11,954 - TharuniApp - INFO - Creating main panel with scrollable support
2025-06-02 21:29:11,957 - MainForm - INFO - MainForm initialization started
2025-06-02 21:29:11,958 - MainForm - INFO - Initializing form variables
2025-06-02 21:29:11,959 - MainForm - INFO - ✅ Form initialized with reserved ticket: T0061
2025-06-02 21:29:11,959 - MainForm - INFO - ✅ Weight variable traces set up for auto net weight calculation
2025-06-02 21:29:11,960 - MainForm - INFO - Form variables initialized successfully
2025-06-02 21:29:11,960 - FormValidator - INFO - FormValidator initialized
2025-06-02 21:29:11,961 - MainForm - INFO - Helper components initialized successfully
2025-06-02 21:29:11,961 - MainForm - INFO - Creating main form UI
2025-06-02 21:29:11,967 - DataManager - INFO - Successfully loaded 62 records from data\Tharuni_Guntur_data.csv
2025-06-02 21:29:12,261 - MainForm - INFO - Main form UI created successfully
2025-06-02 21:29:12,261 - MainForm - INFO - Creating cameras panel
2025-06-02 21:29:12,266 - MainForm - INFO - Front camera created successfully
2025-06-02 21:29:12,271 - MainForm - INFO - Back camera created successfully
2025-06-02 21:29:12,470 - MainForm - INFO - Cameras panel created successfully
2025-06-02 21:29:12,471 - MainForm - INFO - UI elements created successfully
2025-06-02 21:29:12,471 - DataManager - INFO - Successfully loaded 62 records from data\Tharuni_Guntur_data.csv
2025-06-02 21:29:12,472 - MainForm - INFO - Vehicle autocomplete initialized
2025-06-02 21:29:12,472 - TharuniApp - INFO - Main form created in scrollable frame
2025-06-02 21:29:12,474 - DataManager - INFO - CSV structure is up to date
2025-06-02 21:29:12,474 - DataManager - INFO - Data context set to: Agency='Tharuni', Site='Guntur'
2025-06-02 21:29:12,474 - DataManager - INFO - Data file: data\Tharuni_Guntur_data.csv
2025-06-02 21:29:12,474 - MainForm - INFO - Updated data context: Tharuni_Guntur
2025-06-02 21:29:12,475 - DataManager - INFO - CSV structure is up to date
2025-06-02 21:29:12,475 - DataManager - INFO - Data context set to: Agency='Tharuni', Site='Guntur'
2025-06-02 21:29:12,475 - DataManager - INFO - Data file: data\Tharuni_Guntur_data.csv
2025-06-02 21:29:12,476 - MainForm - INFO - Updated data context: Tharuni_Guntur
2025-06-02 21:29:12,476 - DataManager - INFO - CSV structure is up to date
2025-06-02 21:29:12,476 - DataManager - INFO - Data context set to: Agency='Tharuni', Site='Guntur'
2025-06-02 21:29:12,477 - DataManager - INFO - Data file: data\Tharuni_Guntur_data.csv
2025-06-02 21:29:12,477 - MainForm - INFO - Updated data context: Tharuni_Guntur
2025-06-02 21:29:12,477 - PendingVehiclesPanel - INFO - PendingVehiclesPanel initialized
2025-06-02 21:29:12,481 - PendingVehiclesPanel - INFO - 🔄 Refreshing pending vehicles list
2025-06-02 21:29:12,482 - PendingVehiclesPanel - INFO - 🗑️ Cleared 0 existing items
2025-06-02 21:29:12,483 - DataManager - INFO - Successfully loaded 62 records from data\Tharuni_Guntur_data.csv
2025-06-02 21:29:12,483 - PendingVehiclesPanel - INFO - 📊 Retrieved 62 total records from database
2025-06-02 21:29:12,483 - PendingVehiclesPanel - INFO - 📈 Summary: 0 pending, 61 complete, 62 total
2025-06-02 21:29:12,484 - PendingVehiclesPanel - INFO - ✅ Successfully refreshed pending list: 0 items displayed
2025-06-02 21:29:12,484 - TharuniApp - INFO - Pending vehicles panel created
2025-06-02 21:29:12,611 - TharuniApp - INFO - Main panel creation completed with scrollable support
2025-06-02 21:29:12,636 - TharuniApp - INFO - Summary panel created
2025-06-02 21:29:12,822 - DataManager - INFO - DataManager initialized with OFFLINE-FIRST approach + AUTO UPLOAD QUEUE
2025-06-02 21:29:12,822 - DataManager - INFO - CSV structure is up to date
2025-06-02 21:29:12,823 - DataManager - INFO - Daily PDF folder structure ready:
2025-06-02 21:29:12,823 - DataManager - INFO -   Base reports folder: data\reports
2025-06-02 21:29:12,823 - DataManager - INFO -   Today's folder: data\reports\2025-06-02
2025-06-02 21:29:12,824 - DataManager - INFO - Data file: data\Tharuni_Guntur_data.csv
2025-06-02 21:29:12,824 - DataManager - INFO - Reports folder: data\reports
2025-06-02 21:29:12,824 - DataManager - INFO - JSON backup folder: data\json_backups
2025-06-02 21:29:12,825 - DataManager - INFO - PDF folder: data\reports\2025-06-02
2025-06-02 21:29:12,825 - DataManager - INFO - Cloud storage will only be initialized when backup is requested
2025-06-02 21:29:12,825 - AutoUploadQueue - INFO - Loaded 0 items from queue
2025-06-02 21:29:12,826 - AutoUploadQueue - INFO - Upload worker started
2025-06-02 21:29:12,826 - AutoUploadQueue - INFO - Background upload worker started
2025-06-02 21:29:12,826 - AutoUploadQueue - INFO - AutoUploadQueue initialized
2025-06-02 21:29:12,827 - DataManager - INFO - ✅ Auto upload queue initialized
2025-06-02 21:29:12,912 - DataManager - INFO - DataManager initialized with OFFLINE-FIRST approach + AUTO UPLOAD QUEUE
2025-06-02 21:29:12,913 - DataManager - INFO - CSV structure is up to date
2025-06-02 21:29:12,913 - DataManager - INFO - Daily PDF folder structure ready:
2025-06-02 21:29:12,914 - DataManager - INFO -   Base reports folder: data\reports
2025-06-02 21:29:12,914 - DataManager - INFO -   Today's folder: data\reports\2025-06-02
2025-06-02 21:29:12,914 - DataManager - INFO - Data file: data\Tharuni_Guntur_data.csv
2025-06-02 21:29:12,915 - DataManager - INFO - Reports folder: data\reports
2025-06-02 21:29:12,915 - DataManager - INFO - JSON backup folder: data\json_backups
2025-06-02 21:29:12,915 - DataManager - INFO - PDF folder: data\reports\2025-06-02
2025-06-02 21:29:12,915 - DataManager - INFO - Cloud storage will only be initialized when backup is requested
2025-06-02 21:29:12,916 - AutoUploadQueue - INFO - Loaded 0 items from queue
2025-06-02 21:29:12,916 - AutoUploadQueue - INFO - Upload worker started
2025-06-02 21:29:12,916 - AutoUploadQueue - INFO - Background upload worker started
2025-06-02 21:29:12,917 - AutoUploadQueue - INFO - AutoUploadQueue initialized
2025-06-02 21:29:12,917 - DataManager - INFO - ✅ Auto upload queue initialized
2025-06-02 21:29:13,080 - TharuniApp - INFO - ✅ Data manager references set in settings panel
2025-06-02 21:29:13,080 - TharuniApp - INFO -    - settings_panel.app_data_manager: True
2025-06-02 21:29:13,080 - TharuniApp - INFO -    - settings_panel.data_manager: True
2025-06-02 21:29:13,080 - TharuniApp - INFO -    - settings_tab.data_manager: True
2025-06-02 21:29:13,080 - TharuniApp - INFO - Widget creation completed successfully
2025-06-02 21:29:13,081 - PendingVehiclesPanel - INFO - 🔄 Refreshing pending vehicles list
2025-06-02 21:29:13,081 - PendingVehiclesPanel - INFO - 🗑️ Cleared 1 existing items
2025-06-02 21:29:13,082 - DataManager - INFO - Successfully loaded 62 records from data\Tharuni_Guntur_data.csv
2025-06-02 21:29:13,082 - PendingVehiclesPanel - INFO - 📊 Retrieved 62 total records from database
2025-06-02 21:29:13,083 - PendingVehiclesPanel - INFO - 📈 Summary: 0 pending, 61 complete, 62 total
2025-06-02 21:29:13,083 - PendingVehiclesPanel - INFO - ✅ Successfully refreshed pending list: 0 items displayed
2025-06-02 21:29:13,084 - DataManager - INFO - Created new daily folder: data\reports\02-06
2025-06-02 21:29:13,121 - TharuniApp - INFO - Application initialization completed successfully
2025-06-02 21:29:13,137 - TharuniApp - INFO - Auto upload queue status: 0 items queued, worker running
2025-06-02 21:29:14,081 - TharuniApp - INFO - Ensuring settings persistence...
2025-06-02 21:29:14,083 - TharuniApp - INFO - Settings persistence check completed
2025-06-02 21:29:24,785 - DataManager - INFO - Successfully loaded 62 records from data\Tharuni_Guntur_data.csv
2025-06-02 21:29:24,793 - DataManager - INFO - Successfully loaded 62 records from data\Tharuni_Guntur_data.csv
2025-06-02 21:29:24,794 - DataManager - INFO - Successfully loaded 62 records from data\Tharuni_Guntur_data.csv
2025-06-02 21:29:25,272 - DataManager - INFO - Successfully loaded 62 records from data\Tharuni_Guntur_data.csv
2025-06-02 21:29:25,274 - DataManager - INFO - Successfully loaded 62 records from data\Tharuni_Guntur_data.csv
2025-06-02 21:29:28,022 - DataManager - INFO - Successfully loaded 62 records from data\Tharuni_Guntur_data.csv
2025-06-02 21:29:28,023 - DataManager - INFO - Successfully loaded 62 records from data\Tharuni_Guntur_data.csv
2025-06-02 21:29:29,991 - MainForm - INFO - Save button clicked!
2025-06-02 21:29:29,992 - MainForm - INFO - Calling save callback...
2025-06-02 21:29:29,992 - TharuniApp - INFO - ==================================================
2025-06-02 21:29:29,993 - TharuniApp - INFO - SAVE RECORD OPERATION STARTED
2025-06-02 21:29:29,993 - FormValidator - INFO - Starting comprehensive form validation
2025-06-02 21:29:29,993 - FormValidator - INFO - Validating basic fields
2025-06-02 21:29:29,994 - FormValidator - INFO - Field values: ticket='T0061', vehicle='TS07US0707', agency='Tharuni'
2025-06-02 21:29:29,994 - FormValidator - INFO - Basic validation passed
2025-06-02 21:29:29,995 - FormValidator - INFO - Validating weighment data
2025-06-02 21:29:29,995 - FormValidator - INFO - Weighment data: first_weight='23530.00', first_timestamp='02-06-2025 21:29:26', second_weight='', second_timestamp=''
2025-06-02 21:29:29,996 - FormValidator - INFO - Weighment validation passed
2025-06-02 21:29:29,996 - FormValidator - INFO - Validating images for second weighment
2025-06-02 21:29:29,996 - FormValidator - INFO - Images validation for second: front=False, back=False
2025-06-02 21:29:31,183 - DataManager - INFO - Successfully loaded 62 records from data\Tharuni_Guntur_data.csv
2025-06-02 21:29:31,184 - DataManager - INFO - Successfully loaded 62 records from data\Tharuni_Guntur_data.csv
2025-06-02 21:29:31,187 - FormValidator - INFO - User chose to continue without images
2025-06-02 21:29:31,188 - FormValidator - INFO - Form validation passed successfully
2025-06-02 21:29:31,188 - TharuniApp - INFO - Saving record for ticket: T0061
2025-06-02 21:29:31,188 - TharuniApp - INFO - Current weighment state: second
2025-06-02 21:29:31,189 - DataManager - INFO - Successfully loaded 62 records from data\Tharuni_Guntur_data.csv
2025-06-02 21:29:31,190 - DataManager - INFO - Filtered 62 records to 1 using filter: 't0061'
2025-06-02 21:29:31,190 - TharuniApp - INFO - Ticket T0061 exists in database: True
2025-06-02 21:29:31,190 - TharuniApp - INFO - Save scenario: update_existing
2025-06-02 21:29:31,191 - TharuniApp - INFO - Should increment ticket: False
2025-06-02 21:29:31,191 - DataManager - INFO - ==================================================
2025-06-02 21:29:31,191 - DataManager - INFO - STARTING OFFLINE-FIRST RECORD SAVE WITH JSON BACKUP
2025-06-02 21:29:31,191 - DataManager - INFO - Input data keys: ['date', 'time', 'site_name', 'agency_name', 'material', 'ticket_no', 'vehicle_no', 'transfer_party_name', 'first_weight', 'first_timestamp', 'second_weight', 'second_timestamp', 'net_weight', 'material_type', 'first_front_image', 'first_back_image', 'second_front_image', 'second_back_image', 'site_incharge', 'user_name']
2025-06-02 21:29:31,192 - DataManager - INFO - Net weight cleared - incomplete weighments
2025-06-02 21:29:31,192 - DataManager - INFO - Using data file: data\Tharuni_Guntur_data.csv
2025-06-02 21:29:31,193 - DataManager - INFO - Successfully loaded 62 records from data\Tharuni_Guntur_data.csv
2025-06-02 21:29:31,193 - DataManager - INFO - Filtered 62 records to 1 using filter: 't0061'
2025-06-02 21:29:31,193 - DataManager - INFO - Updating existing record: T0061
2025-06-02 21:29:31,194 - DataManager - INFO - Updating record T0061 in data\Tharuni_Guntur_data.csv
2025-06-02 21:29:31,194 - DataManager - INFO - Read 62 records from CSV
2025-06-02 21:29:31,195 - DataManager - INFO - Found record to update at index 61
2025-06-02 21:29:31,195 - DataManager - INFO - Updated record data: ['02-06-2025', '21:29:31', 'Guntur', 'Tharuni', 'Inert', 'T0061', 'TS07US0707', 'Jindal', '23530.00', '02-06-2025 21:29:26', '', '', '', 'Inert', '', '', '', '', '', 'admin']
2025-06-02 21:29:31,198 - DataManager - INFO - ✅ Record T0061 updated in data\Tharuni_Guntur_data.csv
2025-06-02 21:29:31,198 - DataManager - INFO - ✅ Record T0061 saved to local CSV successfully
2025-06-02 21:29:31,198 - DataManager - INFO - Record completion status: False
2025-06-02 21:29:32,462 - DataManager - INFO - Successfully loaded 62 records from data\Tharuni_Guntur_data.csv
2025-06-02 21:29:32,463 - DataManager - INFO - Successfully loaded 62 records from data\Tharuni_Guntur_data.csv
2025-06-02 21:29:32,468 - DataManager - INFO - ✅ OFFLINE-FIRST SAVE COMPLETED - Local CSV, JSON backup, PDF generated, and files queued for auto upload
2025-06-02 21:29:32,482 - DataManager - INFO - 🔄 Auto upload queue: 0 items pending
2025-06-02 21:29:32,483 - DataManager - INFO - 💡 Cloud upload will happen automatically when internet is available
2025-06-02 21:29:32,483 - DataManager - INFO - ==================================================
2025-06-02 21:29:32,484 - TharuniApp - INFO - ✅ Record T0061 saved successfully
2025-06-02 21:29:32,484 - TharuniApp - INFO - Record T0061 updated
2025-06-02 21:29:33,617 - DataManager - INFO - Successfully loaded 62 records from data\Tharuni_Guntur_data.csv
2025-06-02 21:29:33,619 - DataManager - INFO - Successfully loaded 62 records from data\Tharuni_Guntur_data.csv
2025-06-02 21:29:33,624 - DataManager - INFO - Successfully loaded 62 records from data\Tharuni_Guntur_data.csv
2025-06-02 21:29:33,625 - DataManager - INFO - Returning all 62 records (no filter)
2025-06-02 21:29:33,626 - PendingVehiclesPanel - INFO - 🔄 Refreshing pending vehicles list
2025-06-02 21:29:33,627 - PendingVehiclesPanel - INFO - 🗑️ Cleared 1 existing items
2025-06-02 21:29:33,627 - DataManager - INFO - Successfully loaded 62 records from data\Tharuni_Guntur_data.csv
2025-06-02 21:29:33,628 - PendingVehiclesPanel - INFO - 📊 Retrieved 62 total records from database
2025-06-02 21:29:33,628 - PendingVehiclesPanel - INFO -    ⏳ Added to pending: T0061
2025-06-02 21:29:33,628 - PendingVehiclesPanel - INFO - 📈 Summary: 1 pending, 60 complete, 62 total
2025-06-02 21:29:33,629 - PendingVehiclesPanel - INFO - ✅ Successfully refreshed pending list: 1 items displayed
2025-06-02 21:29:33,630 - TharuniApp - INFO - SAVE RECORD OPERATION COMPLETED SUCCESSFULLY
2025-06-02 21:29:33,630 - TharuniApp - INFO - ==================================================
2025-06-02 21:29:56,601 - MainForm - INFO - Save button clicked!
2025-06-02 21:29:56,601 - MainForm - INFO - Calling save callback...
2025-06-02 21:29:56,602 - TharuniApp - INFO - ==================================================
2025-06-02 21:29:56,602 - TharuniApp - INFO - SAVE RECORD OPERATION STARTED
2025-06-02 21:29:56,603 - FormValidator - INFO - Starting comprehensive form validation
2025-06-02 21:29:56,603 - FormValidator - INFO - Validating basic fields
2025-06-02 21:29:56,604 - FormValidator - INFO - Field values: ticket='T0061', vehicle='TS07US0707', agency='Tharuni'
2025-06-02 21:29:56,604 - FormValidator - INFO - Basic validation passed
2025-06-02 21:29:56,605 - FormValidator - INFO - Validating weighment data
2025-06-02 21:29:56,605 - FormValidator - INFO - Weighment data: first_weight='23530.00', first_timestamp='02-06-2025 21:29:26', second_weight='', second_timestamp=''
2025-06-02 21:29:56,606 - FormValidator - INFO - Weighment validation passed
2025-06-02 21:29:56,606 - FormValidator - INFO - Validating images for second weighment
2025-06-02 21:29:56,606 - FormValidator - INFO - Images validation for second: front=False, back=False
2025-06-02 21:29:57,942 - FormValidator - INFO - User chose to continue without images
2025-06-02 21:29:57,943 - FormValidator - INFO - Form validation passed successfully
2025-06-02 21:29:57,943 - TharuniApp - INFO - Saving record for ticket: T0061
2025-06-02 21:29:57,944 - TharuniApp - INFO - Current weighment state: second
2025-06-02 21:29:57,945 - DataManager - INFO - Successfully loaded 62 records from data\Tharuni_Guntur_data.csv
2025-06-02 21:29:57,945 - DataManager - INFO - Filtered 62 records to 1 using filter: 't0061'
2025-06-02 21:29:57,946 - TharuniApp - INFO - Ticket T0061 exists in database: True
2025-06-02 21:29:57,946 - TharuniApp - INFO - Save scenario: update_existing
2025-06-02 21:29:57,946 - TharuniApp - INFO - Should increment ticket: False
2025-06-02 21:29:57,946 - DataManager - INFO - ==================================================
2025-06-02 21:29:57,947 - DataManager - INFO - STARTING OFFLINE-FIRST RECORD SAVE WITH JSON BACKUP
2025-06-02 21:29:57,948 - DataManager - INFO - Input data keys: ['date', 'time', 'site_name', 'agency_name', 'material', 'ticket_no', 'vehicle_no', 'transfer_party_name', 'first_weight', 'first_timestamp', 'second_weight', 'second_timestamp', 'net_weight', 'material_type', 'first_front_image', 'first_back_image', 'second_front_image', 'second_back_image', 'site_incharge', 'user_name']
2025-06-02 21:29:57,949 - DataManager - INFO - Net weight cleared - incomplete weighments
2025-06-02 21:29:57,949 - DataManager - INFO - Using data file: data\Tharuni_Guntur_data.csv
2025-06-02 21:29:57,950 - DataManager - INFO - Successfully loaded 62 records from data\Tharuni_Guntur_data.csv
2025-06-02 21:29:57,952 - DataManager - INFO - Filtered 62 records to 1 using filter: 't0061'
2025-06-02 21:29:57,953 - DataManager - INFO - Updating existing record: T0061
2025-06-02 21:29:57,953 - DataManager - INFO - Updating record T0061 in data\Tharuni_Guntur_data.csv
2025-06-02 21:29:57,954 - DataManager - INFO - Read 62 records from CSV
2025-06-02 21:29:57,954 - DataManager - INFO - Found record to update at index 61
2025-06-02 21:29:57,955 - DataManager - INFO - Updated record data: ['02-06-2025', '21:29:57', 'Guntur', 'Tharuni', 'Inert', 'T0061', 'TS07US0707', 'Jindal', '23530.00', '02-06-2025 21:29:26', '', '', '', 'Inert', '', '', '', '', '', 'admin']
2025-06-02 21:29:57,958 - DataManager - INFO - ✅ Record T0061 updated in data\Tharuni_Guntur_data.csv
2025-06-02 21:29:57,958 - DataManager - INFO - ✅ Record T0061 saved to local CSV successfully
2025-06-02 21:29:57,958 - DataManager - INFO - Record completion status: False
2025-06-02 21:29:58,931 - DataManager - INFO - ✅ OFFLINE-FIRST SAVE COMPLETED - Local CSV, JSON backup, PDF generated, and files queued for auto upload
2025-06-02 21:29:58,945 - DataManager - INFO - 🔄 Auto upload queue: 0 items pending
2025-06-02 21:29:58,945 - DataManager - INFO - 💡 Cloud upload will happen automatically when internet is available
2025-06-02 21:29:58,945 - DataManager - INFO - ==================================================
2025-06-02 21:29:58,946 - TharuniApp - INFO - ✅ Record T0061 saved successfully
2025-06-02 21:29:58,946 - TharuniApp - INFO - Record T0061 updated
2025-06-02 21:30:00,158 - DataManager - INFO - Successfully loaded 62 records from data\Tharuni_Guntur_data.csv
2025-06-02 21:30:00,158 - DataManager - INFO - Returning all 62 records (no filter)
2025-06-02 21:30:00,160 - PendingVehiclesPanel - INFO - 🔄 Refreshing pending vehicles list
2025-06-02 21:30:00,160 - PendingVehiclesPanel - INFO - 🗑️ Cleared 1 existing items
2025-06-02 21:30:00,161 - DataManager - INFO - Successfully loaded 62 records from data\Tharuni_Guntur_data.csv
2025-06-02 21:30:00,161 - PendingVehiclesPanel - INFO - 📊 Retrieved 62 total records from database
2025-06-02 21:30:00,162 - PendingVehiclesPanel - INFO -    ⏳ Added to pending: T0061
2025-06-02 21:30:00,163 - PendingVehiclesPanel - INFO - 📈 Summary: 1 pending, 60 complete, 62 total
2025-06-02 21:30:00,164 - PendingVehiclesPanel - INFO - ✅ Successfully refreshed pending list: 1 items displayed
2025-06-02 21:30:00,165 - TharuniApp - INFO - SAVE RECORD OPERATION COMPLETED SUCCESSFULLY
2025-06-02 21:30:00,165 - TharuniApp - INFO - ==================================================
2025-06-02 21:30:10,102 - MainForm - INFO - Save button clicked!
2025-06-02 21:30:10,103 - MainForm - INFO - Calling save callback...
2025-06-02 21:30:10,103 - TharuniApp - INFO - ==================================================
2025-06-02 21:30:10,104 - TharuniApp - INFO - SAVE RECORD OPERATION STARTED
2025-06-02 21:30:10,104 - FormValidator - INFO - Starting comprehensive form validation
2025-06-02 21:30:10,105 - FormValidator - INFO - Validating basic fields
2025-06-02 21:30:10,105 - FormValidator - INFO - Field values: ticket='T0061', vehicle='TS07US0707', agency='Tharuni'
2025-06-02 21:30:10,106 - FormValidator - INFO - Basic validation passed
2025-06-02 21:30:10,106 - FormValidator - INFO - Validating weighment data
2025-06-02 21:30:10,107 - FormValidator - INFO - Weighment data: first_weight='23530.00', first_timestamp='02-06-2025 21:29:26', second_weight='6450.00', second_timestamp='02-06-2025 21:30:07'
2025-06-02 21:30:10,107 - FormValidator - INFO - Weighment validation passed
2025-06-02 21:30:10,108 - FormValidator - INFO - Validating images for second weighment
2025-06-02 21:30:10,108 - FormValidator - INFO - Images validation for second: front=False, back=False
2025-06-02 21:30:11,335 - FormValidator - INFO - User chose to continue without images
2025-06-02 21:30:11,336 - FormValidator - INFO - Form validation passed successfully
2025-06-02 21:30:11,336 - TharuniApp - INFO - Saving record for ticket: T0061
2025-06-02 21:30:11,336 - TharuniApp - INFO - Current weighment state: second
2025-06-02 21:30:11,337 - DataManager - INFO - Successfully loaded 62 records from data\Tharuni_Guntur_data.csv
2025-06-02 21:30:11,338 - DataManager - INFO - Filtered 62 records to 1 using filter: 't0061'
2025-06-02 21:30:11,338 - TharuniApp - INFO - Ticket T0061 exists in database: True
2025-06-02 21:30:11,338 - TharuniApp - INFO - Save scenario: complete_second_weighment
2025-06-02 21:30:11,338 - TharuniApp - INFO - Should increment ticket: False
2025-06-02 21:30:11,338 - DataManager - INFO - ==================================================
2025-06-02 21:30:11,339 - DataManager - INFO - STARTING OFFLINE-FIRST RECORD SAVE WITH JSON BACKUP
2025-06-02 21:30:11,339 - DataManager - INFO - Input data keys: ['date', 'time', 'site_name', 'agency_name', 'material', 'ticket_no', 'vehicle_no', 'transfer_party_name', 'first_weight', 'first_timestamp', 'second_weight', 'second_timestamp', 'net_weight', 'material_type', 'first_front_image', 'first_back_image', 'second_front_image', 'second_back_image', 'site_incharge', 'user_name']
2025-06-02 21:30:11,339 - DataManager - INFO - Net weight calculated: 23530.0 - 6450.0 = 17080.00
2025-06-02 21:30:11,339 - DataManager - INFO - Using data file: data\Tharuni_Guntur_data.csv
2025-06-02 21:30:11,340 - DataManager - INFO - Successfully loaded 62 records from data\Tharuni_Guntur_data.csv
2025-06-02 21:30:11,340 - DataManager - INFO - Filtered 62 records to 1 using filter: 't0061'
2025-06-02 21:30:11,341 - DataManager - INFO - Updating existing record: T0061
2025-06-02 21:30:11,341 - DataManager - INFO - Updating record T0061 in data\Tharuni_Guntur_data.csv
2025-06-02 21:30:11,342 - DataManager - INFO - Read 62 records from CSV
2025-06-02 21:30:11,342 - DataManager - INFO - Found record to update at index 61
2025-06-02 21:30:11,343 - DataManager - INFO - Updated record data: ['02-06-2025', '21:30:11', 'Guntur', 'Tharuni', 'Inert', 'T0061', 'TS07US0707', 'Jindal', '23530.00', '02-06-2025 21:29:26', '6450.00', '02-06-2025 21:30:07', '17080.00', 'Inert', '', '', '', '', '', 'admin']
2025-06-02 21:30:11,348 - DataManager - INFO - ✅ Record T0061 updated in data\Tharuni_Guntur_data.csv
2025-06-02 21:30:11,349 - DataManager - INFO - ✅ Record T0061 saved to local CSV successfully
2025-06-02 21:30:11,350 - DataManager - INFO - Record completion status: True
2025-06-02 21:30:11,350 - DataManager - INFO - Complete record detected - saving JSON backup locally...
2025-06-02 21:30:11,351 - DataManager - INFO - Created new daily JSON folder: data\json_backups\2025-06-02
2025-06-02 21:30:11,353 - DataManager - INFO - ✅ JSON backup saved: data\json_backups\2025-06-02\T0061_Tharuni_Guntur_213011.json
2025-06-02 21:30:11,354 - DataManager - INFO - ✅ JSON backup saved locally for T0061
2025-06-02 21:30:11,354 - DataManager - INFO - Complete record detected for ticket T0061 - generating PDF locally...
2025-06-02 21:30:11,355 - DataManager - INFO - Today's reports folder ensured: data\reports\2025-06-02
2025-06-02 21:30:11,355 - DataManager - INFO - Reports will be saved to: data\reports\2025-06-02
2025-06-02 21:30:11,356 - DataManager - INFO - Today's reports folder ensured: data\reports\2025-06-02
2025-06-02 21:30:11,358 - DataManager - INFO - SIMPLE TEST - Net display: '17080.00 kg'
2025-06-02 21:30:11,359 - DataManager - INFO - Building PDF document: data\reports\2025-06-02\Tharuni_Guntur_T0061_TS07US0707_213011.pdf
2025-06-02 21:30:11,370 - DataManager - INFO - PDF created successfully: data\reports\2025-06-02\Tharuni_Guntur_T0061_TS07US0707_213011.pdf (2971 bytes)
2025-06-02 21:30:11,370 - DataManager - INFO - Auto-generated PDF: data\reports\2025-06-02\Tharuni_Guntur_T0061_TS07US0707_213011.pdf
2025-06-02 21:30:11,370 - DataManager - INFO - PDF saved to today's reports folder: data\reports\2025-06-02
2025-06-02 21:30:11,371 - DataManager - INFO - ✅ PDF auto-generated locally: data\reports\2025-06-02\Tharuni_Guntur_T0061_TS07US0707_213011.pdf
2025-06-02 21:30:11,371 - DataManager - INFO - Adding complete record files to auto upload queue...
2025-06-02 21:30:11,372 - AutoUploadQueue - INFO - Added to upload queue: json - T0061_Tharuni_Guntur_213011.json
2025-06-02 21:30:11,373 - AutoUploadQueue - INFO - Added to upload queue: pdf - Tharuni_Guntur_T0061_TS07US0707_213011.pdf
2025-06-02 21:30:11,374 - AutoUploadQueue - INFO - Queued 2 files for ticket T0061
2025-06-02 21:30:11,374 - DataManager - INFO - ✅ Added 2 files to auto upload queue
2025-06-02 21:30:12,802 - DataManager - INFO - ✅ OFFLINE-FIRST SAVE COMPLETED - Local CSV, JSON backup, PDF generated, and files queued for auto upload
2025-06-02 21:30:12,802 - DataManager - INFO - 📂 PDF saved to today's reports folder: data\reports\2025-06-02
2025-06-02 21:30:12,837 - DataManager - INFO - 🔄 Auto upload queue: 2 items pending
2025-06-02 21:30:12,837 - DataManager - INFO - 💡 Cloud upload will happen automatically when internet is available
2025-06-02 21:30:12,838 - DataManager - INFO - ==================================================
2025-06-02 21:30:12,838 - TharuniApp - INFO - ✅ Record T0061 saved successfully
2025-06-02 21:30:12,838 - TharuniApp - INFO - ✅ Completed both weighments for T0061
2025-06-02 21:30:12,839 - PendingVehiclesPanel - INFO - Attempting to remove ticket T0061 from pending list
2025-06-02 21:30:12,839 - PendingVehiclesPanel - INFO - Removed ticket T0061 from pending list
2025-06-02 21:30:12,839 - TharuniApp - INFO - Removed T0061 from pending vehicles list
2025-06-02 21:30:12,845 - MainForm - INFO - Preparing form for new ticket
2025-06-02 21:30:12,848 - MainForm - INFO - Form data cleared (ticket number preserved)
2025-06-02 21:30:12,848 - MainForm - INFO - Form prepared for new ticket
2025-06-02 21:30:13,087 - PendingVehiclesPanel - INFO - 🔄 Refreshing pending vehicles list
2025-06-02 21:30:13,088 - PendingVehiclesPanel - INFO - 🗑️ Cleared 0 existing items
2025-06-02 21:30:13,118 - DataManager - INFO - Successfully loaded 62 records from data\Tharuni_Guntur_data.csv
2025-06-02 21:30:13,119 - PendingVehiclesPanel - INFO - 📊 Retrieved 62 total records from database
2025-06-02 21:30:13,120 - PendingVehiclesPanel - INFO - 📈 Summary: 0 pending, 61 complete, 62 total
2025-06-02 21:30:13,120 - PendingVehiclesPanel - INFO - ✅ Successfully refreshed pending list: 0 items displayed
2025-06-02 21:30:13,121 - DataManager - INFO - Created new daily folder: data\reports\02-06
2025-06-02 21:30:16,687 - DataManager - INFO - Successfully loaded 62 records from data\Tharuni_Guntur_data.csv
2025-06-02 21:30:16,687 - DataManager - INFO - Returning all 62 records (no filter)
2025-06-02 21:30:16,688 - PendingVehiclesPanel - INFO - 🔄 Refreshing pending vehicles list
2025-06-02 21:30:16,688 - PendingVehiclesPanel - INFO - 🗑️ Cleared 1 existing items
2025-06-02 21:30:16,689 - DataManager - INFO - Successfully loaded 62 records from data\Tharuni_Guntur_data.csv
2025-06-02 21:30:16,689 - PendingVehiclesPanel - INFO - 📊 Retrieved 62 total records from database
2025-06-02 21:30:16,690 - PendingVehiclesPanel - INFO - 📈 Summary: 0 pending, 61 complete, 62 total
2025-06-02 21:30:16,690 - PendingVehiclesPanel - INFO - ✅ Successfully refreshed pending list: 0 items displayed
2025-06-02 21:30:16,691 - TharuniApp - INFO - SAVE RECORD OPERATION COMPLETED SUCCESSFULLY
2025-06-02 21:30:16,691 - TharuniApp - INFO - ==================================================
2025-06-02 21:30:38,877 - AutoUploadQueue - INFO - Internet available, processing upload queue...
2025-06-02 21:30:39,416 - DataManager - INFO - Cloud storage initialized on demand
2025-06-02 21:30:39,772 - AutoUploadQueue - INFO - ✅ Uploaded JSON: T0061_Tharuni_Guntur_213011.json
2025-06-02 21:30:39,772 - AutoUploadQueue - INFO - Successfully uploaded: T0061_Tharuni_Guntur_213011.json
2025-06-02 21:30:40,089 - AutoUploadQueue - INFO - ✅ Uploaded PDF: Tharuni_Guntur_T0061_TS07US0707_213011.pdf
2025-06-02 21:30:40,091 - AutoUploadQueue - INFO - Successfully uploaded: Tharuni_Guntur_T0061_TS07US0707_213011.pdf
2025-06-02 21:30:40,094 - AutoUploadQueue - INFO - Upload batch completed: 2 uploaded, 0 failed
2025-06-02 21:30:40,095 - AutoUploadQueue - INFO - ✅ Upload batch: 2 files uploaded successfully
2025-06-02 21:31:13,123 - PendingVehiclesPanel - INFO - 🔄 Refreshing pending vehicles list
2025-06-02 21:31:13,124 - PendingVehiclesPanel - INFO - 🗑️ Cleared 1 existing items
2025-06-02 21:31:13,128 - DataManager - INFO - Successfully loaded 62 records from data\Tharuni_Guntur_data.csv
2025-06-02 21:31:13,129 - PendingVehiclesPanel - INFO - 📊 Retrieved 62 total records from database
2025-06-02 21:31:13,130 - PendingVehiclesPanel - INFO - 📈 Summary: 0 pending, 61 complete, 62 total
2025-06-02 21:31:13,132 - PendingVehiclesPanel - INFO - ✅ Successfully refreshed pending list: 0 items displayed
2025-06-02 21:32:13,141 - PendingVehiclesPanel - INFO - 🔄 Refreshing pending vehicles list
2025-06-02 21:32:13,142 - PendingVehiclesPanel - INFO - 🗑️ Cleared 1 existing items
2025-06-02 21:32:13,146 - DataManager - INFO - Successfully loaded 62 records from data\Tharuni_Guntur_data.csv
2025-06-02 21:32:13,147 - PendingVehiclesPanel - INFO - 📊 Retrieved 62 total records from database
2025-06-02 21:32:13,148 - PendingVehiclesPanel - INFO - 📈 Summary: 0 pending, 61 complete, 62 total
2025-06-02 21:32:13,150 - PendingVehiclesPanel - INFO - ✅ Successfully refreshed pending list: 0 items displayed
2025-06-02 21:33:13,151 - PendingVehiclesPanel - INFO - 🔄 Refreshing pending vehicles list
2025-06-02 21:33:13,153 - PendingVehiclesPanel - INFO - 🗑️ Cleared 1 existing items
2025-06-02 21:33:13,158 - DataManager - INFO - Successfully loaded 62 records from data\Tharuni_Guntur_data.csv
2025-06-02 21:33:13,163 - PendingVehiclesPanel - INFO - 📊 Retrieved 62 total records from database
2025-06-02 21:33:13,165 - PendingVehiclesPanel - INFO - 📈 Summary: 0 pending, 61 complete, 62 total
2025-06-02 21:33:13,167 - PendingVehiclesPanel - INFO - ✅ Successfully refreshed pending list: 0 items displayed
2025-06-02 21:33:30,016 - TharuniApp - INFO - Updating camera settings: {'front_camera_type': 'USB', 'front_camera_index': 0, 'front_rtsp_username': '', 'front_rtsp_password': '', 'front_rtsp_ip': '', 'front_rtsp_port': '8554', 'front_rtsp_endpoint': '/stream', 'front_http_username': '', 'front_http_password': '', 'front_http_ip': '', 'front_http_port': '80', 'front_http_endpoint': '/mjpeg', 'back_camera_type': 'USB', 'back_camera_index': 1, 'back_rtsp_username': '', 'back_rtsp_password': '', 'back_rtsp_ip': '', 'back_rtsp_port': '8555', 'back_rtsp_endpoint': '/stream', 'back_http_username': '', 'back_http_password': '', 'back_http_ip': '', 'back_http_port': '80', 'back_http_endpoint': '/mjpeg'}
2025-06-02 21:33:31,016 - TharuniApp - INFO - Camera settings saved for persistence
2025-06-02 21:33:51,693 - DataManager - INFO - Successfully loaded 62 records from data\Tharuni_Guntur_data.csv
2025-06-02 21:33:51,704 - DataManager - INFO - Successfully loaded 62 records from data\Tharuni_Guntur_data.csv
2025-06-02 21:33:51,705 - DataManager - INFO - Successfully loaded 62 records from data\Tharuni_Guntur_data.csv
2025-06-02 21:33:52,632 - DataManager - INFO - Successfully loaded 62 records from data\Tharuni_Guntur_data.csv
2025-06-02 21:33:52,634 - DataManager - INFO - Successfully loaded 62 records from data\Tharuni_Guntur_data.csv
2025-06-02 21:34:13,175 - PendingVehiclesPanel - INFO - 🔄 Refreshing pending vehicles list
2025-06-02 21:34:13,176 - PendingVehiclesPanel - INFO - 🗑️ Cleared 1 existing items
2025-06-02 21:34:13,178 - DataManager - INFO - Successfully loaded 62 records from data\Tharuni_Guntur_data.csv
2025-06-02 21:34:13,179 - PendingVehiclesPanel - INFO - 📊 Retrieved 62 total records from database
2025-06-02 21:34:13,180 - PendingVehiclesPanel - INFO - 📈 Summary: 0 pending, 61 complete, 62 total
2025-06-02 21:34:13,181 - PendingVehiclesPanel - INFO - ✅ Successfully refreshed pending list: 0 items displayed
2025-06-02 21:35:01,877 - TharuniApp - INFO - ============================================================
2025-06-02 21:35:01,878 - TharuniApp - INFO - APPLICATION STARTUP WITH AUTO UPLOAD QUEUE
2025-06-02 21:35:01,878 - TharuniApp - INFO - ============================================================
2025-06-02 21:35:01,881 - TharuniApp - INFO - Configuration setup completed
2025-06-02 21:35:01,882 - DataManager - INFO - DataManager initialized with OFFLINE-FIRST approach + AUTO UPLOAD QUEUE
2025-06-02 21:35:01,882 - DataManager - INFO - CSV structure is up to date
2025-06-02 21:35:01,883 - DataManager - INFO - Daily PDF folder structure ready:
2025-06-02 21:35:01,883 - DataManager - INFO -   Base reports folder: data\reports
2025-06-02 21:35:01,883 - DataManager - INFO -   Today's folder: data\reports\2025-06-02
2025-06-02 21:35:01,884 - DataManager - INFO - Data file: data\weighbridge_data.csv
2025-06-02 21:35:01,884 - DataManager - INFO - Reports folder: data\reports
2025-06-02 21:35:01,884 - DataManager - INFO - JSON backup folder: data\json_backups
2025-06-02 21:35:01,884 - DataManager - INFO - PDF folder: data\reports\2025-06-02
2025-06-02 21:35:01,885 - DataManager - INFO - Cloud storage will only be initialized when backup is requested
2025-06-02 21:35:01,894 - AutoUploadQueue - INFO - Loaded 0 items from queue
2025-06-02 21:35:01,895 - AutoUploadQueue - INFO - Upload worker started
2025-06-02 21:35:01,895 - AutoUploadQueue - INFO - Background upload worker started
2025-06-02 21:35:01,896 - AutoUploadQueue - INFO - AutoUploadQueue initialized
2025-06-02 21:35:01,896 - DataManager - INFO - ✅ Auto upload queue initialized
2025-06-02 21:35:01,896 - TharuniApp - INFO - Data manager with auto upload queue initialized
2025-06-02 21:35:01,899 - TharuniApp - INFO - Settings storage initialized
2025-06-02 21:35:01,903 - TharuniApp - INFO - UI styles initialized
2025-06-02 21:35:01,903 - TharuniApp - INFO - Starting user authentication
2025-06-02 21:35:04,957 - TharuniApp - INFO - Authentication successful: admin
2025-06-02 21:35:04,957 - TharuniApp - INFO - User logged in: admin (Role: admin)
2025-06-02 21:35:04,958 - TharuniApp - INFO - Setting up data context
2025-06-02 21:35:04,958 - DataManager - INFO - CSV structure is up to date
2025-06-02 21:35:04,959 - DataManager - INFO - Data context set to: Agency='Tharuni', Site='Guntur'
2025-06-02 21:35:04,959 - DataManager - INFO - Data file: data\Tharuni_Guntur_data.csv
2025-06-02 21:35:04,959 - TharuniApp - INFO - Data context initialized: Agency='Tharuni', Site='Guntur'
2025-06-02 21:35:04,959 - TharuniApp - INFO - Data will be saved to: data\Tharuni_Guntur_data.csv
2025-06-02 21:35:04,959 - TharuniApp - INFO - PDFs will be saved to: data\reports\2025-06-02
2025-06-02 21:35:04,960 - TharuniApp - INFO - Creating application widgets
2025-06-02 21:35:04,975 - TharuniApp - INFO - Creating main panel with scrollable support
2025-06-02 21:35:04,979 - MainForm - INFO - MainForm initialization started
2025-06-02 21:35:04,979 - MainForm - INFO - Initializing form variables
2025-06-02 21:35:04,981 - MainForm - INFO - ✅ Form initialized with reserved ticket: T0061
2025-06-02 21:35:04,981 - MainForm - INFO - ✅ Weight variable traces set up for auto net weight calculation
2025-06-02 21:35:04,981 - MainForm - INFO - Form variables initialized successfully
2025-06-02 21:35:04,982 - FormValidator - INFO - FormValidator initialized
2025-06-02 21:35:04,982 - MainForm - INFO - Helper components initialized successfully
2025-06-02 21:35:04,982 - MainForm - INFO - Creating main form UI
2025-06-02 21:35:04,991 - DataManager - INFO - Successfully loaded 62 records from data\Tharuni_Guntur_data.csv
2025-06-02 21:35:05,278 - MainForm - INFO - Main form UI created successfully
2025-06-02 21:35:05,279 - MainForm - INFO - Creating cameras panel
2025-06-02 21:35:12,942 - MainForm - INFO - Front camera created successfully
2025-06-02 21:35:20,138 - MainForm - INFO - Back camera created successfully
2025-06-02 21:35:20,480 - MainForm - INFO - Cameras panel created successfully
2025-06-02 21:35:20,481 - MainForm - INFO - UI elements created successfully
2025-06-02 21:35:20,482 - DataManager - INFO - Successfully loaded 62 records from data\Tharuni_Guntur_data.csv
2025-06-02 21:35:20,482 - MainForm - INFO - Vehicle autocomplete initialized
2025-06-02 21:35:20,483 - TharuniApp - INFO - Main form created in scrollable frame
2025-06-02 21:35:20,485 - DataManager - INFO - CSV structure is up to date
2025-06-02 21:35:20,485 - DataManager - INFO - Data context set to: Agency='Tharuni', Site='Guntur'
2025-06-02 21:35:20,485 - DataManager - INFO - Data file: data\Tharuni_Guntur_data.csv
2025-06-02 21:35:20,486 - MainForm - INFO - Updated data context: Tharuni_Guntur
2025-06-02 21:35:20,487 - DataManager - INFO - CSV structure is up to date
2025-06-02 21:35:20,487 - DataManager - INFO - Data context set to: Agency='Tharuni', Site='Guntur'
2025-06-02 21:35:20,488 - DataManager - INFO - Data file: data\Tharuni_Guntur_data.csv
2025-06-02 21:35:20,488 - MainForm - INFO - Updated data context: Tharuni_Guntur
2025-06-02 21:35:20,489 - DataManager - INFO - CSV structure is up to date
2025-06-02 21:35:20,489 - DataManager - INFO - Data context set to: Agency='Tharuni', Site='Guntur'
2025-06-02 21:35:20,490 - DataManager - INFO - Data file: data\Tharuni_Guntur_data.csv
2025-06-02 21:35:20,490 - MainForm - INFO - Updated data context: Tharuni_Guntur
2025-06-02 21:35:20,490 - PendingVehiclesPanel - INFO - PendingVehiclesPanel initialized
2025-06-02 21:35:20,496 - PendingVehiclesPanel - INFO - 🔄 Refreshing pending vehicles list
2025-06-02 21:35:20,496 - PendingVehiclesPanel - INFO - 🗑️ Cleared 0 existing items
2025-06-02 21:35:20,498 - DataManager - INFO - Successfully loaded 62 records from data\Tharuni_Guntur_data.csv
2025-06-02 21:35:20,498 - PendingVehiclesPanel - INFO - 📊 Retrieved 62 total records from database
2025-06-02 21:35:20,499 - PendingVehiclesPanel - INFO - 📈 Summary: 0 pending, 61 complete, 62 total
2025-06-02 21:35:20,500 - PendingVehiclesPanel - INFO - ✅ Successfully refreshed pending list: 0 items displayed
2025-06-02 21:35:20,501 - TharuniApp - INFO - Pending vehicles panel created
2025-06-02 21:35:20,748 - TharuniApp - INFO - Main panel creation completed with scrollable support
2025-06-02 21:35:20,776 - TharuniApp - INFO - Summary panel created
2025-06-02 21:35:21,028 - DataManager - INFO - DataManager initialized with OFFLINE-FIRST approach + AUTO UPLOAD QUEUE
2025-06-02 21:35:21,029 - DataManager - INFO - CSV structure is up to date
2025-06-02 21:35:21,030 - DataManager - INFO - Daily PDF folder structure ready:
2025-06-02 21:35:21,030 - DataManager - INFO -   Base reports folder: data\reports
2025-06-02 21:35:21,031 - DataManager - INFO -   Today's folder: data\reports\2025-06-02
2025-06-02 21:35:21,032 - DataManager - INFO - Data file: data\Tharuni_Guntur_data.csv
2025-06-02 21:35:21,032 - DataManager - INFO - Reports folder: data\reports
2025-06-02 21:35:21,032 - DataManager - INFO - JSON backup folder: data\json_backups
2025-06-02 21:35:21,033 - DataManager - INFO - PDF folder: data\reports\2025-06-02
2025-06-02 21:35:21,033 - DataManager - INFO - Cloud storage will only be initialized when backup is requested
2025-06-02 21:35:21,034 - AutoUploadQueue - INFO - Loaded 0 items from queue
2025-06-02 21:35:21,035 - AutoUploadQueue - INFO - Upload worker started
2025-06-02 21:35:21,035 - AutoUploadQueue - INFO - Background upload worker started
2025-06-02 21:35:21,035 - AutoUploadQueue - INFO - AutoUploadQueue initialized
2025-06-02 21:35:21,036 - DataManager - INFO - ✅ Auto upload queue initialized
2025-06-02 21:35:21,153 - DataManager - INFO - DataManager initialized with OFFLINE-FIRST approach + AUTO UPLOAD QUEUE
2025-06-02 21:35:21,153 - DataManager - INFO - CSV structure is up to date
2025-06-02 21:35:21,154 - DataManager - INFO - Daily PDF folder structure ready:
2025-06-02 21:35:21,154 - DataManager - INFO -   Base reports folder: data\reports
2025-06-02 21:35:21,155 - DataManager - INFO -   Today's folder: data\reports\2025-06-02
2025-06-02 21:35:21,156 - DataManager - INFO - Data file: data\Tharuni_Guntur_data.csv
2025-06-02 21:35:21,156 - DataManager - INFO - Reports folder: data\reports
2025-06-02 21:35:21,156 - DataManager - INFO - JSON backup folder: data\json_backups
2025-06-02 21:35:21,157 - DataManager - INFO - PDF folder: data\reports\2025-06-02
2025-06-02 21:35:21,157 - DataManager - INFO - Cloud storage will only be initialized when backup is requested
2025-06-02 21:35:21,158 - AutoUploadQueue - INFO - Loaded 0 items from queue
2025-06-02 21:35:21,159 - AutoUploadQueue - INFO - Upload worker started
2025-06-02 21:35:21,159 - AutoUploadQueue - INFO - Background upload worker started
2025-06-02 21:35:21,159 - AutoUploadQueue - INFO - AutoUploadQueue initialized
2025-06-02 21:35:21,160 - DataManager - INFO - ✅ Auto upload queue initialized
2025-06-02 21:35:21,361 - TharuniApp - INFO - ✅ Data manager references set in settings panel
2025-06-02 21:35:21,361 - TharuniApp - INFO -    - settings_panel.app_data_manager: True
2025-06-02 21:35:21,361 - TharuniApp - INFO -    - settings_panel.data_manager: True
2025-06-02 21:35:21,362 - TharuniApp - INFO -    - settings_tab.data_manager: True
2025-06-02 21:35:21,362 - TharuniApp - INFO - Widget creation completed successfully
2025-06-02 21:35:21,363 - PendingVehiclesPanel - INFO - 🔄 Refreshing pending vehicles list
2025-06-02 21:35:21,363 - PendingVehiclesPanel - INFO - 🗑️ Cleared 1 existing items
2025-06-02 21:35:21,365 - DataManager - INFO - Successfully loaded 62 records from data\Tharuni_Guntur_data.csv
2025-06-02 21:35:21,365 - PendingVehiclesPanel - INFO - 📊 Retrieved 62 total records from database
2025-06-02 21:35:21,366 - PendingVehiclesPanel - INFO - 📈 Summary: 0 pending, 61 complete, 62 total
2025-06-02 21:35:21,366 - PendingVehiclesPanel - INFO - ✅ Successfully refreshed pending list: 0 items displayed
2025-06-02 21:35:21,367 - DataManager - INFO - Created new daily folder: data\reports\02-06
2025-06-02 21:35:21,405 - TharuniApp - INFO - Application initialization completed successfully
2025-06-02 21:35:21,436 - TharuniApp - INFO - Auto upload queue status: 0 items queued, worker running
2025-06-02 21:35:22,368 - TharuniApp - INFO - Ensuring settings persistence...
2025-06-02 21:35:22,371 - TharuniApp - INFO - Settings persistence check completed
2025-06-02 21:35:57,908 - TharuniApp - INFO - ============================================================
2025-06-02 21:35:57,908 - TharuniApp - INFO - APPLICATION STARTUP WITH AUTO UPLOAD QUEUE
2025-06-02 21:35:57,909 - TharuniApp - INFO - ============================================================
2025-06-02 21:35:57,912 - TharuniApp - INFO - Configuration setup completed
2025-06-02 21:35:57,912 - DataManager - INFO - DataManager initialized with OFFLINE-FIRST approach + AUTO UPLOAD QUEUE
2025-06-02 21:35:57,913 - DataManager - INFO - CSV structure is up to date
2025-06-02 21:35:57,913 - DataManager - INFO - Daily PDF folder structure ready:
2025-06-02 21:35:57,914 - DataManager - INFO -   Base reports folder: data\reports
2025-06-02 21:35:57,914 - DataManager - INFO -   Today's folder: data\reports\2025-06-02
2025-06-02 21:35:57,914 - DataManager - INFO - Data file: data\weighbridge_data.csv
2025-06-02 21:35:57,915 - DataManager - INFO - Reports folder: data\reports
2025-06-02 21:35:57,915 - DataManager - INFO - JSON backup folder: data\json_backups
2025-06-02 21:35:57,915 - DataManager - INFO - PDF folder: data\reports\2025-06-02
2025-06-02 21:35:57,915 - DataManager - INFO - Cloud storage will only be initialized when backup is requested
2025-06-02 21:35:57,916 - AutoUploadQueue - INFO - Loaded 0 items from queue
2025-06-02 21:35:57,917 - AutoUploadQueue - INFO - Upload worker started
2025-06-02 21:35:57,917 - AutoUploadQueue - INFO - Background upload worker started
2025-06-02 21:35:57,917 - AutoUploadQueue - INFO - AutoUploadQueue initialized
2025-06-02 21:35:57,917 - DataManager - INFO - ✅ Auto upload queue initialized
2025-06-02 21:35:57,918 - TharuniApp - INFO - Data manager with auto upload queue initialized
2025-06-02 21:35:57,919 - TharuniApp - INFO - Settings storage initialized
2025-06-02 21:35:57,921 - TharuniApp - INFO - UI styles initialized
2025-06-02 21:35:57,921 - TharuniApp - INFO - Starting user authentication
2025-06-02 21:36:04,510 - TharuniApp - INFO - Authentication successful: admin
2025-06-02 21:36:04,511 - TharuniApp - INFO - User logged in: admin (Role: admin)
2025-06-02 21:36:04,511 - TharuniApp - INFO - Setting up data context
2025-06-02 21:36:04,511 - DataManager - INFO - CSV structure is up to date
2025-06-02 21:36:04,512 - DataManager - INFO - Data context set to: Agency='Tharuni', Site='Guntur'
2025-06-02 21:36:04,512 - DataManager - INFO - Data file: data\Tharuni_Guntur_data.csv
2025-06-02 21:36:04,512 - TharuniApp - INFO - Data context initialized: Agency='Tharuni', Site='Guntur'
2025-06-02 21:36:04,512 - TharuniApp - INFO - Data will be saved to: data\Tharuni_Guntur_data.csv
2025-06-02 21:36:04,512 - TharuniApp - INFO - PDFs will be saved to: data\reports\2025-06-02
2025-06-02 21:36:04,513 - TharuniApp - INFO - Creating application widgets
2025-06-02 21:36:04,524 - TharuniApp - INFO - Creating main panel with scrollable support
2025-06-02 21:36:04,529 - MainForm - INFO - MainForm initialization started
2025-06-02 21:36:04,529 - MainForm - INFO - Initializing form variables
2025-06-02 21:36:04,531 - MainForm - INFO - ✅ Form initialized with reserved ticket: T0061
2025-06-02 21:36:04,532 - MainForm - INFO - ✅ Weight variable traces set up for auto net weight calculation
2025-06-02 21:36:04,532 - MainForm - INFO - Form variables initialized successfully
2025-06-02 21:36:04,532 - FormValidator - INFO - FormValidator initialized
2025-06-02 21:36:04,532 - MainForm - INFO - Helper components initialized successfully
2025-06-02 21:36:04,533 - MainForm - INFO - Creating main form UI
2025-06-02 21:36:04,539 - DataManager - INFO - Successfully loaded 62 records from data\Tharuni_Guntur_data.csv
2025-06-02 21:36:04,832 - MainForm - INFO - Main form UI created successfully
2025-06-02 21:36:04,833 - MainForm - INFO - Creating cameras panel
2025-06-02 21:36:12,352 - MainForm - INFO - Front camera created successfully
2025-06-02 21:36:20,231 - MainForm - INFO - Back camera created successfully
2025-06-02 21:36:20,557 - MainForm - INFO - Cameras panel created successfully
2025-06-02 21:36:20,558 - MainForm - INFO - UI elements created successfully
2025-06-02 21:36:20,559 - DataManager - INFO - Successfully loaded 62 records from data\Tharuni_Guntur_data.csv
2025-06-02 21:36:20,559 - MainForm - INFO - Vehicle autocomplete initialized
2025-06-02 21:36:20,559 - TharuniApp - INFO - Main form created in scrollable frame
2025-06-02 21:36:20,562 - DataManager - INFO - CSV structure is up to date
2025-06-02 21:36:20,562 - DataManager - INFO - Data context set to: Agency='Tharuni', Site='Guntur'
2025-06-02 21:36:20,562 - DataManager - INFO - Data file: data\Tharuni_Guntur_data.csv
2025-06-02 21:36:20,563 - MainForm - INFO - Updated data context: Tharuni_Guntur
2025-06-02 21:36:20,564 - DataManager - INFO - CSV structure is up to date
2025-06-02 21:36:20,564 - DataManager - INFO - Data context set to: Agency='Tharuni', Site='Guntur'
2025-06-02 21:36:20,565 - DataManager - INFO - Data file: data\Tharuni_Guntur_data.csv
2025-06-02 21:36:20,565 - MainForm - INFO - Updated data context: Tharuni_Guntur
2025-06-02 21:36:20,566 - DataManager - INFO - CSV structure is up to date
2025-06-02 21:36:20,567 - DataManager - INFO - Data context set to: Agency='Tharuni', Site='Guntur'
2025-06-02 21:36:20,567 - DataManager - INFO - Data file: data\Tharuni_Guntur_data.csv
2025-06-02 21:36:20,567 - MainForm - INFO - Updated data context: Tharuni_Guntur
2025-06-02 21:36:20,568 - PendingVehiclesPanel - INFO - PendingVehiclesPanel initialized
2025-06-02 21:36:20,574 - PendingVehiclesPanel - INFO - 🔄 Refreshing pending vehicles list
2025-06-02 21:36:20,575 - PendingVehiclesPanel - INFO - 🗑️ Cleared 0 existing items
2025-06-02 21:36:20,576 - DataManager - INFO - Successfully loaded 62 records from data\Tharuni_Guntur_data.csv
2025-06-02 21:36:20,576 - PendingVehiclesPanel - INFO - 📊 Retrieved 62 total records from database
2025-06-02 21:36:20,577 - PendingVehiclesPanel - INFO - 📈 Summary: 0 pending, 61 complete, 62 total
2025-06-02 21:36:20,577 - PendingVehiclesPanel - INFO - ✅ Successfully refreshed pending list: 0 items displayed
2025-06-02 21:36:20,578 - TharuniApp - INFO - Pending vehicles panel created
2025-06-02 21:36:20,814 - TharuniApp - INFO - Main panel creation completed with scrollable support
2025-06-02 21:36:20,845 - TharuniApp - INFO - Summary panel created
2025-06-02 21:36:21,092 - DataManager - INFO - DataManager initialized with OFFLINE-FIRST approach + AUTO UPLOAD QUEUE
2025-06-02 21:36:21,092 - DataManager - INFO - CSV structure is up to date
2025-06-02 21:36:21,093 - DataManager - INFO - Daily PDF folder structure ready:
2025-06-02 21:36:21,093 - DataManager - INFO -   Base reports folder: data\reports
2025-06-02 21:36:21,094 - DataManager - INFO -   Today's folder: data\reports\2025-06-02
2025-06-02 21:36:21,095 - DataManager - INFO - Data file: data\Tharuni_Guntur_data.csv
2025-06-02 21:36:21,095 - DataManager - INFO - Reports folder: data\reports
2025-06-02 21:36:21,095 - DataManager - INFO - JSON backup folder: data\json_backups
2025-06-02 21:36:21,095 - DataManager - INFO - PDF folder: data\reports\2025-06-02
2025-06-02 21:36:21,096 - DataManager - INFO - Cloud storage will only be initialized when backup is requested
2025-06-02 21:36:21,096 - AutoUploadQueue - INFO - Loaded 0 items from queue
2025-06-02 21:36:21,097 - AutoUploadQueue - INFO - Upload worker started
2025-06-02 21:36:21,097 - AutoUploadQueue - INFO - Background upload worker started
2025-06-02 21:36:21,098 - AutoUploadQueue - INFO - AutoUploadQueue initialized
2025-06-02 21:36:21,098 - DataManager - INFO - ✅ Auto upload queue initialized
2025-06-02 21:36:21,232 - DataManager - INFO - DataManager initialized with OFFLINE-FIRST approach + AUTO UPLOAD QUEUE
2025-06-02 21:36:21,232 - DataManager - INFO - CSV structure is up to date
2025-06-02 21:36:21,233 - DataManager - INFO - Daily PDF folder structure ready:
2025-06-02 21:36:21,233 - DataManager - INFO -   Base reports folder: data\reports
2025-06-02 21:36:21,233 - DataManager - INFO -   Today's folder: data\reports\2025-06-02
2025-06-02 21:36:21,234 - DataManager - INFO - Data file: data\Tharuni_Guntur_data.csv
2025-06-02 21:36:21,235 - DataManager - INFO - Reports folder: data\reports
2025-06-02 21:36:21,235 - DataManager - INFO - JSON backup folder: data\json_backups
2025-06-02 21:36:21,235 - DataManager - INFO - PDF folder: data\reports\2025-06-02
2025-06-02 21:36:21,236 - DataManager - INFO - Cloud storage will only be initialized when backup is requested
2025-06-02 21:36:21,236 - AutoUploadQueue - INFO - Loaded 0 items from queue
2025-06-02 21:36:21,237 - AutoUploadQueue - INFO - Upload worker started
2025-06-02 21:36:21,238 - AutoUploadQueue - INFO - Background upload worker started
2025-06-02 21:36:21,238 - AutoUploadQueue - INFO - AutoUploadQueue initialized
2025-06-02 21:36:21,239 - DataManager - INFO - ✅ Auto upload queue initialized
2025-06-02 21:36:21,423 - TharuniApp - INFO - ✅ Data manager references set in settings panel
2025-06-02 21:36:21,423 - TharuniApp - INFO -    - settings_panel.app_data_manager: True
2025-06-02 21:36:21,424 - TharuniApp - INFO -    - settings_panel.data_manager: True
2025-06-02 21:36:21,424 - TharuniApp - INFO -    - settings_tab.data_manager: True
2025-06-02 21:36:21,424 - TharuniApp - INFO - Widget creation completed successfully
2025-06-02 21:36:21,425 - PendingVehiclesPanel - INFO - 🔄 Refreshing pending vehicles list
2025-06-02 21:36:21,425 - PendingVehiclesPanel - INFO - 🗑️ Cleared 1 existing items
2025-06-02 21:36:21,426 - DataManager - INFO - Successfully loaded 62 records from data\Tharuni_Guntur_data.csv
2025-06-02 21:36:21,427 - PendingVehiclesPanel - INFO - 📊 Retrieved 62 total records from database
2025-06-02 21:36:21,427 - PendingVehiclesPanel - INFO - 📈 Summary: 0 pending, 61 complete, 62 total
2025-06-02 21:36:21,428 - PendingVehiclesPanel - INFO - ✅ Successfully refreshed pending list: 0 items displayed
2025-06-02 21:36:21,428 - DataManager - INFO - Created new daily folder: data\reports\02-06
2025-06-02 21:36:21,463 - TharuniApp - INFO - Application initialization completed successfully
2025-06-02 21:36:21,494 - TharuniApp - INFO - Auto upload queue status: 0 items queued, worker running
2025-06-02 21:36:22,426 - TharuniApp - INFO - Ensuring settings persistence...
2025-06-02 21:36:22,428 - TharuniApp - INFO - Settings persistence check completed
2025-06-02 21:36:27,601 - TharuniApp - INFO - Updating camera settings: {'front_camera_type': 'RTSP', 'front_camera_index': 0, 'front_rtsp_username': '', 'front_rtsp_password': '', 'front_rtsp_ip': '', 'front_rtsp_port': '8554', 'front_rtsp_endpoint': '/stream', 'front_http_username': '', 'front_http_password': '', 'front_http_ip': '', 'front_http_port': '80', 'front_http_endpoint': '/mjpeg', 'back_camera_type': 'USB', 'back_camera_index': 1, 'back_rtsp_username': '', 'back_rtsp_password': '', 'back_rtsp_ip': '', 'back_rtsp_port': '8555', 'back_rtsp_endpoint': '/stream', 'back_http_username': '', 'back_http_password': '', 'back_http_ip': '', 'back_http_port': '80', 'back_http_endpoint': '/mjpeg'}
2025-06-02 21:36:27,993 - TharuniApp - INFO - Camera settings saved for persistence
2025-06-02 21:36:33,397 - TharuniApp - INFO - Updating camera settings: {'front_camera_type': 'RTSP', 'front_camera_index': 0, 'front_rtsp_username': '', 'front_rtsp_password': '', 'front_rtsp_ip': '', 'front_rtsp_port': '8554', 'front_rtsp_endpoint': '/stream', 'front_http_username': '', 'front_http_password': '', 'front_http_ip': '', 'front_http_port': '80', 'front_http_endpoint': '/mjpeg', 'back_camera_type': 'RTSP', 'back_camera_index': 1, 'back_rtsp_username': '', 'back_rtsp_password': '', 'back_rtsp_ip': '', 'back_rtsp_port': '8555', 'back_rtsp_endpoint': '/stream', 'back_http_username': '', 'back_http_password': '', 'back_http_ip': '', 'back_http_port': '80', 'back_http_endpoint': '/mjpeg'}
2025-06-02 21:36:33,410 - TharuniApp - INFO - Camera settings saved for persistence
2025-06-02 21:37:04,125 - DataManager - INFO - Successfully loaded 62 records from data\Tharuni_Guntur_data.csv
2025-06-02 21:37:04,131 - DataManager - INFO - Successfully loaded 62 records from data\Tharuni_Guntur_data.csv
2025-06-02 21:37:04,134 - DataManager - INFO - Successfully loaded 62 records from data\Tharuni_Guntur_data.csv
2025-06-02 21:37:05,152 - DataManager - INFO - Successfully loaded 62 records from data\Tharuni_Guntur_data.csv
2025-06-02 21:37:06,022 - DataManager - INFO - Successfully loaded 62 records from data\Tharuni_Guntur_data.csv
2025-06-02 21:37:06,024 - DataManager - INFO - Successfully loaded 62 records from data\Tharuni_Guntur_data.csv
2025-06-02 21:37:08,238 - DataManager - INFO - Successfully loaded 62 records from data\Tharuni_Guntur_data.csv
2025-06-02 21:37:08,239 - DataManager - INFO - Successfully loaded 62 records from data\Tharuni_Guntur_data.csv
2025-06-02 21:37:09,636 - DataManager - INFO - Successfully loaded 62 records from data\Tharuni_Guntur_data.csv
2025-06-02 21:37:09,637 - DataManager - INFO - Successfully loaded 62 records from data\Tharuni_Guntur_data.csv
2025-06-02 21:37:11,355 - MainForm - INFO - Save button clicked!
2025-06-02 21:37:11,355 - MainForm - INFO - Calling save callback...
2025-06-02 21:37:11,356 - TharuniApp - INFO - ==================================================
2025-06-02 21:37:11,356 - TharuniApp - INFO - SAVE RECORD OPERATION STARTED
2025-06-02 21:37:11,357 - FormValidator - INFO - Starting comprehensive form validation
2025-06-02 21:37:11,357 - FormValidator - INFO - Validating basic fields
2025-06-02 21:37:11,358 - FormValidator - INFO - Field values: ticket='T0061', vehicle='TS07US0707', agency='Tharuni'
2025-06-02 21:37:11,358 - FormValidator - INFO - Basic validation passed
2025-06-02 21:37:11,359 - FormValidator - INFO - Validating weighment data
2025-06-02 21:37:11,359 - FormValidator - INFO - Weighment data: first_weight='36210.00', first_timestamp='02-06-2025 21:37:06', second_weight='8030.00', second_timestamp='02-06-2025 21:37:08'
2025-06-02 21:37:11,360 - FormValidator - INFO - Weighment validation passed
2025-06-02 21:37:11,360 - FormValidator - INFO - Validating images for second weighment
2025-06-02 21:37:11,361 - FormValidator - INFO - Images validation for second: front=False, back=False
2025-06-02 21:37:12,687 - DataManager - INFO - Successfully loaded 62 records from data\Tharuni_Guntur_data.csv
2025-06-02 21:37:12,688 - DataManager - INFO - Successfully loaded 62 records from data\Tharuni_Guntur_data.csv
2025-06-02 21:37:12,693 - FormValidator - INFO - User chose to continue without images
2025-06-02 21:37:12,693 - FormValidator - INFO - Form validation passed successfully
2025-06-02 21:37:12,694 - TharuniApp - INFO - Saving record for ticket: T0061
2025-06-02 21:37:12,695 - TharuniApp - INFO - Current weighment state: second
2025-06-02 21:37:12,697 - DataManager - INFO - Successfully loaded 62 records from data\Tharuni_Guntur_data.csv
2025-06-02 21:37:12,698 - DataManager - INFO - Filtered 62 records to 1 using filter: 't0061'
2025-06-02 21:37:12,699 - TharuniApp - INFO - Ticket T0061 exists in database: True
2025-06-02 21:37:12,700 - TharuniApp - INFO - Save scenario: complete_second_weighment
2025-06-02 21:37:12,701 - TharuniApp - INFO - Should increment ticket: False
2025-06-02 21:37:12,701 - DataManager - INFO - ==================================================
2025-06-02 21:37:12,702 - DataManager - INFO - STARTING OFFLINE-FIRST RECORD SAVE WITH JSON BACKUP
2025-06-02 21:37:12,702 - DataManager - INFO - Input data keys: ['date', 'time', 'site_name', 'agency_name', 'material', 'ticket_no', 'vehicle_no', 'transfer_party_name', 'first_weight', 'first_timestamp', 'second_weight', 'second_timestamp', 'net_weight', 'material_type', 'first_front_image', 'first_back_image', 'second_front_image', 'second_back_image', 'site_incharge', 'user_name']
2025-06-02 21:37:12,702 - DataManager - INFO - Net weight calculated: 36210.0 - 8030.0 = 28180.00
2025-06-02 21:37:12,703 - DataManager - INFO - Using data file: data\Tharuni_Guntur_data.csv
2025-06-02 21:37:12,703 - DataManager - INFO - Successfully loaded 62 records from data\Tharuni_Guntur_data.csv
2025-06-02 21:37:12,704 - DataManager - INFO - Filtered 62 records to 1 using filter: 't0061'
2025-06-02 21:37:12,704 - DataManager - INFO - Updating existing record: T0061
2025-06-02 21:37:12,704 - DataManager - INFO - Updating record T0061 in data\Tharuni_Guntur_data.csv
2025-06-02 21:37:12,705 - DataManager - INFO - Read 62 records from CSV
2025-06-02 21:37:12,705 - DataManager - INFO - Found record to update at index 61
2025-06-02 21:37:12,706 - DataManager - INFO - Updated record data: ['02-06-2025', '21:37:12', 'Guntur', 'Tharuni', 'Inert', 'T0061', 'TS07US0707', 'Jindal', '36210.00', '02-06-2025 21:37:06', '8030.00', '02-06-2025 21:37:08', '28180.00', 'Inert', '', '', '', '', '', 'admin']
2025-06-02 21:37:12,708 - DataManager - INFO - ✅ Record T0061 updated in data\Tharuni_Guntur_data.csv
2025-06-02 21:37:12,710 - DataManager - INFO - ✅ Record T0061 saved to local CSV successfully
2025-06-02 21:37:12,710 - DataManager - INFO - Record completion status: True
2025-06-02 21:37:12,711 - DataManager - INFO - Complete record detected - saving JSON backup locally...
2025-06-02 21:37:12,711 - DataManager - INFO - Created new daily JSON folder: data\json_backups\2025-06-02
2025-06-02 21:37:12,714 - DataManager - INFO - ✅ JSON backup saved: data\json_backups\2025-06-02\T0061_Tharuni_Guntur_213712.json
2025-06-02 21:37:12,714 - DataManager - INFO - ✅ JSON backup saved locally for T0061
2025-06-02 21:37:12,715 - DataManager - INFO - Complete record detected for ticket T0061 - generating PDF locally...
2025-06-02 21:37:12,715 - DataManager - INFO - Today's reports folder ensured: data\reports\2025-06-02
2025-06-02 21:37:12,716 - DataManager - INFO - Reports will be saved to: data\reports\2025-06-02
2025-06-02 21:37:12,716 - DataManager - INFO - Today's reports folder ensured: data\reports\2025-06-02
2025-06-02 21:37:12,719 - DataManager - INFO - SIMPLE TEST - Net display: '28180.00 kg'
2025-06-02 21:37:12,719 - DataManager - INFO - Building PDF document: data\reports\2025-06-02\Tharuni_Guntur_T0061_TS07US0707_213712.pdf
2025-06-02 21:37:12,733 - DataManager - INFO - PDF created successfully: data\reports\2025-06-02\Tharuni_Guntur_T0061_TS07US0707_213712.pdf (2963 bytes)
2025-06-02 21:37:12,733 - DataManager - INFO - Auto-generated PDF: data\reports\2025-06-02\Tharuni_Guntur_T0061_TS07US0707_213712.pdf
2025-06-02 21:37:12,733 - DataManager - INFO - PDF saved to today's reports folder: data\reports\2025-06-02
2025-06-02 21:37:12,734 - DataManager - INFO - ✅ PDF auto-generated locally: data\reports\2025-06-02\Tharuni_Guntur_T0061_TS07US0707_213712.pdf
2025-06-02 21:37:12,734 - DataManager - INFO - Adding complete record files to auto upload queue...
2025-06-02 21:37:12,735 - AutoUploadQueue - INFO - Added to upload queue: json - T0061_Tharuni_Guntur_213712.json
2025-06-02 21:37:12,736 - AutoUploadQueue - INFO - Added to upload queue: pdf - Tharuni_Guntur_T0061_TS07US0707_213712.pdf
2025-06-02 21:37:12,737 - AutoUploadQueue - INFO - Queued 2 files for ticket T0061
2025-06-02 21:37:12,737 - DataManager - INFO - ✅ Added 2 files to auto upload queue
2025-06-02 21:37:13,799 - DataManager - INFO - Successfully loaded 62 records from data\Tharuni_Guntur_data.csv
2025-06-02 21:37:13,800 - DataManager - INFO - Successfully loaded 62 records from data\Tharuni_Guntur_data.csv
2025-06-02 21:37:13,805 - DataManager - INFO - ✅ OFFLINE-FIRST SAVE COMPLETED - Local CSV, JSON backup, PDF generated, and files queued for auto upload
2025-06-02 21:37:13,805 - DataManager - INFO - 📂 PDF saved to today's reports folder: data\reports\2025-06-02
2025-06-02 21:37:13,831 - DataManager - INFO - 🔄 Auto upload queue: 2 items pending
2025-06-02 21:37:13,833 - DataManager - INFO - 💡 Cloud upload will happen automatically when internet is available
2025-06-02 21:37:13,833 - DataManager - INFO - ==================================================
2025-06-02 21:37:13,834 - TharuniApp - INFO - ✅ Record T0061 saved successfully
2025-06-02 21:37:13,834 - TharuniApp - INFO - ✅ Completed both weighments for T0061
2025-06-02 21:37:13,835 - PendingVehiclesPanel - INFO - Attempting to remove ticket T0061 from pending list
2025-06-02 21:37:13,835 - PendingVehiclesPanel - WARNING - Ticket T0061 not found in pending list for removal
2025-06-02 21:37:13,836 - PendingVehiclesPanel - INFO - 🔄 Refreshing pending vehicles list
2025-06-02 21:37:13,836 - PendingVehiclesPanel - INFO - 🗑️ Cleared 1 existing items
2025-06-02 21:37:13,837 - DataManager - INFO - Successfully loaded 62 records from data\Tharuni_Guntur_data.csv
2025-06-02 21:37:13,838 - PendingVehiclesPanel - INFO - 📊 Retrieved 62 total records from database
2025-06-02 21:37:13,838 - PendingVehiclesPanel - INFO - 📈 Summary: 0 pending, 61 complete, 62 total
2025-06-02 21:37:13,839 - PendingVehiclesPanel - INFO - ✅ Successfully refreshed pending list: 0 items displayed
2025-06-02 21:37:13,839 - TharuniApp - INFO - Removed T0061 from pending vehicles list
2025-06-02 21:37:13,842 - MainForm - INFO - Preparing form for new ticket
2025-06-02 21:37:13,846 - MainForm - INFO - Form data cleared (ticket number preserved)
2025-06-02 21:37:13,848 - MainForm - INFO - Form prepared for new ticket
2025-06-02 21:37:21,430 - PendingVehiclesPanel - INFO - 🔄 Refreshing pending vehicles list
2025-06-02 21:37:21,432 - PendingVehiclesPanel - INFO - 🗑️ Cleared 1 existing items
2025-06-02 21:37:21,434 - DataManager - INFO - Successfully loaded 62 records from data\Tharuni_Guntur_data.csv
2025-06-02 21:37:21,435 - PendingVehiclesPanel - INFO - 📊 Retrieved 62 total records from database
2025-06-02 21:37:21,437 - PendingVehiclesPanel - INFO - 📈 Summary: 0 pending, 61 complete, 62 total
2025-06-02 21:37:21,438 - PendingVehiclesPanel - INFO - ✅ Successfully refreshed pending list: 0 items displayed
2025-06-02 21:37:21,440 - DataManager - INFO - Created new daily folder: data\reports\02-06
2025-06-02 21:37:24,179 - DataManager - INFO - Successfully loaded 62 records from data\Tharuni_Guntur_data.csv
2025-06-02 21:37:24,180 - DataManager - INFO - Successfully loaded 62 records from data\Tharuni_Guntur_data.csv
2025-06-02 21:37:24,189 - DataManager - INFO - Successfully loaded 62 records from data\Tharuni_Guntur_data.csv
2025-06-02 21:37:24,189 - DataManager - INFO - Returning all 62 records (no filter)
2025-06-02 21:37:24,191 - PendingVehiclesPanel - INFO - 🔄 Refreshing pending vehicles list
2025-06-02 21:37:24,191 - PendingVehiclesPanel - INFO - 🗑️ Cleared 1 existing items
2025-06-02 21:37:24,194 - DataManager - INFO - Successfully loaded 62 records from data\Tharuni_Guntur_data.csv
2025-06-02 21:37:24,195 - PendingVehiclesPanel - INFO - 📊 Retrieved 62 total records from database
2025-06-02 21:37:24,195 - PendingVehiclesPanel - INFO - 📈 Summary: 0 pending, 61 complete, 62 total
2025-06-02 21:37:24,196 - PendingVehiclesPanel - INFO - ✅ Successfully refreshed pending list: 0 items displayed
2025-06-02 21:37:24,197 - TharuniApp - INFO - SAVE RECORD OPERATION COMPLETED SUCCESSFULLY
2025-06-02 21:37:24,198 - TharuniApp - INFO - ==================================================
2025-06-02 21:37:27,958 - AutoUploadQueue - INFO - Internet available, processing upload queue...
2025-06-02 21:37:28,477 - DataManager - INFO - Cloud storage initialized on demand
2025-06-02 21:37:28,871 - AutoUploadQueue - INFO - ✅ Uploaded JSON: T0061_Tharuni_Guntur_213712.json
2025-06-02 21:37:28,871 - AutoUploadQueue - INFO - Successfully uploaded: T0061_Tharuni_Guntur_213712.json
2025-06-02 21:37:29,229 - AutoUploadQueue - INFO - ✅ Uploaded PDF: Tharuni_Guntur_T0061_TS07US0707_213712.pdf
2025-06-02 21:37:29,229 - AutoUploadQueue - INFO - Successfully uploaded: Tharuni_Guntur_T0061_TS07US0707_213712.pdf
2025-06-02 21:37:29,231 - AutoUploadQueue - INFO - Upload batch completed: 2 uploaded, 0 failed
2025-06-02 21:37:29,231 - AutoUploadQueue - INFO - ✅ Upload batch: 2 files uploaded successfully
2025-06-02 21:38:21,442 - PendingVehiclesPanel - INFO - 🔄 Refreshing pending vehicles list
2025-06-02 21:38:21,443 - PendingVehiclesPanel - INFO - 🗑️ Cleared 1 existing items
2025-06-02 21:38:21,447 - DataManager - INFO - Successfully loaded 62 records from data\Tharuni_Guntur_data.csv
2025-06-02 21:38:21,448 - PendingVehiclesPanel - INFO - 📊 Retrieved 62 total records from database
2025-06-02 21:38:21,449 - PendingVehiclesPanel - INFO - 📈 Summary: 0 pending, 61 complete, 62 total
2025-06-02 21:38:21,450 - PendingVehiclesPanel - INFO - ✅ Successfully refreshed pending list: 0 items displayed
2025-06-02 21:39:21,464 - PendingVehiclesPanel - INFO - 🔄 Refreshing pending vehicles list
2025-06-02 21:39:21,465 - PendingVehiclesPanel - INFO - 🗑️ Cleared 1 existing items
2025-06-02 21:39:21,469 - DataManager - INFO - Successfully loaded 62 records from data\Tharuni_Guntur_data.csv
2025-06-02 21:39:21,470 - PendingVehiclesPanel - INFO - 📊 Retrieved 62 total records from database
2025-06-02 21:39:21,471 - PendingVehiclesPanel - INFO - 📈 Summary: 0 pending, 61 complete, 62 total
2025-06-02 21:39:21,474 - PendingVehiclesPanel - INFO - ✅ Successfully refreshed pending list: 0 items displayed
2025-06-02 21:40:21,487 - PendingVehiclesPanel - INFO - 🔄 Refreshing pending vehicles list
2025-06-02 21:40:21,487 - PendingVehiclesPanel - INFO - 🗑️ Cleared 1 existing items
2025-06-02 21:40:21,489 - DataManager - INFO - Successfully loaded 62 records from data\Tharuni_Guntur_data.csv
2025-06-02 21:40:21,490 - PendingVehiclesPanel - INFO - 📊 Retrieved 62 total records from database
2025-06-02 21:40:21,491 - PendingVehiclesPanel - INFO - 📈 Summary: 0 pending, 61 complete, 62 total
2025-06-02 21:40:21,491 - PendingVehiclesPanel - INFO - ✅ Successfully refreshed pending list: 0 items displayed
2025-06-02 21:41:21,494 - PendingVehiclesPanel - INFO - 🔄 Refreshing pending vehicles list
2025-06-02 21:41:21,495 - PendingVehiclesPanel - INFO - 🗑️ Cleared 1 existing items
2025-06-02 21:41:21,497 - DataManager - INFO - Successfully loaded 62 records from data\Tharuni_Guntur_data.csv
2025-06-02 21:41:21,498 - PendingVehiclesPanel - INFO - 📊 Retrieved 62 total records from database
2025-06-02 21:41:21,499 - PendingVehiclesPanel - INFO - 📈 Summary: 0 pending, 61 complete, 62 total
2025-06-02 21:41:21,499 - PendingVehiclesPanel - INFO - ✅ Successfully refreshed pending list: 0 items displayed
2025-06-02 21:42:21,501 - PendingVehiclesPanel - INFO - 🔄 Refreshing pending vehicles list
2025-06-02 21:42:21,503 - PendingVehiclesPanel - INFO - 🗑️ Cleared 1 existing items
2025-06-02 21:42:21,506 - DataManager - INFO - Successfully loaded 62 records from data\Tharuni_Guntur_data.csv
2025-06-02 21:42:21,507 - PendingVehiclesPanel - INFO - 📊 Retrieved 62 total records from database
2025-06-02 21:42:21,509 - PendingVehiclesPanel - INFO - 📈 Summary: 0 pending, 61 complete, 62 total
2025-06-02 21:42:21,511 - PendingVehiclesPanel - INFO - ✅ Successfully refreshed pending list: 0 items displayed
2025-06-02 21:43:21,535 - PendingVehiclesPanel - INFO - 🔄 Refreshing pending vehicles list
2025-06-02 21:43:21,536 - PendingVehiclesPanel - INFO - 🗑️ Cleared 1 existing items
2025-06-02 21:43:21,537 - DataManager - INFO - Successfully loaded 62 records from data\Tharuni_Guntur_data.csv
2025-06-02 21:43:21,538 - PendingVehiclesPanel - INFO - 📊 Retrieved 62 total records from database
2025-06-02 21:43:21,538 - PendingVehiclesPanel - INFO - 📈 Summary: 0 pending, 61 complete, 62 total
2025-06-02 21:43:21,539 - PendingVehiclesPanel - INFO - ✅ Successfully refreshed pending list: 0 items displayed
2025-06-02 21:44:21,540 - PendingVehiclesPanel - INFO - 🔄 Refreshing pending vehicles list
2025-06-02 21:44:21,541 - PendingVehiclesPanel - INFO - 🗑️ Cleared 1 existing items
2025-06-02 21:44:21,543 - DataManager - INFO - Successfully loaded 62 records from data\Tharuni_Guntur_data.csv
2025-06-02 21:44:21,543 - PendingVehiclesPanel - INFO - 📊 Retrieved 62 total records from database
2025-06-02 21:44:21,544 - PendingVehiclesPanel - INFO - 📈 Summary: 0 pending, 61 complete, 62 total
2025-06-02 21:44:21,545 - PendingVehiclesPanel - INFO - ✅ Successfully refreshed pending list: 0 items displayed
2025-06-02 21:45:21,555 - PendingVehiclesPanel - INFO - 🔄 Refreshing pending vehicles list
2025-06-02 21:45:21,556 - PendingVehiclesPanel - INFO - 🗑️ Cleared 1 existing items
2025-06-02 21:45:21,559 - DataManager - INFO - Successfully loaded 62 records from data\Tharuni_Guntur_data.csv
2025-06-02 21:45:21,560 - PendingVehiclesPanel - INFO - 📊 Retrieved 62 total records from database
2025-06-02 21:45:21,561 - PendingVehiclesPanel - INFO - 📈 Summary: 0 pending, 61 complete, 62 total
2025-06-02 21:45:21,563 - PendingVehiclesPanel - INFO - ✅ Successfully refreshed pending list: 0 items displayed
2025-06-02 21:46:21,566 - PendingVehiclesPanel - INFO - 🔄 Refreshing pending vehicles list
2025-06-02 21:46:21,566 - PendingVehiclesPanel - INFO - 🗑️ Cleared 1 existing items
2025-06-02 21:46:21,568 - DataManager - INFO - Successfully loaded 62 records from data\Tharuni_Guntur_data.csv
2025-06-02 21:46:21,569 - PendingVehiclesPanel - INFO - 📊 Retrieved 62 total records from database
2025-06-02 21:46:21,569 - PendingVehiclesPanel - INFO - 📈 Summary: 0 pending, 61 complete, 62 total
2025-06-02 21:46:21,570 - PendingVehiclesPanel - INFO - ✅ Successfully refreshed pending list: 0 items displayed
2025-06-02 21:47:21,582 - PendingVehiclesPanel - INFO - 🔄 Refreshing pending vehicles list
2025-06-02 21:47:21,582 - PendingVehiclesPanel - INFO - 🗑️ Cleared 1 existing items
2025-06-02 21:47:21,583 - DataManager - INFO - Successfully loaded 62 records from data\Tharuni_Guntur_data.csv
2025-06-02 21:47:21,583 - PendingVehiclesPanel - INFO - 📊 Retrieved 62 total records from database
2025-06-02 21:47:21,584 - PendingVehiclesPanel - INFO - 📈 Summary: 0 pending, 61 complete, 62 total
2025-06-02 21:47:21,584 - PendingVehiclesPanel - INFO - ✅ Successfully refreshed pending list: 0 items displayed
2025-06-02 21:48:21,587 - PendingVehiclesPanel - INFO - 🔄 Refreshing pending vehicles list
2025-06-02 21:48:21,587 - PendingVehiclesPanel - INFO - 🗑️ Cleared 1 existing items
2025-06-02 21:48:21,588 - DataManager - INFO - Successfully loaded 62 records from data\Tharuni_Guntur_data.csv
2025-06-02 21:48:21,589 - PendingVehiclesPanel - INFO - 📊 Retrieved 62 total records from database
2025-06-02 21:48:21,589 - PendingVehiclesPanel - INFO - 📈 Summary: 0 pending, 61 complete, 62 total
2025-06-02 21:48:21,589 - PendingVehiclesPanel - INFO - ✅ Successfully refreshed pending list: 0 items displayed
2025-06-02 21:49:08,228 - TharuniApp - INFO - ============================================================
2025-06-02 21:49:08,228 - TharuniApp - INFO - APPLICATION STARTUP WITH AUTO UPLOAD QUEUE
2025-06-02 21:49:08,228 - TharuniApp - INFO - ============================================================
2025-06-02 21:49:08,231 - TharuniApp - INFO - Configuration setup completed
2025-06-02 21:49:08,232 - DataManager - INFO - DataManager initialized with OFFLINE-FIRST approach + AUTO UPLOAD QUEUE
2025-06-02 21:49:08,232 - DataManager - INFO - CSV structure is up to date
2025-06-02 21:49:08,233 - DataManager - INFO - Daily PDF folder structure ready:
2025-06-02 21:49:08,233 - DataManager - INFO -   Base reports folder: data\reports
2025-06-02 21:49:08,233 - DataManager - INFO -   Today's folder: data\reports\2025-06-02
2025-06-02 21:49:08,234 - DataManager - INFO - Data file: data\weighbridge_data.csv
2025-06-02 21:49:08,234 - DataManager - INFO - Reports folder: data\reports
2025-06-02 21:49:08,235 - DataManager - INFO - JSON backup folder: data\json_backups
2025-06-02 21:49:08,235 - DataManager - INFO - PDF folder: data\reports\2025-06-02
2025-06-02 21:49:08,235 - DataManager - INFO - Cloud storage will only be initialized when backup is requested
2025-06-02 21:49:08,245 - AutoUploadQueue - INFO - Loaded 0 items from queue
2025-06-02 21:49:08,246 - AutoUploadQueue - INFO - Upload worker started
2025-06-02 21:49:08,246 - AutoUploadQueue - INFO - Background upload worker started
2025-06-02 21:49:08,246 - AutoUploadQueue - INFO - AutoUploadQueue initialized
2025-06-02 21:49:08,246 - DataManager - INFO - ✅ Auto upload queue initialized
2025-06-02 21:49:08,247 - TharuniApp - INFO - Data manager with auto upload queue initialized
2025-06-02 21:49:08,249 - TharuniApp - INFO - Settings storage initialized
2025-06-02 21:49:08,251 - TharuniApp - INFO - UI styles initialized
2025-06-02 21:49:08,252 - TharuniApp - INFO - Starting user authentication
2025-06-02 21:49:10,937 - TharuniApp - INFO - Authentication successful: admin
2025-06-02 21:49:10,938 - TharuniApp - INFO - User logged in: admin (Role: admin)
2025-06-02 21:49:10,939 - TharuniApp - INFO - Setting up data context
2025-06-02 21:49:10,940 - DataManager - INFO - CSV structure is up to date
2025-06-02 21:49:10,941 - DataManager - INFO - Data context set to: Agency='Tharuni', Site='Guntur'
2025-06-02 21:49:10,941 - DataManager - INFO - Data file: data\Tharuni_Guntur_data.csv
2025-06-02 21:49:10,941 - TharuniApp - INFO - Data context initialized: Agency='Tharuni', Site='Guntur'
2025-06-02 21:49:10,941 - TharuniApp - INFO - Data will be saved to: data\Tharuni_Guntur_data.csv
2025-06-02 21:49:10,942 - TharuniApp - INFO - PDFs will be saved to: data\reports\2025-06-02
2025-06-02 21:49:10,942 - TharuniApp - INFO - Creating application widgets
2025-06-02 21:49:10,954 - TharuniApp - INFO - Creating main panel with scrollable support
2025-06-02 21:49:10,958 - MainForm - INFO - MainForm initialization started
2025-06-02 21:49:10,958 - MainForm - INFO - Initializing form variables
2025-06-02 21:49:10,960 - MainForm - INFO - ✅ Form initialized with reserved ticket: T0061
2025-06-02 21:49:10,960 - MainForm - INFO - ✅ Weight variable traces set up for auto net weight calculation
2025-06-02 21:49:10,960 - MainForm - INFO - Form variables initialized successfully
2025-06-02 21:49:10,961 - FormValidator - INFO - FormValidator initialized
2025-06-02 21:49:10,961 - MainForm - INFO - Helper components initialized successfully
2025-06-02 21:49:10,961 - MainForm - INFO - Creating main form UI
2025-06-02 21:49:10,967 - DataManager - INFO - Successfully loaded 62 records from data\Tharuni_Guntur_data.csv
2025-06-02 21:49:11,267 - MainForm - INFO - Main form UI created successfully
2025-06-02 21:49:11,267 - MainForm - INFO - Creating cameras panel
2025-06-02 21:49:19,610 - MainForm - INFO - Front camera created successfully
2025-06-02 21:49:29,618 - MainForm - INFO - Back camera created successfully
2025-06-02 21:49:30,028 - MainForm - INFO - Cameras panel created successfully
2025-06-02 21:49:30,028 - MainForm - INFO - UI elements created successfully
2025-06-02 21:49:30,030 - DataManager - INFO - Successfully loaded 62 records from data\Tharuni_Guntur_data.csv
2025-06-02 21:49:30,030 - MainForm - INFO - Vehicle autocomplete initialized
2025-06-02 21:49:30,031 - TharuniApp - INFO - Main form created in scrollable frame
2025-06-02 21:49:30,033 - DataManager - INFO - CSV structure is up to date
2025-06-02 21:49:30,034 - DataManager - INFO - Data context set to: Agency='Tharuni', Site='Guntur'
2025-06-02 21:49:30,034 - DataManager - INFO - Data file: data\Tharuni_Guntur_data.csv
2025-06-02 21:49:30,034 - MainForm - INFO - Updated data context: Tharuni_Guntur
2025-06-02 21:49:30,036 - DataManager - INFO - CSV structure is up to date
2025-06-02 21:49:30,036 - DataManager - INFO - Data context set to: Agency='Tharuni', Site='Guntur'
2025-06-02 21:49:30,036 - DataManager - INFO - Data file: data\Tharuni_Guntur_data.csv
2025-06-02 21:49:30,037 - MainForm - INFO - Updated data context: Tharuni_Guntur
2025-06-02 21:49:30,038 - DataManager - INFO - CSV structure is up to date
2025-06-02 21:49:30,038 - DataManager - INFO - Data context set to: Agency='Tharuni', Site='Guntur'
2025-06-02 21:49:30,039 - DataManager - INFO - Data file: data\Tharuni_Guntur_data.csv
2025-06-02 21:49:30,039 - MainForm - INFO - Updated data context: Tharuni_Guntur
2025-06-02 21:49:30,040 - PendingVehiclesPanel - INFO - PendingVehiclesPanel initialized
2025-06-02 21:49:30,048 - PendingVehiclesPanel - INFO - 🔄 Refreshing pending vehicles list
2025-06-02 21:49:30,049 - PendingVehiclesPanel - INFO - 🗑️ Cleared 0 existing items
2025-06-02 21:49:30,050 - DataManager - INFO - Successfully loaded 62 records from data\Tharuni_Guntur_data.csv
2025-06-02 21:49:30,051 - PendingVehiclesPanel - INFO - 📊 Retrieved 62 total records from database
2025-06-02 21:49:30,051 - PendingVehiclesPanel - INFO - 📈 Summary: 0 pending, 61 complete, 62 total
2025-06-02 21:49:30,052 - PendingVehiclesPanel - INFO - ✅ Successfully refreshed pending list: 0 items displayed
2025-06-02 21:49:30,053 - TharuniApp - INFO - Pending vehicles panel created
2025-06-02 21:49:30,287 - TharuniApp - INFO - Main panel creation completed with scrollable support
2025-06-02 21:49:30,321 - TharuniApp - INFO - Summary panel created
2025-06-02 21:49:30,607 - DataManager - INFO - DataManager initialized with OFFLINE-FIRST approach + AUTO UPLOAD QUEUE
2025-06-02 21:49:30,607 - DataManager - INFO - CSV structure is up to date
2025-06-02 21:49:30,608 - DataManager - INFO - Daily PDF folder structure ready:
2025-06-02 21:49:30,609 - DataManager - INFO -   Base reports folder: data\reports
2025-06-02 21:49:30,609 - DataManager - INFO -   Today's folder: data\reports\2025-06-02
2025-06-02 21:49:30,610 - DataManager - INFO - Data file: data\Tharuni_Guntur_data.csv
2025-06-02 21:49:30,610 - DataManager - INFO - Reports folder: data\reports
2025-06-02 21:49:30,611 - DataManager - INFO - JSON backup folder: data\json_backups
2025-06-02 21:49:30,611 - DataManager - INFO - PDF folder: data\reports\2025-06-02
2025-06-02 21:49:30,612 - DataManager - INFO - Cloud storage will only be initialized when backup is requested
2025-06-02 21:49:30,612 - AutoUploadQueue - INFO - Loaded 0 items from queue
2025-06-02 21:49:30,613 - AutoUploadQueue - INFO - Upload worker started
2025-06-02 21:49:30,613 - AutoUploadQueue - INFO - Background upload worker started
2025-06-02 21:49:30,615 - AutoUploadQueue - INFO - AutoUploadQueue initialized
2025-06-02 21:49:30,615 - DataManager - INFO - ✅ Auto upload queue initialized
2025-06-02 21:49:30,737 - DataManager - INFO - DataManager initialized with OFFLINE-FIRST approach + AUTO UPLOAD QUEUE
2025-06-02 21:49:30,738 - DataManager - INFO - CSV structure is up to date
2025-06-02 21:49:30,739 - DataManager - INFO - Daily PDF folder structure ready:
2025-06-02 21:49:30,740 - DataManager - INFO -   Base reports folder: data\reports
2025-06-02 21:49:30,740 - DataManager - INFO -   Today's folder: data\reports\2025-06-02
2025-06-02 21:49:30,741 - DataManager - INFO - Data file: data\Tharuni_Guntur_data.csv
2025-06-02 21:49:30,741 - DataManager - INFO - Reports folder: data\reports
2025-06-02 21:49:30,741 - DataManager - INFO - JSON backup folder: data\json_backups
2025-06-02 21:49:30,742 - DataManager - INFO - PDF folder: data\reports\2025-06-02
2025-06-02 21:49:30,742 - DataManager - INFO - Cloud storage will only be initialized when backup is requested
2025-06-02 21:49:30,743 - AutoUploadQueue - INFO - Loaded 0 items from queue
2025-06-02 21:49:30,744 - AutoUploadQueue - INFO - Upload worker started
2025-06-02 21:49:30,744 - AutoUploadQueue - INFO - Background upload worker started
2025-06-02 21:49:30,745 - AutoUploadQueue - INFO - AutoUploadQueue initialized
2025-06-02 21:49:30,745 - DataManager - INFO - ✅ Auto upload queue initialized
2025-06-02 21:49:31,052 - TharuniApp - INFO - ✅ Data manager references set in settings panel
2025-06-02 21:49:31,052 - TharuniApp - INFO -    - settings_panel.app_data_manager: True
2025-06-02 21:49:31,052 - TharuniApp - INFO -    - settings_panel.data_manager: True
2025-06-02 21:49:31,053 - TharuniApp - INFO -    - settings_tab.data_manager: True
2025-06-02 21:49:31,053 - TharuniApp - INFO - Widget creation completed successfully
2025-06-02 21:49:31,054 - PendingVehiclesPanel - INFO - 🔄 Refreshing pending vehicles list
2025-06-02 21:49:31,054 - PendingVehiclesPanel - INFO - 🗑️ Cleared 1 existing items
2025-06-02 21:49:31,056 - DataManager - INFO - Successfully loaded 62 records from data\Tharuni_Guntur_data.csv
2025-06-02 21:49:31,056 - PendingVehiclesPanel - INFO - 📊 Retrieved 62 total records from database
2025-06-02 21:49:31,057 - PendingVehiclesPanel - INFO - 📈 Summary: 0 pending, 61 complete, 62 total
2025-06-02 21:49:31,057 - PendingVehiclesPanel - INFO - ✅ Successfully refreshed pending list: 0 items displayed
2025-06-02 21:49:31,058 - DataManager - INFO - Created new daily folder: data\reports\02-06
2025-06-02 21:49:31,076 - TharuniApp - INFO - Application initialization completed successfully
2025-06-02 21:49:31,096 - TharuniApp - INFO - Auto upload queue status: 0 items queued, worker running
2025-06-02 21:49:32,065 - TharuniApp - INFO - Ensuring settings persistence...
2025-06-02 21:49:32,069 - TharuniApp - INFO - Settings persistence check completed
2025-06-02 21:49:37,750 - DataManager - INFO - Successfully loaded 62 records from data\Tharuni_Guntur_data.csv
2025-06-02 21:49:37,770 - DataManager - INFO - Successfully loaded 62 records from data\Tharuni_Guntur_data.csv
2025-06-02 21:49:37,771 - DataManager - INFO - Successfully loaded 62 records from data\Tharuni_Guntur_data.csv
2025-06-02 21:49:38,307 - DataManager - INFO - Successfully loaded 62 records from data\Tharuni_Guntur_data.csv
2025-06-02 21:49:38,308 - DataManager - INFO - Successfully loaded 62 records from data\Tharuni_Guntur_data.csv
2025-06-02 21:49:39,307 - DataManager - INFO - Successfully loaded 62 records from data\Tharuni_Guntur_data.csv
2025-06-02 21:49:40,549 - DataManager - INFO - Successfully loaded 62 records from data\Tharuni_Guntur_data.csv
2025-06-02 21:49:40,552 - DataManager - INFO - Successfully loaded 62 records from data\Tharuni_Guntur_data.csv
2025-06-02 21:49:40,893 - DataManager - INFO - Successfully loaded 62 records from data\Tharuni_Guntur_data.csv
2025-06-02 21:49:41,505 - DataManager - INFO - Successfully loaded 62 records from data\Tharuni_Guntur_data.csv
2025-06-02 21:49:41,506 - DataManager - INFO - Successfully loaded 62 records from data\Tharuni_Guntur_data.csv
2025-06-02 21:49:43,187 - DataManager - INFO - Successfully loaded 62 records from data\Tharuni_Guntur_data.csv
2025-06-02 21:49:44,172 - DataManager - INFO - Successfully loaded 62 records from data\Tharuni_Guntur_data.csv
2025-06-02 21:49:45,082 - DataManager - INFO - Successfully loaded 62 records from data\Tharuni_Guntur_data.csv
2025-06-02 21:49:45,083 - DataManager - INFO - Successfully loaded 62 records from data\Tharuni_Guntur_data.csv
2025-06-02 21:49:47,672 - DataManager - INFO - Successfully loaded 62 records from data\Tharuni_Guntur_data.csv
2025-06-02 21:49:47,674 - DataManager - INFO - Successfully loaded 62 records from data\Tharuni_Guntur_data.csv
2025-06-02 21:49:49,965 - DataManager - INFO - Successfully loaded 62 records from data\Tharuni_Guntur_data.csv
2025-06-02 21:49:49,966 - DataManager - INFO - Successfully loaded 62 records from data\Tharuni_Guntur_data.csv
2025-06-02 21:49:52,966 - MainForm - INFO - Save button clicked!
2025-06-02 21:49:52,969 - MainForm - INFO - Calling save callback...
2025-06-02 21:49:52,969 - MainForm - ERROR - Error in save callback: TharuniApp.save_record() missing 1 required positional argument: 'data_manager'
2025-06-02 21:49:59,831 - DataManager - INFO - Successfully loaded 62 records from data\Tharuni_Guntur_data.csv
2025-06-02 21:49:59,832 - DataManager - INFO - Successfully loaded 62 records from data\Tharuni_Guntur_data.csv
2025-06-02 21:50:02,324 - MainForm - INFO - Save button clicked!
2025-06-02 21:50:02,324 - MainForm - INFO - Calling save callback...
2025-06-02 21:50:02,325 - MainForm - ERROR - Error in save callback: TharuniApp.save_record() missing 1 required positional argument: 'data_manager'
2025-06-02 21:50:03,770 - DataManager - INFO - Successfully loaded 62 records from data\Tharuni_Guntur_data.csv
2025-06-02 21:50:03,771 - DataManager - INFO - Successfully loaded 62 records from data\Tharuni_Guntur_data.csv
2025-06-02 21:50:22,083 - TharuniApp - INFO - Application closing - saving settings...
2025-06-02 21:50:22,088 - TharuniApp - INFO - Updating camera settings: {'front_camera_type': 'RTSP', 'front_camera_index': 0, 'front_rtsp_username': '', 'front_rtsp_password': '', 'front_rtsp_ip': '', 'front_rtsp_port': '8554', 'front_rtsp_endpoint': '/stream', 'front_http_username': '', 'front_http_password': '', 'front_http_ip': '', 'front_http_port': '80', 'front_http_endpoint': '/mjpeg', 'back_camera_type': 'RTSP', 'back_camera_index': 1, 'back_rtsp_username': '', 'back_rtsp_password': '', 'back_rtsp_ip': '', 'back_rtsp_port': '8555', 'back_rtsp_endpoint': '/stream', 'back_http_username': '', 'back_http_password': '', 'back_http_ip': '', 'back_http_port': '80', 'back_http_endpoint': '/mjpeg'}
2025-06-02 21:50:22,431 - TharuniApp - INFO - Camera settings saved for persistence
2025-06-02 21:50:22,433 - MainForm - INFO - MainForm cleanup completed
2025-06-02 21:50:22,433 - TharuniApp - INFO - ============================================================
2025-06-02 21:50:22,433 - TharuniApp - INFO - APPLICATION SHUTDOWN COMPLETED
2025-06-02 21:50:22,433 - TharuniApp - INFO - ============================================================
2025-06-02 21:57:45,827 - TharuniApp - INFO - ============================================================
2025-06-02 21:57:45,831 - TharuniApp - INFO - APPLICATION STARTUP WITH AUTO UPLOAD QUEUE
2025-06-02 21:57:45,831 - TharuniApp - INFO - ============================================================
2025-06-02 21:57:45,835 - TharuniApp - INFO - Configuration setup completed
2025-06-02 21:57:45,836 - DataManager - INFO - DataManager initialized with OFFLINE-FIRST approach + AUTO UPLOAD QUEUE
2025-06-02 21:57:45,838 - DataManager - INFO - CSV structure is up to date
2025-06-02 21:57:45,838 - DataManager - INFO - Daily PDF folder structure ready:
2025-06-02 21:57:45,838 - DataManager - INFO -   Base reports folder: data\reports
2025-06-02 21:57:45,839 - DataManager - INFO -   Today's folder: data\reports\2025-06-02
2025-06-02 21:57:45,839 - DataManager - INFO - Data file: data\weighbridge_data.csv
2025-06-02 21:57:45,839 - DataManager - INFO - Reports folder: data\reports
2025-06-02 21:57:45,839 - DataManager - INFO - JSON backup folder: data\json_backups
2025-06-02 21:57:45,839 - DataManager - INFO - PDF folder: data\reports\2025-06-02
2025-06-02 21:57:45,840 - DataManager - INFO - Cloud storage will only be initialized when backup is requested
2025-06-02 21:57:45,841 - AutoUploadQueue - INFO - Loaded 0 items from queue
2025-06-02 21:57:45,841 - AutoUploadQueue - INFO - Upload worker started
2025-06-02 21:57:45,842 - AutoUploadQueue - INFO - Background upload worker started
2025-06-02 21:57:45,842 - AutoUploadQueue - INFO - AutoUploadQueue initialized
2025-06-02 21:57:45,842 - DataManager - INFO - ✅ Auto upload queue initialized
2025-06-02 21:57:45,842 - TharuniApp - INFO - Data manager with auto upload queue initialized
2025-06-02 21:57:45,846 - TharuniApp - INFO - Settings storage initialized
2025-06-02 21:57:45,848 - TharuniApp - INFO - UI styles initialized
2025-06-02 21:57:45,853 - TharuniApp - INFO - Starting user authentication
2025-06-02 21:57:50,685 - TharuniApp - INFO - Authentication successful: admin
2025-06-02 21:57:50,685 - TharuniApp - INFO - User logged in: admin (Role: admin)
2025-06-02 21:57:50,685 - TharuniApp - INFO - Setting up data context
2025-06-02 21:57:50,686 - DataManager - INFO - CSV structure is up to date
2025-06-02 21:57:50,686 - DataManager - INFO - Data context set to: Agency='Tharuni', Site='Guntur'
2025-06-02 21:57:50,686 - DataManager - INFO - Data file: data\Tharuni_Guntur_data.csv
2025-06-02 21:57:50,687 - TharuniApp - INFO - Data context initialized: Agency='Tharuni', Site='Guntur'
2025-06-02 21:57:50,687 - TharuniApp - INFO - Data will be saved to: data\Tharuni_Guntur_data.csv
2025-06-02 21:57:50,687 - TharuniApp - INFO - PDFs will be saved to: data\reports\2025-06-02
2025-06-02 21:57:50,687 - TharuniApp - INFO - Creating application widgets
2025-06-02 21:57:50,700 - TharuniApp - INFO - Creating main panel with scrollable support
2025-06-02 21:57:50,706 - TharuniApp - ERROR - Error creating main panel: MainForm.__init__() missing 1 required positional argument: 'parent'
2025-06-02 21:57:50,707 - TharuniApp - ERROR - Error creating widgets: MainForm.__init__() missing 1 required positional argument: 'parent'
2025-06-02 21:57:50,707 - TharuniApp - ERROR - Critical error during application initialization: MainForm.__init__() missing 1 required positional argument: 'parent'
2025-06-02 23:12:28,458 - TharuniApp - INFO - ============================================================
2025-06-02 23:12:28,459 - TharuniApp - INFO - APPLICATION STARTUP
2025-06-02 23:12:28,459 - TharuniApp - INFO - ============================================================
2025-06-02 23:12:28,472 - TharuniApp - INFO - Configuration setup completed
2025-06-02 23:12:28,474 - DataManager - INFO - DataManager initialized with OFFLINE-FIRST approach + JSON local storage
2025-06-02 23:12:28,485 - DataManager - INFO - CSV structure is up to date
2025-06-02 23:12:28,486 - DataManager - INFO - Daily PDF folder structure ready:
2025-06-02 23:12:28,486 - DataManager - INFO -   Base reports folder: data\reports
2025-06-02 23:12:28,487 - DataManager - INFO -   Today's folder: data\reports\2025-06-02
2025-06-02 23:12:28,497 - DataManager - INFO - Data file: data\weighbridge_data.csv
2025-06-02 23:12:28,498 - DataManager - INFO - Reports folder: data\reports
2025-06-02 23:12:28,498 - DataManager - INFO - JSON backup folder: data\json_backups
2025-06-02 23:12:28,498 - DataManager - INFO - PDF folder: data\reports\2025-06-02
2025-06-02 23:12:28,499 - DataManager - INFO - Cloud storage will only be initialized when backup is requested
2025-06-02 23:12:28,499 - TharuniApp - INFO - Data manager initialized
2025-06-02 23:12:28,520 - TharuniApp - INFO - Settings storage initialized
2025-06-02 23:12:28,537 - TharuniApp - INFO - UI styles initialized
2025-06-02 23:12:28,537 - TharuniApp - INFO - Starting user authentication
2025-06-02 23:13:07,610 - TharuniApp - INFO - Authentication successful: admin
2025-06-02 23:13:07,611 - TharuniApp - INFO - User logged in: admin (Role: admin)
2025-06-02 23:13:07,611 - TharuniApp - INFO - Setting up data context
2025-06-02 23:13:07,613 - DataManager - INFO - CSV structure is up to date
2025-06-02 23:13:07,613 - DataManager - INFO - Data context set to: Agency='Tharuni', Site='Guntur'
2025-06-02 23:13:07,613 - DataManager - INFO - Data file: data\Tharuni_Guntur_data.csv
2025-06-02 23:13:07,613 - TharuniApp - INFO - Data context initialized: Agency='Tharuni', Site='Guntur'
2025-06-02 23:13:07,613 - TharuniApp - INFO - Data will be saved to: data\Tharuni_Guntur_data.csv
2025-06-02 23:13:07,613 - TharuniApp - INFO - PDFs will be saved to: data\reports\2025-06-02
2025-06-02 23:13:07,614 - TharuniApp - INFO - Creating application widgets
2025-06-02 23:13:07,632 - TharuniApp - INFO - Creating main panel
2025-06-02 23:13:07,638 - FormValidator - INFO - FormValidator initialized
2025-06-02 23:13:07,646 - DataManager - INFO - Successfully loaded 0 records from data\Tharuni_Guntur_data.csv
2025-06-02 23:13:16,272 - DataManager - INFO - Successfully loaded 0 records from data\Tharuni_Guntur_data.csv
2025-06-02 23:13:16,272 - TharuniApp - INFO - Main form created
2025-06-02 23:13:16,274 - DataManager - INFO - CSV structure is up to date
2025-06-02 23:13:16,274 - DataManager - INFO - Data context set to: Agency='Tharuni', Site='Guntur'
2025-06-02 23:13:16,275 - DataManager - INFO - Data file: data\Tharuni_Guntur_data.csv
2025-06-02 23:13:16,275 - DataManager - INFO - CSV structure is up to date
2025-06-02 23:13:16,276 - DataManager - INFO - Data context set to: Agency='Tharuni', Site='Guntur'
2025-06-02 23:13:16,276 - DataManager - INFO - Data file: data\Tharuni_Guntur_data.csv
2025-06-02 23:13:16,276 - DataManager - INFO - CSV structure is up to date
2025-06-02 23:13:16,277 - DataManager - INFO - Data context set to: Agency='Tharuni', Site='Guntur'
2025-06-02 23:13:16,277 - DataManager - INFO - Data file: data\Tharuni_Guntur_data.csv
2025-06-02 23:13:16,277 - PendingVehiclesPanel - INFO - PendingVehiclesPanel initialized
2025-06-02 23:13:16,283 - PendingVehiclesPanel - INFO - Refreshing pending vehicles list
2025-06-02 23:13:16,284 - DataManager - INFO - Successfully loaded 0 records from data\Tharuni_Guntur_data.csv
2025-06-02 23:13:16,284 - PendingVehiclesPanel - INFO - Retrieved 0 total records
2025-06-02 23:13:16,285 - PendingVehiclesPanel - INFO - Found 0 pending records
2025-06-02 23:13:16,285 - PendingVehiclesPanel - INFO - Successfully refreshed pending list with 0 items
2025-06-02 23:13:16,286 - TharuniApp - INFO - Pending vehicles panel created
2025-06-02 23:13:16,483 - TharuniApp - INFO - Main panel creation completed
2025-06-02 23:13:16,490 - TharuniApp - INFO - Summary panel created
2025-06-02 23:13:16,653 - TharuniApp - INFO - ✅ Data manager reference set in settings panel
2025-06-02 23:13:16,654 - TharuniApp - INFO - Widget creation completed successfully
2025-06-02 23:13:16,654 - PendingVehiclesPanel - INFO - Refreshing pending vehicles list
2025-06-02 23:13:16,656 - DataManager - INFO - Successfully loaded 0 records from data\Tharuni_Guntur_data.csv
2025-06-02 23:13:16,656 - PendingVehiclesPanel - INFO - Retrieved 0 total records
2025-06-02 23:13:16,656 - PendingVehiclesPanel - INFO - Found 0 pending records
2025-06-02 23:13:16,657 - PendingVehiclesPanel - INFO - Successfully refreshed pending list with 0 items
2025-06-02 23:13:16,657 - DataManager - INFO - Created new daily folder: data\reports\02-06
2025-06-02 23:13:16,658 - TharuniApp - INFO - Application initialization completed successfully
2025-06-02 23:13:17,654 - TharuniApp - INFO - Ensuring settings persistence...
2025-06-02 23:13:17,658 - TharuniApp - INFO - Settings persistence check completed
2025-06-02 23:14:16,665 - PendingVehiclesPanel - INFO - Refreshing pending vehicles list
2025-06-02 23:14:16,666 - DataManager - INFO - Successfully loaded 0 records from data\Tharuni_Guntur_data.csv
2025-06-02 23:14:16,667 - PendingVehiclesPanel - INFO - Retrieved 0 total records
2025-06-02 23:14:16,667 - PendingVehiclesPanel - INFO - Found 0 pending records
2025-06-02 23:14:16,667 - PendingVehiclesPanel - INFO - Successfully refreshed pending list with 0 items
2025-06-02 23:15:16,674 - PendingVehiclesPanel - INFO - Refreshing pending vehicles list
2025-06-02 23:15:16,677 - DataManager - INFO - Successfully loaded 0 records from data\Tharuni_Guntur_data.csv
2025-06-02 23:15:16,678 - PendingVehiclesPanel - INFO - Retrieved 0 total records
2025-06-02 23:15:16,679 - PendingVehiclesPanel - INFO - Found 0 pending records
2025-06-02 23:15:16,680 - PendingVehiclesPanel - INFO - Successfully refreshed pending list with 0 items
2025-06-02 23:16:16,691 - PendingVehiclesPanel - INFO - Refreshing pending vehicles list
2025-06-02 23:16:16,693 - DataManager - INFO - Successfully loaded 0 records from data\Tharuni_Guntur_data.csv
2025-06-02 23:16:16,693 - PendingVehiclesPanel - INFO - Retrieved 0 total records
2025-06-02 23:16:16,694 - PendingVehiclesPanel - INFO - Found 0 pending records
2025-06-02 23:16:16,695 - PendingVehiclesPanel - INFO - Successfully refreshed pending list with 0 items
2025-06-02 23:17:16,707 - PendingVehiclesPanel - INFO - Refreshing pending vehicles list
2025-06-02 23:17:16,709 - DataManager - INFO - Successfully loaded 0 records from data\Tharuni_Guntur_data.csv
2025-06-02 23:17:16,710 - PendingVehiclesPanel - INFO - Retrieved 0 total records
2025-06-02 23:17:16,710 - PendingVehiclesPanel - INFO - Found 0 pending records
2025-06-02 23:17:16,710 - PendingVehiclesPanel - INFO - Successfully refreshed pending list with 0 items
2025-06-02 23:18:16,714 - PendingVehiclesPanel - INFO - Refreshing pending vehicles list
2025-06-02 23:18:16,715 - DataManager - INFO - Successfully loaded 0 records from data\Tharuni_Guntur_data.csv
2025-06-02 23:18:16,716 - PendingVehiclesPanel - INFO - Retrieved 0 total records
2025-06-02 23:18:16,716 - PendingVehiclesPanel - INFO - Found 0 pending records
2025-06-02 23:18:16,716 - PendingVehiclesPanel - INFO - Successfully refreshed pending list with 0 items
2025-06-02 23:18:27,128 - TharuniApp - INFO - ============================================================
2025-06-02 23:18:27,129 - TharuniApp - INFO - APPLICATION STARTUP
2025-06-02 23:18:27,129 - TharuniApp - INFO - ============================================================
2025-06-02 23:18:27,132 - TharuniApp - INFO - Configuration setup completed
2025-06-02 23:18:27,133 - DataManager - INFO - DataManager initialized with OFFLINE-FIRST approach + JSON local storage
2025-06-02 23:18:27,134 - DataManager - INFO - CSV structure is up to date
2025-06-02 23:18:27,134 - DataManager - INFO - Daily PDF folder structure ready:
2025-06-02 23:18:27,135 - DataManager - INFO -   Base reports folder: data\reports
2025-06-02 23:18:27,135 - DataManager - INFO -   Today's folder: data\reports\2025-06-02
2025-06-02 23:18:27,136 - DataManager - INFO - Data file: data\weighbridge_data.csv
2025-06-02 23:18:27,136 - DataManager - INFO - Reports folder: data\reports
2025-06-02 23:18:27,136 - DataManager - INFO - JSON backup folder: data\json_backups
2025-06-02 23:18:27,137 - DataManager - INFO - PDF folder: data\reports\2025-06-02
2025-06-02 23:18:27,137 - DataManager - INFO - Cloud storage will only be initialized when backup is requested
2025-06-02 23:18:27,137 - TharuniApp - INFO - Data manager initialized
2025-06-02 23:18:27,139 - TharuniApp - INFO - Settings storage initialized
2025-06-02 23:18:27,142 - TharuniApp - INFO - UI styles initialized
2025-06-02 23:18:27,142 - TharuniApp - INFO - Starting user authentication
2025-06-02 23:18:29,846 - TharuniApp - INFO - Authentication successful: admin
2025-06-02 23:18:29,847 - TharuniApp - INFO - User logged in: admin (Role: admin)
2025-06-02 23:18:29,848 - TharuniApp - INFO - Setting up data context
2025-06-02 23:18:29,850 - DataManager - INFO - CSV structure is up to date
2025-06-02 23:18:29,851 - DataManager - INFO - Data context set to: Agency='Tharuni', Site='Guntur'
2025-06-02 23:18:29,851 - DataManager - INFO - Data file: data\Tharuni_Guntur_data.csv
2025-06-02 23:18:29,851 - TharuniApp - INFO - Data context initialized: Agency='Tharuni', Site='Guntur'
2025-06-02 23:18:29,851 - TharuniApp - INFO - Data will be saved to: data\Tharuni_Guntur_data.csv
2025-06-02 23:18:29,852 - TharuniApp - INFO - PDFs will be saved to: data\reports\2025-06-02
2025-06-02 23:18:29,852 - TharuniApp - INFO - Creating application widgets
2025-06-02 23:18:29,862 - TharuniApp - INFO - Creating main panel
2025-06-02 23:18:29,867 - FormValidator - INFO - FormValidator initialized
2025-06-02 23:18:29,875 - DataManager - INFO - Successfully loaded 0 records from data\Tharuni_Guntur_data.csv
2025-06-02 23:18:38,521 - DataManager - INFO - Successfully loaded 0 records from data\Tharuni_Guntur_data.csv
2025-06-02 23:18:38,521 - TharuniApp - INFO - Main form created
2025-06-02 23:18:38,523 - DataManager - INFO - CSV structure is up to date
2025-06-02 23:18:38,524 - DataManager - INFO - Data context set to: Agency='Tharuni', Site='Guntur'
2025-06-02 23:18:38,524 - DataManager - INFO - Data file: data\Tharuni_Guntur_data.csv
2025-06-02 23:18:38,525 - DataManager - INFO - CSV structure is up to date
2025-06-02 23:18:38,525 - DataManager - INFO - Data context set to: Agency='Tharuni', Site='Guntur'
2025-06-02 23:18:38,525 - DataManager - INFO - Data file: data\Tharuni_Guntur_data.csv
2025-06-02 23:18:38,526 - DataManager - INFO - CSV structure is up to date
2025-06-02 23:18:38,527 - DataManager - INFO - Data context set to: Agency='Tharuni', Site='Guntur'
2025-06-02 23:18:38,527 - DataManager - INFO - Data file: data\Tharuni_Guntur_data.csv
2025-06-02 23:18:38,528 - PendingVehiclesPanel - INFO - PendingVehiclesPanel initialized
2025-06-02 23:18:38,536 - PendingVehiclesPanel - INFO - Refreshing pending vehicles list
2025-06-02 23:18:38,537 - DataManager - INFO - Successfully loaded 0 records from data\Tharuni_Guntur_data.csv
2025-06-02 23:18:38,537 - PendingVehiclesPanel - INFO - Retrieved 0 total records
2025-06-02 23:18:38,537 - PendingVehiclesPanel - INFO - Found 0 pending records
2025-06-02 23:18:38,538 - PendingVehiclesPanel - INFO - Successfully refreshed pending list with 0 items
2025-06-02 23:18:38,538 - TharuniApp - INFO - Pending vehicles panel created
2025-06-02 23:18:38,830 - TharuniApp - INFO - Main panel creation completed
2025-06-02 23:18:38,840 - TharuniApp - INFO - Summary panel created
2025-06-02 23:18:39,071 - TharuniApp - INFO - ✅ Data manager reference set in settings panel
2025-06-02 23:18:39,072 - TharuniApp - INFO - Widget creation completed successfully
2025-06-02 23:18:39,075 - PendingVehiclesPanel - INFO - Refreshing pending vehicles list
2025-06-02 23:18:39,076 - DataManager - INFO - Successfully loaded 0 records from data\Tharuni_Guntur_data.csv
2025-06-02 23:18:39,076 - PendingVehiclesPanel - INFO - Retrieved 0 total records
2025-06-02 23:18:39,077 - PendingVehiclesPanel - INFO - Found 0 pending records
2025-06-02 23:18:39,078 - PendingVehiclesPanel - INFO - Successfully refreshed pending list with 0 items
2025-06-02 23:18:39,078 - DataManager - INFO - Created new daily folder: data\reports\02-06
2025-06-02 23:18:39,079 - TharuniApp - INFO - Application initialization completed successfully
2025-06-02 23:18:40,073 - TharuniApp - INFO - Ensuring settings persistence...
2025-06-02 23:18:40,078 - TharuniApp - INFO - Settings persistence check completed
2025-06-02 23:19:39,080 - PendingVehiclesPanel - INFO - Refreshing pending vehicles list
2025-06-02 23:19:39,081 - DataManager - INFO - Successfully loaded 0 records from data\Tharuni_Guntur_data.csv
2025-06-02 23:19:39,081 - PendingVehiclesPanel - INFO - Retrieved 0 total records
2025-06-02 23:19:39,082 - PendingVehiclesPanel - INFO - Found 0 pending records
2025-06-02 23:19:39,082 - PendingVehiclesPanel - INFO - Successfully refreshed pending list with 0 items
2025-06-02 23:19:41,082 - TharuniApp - INFO - Application closing - saving settings...
2025-06-02 23:19:41,098 - TharuniApp - INFO - Updating camera settings: {'front_camera_type': 'USB', 'front_camera_index': 0, 'front_rtsp_username': '', 'front_rtsp_password': '', 'front_rtsp_ip': '', 'front_rtsp_port': '554', 'front_rtsp_endpoint': '/stream1', 'front_http_username': '', 'front_http_password': '', 'front_http_ip': '', 'front_http_port': '80', 'front_http_endpoint': '/mjpeg', 'back_camera_type': 'USB', 'back_camera_index': 1, 'back_rtsp_username': '', 'back_rtsp_password': '', 'back_rtsp_ip': '', 'back_rtsp_port': '554', 'back_rtsp_endpoint': '/stream1', 'back_http_username': '', 'back_http_password': '', 'back_http_ip': '', 'back_http_port': '80', 'back_http_endpoint': '/mjpeg'}
2025-06-02 23:19:41,418 - TharuniApp - INFO - Camera settings saved for persistence
2025-06-02 23:19:41,419 - TharuniApp - INFO - ============================================================
2025-06-02 23:19:41,420 - TharuniApp - INFO - APPLICATION SHUTDOWN COMPLETED
2025-06-02 23:19:41,420 - TharuniApp - INFO - ============================================================
2025-06-02 23:22:03,292 - TharuniApp - INFO - ============================================================
2025-06-02 23:22:03,292 - TharuniApp - INFO - APPLICATION STARTUP
2025-06-02 23:22:03,292 - TharuniApp - INFO - ============================================================
2025-06-02 23:22:03,303 - TharuniApp - INFO - Configuration setup completed
2025-06-02 23:22:03,304 - DataManager - INFO - DataManager initialized with OFFLINE-FIRST approach + JSON local storage
2025-06-02 23:22:03,312 - DataManager - INFO - CSV structure is up to date
2025-06-02 23:22:03,313 - DataManager - INFO - Daily PDF folder structure ready:
2025-06-02 23:22:03,313 - DataManager - INFO -   Base reports folder: data\reports
2025-06-02 23:22:03,314 - DataManager - INFO -   Today's folder: data\reports\2025-06-02
2025-06-02 23:22:03,323 - DataManager - INFO - Data file: data\weighbridge_data.csv
2025-06-02 23:22:03,324 - DataManager - INFO - Reports folder: data\reports
2025-06-02 23:22:03,324 - DataManager - INFO - JSON backup folder: data\json_backups
2025-06-02 23:22:03,324 - DataManager - INFO - PDF folder: data\reports\2025-06-02
2025-06-02 23:22:03,324 - DataManager - INFO - Cloud storage will only be initialized when backup is requested
2025-06-02 23:22:03,325 - TharuniApp - INFO - Data manager initialized
2025-06-02 23:22:03,343 - TharuniApp - INFO - Settings storage initialized
2025-06-02 23:22:03,346 - TharuniApp - INFO - UI styles initialized
2025-06-02 23:22:03,346 - TharuniApp - INFO - Starting user authentication
2025-06-02 23:22:07,036 - TharuniApp - INFO - Authentication successful: admin
2025-06-02 23:22:07,037 - TharuniApp - INFO - User logged in: admin (Role: admin)
2025-06-02 23:22:07,037 - TharuniApp - INFO - Setting up data context
2025-06-02 23:22:07,039 - DataManager - INFO - CSV structure is up to date
2025-06-02 23:22:07,039 - DataManager - INFO - Data context set to: Agency='Tharuni', Site='Guntur'
2025-06-02 23:22:07,039 - DataManager - INFO - Data file: data\Tharuni_Guntur_data.csv
2025-06-02 23:22:07,039 - TharuniApp - INFO - Data context initialized: Agency='Tharuni', Site='Guntur'
2025-06-02 23:22:07,040 - TharuniApp - INFO - Data will be saved to: data\Tharuni_Guntur_data.csv
2025-06-02 23:22:07,040 - TharuniApp - INFO - PDFs will be saved to: data\reports\2025-06-02
2025-06-02 23:22:07,040 - TharuniApp - INFO - Creating application widgets
2025-06-02 23:22:07,046 - TharuniApp - INFO - Creating main panel
2025-06-02 23:22:07,052 - FormValidator - INFO - FormValidator initialized
2025-06-02 23:22:07,061 - DataManager - INFO - Successfully loaded 0 records from data\Tharuni_Guntur_data.csv
2025-06-02 23:22:15,383 - DataManager - INFO - Successfully loaded 0 records from data\Tharuni_Guntur_data.csv
2025-06-02 23:22:15,384 - TharuniApp - INFO - Main form created
2025-06-02 23:22:15,385 - DataManager - INFO - CSV structure is up to date
2025-06-02 23:22:15,386 - DataManager - INFO - Data context set to: Agency='Tharuni', Site='Guntur'
2025-06-02 23:22:15,386 - DataManager - INFO - Data file: data\Tharuni_Guntur_data.csv
2025-06-02 23:22:15,387 - DataManager - INFO - CSV structure is up to date
2025-06-02 23:22:15,387 - DataManager - INFO - Data context set to: Agency='Tharuni', Site='Guntur'
2025-06-02 23:22:15,387 - DataManager - INFO - Data file: data\Tharuni_Guntur_data.csv
2025-06-02 23:22:15,387 - DataManager - INFO - CSV structure is up to date
2025-06-02 23:22:15,388 - DataManager - INFO - Data context set to: Agency='Tharuni', Site='Guntur'
2025-06-02 23:22:15,388 - DataManager - INFO - Data file: data\Tharuni_Guntur_data.csv
2025-06-02 23:22:15,388 - PendingVehiclesPanel - INFO - PendingVehiclesPanel initialized
2025-06-02 23:22:15,394 - PendingVehiclesPanel - INFO - Refreshing pending vehicles list
2025-06-02 23:22:15,395 - DataManager - INFO - Successfully loaded 0 records from data\Tharuni_Guntur_data.csv
2025-06-02 23:22:15,395 - PendingVehiclesPanel - INFO - Retrieved 0 total records
2025-06-02 23:22:15,395 - PendingVehiclesPanel - INFO - Found 0 pending records
2025-06-02 23:22:15,396 - PendingVehiclesPanel - INFO - Successfully refreshed pending list with 0 items
2025-06-02 23:22:15,396 - TharuniApp - INFO - Pending vehicles panel created
2025-06-02 23:22:15,590 - TharuniApp - INFO - Main panel creation completed
2025-06-02 23:22:15,596 - TharuniApp - INFO - Summary panel created
2025-06-02 23:22:15,749 - TharuniApp - INFO - ✅ Data manager reference set in settings panel
2025-06-02 23:22:15,749 - TharuniApp - INFO - Widget creation completed successfully
2025-06-02 23:22:15,751 - PendingVehiclesPanel - INFO - Refreshing pending vehicles list
2025-06-02 23:22:15,752 - DataManager - INFO - Successfully loaded 0 records from data\Tharuni_Guntur_data.csv
2025-06-02 23:22:15,752 - PendingVehiclesPanel - INFO - Retrieved 0 total records
2025-06-02 23:22:15,752 - PendingVehiclesPanel - INFO - Found 0 pending records
2025-06-02 23:22:15,752 - PendingVehiclesPanel - INFO - Successfully refreshed pending list with 0 items
2025-06-02 23:22:15,753 - DataManager - INFO - Created new daily folder: data\reports\02-06
2025-06-02 23:22:15,753 - TharuniApp - INFO - Application initialization completed successfully
2025-06-02 23:22:16,749 - TharuniApp - INFO - Ensuring settings persistence...
2025-06-02 23:22:16,758 - TharuniApp - INFO - Settings persistence check completed
2025-06-02 23:23:15,761 - PendingVehiclesPanel - INFO - Refreshing pending vehicles list
2025-06-02 23:23:15,762 - DataManager - INFO - Successfully loaded 0 records from data\Tharuni_Guntur_data.csv
2025-06-02 23:23:15,763 - PendingVehiclesPanel - INFO - Retrieved 0 total records
2025-06-02 23:23:15,763 - PendingVehiclesPanel - INFO - Found 0 pending records
2025-06-02 23:23:15,763 - PendingVehiclesPanel - INFO - Successfully refreshed pending list with 0 items
2025-06-02 23:23:39,040 - TharuniApp - INFO - Application closing - saving settings...
2025-06-02 23:23:39,052 - TharuniApp - INFO - Updating camera settings: {'front_camera_type': 'USB', 'front_camera_index': 0, 'front_rtsp_username': '', 'front_rtsp_password': '', 'front_rtsp_ip': '', 'front_rtsp_port': '554', 'front_rtsp_endpoint': '/stream1', 'front_http_username': '', 'front_http_password': '', 'front_http_ip': '', 'front_http_port': '80', 'front_http_endpoint': '/mjpeg', 'back_camera_type': 'USB', 'back_camera_index': 1, 'back_rtsp_username': '', 'back_rtsp_password': '', 'back_rtsp_ip': '', 'back_rtsp_port': '554', 'back_rtsp_endpoint': '/stream1', 'back_http_username': '', 'back_http_password': '', 'back_http_ip': '', 'back_http_port': '80', 'back_http_endpoint': '/mjpeg'}
2025-06-02 23:23:39,383 - TharuniApp - INFO - Camera settings saved for persistence
2025-06-02 23:23:39,386 - TharuniApp - INFO - ============================================================
2025-06-02 23:23:39,386 - TharuniApp - INFO - APPLICATION SHUTDOWN COMPLETED
2025-06-02 23:23:39,386 - TharuniApp - INFO - ============================================================
2025-06-02 23:23:51,667 - TharuniApp - INFO - ============================================================
2025-06-02 23:23:51,667 - TharuniApp - INFO - APPLICATION STARTUP
2025-06-02 23:23:51,667 - TharuniApp - INFO - ============================================================
2025-06-02 23:23:51,671 - TharuniApp - INFO - Configuration setup completed
2025-06-02 23:23:51,672 - DataManager - INFO - DataManager initialized with OFFLINE-FIRST approach + JSON local storage
2025-06-02 23:23:51,673 - DataManager - INFO - CSV structure is up to date
2025-06-02 23:23:51,674 - DataManager - INFO - Daily PDF folder structure ready:
2025-06-02 23:23:51,674 - DataManager - INFO -   Base reports folder: data\reports
2025-06-02 23:23:51,674 - DataManager - INFO -   Today's folder: data\reports\2025-06-02
2025-06-02 23:23:51,675 - DataManager - INFO - Data file: data\weighbridge_data.csv
2025-06-02 23:23:51,675 - DataManager - INFO - Reports folder: data\reports
2025-06-02 23:23:51,675 - DataManager - INFO - JSON backup folder: data\json_backups
2025-06-02 23:23:51,676 - DataManager - INFO - PDF folder: data\reports\2025-06-02
2025-06-02 23:23:51,676 - DataManager - INFO - Cloud storage will only be initialized when backup is requested
2025-06-02 23:23:51,676 - TharuniApp - INFO - Data manager initialized
2025-06-02 23:23:51,679 - TharuniApp - INFO - Settings storage initialized
2025-06-02 23:23:51,682 - TharuniApp - INFO - UI styles initialized
2025-06-02 23:23:51,683 - TharuniApp - INFO - Starting user authentication
2025-06-02 23:23:55,508 - TharuniApp - INFO - Authentication successful: admin
2025-06-02 23:23:55,509 - TharuniApp - INFO - User logged in: admin (Role: admin)
2025-06-02 23:23:55,509 - TharuniApp - INFO - Setting up data context
2025-06-02 23:23:55,509 - DataManager - INFO - CSV structure is up to date
2025-06-02 23:23:55,510 - DataManager - INFO - Data context set to: Agency='Tharuni', Site='Guntur'
2025-06-02 23:23:55,510 - DataManager - INFO - Data file: data\Tharuni_Guntur_data.csv
2025-06-02 23:23:55,510 - TharuniApp - INFO - Data context initialized: Agency='Tharuni', Site='Guntur'
2025-06-02 23:23:55,510 - TharuniApp - INFO - Data will be saved to: data\Tharuni_Guntur_data.csv
2025-06-02 23:23:55,510 - TharuniApp - INFO - PDFs will be saved to: data\reports\2025-06-02
2025-06-02 23:23:55,511 - TharuniApp - INFO - Creating application widgets
2025-06-02 23:23:55,520 - TharuniApp - INFO - Creating main panel
2025-06-02 23:23:55,524 - FormValidator - INFO - FormValidator initialized
2025-06-02 23:23:55,533 - DataManager - INFO - Successfully loaded 0 records from data\Tharuni_Guntur_data.csv
2025-06-02 23:24:06,056 - DataManager - INFO - Successfully loaded 0 records from data\Tharuni_Guntur_data.csv
2025-06-02 23:24:06,057 - TharuniApp - INFO - Main form created
2025-06-02 23:24:06,058 - DataManager - INFO - CSV structure is up to date
2025-06-02 23:24:06,059 - DataManager - INFO - Data context set to: Agency='Tharuni', Site='Guntur'
2025-06-02 23:24:06,059 - DataManager - INFO - Data file: data\Tharuni_Guntur_data.csv
2025-06-02 23:24:06,060 - DataManager - INFO - CSV structure is up to date
2025-06-02 23:24:06,060 - DataManager - INFO - Data context set to: Agency='Tharuni', Site='Guntur'
2025-06-02 23:24:06,060 - DataManager - INFO - Data file: data\Tharuni_Guntur_data.csv
2025-06-02 23:24:06,061 - DataManager - INFO - CSV structure is up to date
2025-06-02 23:24:06,061 - DataManager - INFO - Data context set to: Agency='Tharuni', Site='Guntur'
2025-06-02 23:24:06,062 - DataManager - INFO - Data file: data\Tharuni_Guntur_data.csv
2025-06-02 23:24:06,062 - PendingVehiclesPanel - INFO - PendingVehiclesPanel initialized
2025-06-02 23:24:06,070 - PendingVehiclesPanel - INFO - Refreshing pending vehicles list
2025-06-02 23:24:06,071 - DataManager - INFO - Successfully loaded 0 records from data\Tharuni_Guntur_data.csv
2025-06-02 23:24:06,071 - PendingVehiclesPanel - INFO - Retrieved 0 total records
2025-06-02 23:24:06,071 - PendingVehiclesPanel - INFO - Found 0 pending records
2025-06-02 23:24:06,072 - PendingVehiclesPanel - INFO - Successfully refreshed pending list with 0 items
2025-06-02 23:24:06,072 - TharuniApp - INFO - Pending vehicles panel created
2025-06-02 23:24:06,378 - TharuniApp - INFO - Main panel creation completed
2025-06-02 23:24:06,387 - TharuniApp - INFO - Summary panel created
2025-06-02 23:24:06,624 - TharuniApp - INFO - ✅ Data manager reference set in settings panel
2025-06-02 23:24:06,625 - TharuniApp - INFO - Widget creation completed successfully
2025-06-02 23:24:06,627 - PendingVehiclesPanel - INFO - Refreshing pending vehicles list
2025-06-02 23:24:06,628 - DataManager - INFO - Successfully loaded 0 records from data\Tharuni_Guntur_data.csv
2025-06-02 23:24:06,628 - PendingVehiclesPanel - INFO - Retrieved 0 total records
2025-06-02 23:24:06,629 - PendingVehiclesPanel - INFO - Found 0 pending records
2025-06-02 23:24:06,629 - PendingVehiclesPanel - INFO - Successfully refreshed pending list with 0 items
2025-06-02 23:24:06,630 - DataManager - INFO - Created new daily folder: data\reports\02-06
2025-06-02 23:24:06,630 - TharuniApp - INFO - Application initialization completed successfully
2025-06-02 23:24:07,635 - TharuniApp - INFO - Ensuring settings persistence...
2025-06-02 23:24:07,641 - TharuniApp - INFO - Settings persistence check completed
2025-06-02 23:24:19,695 - DataManager - INFO - Successfully loaded 0 records from data\Tharuni_Guntur_data.csv
2025-06-02 23:24:19,723 - DataManager - INFO - Successfully loaded 0 records from data\Tharuni_Guntur_data.csv
2025-06-02 23:24:19,725 - DataManager - INFO - Successfully loaded 0 records from data\Tharuni_Guntur_data.csv
2025-06-02 23:24:20,381 - DataManager - INFO - Successfully loaded 0 records from data\Tharuni_Guntur_data.csv
2025-06-02 23:24:20,382 - DataManager - INFO - Successfully loaded 0 records from data\Tharuni_Guntur_data.csv
2025-06-02 23:25:06,638 - PendingVehiclesPanel - INFO - Refreshing pending vehicles list
2025-06-02 23:25:06,641 - DataManager - INFO - Successfully loaded 0 records from data\Tharuni_Guntur_data.csv
2025-06-02 23:25:06,641 - PendingVehiclesPanel - INFO - Retrieved 0 total records
2025-06-02 23:25:06,642 - PendingVehiclesPanel - INFO - Found 0 pending records
2025-06-02 23:25:06,644 - PendingVehiclesPanel - INFO - Successfully refreshed pending list with 0 items
2025-06-02 23:26:06,648 - PendingVehiclesPanel - INFO - Refreshing pending vehicles list
2025-06-02 23:26:06,649 - DataManager - INFO - Successfully loaded 0 records from data\Tharuni_Guntur_data.csv
2025-06-02 23:26:06,649 - PendingVehiclesPanel - INFO - Retrieved 0 total records
2025-06-02 23:26:06,650 - PendingVehiclesPanel - INFO - Found 0 pending records
2025-06-02 23:26:06,650 - PendingVehiclesPanel - INFO - Successfully refreshed pending list with 0 items
2025-06-02 23:26:35,053 - TharuniApp - INFO - Updating camera settings: {'front_camera_type': 'USB', 'front_camera_index': 0, 'front_rtsp_username': '', 'front_rtsp_password': '', 'front_rtsp_ip': '', 'front_rtsp_port': '554', 'front_rtsp_endpoint': '/stream1', 'front_http_username': '', 'front_http_password': '', 'front_http_ip': '', 'front_http_port': '80', 'front_http_endpoint': '/mjpeg', 'back_camera_type': 'USB', 'back_camera_index': 1, 'back_rtsp_username': '', 'back_rtsp_password': '', 'back_rtsp_ip': '', 'back_rtsp_port': '554', 'back_rtsp_endpoint': '/stream1', 'back_http_username': '', 'back_http_password': '', 'back_http_ip': '', 'back_http_port': '80', 'back_http_endpoint': '/mjpeg'}
2025-06-02 23:26:35,059 - TharuniApp - INFO - Camera settings saved for persistence
2025-06-02 23:26:37,494 - TharuniApp - INFO - ============================================================
2025-06-02 23:26:37,494 - TharuniApp - INFO - APPLICATION STARTUP
2025-06-02 23:26:37,494 - TharuniApp - INFO - ============================================================
2025-06-02 23:26:37,498 - TharuniApp - INFO - Configuration setup completed
2025-06-02 23:26:37,499 - DataManager - INFO - DataManager initialized with OFFLINE-FIRST approach + JSON local storage
2025-06-02 23:26:37,499 - DataManager - INFO - CSV structure is up to date
2025-06-02 23:26:37,500 - DataManager - INFO - Daily PDF folder structure ready:
2025-06-02 23:26:37,500 - DataManager - INFO -   Base reports folder: data\reports
2025-06-02 23:26:37,500 - DataManager - INFO -   Today's folder: data\reports\2025-06-02
2025-06-02 23:26:37,500 - DataManager - INFO - Data file: data\weighbridge_data.csv
2025-06-02 23:26:37,501 - DataManager - INFO - Reports folder: data\reports
2025-06-02 23:26:37,501 - DataManager - INFO - JSON backup folder: data\json_backups
2025-06-02 23:26:37,501 - DataManager - INFO - PDF folder: data\reports\2025-06-02
2025-06-02 23:26:37,501 - DataManager - INFO - Cloud storage will only be initialized when backup is requested
2025-06-02 23:26:37,501 - TharuniApp - INFO - Data manager initialized
2025-06-02 23:26:37,503 - TharuniApp - INFO - Settings storage initialized
2025-06-02 23:26:37,506 - TharuniApp - INFO - UI styles initialized
2025-06-02 23:26:37,506 - TharuniApp - INFO - Starting user authentication
2025-06-02 23:26:40,806 - TharuniApp - INFO - ============================================================
2025-06-02 23:26:40,807 - TharuniApp - INFO - APPLICATION STARTUP
2025-06-02 23:26:40,807 - TharuniApp - INFO - ============================================================
2025-06-02 23:26:40,814 - TharuniApp - INFO - Configuration setup completed
2025-06-02 23:26:40,815 - DataManager - INFO - DataManager initialized with OFFLINE-FIRST approach + JSON local storage
2025-06-02 23:26:40,816 - DataManager - INFO - CSV structure is up to date
2025-06-02 23:26:40,817 - DataManager - INFO - Daily PDF folder structure ready:
2025-06-02 23:26:40,817 - DataManager - INFO -   Base reports folder: data\reports
2025-06-02 23:26:40,818 - DataManager - INFO -   Today's folder: data\reports\2025-06-02
2025-06-02 23:26:40,819 - DataManager - INFO - Data file: data\weighbridge_data.csv
2025-06-02 23:26:40,819 - DataManager - INFO - Reports folder: data\reports
2025-06-02 23:26:40,819 - DataManager - INFO - JSON backup folder: data\json_backups
2025-06-02 23:26:40,820 - DataManager - INFO - PDF folder: data\reports\2025-06-02
2025-06-02 23:26:40,820 - DataManager - INFO - Cloud storage will only be initialized when backup is requested
2025-06-02 23:26:40,820 - TharuniApp - INFO - Data manager initialized
2025-06-02 23:26:40,823 - TharuniApp - INFO - Settings storage initialized
2025-06-02 23:26:40,826 - TharuniApp - INFO - UI styles initialized
2025-06-02 23:26:40,826 - TharuniApp - INFO - Starting user authentication
2025-06-02 23:26:43,206 - TharuniApp - INFO - Authentication canceled - exiting application
2025-06-02 23:26:43,206 - TharuniApp - INFO - User authentication failed or canceled - exiting
2025-06-02 23:26:45,912 - TharuniApp - INFO - Authentication canceled - exiting application
2025-06-02 23:26:45,918 - TharuniApp - INFO - User authentication failed or canceled - exiting
2025-06-02 23:26:57,786 - TharuniApp - INFO - ============================================================
2025-06-02 23:26:57,787 - TharuniApp - INFO - APPLICATION STARTUP
2025-06-02 23:26:57,787 - TharuniApp - INFO - ============================================================
2025-06-02 23:26:57,790 - TharuniApp - INFO - Configuration setup completed
2025-06-02 23:26:57,791 - DataManager - INFO - DataManager initialized with OFFLINE-FIRST approach + JSON local storage
2025-06-02 23:26:57,791 - DataManager - INFO - CSV structure is up to date
2025-06-02 23:26:57,792 - DataManager - INFO - Daily PDF folder structure ready:
2025-06-02 23:26:57,792 - DataManager - INFO -   Base reports folder: data\reports
2025-06-02 23:26:57,792 - DataManager - INFO -   Today's folder: data\reports\2025-06-02
2025-06-02 23:26:57,793 - DataManager - INFO - Data file: data\weighbridge_data.csv
2025-06-02 23:26:57,793 - DataManager - INFO - Reports folder: data\reports
2025-06-02 23:26:57,793 - DataManager - INFO - JSON backup folder: data\json_backups
2025-06-02 23:26:57,793 - DataManager - INFO - PDF folder: data\reports\2025-06-02
2025-06-02 23:26:57,794 - DataManager - INFO - Cloud storage will only be initialized when backup is requested
2025-06-02 23:26:57,794 - TharuniApp - INFO - Data manager initialized
2025-06-02 23:26:57,795 - TharuniApp - INFO - Settings storage initialized
2025-06-02 23:26:57,797 - TharuniApp - INFO - UI styles initialized
2025-06-02 23:26:57,797 - TharuniApp - INFO - Starting user authentication
2025-06-02 23:27:00,980 - TharuniApp - INFO - Authentication successful: admin
2025-06-02 23:27:00,981 - TharuniApp - INFO - User logged in: admin (Role: admin)
2025-06-02 23:27:00,981 - TharuniApp - INFO - Setting up data context
2025-06-02 23:27:00,982 - DataManager - INFO - CSV structure is up to date
2025-06-02 23:27:00,982 - DataManager - INFO - Data context set to: Agency='Tharuni', Site='Guntur'
2025-06-02 23:27:00,982 - DataManager - INFO - Data file: data\Tharuni_Guntur_data.csv
2025-06-02 23:27:00,982 - TharuniApp - INFO - Data context initialized: Agency='Tharuni', Site='Guntur'
2025-06-02 23:27:00,982 - TharuniApp - INFO - Data will be saved to: data\Tharuni_Guntur_data.csv
2025-06-02 23:27:00,983 - TharuniApp - INFO - PDFs will be saved to: data\reports\2025-06-02
2025-06-02 23:27:00,983 - TharuniApp - INFO - Creating application widgets
2025-06-02 23:27:00,988 - TharuniApp - INFO - Creating main panel
2025-06-02 23:27:00,994 - FormValidator - INFO - FormValidator initialized
2025-06-02 23:27:01,004 - DataManager - INFO - Successfully loaded 0 records from data\Tharuni_Guntur_data.csv
2025-06-02 23:27:09,760 - DataManager - INFO - Successfully loaded 0 records from data\Tharuni_Guntur_data.csv
2025-06-02 23:27:09,761 - TharuniApp - INFO - Main form created
2025-06-02 23:27:09,763 - DataManager - INFO - CSV structure is up to date
2025-06-02 23:27:09,763 - DataManager - INFO - Data context set to: Agency='Tharuni', Site='Guntur'
2025-06-02 23:27:09,763 - DataManager - INFO - Data file: data\Tharuni_Guntur_data.csv
2025-06-02 23:27:09,764 - DataManager - INFO - CSV structure is up to date
2025-06-02 23:27:09,765 - DataManager - INFO - Data context set to: Agency='Tharuni', Site='Guntur'
2025-06-02 23:27:09,765 - DataManager - INFO - Data file: data\Tharuni_Guntur_data.csv
2025-06-02 23:27:09,766 - DataManager - INFO - CSV structure is up to date
2025-06-02 23:27:09,766 - DataManager - INFO - Data context set to: Agency='Tharuni', Site='Guntur'
2025-06-02 23:27:09,766 - DataManager - INFO - Data file: data\Tharuni_Guntur_data.csv
2025-06-02 23:27:09,767 - PendingVehiclesPanel - INFO - PendingVehiclesPanel initialized
2025-06-02 23:27:09,776 - PendingVehiclesPanel - INFO - Refreshing pending vehicles list
2025-06-02 23:27:09,777 - DataManager - INFO - Successfully loaded 0 records from data\Tharuni_Guntur_data.csv
2025-06-02 23:27:09,777 - PendingVehiclesPanel - INFO - Retrieved 0 total records
2025-06-02 23:27:09,778 - PendingVehiclesPanel - INFO - Found 0 pending records
2025-06-02 23:27:09,778 - PendingVehiclesPanel - INFO - Successfully refreshed pending list with 0 items
2025-06-02 23:27:09,779 - TharuniApp - INFO - Pending vehicles panel created
2025-06-02 23:27:10,005 - TharuniApp - INFO - Main panel creation completed
2025-06-02 23:27:10,013 - TharuniApp - INFO - Summary panel created
2025-06-02 23:27:10,182 - TharuniApp - INFO - ✅ Data manager reference set in settings panel
2025-06-02 23:27:10,182 - TharuniApp - INFO - Widget creation completed successfully
2025-06-02 23:27:10,183 - PendingVehiclesPanel - INFO - Refreshing pending vehicles list
2025-06-02 23:27:10,184 - DataManager - INFO - Successfully loaded 0 records from data\Tharuni_Guntur_data.csv
2025-06-02 23:27:10,185 - PendingVehiclesPanel - INFO - Retrieved 0 total records
2025-06-02 23:27:10,185 - PendingVehiclesPanel - INFO - Found 0 pending records
2025-06-02 23:27:10,185 - PendingVehiclesPanel - INFO - Successfully refreshed pending list with 0 items
2025-06-02 23:27:10,186 - DataManager - INFO - Created new daily folder: data\reports\02-06
2025-06-02 23:27:10,186 - TharuniApp - INFO - Application initialization completed successfully
2025-06-02 23:27:11,186 - TharuniApp - INFO - Ensuring settings persistence...
2025-06-02 23:27:11,189 - TharuniApp - INFO - Settings persistence check completed
2025-06-02 23:28:10,194 - PendingVehiclesPanel - INFO - Refreshing pending vehicles list
2025-06-02 23:28:10,195 - DataManager - INFO - Successfully loaded 0 records from data\Tharuni_Guntur_data.csv
2025-06-02 23:28:10,195 - PendingVehiclesPanel - INFO - Retrieved 0 total records
2025-06-02 23:28:10,196 - PendingVehiclesPanel - INFO - Found 0 pending records
2025-06-02 23:28:10,196 - PendingVehiclesPanel - INFO - Successfully refreshed pending list with 0 items
2025-06-02 23:28:38,293 - TharuniApp - INFO - Updating camera settings: {'front_camera_type': 'USB', 'front_camera_index': 0, 'front_rtsp_username': '', 'front_rtsp_password': '', 'front_rtsp_ip': '', 'front_rtsp_port': '554', 'front_rtsp_endpoint': '/stream1', 'front_http_username': '', 'front_http_password': '', 'front_http_ip': '', 'front_http_port': '80', 'front_http_endpoint': '/mjpeg', 'back_camera_type': 'USB', 'back_camera_index': 1, 'back_rtsp_username': '', 'back_rtsp_password': '', 'back_rtsp_ip': '', 'back_rtsp_port': '554', 'back_rtsp_endpoint': '/stream1', 'back_http_username': '', 'back_http_password': '', 'back_http_ip': '', 'back_http_port': '80', 'back_http_endpoint': '/mjpeg'}
2025-06-02 23:28:38,299 - TharuniApp - INFO - Camera settings saved for persistence
2025-06-02 23:28:40,958 - TharuniApp - INFO - ============================================================
2025-06-02 23:28:40,958 - TharuniApp - INFO - APPLICATION STARTUP
2025-06-02 23:28:40,959 - TharuniApp - INFO - ============================================================
2025-06-02 23:28:40,962 - TharuniApp - INFO - Configuration setup completed
2025-06-02 23:28:40,963 - DataManager - INFO - DataManager initialized with OFFLINE-FIRST approach + JSON local storage
2025-06-02 23:28:40,964 - DataManager - INFO - CSV structure is up to date
2025-06-02 23:28:40,964 - DataManager - INFO - Daily PDF folder structure ready:
2025-06-02 23:28:40,965 - DataManager - INFO -   Base reports folder: data\reports
2025-06-02 23:28:40,965 - DataManager - INFO -   Today's folder: data\reports\2025-06-02
2025-06-02 23:28:40,966 - DataManager - INFO - Data file: data\weighbridge_data.csv
2025-06-02 23:28:40,966 - DataManager - INFO - Reports folder: data\reports
2025-06-02 23:28:40,966 - DataManager - INFO - JSON backup folder: data\json_backups
2025-06-02 23:28:40,967 - DataManager - INFO - PDF folder: data\reports\2025-06-02
2025-06-02 23:28:40,967 - DataManager - INFO - Cloud storage will only be initialized when backup is requested
2025-06-02 23:28:40,967 - TharuniApp - INFO - Data manager initialized
2025-06-02 23:28:40,970 - TharuniApp - INFO - Settings storage initialized
2025-06-02 23:28:40,972 - TharuniApp - INFO - UI styles initialized
2025-06-02 23:28:40,972 - TharuniApp - INFO - Starting user authentication
2025-06-02 23:28:42,909 - TharuniApp - INFO - ============================================================
2025-06-02 23:28:42,910 - TharuniApp - INFO - APPLICATION STARTUP
2025-06-02 23:28:42,910 - TharuniApp - INFO - ============================================================
2025-06-02 23:28:42,914 - TharuniApp - INFO - Configuration setup completed
2025-06-02 23:28:42,915 - DataManager - INFO - DataManager initialized with OFFLINE-FIRST approach + JSON local storage
2025-06-02 23:28:42,915 - DataManager - INFO - CSV structure is up to date
2025-06-02 23:28:42,916 - DataManager - INFO - Daily PDF folder structure ready:
2025-06-02 23:28:42,917 - DataManager - INFO -   Base reports folder: data\reports
2025-06-02 23:28:42,917 - DataManager - INFO -   Today's folder: data\reports\2025-06-02
2025-06-02 23:28:42,917 - DataManager - INFO - Data file: data\weighbridge_data.csv
2025-06-02 23:28:42,918 - DataManager - INFO - Reports folder: data\reports
2025-06-02 23:28:42,918 - DataManager - INFO - JSON backup folder: data\json_backups
2025-06-02 23:28:42,918 - DataManager - INFO - PDF folder: data\reports\2025-06-02
2025-06-02 23:28:42,918 - DataManager - INFO - Cloud storage will only be initialized when backup is requested
2025-06-02 23:28:42,918 - TharuniApp - INFO - Data manager initialized
2025-06-02 23:28:42,920 - TharuniApp - INFO - Settings storage initialized
2025-06-02 23:28:42,923 - TharuniApp - INFO - UI styles initialized
2025-06-02 23:28:42,924 - TharuniApp - INFO - Starting user authentication
2025-06-02 23:28:44,538 - TharuniApp - INFO - Authentication canceled - exiting application
2025-06-02 23:28:44,538 - TharuniApp - INFO - User authentication failed or canceled - exiting
2025-06-02 23:28:46,777 - TharuniApp - INFO - Authentication canceled - exiting application
2025-06-02 23:28:46,778 - TharuniApp - INFO - User authentication failed or canceled - exiting
2025-06-02 23:28:53,868 - TharuniApp - INFO - ============================================================
2025-06-02 23:28:53,868 - TharuniApp - INFO - APPLICATION STARTUP
2025-06-02 23:28:53,869 - TharuniApp - INFO - ============================================================
2025-06-02 23:28:53,872 - TharuniApp - INFO - Configuration setup completed
2025-06-02 23:28:53,872 - DataManager - INFO - DataManager initialized with OFFLINE-FIRST approach + JSON local storage
2025-06-02 23:28:53,873 - DataManager - INFO - CSV structure is up to date
2025-06-02 23:28:53,873 - DataManager - INFO - Daily PDF folder structure ready:
2025-06-02 23:28:53,873 - DataManager - INFO -   Base reports folder: data\reports
2025-06-02 23:28:53,874 - DataManager - INFO -   Today's folder: data\reports\2025-06-02
2025-06-02 23:28:53,874 - DataManager - INFO - Data file: data\weighbridge_data.csv
2025-06-02 23:28:53,874 - DataManager - INFO - Reports folder: data\reports
2025-06-02 23:28:53,875 - DataManager - INFO - JSON backup folder: data\json_backups
2025-06-02 23:28:53,875 - DataManager - INFO - PDF folder: data\reports\2025-06-02
2025-06-02 23:28:53,875 - DataManager - INFO - Cloud storage will only be initialized when backup is requested
2025-06-02 23:28:53,875 - TharuniApp - INFO - Data manager initialized
2025-06-02 23:28:53,877 - TharuniApp - INFO - Settings storage initialized
2025-06-02 23:28:53,880 - TharuniApp - INFO - UI styles initialized
2025-06-02 23:28:53,880 - TharuniApp - INFO - Starting user authentication
2025-06-02 23:28:57,157 - TharuniApp - INFO - Authentication successful: admin
2025-06-02 23:28:57,157 - TharuniApp - INFO - User logged in: admin (Role: admin)
2025-06-02 23:28:57,157 - TharuniApp - INFO - Setting up data context
2025-06-02 23:28:57,158 - DataManager - INFO - CSV structure is up to date
2025-06-02 23:28:57,158 - DataManager - INFO - Data context set to: Agency='Tharuni', Site='Guntur'
2025-06-02 23:28:57,158 - DataManager - INFO - Data file: data\Tharuni_Guntur_data.csv
2025-06-02 23:28:57,158 - TharuniApp - INFO - Data context initialized: Agency='Tharuni', Site='Guntur'
2025-06-02 23:28:57,159 - TharuniApp - INFO - Data will be saved to: data\Tharuni_Guntur_data.csv
2025-06-02 23:28:57,159 - TharuniApp - INFO - PDFs will be saved to: data\reports\2025-06-02
2025-06-02 23:28:57,159 - TharuniApp - INFO - Creating application widgets
2025-06-02 23:28:57,165 - TharuniApp - INFO - Creating main panel
2025-06-02 23:28:57,169 - FormValidator - INFO - FormValidator initialized
2025-06-02 23:28:57,178 - DataManager - INFO - Successfully loaded 0 records from data\Tharuni_Guntur_data.csv
2025-06-02 23:29:05,528 - DataManager - INFO - Successfully loaded 0 records from data\Tharuni_Guntur_data.csv
2025-06-02 23:29:05,529 - TharuniApp - INFO - Main form created
2025-06-02 23:29:05,530 - DataManager - INFO - CSV structure is up to date
2025-06-02 23:29:05,531 - DataManager - INFO - Data context set to: Agency='Tharuni', Site='Guntur'
2025-06-02 23:29:05,531 - DataManager - INFO - Data file: data\Tharuni_Guntur_data.csv
2025-06-02 23:29:05,531 - DataManager - INFO - CSV structure is up to date
2025-06-02 23:29:05,532 - DataManager - INFO - Data context set to: Agency='Tharuni', Site='Guntur'
2025-06-02 23:29:05,532 - DataManager - INFO - Data file: data\Tharuni_Guntur_data.csv
2025-06-02 23:29:05,532 - DataManager - INFO - CSV structure is up to date
2025-06-02 23:29:05,533 - DataManager - INFO - Data context set to: Agency='Tharuni', Site='Guntur'
2025-06-02 23:29:05,533 - DataManager - INFO - Data file: data\Tharuni_Guntur_data.csv
2025-06-02 23:29:05,533 - PendingVehiclesPanel - INFO - PendingVehiclesPanel initialized
2025-06-02 23:29:05,539 - PendingVehiclesPanel - INFO - Refreshing pending vehicles list
2025-06-02 23:29:05,539 - DataManager - INFO - Successfully loaded 0 records from data\Tharuni_Guntur_data.csv
2025-06-02 23:29:05,540 - PendingVehiclesPanel - INFO - Retrieved 0 total records
2025-06-02 23:29:05,540 - PendingVehiclesPanel - INFO - Found 0 pending records
2025-06-02 23:29:05,540 - PendingVehiclesPanel - INFO - Successfully refreshed pending list with 0 items
2025-06-02 23:29:05,541 - TharuniApp - INFO - Pending vehicles panel created
2025-06-02 23:29:05,736 - TharuniApp - INFO - Main panel creation completed
2025-06-02 23:29:05,742 - TharuniApp - INFO - Summary panel created
2025-06-02 23:29:05,894 - TharuniApp - INFO - ✅ Data manager reference set in settings panel
2025-06-02 23:29:05,894 - TharuniApp - INFO - Widget creation completed successfully
2025-06-02 23:29:05,896 - PendingVehiclesPanel - INFO - Refreshing pending vehicles list
2025-06-02 23:29:05,896 - DataManager - INFO - Successfully loaded 0 records from data\Tharuni_Guntur_data.csv
2025-06-02 23:29:05,896 - PendingVehiclesPanel - INFO - Retrieved 0 total records
2025-06-02 23:29:05,897 - PendingVehiclesPanel - INFO - Found 0 pending records
2025-06-02 23:29:05,897 - PendingVehiclesPanel - INFO - Successfully refreshed pending list with 0 items
2025-06-02 23:29:05,897 - DataManager - INFO - Created new daily folder: data\reports\02-06
2025-06-02 23:29:05,898 - TharuniApp - INFO - Application initialization completed successfully
2025-06-02 23:29:06,901 - TharuniApp - INFO - Ensuring settings persistence...
2025-06-02 23:29:06,905 - TharuniApp - INFO - Settings persistence check completed
2025-06-02 23:29:14,938 - TharuniApp - INFO - Application closing - saving settings...
2025-06-02 23:29:14,950 - TharuniApp - INFO - Updating camera settings: {'front_camera_type': 'USB', 'front_camera_index': 0, 'front_rtsp_username': '', 'front_rtsp_password': '', 'front_rtsp_ip': '', 'front_rtsp_port': '554', 'front_rtsp_endpoint': '/stream1', 'front_http_username': '', 'front_http_password': '', 'front_http_ip': '', 'front_http_port': '80', 'front_http_endpoint': '/mjpeg', 'back_camera_type': 'USB', 'back_camera_index': 1, 'back_rtsp_username': '', 'back_rtsp_password': '', 'back_rtsp_ip': '', 'back_rtsp_port': '554', 'back_rtsp_endpoint': '/stream1', 'back_http_username': '', 'back_http_password': '', 'back_http_ip': '', 'back_http_port': '80', 'back_http_endpoint': '/mjpeg'}
2025-06-02 23:29:15,269 - TharuniApp - INFO - Camera settings saved for persistence
2025-06-02 23:29:15,271 - TharuniApp - INFO - ============================================================
2025-06-02 23:29:15,271 - TharuniApp - INFO - APPLICATION SHUTDOWN COMPLETED
2025-06-02 23:29:15,271 - TharuniApp - INFO - ============================================================
2025-06-02 23:34:56,637 - TharuniApp - INFO - ============================================================
2025-06-02 23:34:56,637 - TharuniApp - INFO - APPLICATION STARTUP
2025-06-02 23:34:56,638 - TharuniApp - INFO - ============================================================
2025-06-02 23:34:56,648 - TharuniApp - INFO - Configuration setup completed
2025-06-02 23:34:56,649 - DataManager - INFO - DataManager initialized with OFFLINE-FIRST approach + JSON local storage
2025-06-02 23:34:56,658 - DataManager - INFO - CSV structure is up to date
2025-06-02 23:34:56,658 - DataManager - INFO - Daily PDF folder structure ready:
2025-06-02 23:34:56,659 - DataManager - INFO -   Base reports folder: data\reports
2025-06-02 23:34:56,659 - DataManager - INFO -   Today's folder: data\reports\2025-06-02
2025-06-02 23:34:56,669 - DataManager - INFO - Data file: data\weighbridge_data.csv
2025-06-02 23:34:56,669 - DataManager - INFO - Reports folder: data\reports
2025-06-02 23:34:56,670 - DataManager - INFO - JSON backup folder: data\json_backups
2025-06-02 23:34:56,670 - DataManager - INFO - PDF folder: data\reports\2025-06-02
2025-06-02 23:34:56,670 - DataManager - INFO - Cloud storage will only be initialized when backup is requested
2025-06-02 23:34:56,670 - TharuniApp - INFO - Data manager initialized
2025-06-02 23:34:56,689 - TharuniApp - INFO - Settings storage initialized
2025-06-02 23:34:56,692 - TharuniApp - INFO - UI styles initialized
2025-06-02 23:34:56,692 - TharuniApp - INFO - Starting user authentication
2025-06-02 23:35:03,383 - TharuniApp - INFO - Authentication successful: admin
2025-06-02 23:35:03,383 - TharuniApp - INFO - User logged in: admin (Role: admin)
2025-06-02 23:35:03,383 - TharuniApp - INFO - Setting up data context
2025-06-02 23:35:03,386 - DataManager - INFO - CSV structure is up to date
2025-06-02 23:35:03,387 - DataManager - INFO - Data context set to: Agency='Tharuni', Site='Guntur'
2025-06-02 23:35:03,387 - DataManager - INFO - Data file: data\Tharuni_Guntur_data.csv
2025-06-02 23:35:03,387 - TharuniApp - INFO - Data context initialized: Agency='Tharuni', Site='Guntur'
2025-06-02 23:35:03,388 - TharuniApp - INFO - Data will be saved to: data\Tharuni_Guntur_data.csv
2025-06-02 23:35:03,388 - TharuniApp - INFO - PDFs will be saved to: data\reports\2025-06-02
2025-06-02 23:35:03,388 - TharuniApp - INFO - Creating application widgets
2025-06-02 23:35:03,395 - TharuniApp - INFO - Creating main panel
2025-06-02 23:35:03,402 - FormValidator - INFO - FormValidator initialized
2025-06-02 23:35:03,409 - DataManager - INFO - Successfully loaded 0 records from data\Tharuni_Guntur_data.csv
2025-06-02 23:35:11,795 - DataManager - INFO - Successfully loaded 0 records from data\Tharuni_Guntur_data.csv
2025-06-02 23:35:11,795 - TharuniApp - INFO - Main form created
2025-06-02 23:35:11,797 - DataManager - INFO - CSV structure is up to date
2025-06-02 23:35:11,797 - DataManager - INFO - Data context set to: Agency='Tharuni', Site='Guntur'
2025-06-02 23:35:11,797 - DataManager - INFO - Data file: data\Tharuni_Guntur_data.csv
2025-06-02 23:35:11,798 - DataManager - INFO - CSV structure is up to date
2025-06-02 23:35:11,798 - DataManager - INFO - Data context set to: Agency='Tharuni', Site='Guntur'
2025-06-02 23:35:11,799 - DataManager - INFO - Data file: data\Tharuni_Guntur_data.csv
2025-06-02 23:35:11,799 - DataManager - INFO - CSV structure is up to date
2025-06-02 23:35:11,799 - DataManager - INFO - Data context set to: Agency='Tharuni', Site='Guntur'
2025-06-02 23:35:11,800 - DataManager - INFO - Data file: data\Tharuni_Guntur_data.csv
2025-06-02 23:35:11,800 - PendingVehiclesPanel - INFO - PendingVehiclesPanel initialized
2025-06-02 23:35:11,806 - PendingVehiclesPanel - INFO - Refreshing pending vehicles list
2025-06-02 23:35:11,807 - DataManager - INFO - Successfully loaded 0 records from data\Tharuni_Guntur_data.csv
2025-06-02 23:35:11,807 - PendingVehiclesPanel - INFO - Retrieved 0 total records
2025-06-02 23:35:11,807 - PendingVehiclesPanel - INFO - Found 0 pending records
2025-06-02 23:35:11,808 - PendingVehiclesPanel - INFO - Successfully refreshed pending list with 0 items
2025-06-02 23:35:11,808 - TharuniApp - INFO - Pending vehicles panel created
2025-06-02 23:35:11,997 - TharuniApp - INFO - Main panel creation completed
2025-06-02 23:35:12,003 - TharuniApp - INFO - Summary panel created
2025-06-02 23:35:12,152 - TharuniApp - INFO - ✅ Data manager reference set in settings panel
2025-06-02 23:35:12,152 - TharuniApp - INFO - Widget creation completed successfully
2025-06-02 23:35:12,153 - PendingVehiclesPanel - INFO - Refreshing pending vehicles list
2025-06-02 23:35:12,154 - DataManager - INFO - Successfully loaded 0 records from data\Tharuni_Guntur_data.csv
2025-06-02 23:35:12,154 - PendingVehiclesPanel - INFO - Retrieved 0 total records
2025-06-02 23:35:12,154 - PendingVehiclesPanel - INFO - Found 0 pending records
2025-06-02 23:35:12,154 - PendingVehiclesPanel - INFO - Successfully refreshed pending list with 0 items
2025-06-02 23:35:12,155 - DataManager - INFO - Created new daily folder: data\reports\02-06
2025-06-02 23:35:12,155 - TharuniApp - INFO - Application initialization completed successfully
2025-06-02 23:35:13,152 - TharuniApp - INFO - Ensuring settings persistence...
2025-06-02 23:35:13,157 - TharuniApp - INFO - Settings persistence check completed
2025-06-02 23:36:12,164 - PendingVehiclesPanel - INFO - Refreshing pending vehicles list
2025-06-02 23:36:12,167 - DataManager - INFO - Successfully loaded 0 records from data\Tharuni_Guntur_data.csv
2025-06-02 23:36:12,168 - PendingVehiclesPanel - INFO - Retrieved 0 total records
2025-06-02 23:36:12,169 - PendingVehiclesPanel - INFO - Found 0 pending records
2025-06-02 23:36:12,170 - PendingVehiclesPanel - INFO - Successfully refreshed pending list with 0 items
2025-06-02 23:37:12,172 - PendingVehiclesPanel - INFO - Refreshing pending vehicles list
2025-06-02 23:37:12,175 - DataManager - INFO - Successfully loaded 0 records from data\Tharuni_Guntur_data.csv
2025-06-02 23:37:12,176 - PendingVehiclesPanel - INFO - Retrieved 0 total records
2025-06-02 23:37:12,177 - PendingVehiclesPanel - INFO - Found 0 pending records
2025-06-02 23:37:12,178 - PendingVehiclesPanel - INFO - Successfully refreshed pending list with 0 items
2025-06-02 23:38:12,185 - PendingVehiclesPanel - INFO - Refreshing pending vehicles list
2025-06-02 23:38:12,187 - DataManager - INFO - Successfully loaded 0 records from data\Tharuni_Guntur_data.csv
2025-06-02 23:38:12,188 - PendingVehiclesPanel - INFO - Retrieved 0 total records
2025-06-02 23:38:12,189 - PendingVehiclesPanel - INFO - Found 0 pending records
2025-06-02 23:38:12,190 - PendingVehiclesPanel - INFO - Successfully refreshed pending list with 0 items
2025-06-02 23:39:12,197 - PendingVehiclesPanel - INFO - Refreshing pending vehicles list
2025-06-02 23:39:12,198 - DataManager - INFO - Successfully loaded 0 records from data\Tharuni_Guntur_data.csv
2025-06-02 23:39:12,198 - PendingVehiclesPanel - INFO - Retrieved 0 total records
2025-06-02 23:39:12,198 - PendingVehiclesPanel - INFO - Found 0 pending records
2025-06-02 23:39:12,199 - PendingVehiclesPanel - INFO - Successfully refreshed pending list with 0 items
2025-06-02 23:40:12,214 - PendingVehiclesPanel - INFO - Refreshing pending vehicles list
2025-06-02 23:40:12,215 - DataManager - INFO - Successfully loaded 0 records from data\Tharuni_Guntur_data.csv
2025-06-02 23:40:12,215 - PendingVehiclesPanel - INFO - Retrieved 0 total records
2025-06-02 23:40:12,216 - PendingVehiclesPanel - INFO - Found 0 pending records
2025-06-02 23:40:12,216 - PendingVehiclesPanel - INFO - Successfully refreshed pending list with 0 items
2025-06-02 23:41:12,223 - PendingVehiclesPanel - INFO - Refreshing pending vehicles list
2025-06-02 23:41:12,225 - DataManager - INFO - Successfully loaded 0 records from data\Tharuni_Guntur_data.csv
2025-06-02 23:41:12,225 - PendingVehiclesPanel - INFO - Retrieved 0 total records
2025-06-02 23:41:12,225 - PendingVehiclesPanel - INFO - Found 0 pending records
2025-06-02 23:41:12,226 - PendingVehiclesPanel - INFO - Successfully refreshed pending list with 0 items
2025-06-02 23:41:55,206 - TharuniApp - INFO - ============================================================
2025-06-02 23:41:55,206 - TharuniApp - INFO - APPLICATION STARTUP
2025-06-02 23:41:55,206 - TharuniApp - INFO - ============================================================
2025-06-02 23:41:55,210 - TharuniApp - INFO - Configuration setup completed
2025-06-02 23:41:55,210 - DataManager - INFO - DataManager initialized with OFFLINE-FIRST approach + JSON local storage
2025-06-02 23:41:55,211 - DataManager - INFO - CSV structure is up to date
2025-06-02 23:41:55,211 - DataManager - INFO - Daily PDF folder structure ready:
2025-06-02 23:41:55,212 - DataManager - INFO -   Base reports folder: data\reports
2025-06-02 23:41:55,212 - DataManager - INFO -   Today's folder: data\reports\2025-06-02
2025-06-02 23:41:55,213 - DataManager - INFO - Data file: data\weighbridge_data.csv
2025-06-02 23:41:55,213 - DataManager - INFO - Reports folder: data\reports
2025-06-02 23:41:55,213 - DataManager - INFO - JSON backup folder: data\json_backups
2025-06-02 23:41:55,213 - DataManager - INFO - PDF folder: data\reports\2025-06-02
2025-06-02 23:41:55,214 - DataManager - INFO - Cloud storage will only be initialized when backup is requested
2025-06-02 23:41:55,214 - TharuniApp - INFO - Data manager initialized
2025-06-02 23:41:55,216 - TharuniApp - INFO - Settings storage initialized
2025-06-02 23:41:55,219 - TharuniApp - INFO - UI styles initialized
2025-06-02 23:41:55,219 - TharuniApp - INFO - Starting user authentication
2025-06-02 23:41:59,685 - TharuniApp - INFO - Authentication successful: admin
2025-06-02 23:41:59,686 - TharuniApp - INFO - User logged in: admin (Role: admin)
2025-06-02 23:41:59,686 - TharuniApp - INFO - Setting up data context
2025-06-02 23:41:59,688 - DataManager - INFO - CSV structure is up to date
2025-06-02 23:41:59,689 - DataManager - INFO - Data context set to: Agency='Tharuni', Site='Guntur'
2025-06-02 23:41:59,689 - DataManager - INFO - Data file: data\Tharuni_Guntur_data.csv
2025-06-02 23:41:59,689 - TharuniApp - INFO - Data context initialized: Agency='Tharuni', Site='Guntur'
2025-06-02 23:41:59,689 - TharuniApp - INFO - Data will be saved to: data\Tharuni_Guntur_data.csv
2025-06-02 23:41:59,690 - TharuniApp - INFO - PDFs will be saved to: data\reports\2025-06-02
2025-06-02 23:41:59,690 - TharuniApp - INFO - Creating application widgets
2025-06-02 23:41:59,696 - TharuniApp - INFO - Creating main panel
2025-06-02 23:41:59,702 - FormValidator - INFO - FormValidator initialized
2025-06-02 23:41:59,709 - DataManager - INFO - Successfully loaded 0 records from data\Tharuni_Guntur_data.csv
2025-06-02 23:42:08,118 - DataManager - INFO - Successfully loaded 0 records from data\Tharuni_Guntur_data.csv
2025-06-02 23:42:08,118 - TharuniApp - INFO - Main form created
2025-06-02 23:42:08,120 - DataManager - INFO - CSV structure is up to date
2025-06-02 23:42:08,120 - DataManager - INFO - Data context set to: Agency='Tharuni', Site='Guntur'
2025-06-02 23:42:08,121 - DataManager - INFO - Data file: data\Tharuni_Guntur_data.csv
2025-06-02 23:42:08,121 - DataManager - INFO - CSV structure is up to date
2025-06-02 23:42:08,121 - DataManager - INFO - Data context set to: Agency='Tharuni', Site='Guntur'
2025-06-02 23:42:08,122 - DataManager - INFO - Data file: data\Tharuni_Guntur_data.csv
2025-06-02 23:42:08,122 - DataManager - INFO - CSV structure is up to date
2025-06-02 23:42:08,123 - DataManager - INFO - Data context set to: Agency='Tharuni', Site='Guntur'
2025-06-02 23:42:08,123 - DataManager - INFO - Data file: data\Tharuni_Guntur_data.csv
2025-06-02 23:42:08,123 - PendingVehiclesPanel - INFO - PendingVehiclesPanel initialized
2025-06-02 23:42:08,130 - PendingVehiclesPanel - INFO - Refreshing pending vehicles list
2025-06-02 23:42:08,130 - DataManager - INFO - Successfully loaded 0 records from data\Tharuni_Guntur_data.csv
2025-06-02 23:42:08,131 - PendingVehiclesPanel - INFO - Retrieved 0 total records
2025-06-02 23:42:08,131 - PendingVehiclesPanel - INFO - Found 0 pending records
2025-06-02 23:42:08,132 - PendingVehiclesPanel - INFO - Successfully refreshed pending list with 0 items
2025-06-02 23:42:08,132 - TharuniApp - INFO - Pending vehicles panel created
2025-06-02 23:42:08,359 - TharuniApp - INFO - Main panel creation completed
2025-06-02 23:42:08,366 - TharuniApp - INFO - Summary panel created
2025-06-02 23:42:08,584 - TharuniApp - INFO - ✅ Data manager reference set in settings panel
2025-06-02 23:42:08,584 - TharuniApp - INFO - Widget creation completed successfully
2025-06-02 23:42:08,585 - PendingVehiclesPanel - INFO - Refreshing pending vehicles list
2025-06-02 23:42:08,586 - DataManager - INFO - Successfully loaded 0 records from data\Tharuni_Guntur_data.csv
2025-06-02 23:42:08,586 - PendingVehiclesPanel - INFO - Retrieved 0 total records
2025-06-02 23:42:08,586 - PendingVehiclesPanel - INFO - Found 0 pending records
2025-06-02 23:42:08,586 - PendingVehiclesPanel - INFO - Successfully refreshed pending list with 0 items
2025-06-02 23:42:08,587 - DataManager - INFO - Created new daily folder: data\reports\02-06
2025-06-02 23:42:08,587 - TharuniApp - INFO - Application initialization completed successfully
2025-06-02 23:42:09,588 - TharuniApp - INFO - Ensuring settings persistence...
2025-06-02 23:42:09,598 - TharuniApp - INFO - Settings persistence check completed
2025-06-02 23:43:08,597 - PendingVehiclesPanel - INFO - Refreshing pending vehicles list
2025-06-02 23:43:08,600 - DataManager - INFO - Successfully loaded 0 records from data\Tharuni_Guntur_data.csv
2025-06-02 23:43:08,601 - PendingVehiclesPanel - INFO - Retrieved 0 total records
2025-06-02 23:43:08,602 - PendingVehiclesPanel - INFO - Found 0 pending records
2025-06-02 23:43:08,604 - PendingVehiclesPanel - INFO - Successfully refreshed pending list with 0 items
