2025-05-30 00:02:49,538 - TharuniApp - INFO - ============================================================
2025-05-30 00:02:49,538 - TharuniApp - INFO - APPLICATION STARTUP
2025-05-30 00:02:49,538 - TharuniApp - INFO - ============================================================
2025-05-30 00:02:49,542 - TharuniApp - INFO - Configuration setup completed
2025-05-30 00:02:49,543 - DataManager - INFO - DataManager initialized with OFFLINE-FIRST approach + JSON local storage
2025-05-30 00:02:49,543 - DataManager - INFO - CSV structure is up to date
2025-05-30 00:02:49,545 - DataManager - INFO - Daily PDF folder structure ready:
2025-05-30 00:02:49,545 - DataManager - INFO -   Base reports folder: data\reports
2025-05-30 00:02:49,545 - DataManager - INFO -   Today's folder: data\reports\2025-05-30
2025-05-30 00:02:49,546 - DataManager - INFO - Data file: data\weighbridge_data.csv
2025-05-30 00:02:49,546 - DataManager - INFO - Reports folder: data\reports
2025-05-30 00:02:49,547 - DataManager - INFO - JSON backup folder: data\json_backups
2025-05-30 00:02:49,547 - DataManager - INFO - PDF folder: data\reports\2025-05-30
2025-05-30 00:02:49,547 - DataManager - INFO - Cloud storage will only be initialized when backup is requested
2025-05-30 00:02:49,548 - TharuniApp - INFO - Data manager initialized
2025-05-30 00:02:49,550 - TharuniApp - INFO - Settings storage initialized
2025-05-30 00:02:49,553 - TharuniApp - INFO - UI styles initialized
2025-05-30 00:02:49,554 - TharuniApp - INFO - Starting user authentication
2025-05-30 00:02:52,881 - TharuniApp - INFO - Authentication successful: admin
2025-05-30 00:02:52,881 - TharuniApp - INFO - User logged in: admin (Role: admin)
2025-05-30 00:02:52,881 - TharuniApp - INFO - Setting up data context
2025-05-30 00:02:52,882 - DataManager - INFO - CSV structure is up to date
2025-05-30 00:02:52,882 - DataManager - INFO - Data context set to: Agency='Tharuni', Site='Guntur'
2025-05-30 00:02:52,882 - DataManager - INFO - Data file: data\Tharuni_Guntur_data.csv
2025-05-30 00:02:52,883 - TharuniApp - INFO - Data context initialized: Agency='Tharuni', Site='Guntur'
2025-05-30 00:02:52,883 - TharuniApp - INFO - Data will be saved to: data\Tharuni_Guntur_data.csv
2025-05-30 00:02:52,883 - TharuniApp - INFO - PDFs will be saved to: data\reports\2025-05-30
2025-05-30 00:02:52,883 - TharuniApp - INFO - Creating application widgets
2025-05-30 00:02:52,898 - TharuniApp - INFO - Creating main panel
2025-05-30 00:02:52,905 - FormValidator - INFO - FormValidator initialized
2025-05-30 00:02:52,911 - DataManager - INFO - Successfully loaded 21 records from data\Tharuni_Guntur_data.csv
2025-05-30 00:02:53,864 - DataManager - INFO - Successfully loaded 21 records from data\Tharuni_Guntur_data.csv
2025-05-30 00:02:53,864 - TharuniApp - INFO - Main form created
2025-05-30 00:02:53,866 - DataManager - INFO - CSV structure is up to date
2025-05-30 00:02:53,866 - DataManager - INFO - Data context set to: Agency='Tharuni', Site='Guntur'
2025-05-30 00:02:53,866 - DataManager - INFO - Data file: data\Tharuni_Guntur_data.csv
2025-05-30 00:02:53,867 - DataManager - INFO - CSV structure is up to date
2025-05-30 00:02:53,867 - DataManager - INFO - Data context set to: Agency='Tharuni', Site='Guntur'
2025-05-30 00:02:53,868 - DataManager - INFO - Data file: data\Tharuni_Guntur_data.csv
2025-05-30 00:02:53,868 - DataManager - INFO - CSV structure is up to date
2025-05-30 00:02:53,868 - DataManager - INFO - Data context set to: Agency='Tharuni', Site='Guntur'
2025-05-30 00:02:53,869 - DataManager - INFO - Data file: data\Tharuni_Guntur_data.csv
2025-05-30 00:02:53,869 - PendingVehiclesPanel - INFO - PendingVehiclesPanel initialized
2025-05-30 00:02:53,874 - PendingVehiclesPanel - INFO - Refreshing pending vehicles list
2025-05-30 00:02:53,874 - DataManager - INFO - Successfully loaded 21 records from data\Tharuni_Guntur_data.csv
2025-05-30 00:02:53,875 - PendingVehiclesPanel - INFO - Retrieved 21 total records
2025-05-30 00:02:53,875 - PendingVehiclesPanel - INFO - Found 0 pending records
2025-05-30 00:02:53,875 - PendingVehiclesPanel - INFO - Successfully refreshed pending list with 0 items
2025-05-30 00:02:53,876 - TharuniApp - INFO - Pending vehicles panel created
2025-05-30 00:02:54,101 - TharuniApp - INFO - Main panel creation completed
2025-05-30 00:02:54,108 - TharuniApp - INFO - Summary panel created
2025-05-30 00:02:54,263 - TharuniApp - INFO - ✅ Data manager reference set in settings panel
2025-05-30 00:02:54,263 - TharuniApp - INFO - Widget creation completed successfully
2025-05-30 00:02:54,263 - PendingVehiclesPanel - INFO - Refreshing pending vehicles list
2025-05-30 00:02:54,264 - DataManager - INFO - Successfully loaded 21 records from data\Tharuni_Guntur_data.csv
2025-05-30 00:02:54,265 - PendingVehiclesPanel - INFO - Retrieved 21 total records
2025-05-30 00:02:54,265 - PendingVehiclesPanel - INFO - Found 0 pending records
2025-05-30 00:02:54,265 - PendingVehiclesPanel - INFO - Successfully refreshed pending list with 0 items
2025-05-30 00:02:54,266 - DataManager - INFO - Created new daily folder: data\reports\30-05
2025-05-30 00:02:54,267 - TharuniApp - INFO - Application initialization completed successfully
2025-05-30 00:02:55,265 - TharuniApp - INFO - Ensuring settings persistence...
2025-05-30 00:02:55,271 - TharuniApp - INFO - Settings persistence check completed
2025-05-30 00:02:58,499 - DataManager - INFO - Successfully loaded 21 records from data\Tharuni_Guntur_data.csv
2025-05-30 00:02:58,524 - DataManager - INFO - Successfully loaded 21 records from data\Tharuni_Guntur_data.csv
2025-05-30 00:02:58,525 - DataManager - INFO - Successfully loaded 21 records from data\Tharuni_Guntur_data.csv
2025-05-30 00:02:59,267 - DataManager - INFO - Successfully loaded 21 records from data\Tharuni_Guntur_data.csv
2025-05-30 00:02:59,268 - DataManager - INFO - Successfully loaded 21 records from data\Tharuni_Guntur_data.csv
2025-05-30 00:03:01,929 - DataManager - INFO - Successfully loaded 21 records from data\Tharuni_Guntur_data.csv
2025-05-30 00:03:01,930 - DataManager - INFO - Successfully loaded 21 records from data\Tharuni_Guntur_data.csv
2025-05-30 00:03:03,563 - DataManager - INFO - Successfully loaded 21 records from data\Tharuni_Guntur_data.csv
2025-05-30 00:03:03,563 - DataManager - INFO - Successfully loaded 21 records from data\Tharuni_Guntur_data.csv
2025-05-30 00:03:06,052 - TharuniApp - INFO - ==================================================
2025-05-30 00:03:06,053 - TharuniApp - INFO - SAVE RECORD OPERATION STARTED
2025-05-30 00:03:06,054 - FormValidator - INFO - Starting comprehensive form validation
2025-05-30 00:03:06,054 - FormValidator - INFO - Validating basic fields
2025-05-30 00:03:06,054 - FormValidator - INFO - Field values: ticket='T0021', vehicle='TS04UA4444', agency='Tharuni'
2025-05-30 00:03:06,055 - FormValidator - INFO - Basic validation passed
2025-05-30 00:03:06,055 - FormValidator - INFO - Validating weighment data
2025-05-30 00:03:06,056 - FormValidator - INFO - Weighment data: first_weight='29010.00', first_timestamp='30-05-2025 00:03:00', second_weight='7330.00', second_timestamp='30-05-2025 00:03:02'
2025-05-30 00:03:06,056 - FormValidator - INFO - Weighment validation passed
2025-05-30 00:03:06,057 - FormValidator - INFO - Validating images for second weighment
2025-05-30 00:03:06,057 - FormValidator - INFO - Images validation for second: front=False, back=False
2025-05-30 00:03:06,966 - DataManager - INFO - Successfully loaded 21 records from data\Tharuni_Guntur_data.csv
2025-05-30 00:03:06,966 - DataManager - INFO - Successfully loaded 21 records from data\Tharuni_Guntur_data.csv
2025-05-30 00:03:06,969 - FormValidator - INFO - User chose to continue without images
2025-05-30 00:03:06,970 - FormValidator - INFO - Form validation passed successfully
2025-05-30 00:03:06,971 - TharuniApp - INFO - Saving record for ticket: T0021
2025-05-30 00:03:06,971 - TharuniApp - INFO - Form data keys: ['date', 'time', 'site_name', 'agency_name', 'material', 'ticket_no', 'vehicle_no', 'transfer_party_name', 'first_weight', 'first_timestamp', 'second_weight', 'second_timestamp', 'net_weight', 'material_type', 'first_front_image', 'first_back_image', 'second_front_image', 'second_back_image', 'site_incharge', 'user_name']
2025-05-30 00:03:06,972 - TharuniApp - INFO - Record is complete: True
2025-05-30 00:03:06,972 - TharuniApp - INFO - Calling data_manager.save_record for T0021
2025-05-30 00:03:06,972 - DataManager - INFO - ==================================================
2025-05-30 00:03:06,973 - DataManager - INFO - STARTING OFFLINE-FIRST RECORD SAVE WITH JSON BACKUP
2025-05-30 00:03:06,973 - DataManager - INFO - Input data keys: ['date', 'time', 'site_name', 'agency_name', 'material', 'ticket_no', 'vehicle_no', 'transfer_party_name', 'first_weight', 'first_timestamp', 'second_weight', 'second_timestamp', 'net_weight', 'material_type', 'first_front_image', 'first_back_image', 'second_front_image', 'second_back_image', 'site_incharge', 'user_name']
2025-05-30 00:03:06,973 - DataManager - INFO - Net weight calculated: 29010.0 - 7330.0 = 21680.00
2025-05-30 00:03:06,973 - DataManager - INFO - Using data file: data\Tharuni_Guntur_data.csv
2025-05-30 00:03:06,974 - DataManager - INFO - Successfully loaded 21 records from data\Tharuni_Guntur_data.csv
2025-05-30 00:03:06,975 - DataManager - INFO - Filtered 21 records to 0 using filter: 't0021'
2025-05-30 00:03:06,975 - DataManager - INFO - Adding new record: T0021
2025-05-30 00:03:06,975 - DataManager - INFO - Adding new record to CSV
2025-05-30 00:03:06,976 - DataManager - INFO - Record data: ['30-05-2025', '00:03:06', 'Guntur', 'Tharuni', 'Inert', 'T0021', 'TS04UA4444', 'Jindal', '29010.00', '30-05-2025 00:03:00', '7330.00', '30-05-2025 00:03:02', '21680.00', 'Inert', '', '', '', '', '', 'admin']
2025-05-30 00:03:06,977 - DataManager - INFO - ✅ New record added to data\Tharuni_Guntur_data.csv
2025-05-30 00:03:06,977 - DataManager - INFO - ✅ Record T0021 saved to local CSV successfully
2025-05-30 00:03:06,978 - DataManager - INFO - Record completion status: True
2025-05-30 00:03:06,978 - DataManager - INFO - Complete record detected - saving JSON backup locally...
2025-05-30 00:03:06,979 - DataManager - INFO - Created new daily JSON folder: data\json_backups\2025-05-30
2025-05-30 00:03:06,980 - DataManager - INFO - JSON backup saved: data\json_backups\2025-05-30\T0021_Tharuni_Guntur_000306.json
2025-05-30 00:03:06,980 - DataManager - INFO - ✅ JSON backup saved locally for T0021
2025-05-30 00:03:06,980 - DataManager - INFO - Complete record detected for ticket T0021 - generating PDF locally...
2025-05-30 00:03:06,981 - DataManager - INFO - Today's reports folder ensured: data\reports\2025-05-30
2025-05-30 00:03:06,982 - DataManager - INFO - Reports will be saved to: data\reports\2025-05-30
2025-05-30 00:03:06,983 - DataManager - INFO - Today's reports folder ensured: data\reports\2025-05-30
2025-05-30 00:03:07,044 - DataManager - INFO - Building PDF document: data\reports\2025-05-30\Tharuni_Guntur_T0021_TS04UA4444_000306.pdf
2025-05-30 00:03:07,061 - DataManager - INFO - PDF created successfully: data\reports\2025-05-30\Tharuni_Guntur_T0021_TS04UA4444_000306.pdf (2886 bytes)
2025-05-30 00:03:07,062 - DataManager - INFO - Auto-generated PDF: data\reports\2025-05-30\Tharuni_Guntur_T0021_TS04UA4444_000306.pdf
2025-05-30 00:03:07,062 - DataManager - INFO - PDF saved to today's reports folder: data\reports\2025-05-30
2025-05-30 00:03:07,063 - DataManager - INFO - ✅ PDF auto-generated locally: data\reports\2025-05-30\Tharuni_Guntur_T0021_TS04UA4444_000306.pdf
2025-05-30 00:03:54,292 - PendingVehiclesPanel - INFO - Refreshing pending vehicles list
2025-05-30 00:03:54,317 - DataManager - INFO - Successfully loaded 22 records from data\Tharuni_Guntur_data.csv
2025-05-30 00:03:54,318 - PendingVehiclesPanel - INFO - Retrieved 22 total records
2025-05-30 00:03:54,318 - PendingVehiclesPanel - INFO - Found 0 pending records
2025-05-30 00:03:54,319 - PendingVehiclesPanel - INFO - Successfully refreshed pending list with 0 items
2025-05-30 00:03:54,320 - DataManager - INFO - Created new daily folder: data\reports\30-05
2025-05-30 00:04:45,784 - DataManager - INFO - Successfully loaded 22 records from data\Tharuni_Guntur_data.csv
2025-05-30 00:04:45,785 - DataManager - INFO - Successfully loaded 22 records from data\Tharuni_Guntur_data.csv
2025-05-30 00:04:45,788 - DataManager - INFO - ✅ OFFLINE-FIRST SAVE COMPLETED - Local CSV, JSON backup, and PDF generated
2025-05-30 00:04:45,789 - DataManager - INFO - 📂 PDF saved to today's reports folder: data\reports\2025-05-30
2025-05-30 00:04:45,789 - DataManager - INFO - 💡 Cloud backup available via Settings > Cloud Storage > Backup
2025-05-30 00:04:45,789 - DataManager - INFO - ==================================================
2025-05-30 00:04:45,789 - TharuniApp - INFO - ✅ Record T0021 saved successfully
2025-05-30 00:04:45,793 - TharuniApp - INFO - ✅ Ticket T0021 completed - counter incremented
2025-05-30 00:04:45,793 - TharuniApp - INFO - Removing T0021 from pending vehicles list
2025-05-30 00:04:45,794 - PendingVehiclesPanel - INFO - Attempting to remove ticket T0021 from pending list
2025-05-30 00:04:45,794 - PendingVehiclesPanel - WARNING - Ticket T0021 not found in pending list for removal
2025-05-30 00:04:45,794 - PendingVehiclesPanel - INFO - Refreshing pending vehicles list
2025-05-30 00:04:45,795 - DataManager - INFO - Successfully loaded 22 records from data\Tharuni_Guntur_data.csv
2025-05-30 00:04:45,795 - PendingVehiclesPanel - INFO - Retrieved 22 total records
2025-05-30 00:04:45,796 - PendingVehiclesPanel - INFO - Found 0 pending records
2025-05-30 00:04:45,796 - PendingVehiclesPanel - INFO - Successfully refreshed pending list with 0 items
2025-05-30 00:04:46,082 - TharuniApp - INFO - ✅ Complete record processing finished for T0021
2025-05-30 00:04:46,083 - DataManager - INFO - Successfully loaded 22 records from data\Tharuni_Guntur_data.csv
2025-05-30 00:04:46,083 - DataManager - INFO - Returning all 22 records (no filter)
2025-05-30 00:04:46,084 - PendingVehiclesPanel - INFO - Refreshing pending vehicles list
2025-05-30 00:04:46,085 - DataManager - INFO - Successfully loaded 22 records from data\Tharuni_Guntur_data.csv
2025-05-30 00:04:46,085 - PendingVehiclesPanel - INFO - Retrieved 22 total records
2025-05-30 00:04:46,085 - PendingVehiclesPanel - INFO - Found 0 pending records
2025-05-30 00:04:46,086 - PendingVehiclesPanel - INFO - Successfully refreshed pending list with 0 items
2025-05-30 00:04:46,086 - TharuniApp - INFO - SAVE RECORD OPERATION COMPLETED SUCCESSFULLY
2025-05-30 00:04:46,086 - TharuniApp - INFO - ==================================================
2025-05-30 00:04:46,778 - TharuniApp - INFO - Application closing - saving settings...
2025-05-30 00:04:46,788 - TharuniApp - INFO - Updating camera settings: {'front_camera_type': 'HTTP', 'front_camera_index': 1, 'front_rtsp_username': '', 'front_rtsp_password': '', 'front_rtsp_ip': '', 'front_rtsp_port': '8554', 'front_rtsp_endpoint': '/stream', 'front_http_username': '', 'front_http_password': '', 'front_http_ip': '', 'front_http_port': '80', 'front_http_endpoint': '/mjpeg', 'back_camera_type': 'HTTP', 'back_camera_index': 0, 'back_rtsp_username': '', 'back_rtsp_password': '', 'back_rtsp_ip': '', 'back_rtsp_port': '8555', 'back_rtsp_endpoint': '/stream', 'back_http_username': '', 'back_http_password': '', 'back_http_ip': '', 'back_http_port': '80', 'back_http_endpoint': '/mjpeg'}
2025-05-30 00:04:46,795 - TharuniApp - INFO - Camera settings saved for persistence
2025-05-30 00:04:46,797 - TharuniApp - INFO - ============================================================
2025-05-30 00:04:46,797 - TharuniApp - INFO - APPLICATION SHUTDOWN COMPLETED
2025-05-30 00:04:46,797 - TharuniApp - INFO - ============================================================
2025-05-30 00:04:53,397 - TharuniApp - INFO - ============================================================
2025-05-30 00:04:53,397 - TharuniApp - INFO - APPLICATION STARTUP
2025-05-30 00:04:53,397 - TharuniApp - INFO - ============================================================
2025-05-30 00:04:53,400 - TharuniApp - INFO - Configuration setup completed
2025-05-30 00:04:53,401 - DataManager - INFO - DataManager initialized with OFFLINE-FIRST approach + JSON local storage
2025-05-30 00:04:53,402 - DataManager - INFO - CSV structure is up to date
2025-05-30 00:04:53,402 - DataManager - INFO - Daily PDF folder structure ready:
2025-05-30 00:04:53,402 - DataManager - INFO -   Base reports folder: data\reports
2025-05-30 00:04:53,403 - DataManager - INFO -   Today's folder: data\reports\2025-05-30
2025-05-30 00:04:53,403 - DataManager - INFO - Data file: data\weighbridge_data.csv
2025-05-30 00:04:53,403 - DataManager - INFO - Reports folder: data\reports
2025-05-30 00:04:53,404 - DataManager - INFO - JSON backup folder: data\json_backups
2025-05-30 00:04:53,404 - DataManager - INFO - PDF folder: data\reports\2025-05-30
2025-05-30 00:04:53,404 - DataManager - INFO - Cloud storage will only be initialized when backup is requested
2025-05-30 00:04:53,404 - TharuniApp - INFO - Data manager initialized
2025-05-30 00:04:53,407 - TharuniApp - INFO - Settings storage initialized
2025-05-30 00:04:53,409 - TharuniApp - INFO - UI styles initialized
2025-05-30 00:04:53,409 - TharuniApp - INFO - Starting user authentication
2025-05-30 00:04:56,298 - TharuniApp - INFO - Authentication successful: admin
2025-05-30 00:04:56,298 - TharuniApp - INFO - User logged in: admin (Role: admin)
2025-05-30 00:04:56,298 - TharuniApp - INFO - Setting up data context
2025-05-30 00:04:56,299 - DataManager - INFO - CSV structure is up to date
2025-05-30 00:04:56,300 - DataManager - INFO - Data context set to: Agency='Tharuni', Site='Guntur'
2025-05-30 00:04:56,300 - DataManager - INFO - Data file: data\Tharuni_Guntur_data.csv
2025-05-30 00:04:56,300 - TharuniApp - INFO - Data context initialized: Agency='Tharuni', Site='Guntur'
2025-05-30 00:04:56,300 - TharuniApp - INFO - Data will be saved to: data\Tharuni_Guntur_data.csv
2025-05-30 00:04:56,300 - TharuniApp - INFO - PDFs will be saved to: data\reports\2025-05-30
2025-05-30 00:04:56,301 - TharuniApp - INFO - Creating application widgets
2025-05-30 00:04:56,316 - TharuniApp - INFO - Creating main panel
2025-05-30 00:04:56,320 - FormValidator - INFO - FormValidator initialized
2025-05-30 00:04:56,329 - DataManager - INFO - Successfully loaded 22 records from data\Tharuni_Guntur_data.csv
2025-05-30 00:04:57,175 - DataManager - INFO - Successfully loaded 22 records from data\Tharuni_Guntur_data.csv
2025-05-30 00:04:57,176 - TharuniApp - INFO - Main form created
2025-05-30 00:04:57,177 - DataManager - INFO - CSV structure is up to date
2025-05-30 00:04:57,178 - DataManager - INFO - Data context set to: Agency='Tharuni', Site='Guntur'
2025-05-30 00:04:57,178 - DataManager - INFO - Data file: data\Tharuni_Guntur_data.csv
2025-05-30 00:04:57,178 - DataManager - INFO - CSV structure is up to date
2025-05-30 00:04:57,179 - DataManager - INFO - Data context set to: Agency='Tharuni', Site='Guntur'
2025-05-30 00:04:57,179 - DataManager - INFO - Data file: data\Tharuni_Guntur_data.csv
2025-05-30 00:04:57,180 - DataManager - INFO - CSV structure is up to date
2025-05-30 00:04:57,180 - DataManager - INFO - Data context set to: Agency='Tharuni', Site='Guntur'
2025-05-30 00:04:57,180 - DataManager - INFO - Data file: data\Tharuni_Guntur_data.csv
2025-05-30 00:04:57,180 - PendingVehiclesPanel - INFO - PendingVehiclesPanel initialized
2025-05-30 00:04:57,183 - PendingVehiclesPanel - INFO - Refreshing pending vehicles list
2025-05-30 00:04:57,184 - DataManager - INFO - Successfully loaded 22 records from data\Tharuni_Guntur_data.csv
2025-05-30 00:04:57,185 - PendingVehiclesPanel - INFO - Retrieved 22 total records
2025-05-30 00:04:57,185 - PendingVehiclesPanel - INFO - Found 0 pending records
2025-05-30 00:04:57,185 - PendingVehiclesPanel - INFO - Successfully refreshed pending list with 0 items
2025-05-30 00:04:57,186 - TharuniApp - INFO - Pending vehicles panel created
2025-05-30 00:04:57,409 - TharuniApp - INFO - Main panel creation completed
2025-05-30 00:04:57,417 - TharuniApp - INFO - Summary panel created
2025-05-30 00:04:57,583 - TharuniApp - INFO - ✅ Data manager reference set in settings panel
2025-05-30 00:04:57,583 - TharuniApp - INFO - Widget creation completed successfully
2025-05-30 00:04:57,584 - PendingVehiclesPanel - INFO - Refreshing pending vehicles list
2025-05-30 00:04:57,584 - DataManager - INFO - Successfully loaded 22 records from data\Tharuni_Guntur_data.csv
2025-05-30 00:04:57,585 - PendingVehiclesPanel - INFO - Retrieved 22 total records
2025-05-30 00:04:57,585 - PendingVehiclesPanel - INFO - Found 0 pending records
2025-05-30 00:04:57,585 - PendingVehiclesPanel - INFO - Successfully refreshed pending list with 0 items
2025-05-30 00:04:57,586 - DataManager - INFO - Created new daily folder: data\reports\30-05
2025-05-30 00:04:57,586 - TharuniApp - INFO - Application initialization completed successfully
2025-05-30 00:04:58,594 - TharuniApp - INFO - Ensuring settings persistence...
2025-05-30 00:04:58,598 - TharuniApp - INFO - Settings persistence check completed
2025-05-30 00:04:59,238 - DataManager - INFO - Successfully loaded 22 records from data\Tharuni_Guntur_data.csv
2025-05-30 00:04:59,263 - DataManager - INFO - Successfully loaded 22 records from data\Tharuni_Guntur_data.csv
2025-05-30 00:04:59,265 - DataManager - INFO - Successfully loaded 22 records from data\Tharuni_Guntur_data.csv
2025-05-30 00:05:01,538 - DataManager - INFO - Successfully loaded 22 records from data\Tharuni_Guntur_data.csv
2025-05-30 00:05:01,540 - DataManager - INFO - Successfully loaded 22 records from data\Tharuni_Guntur_data.csv
2025-05-30 00:05:04,152 - DataManager - INFO - Successfully loaded 22 records from data\Tharuni_Guntur_data.csv
2025-05-30 00:05:04,152 - DataManager - INFO - Successfully loaded 22 records from data\Tharuni_Guntur_data.csv
2025-05-30 00:05:05,984 - DataManager - INFO - Successfully loaded 22 records from data\Tharuni_Guntur_data.csv
2025-05-30 00:05:05,985 - DataManager - INFO - Successfully loaded 22 records from data\Tharuni_Guntur_data.csv
2025-05-30 00:05:10,886 - TharuniApp - INFO - ==================================================
2025-05-30 00:05:10,886 - TharuniApp - INFO - SAVE RECORD OPERATION STARTED
2025-05-30 00:05:10,886 - FormValidator - INFO - Starting comprehensive form validation
2025-05-30 00:05:10,887 - FormValidator - INFO - Validating basic fields
2025-05-30 00:05:10,887 - FormValidator - INFO - Field values: ticket='T0022', vehicle='TS08EL0455', agency='Tharuni'
2025-05-30 00:05:10,887 - FormValidator - INFO - Basic validation passed
2025-05-30 00:05:10,888 - FormValidator - INFO - Validating weighment data
2025-05-30 00:05:10,888 - FormValidator - INFO - Weighment data: first_weight='41500.00', first_timestamp='30-05-2025 00:05:02', second_weight='5070.00', second_timestamp='30-05-2025 00:05:04'
2025-05-30 00:05:10,889 - FormValidator - INFO - Weighment validation passed
2025-05-30 00:05:10,889 - FormValidator - INFO - Validating images for second weighment
2025-05-30 00:05:10,889 - FormValidator - INFO - Images validation for second: front=False, back=False
2025-05-30 00:05:13,914 - DataManager - INFO - Successfully loaded 22 records from data\Tharuni_Guntur_data.csv
2025-05-30 00:05:13,916 - DataManager - INFO - Successfully loaded 22 records from data\Tharuni_Guntur_data.csv
2025-05-30 00:05:13,920 - FormValidator - INFO - User chose to continue without images
2025-05-30 00:05:13,920 - FormValidator - INFO - Form validation passed successfully
2025-05-30 00:05:13,922 - TharuniApp - INFO - Saving record for ticket: T0022
2025-05-30 00:05:13,923 - TharuniApp - INFO - Form data keys: ['date', 'time', 'site_name', 'agency_name', 'material', 'ticket_no', 'vehicle_no', 'transfer_party_name', 'first_weight', 'first_timestamp', 'second_weight', 'second_timestamp', 'net_weight', 'material_type', 'first_front_image', 'first_back_image', 'second_front_image', 'second_back_image', 'site_incharge', 'user_name']
2025-05-30 00:05:13,923 - TharuniApp - INFO - Record is complete: True
2025-05-30 00:05:13,924 - TharuniApp - INFO - Calling data_manager.save_record for T0022
2025-05-30 00:05:13,924 - DataManager - INFO - ==================================================
2025-05-30 00:05:13,924 - DataManager - INFO - STARTING OFFLINE-FIRST RECORD SAVE WITH JSON BACKUP
2025-05-30 00:05:13,925 - DataManager - INFO - Input data keys: ['date', 'time', 'site_name', 'agency_name', 'material', 'ticket_no', 'vehicle_no', 'transfer_party_name', 'first_weight', 'first_timestamp', 'second_weight', 'second_timestamp', 'net_weight', 'material_type', 'first_front_image', 'first_back_image', 'second_front_image', 'second_back_image', 'site_incharge', 'user_name']
2025-05-30 00:05:13,925 - DataManager - INFO - Net weight calculated: 41500.0 - 5070.0 = 36430.00
2025-05-30 00:05:13,926 - DataManager - INFO - Using data file: data\Tharuni_Guntur_data.csv
2025-05-30 00:05:13,928 - DataManager - INFO - Successfully loaded 22 records from data\Tharuni_Guntur_data.csv
2025-05-30 00:05:13,929 - DataManager - INFO - Filtered 22 records to 0 using filter: 't0022'
2025-05-30 00:05:13,930 - DataManager - INFO - Adding new record: T0022
2025-05-30 00:05:13,931 - DataManager - INFO - Adding new record to CSV
2025-05-30 00:05:13,931 - DataManager - INFO - Record data: ['30-05-2025', '00:05:13', 'Guntur', 'Tharuni', 'Inert', 'T0022', 'TS08EL0455', 'Jindal', '41500.00', '30-05-2025 00:05:02', '5070.00', '30-05-2025 00:05:04', '36430.00', 'Inert', '', '', '', '', '', 'admin']
2025-05-30 00:05:13,933 - DataManager - INFO - ✅ New record added to data\Tharuni_Guntur_data.csv
2025-05-30 00:05:13,933 - DataManager - INFO - ✅ Record T0022 saved to local CSV successfully
2025-05-30 00:05:13,934 - DataManager - INFO - Record completion status: True
2025-05-30 00:05:13,934 - DataManager - INFO - Complete record detected - saving JSON backup locally...
2025-05-30 00:05:13,935 - DataManager - INFO - Created new daily JSON folder: data\json_backups\2025-05-30
2025-05-30 00:05:13,936 - DataManager - INFO - JSON backup saved: data\json_backups\2025-05-30\T0022_Tharuni_Guntur_000513.json
2025-05-30 00:05:13,936 - DataManager - INFO - ✅ JSON backup saved locally for T0022
2025-05-30 00:05:13,936 - DataManager - INFO - Complete record detected for ticket T0022 - generating PDF locally...
2025-05-30 00:05:13,937 - DataManager - INFO - Today's reports folder ensured: data\reports\2025-05-30
2025-05-30 00:05:13,937 - DataManager - INFO - Reports will be saved to: data\reports\2025-05-30
2025-05-30 00:05:13,938 - DataManager - INFO - Today's reports folder ensured: data\reports\2025-05-30
2025-05-30 00:05:14,017 - DataManager - INFO - PDF DEBUG - Net weight for display: '36430.00 kg' (original: '36430.00')
2025-05-30 00:05:14,018 - DataManager - INFO - Building PDF document: data\reports\2025-05-30\Tharuni_Guntur_T0022_TS08EL0455_000513.pdf
2025-05-30 00:05:14,037 - DataManager - INFO - PDF created successfully: data\reports\2025-05-30\Tharuni_Guntur_T0022_TS08EL0455_000513.pdf (2886 bytes)
2025-05-30 00:05:14,038 - DataManager - INFO - Auto-generated PDF: data\reports\2025-05-30\Tharuni_Guntur_T0022_TS08EL0455_000513.pdf
2025-05-30 00:05:14,038 - DataManager - INFO - PDF saved to today's reports folder: data\reports\2025-05-30
2025-05-30 00:05:14,038 - DataManager - INFO - ✅ PDF auto-generated locally: data\reports\2025-05-30\Tharuni_Guntur_T0022_TS08EL0455_000513.pdf
2025-05-30 00:05:14,871 - DataManager - INFO - Successfully loaded 23 records from data\Tharuni_Guntur_data.csv
2025-05-30 00:05:14,872 - DataManager - INFO - Successfully loaded 23 records from data\Tharuni_Guntur_data.csv
2025-05-30 00:05:14,877 - DataManager - INFO - ✅ OFFLINE-FIRST SAVE COMPLETED - Local CSV, JSON backup, and PDF generated
2025-05-30 00:05:14,878 - DataManager - INFO - 📂 PDF saved to today's reports folder: data\reports\2025-05-30
2025-05-30 00:05:14,879 - DataManager - INFO - 💡 Cloud backup available via Settings > Cloud Storage > Backup
2025-05-30 00:05:14,879 - DataManager - INFO - ==================================================
2025-05-30 00:05:14,879 - TharuniApp - INFO - ✅ Record T0022 saved successfully
2025-05-30 00:05:14,884 - TharuniApp - INFO - ✅ Ticket T0022 completed - counter incremented
2025-05-30 00:05:14,884 - TharuniApp - INFO - Removing T0022 from pending vehicles list
2025-05-30 00:05:14,884 - PendingVehiclesPanel - INFO - Attempting to remove ticket T0022 from pending list
2025-05-30 00:05:14,885 - PendingVehiclesPanel - WARNING - Ticket T0022 not found in pending list for removal
2025-05-30 00:05:14,885 - PendingVehiclesPanel - INFO - Refreshing pending vehicles list
2025-05-30 00:05:14,886 - DataManager - INFO - Successfully loaded 23 records from data\Tharuni_Guntur_data.csv
2025-05-30 00:05:14,886 - PendingVehiclesPanel - INFO - Retrieved 23 total records
2025-05-30 00:05:14,886 - PendingVehiclesPanel - INFO - Found 0 pending records
2025-05-30 00:05:14,886 - PendingVehiclesPanel - INFO - Successfully refreshed pending list with 0 items
2025-05-30 00:05:15,175 - TharuniApp - INFO - ✅ Complete record processing finished for T0022
2025-05-30 00:05:15,176 - DataManager - INFO - Successfully loaded 23 records from data\Tharuni_Guntur_data.csv
2025-05-30 00:05:15,176 - DataManager - INFO - Returning all 23 records (no filter)
2025-05-30 00:05:15,177 - PendingVehiclesPanel - INFO - Refreshing pending vehicles list
2025-05-30 00:05:15,178 - DataManager - INFO - Successfully loaded 23 records from data\Tharuni_Guntur_data.csv
2025-05-30 00:05:15,178 - PendingVehiclesPanel - INFO - Retrieved 23 total records
2025-05-30 00:05:15,178 - PendingVehiclesPanel - INFO - Found 0 pending records
2025-05-30 00:05:15,179 - PendingVehiclesPanel - INFO - Successfully refreshed pending list with 0 items
2025-05-30 00:05:15,179 - TharuniApp - INFO - SAVE RECORD OPERATION COMPLETED SUCCESSFULLY
2025-05-30 00:05:15,179 - TharuniApp - INFO - ==================================================
2025-05-30 00:05:57,587 - PendingVehiclesPanel - INFO - Refreshing pending vehicles list
2025-05-30 00:05:57,590 - DataManager - INFO - Successfully loaded 23 records from data\Tharuni_Guntur_data.csv
2025-05-30 00:05:57,591 - PendingVehiclesPanel - INFO - Retrieved 23 total records
2025-05-30 00:05:57,592 - PendingVehiclesPanel - INFO - Found 0 pending records
2025-05-30 00:05:57,593 - PendingVehiclesPanel - INFO - Successfully refreshed pending list with 0 items
2025-05-30 00:05:57,595 - DataManager - INFO - Created new daily folder: data\reports\30-05
2025-05-30 00:06:05,390 - DataManager - INFO - Successfully loaded 23 records from data\Tharuni_Guntur_data.csv
2025-05-30 00:06:05,390 - DataManager - INFO - Successfully loaded 23 records from data\Tharuni_Guntur_data.csv
2025-05-30 00:06:05,391 - TharuniApp - INFO - Application closing - saving settings...
2025-05-30 00:06:05,396 - TharuniApp - INFO - Updating camera settings: {'front_camera_type': 'HTTP', 'front_camera_index': 1, 'front_rtsp_username': '', 'front_rtsp_password': '', 'front_rtsp_ip': '', 'front_rtsp_port': '8554', 'front_rtsp_endpoint': '/stream', 'front_http_username': '', 'front_http_password': '', 'front_http_ip': '', 'front_http_port': '80', 'front_http_endpoint': '/mjpeg', 'back_camera_type': 'HTTP', 'back_camera_index': 0, 'back_rtsp_username': '', 'back_rtsp_password': '', 'back_rtsp_ip': '', 'back_rtsp_port': '8555', 'back_rtsp_endpoint': '/stream', 'back_http_username': '', 'back_http_password': '', 'back_http_ip': '', 'back_http_port': '80', 'back_http_endpoint': '/mjpeg'}
2025-05-30 00:06:05,403 - TharuniApp - INFO - Camera settings saved for persistence
2025-05-30 00:06:05,404 - TharuniApp - INFO - ============================================================
2025-05-30 00:06:05,404 - TharuniApp - INFO - APPLICATION SHUTDOWN COMPLETED
2025-05-30 00:06:05,404 - TharuniApp - INFO - ============================================================
2025-05-30 00:10:10,892 - TharuniApp - INFO - ============================================================
2025-05-30 00:10:10,892 - TharuniApp - INFO - APPLICATION STARTUP
2025-05-30 00:10:10,892 - TharuniApp - INFO - ============================================================
2025-05-30 00:10:10,896 - TharuniApp - INFO - Configuration setup completed
2025-05-30 00:10:10,896 - DataManager - INFO - DataManager initialized with OFFLINE-FIRST approach + JSON local storage
2025-05-30 00:10:10,897 - DataManager - INFO - CSV structure is up to date
2025-05-30 00:10:10,898 - DataManager - INFO - Daily PDF folder structure ready:
2025-05-30 00:10:10,898 - DataManager - INFO -   Base reports folder: data\reports
2025-05-30 00:10:10,898 - DataManager - INFO -   Today's folder: data\reports\2025-05-30
2025-05-30 00:10:10,899 - DataManager - INFO - Data file: data\weighbridge_data.csv
2025-05-30 00:10:10,899 - DataManager - INFO - Reports folder: data\reports
2025-05-30 00:10:10,899 - DataManager - INFO - JSON backup folder: data\json_backups
2025-05-30 00:10:10,900 - DataManager - INFO - PDF folder: data\reports\2025-05-30
2025-05-30 00:10:10,900 - DataManager - INFO - Cloud storage will only be initialized when backup is requested
2025-05-30 00:10:10,900 - TharuniApp - INFO - Data manager initialized
2025-05-30 00:10:10,904 - TharuniApp - INFO - Settings storage initialized
2025-05-30 00:10:10,906 - TharuniApp - INFO - UI styles initialized
2025-05-30 00:10:10,906 - TharuniApp - INFO - Starting user authentication
2025-05-30 00:10:14,073 - TharuniApp - INFO - Authentication successful: admin
2025-05-30 00:10:14,074 - TharuniApp - INFO - User logged in: admin (Role: admin)
2025-05-30 00:10:14,074 - TharuniApp - INFO - Setting up data context
2025-05-30 00:10:14,075 - DataManager - INFO - CSV structure is up to date
2025-05-30 00:10:14,075 - DataManager - INFO - Data context set to: Agency='Tharuni', Site='Guntur'
2025-05-30 00:10:14,075 - DataManager - INFO - Data file: data\Tharuni_Guntur_data.csv
2025-05-30 00:10:14,075 - TharuniApp - INFO - Data context initialized: Agency='Tharuni', Site='Guntur'
2025-05-30 00:10:14,075 - TharuniApp - INFO - Data will be saved to: data\Tharuni_Guntur_data.csv
2025-05-30 00:10:14,076 - TharuniApp - INFO - PDFs will be saved to: data\reports\2025-05-30
2025-05-30 00:10:14,076 - TharuniApp - INFO - Creating application widgets
2025-05-30 00:10:14,091 - TharuniApp - INFO - Creating main panel
2025-05-30 00:10:14,095 - FormValidator - INFO - FormValidator initialized
2025-05-30 00:10:14,105 - DataManager - INFO - Successfully loaded 23 records from data\Tharuni_Guntur_data.csv
2025-05-30 00:10:15,056 - DataManager - INFO - Successfully loaded 23 records from data\Tharuni_Guntur_data.csv
2025-05-30 00:10:15,057 - TharuniApp - INFO - Main form created
2025-05-30 00:10:15,058 - DataManager - INFO - CSV structure is up to date
2025-05-30 00:10:15,058 - DataManager - INFO - Data context set to: Agency='Tharuni', Site='Guntur'
2025-05-30 00:10:15,059 - DataManager - INFO - Data file: data\Tharuni_Guntur_data.csv
2025-05-30 00:10:15,059 - DataManager - INFO - CSV structure is up to date
2025-05-30 00:10:15,060 - DataManager - INFO - Data context set to: Agency='Tharuni', Site='Guntur'
2025-05-30 00:10:15,060 - DataManager - INFO - Data file: data\Tharuni_Guntur_data.csv
2025-05-30 00:10:15,060 - DataManager - INFO - CSV structure is up to date
2025-05-30 00:10:15,061 - DataManager - INFO - Data context set to: Agency='Tharuni', Site='Guntur'
2025-05-30 00:10:15,061 - DataManager - INFO - Data file: data\Tharuni_Guntur_data.csv
2025-05-30 00:10:15,061 - PendingVehiclesPanel - INFO - PendingVehiclesPanel initialized
2025-05-30 00:10:15,064 - PendingVehiclesPanel - INFO - Refreshing pending vehicles list
2025-05-30 00:10:15,065 - DataManager - INFO - Successfully loaded 23 records from data\Tharuni_Guntur_data.csv
2025-05-30 00:10:15,065 - PendingVehiclesPanel - INFO - Retrieved 23 total records
2025-05-30 00:10:15,066 - PendingVehiclesPanel - INFO - Found 0 pending records
2025-05-30 00:10:15,066 - PendingVehiclesPanel - INFO - Successfully refreshed pending list with 0 items
2025-05-30 00:10:15,066 - TharuniApp - INFO - Pending vehicles panel created
2025-05-30 00:10:15,264 - TharuniApp - INFO - Main panel creation completed
2025-05-30 00:10:15,271 - TharuniApp - INFO - Summary panel created
2025-05-30 00:10:15,429 - TharuniApp - INFO - ✅ Data manager reference set in settings panel
2025-05-30 00:10:15,430 - TharuniApp - INFO - Widget creation completed successfully
2025-05-30 00:10:15,430 - PendingVehiclesPanel - INFO - Refreshing pending vehicles list
2025-05-30 00:10:15,431 - DataManager - INFO - Successfully loaded 23 records from data\Tharuni_Guntur_data.csv
2025-05-30 00:10:15,431 - PendingVehiclesPanel - INFO - Retrieved 23 total records
2025-05-30 00:10:15,431 - PendingVehiclesPanel - INFO - Found 0 pending records
2025-05-30 00:10:15,432 - PendingVehiclesPanel - INFO - Successfully refreshed pending list with 0 items
2025-05-30 00:10:15,432 - DataManager - INFO - Created new daily folder: data\reports\30-05
2025-05-30 00:10:15,432 - TharuniApp - INFO - Application initialization completed successfully
2025-05-30 00:10:16,432 - TharuniApp - INFO - Ensuring settings persistence...
2025-05-30 00:10:16,435 - TharuniApp - INFO - Settings persistence check completed
2025-05-30 00:10:17,776 - DataManager - INFO - Successfully loaded 23 records from data\Tharuni_Guntur_data.csv
2025-05-30 00:10:17,784 - DataManager - INFO - Successfully loaded 23 records from data\Tharuni_Guntur_data.csv
2025-05-30 00:10:17,785 - DataManager - INFO - Successfully loaded 23 records from data\Tharuni_Guntur_data.csv
2025-05-30 00:10:18,626 - DataManager - INFO - Successfully loaded 23 records from data\Tharuni_Guntur_data.csv
2025-05-30 00:10:18,628 - DataManager - INFO - Successfully loaded 23 records from data\Tharuni_Guntur_data.csv
2025-05-30 00:10:20,320 - DataManager - INFO - Successfully loaded 23 records from data\Tharuni_Guntur_data.csv
2025-05-30 00:10:20,321 - DataManager - INFO - Successfully loaded 23 records from data\Tharuni_Guntur_data.csv
2025-05-30 00:10:21,752 - DataManager - INFO - Successfully loaded 23 records from data\Tharuni_Guntur_data.csv
2025-05-30 00:10:21,753 - DataManager - INFO - Successfully loaded 23 records from data\Tharuni_Guntur_data.csv
2025-05-30 00:10:26,114 - TharuniApp - INFO - ==================================================
2025-05-30 00:10:26,114 - TharuniApp - INFO - SAVE RECORD OPERATION STARTED
2025-05-30 00:10:26,115 - FormValidator - INFO - Starting comprehensive form validation
2025-05-30 00:10:26,115 - FormValidator - INFO - Validating basic fields
2025-05-30 00:10:26,116 - FormValidator - INFO - Field values: ticket='T0023', vehicle='TS04UA4444', agency='Tharuni'
2025-05-30 00:10:26,116 - FormValidator - INFO - Basic validation passed
2025-05-30 00:10:26,117 - FormValidator - INFO - Validating weighment data
2025-05-30 00:10:26,117 - FormValidator - INFO - Weighment data: first_weight='36710.00', first_timestamp='30-05-2025 00:10:19', second_weight='6750.00', second_timestamp='30-05-2025 00:10:20'
2025-05-30 00:10:26,118 - FormValidator - INFO - Weighment validation passed
2025-05-30 00:10:26,118 - FormValidator - INFO - Validating images for second weighment
2025-05-30 00:10:26,119 - FormValidator - INFO - Images validation for second: front=False, back=False
2025-05-30 00:10:27,366 - DataManager - INFO - Successfully loaded 23 records from data\Tharuni_Guntur_data.csv
2025-05-30 00:10:27,366 - DataManager - INFO - Successfully loaded 23 records from data\Tharuni_Guntur_data.csv
2025-05-30 00:10:27,370 - FormValidator - INFO - User chose to continue without images
2025-05-30 00:10:27,370 - FormValidator - INFO - Form validation passed successfully
2025-05-30 00:10:27,371 - TharuniApp - INFO - Saving record for ticket: T0023
2025-05-30 00:10:27,372 - TharuniApp - INFO - Form data keys: ['date', 'time', 'site_name', 'agency_name', 'material', 'ticket_no', 'vehicle_no', 'transfer_party_name', 'first_weight', 'first_timestamp', 'second_weight', 'second_timestamp', 'net_weight', 'material_type', 'first_front_image', 'first_back_image', 'second_front_image', 'second_back_image', 'site_incharge', 'user_name']
2025-05-30 00:10:27,372 - TharuniApp - INFO - Record is complete: True
2025-05-30 00:10:27,373 - TharuniApp - INFO - Calling data_manager.save_record for T0023
2025-05-30 00:10:27,373 - DataManager - INFO - ==================================================
2025-05-30 00:10:27,373 - DataManager - INFO - STARTING OFFLINE-FIRST RECORD SAVE WITH JSON BACKUP
2025-05-30 00:10:27,373 - DataManager - INFO - Input data keys: ['date', 'time', 'site_name', 'agency_name', 'material', 'ticket_no', 'vehicle_no', 'transfer_party_name', 'first_weight', 'first_timestamp', 'second_weight', 'second_timestamp', 'net_weight', 'material_type', 'first_front_image', 'first_back_image', 'second_front_image', 'second_back_image', 'site_incharge', 'user_name']
2025-05-30 00:10:27,373 - DataManager - INFO - Net weight calculated: 36710.0 - 6750.0 = 29960.00
2025-05-30 00:10:27,374 - DataManager - INFO - Using data file: data\Tharuni_Guntur_data.csv
2025-05-30 00:10:27,374 - DataManager - INFO - Successfully loaded 23 records from data\Tharuni_Guntur_data.csv
2025-05-30 00:10:27,375 - DataManager - INFO - Filtered 23 records to 0 using filter: 't0023'
2025-05-30 00:10:27,375 - DataManager - INFO - Adding new record: T0023
2025-05-30 00:10:27,376 - DataManager - INFO - Adding new record to CSV
2025-05-30 00:10:27,376 - DataManager - INFO - Record data: ['30-05-2025', '00:10:27', 'Guntur', 'Tharuni', 'Inert', 'T0023', 'TS04UA4444', 'Jindal', '36710.00', '30-05-2025 00:10:19', '6750.00', '30-05-2025 00:10:20', '29960.00', 'Inert', '', '', '', '', '', 'admin']
2025-05-30 00:10:27,377 - DataManager - INFO - ✅ New record added to data\Tharuni_Guntur_data.csv
2025-05-30 00:10:27,378 - DataManager - INFO - ✅ Record T0023 saved to local CSV successfully
2025-05-30 00:10:27,378 - DataManager - INFO - Record completion status: True
2025-05-30 00:10:27,378 - DataManager - INFO - Complete record detected - saving JSON backup locally...
2025-05-30 00:10:27,379 - DataManager - INFO - Created new daily JSON folder: data\json_backups\2025-05-30
2025-05-30 00:10:27,383 - DataManager - INFO - JSON backup saved: data\json_backups\2025-05-30\T0023_Tharuni_Guntur_001027.json
2025-05-30 00:10:27,384 - DataManager - INFO - ✅ JSON backup saved locally for T0023
2025-05-30 00:10:27,384 - DataManager - INFO - Complete record detected for ticket T0023 - generating PDF locally...
2025-05-30 00:10:27,386 - DataManager - INFO - Today's reports folder ensured: data\reports\2025-05-30
2025-05-30 00:10:27,386 - DataManager - INFO - Reports will be saved to: data\reports\2025-05-30
2025-05-30 00:10:27,387 - DataManager - INFO - Today's reports folder ensured: data\reports\2025-05-30
2025-05-30 00:10:27,389 - DataManager - INFO - SIMPLE TEST - Net display: '29960.00 kg'
2025-05-30 00:10:27,390 - DataManager - INFO - Building PDF document: data\reports\2025-05-30\Tharuni_Guntur_T0023_TS04UA4444_001027.pdf
2025-05-30 00:10:27,404 - DataManager - INFO - PDF created successfully: data\reports\2025-05-30\Tharuni_Guntur_T0023_TS04UA4444_001027.pdf (3434 bytes)
2025-05-30 00:10:27,404 - DataManager - INFO - Auto-generated PDF: data\reports\2025-05-30\Tharuni_Guntur_T0023_TS04UA4444_001027.pdf
2025-05-30 00:10:27,405 - DataManager - INFO - PDF saved to today's reports folder: data\reports\2025-05-30
2025-05-30 00:10:27,405 - DataManager - INFO - ✅ PDF auto-generated locally: data\reports\2025-05-30\Tharuni_Guntur_T0023_TS04UA4444_001027.pdf
2025-05-30 00:10:28,719 - DataManager - INFO - Successfully loaded 24 records from data\Tharuni_Guntur_data.csv
2025-05-30 00:10:28,720 - DataManager - INFO - Successfully loaded 24 records from data\Tharuni_Guntur_data.csv
2025-05-30 00:10:28,725 - DataManager - INFO - ✅ OFFLINE-FIRST SAVE COMPLETED - Local CSV, JSON backup, and PDF generated
2025-05-30 00:10:28,725 - DataManager - INFO - 📂 PDF saved to today's reports folder: data\reports\2025-05-30
2025-05-30 00:10:28,725 - DataManager - INFO - 💡 Cloud backup available via Settings > Cloud Storage > Backup
2025-05-30 00:10:28,726 - DataManager - INFO - ==================================================
2025-05-30 00:10:28,726 - TharuniApp - INFO - ✅ Record T0023 saved successfully
2025-05-30 00:10:28,733 - TharuniApp - INFO - ✅ Ticket T0023 completed - counter incremented
2025-05-30 00:10:28,733 - TharuniApp - INFO - Removing T0023 from pending vehicles list
2025-05-30 00:10:28,733 - PendingVehiclesPanel - INFO - Attempting to remove ticket T0023 from pending list
2025-05-30 00:10:28,734 - PendingVehiclesPanel - WARNING - Ticket T0023 not found in pending list for removal
2025-05-30 00:10:28,734 - PendingVehiclesPanel - INFO - Refreshing pending vehicles list
2025-05-30 00:10:28,734 - DataManager - INFO - Successfully loaded 24 records from data\Tharuni_Guntur_data.csv
2025-05-30 00:10:28,735 - PendingVehiclesPanel - INFO - Retrieved 24 total records
2025-05-30 00:10:28,735 - PendingVehiclesPanel - INFO - Found 0 pending records
2025-05-30 00:10:28,735 - PendingVehiclesPanel - INFO - Successfully refreshed pending list with 0 items
2025-05-30 00:10:29,025 - TharuniApp - INFO - ✅ Complete record processing finished for T0023
2025-05-30 00:10:29,026 - DataManager - INFO - Successfully loaded 24 records from data\Tharuni_Guntur_data.csv
2025-05-30 00:10:29,026 - DataManager - INFO - Returning all 24 records (no filter)
2025-05-30 00:10:29,027 - PendingVehiclesPanel - INFO - Refreshing pending vehicles list
2025-05-30 00:10:29,027 - DataManager - INFO - Successfully loaded 24 records from data\Tharuni_Guntur_data.csv
2025-05-30 00:10:29,027 - PendingVehiclesPanel - INFO - Retrieved 24 total records
2025-05-30 00:10:29,028 - PendingVehiclesPanel - INFO - Found 0 pending records
2025-05-30 00:10:29,028 - PendingVehiclesPanel - INFO - Successfully refreshed pending list with 0 items
2025-05-30 00:10:29,028 - TharuniApp - INFO - SAVE RECORD OPERATION COMPLETED SUCCESSFULLY
2025-05-30 00:10:29,029 - TharuniApp - INFO - ==================================================
2025-05-30 00:11:15,433 - PendingVehiclesPanel - INFO - Refreshing pending vehicles list
2025-05-30 00:11:15,434 - DataManager - INFO - Successfully loaded 24 records from data\Tharuni_Guntur_data.csv
2025-05-30 00:11:15,434 - PendingVehiclesPanel - INFO - Retrieved 24 total records
2025-05-30 00:11:15,435 - PendingVehiclesPanel - INFO - Found 0 pending records
2025-05-30 00:11:15,435 - PendingVehiclesPanel - INFO - Successfully refreshed pending list with 0 items
2025-05-30 00:11:15,435 - DataManager - INFO - Created new daily folder: data\reports\30-05
2025-05-30 00:12:04,299 - DataManager - INFO - Successfully loaded 24 records from data\Tharuni_Guntur_data.csv
2025-05-30 00:12:04,301 - DataManager - INFO - Successfully loaded 24 records from data\Tharuni_Guntur_data.csv
2025-05-30 00:12:05,688 - TharuniApp - INFO - Application closing - saving settings...
2025-05-30 00:12:05,699 - TharuniApp - INFO - Updating camera settings: {'front_camera_type': 'HTTP', 'front_camera_index': 1, 'front_rtsp_username': '', 'front_rtsp_password': '', 'front_rtsp_ip': '', 'front_rtsp_port': '8554', 'front_rtsp_endpoint': '/stream', 'front_http_username': '', 'front_http_password': '', 'front_http_ip': '', 'front_http_port': '80', 'front_http_endpoint': '/mjpeg', 'back_camera_type': 'HTTP', 'back_camera_index': 0, 'back_rtsp_username': '', 'back_rtsp_password': '', 'back_rtsp_ip': '', 'back_rtsp_port': '8555', 'back_rtsp_endpoint': '/stream', 'back_http_username': '', 'back_http_password': '', 'back_http_ip': '', 'back_http_port': '80', 'back_http_endpoint': '/mjpeg'}
2025-05-30 00:12:05,709 - TharuniApp - INFO - Camera settings saved for persistence
2025-05-30 00:12:05,711 - TharuniApp - INFO - ============================================================
2025-05-30 00:12:05,711 - TharuniApp - INFO - APPLICATION SHUTDOWN COMPLETED
2025-05-30 00:12:05,712 - TharuniApp - INFO - ============================================================
2025-05-30 00:12:12,352 - TharuniApp - INFO - ============================================================
2025-05-30 00:12:12,352 - TharuniApp - INFO - APPLICATION STARTUP
2025-05-30 00:12:12,352 - TharuniApp - INFO - ============================================================
2025-05-30 00:12:12,356 - TharuniApp - INFO - Configuration setup completed
2025-05-30 00:12:12,357 - DataManager - INFO - DataManager initialized with OFFLINE-FIRST approach + JSON local storage
2025-05-30 00:12:12,358 - DataManager - INFO - CSV structure is up to date
2025-05-30 00:12:12,360 - DataManager - INFO - Daily PDF folder structure ready:
2025-05-30 00:12:12,360 - DataManager - INFO -   Base reports folder: data\reports
2025-05-30 00:12:12,360 - DataManager - INFO -   Today's folder: data\reports\2025-05-30
2025-05-30 00:12:12,361 - DataManager - INFO - Data file: data\weighbridge_data.csv
2025-05-30 00:12:12,361 - DataManager - INFO - Reports folder: data\reports
2025-05-30 00:12:12,362 - DataManager - INFO - JSON backup folder: data\json_backups
2025-05-30 00:12:12,362 - DataManager - INFO - PDF folder: data\reports\2025-05-30
2025-05-30 00:12:12,362 - DataManager - INFO - Cloud storage will only be initialized when backup is requested
2025-05-30 00:12:12,363 - TharuniApp - INFO - Data manager initialized
2025-05-30 00:12:12,366 - TharuniApp - INFO - Settings storage initialized
2025-05-30 00:12:12,368 - TharuniApp - INFO - UI styles initialized
2025-05-30 00:12:12,368 - TharuniApp - INFO - Starting user authentication
2025-05-30 00:12:15,162 - TharuniApp - INFO - Authentication successful: admin
2025-05-30 00:12:15,163 - TharuniApp - INFO - User logged in: admin (Role: admin)
2025-05-30 00:12:15,163 - TharuniApp - INFO - Setting up data context
2025-05-30 00:12:15,164 - DataManager - INFO - CSV structure is up to date
2025-05-30 00:12:15,164 - DataManager - INFO - Data context set to: Agency='Tharuni', Site='Guntur'
2025-05-30 00:12:15,164 - DataManager - INFO - Data file: data\Tharuni_Guntur_data.csv
2025-05-30 00:12:15,164 - TharuniApp - INFO - Data context initialized: Agency='Tharuni', Site='Guntur'
2025-05-30 00:12:15,164 - TharuniApp - INFO - Data will be saved to: data\Tharuni_Guntur_data.csv
2025-05-30 00:12:15,165 - TharuniApp - INFO - PDFs will be saved to: data\reports\2025-05-30
2025-05-30 00:12:15,165 - TharuniApp - INFO - Creating application widgets
2025-05-30 00:12:15,180 - TharuniApp - INFO - Creating main panel
2025-05-30 00:12:15,185 - FormValidator - INFO - FormValidator initialized
2025-05-30 00:12:15,192 - DataManager - INFO - Successfully loaded 24 records from data\Tharuni_Guntur_data.csv
2025-05-30 00:12:16,166 - DataManager - INFO - Successfully loaded 24 records from data\Tharuni_Guntur_data.csv
2025-05-30 00:12:16,167 - TharuniApp - INFO - Main form created
2025-05-30 00:12:16,169 - DataManager - INFO - CSV structure is up to date
2025-05-30 00:12:16,169 - DataManager - INFO - Data context set to: Agency='Tharuni', Site='Guntur'
2025-05-30 00:12:16,170 - DataManager - INFO - Data file: data\Tharuni_Guntur_data.csv
2025-05-30 00:12:16,171 - DataManager - INFO - CSV structure is up to date
2025-05-30 00:12:16,171 - DataManager - INFO - Data context set to: Agency='Tharuni', Site='Guntur'
2025-05-30 00:12:16,171 - DataManager - INFO - Data file: data\Tharuni_Guntur_data.csv
2025-05-30 00:12:16,172 - DataManager - INFO - CSV structure is up to date
2025-05-30 00:12:16,172 - DataManager - INFO - Data context set to: Agency='Tharuni', Site='Guntur'
2025-05-30 00:12:16,173 - DataManager - INFO - Data file: data\Tharuni_Guntur_data.csv
2025-05-30 00:12:16,174 - PendingVehiclesPanel - INFO - PendingVehiclesPanel initialized
2025-05-30 00:12:16,179 - PendingVehiclesPanel - INFO - Refreshing pending vehicles list
2025-05-30 00:12:16,181 - DataManager - INFO - Successfully loaded 24 records from data\Tharuni_Guntur_data.csv
2025-05-30 00:12:16,181 - PendingVehiclesPanel - INFO - Retrieved 24 total records
2025-05-30 00:12:16,182 - PendingVehiclesPanel - INFO - Found 0 pending records
2025-05-30 00:12:16,182 - PendingVehiclesPanel - INFO - Successfully refreshed pending list with 0 items
2025-05-30 00:12:16,183 - TharuniApp - INFO - Pending vehicles panel created
2025-05-30 00:12:16,457 - TharuniApp - INFO - Main panel creation completed
2025-05-30 00:12:16,467 - TharuniApp - INFO - Summary panel created
2025-05-30 00:12:16,637 - TharuniApp - INFO - ✅ Data manager reference set in settings panel
2025-05-30 00:12:16,637 - TharuniApp - INFO - Widget creation completed successfully
2025-05-30 00:12:16,637 - PendingVehiclesPanel - INFO - Refreshing pending vehicles list
2025-05-30 00:12:16,638 - DataManager - INFO - Successfully loaded 24 records from data\Tharuni_Guntur_data.csv
2025-05-30 00:12:16,638 - PendingVehiclesPanel - INFO - Retrieved 24 total records
2025-05-30 00:12:16,639 - PendingVehiclesPanel - INFO - Found 0 pending records
2025-05-30 00:12:16,639 - PendingVehiclesPanel - INFO - Successfully refreshed pending list with 0 items
2025-05-30 00:12:16,640 - DataManager - INFO - Created new daily folder: data\reports\30-05
2025-05-30 00:12:16,641 - TharuniApp - INFO - Application initialization completed successfully
2025-05-30 00:12:17,709 - TharuniApp - INFO - Ensuring settings persistence...
2025-05-30 00:12:17,712 - TharuniApp - INFO - Settings persistence check completed
2025-05-30 00:12:19,513 - DataManager - INFO - Successfully loaded 24 records from data\Tharuni_Guntur_data.csv
2025-05-30 00:12:19,539 - DataManager - INFO - Successfully loaded 24 records from data\Tharuni_Guntur_data.csv
2025-05-30 00:12:19,541 - DataManager - INFO - Successfully loaded 24 records from data\Tharuni_Guntur_data.csv
2025-05-30 00:12:20,813 - DataManager - INFO - Successfully loaded 24 records from data\Tharuni_Guntur_data.csv
2025-05-30 00:12:20,814 - DataManager - INFO - Successfully loaded 24 records from data\Tharuni_Guntur_data.csv
2025-05-30 00:12:22,936 - DataManager - INFO - Successfully loaded 24 records from data\Tharuni_Guntur_data.csv
2025-05-30 00:12:22,937 - DataManager - INFO - Successfully loaded 24 records from data\Tharuni_Guntur_data.csv
2025-05-30 00:12:26,116 - FormValidator - INFO - Vehicle validation passed: TS11UF1111
2025-05-30 00:12:27,201 - DataManager - INFO - Successfully loaded 24 records from data\Tharuni_Guntur_data.csv
2025-05-30 00:12:27,202 - DataManager - INFO - Successfully loaded 24 records from data\Tharuni_Guntur_data.csv
2025-05-30 00:12:28,714 - TharuniApp - INFO - ==================================================
2025-05-30 00:12:28,715 - TharuniApp - INFO - SAVE RECORD OPERATION STARTED
2025-05-30 00:12:28,715 - FormValidator - INFO - Starting comprehensive form validation
2025-05-30 00:12:28,716 - FormValidator - INFO - Validating basic fields
2025-05-30 00:12:28,716 - FormValidator - INFO - Field values: ticket='T0024', vehicle='TS11UF1111', agency='Tharuni'
2025-05-30 00:12:28,717 - FormValidator - INFO - Basic validation passed
2025-05-30 00:12:28,717 - FormValidator - INFO - Validating weighment data
2025-05-30 00:12:28,718 - FormValidator - INFO - Weighment data: first_weight='25630.00', first_timestamp='30-05-2025 00:12:21', second_weight='', second_timestamp=''
2025-05-30 00:12:28,718 - FormValidator - INFO - Weighment validation passed
2025-05-30 00:12:28,719 - FormValidator - INFO - Validating images for second weighment
2025-05-30 00:12:28,719 - FormValidator - INFO - Images validation for second: front=True, back=False
2025-05-30 00:12:28,720 - FormValidator - INFO - Form validation passed successfully
2025-05-30 00:12:28,721 - TharuniApp - INFO - Saving record for ticket: T0024
2025-05-30 00:12:28,721 - TharuniApp - INFO - Form data keys: ['date', 'time', 'site_name', 'agency_name', 'material', 'ticket_no', 'vehicle_no', 'transfer_party_name', 'first_weight', 'first_timestamp', 'second_weight', 'second_timestamp', 'net_weight', 'material_type', 'first_front_image', 'first_back_image', 'second_front_image', 'second_back_image', 'site_incharge', 'user_name']
2025-05-30 00:12:28,721 - TharuniApp - INFO - Record is complete: False
2025-05-30 00:12:28,722 - TharuniApp - INFO - Calling data_manager.save_record for T0024
2025-05-30 00:12:28,722 - DataManager - INFO - ==================================================
2025-05-30 00:12:28,722 - DataManager - INFO - STARTING OFFLINE-FIRST RECORD SAVE WITH JSON BACKUP
2025-05-30 00:12:28,722 - DataManager - INFO - Input data keys: ['date', 'time', 'site_name', 'agency_name', 'material', 'ticket_no', 'vehicle_no', 'transfer_party_name', 'first_weight', 'first_timestamp', 'second_weight', 'second_timestamp', 'net_weight', 'material_type', 'first_front_image', 'first_back_image', 'second_front_image', 'second_back_image', 'site_incharge', 'user_name']
2025-05-30 00:12:28,723 - DataManager - INFO - Net weight cleared - incomplete weighments
2025-05-30 00:12:28,724 - DataManager - INFO - Using data file: data\Tharuni_Guntur_data.csv
2025-05-30 00:12:28,724 - DataManager - INFO - Successfully loaded 24 records from data\Tharuni_Guntur_data.csv
2025-05-30 00:12:28,725 - DataManager - INFO - Filtered 24 records to 0 using filter: 't0024'
2025-05-30 00:12:28,725 - DataManager - INFO - Adding new record: T0024
2025-05-30 00:12:28,725 - DataManager - INFO - Adding new record to CSV
2025-05-30 00:12:28,726 - DataManager - INFO - Record data: ['30-05-2025', '00:12:28', 'Guntur', 'Tharuni', 'Inert', 'T0024', 'TS11UF1111', 'Jindal', '25630.00', '30-05-2025 00:12:21', '', '', '', 'Inert', '', '', 'Guntur_TS11UF1111_20250530_001226_2nd_front.jpg', '', '', 'admin']
2025-05-30 00:12:28,727 - DataManager - INFO - ✅ New record added to data\Tharuni_Guntur_data.csv
2025-05-30 00:12:28,727 - DataManager - INFO - ✅ Record T0024 saved to local CSV successfully
2025-05-30 00:12:28,727 - DataManager - INFO - Record completion status: False
2025-05-30 00:12:29,635 - DataManager - INFO - Successfully loaded 25 records from data\Tharuni_Guntur_data.csv
2025-05-30 00:12:29,636 - DataManager - INFO - Successfully loaded 25 records from data\Tharuni_Guntur_data.csv
2025-05-30 00:12:29,645 - DataManager - INFO - ✅ OFFLINE-FIRST SAVE COMPLETED - Local CSV, JSON backup, and PDF generated
2025-05-30 00:12:29,645 - DataManager - INFO - 💡 Cloud backup available via Settings > Cloud Storage > Backup
2025-05-30 00:12:29,646 - DataManager - INFO - ==================================================
2025-05-30 00:12:29,646 - TharuniApp - INFO - ✅ Record T0024 saved successfully
2025-05-30 00:12:29,646 - TharuniApp - INFO - First weighment saved for ticket T0024 - counter NOT incremented
2025-05-30 00:12:30,409 - DataManager - INFO - Successfully loaded 25 records from data\Tharuni_Guntur_data.csv
2025-05-30 00:12:30,410 - DataManager - INFO - Successfully loaded 25 records from data\Tharuni_Guntur_data.csv
2025-05-30 00:12:30,724 - DataManager - INFO - Successfully loaded 25 records from data\Tharuni_Guntur_data.csv
2025-05-30 00:12:30,724 - DataManager - INFO - Returning all 25 records (no filter)
2025-05-30 00:12:30,725 - PendingVehiclesPanel - INFO - Refreshing pending vehicles list
2025-05-30 00:12:30,726 - DataManager - INFO - Successfully loaded 25 records from data\Tharuni_Guntur_data.csv
2025-05-30 00:12:30,727 - PendingVehiclesPanel - INFO - Retrieved 25 total records
2025-05-30 00:12:30,727 - PendingVehiclesPanel - INFO - Added to pending: T0024
2025-05-30 00:12:30,727 - PendingVehiclesPanel - INFO - Found 1 pending records
2025-05-30 00:12:30,728 - PendingVehiclesPanel - INFO - Successfully refreshed pending list with 1 items
2025-05-30 00:12:30,729 - TharuniApp - INFO - SAVE RECORD OPERATION COMPLETED SUCCESSFULLY
2025-05-30 00:12:30,729 - TharuniApp - INFO - ==================================================
2025-05-30 00:12:40,299 - DataManager - INFO - Successfully loaded 25 records from data\Tharuni_Guntur_data.csv
2025-05-30 00:12:40,299 - DataManager - INFO - Successfully loaded 25 records from data\Tharuni_Guntur_data.csv
2025-05-30 00:12:44,269 - PendingVehiclesPanel - INFO - Double-clicked on ticket: T0024
2025-05-30 00:12:44,270 - TharuniApp - INFO - Loading pending vehicle: T0024
2025-05-30 00:12:44,272 - DataManager - INFO - Successfully loaded 25 records from data\Tharuni_Guntur_data.csv
2025-05-30 00:12:44,273 - DataManager - INFO - Filtered 25 records to 1 using filter: 't0024'
2025-05-30 00:12:44,275 - DataManager - INFO - CSV structure is up to date
2025-05-30 00:12:44,276 - DataManager - INFO - Data context set to: Agency='Tharuni', Site='Guntur'
2025-05-30 00:12:44,277 - DataManager - INFO - Data file: data\Tharuni_Guntur_data.csv
2025-05-30 00:12:44,284 - TharuniApp - INFO - Successfully loaded pending ticket: T0024
2025-05-30 00:12:51,057 - TharuniApp - INFO - ==================================================
2025-05-30 00:12:51,058 - TharuniApp - INFO - SAVE RECORD OPERATION STARTED
2025-05-30 00:12:51,058 - FormValidator - INFO - Starting comprehensive form validation
2025-05-30 00:12:51,058 - FormValidator - INFO - Validating basic fields
2025-05-30 00:12:51,058 - FormValidator - INFO - Field values: ticket='T0024', vehicle='TS11UF1111', agency='Tharuni'
2025-05-30 00:12:51,059 - FormValidator - INFO - Basic validation passed
2025-05-30 00:12:51,059 - FormValidator - INFO - Validating weighment data
2025-05-30 00:12:51,059 - FormValidator - INFO - Weighment data: first_weight='25630.00', first_timestamp='30-05-2025 00:12:21', second_weight='5450.00', second_timestamp='30-05-2025 00:12:46'
2025-05-30 00:12:51,059 - FormValidator - INFO - Weighment validation passed
2025-05-30 00:12:51,059 - FormValidator - INFO - Validating images for second weighment
2025-05-30 00:12:51,060 - FormValidator - INFO - Images validation for second: front=True, back=False
2025-05-30 00:12:51,060 - FormValidator - INFO - Form validation passed successfully
2025-05-30 00:12:51,061 - TharuniApp - INFO - Saving record for ticket: T0024
2025-05-30 00:12:51,061 - TharuniApp - INFO - Form data keys: ['date', 'time', 'site_name', 'agency_name', 'material', 'ticket_no', 'vehicle_no', 'transfer_party_name', 'first_weight', 'first_timestamp', 'second_weight', 'second_timestamp', 'net_weight', 'material_type', 'first_front_image', 'first_back_image', 'second_front_image', 'second_back_image', 'site_incharge', 'user_name']
2025-05-30 00:12:51,061 - TharuniApp - INFO - Record is complete: True
2025-05-30 00:12:51,061 - TharuniApp - INFO - Calling data_manager.save_record for T0024
2025-05-30 00:12:51,062 - DataManager - INFO - ==================================================
2025-05-30 00:12:51,062 - DataManager - INFO - STARTING OFFLINE-FIRST RECORD SAVE WITH JSON BACKUP
2025-05-30 00:12:51,062 - DataManager - INFO - Input data keys: ['date', 'time', 'site_name', 'agency_name', 'material', 'ticket_no', 'vehicle_no', 'transfer_party_name', 'first_weight', 'first_timestamp', 'second_weight', 'second_timestamp', 'net_weight', 'material_type', 'first_front_image', 'first_back_image', 'second_front_image', 'second_back_image', 'site_incharge', 'user_name']
2025-05-30 00:12:51,062 - DataManager - INFO - Net weight calculated: 25630.0 - 5450.0 = 20180.00
2025-05-30 00:12:51,062 - DataManager - INFO - Using data file: data\Tharuni_Guntur_data.csv
2025-05-30 00:12:51,063 - DataManager - INFO - Successfully loaded 25 records from data\Tharuni_Guntur_data.csv
2025-05-30 00:12:51,063 - DataManager - INFO - Filtered 25 records to 1 using filter: 't0024'
2025-05-30 00:12:51,064 - DataManager - INFO - Updating existing record: T0024
2025-05-30 00:12:51,064 - DataManager - INFO - Updating record T0024 in data\Tharuni_Guntur_data.csv
2025-05-30 00:12:51,065 - DataManager - INFO - Read 25 records from CSV
2025-05-30 00:12:51,065 - DataManager - INFO - Found record to update at index 24
2025-05-30 00:12:51,065 - DataManager - INFO - Updated record data: ['30-05-2025', '00:12:51', 'Guntur', 'Tharuni', 'Inert', 'T0024', 'TS11UF1111', 'Jindal', '25630.00', '30-05-2025 00:12:21', '5450.00', '30-05-2025 00:12:46', '20180.00', 'Inert', '', '', 'Guntur_TS11UF1111_20250530_001226_2nd_front.jpg', '', '', 'admin']
2025-05-30 00:12:51,070 - DataManager - INFO - ✅ Record T0024 updated in data\Tharuni_Guntur_data.csv
2025-05-30 00:12:51,071 - DataManager - INFO - ✅ Record T0024 saved to local CSV successfully
2025-05-30 00:12:51,071 - DataManager - INFO - Record completion status: True
2025-05-30 00:12:51,071 - DataManager - INFO - Complete record detected - saving JSON backup locally...
2025-05-30 00:12:51,072 - DataManager - INFO - Created new daily JSON folder: data\json_backups\2025-05-30
2025-05-30 00:12:51,073 - DataManager - INFO - JSON backup saved: data\json_backups\2025-05-30\T0024_Tharuni_Guntur_001251.json
2025-05-30 00:12:51,073 - DataManager - INFO - ✅ JSON backup saved locally for T0024
2025-05-30 00:12:51,073 - DataManager - INFO - Complete record detected for ticket T0024 - generating PDF locally...
2025-05-30 00:12:51,074 - DataManager - INFO - Today's reports folder ensured: data\reports\2025-05-30
2025-05-30 00:12:51,074 - DataManager - INFO - Reports will be saved to: data\reports\2025-05-30
2025-05-30 00:12:51,075 - DataManager - INFO - Today's reports folder ensured: data\reports\2025-05-30
2025-05-30 00:12:51,077 - DataManager - INFO - PDF DEBUG - From record: first='25630.00', second='5450.00', net='20180.00'
2025-05-30 00:12:51,077 - DataManager - INFO - PDF DEBUG - Display values:
2025-05-30 00:12:51,077 - DataManager - INFO -   First weight display: '25630.00 kg'
2025-05-30 00:12:51,077 - DataManager - INFO -   Second weight display: '5450.00 kg'
2025-05-30 00:12:51,078 - DataManager - INFO -   Net weight display: '20180.00 kg'
2025-05-30 00:12:51,079 - DataManager - INFO - PDF DEBUG - Table row 3 (net weight): ['', '', Paragraph(
'caseSensitive': 1
'encoding': 'utf8'
'text': '<b>Net Weight:</b>'
'frags': [ParaFrag(__tag__='b', bold=1, fontName='Helvetica-Bold', fontSize=11, greek=0, italic=0, link=[], rise=0, text='Net Weight:', textColor=Color(0,0,0,1), us_lines=[])]
'style': <ParagraphStyle 'LabelStyle'>
'bulletText': None
'debug': 0
) #Paragraph, Paragraph(
'caseSensitive': 1
'encoding': 'utf8'
'text': '20180.00 kg'
'frags': [ParaFrag(__tag__='para', bold=1, fontName='Helvetica-Bold', fontSize=14, greek=0, italic=0, link=[], rise=0, text='20180.00 kg', textColor=Color(0,0,0,1), us_lines=[])]
'style': <ParagraphStyle 'NetWeightCorner'>
'bulletText': None
'debug': 0
) #Paragraph]
2025-05-30 00:12:51,080 - DataManager - INFO - PDF DEBUG - Net weight cell content: 'Paragraph(
'caseSensitive': 1
'encoding': 'utf8'
'text': '20180.00 kg'
'frags': [ParaFrag(__tag__='para', bold=1, fontName='Helvetica-Bold', fontSize=14, greek=0, italic=0, link=[], rise=0, text='20180.00 kg', textColor=Color(0,0,0,1), us_lines=[])]
'style': <ParagraphStyle 'NetWeightCorner'>
'bulletText': None
'debug': 0
) #Paragraph'
2025-05-30 00:12:51,080 - DataManager - INFO - PDF DEBUG - Simplified net weight cell: '20180.00 kg'
2025-05-30 00:12:51,080 - DataManager - ERROR - Error creating PDF report: name 'weighment_table' is not defined
2025-05-30 00:12:51,084 - DataManager - ERROR - PDF generation traceback: Traceback (most recent call last):
  File "C:\Users\saait\Downloads\adex_nonlogin\advexe-fa064e14cc2125900dc230b01018a938253408bf\data_management.py", line 1465, in create_pdf_report
    weighment_table.setStyle(TableStyle([
    ^^^^^^^^^^^^^^^
NameError: name 'weighment_table' is not defined. Did you mean: 'weighment_data'?

2025-05-30 00:12:51,085 - DataManager - ERROR - Failed to generate PDF
2025-05-30 00:12:51,085 - DataManager - WARNING - ⚠️ PDF generation failed, but record and JSON were saved locally
2025-05-30 00:12:52,296 - DataManager - INFO - ✅ OFFLINE-FIRST SAVE COMPLETED - Local CSV, JSON backup, and PDF generated
2025-05-30 00:12:52,297 - DataManager - INFO - 📂 PDF saved to today's reports folder: data\reports\2025-05-30
2025-05-30 00:12:52,297 - DataManager - INFO - 💡 Cloud backup available via Settings > Cloud Storage > Backup
2025-05-30 00:12:52,297 - DataManager - INFO - ==================================================
2025-05-30 00:12:52,297 - TharuniApp - INFO - ✅ Record T0024 saved successfully
2025-05-30 00:12:52,302 - TharuniApp - INFO - ✅ Ticket T0024 completed - counter incremented
2025-05-30 00:12:52,303 - TharuniApp - INFO - Removing T0024 from pending vehicles list
2025-05-30 00:12:52,303 - PendingVehiclesPanel - INFO - Attempting to remove ticket T0024 from pending list
2025-05-30 00:12:52,304 - PendingVehiclesPanel - INFO - Removed ticket T0024 from pending list
2025-05-30 00:12:52,331 - TharuniApp - INFO - ✅ Complete record processing finished for T0024
2025-05-30 00:12:52,345 - DataManager - INFO - Successfully loaded 25 records from data\Tharuni_Guntur_data.csv
2025-05-30 00:12:52,346 - DataManager - INFO - Returning all 25 records (no filter)
2025-05-30 00:12:52,347 - PendingVehiclesPanel - INFO - Refreshing pending vehicles list
2025-05-30 00:12:52,347 - DataManager - INFO - Successfully loaded 25 records from data\Tharuni_Guntur_data.csv
2025-05-30 00:12:52,348 - PendingVehiclesPanel - INFO - Retrieved 25 total records
2025-05-30 00:12:52,348 - PendingVehiclesPanel - INFO - Found 0 pending records
2025-05-30 00:12:52,349 - PendingVehiclesPanel - INFO - Successfully refreshed pending list with 0 items
2025-05-30 00:12:52,349 - TharuniApp - INFO - SAVE RECORD OPERATION COMPLETED SUCCESSFULLY
2025-05-30 00:12:52,349 - TharuniApp - INFO - ==================================================
2025-05-30 00:13:16,641 - PendingVehiclesPanel - INFO - Refreshing pending vehicles list
2025-05-30 00:13:16,644 - DataManager - INFO - Successfully loaded 25 records from data\Tharuni_Guntur_data.csv
2025-05-30 00:13:16,645 - PendingVehiclesPanel - INFO - Retrieved 25 total records
2025-05-30 00:13:16,646 - PendingVehiclesPanel - INFO - Found 0 pending records
2025-05-30 00:13:16,647 - PendingVehiclesPanel - INFO - Successfully refreshed pending list with 0 items
2025-05-30 00:13:16,650 - DataManager - INFO - Created new daily folder: data\reports\30-05
2025-05-30 00:14:16,653 - PendingVehiclesPanel - INFO - Refreshing pending vehicles list
2025-05-30 00:14:16,655 - DataManager - INFO - Successfully loaded 25 records from data\Tharuni_Guntur_data.csv
2025-05-30 00:14:16,655 - PendingVehiclesPanel - INFO - Retrieved 25 total records
2025-05-30 00:14:16,656 - PendingVehiclesPanel - INFO - Found 0 pending records
2025-05-30 00:14:16,656 - PendingVehiclesPanel - INFO - Successfully refreshed pending list with 0 items
2025-05-30 00:14:40,273 - TharuniApp - INFO - Updating camera settings: {'front_camera_type': 'HTTP', 'front_camera_index': 1, 'front_rtsp_username': '', 'front_rtsp_password': '', 'front_rtsp_ip': '', 'front_rtsp_port': '8554', 'front_rtsp_endpoint': '/stream', 'front_http_username': '', 'front_http_password': '', 'front_http_ip': '', 'front_http_port': '80', 'front_http_endpoint': '/mjpeg', 'back_camera_type': 'HTTP', 'back_camera_index': 0, 'back_rtsp_username': '', 'back_rtsp_password': '', 'back_rtsp_ip': '', 'back_rtsp_port': '8555', 'back_rtsp_endpoint': '/stream', 'back_http_username': '', 'back_http_password': '', 'back_http_ip': '', 'back_http_port': '80', 'back_http_endpoint': '/mjpeg'}
2025-05-30 00:14:40,278 - TharuniApp - INFO - Camera settings saved for persistence
2025-05-30 00:14:42,932 - TharuniApp - INFO - ============================================================
2025-05-30 00:14:42,933 - TharuniApp - INFO - APPLICATION STARTUP
2025-05-30 00:14:42,933 - TharuniApp - INFO - ============================================================
2025-05-30 00:14:42,936 - TharuniApp - INFO - Configuration setup completed
2025-05-30 00:14:42,937 - DataManager - INFO - DataManager initialized with OFFLINE-FIRST approach + JSON local storage
2025-05-30 00:14:42,937 - DataManager - INFO - CSV structure is up to date
2025-05-30 00:14:42,938 - DataManager - INFO - Daily PDF folder structure ready:
2025-05-30 00:14:42,938 - DataManager - INFO -   Base reports folder: data\reports
2025-05-30 00:14:42,938 - DataManager - INFO -   Today's folder: data\reports\2025-05-30
2025-05-30 00:14:42,939 - DataManager - INFO - Data file: data\weighbridge_data.csv
2025-05-30 00:14:42,939 - DataManager - INFO - Reports folder: data\reports
2025-05-30 00:14:42,939 - DataManager - INFO - JSON backup folder: data\json_backups
2025-05-30 00:14:42,940 - DataManager - INFO - PDF folder: data\reports\2025-05-30
2025-05-30 00:14:42,940 - DataManager - INFO - Cloud storage will only be initialized when backup is requested
2025-05-30 00:14:42,940 - TharuniApp - INFO - Data manager initialized
2025-05-30 00:14:42,943 - TharuniApp - INFO - Settings storage initialized
2025-05-30 00:14:42,946 - TharuniApp - INFO - UI styles initialized
2025-05-30 00:14:42,946 - TharuniApp - INFO - Starting user authentication
2025-05-30 00:14:44,676 - TharuniApp - INFO - Authentication canceled - exiting application
2025-05-30 00:14:44,676 - TharuniApp - INFO - User authentication failed or canceled - exiting
2025-05-30 00:16:12,728 - TharuniApp - INFO - ============================================================
2025-05-30 00:16:12,728 - TharuniApp - INFO - APPLICATION STARTUP
2025-05-30 00:16:12,728 - TharuniApp - INFO - ============================================================
2025-05-30 00:16:12,732 - TharuniApp - INFO - Configuration setup completed
2025-05-30 00:16:12,732 - DataManager - INFO - DataManager initialized with OFFLINE-FIRST approach + JSON local storage
2025-05-30 00:16:12,733 - DataManager - INFO - CSV structure is up to date
2025-05-30 00:16:12,734 - DataManager - INFO - Daily PDF folder structure ready:
2025-05-30 00:16:12,734 - DataManager - INFO -   Base reports folder: data\reports
2025-05-30 00:16:12,734 - DataManager - INFO -   Today's folder: data\reports\2025-05-30
2025-05-30 00:16:12,735 - DataManager - INFO - Data file: data\weighbridge_data.csv
2025-05-30 00:16:12,735 - DataManager - INFO - Reports folder: data\reports
2025-05-30 00:16:12,735 - DataManager - INFO - JSON backup folder: data\json_backups
2025-05-30 00:16:12,736 - DataManager - INFO - PDF folder: data\reports\2025-05-30
2025-05-30 00:16:12,736 - DataManager - INFO - Cloud storage will only be initialized when backup is requested
2025-05-30 00:16:12,736 - TharuniApp - INFO - Data manager initialized
2025-05-30 00:16:12,738 - TharuniApp - INFO - Settings storage initialized
2025-05-30 00:16:12,741 - TharuniApp - INFO - UI styles initialized
2025-05-30 00:16:12,741 - TharuniApp - INFO - Starting user authentication
2025-05-30 00:16:15,548 - TharuniApp - INFO - Authentication successful: admin
2025-05-30 00:16:15,548 - TharuniApp - INFO - User logged in: admin (Role: admin)
2025-05-30 00:16:15,549 - TharuniApp - INFO - Setting up data context
2025-05-30 00:16:15,549 - DataManager - INFO - CSV structure is up to date
2025-05-30 00:16:15,550 - DataManager - INFO - Data context set to: Agency='Tharuni', Site='Guntur'
2025-05-30 00:16:15,550 - DataManager - INFO - Data file: data\Tharuni_Guntur_data.csv
2025-05-30 00:16:15,550 - TharuniApp - INFO - Data context initialized: Agency='Tharuni', Site='Guntur'
2025-05-30 00:16:15,550 - TharuniApp - INFO - Data will be saved to: data\Tharuni_Guntur_data.csv
2025-05-30 00:16:15,550 - TharuniApp - INFO - PDFs will be saved to: data\reports\2025-05-30
2025-05-30 00:16:15,550 - TharuniApp - INFO - Creating application widgets
2025-05-30 00:16:15,564 - TharuniApp - INFO - Creating main panel
2025-05-30 00:16:15,569 - FormValidator - INFO - FormValidator initialized
2025-05-30 00:16:15,576 - DataManager - INFO - Successfully loaded 25 records from data\Tharuni_Guntur_data.csv
2025-05-30 00:16:16,511 - DataManager - INFO - Successfully loaded 25 records from data\Tharuni_Guntur_data.csv
2025-05-30 00:16:16,511 - TharuniApp - INFO - Main form created
2025-05-30 00:16:16,514 - DataManager - INFO - CSV structure is up to date
2025-05-30 00:16:16,514 - DataManager - INFO - Data context set to: Agency='Tharuni', Site='Guntur'
2025-05-30 00:16:16,514 - DataManager - INFO - Data file: data\Tharuni_Guntur_data.csv
2025-05-30 00:16:16,515 - DataManager - INFO - CSV structure is up to date
2025-05-30 00:16:16,515 - DataManager - INFO - Data context set to: Agency='Tharuni', Site='Guntur'
2025-05-30 00:16:16,516 - DataManager - INFO - Data file: data\Tharuni_Guntur_data.csv
2025-05-30 00:16:16,517 - DataManager - INFO - CSV structure is up to date
2025-05-30 00:16:16,517 - DataManager - INFO - Data context set to: Agency='Tharuni', Site='Guntur'
2025-05-30 00:16:16,517 - DataManager - INFO - Data file: data\Tharuni_Guntur_data.csv
2025-05-30 00:16:16,518 - PendingVehiclesPanel - INFO - PendingVehiclesPanel initialized
2025-05-30 00:16:16,521 - PendingVehiclesPanel - INFO - Refreshing pending vehicles list
2025-05-30 00:16:16,522 - DataManager - INFO - Successfully loaded 25 records from data\Tharuni_Guntur_data.csv
2025-05-30 00:16:16,523 - PendingVehiclesPanel - INFO - Retrieved 25 total records
2025-05-30 00:16:16,523 - PendingVehiclesPanel - INFO - Found 0 pending records
2025-05-30 00:16:16,523 - PendingVehiclesPanel - INFO - Successfully refreshed pending list with 0 items
2025-05-30 00:16:16,523 - TharuniApp - INFO - Pending vehicles panel created
2025-05-30 00:16:16,738 - TharuniApp - INFO - Main panel creation completed
2025-05-30 00:16:16,745 - TharuniApp - INFO - Summary panel created
2025-05-30 00:16:16,909 - TharuniApp - INFO - ✅ Data manager reference set in settings panel
2025-05-30 00:16:16,909 - TharuniApp - INFO - Widget creation completed successfully
2025-05-30 00:16:16,910 - PendingVehiclesPanel - INFO - Refreshing pending vehicles list
2025-05-30 00:16:16,911 - DataManager - INFO - Successfully loaded 25 records from data\Tharuni_Guntur_data.csv
2025-05-30 00:16:16,911 - PendingVehiclesPanel - INFO - Retrieved 25 total records
2025-05-30 00:16:16,911 - PendingVehiclesPanel - INFO - Found 0 pending records
2025-05-30 00:16:16,912 - PendingVehiclesPanel - INFO - Successfully refreshed pending list with 0 items
2025-05-30 00:16:16,912 - DataManager - INFO - Created new daily folder: data\reports\30-05
2025-05-30 00:16:16,913 - TharuniApp - INFO - Application initialization completed successfully
2025-05-30 00:16:17,909 - TharuniApp - INFO - Ensuring settings persistence...
2025-05-30 00:16:17,914 - TharuniApp - INFO - Settings persistence check completed
2025-05-30 00:16:18,017 - DataManager - INFO - Successfully loaded 25 records from data\Tharuni_Guntur_data.csv
2025-05-30 00:16:18,028 - DataManager - INFO - Successfully loaded 25 records from data\Tharuni_Guntur_data.csv
2025-05-30 00:16:18,029 - DataManager - INFO - Successfully loaded 25 records from data\Tharuni_Guntur_data.csv
2025-05-30 00:16:18,633 - DataManager - INFO - Successfully loaded 25 records from data\Tharuni_Guntur_data.csv
2025-05-30 00:16:18,634 - DataManager - INFO - Successfully loaded 25 records from data\Tharuni_Guntur_data.csv
2025-05-30 00:16:20,707 - DataManager - INFO - Successfully loaded 25 records from data\Tharuni_Guntur_data.csv
2025-05-30 00:16:20,708 - DataManager - INFO - Successfully loaded 25 records from data\Tharuni_Guntur_data.csv
2025-05-30 00:16:23,442 - FormValidator - INFO - Vehicle validation passed: AP39V6553
2025-05-30 00:16:24,497 - DataManager - INFO - Successfully loaded 25 records from data\Tharuni_Guntur_data.csv
2025-05-30 00:16:24,497 - DataManager - INFO - Successfully loaded 25 records from data\Tharuni_Guntur_data.csv
2025-05-30 00:16:27,981 - TharuniApp - INFO - ==================================================
2025-05-30 00:16:27,982 - TharuniApp - INFO - SAVE RECORD OPERATION STARTED
2025-05-30 00:16:27,982 - FormValidator - INFO - Starting comprehensive form validation
2025-05-30 00:16:27,983 - FormValidator - INFO - Validating basic fields
2025-05-30 00:16:27,983 - FormValidator - INFO - Field values: ticket='T0025', vehicle='AP39V6553', agency='Tharuni'
2025-05-30 00:16:27,983 - FormValidator - INFO - Basic validation passed
2025-05-30 00:16:27,984 - FormValidator - INFO - Validating weighment data
2025-05-30 00:16:27,984 - FormValidator - INFO - Weighment data: first_weight='37400.00', first_timestamp='30-05-2025 00:16:19', second_weight='', second_timestamp=''
2025-05-30 00:16:27,985 - FormValidator - INFO - Weighment validation passed
2025-05-30 00:16:27,985 - FormValidator - INFO - Validating images for second weighment
2025-05-30 00:16:27,986 - FormValidator - INFO - Images validation for second: front=True, back=False
2025-05-30 00:16:27,986 - FormValidator - INFO - Form validation passed successfully
2025-05-30 00:16:27,988 - TharuniApp - INFO - Saving record for ticket: T0025
2025-05-30 00:16:27,988 - TharuniApp - INFO - Form data keys: ['date', 'time', 'site_name', 'agency_name', 'material', 'ticket_no', 'vehicle_no', 'transfer_party_name', 'first_weight', 'first_timestamp', 'second_weight', 'second_timestamp', 'net_weight', 'material_type', 'first_front_image', 'first_back_image', 'second_front_image', 'second_back_image', 'site_incharge', 'user_name']
2025-05-30 00:16:27,989 - TharuniApp - INFO - Record is complete: False
2025-05-30 00:16:27,989 - TharuniApp - INFO - Calling data_manager.save_record for T0025
2025-05-30 00:16:27,989 - DataManager - INFO - ==================================================
2025-05-30 00:16:27,990 - DataManager - INFO - STARTING OFFLINE-FIRST RECORD SAVE WITH JSON BACKUP
2025-05-30 00:16:27,990 - DataManager - INFO - Input data keys: ['date', 'time', 'site_name', 'agency_name', 'material', 'ticket_no', 'vehicle_no', 'transfer_party_name', 'first_weight', 'first_timestamp', 'second_weight', 'second_timestamp', 'net_weight', 'material_type', 'first_front_image', 'first_back_image', 'second_front_image', 'second_back_image', 'site_incharge', 'user_name']
2025-05-30 00:16:27,990 - DataManager - INFO - Net weight cleared - incomplete weighments
2025-05-30 00:16:27,991 - DataManager - INFO - Using data file: data\Tharuni_Guntur_data.csv
2025-05-30 00:16:27,992 - DataManager - INFO - Successfully loaded 25 records from data\Tharuni_Guntur_data.csv
2025-05-30 00:16:27,992 - DataManager - INFO - Filtered 25 records to 0 using filter: 't0025'
2025-05-30 00:16:27,992 - DataManager - INFO - Adding new record: T0025
2025-05-30 00:16:27,993 - DataManager - INFO - Adding new record to CSV
2025-05-30 00:16:27,993 - DataManager - INFO - Record data: ['30-05-2025', '00:16:27', 'Guntur', 'Tharuni', 'Inert', 'T0025', 'AP39V6553', 'Jindal', '37400.00', '30-05-2025 00:16:19', '', '', '', 'Inert', '', '', 'Guntur_AP39V6553_20250530_001623_2nd_front.jpg', '', '', 'admin']
2025-05-30 00:16:27,994 - DataManager - INFO - ✅ New record added to data\Tharuni_Guntur_data.csv
2025-05-30 00:16:27,994 - DataManager - INFO - ✅ Record T0025 saved to local CSV successfully
2025-05-30 00:16:27,995 - DataManager - INFO - Record completion status: False
2025-05-30 00:16:29,234 - DataManager - INFO - Successfully loaded 26 records from data\Tharuni_Guntur_data.csv
2025-05-30 00:16:29,235 - DataManager - INFO - Successfully loaded 26 records from data\Tharuni_Guntur_data.csv
2025-05-30 00:16:29,243 - DataManager - INFO - ✅ OFFLINE-FIRST SAVE COMPLETED - Local CSV, JSON backup, and PDF generated
2025-05-30 00:16:29,244 - DataManager - INFO - 💡 Cloud backup available via Settings > Cloud Storage > Backup
2025-05-30 00:16:29,244 - DataManager - INFO - ==================================================
2025-05-30 00:16:29,244 - TharuniApp - INFO - ✅ Record T0025 saved successfully
2025-05-30 00:16:29,245 - TharuniApp - INFO - First weighment saved for ticket T0025 - counter NOT incremented
2025-05-30 00:16:30,442 - DataManager - INFO - Successfully loaded 26 records from data\Tharuni_Guntur_data.csv
2025-05-30 00:16:30,443 - DataManager - INFO - Successfully loaded 26 records from data\Tharuni_Guntur_data.csv
2025-05-30 00:16:30,711 - DataManager - INFO - Successfully loaded 26 records from data\Tharuni_Guntur_data.csv
2025-05-30 00:16:30,712 - DataManager - INFO - Returning all 26 records (no filter)
2025-05-30 00:16:30,713 - PendingVehiclesPanel - INFO - Refreshing pending vehicles list
2025-05-30 00:16:30,713 - DataManager - INFO - Successfully loaded 26 records from data\Tharuni_Guntur_data.csv
2025-05-30 00:16:30,714 - PendingVehiclesPanel - INFO - Retrieved 26 total records
2025-05-30 00:16:30,714 - PendingVehiclesPanel - INFO - Added to pending: T0025
2025-05-30 00:16:30,714 - PendingVehiclesPanel - INFO - Found 1 pending records
2025-05-30 00:16:30,715 - PendingVehiclesPanel - INFO - Successfully refreshed pending list with 1 items
2025-05-30 00:16:30,716 - TharuniApp - INFO - SAVE RECORD OPERATION COMPLETED SUCCESSFULLY
2025-05-30 00:16:30,716 - TharuniApp - INFO - ==================================================
2025-05-30 00:16:38,417 - PendingVehiclesPanel - INFO - Double-clicked on ticket: T0025
2025-05-30 00:16:38,417 - TharuniApp - INFO - Loading pending vehicle: T0025
2025-05-30 00:16:38,419 - DataManager - INFO - Successfully loaded 26 records from data\Tharuni_Guntur_data.csv
2025-05-30 00:16:38,420 - DataManager - INFO - Filtered 26 records to 1 using filter: 't0025'
2025-05-30 00:16:38,422 - DataManager - INFO - CSV structure is up to date
2025-05-30 00:16:38,423 - DataManager - INFO - Data context set to: Agency='Tharuni', Site='Guntur'
2025-05-30 00:16:38,423 - DataManager - INFO - Data file: data\Tharuni_Guntur_data.csv
2025-05-30 00:16:38,431 - TharuniApp - INFO - Successfully loaded pending ticket: T0025
2025-05-30 00:16:43,843 - TharuniApp - INFO - ==================================================
2025-05-30 00:16:43,843 - TharuniApp - INFO - SAVE RECORD OPERATION STARTED
2025-05-30 00:16:43,844 - FormValidator - INFO - Starting comprehensive form validation
2025-05-30 00:16:43,844 - FormValidator - INFO - Validating basic fields
2025-05-30 00:16:43,844 - FormValidator - INFO - Field values: ticket='T0025', vehicle='AP39V6553', agency='Tharuni'
2025-05-30 00:16:43,845 - FormValidator - INFO - Basic validation passed
2025-05-30 00:16:43,845 - FormValidator - INFO - Validating weighment data
2025-05-30 00:16:43,846 - FormValidator - INFO - Weighment data: first_weight='37400.00', first_timestamp='30-05-2025 00:16:19', second_weight='12410.00', second_timestamp='30-05-2025 00:16:40'
2025-05-30 00:16:43,846 - FormValidator - INFO - Weighment validation passed
2025-05-30 00:16:43,847 - FormValidator - INFO - Validating images for second weighment
2025-05-30 00:16:43,847 - FormValidator - INFO - Images validation for second: front=True, back=False
2025-05-30 00:16:43,847 - FormValidator - INFO - Form validation passed successfully
2025-05-30 00:16:43,849 - TharuniApp - INFO - Saving record for ticket: T0025
2025-05-30 00:16:43,849 - TharuniApp - INFO - Form data keys: ['date', 'time', 'site_name', 'agency_name', 'material', 'ticket_no', 'vehicle_no', 'transfer_party_name', 'first_weight', 'first_timestamp', 'second_weight', 'second_timestamp', 'net_weight', 'material_type', 'first_front_image', 'first_back_image', 'second_front_image', 'second_back_image', 'site_incharge', 'user_name']
2025-05-30 00:16:43,849 - TharuniApp - INFO - Record is complete: True
2025-05-30 00:16:43,850 - TharuniApp - INFO - Calling data_manager.save_record for T0025
2025-05-30 00:16:43,850 - DataManager - INFO - ==================================================
2025-05-30 00:16:43,850 - DataManager - INFO - STARTING OFFLINE-FIRST RECORD SAVE WITH JSON BACKUP
2025-05-30 00:16:43,850 - DataManager - INFO - Input data keys: ['date', 'time', 'site_name', 'agency_name', 'material', 'ticket_no', 'vehicle_no', 'transfer_party_name', 'first_weight', 'first_timestamp', 'second_weight', 'second_timestamp', 'net_weight', 'material_type', 'first_front_image', 'first_back_image', 'second_front_image', 'second_back_image', 'site_incharge', 'user_name']
2025-05-30 00:16:43,851 - DataManager - INFO - Net weight calculated: 37400.0 - 12410.0 = 24990.00
2025-05-30 00:16:43,851 - DataManager - INFO - Using data file: data\Tharuni_Guntur_data.csv
2025-05-30 00:16:43,852 - DataManager - INFO - Successfully loaded 26 records from data\Tharuni_Guntur_data.csv
2025-05-30 00:16:43,853 - DataManager - INFO - Filtered 26 records to 1 using filter: 't0025'
2025-05-30 00:16:43,853 - DataManager - INFO - Updating existing record: T0025
2025-05-30 00:16:43,853 - DataManager - INFO - Updating record T0025 in data\Tharuni_Guntur_data.csv
2025-05-30 00:16:43,854 - DataManager - INFO - Read 26 records from CSV
2025-05-30 00:16:43,854 - DataManager - INFO - Found record to update at index 25
2025-05-30 00:16:43,855 - DataManager - INFO - Updated record data: ['30-05-2025', '00:16:43', 'Guntur', 'Tharuni', 'Inert', 'T0025', 'AP39V6553', 'Jindal', '37400.00', '30-05-2025 00:16:19', '12410.00', '30-05-2025 00:16:40', '24990.00', 'Inert', '', '', 'Guntur_AP39V6553_20250530_001623_2nd_front.jpg', '', '', 'admin']
2025-05-30 00:16:43,857 - DataManager - INFO - ✅ Record T0025 updated in data\Tharuni_Guntur_data.csv
2025-05-30 00:16:43,858 - DataManager - INFO - ✅ Record T0025 saved to local CSV successfully
2025-05-30 00:16:43,858 - DataManager - INFO - Record completion status: True
2025-05-30 00:16:43,858 - DataManager - INFO - Complete record detected - saving JSON backup locally...
2025-05-30 00:16:43,859 - DataManager - INFO - Created new daily JSON folder: data\json_backups\2025-05-30
2025-05-30 00:16:43,860 - DataManager - INFO - JSON backup saved: data\json_backups\2025-05-30\T0025_Tharuni_Guntur_001643.json
2025-05-30 00:16:43,860 - DataManager - INFO - ✅ JSON backup saved locally for T0025
2025-05-30 00:16:43,860 - DataManager - INFO - Complete record detected for ticket T0025 - generating PDF locally...
2025-05-30 00:16:43,861 - DataManager - INFO - Today's reports folder ensured: data\reports\2025-05-30
2025-05-30 00:16:43,861 - DataManager - INFO - Reports will be saved to: data\reports\2025-05-30
2025-05-30 00:16:43,862 - DataManager - INFO - Today's reports folder ensured: data\reports\2025-05-30
2025-05-30 00:16:43,864 - DataManager - INFO - PDF DEBUG - From record: first='37400.00', second='12410.00', net='24990.00'
2025-05-30 00:16:43,864 - DataManager - INFO - PDF DEBUG - Display values:
2025-05-30 00:16:43,864 - DataManager - INFO -   First weight display: '37400.00 kg'
2025-05-30 00:16:43,864 - DataManager - INFO -   Second weight display: '12410.00 kg'
2025-05-30 00:16:43,864 - DataManager - INFO -   Net weight display: '24990.00 kg'
2025-05-30 00:16:43,865 - DataManager - INFO - PDF DEBUG - Net weight cell content: 'Paragraph(
'caseSensitive': 1
'encoding': 'utf8'
'text': '24990.00 kg'
'frags': [ParaFrag(__tag__='para', bold=1, fontName='Helvetica-Bold', fontSize=14, greek=0, italic=0, link=[], rise=0, text='24990.00 kg', textColor=Color(0,0,0,1), us_lines=[])]
'style': <ParagraphStyle 'NetWeightCorner'>
'bulletText': None
'debug': 0
) #Paragraph'
2025-05-30 00:16:43,893 - DataManager - INFO - Building PDF document: data\reports\2025-05-30\Tharuni_Guntur_T0025_AP39V6553_001643.pdf
2025-05-30 00:16:43,923 - DataManager - INFO - PDF created successfully: data\reports\2025-05-30\Tharuni_Guntur_T0025_AP39V6553_001643.pdf (65520 bytes)
2025-05-30 00:16:43,924 - DataManager - INFO - Auto-generated PDF: data\reports\2025-05-30\Tharuni_Guntur_T0025_AP39V6553_001643.pdf
2025-05-30 00:16:43,924 - DataManager - INFO - PDF saved to today's reports folder: data\reports\2025-05-30
2025-05-30 00:16:43,924 - DataManager - INFO - ✅ PDF auto-generated locally: data\reports\2025-05-30\Tharuni_Guntur_T0025_AP39V6553_001643.pdf
2025-05-30 00:16:45,263 - DataManager - INFO - ✅ OFFLINE-FIRST SAVE COMPLETED - Local CSV, JSON backup, and PDF generated
2025-05-30 00:16:45,263 - DataManager - INFO - 📂 PDF saved to today's reports folder: data\reports\2025-05-30
2025-05-30 00:16:45,264 - DataManager - INFO - 💡 Cloud backup available via Settings > Cloud Storage > Backup
2025-05-30 00:16:45,264 - DataManager - INFO - ==================================================
2025-05-30 00:16:45,264 - TharuniApp - INFO - ✅ Record T0025 saved successfully
2025-05-30 00:16:45,268 - TharuniApp - INFO - ✅ Ticket T0025 completed - counter incremented
2025-05-30 00:16:45,268 - TharuniApp - INFO - Removing T0025 from pending vehicles list
2025-05-30 00:16:45,268 - PendingVehiclesPanel - INFO - Attempting to remove ticket T0025 from pending list
2025-05-30 00:16:45,268 - PendingVehiclesPanel - INFO - Removed ticket T0025 from pending list
2025-05-30 00:16:45,291 - TharuniApp - INFO - ✅ Complete record processing finished for T0025
2025-05-30 00:16:45,302 - DataManager - INFO - Successfully loaded 26 records from data\Tharuni_Guntur_data.csv
2025-05-30 00:16:45,302 - DataManager - INFO - Returning all 26 records (no filter)
2025-05-30 00:16:45,303 - PendingVehiclesPanel - INFO - Refreshing pending vehicles list
2025-05-30 00:16:45,304 - DataManager - INFO - Successfully loaded 26 records from data\Tharuni_Guntur_data.csv
2025-05-30 00:16:45,304 - PendingVehiclesPanel - INFO - Retrieved 26 total records
2025-05-30 00:16:45,305 - PendingVehiclesPanel - INFO - Found 0 pending records
2025-05-30 00:16:45,306 - PendingVehiclesPanel - INFO - Successfully refreshed pending list with 0 items
2025-05-30 00:16:45,306 - TharuniApp - INFO - SAVE RECORD OPERATION COMPLETED SUCCESSFULLY
2025-05-30 00:16:45,307 - TharuniApp - INFO - ==================================================
2025-05-30 00:17:16,912 - PendingVehiclesPanel - INFO - Refreshing pending vehicles list
2025-05-30 00:17:16,914 - DataManager - INFO - Successfully loaded 26 records from data\Tharuni_Guntur_data.csv
2025-05-30 00:17:16,914 - PendingVehiclesPanel - INFO - Retrieved 26 total records
2025-05-30 00:17:16,914 - PendingVehiclesPanel - INFO - Found 0 pending records
2025-05-30 00:17:16,915 - PendingVehiclesPanel - INFO - Successfully refreshed pending list with 0 items
2025-05-30 00:17:16,915 - DataManager - INFO - Created new daily folder: data\reports\30-05
2025-05-30 00:18:16,921 - PendingVehiclesPanel - INFO - Refreshing pending vehicles list
2025-05-30 00:18:16,924 - DataManager - INFO - Successfully loaded 26 records from data\Tharuni_Guntur_data.csv
2025-05-30 00:18:16,925 - PendingVehiclesPanel - INFO - Retrieved 26 total records
2025-05-30 00:18:16,926 - PendingVehiclesPanel - INFO - Found 0 pending records
2025-05-30 00:18:16,927 - PendingVehiclesPanel - INFO - Successfully refreshed pending list with 0 items
2025-05-30 00:18:51,751 - TharuniApp - INFO - Application closing - saving settings...
2025-05-30 00:18:51,761 - TharuniApp - INFO - Updating camera settings: {'front_camera_type': 'HTTP', 'front_camera_index': 1, 'front_rtsp_username': '', 'front_rtsp_password': '', 'front_rtsp_ip': '', 'front_rtsp_port': '8554', 'front_rtsp_endpoint': '/stream', 'front_http_username': '', 'front_http_password': '', 'front_http_ip': '', 'front_http_port': '80', 'front_http_endpoint': '/mjpeg', 'back_camera_type': 'HTTP', 'back_camera_index': 0, 'back_rtsp_username': '', 'back_rtsp_password': '', 'back_rtsp_ip': '', 'back_rtsp_port': '8555', 'back_rtsp_endpoint': '/stream', 'back_http_username': '', 'back_http_password': '', 'back_http_ip': '', 'back_http_port': '80', 'back_http_endpoint': '/mjpeg'}
2025-05-30 00:18:51,768 - TharuniApp - INFO - Camera settings saved for persistence
2025-05-30 00:18:51,769 - TharuniApp - INFO - ============================================================
2025-05-30 00:18:51,770 - TharuniApp - INFO - APPLICATION SHUTDOWN COMPLETED
2025-05-30 00:18:51,770 - TharuniApp - INFO - ============================================================
2025-05-30 00:19:01,326 - TharuniApp - INFO - ============================================================
2025-05-30 00:19:01,327 - TharuniApp - INFO - APPLICATION STARTUP
2025-05-30 00:19:01,327 - TharuniApp - INFO - ============================================================
2025-05-30 00:19:01,330 - TharuniApp - INFO - Configuration setup completed
2025-05-30 00:19:01,331 - DataManager - INFO - DataManager initialized with OFFLINE-FIRST approach + JSON local storage
2025-05-30 00:19:01,331 - DataManager - INFO - CSV structure is up to date
2025-05-30 00:19:01,332 - DataManager - INFO - Daily PDF folder structure ready:
2025-05-30 00:19:01,332 - DataManager - INFO -   Base reports folder: data\reports
2025-05-30 00:19:01,332 - DataManager - INFO -   Today's folder: data\reports\2025-05-30
2025-05-30 00:19:01,333 - DataManager - INFO - Data file: data\weighbridge_data.csv
2025-05-30 00:19:01,333 - DataManager - INFO - Reports folder: data\reports
2025-05-30 00:19:01,334 - DataManager - INFO - JSON backup folder: data\json_backups
2025-05-30 00:19:01,334 - DataManager - INFO - PDF folder: data\reports\2025-05-30
2025-05-30 00:19:01,334 - DataManager - INFO - Cloud storage will only be initialized when backup is requested
2025-05-30 00:19:01,334 - TharuniApp - INFO - Data manager initialized
2025-05-30 00:19:01,338 - TharuniApp - INFO - Settings storage initialized
2025-05-30 00:19:01,340 - TharuniApp - INFO - UI styles initialized
2025-05-30 00:19:01,341 - TharuniApp - INFO - Starting user authentication
2025-05-30 00:19:04,708 - TharuniApp - INFO - Authentication successful: admin
2025-05-30 00:19:04,708 - TharuniApp - INFO - User logged in: admin (Role: admin)
2025-05-30 00:19:04,708 - TharuniApp - INFO - Setting up data context
2025-05-30 00:19:04,709 - DataManager - INFO - CSV structure is up to date
2025-05-30 00:19:04,710 - DataManager - INFO - Data context set to: Agency='Tharuni', Site='Guntur'
2025-05-30 00:19:04,710 - DataManager - INFO - Data file: data\Tharuni_Guntur_data.csv
2025-05-30 00:19:04,710 - TharuniApp - INFO - Data context initialized: Agency='Tharuni', Site='Guntur'
2025-05-30 00:19:04,710 - TharuniApp - INFO - Data will be saved to: data\Tharuni_Guntur_data.csv
2025-05-30 00:19:04,711 - TharuniApp - INFO - PDFs will be saved to: data\reports\2025-05-30
2025-05-30 00:19:04,711 - TharuniApp - INFO - Creating application widgets
2025-05-30 00:19:04,726 - TharuniApp - INFO - Creating main panel
2025-05-30 00:19:04,731 - FormValidator - INFO - FormValidator initialized
2025-05-30 00:19:04,737 - DataManager - INFO - Successfully loaded 26 records from data\Tharuni_Guntur_data.csv
2025-05-30 00:19:05,652 - DataManager - INFO - Successfully loaded 26 records from data\Tharuni_Guntur_data.csv
2025-05-30 00:19:05,652 - TharuniApp - INFO - Main form created
2025-05-30 00:19:05,654 - DataManager - INFO - CSV structure is up to date
2025-05-30 00:19:05,654 - DataManager - INFO - Data context set to: Agency='Tharuni', Site='Guntur'
2025-05-30 00:19:05,654 - DataManager - INFO - Data file: data\Tharuni_Guntur_data.csv
2025-05-30 00:19:05,655 - DataManager - INFO - CSV structure is up to date
2025-05-30 00:19:05,656 - DataManager - INFO - Data context set to: Agency='Tharuni', Site='Guntur'
2025-05-30 00:19:05,656 - DataManager - INFO - Data file: data\Tharuni_Guntur_data.csv
2025-05-30 00:19:05,657 - DataManager - INFO - CSV structure is up to date
2025-05-30 00:19:05,657 - DataManager - INFO - Data context set to: Agency='Tharuni', Site='Guntur'
2025-05-30 00:19:05,657 - DataManager - INFO - Data file: data\Tharuni_Guntur_data.csv
2025-05-30 00:19:05,658 - PendingVehiclesPanel - INFO - PendingVehiclesPanel initialized
2025-05-30 00:19:05,663 - PendingVehiclesPanel - INFO - Refreshing pending vehicles list
2025-05-30 00:19:05,664 - DataManager - INFO - Successfully loaded 26 records from data\Tharuni_Guntur_data.csv
2025-05-30 00:19:05,664 - PendingVehiclesPanel - INFO - Retrieved 26 total records
2025-05-30 00:19:05,664 - PendingVehiclesPanel - INFO - Found 0 pending records
2025-05-30 00:19:05,665 - PendingVehiclesPanel - INFO - Successfully refreshed pending list with 0 items
2025-05-30 00:19:05,665 - TharuniApp - INFO - Pending vehicles panel created
2025-05-30 00:19:05,908 - TharuniApp - INFO - Main panel creation completed
2025-05-30 00:19:05,916 - TharuniApp - INFO - Summary panel created
2025-05-30 00:19:06,084 - TharuniApp - INFO - ✅ Data manager reference set in settings panel
2025-05-30 00:19:06,084 - TharuniApp - INFO - Widget creation completed successfully
2025-05-30 00:19:06,085 - PendingVehiclesPanel - INFO - Refreshing pending vehicles list
2025-05-30 00:19:06,085 - DataManager - INFO - Successfully loaded 26 records from data\Tharuni_Guntur_data.csv
2025-05-30 00:19:06,086 - PendingVehiclesPanel - INFO - Retrieved 26 total records
2025-05-30 00:19:06,086 - PendingVehiclesPanel - INFO - Found 0 pending records
2025-05-30 00:19:06,086 - PendingVehiclesPanel - INFO - Successfully refreshed pending list with 0 items
2025-05-30 00:19:06,087 - DataManager - INFO - Created new daily folder: data\reports\30-05
2025-05-30 00:19:06,087 - TharuniApp - INFO - Application initialization completed successfully
2025-05-30 00:19:07,087 - TharuniApp - INFO - Ensuring settings persistence...
2025-05-30 00:19:07,096 - TharuniApp - INFO - Settings persistence check completed
2025-05-30 00:19:10,671 - DataManager - INFO - Successfully loaded 26 records from data\Tharuni_Guntur_data.csv
2025-05-30 00:19:10,700 - DataManager - INFO - Successfully loaded 26 records from data\Tharuni_Guntur_data.csv
2025-05-30 00:19:10,701 - DataManager - INFO - Successfully loaded 26 records from data\Tharuni_Guntur_data.csv
2025-05-30 00:19:13,495 - DataManager - INFO - Successfully loaded 26 records from data\Tharuni_Guntur_data.csv
2025-05-30 00:19:13,497 - DataManager - INFO - Successfully loaded 26 records from data\Tharuni_Guntur_data.csv
2025-05-30 00:19:15,394 - DataManager - INFO - Successfully loaded 26 records from data\Tharuni_Guntur_data.csv
2025-05-30 00:19:15,395 - DataManager - INFO - Successfully loaded 26 records from data\Tharuni_Guntur_data.csv
2025-05-30 00:19:16,678 - DataManager - INFO - Successfully loaded 26 records from data\Tharuni_Guntur_data.csv
2025-05-30 00:19:16,679 - DataManager - INFO - Successfully loaded 26 records from data\Tharuni_Guntur_data.csv
2025-05-30 00:19:19,863 - FormValidator - INFO - Vehicle validation passed: TS08EL0455
2025-05-30 00:19:21,088 - DataManager - INFO - Successfully loaded 26 records from data\Tharuni_Guntur_data.csv
2025-05-30 00:19:21,089 - DataManager - INFO - Successfully loaded 26 records from data\Tharuni_Guntur_data.csv
2025-05-30 00:19:21,860 - TharuniApp - INFO - ==================================================
2025-05-30 00:19:21,860 - TharuniApp - INFO - SAVE RECORD OPERATION STARTED
2025-05-30 00:19:21,861 - FormValidator - INFO - Starting comprehensive form validation
2025-05-30 00:19:21,861 - FormValidator - INFO - Validating basic fields
2025-05-30 00:19:21,862 - FormValidator - INFO - Field values: ticket='T0026', vehicle='TS08EL0455', agency='Tharuni'
2025-05-30 00:19:21,862 - FormValidator - INFO - Basic validation passed
2025-05-30 00:19:21,863 - FormValidator - INFO - Validating weighment data
2025-05-30 00:19:21,863 - FormValidator - INFO - Weighment data: first_weight='35510.00', first_timestamp='30-05-2025 00:19:14', second_weight='7350.00', second_timestamp='30-05-2025 00:19:15'
2025-05-30 00:19:21,864 - FormValidator - INFO - Weighment validation passed
2025-05-30 00:19:21,864 - FormValidator - INFO - Validating images for second weighment
2025-05-30 00:19:21,864 - FormValidator - INFO - Images validation for second: front=True, back=False
2025-05-30 00:19:21,865 - FormValidator - INFO - Form validation passed successfully
2025-05-30 00:19:21,868 - TharuniApp - INFO - Saving record for ticket: T0026
2025-05-30 00:19:21,868 - TharuniApp - INFO - Form data keys: ['date', 'time', 'site_name', 'agency_name', 'material', 'ticket_no', 'vehicle_no', 'transfer_party_name', 'first_weight', 'first_timestamp', 'second_weight', 'second_timestamp', 'net_weight', 'material_type', 'first_front_image', 'first_back_image', 'second_front_image', 'second_back_image', 'site_incharge', 'user_name']
2025-05-30 00:19:21,869 - TharuniApp - INFO - Record is complete: True
2025-05-30 00:19:21,869 - TharuniApp - INFO - Calling data_manager.save_record for T0026
2025-05-30 00:19:21,870 - DataManager - INFO - ==================================================
2025-05-30 00:19:21,871 - DataManager - INFO - STARTING OFFLINE-FIRST RECORD SAVE WITH JSON BACKUP
2025-05-30 00:19:21,871 - DataManager - INFO - Input data keys: ['date', 'time', 'site_name', 'agency_name', 'material', 'ticket_no', 'vehicle_no', 'transfer_party_name', 'first_weight', 'first_timestamp', 'second_weight', 'second_timestamp', 'net_weight', 'material_type', 'first_front_image', 'first_back_image', 'second_front_image', 'second_back_image', 'site_incharge', 'user_name']
2025-05-30 00:19:21,872 - DataManager - INFO - Net weight calculated: 35510.0 - 7350.0 = 28160.00
2025-05-30 00:19:21,873 - DataManager - INFO - Using data file: data\Tharuni_Guntur_data.csv
2025-05-30 00:19:21,874 - DataManager - INFO - Successfully loaded 26 records from data\Tharuni_Guntur_data.csv
2025-05-30 00:19:21,874 - DataManager - INFO - Filtered 26 records to 0 using filter: 't0026'
2025-05-30 00:19:21,875 - DataManager - INFO - Adding new record: T0026
2025-05-30 00:19:21,875 - DataManager - INFO - Adding new record to CSV
2025-05-30 00:19:21,876 - DataManager - INFO - Record data: ['30-05-2025', '00:19:21', 'Guntur', 'Tharuni', 'Inert', 'T0026', 'TS08EL0455', 'Jindal', '35510.00', '30-05-2025 00:19:14', '7350.00', '30-05-2025 00:19:15', '28160.00', 'Inert', '', '', 'Guntur_TS08EL0455_20250530_001919_2nd_front.jpg', '', '', 'admin']
2025-05-30 00:19:21,877 - DataManager - INFO - ✅ New record added to data\Tharuni_Guntur_data.csv
2025-05-30 00:19:21,878 - DataManager - INFO - ✅ Record T0026 saved to local CSV successfully
2025-05-30 00:19:21,878 - DataManager - INFO - Record completion status: True
2025-05-30 00:19:21,879 - DataManager - INFO - Complete record detected - saving JSON backup locally...
2025-05-30 00:19:21,879 - DataManager - INFO - Created new daily JSON folder: data\json_backups\2025-05-30
2025-05-30 00:19:21,881 - DataManager - INFO - JSON backup saved: data\json_backups\2025-05-30\T0026_Tharuni_Guntur_001921.json
2025-05-30 00:19:21,881 - DataManager - INFO - ✅ JSON backup saved locally for T0026
2025-05-30 00:19:21,881 - DataManager - INFO - Complete record detected for ticket T0026 - generating PDF locally...
2025-05-30 00:19:21,882 - DataManager - INFO - Today's reports folder ensured: data\reports\2025-05-30
2025-05-30 00:19:21,882 - DataManager - INFO - Reports will be saved to: data\reports\2025-05-30
2025-05-30 00:19:21,883 - DataManager - INFO - Today's reports folder ensured: data\reports\2025-05-30
2025-05-30 00:19:21,886 - DataManager - INFO - SIMPLE TEST - Net display: '28160.00 kg'
2025-05-30 00:19:21,912 - DataManager - INFO - Building PDF document: data\reports\2025-05-30\Tharuni_Guntur_T0026_TS08EL0455_001921.pdf
2025-05-30 00:19:21,941 - DataManager - INFO - PDF created successfully: data\reports\2025-05-30\Tharuni_Guntur_T0026_TS08EL0455_001921.pdf (64500 bytes)
2025-05-30 00:19:21,941 - DataManager - INFO - Auto-generated PDF: data\reports\2025-05-30\Tharuni_Guntur_T0026_TS08EL0455_001921.pdf
2025-05-30 00:19:21,942 - DataManager - INFO - PDF saved to today's reports folder: data\reports\2025-05-30
2025-05-30 00:19:21,942 - DataManager - INFO - ✅ PDF auto-generated locally: data\reports\2025-05-30\Tharuni_Guntur_T0026_TS08EL0455_001921.pdf
2025-05-30 00:19:23,105 - DataManager - INFO - Successfully loaded 27 records from data\Tharuni_Guntur_data.csv
2025-05-30 00:19:23,106 - DataManager - INFO - Successfully loaded 27 records from data\Tharuni_Guntur_data.csv
2025-05-30 00:19:23,113 - DataManager - INFO - ✅ OFFLINE-FIRST SAVE COMPLETED - Local CSV, JSON backup, and PDF generated
2025-05-30 00:19:23,113 - DataManager - INFO - 📂 PDF saved to today's reports folder: data\reports\2025-05-30
2025-05-30 00:19:23,113 - DataManager - INFO - 💡 Cloud backup available via Settings > Cloud Storage > Backup
2025-05-30 00:19:23,114 - DataManager - INFO - ==================================================
2025-05-30 00:19:23,114 - TharuniApp - INFO - ✅ Record T0026 saved successfully
2025-05-30 00:19:23,119 - TharuniApp - INFO - ✅ Ticket T0026 completed - counter incremented
2025-05-30 00:19:23,119 - TharuniApp - INFO - Removing T0026 from pending vehicles list
2025-05-30 00:19:23,119 - PendingVehiclesPanel - INFO - Attempting to remove ticket T0026 from pending list
2025-05-30 00:19:23,120 - PendingVehiclesPanel - WARNING - Ticket T0026 not found in pending list for removal
2025-05-30 00:19:23,120 - PendingVehiclesPanel - INFO - Refreshing pending vehicles list
2025-05-30 00:19:23,121 - DataManager - INFO - Successfully loaded 27 records from data\Tharuni_Guntur_data.csv
2025-05-30 00:19:23,121 - PendingVehiclesPanel - INFO - Retrieved 27 total records
2025-05-30 00:19:23,121 - PendingVehiclesPanel - INFO - Found 0 pending records
2025-05-30 00:19:23,122 - PendingVehiclesPanel - INFO - Successfully refreshed pending list with 0 items
2025-05-30 00:19:23,399 - TharuniApp - INFO - ✅ Complete record processing finished for T0026
2025-05-30 00:19:23,400 - DataManager - INFO - Successfully loaded 27 records from data\Tharuni_Guntur_data.csv
2025-05-30 00:19:23,400 - DataManager - INFO - Returning all 27 records (no filter)
2025-05-30 00:19:23,401 - PendingVehiclesPanel - INFO - Refreshing pending vehicles list
2025-05-30 00:19:23,402 - DataManager - INFO - Successfully loaded 27 records from data\Tharuni_Guntur_data.csv
2025-05-30 00:19:23,402 - PendingVehiclesPanel - INFO - Retrieved 27 total records
2025-05-30 00:19:23,402 - PendingVehiclesPanel - INFO - Found 0 pending records
2025-05-30 00:19:23,403 - PendingVehiclesPanel - INFO - Successfully refreshed pending list with 0 items
2025-05-30 00:19:23,403 - TharuniApp - INFO - SAVE RECORD OPERATION COMPLETED SUCCESSFULLY
2025-05-30 00:19:23,403 - TharuniApp - INFO - ==================================================
2025-05-30 00:20:06,092 - PendingVehiclesPanel - INFO - Refreshing pending vehicles list
2025-05-30 00:20:06,095 - DataManager - INFO - Successfully loaded 27 records from data\Tharuni_Guntur_data.csv
2025-05-30 00:20:06,096 - PendingVehiclesPanel - INFO - Retrieved 27 total records
2025-05-30 00:20:06,097 - PendingVehiclesPanel - INFO - Found 0 pending records
2025-05-30 00:20:06,098 - PendingVehiclesPanel - INFO - Successfully refreshed pending list with 0 items
2025-05-30 00:20:06,100 - DataManager - INFO - Created new daily folder: data\reports\30-05
2025-05-30 00:21:06,104 - PendingVehiclesPanel - INFO - Refreshing pending vehicles list
2025-05-30 00:21:06,106 - DataManager - INFO - Successfully loaded 27 records from data\Tharuni_Guntur_data.csv
2025-05-30 00:21:06,107 - PendingVehiclesPanel - INFO - Retrieved 27 total records
2025-05-30 00:21:06,109 - PendingVehiclesPanel - INFO - Found 0 pending records
2025-05-30 00:21:06,110 - PendingVehiclesPanel - INFO - Successfully refreshed pending list with 0 items
2025-05-30 01:21:38,401 - TharuniApp - INFO - ============================================================
2025-05-30 01:21:38,401 - TharuniApp - INFO - APPLICATION STARTUP
2025-05-30 01:21:38,402 - TharuniApp - INFO - ============================================================
2025-05-30 01:21:38,405 - TharuniApp - INFO - Configuration setup completed
2025-05-30 01:21:38,407 - DataManager - INFO - DataManager initialized with OFFLINE-FIRST approach + JSON local storage
2025-05-30 01:21:38,416 - DataManager - INFO - CSV structure is up to date
2025-05-30 01:21:38,417 - DataManager - INFO - Daily PDF folder structure ready:
2025-05-30 01:21:38,417 - DataManager - INFO -   Base reports folder: data\reports
2025-05-30 01:21:38,418 - DataManager - INFO -   Today's folder: data\reports\2025-05-30
2025-05-30 01:21:38,427 - DataManager - INFO - Data file: data\weighbridge_data.csv
2025-05-30 01:21:38,427 - DataManager - INFO - Reports folder: data\reports
2025-05-30 01:21:38,427 - DataManager - INFO - JSON backup folder: data\json_backups
2025-05-30 01:21:38,428 - DataManager - INFO - PDF folder: data\reports\2025-05-30
2025-05-30 01:21:38,428 - DataManager - INFO - Cloud storage will only be initialized when backup is requested
2025-05-30 01:21:38,428 - TharuniApp - INFO - Data manager initialized
2025-05-30 01:21:38,432 - TharuniApp - INFO - Settings storage initialized
2025-05-30 01:21:38,434 - TharuniApp - INFO - UI styles initialized
2025-05-30 01:21:38,434 - TharuniApp - INFO - Starting user authentication
2025-05-30 01:21:41,936 - TharuniApp - INFO - Authentication successful: admin
2025-05-30 01:21:41,936 - TharuniApp - INFO - User logged in: admin (Role: admin)
2025-05-30 01:21:41,936 - TharuniApp - INFO - Setting up data context
2025-05-30 01:21:41,949 - DataManager - INFO - CSV structure is up to date
2025-05-30 01:21:41,950 - DataManager - INFO - Data context set to: Agency='Tharuni', Site='Guntur'
2025-05-30 01:21:41,950 - DataManager - INFO - Data file: data\Tharuni_Guntur_data.csv
2025-05-30 01:21:41,951 - TharuniApp - INFO - Data context initialized: Agency='Tharuni', Site='Guntur'
2025-05-30 01:21:41,951 - TharuniApp - INFO - Data will be saved to: data\Tharuni_Guntur_data.csv
2025-05-30 01:21:41,951 - TharuniApp - INFO - PDFs will be saved to: data\reports\2025-05-30
2025-05-30 01:21:41,952 - TharuniApp - INFO - Creating application widgets
2025-05-30 01:21:41,970 - TharuniApp - INFO - Creating main panel
2025-05-30 01:21:41,977 - FormValidator - INFO - FormValidator initialized
2025-05-30 01:21:41,984 - DataManager - INFO - Successfully loaded 27 records from data\Tharuni_Guntur_data.csv
2025-05-30 01:21:43,394 - DataManager - INFO - Successfully loaded 27 records from data\Tharuni_Guntur_data.csv
2025-05-30 01:21:43,395 - TharuniApp - INFO - Main form created
2025-05-30 01:21:43,397 - DataManager - INFO - CSV structure is up to date
2025-05-30 01:21:43,397 - DataManager - INFO - Data context set to: Agency='Tharuni', Site='Guntur'
2025-05-30 01:21:43,397 - DataManager - INFO - Data file: data\Tharuni_Guntur_data.csv
2025-05-30 01:21:43,398 - DataManager - INFO - CSV structure is up to date
2025-05-30 01:21:43,399 - DataManager - INFO - Data context set to: Agency='Tharuni', Site='Guntur'
2025-05-30 01:21:43,399 - DataManager - INFO - Data file: data\Tharuni_Guntur_data.csv
2025-05-30 01:21:43,400 - DataManager - INFO - CSV structure is up to date
2025-05-30 01:21:43,400 - DataManager - INFO - Data context set to: Agency='Tharuni', Site='Guntur'
2025-05-30 01:21:43,400 - DataManager - INFO - Data file: data\Tharuni_Guntur_data.csv
2025-05-30 01:21:43,401 - PendingVehiclesPanel - INFO - PendingVehiclesPanel initialized
2025-05-30 01:21:43,445 - PendingVehiclesPanel - INFO - Refreshing pending vehicles list
2025-05-30 01:21:43,446 - DataManager - INFO - Successfully loaded 27 records from data\Tharuni_Guntur_data.csv
2025-05-30 01:21:43,447 - PendingVehiclesPanel - INFO - Retrieved 27 total records
2025-05-30 01:21:43,447 - PendingVehiclesPanel - INFO - Found 0 pending records
2025-05-30 01:21:43,447 - PendingVehiclesPanel - INFO - Successfully refreshed pending list with 0 items
2025-05-30 01:21:43,448 - TharuniApp - INFO - Pending vehicles panel created
2025-05-30 01:21:43,689 - TharuniApp - INFO - Main panel creation completed
2025-05-30 01:21:43,723 - TharuniApp - INFO - Summary panel created
2025-05-30 01:21:43,893 - TharuniApp - INFO - ✅ Data manager reference set in settings panel
2025-05-30 01:21:43,894 - TharuniApp - INFO - Widget creation completed successfully
2025-05-30 01:21:43,894 - PendingVehiclesPanel - INFO - Refreshing pending vehicles list
2025-05-30 01:21:43,895 - DataManager - INFO - Successfully loaded 27 records from data\Tharuni_Guntur_data.csv
2025-05-30 01:21:43,895 - PendingVehiclesPanel - INFO - Retrieved 27 total records
2025-05-30 01:21:43,895 - PendingVehiclesPanel - INFO - Found 0 pending records
2025-05-30 01:21:43,895 - PendingVehiclesPanel - INFO - Successfully refreshed pending list with 0 items
2025-05-30 01:21:43,896 - DataManager - INFO - Created new daily folder: data\reports\30-05
2025-05-30 01:21:43,896 - TharuniApp - INFO - Application initialization completed successfully
2025-05-30 01:21:44,894 - TharuniApp - INFO - Ensuring settings persistence...
2025-05-30 01:21:44,899 - TharuniApp - INFO - Settings persistence check completed
2025-05-30 01:22:43,914 - PendingVehiclesPanel - INFO - Refreshing pending vehicles list
2025-05-30 01:22:43,915 - DataManager - INFO - Successfully loaded 27 records from data\Tharuni_Guntur_data.csv
2025-05-30 01:22:43,915 - PendingVehiclesPanel - INFO - Retrieved 27 total records
2025-05-30 01:22:43,915 - PendingVehiclesPanel - INFO - Found 0 pending records
2025-05-30 01:22:43,916 - PendingVehiclesPanel - INFO - Successfully refreshed pending list with 0 items
2025-05-30 01:23:43,932 - PendingVehiclesPanel - INFO - Refreshing pending vehicles list
2025-05-30 01:23:43,935 - DataManager - INFO - Successfully loaded 27 records from data\Tharuni_Guntur_data.csv
2025-05-30 01:23:43,936 - PendingVehiclesPanel - INFO - Retrieved 27 total records
2025-05-30 01:23:43,937 - PendingVehiclesPanel - INFO - Found 0 pending records
2025-05-30 01:23:43,938 - PendingVehiclesPanel - INFO - Successfully refreshed pending list with 0 items
2025-05-30 01:24:43,941 - PendingVehiclesPanel - INFO - Refreshing pending vehicles list
2025-05-30 01:24:43,943 - DataManager - INFO - Successfully loaded 27 records from data\Tharuni_Guntur_data.csv
2025-05-30 01:24:43,944 - PendingVehiclesPanel - INFO - Retrieved 27 total records
2025-05-30 01:24:43,945 - PendingVehiclesPanel - INFO - Found 0 pending records
2025-05-30 01:24:43,946 - PendingVehiclesPanel - INFO - Successfully refreshed pending list with 0 items
2025-05-30 01:25:43,947 - PendingVehiclesPanel - INFO - Refreshing pending vehicles list
2025-05-30 01:25:43,948 - DataManager - INFO - Successfully loaded 27 records from data\Tharuni_Guntur_data.csv
2025-05-30 01:25:43,948 - PendingVehiclesPanel - INFO - Retrieved 27 total records
2025-05-30 01:25:43,949 - PendingVehiclesPanel - INFO - Found 0 pending records
2025-05-30 01:25:43,949 - PendingVehiclesPanel - INFO - Successfully refreshed pending list with 0 items
2025-05-30 01:26:43,955 - PendingVehiclesPanel - INFO - Refreshing pending vehicles list
2025-05-30 01:26:43,956 - DataManager - INFO - Successfully loaded 27 records from data\Tharuni_Guntur_data.csv
2025-05-30 01:26:43,956 - PendingVehiclesPanel - INFO - Retrieved 27 total records
2025-05-30 01:26:43,957 - PendingVehiclesPanel - INFO - Found 0 pending records
2025-05-30 01:26:43,957 - PendingVehiclesPanel - INFO - Successfully refreshed pending list with 0 items
2025-05-30 01:27:43,958 - PendingVehiclesPanel - INFO - Refreshing pending vehicles list
2025-05-30 01:27:43,959 - DataManager - INFO - Successfully loaded 27 records from data\Tharuni_Guntur_data.csv
2025-05-30 01:27:43,959 - PendingVehiclesPanel - INFO - Retrieved 27 total records
2025-05-30 01:27:43,960 - PendingVehiclesPanel - INFO - Found 0 pending records
2025-05-30 01:27:43,960 - PendingVehiclesPanel - INFO - Successfully refreshed pending list with 0 items
2025-05-30 01:28:43,974 - PendingVehiclesPanel - INFO - Refreshing pending vehicles list
2025-05-30 01:28:43,976 - DataManager - INFO - Successfully loaded 27 records from data\Tharuni_Guntur_data.csv
2025-05-30 01:28:43,977 - PendingVehiclesPanel - INFO - Retrieved 27 total records
2025-05-30 01:28:43,978 - PendingVehiclesPanel - INFO - Found 0 pending records
2025-05-30 01:28:43,979 - PendingVehiclesPanel - INFO - Successfully refreshed pending list with 0 items
2025-05-30 01:29:22,180 - TharuniApp - INFO - ============================================================
2025-05-30 01:29:22,181 - TharuniApp - INFO - APPLICATION STARTUP
2025-05-30 01:29:22,181 - TharuniApp - INFO - ============================================================
2025-05-30 01:29:22,184 - TharuniApp - INFO - Configuration setup completed
2025-05-30 01:29:22,184 - DataManager - INFO - DataManager initialized with OFFLINE-FIRST approach + JSON local storage
2025-05-30 01:29:22,185 - DataManager - INFO - CSV structure is up to date
2025-05-30 01:29:22,185 - DataManager - INFO - Daily PDF folder structure ready:
2025-05-30 01:29:22,186 - DataManager - INFO -   Base reports folder: data\reports
2025-05-30 01:29:22,186 - DataManager - INFO -   Today's folder: data\reports\2025-05-30
2025-05-30 01:29:22,186 - DataManager - INFO - Data file: data\weighbridge_data.csv
2025-05-30 01:29:22,187 - DataManager - INFO - Reports folder: data\reports
2025-05-30 01:29:22,187 - DataManager - INFO - JSON backup folder: data\json_backups
2025-05-30 01:29:22,187 - DataManager - INFO - PDF folder: data\reports\2025-05-30
2025-05-30 01:29:22,187 - DataManager - INFO - Cloud storage will only be initialized when backup is requested
2025-05-30 01:29:22,188 - TharuniApp - INFO - Data manager initialized
2025-05-30 01:29:22,189 - TharuniApp - INFO - Settings storage initialized
2025-05-30 01:29:22,191 - TharuniApp - INFO - UI styles initialized
2025-05-30 01:29:22,191 - TharuniApp - INFO - Starting user authentication
2025-05-30 01:29:25,867 - TharuniApp - INFO - Authentication successful: admin
2025-05-30 01:29:25,868 - TharuniApp - INFO - User logged in: admin (Role: admin)
2025-05-30 01:29:25,868 - TharuniApp - INFO - Setting up data context
2025-05-30 01:29:25,869 - DataManager - INFO - CSV structure is up to date
2025-05-30 01:29:25,869 - DataManager - INFO - Data context set to: Agency='Tharuni', Site='Guntur'
2025-05-30 01:29:25,869 - DataManager - INFO - Data file: data\Tharuni_Guntur_data.csv
2025-05-30 01:29:25,869 - TharuniApp - INFO - Data context initialized: Agency='Tharuni', Site='Guntur'
2025-05-30 01:29:25,869 - TharuniApp - INFO - Data will be saved to: data\Tharuni_Guntur_data.csv
2025-05-30 01:29:25,870 - TharuniApp - INFO - PDFs will be saved to: data\reports\2025-05-30
2025-05-30 01:29:25,870 - TharuniApp - INFO - Creating application widgets
2025-05-30 01:29:25,885 - TharuniApp - INFO - Creating main panel
2025-05-30 01:29:25,890 - FormValidator - INFO - FormValidator initialized
2025-05-30 01:29:25,900 - DataManager - INFO - Successfully loaded 27 records from data\Tharuni_Guntur_data.csv
2025-05-30 01:29:26,847 - DataManager - INFO - Successfully loaded 27 records from data\Tharuni_Guntur_data.csv
2025-05-30 01:29:26,848 - TharuniApp - INFO - Main form created
2025-05-30 01:29:26,849 - DataManager - INFO - CSV structure is up to date
2025-05-30 01:29:26,850 - DataManager - INFO - Data context set to: Agency='Tharuni', Site='Guntur'
2025-05-30 01:29:26,850 - DataManager - INFO - Data file: data\Tharuni_Guntur_data.csv
2025-05-30 01:29:26,850 - DataManager - INFO - CSV structure is up to date
2025-05-30 01:29:26,851 - DataManager - INFO - Data context set to: Agency='Tharuni', Site='Guntur'
2025-05-30 01:29:26,851 - DataManager - INFO - Data file: data\Tharuni_Guntur_data.csv
2025-05-30 01:29:26,852 - DataManager - INFO - CSV structure is up to date
2025-05-30 01:29:26,852 - DataManager - INFO - Data context set to: Agency='Tharuni', Site='Guntur'
2025-05-30 01:29:26,852 - DataManager - INFO - Data file: data\Tharuni_Guntur_data.csv
2025-05-30 01:29:26,852 - PendingVehiclesPanel - INFO - PendingVehiclesPanel initialized
2025-05-30 01:29:26,856 - PendingVehiclesPanel - INFO - Refreshing pending vehicles list
2025-05-30 01:29:26,856 - DataManager - INFO - Successfully loaded 27 records from data\Tharuni_Guntur_data.csv
2025-05-30 01:29:26,857 - PendingVehiclesPanel - INFO - Retrieved 27 total records
2025-05-30 01:29:26,857 - PendingVehiclesPanel - INFO - Found 0 pending records
2025-05-30 01:29:26,857 - PendingVehiclesPanel - INFO - Successfully refreshed pending list with 0 items
2025-05-30 01:29:26,857 - TharuniApp - INFO - Pending vehicles panel created
2025-05-30 01:29:27,070 - TharuniApp - INFO - Main panel creation completed
2025-05-30 01:29:27,077 - TharuniApp - INFO - Summary panel created
2025-05-30 01:29:27,246 - TharuniApp - INFO - ✅ Data manager reference set in settings panel
2025-05-30 01:29:27,247 - TharuniApp - INFO - Widget creation completed successfully
2025-05-30 01:29:27,247 - PendingVehiclesPanel - INFO - Refreshing pending vehicles list
2025-05-30 01:29:27,248 - DataManager - INFO - Successfully loaded 27 records from data\Tharuni_Guntur_data.csv
2025-05-30 01:29:27,248 - PendingVehiclesPanel - INFO - Retrieved 27 total records
2025-05-30 01:29:27,248 - PendingVehiclesPanel - INFO - Found 0 pending records
2025-05-30 01:29:27,249 - PendingVehiclesPanel - INFO - Successfully refreshed pending list with 0 items
2025-05-30 01:29:27,249 - DataManager - INFO - Created new daily folder: data\reports\30-05
2025-05-30 01:29:27,249 - TharuniApp - INFO - Application initialization completed successfully
2025-05-30 01:29:28,248 - TharuniApp - INFO - Ensuring settings persistence...
2025-05-30 01:29:28,252 - TharuniApp - INFO - Settings persistence check completed
2025-05-30 01:29:37,678 - DataManager - INFO - Successfully loaded 27 records from data\Tharuni_Guntur_data.csv
2025-05-30 01:29:37,689 - DataManager - INFO - Successfully loaded 27 records from data\Tharuni_Guntur_data.csv
2025-05-30 01:29:37,690 - DataManager - INFO - Successfully loaded 27 records from data\Tharuni_Guntur_data.csv
2025-05-30 01:29:38,290 - DataManager - INFO - Successfully loaded 27 records from data\Tharuni_Guntur_data.csv
2025-05-30 01:29:38,292 - DataManager - INFO - Successfully loaded 27 records from data\Tharuni_Guntur_data.csv
2025-05-30 01:29:43,587 - TharuniApp - INFO - ==================================================
2025-05-30 01:29:43,587 - TharuniApp - INFO - SAVE RECORD OPERATION STARTED
2025-05-30 01:29:43,588 - FormValidator - INFO - Starting comprehensive form validation
2025-05-30 01:29:43,588 - FormValidator - INFO - Validating basic fields
2025-05-30 01:29:43,589 - FormValidator - INFO - Field values: ticket='T0027', vehicle='AP39V6553', agency='Tharuni'
2025-05-30 01:29:43,589 - FormValidator - INFO - Basic validation passed
2025-05-30 01:29:43,590 - FormValidator - INFO - Validating weighment data
2025-05-30 01:29:43,590 - FormValidator - INFO - Weighment data: first_weight='40840.00', first_timestamp='30-05-2025 01:29:29', second_weight='11970.00', second_timestamp='30-05-2025 01:29:34'
2025-05-30 01:29:43,591 - FormValidator - INFO - Weighment validation passed
2025-05-30 01:29:43,591 - FormValidator - INFO - Validating images for second weighment
2025-05-30 01:29:43,592 - FormValidator - INFO - Images validation for second: front=False, back=False
2025-05-30 01:29:44,797 - DataManager - INFO - Successfully loaded 27 records from data\Tharuni_Guntur_data.csv
2025-05-30 01:29:44,798 - DataManager - INFO - Successfully loaded 27 records from data\Tharuni_Guntur_data.csv
2025-05-30 01:29:44,801 - FormValidator - INFO - User chose to continue without images
2025-05-30 01:29:44,802 - FormValidator - INFO - Form validation passed successfully
2025-05-30 01:29:44,803 - TharuniApp - INFO - Saving record for ticket: T0027
2025-05-30 01:29:44,803 - TharuniApp - INFO - Form data keys: ['date', 'time', 'site_name', 'agency_name', 'material', 'ticket_no', 'vehicle_no', 'transfer_party_name', 'first_weight', 'first_timestamp', 'second_weight', 'second_timestamp', 'net_weight', 'material_type', 'first_front_image', 'first_back_image', 'second_front_image', 'second_back_image', 'site_incharge', 'user_name']
2025-05-30 01:29:44,803 - TharuniApp - INFO - Record is complete: True
2025-05-30 01:29:44,804 - TharuniApp - INFO - Calling data_manager.save_record for T0027
2025-05-30 01:29:44,804 - DataManager - INFO - ==================================================
2025-05-30 01:29:44,804 - DataManager - INFO - STARTING OFFLINE-FIRST RECORD SAVE WITH JSON BACKUP
2025-05-30 01:29:44,804 - DataManager - INFO - Input data keys: ['date', 'time', 'site_name', 'agency_name', 'material', 'ticket_no', 'vehicle_no', 'transfer_party_name', 'first_weight', 'first_timestamp', 'second_weight', 'second_timestamp', 'net_weight', 'material_type', 'first_front_image', 'first_back_image', 'second_front_image', 'second_back_image', 'site_incharge', 'user_name']
2025-05-30 01:29:44,805 - DataManager - INFO - Net weight calculated: 40840.0 - 11970.0 = 28870.00
2025-05-30 01:29:44,805 - DataManager - INFO - Using data file: data\Tharuni_Guntur_data.csv
2025-05-30 01:29:44,806 - DataManager - INFO - Successfully loaded 27 records from data\Tharuni_Guntur_data.csv
2025-05-30 01:29:44,807 - DataManager - INFO - Filtered 27 records to 0 using filter: 't0027'
2025-05-30 01:29:44,807 - DataManager - INFO - Adding new record: T0027
2025-05-30 01:29:44,808 - DataManager - INFO - Adding new record to CSV
2025-05-30 01:29:44,808 - DataManager - INFO - Record data: ['30-05-2025', '01:29:44', 'Guntur', 'Tharuni', 'Inert', 'T0027', 'AP39V6553', 'Jindal', '40840.00', '30-05-2025 01:29:29', '11970.00', '30-05-2025 01:29:34', '28870.00', 'Inert', '', '', '', '', '', 'admin']
2025-05-30 01:29:44,810 - DataManager - INFO - ✅ New record added to data\Tharuni_Guntur_data.csv
2025-05-30 01:29:44,810 - DataManager - INFO - ✅ Record T0027 saved to local CSV successfully
2025-05-30 01:29:44,811 - DataManager - INFO - Record completion status: True
2025-05-30 01:29:44,811 - DataManager - INFO - Complete record detected - saving JSON backup locally...
2025-05-30 01:29:44,812 - DataManager - INFO - Created new daily JSON folder: data\json_backups\2025-05-30
2025-05-30 01:29:44,814 - DataManager - INFO - JSON backup saved: data\json_backups\2025-05-30\T0027_Tharuni_Guntur_012944.json
2025-05-30 01:29:44,814 - DataManager - INFO - ✅ JSON backup saved locally for T0027
2025-05-30 01:29:44,814 - DataManager - INFO - Complete record detected for ticket T0027 - generating PDF locally...
2025-05-30 01:29:44,815 - DataManager - INFO - Today's reports folder ensured: data\reports\2025-05-30
2025-05-30 01:29:44,815 - DataManager - INFO - Reports will be saved to: data\reports\2025-05-30
2025-05-30 01:29:44,815 - DataManager - INFO - Today's reports folder ensured: data\reports\2025-05-30
2025-05-30 01:29:44,818 - DataManager - INFO - SIMPLE TEST - Net display: '28870.00 kg'
2025-05-30 01:29:44,818 - DataManager - INFO - Building PDF document: data\reports\2025-05-30\Tharuni_Guntur_T0027_AP39V6553_012944.pdf
2025-05-30 01:29:44,832 - DataManager - INFO - PDF created successfully: data\reports\2025-05-30\Tharuni_Guntur_T0027_AP39V6553_012944.pdf (2963 bytes)
2025-05-30 01:29:44,832 - DataManager - INFO - Auto-generated PDF: data\reports\2025-05-30\Tharuni_Guntur_T0027_AP39V6553_012944.pdf
2025-05-30 01:29:44,833 - DataManager - INFO - PDF saved to today's reports folder: data\reports\2025-05-30
2025-05-30 01:29:44,833 - DataManager - INFO - ✅ PDF auto-generated locally: data\reports\2025-05-30\Tharuni_Guntur_T0027_AP39V6553_012944.pdf
2025-05-30 01:29:45,813 - DataManager - INFO - Successfully loaded 28 records from data\Tharuni_Guntur_data.csv
2025-05-30 01:29:45,814 - DataManager - INFO - Successfully loaded 28 records from data\Tharuni_Guntur_data.csv
2025-05-30 01:29:45,821 - DataManager - INFO - ✅ OFFLINE-FIRST SAVE COMPLETED - Local CSV, JSON backup, and PDF generated
2025-05-30 01:29:45,821 - DataManager - INFO - 📂 PDF saved to today's reports folder: data\reports\2025-05-30
2025-05-30 01:29:45,821 - DataManager - INFO - 💡 Cloud backup available via Settings > Cloud Storage > Backup
2025-05-30 01:29:45,822 - DataManager - INFO - ==================================================
2025-05-30 01:29:45,822 - TharuniApp - INFO - ✅ Record T0027 saved successfully
2025-05-30 01:29:45,830 - TharuniApp - INFO - ✅ Ticket T0027 completed - counter incremented
2025-05-30 01:29:45,830 - TharuniApp - INFO - Removing T0027 from pending vehicles list
2025-05-30 01:29:45,831 - PendingVehiclesPanel - INFO - Attempting to remove ticket T0027 from pending list
2025-05-30 01:29:45,831 - PendingVehiclesPanel - WARNING - Ticket T0027 not found in pending list for removal
2025-05-30 01:29:45,831 - PendingVehiclesPanel - INFO - Refreshing pending vehicles list
2025-05-30 01:29:45,832 - DataManager - INFO - Successfully loaded 28 records from data\Tharuni_Guntur_data.csv
2025-05-30 01:29:45,833 - PendingVehiclesPanel - INFO - Retrieved 28 total records
2025-05-30 01:29:45,833 - PendingVehiclesPanel - INFO - Found 0 pending records
2025-05-30 01:29:45,833 - PendingVehiclesPanel - INFO - Successfully refreshed pending list with 0 items
2025-05-30 01:29:46,123 - TharuniApp - INFO - ✅ Complete record processing finished for T0027
2025-05-30 01:29:46,123 - DataManager - INFO - Successfully loaded 28 records from data\Tharuni_Guntur_data.csv
2025-05-30 01:29:46,124 - DataManager - INFO - Returning all 28 records (no filter)
2025-05-30 01:29:46,125 - PendingVehiclesPanel - INFO - Refreshing pending vehicles list
2025-05-30 01:29:46,125 - DataManager - INFO - Successfully loaded 28 records from data\Tharuni_Guntur_data.csv
2025-05-30 01:29:46,126 - PendingVehiclesPanel - INFO - Retrieved 28 total records
2025-05-30 01:29:46,126 - PendingVehiclesPanel - INFO - Found 0 pending records
2025-05-30 01:29:46,126 - PendingVehiclesPanel - INFO - Successfully refreshed pending list with 0 items
2025-05-30 01:29:46,126 - TharuniApp - INFO - SAVE RECORD OPERATION COMPLETED SUCCESSFULLY
2025-05-30 01:29:46,127 - TharuniApp - INFO - ==================================================
2025-05-30 01:30:27,255 - PendingVehiclesPanel - INFO - Refreshing pending vehicles list
2025-05-30 01:30:27,258 - DataManager - INFO - Successfully loaded 28 records from data\Tharuni_Guntur_data.csv
2025-05-30 01:30:27,259 - PendingVehiclesPanel - INFO - Retrieved 28 total records
2025-05-30 01:30:27,260 - PendingVehiclesPanel - INFO - Found 0 pending records
2025-05-30 01:30:27,261 - PendingVehiclesPanel - INFO - Successfully refreshed pending list with 0 items
2025-05-30 01:30:27,263 - DataManager - INFO - Created new daily folder: data\reports\30-05
2025-05-30 01:31:27,275 - PendingVehiclesPanel - INFO - Refreshing pending vehicles list
2025-05-30 01:31:27,278 - DataManager - INFO - Successfully loaded 28 records from data\Tharuni_Guntur_data.csv
2025-05-30 01:31:27,279 - PendingVehiclesPanel - INFO - Retrieved 28 total records
2025-05-30 01:31:27,280 - PendingVehiclesPanel - INFO - Found 0 pending records
2025-05-30 01:31:27,281 - PendingVehiclesPanel - INFO - Successfully refreshed pending list with 0 items
2025-05-30 01:32:27,287 - PendingVehiclesPanel - INFO - Refreshing pending vehicles list
2025-05-30 01:32:27,290 - DataManager - INFO - Successfully loaded 28 records from data\Tharuni_Guntur_data.csv
2025-05-30 01:32:27,291 - PendingVehiclesPanel - INFO - Retrieved 28 total records
2025-05-30 01:32:27,293 - PendingVehiclesPanel - INFO - Found 0 pending records
2025-05-30 01:32:27,294 - PendingVehiclesPanel - INFO - Successfully refreshed pending list with 0 items
2025-05-30 01:33:05,975 - FormValidator - ERROR - Vehicle validation failed: Please enter a vehicle number before capturing images.
2025-05-30 01:33:27,295 - PendingVehiclesPanel - INFO - Refreshing pending vehicles list
2025-05-30 01:33:27,298 - DataManager - INFO - Successfully loaded 28 records from data\Tharuni_Guntur_data.csv
2025-05-30 01:33:27,299 - PendingVehiclesPanel - INFO - Retrieved 28 total records
2025-05-30 01:33:27,300 - PendingVehiclesPanel - INFO - Found 0 pending records
2025-05-30 01:33:27,301 - PendingVehiclesPanel - INFO - Successfully refreshed pending list with 0 items
2025-05-30 01:33:47,902 - TharuniApp - INFO - Updating camera settings: {'front_camera_type': 'HTTP', 'front_camera_index': 1, 'front_rtsp_username': '', 'front_rtsp_password': '', 'front_rtsp_ip': '', 'front_rtsp_port': '8554', 'front_rtsp_endpoint': '/stream', 'front_http_username': '', 'front_http_password': '', 'front_http_ip': '', 'front_http_port': '80', 'front_http_endpoint': '/mjpeg', 'back_camera_type': 'HTTP', 'back_camera_index': 0, 'back_rtsp_username': '', 'back_rtsp_password': '', 'back_rtsp_ip': '', 'back_rtsp_port': '8555', 'back_rtsp_endpoint': '/stream', 'back_http_username': '', 'back_http_password': '', 'back_http_ip': '', 'back_http_port': '80', 'back_http_endpoint': '/mjpeg'}
2025-05-30 01:33:47,913 - TharuniApp - INFO - Camera settings saved for persistence
2025-05-30 01:33:50,217 - TharuniApp - INFO - ============================================================
2025-05-30 01:33:50,218 - TharuniApp - INFO - APPLICATION STARTUP
2025-05-30 01:33:50,218 - TharuniApp - INFO - ============================================================
2025-05-30 01:33:50,221 - TharuniApp - INFO - Configuration setup completed
2025-05-30 01:33:50,222 - DataManager - INFO - DataManager initialized with OFFLINE-FIRST approach + JSON local storage
2025-05-30 01:33:50,222 - DataManager - INFO - CSV structure is up to date
2025-05-30 01:33:50,223 - DataManager - INFO - Daily PDF folder structure ready:
2025-05-30 01:33:50,223 - DataManager - INFO -   Base reports folder: data\reports
2025-05-30 01:33:50,223 - DataManager - INFO -   Today's folder: data\reports\2025-05-30
2025-05-30 01:33:50,224 - DataManager - INFO - Data file: data\weighbridge_data.csv
2025-05-30 01:33:50,224 - DataManager - INFO - Reports folder: data\reports
2025-05-30 01:33:50,224 - DataManager - INFO - JSON backup folder: data\json_backups
2025-05-30 01:33:50,225 - DataManager - INFO - PDF folder: data\reports\2025-05-30
2025-05-30 01:33:50,225 - DataManager - INFO - Cloud storage will only be initialized when backup is requested
2025-05-30 01:33:50,225 - TharuniApp - INFO - Data manager initialized
2025-05-30 01:33:50,228 - TharuniApp - INFO - Settings storage initialized
2025-05-30 01:33:50,230 - TharuniApp - INFO - UI styles initialized
2025-05-30 01:33:50,230 - TharuniApp - INFO - Starting user authentication
2025-05-30 02:37:31,446 - TharuniApp - INFO - Authentication canceled - exiting application
2025-05-30 02:37:31,447 - TharuniApp - INFO - User authentication failed or canceled - exiting
2025-05-30 03:00:29,234 - TharuniApp - INFO - ============================================================
2025-05-30 03:00:29,235 - TharuniApp - INFO - APPLICATION STARTUP
2025-05-30 03:00:29,235 - TharuniApp - INFO - ============================================================
2025-05-30 03:00:29,239 - TharuniApp - INFO - Configuration setup completed
2025-05-30 03:00:29,241 - DataManager - INFO - DataManager initialized with OFFLINE-FIRST approach + JSON local storage
2025-05-30 03:00:29,243 - DataManager - INFO - CSV structure is up to date
2025-05-30 03:00:29,243 - DataManager - INFO - Daily PDF folder structure ready:
2025-05-30 03:00:29,244 - DataManager - INFO -   Base reports folder: data\reports
2025-05-30 03:00:29,244 - DataManager - INFO -   Today's folder: data\reports\2025-05-30
2025-05-30 03:00:29,245 - DataManager - INFO - Data file: data\weighbridge_data.csv
2025-05-30 03:00:29,245 - DataManager - INFO - Reports folder: data\reports
2025-05-30 03:00:29,245 - DataManager - INFO - JSON backup folder: data\json_backups
2025-05-30 03:00:29,246 - DataManager - INFO - PDF folder: data\reports\2025-05-30
2025-05-30 03:00:29,246 - DataManager - INFO - Cloud storage will only be initialized when backup is requested
2025-05-30 03:00:29,246 - TharuniApp - INFO - Data manager initialized
2025-05-30 03:00:29,248 - TharuniApp - INFO - Settings storage initialized
2025-05-30 03:00:29,250 - TharuniApp - INFO - UI styles initialized
2025-05-30 03:00:29,251 - TharuniApp - INFO - Starting user authentication
2025-05-30 05:53:43,521 - TharuniApp - INFO - Authentication canceled - exiting application
2025-05-30 05:53:43,528 - TharuniApp - INFO - User authentication failed or canceled - exiting
2025-05-30 05:53:49,285 - TharuniApp - INFO - ============================================================
2025-05-30 05:53:49,286 - TharuniApp - INFO - APPLICATION STARTUP
2025-05-30 05:53:49,286 - TharuniApp - INFO - ============================================================
2025-05-30 05:53:49,289 - TharuniApp - INFO - Configuration setup completed
2025-05-30 05:53:49,290 - DataManager - INFO - DataManager initialized with OFFLINE-FIRST approach + JSON local storage
2025-05-30 05:53:49,290 - DataManager - INFO - CSV structure is up to date
2025-05-30 05:53:49,291 - DataManager - INFO - Daily PDF folder structure ready:
2025-05-30 05:53:49,291 - DataManager - INFO -   Base reports folder: data\reports
2025-05-30 05:53:49,291 - DataManager - INFO -   Today's folder: data\reports\2025-05-30
2025-05-30 05:53:49,292 - DataManager - INFO - Data file: data\weighbridge_data.csv
2025-05-30 05:53:49,293 - DataManager - INFO - Reports folder: data\reports
2025-05-30 05:53:49,293 - DataManager - INFO - JSON backup folder: data\json_backups
2025-05-30 05:53:49,293 - DataManager - INFO - PDF folder: data\reports\2025-05-30
2025-05-30 05:53:49,293 - DataManager - INFO - Cloud storage will only be initialized when backup is requested
2025-05-30 05:53:49,293 - TharuniApp - INFO - Data manager initialized
2025-05-30 05:53:49,296 - TharuniApp - INFO - Settings storage initialized
2025-05-30 05:53:49,300 - TharuniApp - INFO - UI styles initialized
2025-05-30 05:53:49,300 - TharuniApp - INFO - Starting user authentication
2025-05-30 05:53:56,285 - TharuniApp - INFO - Authentication successful: admin
2025-05-30 05:53:56,285 - TharuniApp - INFO - User logged in: admin (Role: admin)
2025-05-30 05:53:56,285 - TharuniApp - INFO - Setting up data context
2025-05-30 05:53:56,286 - DataManager - INFO - CSV structure is up to date
2025-05-30 05:53:56,287 - DataManager - INFO - Data context set to: Agency='Tharuni', Site='Guntur'
2025-05-30 05:53:56,287 - DataManager - INFO - Data file: data\Tharuni_Guntur_data.csv
2025-05-30 05:53:56,287 - TharuniApp - INFO - Data context initialized: Agency='Tharuni', Site='Guntur'
2025-05-30 05:53:56,287 - TharuniApp - INFO - Data will be saved to: data\Tharuni_Guntur_data.csv
2025-05-30 05:53:56,287 - TharuniApp - INFO - PDFs will be saved to: data\reports\2025-05-30
2025-05-30 05:53:56,288 - TharuniApp - INFO - Creating application widgets
2025-05-30 05:53:56,319 - TharuniApp - INFO - Creating main panel
2025-05-30 05:53:56,326 - FormValidator - INFO - FormValidator initialized
2025-05-30 05:53:56,337 - DataManager - INFO - Successfully loaded 28 records from data\Tharuni_Guntur_data.csv
2025-05-30 05:53:57,817 - DataManager - INFO - Successfully loaded 28 records from data\Tharuni_Guntur_data.csv
2025-05-30 05:53:57,818 - TharuniApp - INFO - Main form created
2025-05-30 05:53:57,819 - DataManager - INFO - CSV structure is up to date
2025-05-30 05:53:57,820 - DataManager - INFO - Data context set to: Agency='Tharuni', Site='Guntur'
2025-05-30 05:53:57,820 - DataManager - INFO - Data file: data\Tharuni_Guntur_data.csv
2025-05-30 05:53:57,820 - DataManager - INFO - CSV structure is up to date
2025-05-30 05:53:57,821 - DataManager - INFO - Data context set to: Agency='Tharuni', Site='Guntur'
2025-05-30 05:53:57,821 - DataManager - INFO - Data file: data\Tharuni_Guntur_data.csv
2025-05-30 05:53:57,822 - DataManager - INFO - CSV structure is up to date
2025-05-30 05:53:57,822 - DataManager - INFO - Data context set to: Agency='Tharuni', Site='Guntur'
2025-05-30 05:53:57,822 - DataManager - INFO - Data file: data\Tharuni_Guntur_data.csv
2025-05-30 05:53:57,822 - PendingVehiclesPanel - INFO - PendingVehiclesPanel initialized
2025-05-30 05:53:57,831 - PendingVehiclesPanel - INFO - Refreshing pending vehicles list
2025-05-30 05:53:57,832 - DataManager - INFO - Successfully loaded 28 records from data\Tharuni_Guntur_data.csv
2025-05-30 05:53:57,832 - PendingVehiclesPanel - INFO - Retrieved 28 total records
2025-05-30 05:53:57,832 - PendingVehiclesPanel - INFO - Found 0 pending records
2025-05-30 05:53:57,832 - PendingVehiclesPanel - INFO - Successfully refreshed pending list with 0 items
2025-05-30 05:53:57,833 - TharuniApp - INFO - Pending vehicles panel created
2025-05-30 05:53:58,046 - TharuniApp - INFO - Main panel creation completed
2025-05-30 05:53:58,053 - TharuniApp - INFO - Summary panel created
2025-05-30 05:53:58,219 - TharuniApp - INFO - ✅ Data manager reference set in settings panel
2025-05-30 05:53:58,219 - TharuniApp - INFO - Widget creation completed successfully
2025-05-30 05:53:58,220 - PendingVehiclesPanel - INFO - Refreshing pending vehicles list
2025-05-30 05:53:58,220 - DataManager - INFO - Successfully loaded 28 records from data\Tharuni_Guntur_data.csv
2025-05-30 05:53:58,221 - PendingVehiclesPanel - INFO - Retrieved 28 total records
2025-05-30 05:53:58,221 - PendingVehiclesPanel - INFO - Found 0 pending records
2025-05-30 05:53:58,221 - PendingVehiclesPanel - INFO - Successfully refreshed pending list with 0 items
2025-05-30 05:53:58,222 - DataManager - INFO - Created new daily folder: data\reports\30-05
2025-05-30 05:53:58,222 - TharuniApp - INFO - Application initialization completed successfully
2025-05-30 05:53:59,221 - TharuniApp - INFO - Ensuring settings persistence...
2025-05-30 05:53:59,224 - TharuniApp - INFO - Settings persistence check completed
2025-05-30 05:54:17,282 - DataManager - INFO - Successfully loaded 28 records from data\Tharuni_Guntur_data.csv
2025-05-30 05:54:17,315 - DataManager - INFO - Successfully loaded 28 records from data\Tharuni_Guntur_data.csv
2025-05-30 05:54:17,338 - DataManager - INFO - Successfully loaded 28 records from data\Tharuni_Guntur_data.csv
2025-05-30 05:54:18,144 - DataManager - INFO - Successfully loaded 28 records from data\Tharuni_Guntur_data.csv
2025-05-30 05:54:18,145 - DataManager - INFO - Successfully loaded 28 records from data\Tharuni_Guntur_data.csv
2025-05-30 05:54:22,600 - DataManager - INFO - Successfully loaded 28 records from data\Tharuni_Guntur_data.csv
2025-05-30 05:54:22,601 - DataManager - INFO - Successfully loaded 28 records from data\Tharuni_Guntur_data.csv
2025-05-30 05:54:26,732 - FormValidator - INFO - Vehicle validation passed: AP07UA1234
2025-05-30 05:54:28,050 - DataManager - INFO - Successfully loaded 28 records from data\Tharuni_Guntur_data.csv
2025-05-30 05:54:28,051 - DataManager - INFO - Successfully loaded 28 records from data\Tharuni_Guntur_data.csv
2025-05-30 05:54:31,042 - DataManager - INFO - Successfully loaded 28 records from data\Tharuni_Guntur_data.csv
2025-05-30 05:54:31,042 - DataManager - INFO - Successfully loaded 28 records from data\Tharuni_Guntur_data.csv
2025-05-30 05:54:34,842 - FormValidator - INFO - Vehicle validation passed: AP07UA1234
2025-05-30 05:54:36,118 - DataManager - INFO - Successfully loaded 28 records from data\Tharuni_Guntur_data.csv
2025-05-30 05:54:36,118 - DataManager - INFO - Successfully loaded 28 records from data\Tharuni_Guntur_data.csv
2025-05-30 05:54:41,479 - TharuniApp - INFO - ==================================================
2025-05-30 05:54:41,479 - TharuniApp - INFO - SAVE RECORD OPERATION STARTED
2025-05-30 05:54:41,480 - FormValidator - INFO - Starting comprehensive form validation
2025-05-30 05:54:41,480 - FormValidator - INFO - Validating basic fields
2025-05-30 05:54:41,481 - FormValidator - INFO - Field values: ticket='T0028', vehicle='AP07UA1234', agency='Tharuni'
2025-05-30 05:54:41,481 - FormValidator - INFO - Basic validation passed
2025-05-30 05:54:41,482 - FormValidator - INFO - Validating weighment data
2025-05-30 05:54:41,482 - FormValidator - INFO - Weighment data: first_weight='27760.00', first_timestamp='30-05-2025 05:54:21', second_weight='12290.00', second_timestamp='30-05-2025 05:54:30'
2025-05-30 05:54:41,483 - FormValidator - INFO - Weighment validation passed
2025-05-30 05:54:41,483 - FormValidator - INFO - Validating images for second weighment
2025-05-30 05:54:41,483 - FormValidator - INFO - Images validation for second: front=True, back=False
2025-05-30 05:54:41,484 - FormValidator - INFO - Form validation passed successfully
2025-05-30 05:54:41,485 - TharuniApp - INFO - Saving record for ticket: T0028
2025-05-30 05:54:41,485 - TharuniApp - INFO - Form data keys: ['date', 'time', 'site_name', 'agency_name', 'material', 'ticket_no', 'vehicle_no', 'transfer_party_name', 'first_weight', 'first_timestamp', 'second_weight', 'second_timestamp', 'net_weight', 'material_type', 'first_front_image', 'first_back_image', 'second_front_image', 'second_back_image', 'site_incharge', 'user_name']
2025-05-30 05:54:41,486 - TharuniApp - INFO - Record is complete: True
2025-05-30 05:54:41,486 - TharuniApp - INFO - Calling data_manager.save_record for T0028
2025-05-30 05:54:41,486 - DataManager - INFO - ==================================================
2025-05-30 05:54:41,486 - DataManager - INFO - STARTING OFFLINE-FIRST RECORD SAVE WITH JSON BACKUP
2025-05-30 05:54:41,486 - DataManager - INFO - Input data keys: ['date', 'time', 'site_name', 'agency_name', 'material', 'ticket_no', 'vehicle_no', 'transfer_party_name', 'first_weight', 'first_timestamp', 'second_weight', 'second_timestamp', 'net_weight', 'material_type', 'first_front_image', 'first_back_image', 'second_front_image', 'second_back_image', 'site_incharge', 'user_name']
2025-05-30 05:54:41,487 - DataManager - INFO - Net weight calculated: 27760.0 - 12290.0 = 15470.00
2025-05-30 05:54:41,487 - DataManager - INFO - Using data file: data\Tharuni_Guntur_data.csv
2025-05-30 05:54:41,488 - DataManager - INFO - Successfully loaded 28 records from data\Tharuni_Guntur_data.csv
2025-05-30 05:54:41,488 - DataManager - INFO - Filtered 28 records to 0 using filter: 't0028'
2025-05-30 05:54:41,489 - DataManager - INFO - Adding new record: T0028
2025-05-30 05:54:41,489 - DataManager - INFO - Adding new record to CSV
2025-05-30 05:54:41,489 - DataManager - INFO - Record data: ['30-05-2025', '05:54:41', 'Guntur', 'Tharuni', 'Inert', 'T0028', 'AP07UA1234', 'Jindal', '27760.00', '30-05-2025 05:54:21', '12290.00', '30-05-2025 05:54:30', '15470.00', 'Inert', 'Guntur_AP07UA1234_20250530_055426_1st_front.jpg', '', 'Guntur_AP07UA1234_20250530_055434_2nd_front.jpg', '', '', 'admin']
2025-05-30 05:54:41,491 - DataManager - INFO - ✅ New record added to data\Tharuni_Guntur_data.csv
2025-05-30 05:54:41,491 - DataManager - INFO - ✅ Record T0028 saved to local CSV successfully
2025-05-30 05:54:41,491 - DataManager - INFO - Record completion status: True
2025-05-30 05:54:41,492 - DataManager - INFO - Complete record detected - saving JSON backup locally...
2025-05-30 05:54:41,492 - DataManager - INFO - Created new daily JSON folder: data\json_backups\2025-05-30
2025-05-30 05:54:41,495 - DataManager - INFO - JSON backup saved: data\json_backups\2025-05-30\T0028_Tharuni_Guntur_055441.json
2025-05-30 05:54:41,495 - DataManager - INFO - ✅ JSON backup saved locally for T0028
2025-05-30 05:54:41,495 - DataManager - INFO - Complete record detected for ticket T0028 - generating PDF locally...
2025-05-30 05:54:41,496 - DataManager - INFO - Today's reports folder ensured: data\reports\2025-05-30
2025-05-30 05:54:41,496 - DataManager - INFO - Reports will be saved to: data\reports\2025-05-30
2025-05-30 05:54:41,497 - DataManager - INFO - Today's reports folder ensured: data\reports\2025-05-30
2025-05-30 05:54:41,499 - DataManager - INFO - SIMPLE TEST - Net display: '15470.00 kg'
2025-05-30 05:54:41,553 - DataManager - INFO - Building PDF document: data\reports\2025-05-30\Tharuni_Guntur_T0028_AP07UA1234_055441.pdf
2025-05-30 05:54:41,599 - DataManager - INFO - PDF created successfully: data\reports\2025-05-30\Tharuni_Guntur_T0028_AP07UA1234_055441.pdf (108041 bytes)
2025-05-30 05:54:41,599 - DataManager - INFO - Auto-generated PDF: data\reports\2025-05-30\Tharuni_Guntur_T0028_AP07UA1234_055441.pdf
2025-05-30 05:54:41,599 - DataManager - INFO - PDF saved to today's reports folder: data\reports\2025-05-30
2025-05-30 05:54:41,600 - DataManager - INFO - ✅ PDF auto-generated locally: data\reports\2025-05-30\Tharuni_Guntur_T0028_AP07UA1234_055441.pdf
2025-05-30 05:54:55,421 - DataManager - INFO - Successfully loaded 29 records from data\Tharuni_Guntur_data.csv
2025-05-30 05:54:55,424 - DataManager - INFO - Successfully loaded 29 records from data\Tharuni_Guntur_data.csv
2025-05-30 05:54:55,430 - DataManager - INFO - ✅ OFFLINE-FIRST SAVE COMPLETED - Local CSV, JSON backup, and PDF generated
2025-05-30 05:54:55,431 - DataManager - INFO - 📂 PDF saved to today's reports folder: data\reports\2025-05-30
2025-05-30 05:54:55,431 - DataManager - INFO - 💡 Cloud backup available via Settings > Cloud Storage > Backup
2025-05-30 05:54:55,431 - DataManager - INFO - ==================================================
2025-05-30 05:54:55,432 - TharuniApp - INFO - ✅ Record T0028 saved successfully
2025-05-30 05:54:55,438 - TharuniApp - INFO - ✅ Ticket T0028 completed - counter incremented
2025-05-30 05:54:55,438 - TharuniApp - INFO - Removing T0028 from pending vehicles list
2025-05-30 05:54:55,438 - PendingVehiclesPanel - INFO - Attempting to remove ticket T0028 from pending list
2025-05-30 05:54:55,439 - PendingVehiclesPanel - WARNING - Ticket T0028 not found in pending list for removal
2025-05-30 05:54:55,440 - PendingVehiclesPanel - INFO - Refreshing pending vehicles list
2025-05-30 05:54:55,441 - DataManager - INFO - Successfully loaded 29 records from data\Tharuni_Guntur_data.csv
2025-05-30 05:54:55,442 - PendingVehiclesPanel - INFO - Retrieved 29 total records
2025-05-30 05:54:55,442 - PendingVehiclesPanel - INFO - Found 0 pending records
2025-05-30 05:54:55,442 - PendingVehiclesPanel - INFO - Successfully refreshed pending list with 0 items
2025-05-30 05:54:55,736 - TharuniApp - INFO - ✅ Complete record processing finished for T0028
2025-05-30 05:54:55,737 - DataManager - INFO - Successfully loaded 29 records from data\Tharuni_Guntur_data.csv
2025-05-30 05:54:55,737 - DataManager - INFO - Returning all 29 records (no filter)
2025-05-30 05:54:55,738 - PendingVehiclesPanel - INFO - Refreshing pending vehicles list
2025-05-30 05:54:55,738 - DataManager - INFO - Successfully loaded 29 records from data\Tharuni_Guntur_data.csv
2025-05-30 05:54:55,739 - PendingVehiclesPanel - INFO - Retrieved 29 total records
2025-05-30 05:54:55,739 - PendingVehiclesPanel - INFO - Found 0 pending records
2025-05-30 05:54:55,739 - PendingVehiclesPanel - INFO - Successfully refreshed pending list with 0 items
2025-05-30 05:54:55,739 - TharuniApp - INFO - SAVE RECORD OPERATION COMPLETED SUCCESSFULLY
2025-05-30 05:54:55,740 - TharuniApp - INFO - ==================================================
2025-05-30 05:54:58,223 - PendingVehiclesPanel - INFO - Refreshing pending vehicles list
2025-05-30 05:54:58,226 - DataManager - INFO - Successfully loaded 29 records from data\Tharuni_Guntur_data.csv
2025-05-30 05:54:58,227 - PendingVehiclesPanel - INFO - Retrieved 29 total records
2025-05-30 05:54:58,228 - PendingVehiclesPanel - INFO - Found 0 pending records
2025-05-30 05:54:58,230 - PendingVehiclesPanel - INFO - Successfully refreshed pending list with 0 items
2025-05-30 05:54:58,231 - DataManager - INFO - Created new daily folder: data\reports\30-05
2025-05-30 05:55:58,237 - PendingVehiclesPanel - INFO - Refreshing pending vehicles list
2025-05-30 05:55:58,241 - DataManager - INFO - Successfully loaded 29 records from data\Tharuni_Guntur_data.csv
2025-05-30 05:55:58,242 - PendingVehiclesPanel - INFO - Retrieved 29 total records
2025-05-30 05:55:58,243 - PendingVehiclesPanel - INFO - Found 0 pending records
2025-05-30 05:55:58,244 - PendingVehiclesPanel - INFO - Successfully refreshed pending list with 0 items
2025-05-30 05:56:58,253 - PendingVehiclesPanel - INFO - Refreshing pending vehicles list
2025-05-30 05:56:58,253 - DataManager - INFO - Successfully loaded 29 records from data\Tharuni_Guntur_data.csv
2025-05-30 05:56:58,254 - PendingVehiclesPanel - INFO - Retrieved 29 total records
2025-05-30 05:56:58,254 - PendingVehiclesPanel - INFO - Found 0 pending records
2025-05-30 05:56:58,254 - PendingVehiclesPanel - INFO - Successfully refreshed pending list with 0 items
2025-05-30 05:57:58,265 - PendingVehiclesPanel - INFO - Refreshing pending vehicles list
2025-05-30 05:57:58,268 - DataManager - INFO - Successfully loaded 29 records from data\Tharuni_Guntur_data.csv
2025-05-30 05:57:58,269 - PendingVehiclesPanel - INFO - Retrieved 29 total records
2025-05-30 05:57:58,270 - PendingVehiclesPanel - INFO - Found 0 pending records
2025-05-30 05:57:58,271 - PendingVehiclesPanel - INFO - Successfully refreshed pending list with 0 items
2025-05-30 05:58:58,282 - PendingVehiclesPanel - INFO - Refreshing pending vehicles list
2025-05-30 05:58:58,285 - DataManager - INFO - Successfully loaded 29 records from data\Tharuni_Guntur_data.csv
2025-05-30 05:58:58,285 - PendingVehiclesPanel - INFO - Retrieved 29 total records
2025-05-30 05:58:58,286 - PendingVehiclesPanel - INFO - Found 0 pending records
2025-05-30 05:58:58,287 - PendingVehiclesPanel - INFO - Successfully refreshed pending list with 0 items
2025-05-30 05:59:58,300 - PendingVehiclesPanel - INFO - Refreshing pending vehicles list
2025-05-30 05:59:58,303 - DataManager - INFO - Successfully loaded 29 records from data\Tharuni_Guntur_data.csv
2025-05-30 05:59:58,304 - PendingVehiclesPanel - INFO - Retrieved 29 total records
2025-05-30 05:59:58,305 - PendingVehiclesPanel - INFO - Found 0 pending records
2025-05-30 05:59:58,305 - PendingVehiclesPanel - INFO - Successfully refreshed pending list with 0 items
2025-05-30 06:00:58,315 - PendingVehiclesPanel - INFO - Refreshing pending vehicles list
2025-05-30 06:00:58,316 - DataManager - INFO - Successfully loaded 29 records from data\Tharuni_Guntur_data.csv
2025-05-30 06:00:58,316 - PendingVehiclesPanel - INFO - Retrieved 29 total records
2025-05-30 06:00:58,316 - PendingVehiclesPanel - INFO - Found 0 pending records
2025-05-30 06:00:58,317 - PendingVehiclesPanel - INFO - Successfully refreshed pending list with 0 items
2025-05-30 06:01:58,320 - PendingVehiclesPanel - INFO - Refreshing pending vehicles list
2025-05-30 06:01:58,321 - DataManager - INFO - Successfully loaded 29 records from data\Tharuni_Guntur_data.csv
2025-05-30 06:01:58,321 - PendingVehiclesPanel - INFO - Retrieved 29 total records
2025-05-30 06:01:58,322 - PendingVehiclesPanel - INFO - Found 0 pending records
2025-05-30 06:01:58,322 - PendingVehiclesPanel - INFO - Successfully refreshed pending list with 0 items
2025-05-30 06:02:58,329 - PendingVehiclesPanel - INFO - Refreshing pending vehicles list
2025-05-30 06:02:58,332 - DataManager - INFO - Successfully loaded 29 records from data\Tharuni_Guntur_data.csv
2025-05-30 06:02:58,333 - PendingVehiclesPanel - INFO - Retrieved 29 total records
2025-05-30 06:02:58,334 - PendingVehiclesPanel - INFO - Found 0 pending records
2025-05-30 06:02:58,336 - PendingVehiclesPanel - INFO - Successfully refreshed pending list with 0 items
2025-05-30 06:03:15,766 - TharuniApp - INFO - ============================================================
2025-05-30 06:03:15,766 - TharuniApp - INFO - APPLICATION STARTUP
2025-05-30 06:03:15,767 - TharuniApp - INFO - ============================================================
2025-05-30 06:03:15,769 - TharuniApp - INFO - Configuration setup completed
2025-05-30 06:03:15,770 - DataManager - INFO - DataManager initialized with OFFLINE-FIRST approach + JSON local storage
2025-05-30 06:03:15,771 - DataManager - INFO - CSV structure is up to date
2025-05-30 06:03:15,772 - DataManager - INFO - Daily PDF folder structure ready:
2025-05-30 06:03:15,772 - DataManager - INFO -   Base reports folder: data\reports
2025-05-30 06:03:15,772 - DataManager - INFO -   Today's folder: data\reports\2025-05-30
2025-05-30 06:03:15,773 - DataManager - INFO - Data file: data\weighbridge_data.csv
2025-05-30 06:03:15,773 - DataManager - INFO - Reports folder: data\reports
2025-05-30 06:03:15,773 - DataManager - INFO - JSON backup folder: data\json_backups
2025-05-30 06:03:15,773 - DataManager - INFO - PDF folder: data\reports\2025-05-30
2025-05-30 06:03:15,774 - DataManager - INFO - Cloud storage will only be initialized when backup is requested
2025-05-30 06:03:15,774 - TharuniApp - INFO - Data manager initialized
2025-05-30 06:03:15,776 - TharuniApp - INFO - Settings storage initialized
2025-05-30 06:03:15,779 - TharuniApp - INFO - UI styles initialized
2025-05-30 06:03:15,779 - TharuniApp - INFO - Starting user authentication
2025-05-30 06:03:27,574 - TharuniApp - INFO - Authentication successful: admin
2025-05-30 06:03:27,575 - TharuniApp - INFO - User logged in: admin (Role: admin)
2025-05-30 06:03:27,575 - TharuniApp - INFO - Setting up data context
2025-05-30 06:03:27,576 - DataManager - INFO - CSV structure is up to date
2025-05-30 06:03:27,576 - DataManager - INFO - Data context set to: Agency='Tharuni', Site='Guntur'
2025-05-30 06:03:27,576 - DataManager - INFO - Data file: data\Tharuni_Guntur_data.csv
2025-05-30 06:03:27,576 - TharuniApp - INFO - Data context initialized: Agency='Tharuni', Site='Guntur'
2025-05-30 06:03:27,576 - TharuniApp - INFO - Data will be saved to: data\Tharuni_Guntur_data.csv
2025-05-30 06:03:27,577 - TharuniApp - INFO - PDFs will be saved to: data\reports\2025-05-30
2025-05-30 06:03:27,577 - TharuniApp - INFO - Creating application widgets
2025-05-30 06:03:27,596 - TharuniApp - INFO - Creating main panel
2025-05-30 06:03:27,601 - FormValidator - INFO - FormValidator initialized
2025-05-30 06:03:27,611 - DataManager - INFO - Successfully loaded 29 records from data\Tharuni_Guntur_data.csv
2025-05-30 06:03:29,082 - DataManager - INFO - Successfully loaded 29 records from data\Tharuni_Guntur_data.csv
2025-05-30 06:03:29,083 - TharuniApp - INFO - Main form created
2025-05-30 06:03:29,084 - DataManager - INFO - CSV structure is up to date
2025-05-30 06:03:29,085 - DataManager - INFO - Data context set to: Agency='Tharuni', Site='Guntur'
2025-05-30 06:03:29,085 - DataManager - INFO - Data file: data\Tharuni_Guntur_data.csv
2025-05-30 06:03:29,085 - DataManager - INFO - CSV structure is up to date
2025-05-30 06:03:29,086 - DataManager - INFO - Data context set to: Agency='Tharuni', Site='Guntur'
2025-05-30 06:03:29,086 - DataManager - INFO - Data file: data\Tharuni_Guntur_data.csv
2025-05-30 06:03:29,087 - DataManager - INFO - CSV structure is up to date
2025-05-30 06:03:29,087 - DataManager - INFO - Data context set to: Agency='Tharuni', Site='Guntur'
2025-05-30 06:03:29,087 - DataManager - INFO - Data file: data\Tharuni_Guntur_data.csv
2025-05-30 06:03:29,087 - PendingVehiclesPanel - INFO - PendingVehiclesPanel initialized
2025-05-30 06:03:29,092 - PendingVehiclesPanel - INFO - Refreshing pending vehicles list
2025-05-30 06:03:29,093 - DataManager - INFO - Successfully loaded 29 records from data\Tharuni_Guntur_data.csv
2025-05-30 06:03:29,093 - PendingVehiclesPanel - INFO - Retrieved 29 total records
2025-05-30 06:03:29,094 - PendingVehiclesPanel - INFO - Found 0 pending records
2025-05-30 06:03:29,094 - PendingVehiclesPanel - INFO - Successfully refreshed pending list with 0 items
2025-05-30 06:03:29,094 - TharuniApp - INFO - Pending vehicles panel created
2025-05-30 06:03:29,317 - TharuniApp - INFO - Main panel creation completed
2025-05-30 06:03:29,325 - TharuniApp - INFO - Summary panel created
2025-05-30 06:03:29,497 - TharuniApp - INFO - ✅ Data manager reference set in settings panel
2025-05-30 06:03:29,498 - TharuniApp - INFO - Widget creation completed successfully
2025-05-30 06:03:29,498 - PendingVehiclesPanel - INFO - Refreshing pending vehicles list
2025-05-30 06:03:29,499 - DataManager - INFO - Successfully loaded 29 records from data\Tharuni_Guntur_data.csv
2025-05-30 06:03:29,499 - PendingVehiclesPanel - INFO - Retrieved 29 total records
2025-05-30 06:03:29,500 - PendingVehiclesPanel - INFO - Found 0 pending records
2025-05-30 06:03:29,500 - PendingVehiclesPanel - INFO - Successfully refreshed pending list with 0 items
2025-05-30 06:03:29,500 - DataManager - INFO - Created new daily folder: data\reports\30-05
2025-05-30 06:03:29,501 - TharuniApp - INFO - Application initialization completed successfully
2025-05-30 06:03:30,498 - TharuniApp - INFO - Ensuring settings persistence...
2025-05-30 06:03:30,506 - TharuniApp - INFO - Settings persistence check completed
2025-05-30 06:03:33,412 - DataManager - INFO - Successfully loaded 29 records from data\Tharuni_Guntur_data.csv
2025-05-30 06:03:33,440 - DataManager - INFO - Successfully loaded 29 records from data\Tharuni_Guntur_data.csv
2025-05-30 06:03:33,441 - DataManager - INFO - Successfully loaded 29 records from data\Tharuni_Guntur_data.csv
2025-05-30 06:03:34,057 - DataManager - INFO - Successfully loaded 29 records from data\Tharuni_Guntur_data.csv
2025-05-30 06:03:34,059 - DataManager - INFO - Successfully loaded 29 records from data\Tharuni_Guntur_data.csv
2025-05-30 06:03:36,447 - DataManager - INFO - Successfully loaded 29 records from data\Tharuni_Guntur_data.csv
2025-05-30 06:03:36,448 - DataManager - INFO - Successfully loaded 29 records from data\Tharuni_Guntur_data.csv
2025-05-30 06:03:52,140 - FormValidator - INFO - Vehicle validation passed: TS06UV0606
2025-05-30 06:03:53,479 - DataManager - INFO - Successfully loaded 29 records from data\Tharuni_Guntur_data.csv
2025-05-30 06:03:53,480 - DataManager - INFO - Successfully loaded 29 records from data\Tharuni_Guntur_data.csv
2025-05-30 06:04:05,131 - DataManager - INFO - Successfully loaded 29 records from data\Tharuni_Guntur_data.csv
2025-05-30 06:04:05,132 - DataManager - INFO - Successfully loaded 29 records from data\Tharuni_Guntur_data.csv
2025-05-30 06:04:15,396 - FormValidator - INFO - Vehicle validation passed: TS06UV0606
2025-05-30 06:04:16,802 - DataManager - INFO - Successfully loaded 29 records from data\Tharuni_Guntur_data.csv
2025-05-30 06:04:16,803 - DataManager - INFO - Successfully loaded 29 records from data\Tharuni_Guntur_data.csv
2025-05-30 06:04:21,782 - TharuniApp - INFO - ==================================================
2025-05-30 06:04:21,782 - TharuniApp - INFO - SAVE RECORD OPERATION STARTED
2025-05-30 06:04:21,783 - FormValidator - INFO - Starting comprehensive form validation
2025-05-30 06:04:21,783 - FormValidator - INFO - Validating basic fields
2025-05-30 06:04:21,784 - FormValidator - INFO - Field values: ticket='T0029', vehicle='TS06UV0606', agency='Tharuni'
2025-05-30 06:04:21,784 - FormValidator - INFO - Basic validation passed
2025-05-30 06:04:21,785 - FormValidator - INFO - Validating weighment data
2025-05-30 06:04:21,785 - FormValidator - INFO - Weighment data: first_weight='41820.00', first_timestamp='30-05-2025 06:03:35', second_weight='13070.00', second_timestamp='30-05-2025 06:04:04'
2025-05-30 06:04:21,786 - FormValidator - INFO - Weighment validation passed
2025-05-30 06:04:21,786 - FormValidator - INFO - Validating images for second weighment
2025-05-30 06:04:21,787 - FormValidator - INFO - Images validation for second: front=True, back=False
2025-05-30 06:04:21,787 - FormValidator - INFO - Form validation passed successfully
2025-05-30 06:04:21,790 - TharuniApp - INFO - Saving record for ticket: T0029
2025-05-30 06:04:21,791 - TharuniApp - INFO - Form data keys: ['date', 'time', 'site_name', 'agency_name', 'material', 'ticket_no', 'vehicle_no', 'transfer_party_name', 'first_weight', 'first_timestamp', 'second_weight', 'second_timestamp', 'net_weight', 'material_type', 'first_front_image', 'first_back_image', 'second_front_image', 'second_back_image', 'site_incharge', 'user_name']
2025-05-30 06:04:21,791 - TharuniApp - INFO - Record is complete: True
2025-05-30 06:04:21,792 - TharuniApp - INFO - Calling data_manager.save_record for T0029
2025-05-30 06:04:21,792 - DataManager - INFO - ==================================================
2025-05-30 06:04:21,793 - DataManager - INFO - STARTING OFFLINE-FIRST RECORD SAVE WITH JSON BACKUP
2025-05-30 06:04:21,793 - DataManager - INFO - Input data keys: ['date', 'time', 'site_name', 'agency_name', 'material', 'ticket_no', 'vehicle_no', 'transfer_party_name', 'first_weight', 'first_timestamp', 'second_weight', 'second_timestamp', 'net_weight', 'material_type', 'first_front_image', 'first_back_image', 'second_front_image', 'second_back_image', 'site_incharge', 'user_name']
2025-05-30 06:04:21,794 - DataManager - INFO - Net weight calculated: 41820.0 - 13070.0 = 28750.00
2025-05-30 06:04:21,795 - DataManager - INFO - Using data file: data\Tharuni_Guntur_data.csv
2025-05-30 06:04:21,796 - DataManager - INFO - Successfully loaded 29 records from data\Tharuni_Guntur_data.csv
2025-05-30 06:04:21,797 - DataManager - INFO - Filtered 29 records to 0 using filter: 't0029'
2025-05-30 06:04:21,797 - DataManager - INFO - Adding new record: T0029
2025-05-30 06:04:21,798 - DataManager - INFO - Adding new record to CSV
2025-05-30 06:04:21,799 - DataManager - INFO - Record data: ['30-05-2025', '06:04:21', 'Guntur', 'Tharuni', 'Inert', 'T0029', 'TS06UV0606', 'Jindal', '41820.00', '30-05-2025 06:03:35', '13070.00', '30-05-2025 06:04:04', '28750.00', 'Inert', 'Guntur_TS06UV0606_20250530_060352_1st_front.jpg', '', 'Guntur_TS06UV0606_20250530_060415_2nd_front.jpg', '', '', 'admin']
2025-05-30 06:04:21,801 - DataManager - INFO - ✅ New record added to data\Tharuni_Guntur_data.csv
2025-05-30 06:04:21,802 - DataManager - INFO - ✅ Record T0029 saved to local CSV successfully
2025-05-30 06:04:21,802 - DataManager - INFO - Record completion status: True
2025-05-30 06:04:21,802 - DataManager - INFO - Complete record detected - saving JSON backup locally...
2025-05-30 06:04:21,803 - DataManager - INFO - Created new daily JSON folder: data\json_backups\2025-05-30
2025-05-30 06:04:21,806 - DataManager - INFO - JSON backup saved: data\json_backups\2025-05-30\T0029_Tharuni_Guntur_060421.json
2025-05-30 06:04:21,806 - DataManager - INFO - ✅ JSON backup saved locally for T0029
2025-05-30 06:04:21,806 - DataManager - INFO - Complete record detected for ticket T0029 - generating PDF locally...
2025-05-30 06:04:21,807 - DataManager - INFO - Today's reports folder ensured: data\reports\2025-05-30
2025-05-30 06:04:21,808 - DataManager - INFO - Reports will be saved to: data\reports\2025-05-30
2025-05-30 06:04:21,809 - DataManager - INFO - Today's reports folder ensured: data\reports\2025-05-30
2025-05-30 06:04:21,812 - DataManager - INFO - SIMPLE TEST - Net display: '28750.00 kg'
2025-05-30 06:04:21,852 - DataManager - INFO - Building PDF document: data\reports\2025-05-30\Tharuni_Guntur_T0029_TS06UV0606_060421.pdf
2025-05-30 06:04:21,895 - DataManager - INFO - PDF created successfully: data\reports\2025-05-30\Tharuni_Guntur_T0029_TS06UV0606_060421.pdf (114827 bytes)
2025-05-30 06:04:21,896 - DataManager - INFO - Auto-generated PDF: data\reports\2025-05-30\Tharuni_Guntur_T0029_TS06UV0606_060421.pdf
2025-05-30 06:04:21,896 - DataManager - INFO - PDF saved to today's reports folder: data\reports\2025-05-30
2025-05-30 06:04:21,896 - DataManager - INFO - ✅ PDF auto-generated locally: data\reports\2025-05-30\Tharuni_Guntur_T0029_TS06UV0606_060421.pdf
2025-05-30 06:04:23,391 - DataManager - INFO - Successfully loaded 30 records from data\Tharuni_Guntur_data.csv
2025-05-30 06:04:23,392 - DataManager - INFO - Successfully loaded 30 records from data\Tharuni_Guntur_data.csv
2025-05-30 06:04:23,408 - DataManager - INFO - ✅ OFFLINE-FIRST SAVE COMPLETED - Local CSV, JSON backup, and PDF generated
2025-05-30 06:04:23,409 - DataManager - INFO - 📂 PDF saved to today's reports folder: data\reports\2025-05-30
2025-05-30 06:04:23,410 - DataManager - INFO - 💡 Cloud backup available via Settings > Cloud Storage > Backup
2025-05-30 06:04:23,411 - DataManager - INFO - ==================================================
2025-05-30 06:04:23,412 - TharuniApp - INFO - ✅ Record T0029 saved successfully
2025-05-30 06:04:23,420 - TharuniApp - INFO - ✅ Ticket T0029 completed - counter incremented
2025-05-30 06:04:23,421 - TharuniApp - INFO - Removing T0029 from pending vehicles list
2025-05-30 06:04:23,423 - PendingVehiclesPanel - INFO - Attempting to remove ticket T0029 from pending list
2025-05-30 06:04:23,427 - PendingVehiclesPanel - WARNING - Ticket T0029 not found in pending list for removal
2025-05-30 06:04:23,429 - PendingVehiclesPanel - INFO - Refreshing pending vehicles list
2025-05-30 06:04:23,430 - DataManager - INFO - Successfully loaded 30 records from data\Tharuni_Guntur_data.csv
2025-05-30 06:04:23,431 - PendingVehiclesPanel - INFO - Retrieved 30 total records
2025-05-30 06:04:23,431 - PendingVehiclesPanel - INFO - Found 0 pending records
2025-05-30 06:04:23,431 - PendingVehiclesPanel - INFO - Successfully refreshed pending list with 0 items
2025-05-30 06:04:23,718 - TharuniApp - INFO - ✅ Complete record processing finished for T0029
2025-05-30 06:04:23,718 - DataManager - INFO - Successfully loaded 30 records from data\Tharuni_Guntur_data.csv
2025-05-30 06:04:23,719 - DataManager - INFO - Returning all 30 records (no filter)
2025-05-30 06:04:23,720 - PendingVehiclesPanel - INFO - Refreshing pending vehicles list
2025-05-30 06:04:23,720 - DataManager - INFO - Successfully loaded 30 records from data\Tharuni_Guntur_data.csv
2025-05-30 06:04:23,721 - PendingVehiclesPanel - INFO - Retrieved 30 total records
2025-05-30 06:04:23,721 - PendingVehiclesPanel - INFO - Found 0 pending records
2025-05-30 06:04:23,721 - PendingVehiclesPanel - INFO - Successfully refreshed pending list with 0 items
2025-05-30 06:04:23,721 - TharuniApp - INFO - SAVE RECORD OPERATION COMPLETED SUCCESSFULLY
2025-05-30 06:04:23,722 - TharuniApp - INFO - ==================================================
2025-05-30 06:04:29,503 - PendingVehiclesPanel - INFO - Refreshing pending vehicles list
2025-05-30 06:04:29,504 - DataManager - INFO - Successfully loaded 30 records from data\Tharuni_Guntur_data.csv
2025-05-30 06:04:29,505 - PendingVehiclesPanel - INFO - Retrieved 30 total records
2025-05-30 06:04:29,505 - PendingVehiclesPanel - INFO - Found 0 pending records
2025-05-30 06:04:29,506 - PendingVehiclesPanel - INFO - Successfully refreshed pending list with 0 items
2025-05-30 06:04:29,506 - DataManager - INFO - Created new daily folder: data\reports\30-05
2025-05-30 06:05:29,508 - PendingVehiclesPanel - INFO - Refreshing pending vehicles list
2025-05-30 06:05:29,510 - DataManager - INFO - Successfully loaded 30 records from data\Tharuni_Guntur_data.csv
2025-05-30 06:05:29,511 - PendingVehiclesPanel - INFO - Retrieved 30 total records
2025-05-30 06:05:29,511 - PendingVehiclesPanel - INFO - Found 0 pending records
2025-05-30 06:05:29,511 - PendingVehiclesPanel - INFO - Successfully refreshed pending list with 0 items
2025-05-30 06:06:00,175 - TharuniApp - INFO - ============================================================
2025-05-30 06:06:00,175 - TharuniApp - INFO - APPLICATION STARTUP
2025-05-30 06:06:00,175 - TharuniApp - INFO - ============================================================
2025-05-30 06:06:00,178 - TharuniApp - INFO - Configuration setup completed
2025-05-30 06:06:00,179 - DataManager - INFO - DataManager initialized with OFFLINE-FIRST approach + JSON local storage
2025-05-30 06:06:00,179 - DataManager - INFO - CSV structure is up to date
2025-05-30 06:06:00,180 - DataManager - INFO - Daily PDF folder structure ready:
2025-05-30 06:06:00,180 - DataManager - INFO -   Base reports folder: data\reports
2025-05-30 06:06:00,180 - DataManager - INFO -   Today's folder: data\reports\2025-05-30
2025-05-30 06:06:00,181 - DataManager - INFO - Data file: data\weighbridge_data.csv
2025-05-30 06:06:00,181 - DataManager - INFO - Reports folder: data\reports
2025-05-30 06:06:00,181 - DataManager - INFO - JSON backup folder: data\json_backups
2025-05-30 06:06:00,182 - DataManager - INFO - PDF folder: data\reports\2025-05-30
2025-05-30 06:06:00,182 - DataManager - INFO - Cloud storage will only be initialized when backup is requested
2025-05-30 06:06:00,182 - TharuniApp - INFO - Data manager initialized
2025-05-30 06:06:00,185 - TharuniApp - INFO - Settings storage initialized
2025-05-30 06:06:00,188 - TharuniApp - INFO - UI styles initialized
2025-05-30 06:06:00,188 - TharuniApp - INFO - Starting user authentication
2025-05-30 06:06:07,156 - TharuniApp - INFO - Authentication successful: admin
2025-05-30 06:06:07,156 - TharuniApp - INFO - User logged in: admin (Role: admin)
2025-05-30 06:06:07,157 - TharuniApp - INFO - Setting up data context
2025-05-30 06:06:07,157 - DataManager - INFO - CSV structure is up to date
2025-05-30 06:06:07,158 - DataManager - INFO - Data context set to: Agency='Tharuni', Site='Guntur'
2025-05-30 06:06:07,158 - DataManager - INFO - Data file: data\Tharuni_Guntur_data.csv
2025-05-30 06:06:07,158 - TharuniApp - INFO - Data context initialized: Agency='Tharuni', Site='Guntur'
2025-05-30 06:06:07,158 - TharuniApp - INFO - Data will be saved to: data\Tharuni_Guntur_data.csv
2025-05-30 06:06:07,158 - TharuniApp - INFO - PDFs will be saved to: data\reports\2025-05-30
2025-05-30 06:06:07,159 - TharuniApp - INFO - Creating application widgets
2025-05-30 06:06:07,178 - TharuniApp - INFO - Creating main panel
2025-05-30 06:06:07,183 - FormValidator - INFO - FormValidator initialized
2025-05-30 06:06:07,193 - DataManager - INFO - Successfully loaded 30 records from data\Tharuni_Guntur_data.csv
2025-05-30 06:06:08,398 - DataManager - INFO - Successfully loaded 30 records from data\Tharuni_Guntur_data.csv
2025-05-30 06:06:08,399 - TharuniApp - INFO - Main form created
2025-05-30 06:06:08,400 - DataManager - INFO - CSV structure is up to date
2025-05-30 06:06:08,401 - DataManager - INFO - Data context set to: Agency='Tharuni', Site='Guntur'
2025-05-30 06:06:08,401 - DataManager - INFO - Data file: data\Tharuni_Guntur_data.csv
2025-05-30 06:06:08,401 - DataManager - INFO - CSV structure is up to date
2025-05-30 06:06:08,402 - DataManager - INFO - Data context set to: Agency='Tharuni', Site='Guntur'
2025-05-30 06:06:08,402 - DataManager - INFO - Data file: data\Tharuni_Guntur_data.csv
2025-05-30 06:06:08,402 - DataManager - INFO - CSV structure is up to date
2025-05-30 06:06:08,403 - DataManager - INFO - Data context set to: Agency='Tharuni', Site='Guntur'
2025-05-30 06:06:08,403 - DataManager - INFO - Data file: data\Tharuni_Guntur_data.csv
2025-05-30 06:06:08,403 - PendingVehiclesPanel - INFO - PendingVehiclesPanel initialized
2025-05-30 06:06:08,407 - PendingVehiclesPanel - INFO - Refreshing pending vehicles list
2025-05-30 06:06:08,408 - DataManager - INFO - Successfully loaded 30 records from data\Tharuni_Guntur_data.csv
2025-05-30 06:06:08,408 - PendingVehiclesPanel - INFO - Retrieved 30 total records
2025-05-30 06:06:08,408 - PendingVehiclesPanel - INFO - Found 0 pending records
2025-05-30 06:06:08,408 - PendingVehiclesPanel - INFO - Successfully refreshed pending list with 0 items
2025-05-30 06:06:08,409 - TharuniApp - INFO - Pending vehicles panel created
2025-05-30 06:06:08,612 - TharuniApp - INFO - Main panel creation completed
2025-05-30 06:06:08,619 - TharuniApp - INFO - Summary panel created
2025-05-30 06:06:08,787 - TharuniApp - INFO - ✅ Data manager reference set in settings panel
2025-05-30 06:06:08,787 - TharuniApp - INFO - Widget creation completed successfully
2025-05-30 06:06:08,788 - PendingVehiclesPanel - INFO - Refreshing pending vehicles list
2025-05-30 06:06:08,789 - DataManager - INFO - Successfully loaded 30 records from data\Tharuni_Guntur_data.csv
2025-05-30 06:06:08,789 - PendingVehiclesPanel - INFO - Retrieved 30 total records
2025-05-30 06:06:08,789 - PendingVehiclesPanel - INFO - Found 0 pending records
2025-05-30 06:06:08,789 - PendingVehiclesPanel - INFO - Successfully refreshed pending list with 0 items
2025-05-30 06:06:08,790 - DataManager - INFO - Created new daily folder: data\reports\30-05
2025-05-30 06:06:08,790 - TharuniApp - INFO - Application initialization completed successfully
2025-05-30 06:06:09,787 - TharuniApp - INFO - Ensuring settings persistence...
2025-05-30 06:06:09,796 - TharuniApp - INFO - Settings persistence check completed
2025-05-30 06:06:16,985 - DataManager - INFO - Successfully loaded 30 records from data\Tharuni_Guntur_data.csv
2025-05-30 06:06:17,000 - DataManager - INFO - Successfully loaded 30 records from data\Tharuni_Guntur_data.csv
2025-05-30 06:06:17,001 - DataManager - INFO - Successfully loaded 30 records from data\Tharuni_Guntur_data.csv
2025-05-30 06:06:17,810 - DataManager - INFO - Successfully loaded 30 records from data\Tharuni_Guntur_data.csv
2025-05-30 06:06:17,812 - DataManager - INFO - Successfully loaded 30 records from data\Tharuni_Guntur_data.csv
2025-05-30 06:06:25,980 - DataManager - INFO - Successfully loaded 30 records from data\Tharuni_Guntur_data.csv
2025-05-30 06:06:25,981 - DataManager - INFO - Successfully loaded 30 records from data\Tharuni_Guntur_data.csv
2025-05-30 06:06:31,469 - FormValidator - INFO - Vehicle validation passed: TS04UA4444
2025-05-30 06:06:32,688 - DataManager - INFO - Successfully loaded 30 records from data\Tharuni_Guntur_data.csv
2025-05-30 06:06:32,689 - DataManager - INFO - Successfully loaded 30 records from data\Tharuni_Guntur_data.csv
2025-05-30 06:06:35,812 - DataManager - INFO - Successfully loaded 30 records from data\Tharuni_Guntur_data.csv
2025-05-30 06:06:35,813 - DataManager - INFO - Successfully loaded 30 records from data\Tharuni_Guntur_data.csv
2025-05-30 06:06:38,660 - FormValidator - INFO - Vehicle validation passed: TS04UA4444
2025-05-30 06:06:39,789 - DataManager - INFO - Successfully loaded 30 records from data\Tharuni_Guntur_data.csv
2025-05-30 06:06:39,790 - DataManager - INFO - Successfully loaded 30 records from data\Tharuni_Guntur_data.csv
2025-05-30 06:06:43,520 - TharuniApp - INFO - ==================================================
2025-05-30 06:06:43,521 - TharuniApp - INFO - SAVE RECORD OPERATION STARTED
2025-05-30 06:06:43,522 - FormValidator - INFO - Starting comprehensive form validation
2025-05-30 06:06:43,522 - FormValidator - INFO - Validating basic fields
2025-05-30 06:06:43,523 - FormValidator - INFO - Field values: ticket='T0030', vehicle='TS04UA4444', agency='Tharuni'
2025-05-30 06:06:43,523 - FormValidator - INFO - Basic validation passed
2025-05-30 06:06:43,524 - FormValidator - INFO - Validating weighment data
2025-05-30 06:06:43,524 - FormValidator - INFO - Weighment data: first_weight='25030.00', first_timestamp='30-05-2025 06:06:24', second_weight='8620.00', second_timestamp='30-05-2025 06:06:34'
2025-05-30 06:06:43,525 - FormValidator - INFO - Weighment validation passed
2025-05-30 06:06:43,525 - FormValidator - INFO - Validating images for second weighment
2025-05-30 06:06:43,526 - FormValidator - INFO - Images validation for second: front=True, back=False
2025-05-30 06:06:43,526 - FormValidator - INFO - Form validation passed successfully
2025-05-30 06:06:43,529 - TharuniApp - INFO - Saving record for ticket: T0030
2025-05-30 06:06:43,530 - TharuniApp - INFO - Form data keys: ['date', 'time', 'site_name', 'agency_name', 'material', 'ticket_no', 'vehicle_no', 'transfer_party_name', 'first_weight', 'first_timestamp', 'second_weight', 'second_timestamp', 'net_weight', 'material_type', 'first_front_image', 'first_back_image', 'second_front_image', 'second_back_image', 'site_incharge', 'user_name']
2025-05-30 06:06:43,531 - TharuniApp - INFO - Record is complete: True
2025-05-30 06:06:43,531 - TharuniApp - INFO - Calling data_manager.save_record for T0030
2025-05-30 06:06:43,532 - DataManager - INFO - ==================================================
2025-05-30 06:06:43,532 - DataManager - INFO - STARTING OFFLINE-FIRST RECORD SAVE WITH JSON BACKUP
2025-05-30 06:06:43,532 - DataManager - INFO - Input data keys: ['date', 'time', 'site_name', 'agency_name', 'material', 'ticket_no', 'vehicle_no', 'transfer_party_name', 'first_weight', 'first_timestamp', 'second_weight', 'second_timestamp', 'net_weight', 'material_type', 'first_front_image', 'first_back_image', 'second_front_image', 'second_back_image', 'site_incharge', 'user_name']
2025-05-30 06:06:43,533 - DataManager - INFO - Net weight calculated: 25030.0 - 8620.0 = 16410.00
2025-05-30 06:06:43,533 - DataManager - INFO - Using data file: data\Tharuni_Guntur_data.csv
2025-05-30 06:06:43,534 - DataManager - INFO - Successfully loaded 30 records from data\Tharuni_Guntur_data.csv
2025-05-30 06:06:43,535 - DataManager - INFO - Filtered 30 records to 0 using filter: 't0030'
2025-05-30 06:06:43,535 - DataManager - INFO - Adding new record: T0030
2025-05-30 06:06:43,536 - DataManager - INFO - Adding new record to CSV
2025-05-30 06:06:43,536 - DataManager - INFO - Record data: ['30-05-2025', '06:06:43', 'Guntur', 'Tharuni', 'Inert', 'T0030', 'TS04UA4444', 'Jindal', '25030.00', '30-05-2025 06:06:24', '8620.00', '30-05-2025 06:06:34', '16410.00', 'Inert', 'Guntur_TS04UA4444_20250530_060631_1st_front.jpg', '', 'Guntur_TS04UA4444_20250530_060638_2nd_front.jpg', '', '', 'admin']
2025-05-30 06:06:43,537 - DataManager - INFO - ✅ New record added to data\Tharuni_Guntur_data.csv
2025-05-30 06:06:43,538 - DataManager - INFO - ✅ Record T0030 saved to local CSV successfully
2025-05-30 06:06:43,538 - DataManager - INFO - Record completion status: True
2025-05-30 06:06:43,539 - DataManager - INFO - Complete record detected - saving JSON backup locally...
2025-05-30 06:06:43,539 - DataManager - INFO - Created new daily JSON folder: data\json_backups\2025-05-30
2025-05-30 06:06:43,540 - DataManager - INFO - JSON backup saved: data\json_backups\2025-05-30\T0030_Tharuni_Guntur_060643.json
2025-05-30 06:06:43,541 - DataManager - INFO - ✅ JSON backup saved locally for T0030
2025-05-30 06:06:43,541 - DataManager - INFO - Complete record detected for ticket T0030 - generating PDF locally...
2025-05-30 06:06:43,542 - DataManager - INFO - Today's reports folder ensured: data\reports\2025-05-30
2025-05-30 06:06:43,542 - DataManager - INFO - Reports will be saved to: data\reports\2025-05-30
2025-05-30 06:06:43,543 - DataManager - INFO - Today's reports folder ensured: data\reports\2025-05-30
2025-05-30 06:06:43,546 - DataManager - INFO - SIMPLE TEST - Net display: '16410.00 kg'
2025-05-30 06:06:43,584 - DataManager - INFO - Building PDF document: data\reports\2025-05-30\Tharuni_Guntur_T0030_TS04UA4444_060643.pdf
2025-05-30 06:06:43,627 - DataManager - INFO - PDF created successfully: data\reports\2025-05-30\Tharuni_Guntur_T0030_TS04UA4444_060643.pdf (115634 bytes)
2025-05-30 06:06:43,627 - DataManager - INFO - Auto-generated PDF: data\reports\2025-05-30\Tharuni_Guntur_T0030_TS04UA4444_060643.pdf
2025-05-30 06:06:43,628 - DataManager - INFO - PDF saved to today's reports folder: data\reports\2025-05-30
2025-05-30 06:06:43,628 - DataManager - INFO - ✅ PDF auto-generated locally: data\reports\2025-05-30\Tharuni_Guntur_T0030_TS04UA4444_060643.pdf
2025-05-30 06:06:47,225 - DataManager - INFO - Successfully loaded 31 records from data\Tharuni_Guntur_data.csv
2025-05-30 06:06:47,226 - DataManager - INFO - Successfully loaded 31 records from data\Tharuni_Guntur_data.csv
2025-05-30 06:06:47,231 - DataManager - INFO - ✅ OFFLINE-FIRST SAVE COMPLETED - Local CSV, JSON backup, and PDF generated
2025-05-30 06:06:47,232 - DataManager - INFO - 📂 PDF saved to today's reports folder: data\reports\2025-05-30
2025-05-30 06:06:47,233 - DataManager - INFO - 💡 Cloud backup available via Settings > Cloud Storage > Backup
2025-05-30 06:06:47,233 - DataManager - INFO - ==================================================
2025-05-30 06:06:47,234 - TharuniApp - INFO - ✅ Record T0030 saved successfully
2025-05-30 06:06:47,239 - TharuniApp - INFO - ✅ Ticket T0030 completed - counter incremented
2025-05-30 06:06:47,239 - TharuniApp - INFO - Removing T0030 from pending vehicles list
2025-05-30 06:06:47,239 - PendingVehiclesPanel - INFO - Attempting to remove ticket T0030 from pending list
2025-05-30 06:06:47,239 - PendingVehiclesPanel - WARNING - Ticket T0030 not found in pending list for removal
2025-05-30 06:06:47,240 - PendingVehiclesPanel - INFO - Refreshing pending vehicles list
2025-05-30 06:06:47,240 - DataManager - INFO - Successfully loaded 31 records from data\Tharuni_Guntur_data.csv
2025-05-30 06:06:47,241 - PendingVehiclesPanel - INFO - Retrieved 31 total records
2025-05-30 06:06:47,241 - PendingVehiclesPanel - INFO - Found 0 pending records
2025-05-30 06:06:47,241 - PendingVehiclesPanel - INFO - Successfully refreshed pending list with 0 items
2025-05-30 06:06:47,527 - TharuniApp - INFO - ✅ Complete record processing finished for T0030
2025-05-30 06:06:47,528 - DataManager - INFO - Successfully loaded 31 records from data\Tharuni_Guntur_data.csv
2025-05-30 06:06:47,529 - DataManager - INFO - Returning all 31 records (no filter)
2025-05-30 06:06:47,530 - PendingVehiclesPanel - INFO - Refreshing pending vehicles list
2025-05-30 06:06:47,531 - DataManager - INFO - Successfully loaded 31 records from data\Tharuni_Guntur_data.csv
2025-05-30 06:06:47,532 - PendingVehiclesPanel - INFO - Retrieved 31 total records
2025-05-30 06:06:47,532 - PendingVehiclesPanel - INFO - Found 0 pending records
2025-05-30 06:06:47,532 - PendingVehiclesPanel - INFO - Successfully refreshed pending list with 0 items
2025-05-30 06:06:47,533 - TharuniApp - INFO - SAVE RECORD OPERATION COMPLETED SUCCESSFULLY
2025-05-30 06:06:47,533 - TharuniApp - INFO - ==================================================
2025-05-30 06:07:08,793 - PendingVehiclesPanel - INFO - Refreshing pending vehicles list
2025-05-30 06:07:08,794 - DataManager - INFO - Successfully loaded 31 records from data\Tharuni_Guntur_data.csv
2025-05-30 06:07:08,794 - PendingVehiclesPanel - INFO - Retrieved 31 total records
2025-05-30 06:07:08,794 - PendingVehiclesPanel - INFO - Found 0 pending records
2025-05-30 06:07:08,795 - PendingVehiclesPanel - INFO - Successfully refreshed pending list with 0 items
2025-05-30 06:07:08,795 - DataManager - INFO - Created new daily folder: data\reports\30-05
2025-05-30 06:07:37,548 - TharuniApp - INFO - ============================================================
2025-05-30 06:07:37,549 - TharuniApp - INFO - APPLICATION STARTUP
2025-05-30 06:07:37,549 - TharuniApp - INFO - ============================================================
2025-05-30 06:07:37,552 - TharuniApp - INFO - Configuration setup completed
2025-05-30 06:07:37,553 - DataManager - INFO - DataManager initialized with OFFLINE-FIRST approach + JSON local storage
2025-05-30 06:07:37,553 - DataManager - INFO - CSV structure is up to date
2025-05-30 06:07:37,554 - DataManager - INFO - Daily PDF folder structure ready:
2025-05-30 06:07:37,554 - DataManager - INFO -   Base reports folder: data\reports
2025-05-30 06:07:37,554 - DataManager - INFO -   Today's folder: data\reports\2025-05-30
2025-05-30 06:07:37,555 - DataManager - INFO - Data file: data\weighbridge_data.csv
2025-05-30 06:07:37,555 - DataManager - INFO - Reports folder: data\reports
2025-05-30 06:07:37,555 - DataManager - INFO - JSON backup folder: data\json_backups
2025-05-30 06:07:37,556 - DataManager - INFO - PDF folder: data\reports\2025-05-30
2025-05-30 06:07:37,556 - DataManager - INFO - Cloud storage will only be initialized when backup is requested
2025-05-30 06:07:37,556 - TharuniApp - INFO - Data manager initialized
2025-05-30 06:07:37,559 - TharuniApp - INFO - Settings storage initialized
2025-05-30 06:07:37,561 - TharuniApp - INFO - UI styles initialized
2025-05-30 06:07:37,561 - TharuniApp - INFO - Starting user authentication
2025-05-30 06:07:40,454 - TharuniApp - INFO - Authentication successful: admin
2025-05-30 06:07:40,455 - TharuniApp - INFO - User logged in: admin (Role: admin)
2025-05-30 06:07:40,455 - TharuniApp - INFO - Setting up data context
2025-05-30 06:07:40,457 - DataManager - INFO - CSV structure is up to date
2025-05-30 06:07:40,457 - DataManager - INFO - Data context set to: Agency='Tharuni', Site='Guntur'
2025-05-30 06:07:40,458 - DataManager - INFO - Data file: data\Tharuni_Guntur_data.csv
2025-05-30 06:07:40,458 - TharuniApp - INFO - Data context initialized: Agency='Tharuni', Site='Guntur'
2025-05-30 06:07:40,458 - TharuniApp - INFO - Data will be saved to: data\Tharuni_Guntur_data.csv
2025-05-30 06:07:40,458 - TharuniApp - INFO - PDFs will be saved to: data\reports\2025-05-30
2025-05-30 06:07:40,459 - TharuniApp - INFO - Creating application widgets
2025-05-30 06:07:40,474 - TharuniApp - INFO - Creating main panel
2025-05-30 06:07:40,479 - FormValidator - INFO - FormValidator initialized
2025-05-30 06:07:40,486 - DataManager - INFO - Successfully loaded 31 records from data\Tharuni_Guntur_data.csv
2025-05-30 06:07:41,506 - DataManager - INFO - Successfully loaded 31 records from data\Tharuni_Guntur_data.csv
2025-05-30 06:07:41,507 - TharuniApp - INFO - Main form created
2025-05-30 06:07:41,508 - DataManager - INFO - CSV structure is up to date
2025-05-30 06:07:41,509 - DataManager - INFO - Data context set to: Agency='Tharuni', Site='Guntur'
2025-05-30 06:07:41,509 - DataManager - INFO - Data file: data\Tharuni_Guntur_data.csv
2025-05-30 06:07:41,509 - DataManager - INFO - CSV structure is up to date
2025-05-30 06:07:41,510 - DataManager - INFO - Data context set to: Agency='Tharuni', Site='Guntur'
2025-05-30 06:07:41,510 - DataManager - INFO - Data file: data\Tharuni_Guntur_data.csv
2025-05-30 06:07:41,510 - DataManager - INFO - CSV structure is up to date
2025-05-30 06:07:41,511 - DataManager - INFO - Data context set to: Agency='Tharuni', Site='Guntur'
2025-05-30 06:07:41,511 - DataManager - INFO - Data file: data\Tharuni_Guntur_data.csv
2025-05-30 06:07:41,511 - PendingVehiclesPanel - INFO - PendingVehiclesPanel initialized
2025-05-30 06:07:41,515 - PendingVehiclesPanel - INFO - Refreshing pending vehicles list
2025-05-30 06:07:41,515 - DataManager - INFO - Successfully loaded 31 records from data\Tharuni_Guntur_data.csv
2025-05-30 06:07:41,516 - PendingVehiclesPanel - INFO - Retrieved 31 total records
2025-05-30 06:07:41,516 - PendingVehiclesPanel - INFO - Found 0 pending records
2025-05-30 06:07:41,516 - PendingVehiclesPanel - INFO - Successfully refreshed pending list with 0 items
2025-05-30 06:07:41,517 - TharuniApp - INFO - Pending vehicles panel created
2025-05-30 06:07:41,740 - TharuniApp - INFO - Main panel creation completed
2025-05-30 06:07:41,748 - TharuniApp - INFO - Summary panel created
2025-05-30 06:07:41,923 - TharuniApp - INFO - ✅ Data manager reference set in settings panel
2025-05-30 06:07:41,923 - TharuniApp - INFO - Widget creation completed successfully
2025-05-30 06:07:41,923 - PendingVehiclesPanel - INFO - Refreshing pending vehicles list
2025-05-30 06:07:41,924 - DataManager - INFO - Successfully loaded 31 records from data\Tharuni_Guntur_data.csv
2025-05-30 06:07:41,924 - PendingVehiclesPanel - INFO - Retrieved 31 total records
2025-05-30 06:07:41,925 - PendingVehiclesPanel - INFO - Found 0 pending records
2025-05-30 06:07:41,925 - PendingVehiclesPanel - INFO - Successfully refreshed pending list with 0 items
2025-05-30 06:07:41,925 - DataManager - INFO - Created new daily folder: data\reports\30-05
2025-05-30 06:07:41,926 - TharuniApp - INFO - Application initialization completed successfully
2025-05-30 06:07:42,932 - TharuniApp - INFO - Ensuring settings persistence...
2025-05-30 06:07:42,935 - TharuniApp - INFO - Settings persistence check completed
2025-05-30 06:07:48,582 - DataManager - INFO - Successfully loaded 31 records from data\Tharuni_Guntur_data.csv
2025-05-30 06:07:48,594 - DataManager - INFO - Successfully loaded 31 records from data\Tharuni_Guntur_data.csv
2025-05-30 06:07:48,595 - DataManager - INFO - Successfully loaded 31 records from data\Tharuni_Guntur_data.csv
2025-05-30 06:07:49,818 - DataManager - INFO - Successfully loaded 31 records from data\Tharuni_Guntur_data.csv
2025-05-30 06:07:49,820 - DataManager - INFO - Successfully loaded 31 records from data\Tharuni_Guntur_data.csv
2025-05-30 06:07:53,663 - DataManager - INFO - Successfully loaded 31 records from data\Tharuni_Guntur_data.csv
2025-05-30 06:07:53,663 - DataManager - INFO - Successfully loaded 31 records from data\Tharuni_Guntur_data.csv
2025-05-30 06:07:58,023 - FormValidator - INFO - Vehicle validation passed: TS05X0555
2025-05-30 06:07:59,254 - DataManager - INFO - Successfully loaded 31 records from data\Tharuni_Guntur_data.csv
2025-05-30 06:07:59,255 - DataManager - INFO - Successfully loaded 31 records from data\Tharuni_Guntur_data.csv
2025-05-30 06:08:03,101 - DataManager - INFO - Successfully loaded 31 records from data\Tharuni_Guntur_data.csv
2025-05-30 06:08:03,102 - DataManager - INFO - Successfully loaded 31 records from data\Tharuni_Guntur_data.csv
2025-05-30 06:08:06,141 - FormValidator - INFO - Vehicle validation passed: TS05X0555
2025-05-30 06:08:07,264 - DataManager - INFO - Successfully loaded 31 records from data\Tharuni_Guntur_data.csv
2025-05-30 06:08:07,265 - DataManager - INFO - Successfully loaded 31 records from data\Tharuni_Guntur_data.csv
2025-05-30 06:08:10,346 - TharuniApp - INFO - ==================================================
2025-05-30 06:08:10,347 - TharuniApp - INFO - SAVE RECORD OPERATION STARTED
2025-05-30 06:08:10,347 - FormValidator - INFO - Starting comprehensive form validation
2025-05-30 06:08:10,347 - FormValidator - INFO - Validating basic fields
2025-05-30 06:08:10,348 - FormValidator - INFO - Field values: ticket='T0031', vehicle='TS05X0555', agency='Tharuni'
2025-05-30 06:08:10,349 - FormValidator - INFO - Basic validation passed
2025-05-30 06:08:10,349 - FormValidator - INFO - Validating weighment data
2025-05-30 06:08:10,349 - FormValidator - INFO - Weighment data: first_weight='16850.00', first_timestamp='30-05-2025 06:07:52', second_weight='5860.00', second_timestamp='30-05-2025 06:08:02'
2025-05-30 06:08:10,350 - FormValidator - INFO - Weighment validation passed
2025-05-30 06:08:10,350 - FormValidator - INFO - Validating images for second weighment
2025-05-30 06:08:10,351 - FormValidator - INFO - Images validation for second: front=True, back=False
2025-05-30 06:08:10,352 - FormValidator - INFO - Form validation passed successfully
2025-05-30 06:08:10,354 - TharuniApp - INFO - Saving record for ticket: T0031
2025-05-30 06:08:10,355 - TharuniApp - INFO - Form data keys: ['date', 'time', 'site_name', 'agency_name', 'material', 'ticket_no', 'vehicle_no', 'transfer_party_name', 'first_weight', 'first_timestamp', 'second_weight', 'second_timestamp', 'net_weight', 'material_type', 'first_front_image', 'first_back_image', 'second_front_image', 'second_back_image', 'site_incharge', 'user_name']
2025-05-30 06:08:10,356 - TharuniApp - INFO - Record is complete: True
2025-05-30 06:08:10,356 - TharuniApp - INFO - Calling data_manager.save_record for T0031
2025-05-30 06:08:10,357 - DataManager - INFO - ==================================================
2025-05-30 06:08:10,357 - DataManager - INFO - STARTING OFFLINE-FIRST RECORD SAVE WITH JSON BACKUP
2025-05-30 06:08:10,358 - DataManager - INFO - Input data keys: ['date', 'time', 'site_name', 'agency_name', 'material', 'ticket_no', 'vehicle_no', 'transfer_party_name', 'first_weight', 'first_timestamp', 'second_weight', 'second_timestamp', 'net_weight', 'material_type', 'first_front_image', 'first_back_image', 'second_front_image', 'second_back_image', 'site_incharge', 'user_name']
2025-05-30 06:08:10,359 - DataManager - INFO - Net weight calculated: 16850.0 - 5860.0 = 10990.00
2025-05-30 06:08:10,360 - DataManager - INFO - Using data file: data\Tharuni_Guntur_data.csv
2025-05-30 06:08:10,361 - DataManager - INFO - Successfully loaded 31 records from data\Tharuni_Guntur_data.csv
2025-05-30 06:08:10,363 - DataManager - INFO - Filtered 31 records to 0 using filter: 't0031'
2025-05-30 06:08:10,363 - DataManager - INFO - Adding new record: T0031
2025-05-30 06:08:10,364 - DataManager - INFO - Adding new record to CSV
2025-05-30 06:08:10,364 - DataManager - INFO - Record data: ['30-05-2025', '06:08:10', 'Guntur', 'Tharuni', 'Inert', 'T0031', 'TS05X0555', 'Jindal', '16850.00', '30-05-2025 06:07:52', '5860.00', '30-05-2025 06:08:02', '10990.00', 'Inert', 'Guntur_TS05X0555_20250530_060758_1st_front.jpg', '', 'Guntur_TS05X0555_20250530_060806_2nd_front.jpg', '', '', 'admin']
2025-05-30 06:08:10,366 - DataManager - INFO - ✅ New record added to data\Tharuni_Guntur_data.csv
2025-05-30 06:08:10,367 - DataManager - INFO - ✅ Record T0031 saved to local CSV successfully
2025-05-30 06:08:10,368 - DataManager - INFO - Record completion status: True
2025-05-30 06:08:10,368 - DataManager - INFO - Complete record detected - saving JSON backup locally...
2025-05-30 06:08:10,369 - DataManager - INFO - Created new daily JSON folder: data\json_backups\2025-05-30
2025-05-30 06:08:10,371 - DataManager - INFO - JSON backup saved: data\json_backups\2025-05-30\T0031_Tharuni_Guntur_060810.json
2025-05-30 06:08:10,371 - DataManager - INFO - ✅ JSON backup saved locally for T0031
2025-05-30 06:08:10,372 - DataManager - INFO - Complete record detected for ticket T0031 - generating PDF locally...
2025-05-30 06:08:10,372 - DataManager - INFO - Today's reports folder ensured: data\reports\2025-05-30
2025-05-30 06:08:10,373 - DataManager - INFO - Reports will be saved to: data\reports\2025-05-30
2025-05-30 06:08:10,374 - DataManager - INFO - Today's reports folder ensured: data\reports\2025-05-30
2025-05-30 06:08:10,376 - DataManager - INFO - SIMPLE TEST - Net display: '10990.00 kg'
2025-05-30 06:08:10,377 - DataManager - ERROR - Error creating PDF report: too many values to unpack (expected 2)
2025-05-30 06:08:10,381 - DataManager - ERROR - PDF generation traceback: Traceback (most recent call last):
  File "C:\Users\saait\Downloads\adex_nonlogin\advexe-fa064e14cc2125900dc230b01018a938253408bf\data_management.py", line 1470, in create_pdf_report
    for img_filename, watermark_text in image_paths:
        ^^^^^^^^^^^^^^^^^^^^^^^^^^^^
ValueError: too many values to unpack (expected 2)

2025-05-30 06:08:10,382 - DataManager - ERROR - Failed to generate PDF
2025-05-30 06:08:10,383 - DataManager - WARNING - ⚠️ PDF generation failed, but record and JSON were saved locally
2025-05-30 06:08:13,226 - DataManager - INFO - Successfully loaded 32 records from data\Tharuni_Guntur_data.csv
2025-05-30 06:08:13,227 - DataManager - INFO - Successfully loaded 32 records from data\Tharuni_Guntur_data.csv
2025-05-30 06:08:13,236 - DataManager - INFO - ✅ OFFLINE-FIRST SAVE COMPLETED - Local CSV, JSON backup, and PDF generated
2025-05-30 06:08:13,236 - DataManager - INFO - 📂 PDF saved to today's reports folder: data\reports\2025-05-30
2025-05-30 06:08:13,236 - DataManager - INFO - 💡 Cloud backup available via Settings > Cloud Storage > Backup
2025-05-30 06:08:13,237 - DataManager - INFO - ==================================================
2025-05-30 06:08:13,237 - TharuniApp - INFO - ✅ Record T0031 saved successfully
2025-05-30 06:08:13,243 - TharuniApp - INFO - ✅ Ticket T0031 completed - counter incremented
2025-05-30 06:08:13,243 - TharuniApp - INFO - Removing T0031 from pending vehicles list
2025-05-30 06:08:13,243 - PendingVehiclesPanel - INFO - Attempting to remove ticket T0031 from pending list
2025-05-30 06:08:13,244 - PendingVehiclesPanel - WARNING - Ticket T0031 not found in pending list for removal
2025-05-30 06:08:13,244 - PendingVehiclesPanel - INFO - Refreshing pending vehicles list
2025-05-30 06:08:13,246 - DataManager - INFO - Successfully loaded 32 records from data\Tharuni_Guntur_data.csv
2025-05-30 06:08:13,246 - PendingVehiclesPanel - INFO - Retrieved 32 total records
2025-05-30 06:08:13,247 - PendingVehiclesPanel - INFO - Found 0 pending records
2025-05-30 06:08:13,248 - PendingVehiclesPanel - INFO - Successfully refreshed pending list with 0 items
2025-05-30 06:08:13,530 - TharuniApp - INFO - ✅ Complete record processing finished for T0031
2025-05-30 06:08:13,531 - DataManager - INFO - Successfully loaded 32 records from data\Tharuni_Guntur_data.csv
2025-05-30 06:08:13,531 - DataManager - INFO - Returning all 32 records (no filter)
2025-05-30 06:08:13,532 - PendingVehiclesPanel - INFO - Refreshing pending vehicles list
2025-05-30 06:08:13,532 - DataManager - INFO - Successfully loaded 32 records from data\Tharuni_Guntur_data.csv
2025-05-30 06:08:13,533 - PendingVehiclesPanel - INFO - Retrieved 32 total records
2025-05-30 06:08:13,533 - PendingVehiclesPanel - INFO - Found 0 pending records
2025-05-30 06:08:13,533 - PendingVehiclesPanel - INFO - Successfully refreshed pending list with 0 items
2025-05-30 06:08:13,534 - TharuniApp - INFO - SAVE RECORD OPERATION COMPLETED SUCCESSFULLY
2025-05-30 06:08:13,534 - TharuniApp - INFO - ==================================================
2025-05-30 06:08:35,714 - DataManager - INFO - Successfully loaded 32 records from data\Tharuni_Guntur_data.csv
2025-05-30 06:08:35,715 - DataManager - INFO - Successfully loaded 32 records from data\Tharuni_Guntur_data.csv
2025-05-30 06:08:41,932 - PendingVehiclesPanel - INFO - Refreshing pending vehicles list
2025-05-30 06:08:41,933 - DataManager - INFO - Successfully loaded 32 records from data\Tharuni_Guntur_data.csv
2025-05-30 06:08:41,934 - PendingVehiclesPanel - INFO - Retrieved 32 total records
2025-05-30 06:08:41,934 - PendingVehiclesPanel - INFO - Found 0 pending records
2025-05-30 06:08:41,935 - PendingVehiclesPanel - INFO - Successfully refreshed pending list with 0 items
2025-05-30 06:08:41,935 - DataManager - INFO - Created new daily folder: data\reports\30-05
2025-05-30 06:09:41,941 - PendingVehiclesPanel - INFO - Refreshing pending vehicles list
2025-05-30 06:09:41,945 - DataManager - INFO - Successfully loaded 32 records from data\Tharuni_Guntur_data.csv
2025-05-30 06:09:41,946 - PendingVehiclesPanel - INFO - Retrieved 32 total records
2025-05-30 06:09:41,947 - PendingVehiclesPanel - INFO - Found 0 pending records
2025-05-30 06:09:41,948 - PendingVehiclesPanel - INFO - Successfully refreshed pending list with 0 items
2025-05-30 06:09:46,982 - DataManager - INFO - Successfully loaded 32 records from data\Tharuni_Guntur_data.csv
2025-05-30 06:09:46,983 - DataManager - INFO - Successfully loaded 32 records from data\Tharuni_Guntur_data.csv
2025-05-30 06:09:51,119 - DataManager - INFO - Successfully loaded 32 records from data\Tharuni_Guntur_data.csv
2025-05-30 06:09:51,132 - DataManager - INFO - Successfully loaded 32 records from data\Tharuni_Guntur_data.csv
2025-05-30 06:09:51,133 - DataManager - INFO - Successfully loaded 32 records from data\Tharuni_Guntur_data.csv
2025-05-30 06:09:51,812 - DataManager - INFO - Successfully loaded 32 records from data\Tharuni_Guntur_data.csv
2025-05-30 06:09:51,813 - DataManager - INFO - Successfully loaded 32 records from data\Tharuni_Guntur_data.csv
2025-05-30 06:09:54,012 - DataManager - INFO - Successfully loaded 32 records from data\Tharuni_Guntur_data.csv
2025-05-30 06:09:54,013 - DataManager - INFO - Successfully loaded 32 records from data\Tharuni_Guntur_data.csv
2025-05-30 06:10:00,574 - FormValidator - INFO - Vehicle validation passed: AP39V6553
2025-05-30 06:10:01,635 - DataManager - INFO - Successfully loaded 32 records from data\Tharuni_Guntur_data.csv
2025-05-30 06:10:01,636 - DataManager - INFO - Successfully loaded 32 records from data\Tharuni_Guntur_data.csv
2025-05-30 06:10:06,988 - DataManager - INFO - Successfully loaded 32 records from data\Tharuni_Guntur_data.csv
2025-05-30 06:10:06,989 - DataManager - INFO - Successfully loaded 32 records from data\Tharuni_Guntur_data.csv
2025-05-30 06:10:10,571 - FormValidator - INFO - Vehicle validation passed: AP39V6553
2025-05-30 06:10:11,741 - DataManager - INFO - Successfully loaded 32 records from data\Tharuni_Guntur_data.csv
2025-05-30 06:10:11,742 - DataManager - INFO - Successfully loaded 32 records from data\Tharuni_Guntur_data.csv
2025-05-30 06:10:14,759 - TharuniApp - INFO - ==================================================
2025-05-30 06:10:14,760 - TharuniApp - INFO - SAVE RECORD OPERATION STARTED
2025-05-30 06:10:14,760 - FormValidator - INFO - Starting comprehensive form validation
2025-05-30 06:10:14,761 - FormValidator - INFO - Validating basic fields
2025-05-30 06:10:14,761 - FormValidator - INFO - Field values: ticket='T0032', vehicle='AP39V6553', agency=''
2025-05-30 06:10:14,762 - FormValidator - ERROR - Basic validation failed: Please fill in the following required fields: Agency Name
2025-05-30 06:10:16,325 - DataManager - INFO - Successfully loaded 32 records from data\Tharuni_Guntur_data.csv
2025-05-30 06:10:16,326 - DataManager - INFO - Successfully loaded 32 records from data\Tharuni_Guntur_data.csv
2025-05-30 06:10:16,330 - TharuniApp - WARNING - Form validation failed - aborting save
2025-05-30 06:10:16,330 - TharuniApp - INFO - ==================================================
2025-05-30 06:10:19,164 - DataManager - INFO - CSV structure is up to date
2025-05-30 06:10:19,164 - DataManager - INFO - Data context set to: Agency='Tharuni', Site='Guntur'
2025-05-30 06:10:19,165 - DataManager - INFO - Data file: data\Tharuni_Guntur_data.csv
2025-05-30 06:10:21,837 - TharuniApp - INFO - ==================================================
2025-05-30 06:10:21,838 - TharuniApp - INFO - SAVE RECORD OPERATION STARTED
2025-05-30 06:10:21,838 - FormValidator - INFO - Starting comprehensive form validation
2025-05-30 06:10:21,839 - FormValidator - INFO - Validating basic fields
2025-05-30 06:10:21,839 - FormValidator - INFO - Field values: ticket='T0032', vehicle='AP39V6553', agency='Tharuni'
2025-05-30 06:10:21,840 - FormValidator - INFO - Basic validation passed
2025-05-30 06:10:21,840 - FormValidator - INFO - Validating weighment data
2025-05-30 06:10:21,841 - FormValidator - INFO - Weighment data: first_weight='33570.00', first_timestamp='30-05-2025 06:09:52', second_weight='10940.00', second_timestamp='30-05-2025 06:10:05'
2025-05-30 06:10:21,841 - FormValidator - INFO - Weighment validation passed
2025-05-30 06:10:21,842 - FormValidator - INFO - Validating images for second weighment
2025-05-30 06:10:21,842 - FormValidator - INFO - Images validation for second: front=True, back=False
2025-05-30 06:10:21,843 - FormValidator - INFO - Form validation passed successfully
2025-05-30 06:10:21,845 - TharuniApp - INFO - Saving record for ticket: T0032
2025-05-30 06:10:21,846 - TharuniApp - INFO - Form data keys: ['date', 'time', 'site_name', 'agency_name', 'material', 'ticket_no', 'vehicle_no', 'transfer_party_name', 'first_weight', 'first_timestamp', 'second_weight', 'second_timestamp', 'net_weight', 'material_type', 'first_front_image', 'first_back_image', 'second_front_image', 'second_back_image', 'site_incharge', 'user_name']
2025-05-30 06:10:21,847 - TharuniApp - INFO - Record is complete: True
2025-05-30 06:10:21,847 - TharuniApp - INFO - Calling data_manager.save_record for T0032
2025-05-30 06:10:21,848 - DataManager - INFO - ==================================================
2025-05-30 06:10:21,848 - DataManager - INFO - STARTING OFFLINE-FIRST RECORD SAVE WITH JSON BACKUP
2025-05-30 06:10:21,849 - DataManager - INFO - Input data keys: ['date', 'time', 'site_name', 'agency_name', 'material', 'ticket_no', 'vehicle_no', 'transfer_party_name', 'first_weight', 'first_timestamp', 'second_weight', 'second_timestamp', 'net_weight', 'material_type', 'first_front_image', 'first_back_image', 'second_front_image', 'second_back_image', 'site_incharge', 'user_name']
2025-05-30 06:10:21,850 - DataManager - INFO - Net weight calculated: 33570.0 - 10940.0 = 22630.00
2025-05-30 06:10:21,851 - DataManager - INFO - Using data file: data\Tharuni_Guntur_data.csv
2025-05-30 06:10:21,852 - DataManager - INFO - Successfully loaded 32 records from data\Tharuni_Guntur_data.csv
2025-05-30 06:10:21,853 - DataManager - INFO - Filtered 32 records to 0 using filter: 't0032'
2025-05-30 06:10:21,854 - DataManager - INFO - Adding new record: T0032
2025-05-30 06:10:21,854 - DataManager - INFO - Adding new record to CSV
2025-05-30 06:10:21,855 - DataManager - INFO - Record data: ['30-05-2025', '06:10:21', 'Guntur', 'Tharuni', 'Inert', 'T0032', 'AP39V6553', 'Jindal', '33570.00', '30-05-2025 06:09:52', '10940.00', '30-05-2025 06:10:05', '22630.00', 'Inert', 'Guntur_AP39V6553_20250530_061000_1st_front.jpg', '', 'Guntur_AP39V6553_20250530_061010_2nd_front.jpg', '', '', 'admin']
2025-05-30 06:10:21,856 - DataManager - INFO - ✅ New record added to data\Tharuni_Guntur_data.csv
2025-05-30 06:10:21,857 - DataManager - INFO - ✅ Record T0032 saved to local CSV successfully
2025-05-30 06:10:21,858 - DataManager - INFO - Record completion status: True
2025-05-30 06:10:21,858 - DataManager - INFO - Complete record detected - saving JSON backup locally...
2025-05-30 06:10:21,859 - DataManager - INFO - Created new daily JSON folder: data\json_backups\2025-05-30
2025-05-30 06:10:21,861 - DataManager - INFO - JSON backup saved: data\json_backups\2025-05-30\T0032_Tharuni_Guntur_061021.json
2025-05-30 06:10:21,861 - DataManager - INFO - ✅ JSON backup saved locally for T0032
2025-05-30 06:10:21,861 - DataManager - INFO - Complete record detected for ticket T0032 - generating PDF locally...
2025-05-30 06:10:21,862 - DataManager - INFO - Today's reports folder ensured: data\reports\2025-05-30
2025-05-30 06:10:21,863 - DataManager - INFO - Reports will be saved to: data\reports\2025-05-30
2025-05-30 06:10:21,864 - DataManager - INFO - Today's reports folder ensured: data\reports\2025-05-30
2025-05-30 06:10:21,866 - DataManager - INFO - SIMPLE TEST - Net display: '22630.00 kg'
2025-05-30 06:10:21,867 - DataManager - ERROR - Error creating PDF report: too many values to unpack (expected 2)
2025-05-30 06:10:21,885 - DataManager - ERROR - PDF generation traceback: Traceback (most recent call last):
  File "C:\Users\saait\Downloads\adex_nonlogin\advexe-fa064e14cc2125900dc230b01018a938253408bf\data_management.py", line 1470, in create_pdf_report
    for img_filename, watermark_text in image_paths:
        ^^^^^^^^^^^^^^^^^^^^^^^^^^^^
ValueError: too many values to unpack (expected 2)

2025-05-30 06:10:21,886 - DataManager - ERROR - Failed to generate PDF
2025-05-30 06:10:21,887 - DataManager - WARNING - ⚠️ PDF generation failed, but record and JSON were saved locally
2025-05-30 06:10:23,570 - DataManager - INFO - ✅ OFFLINE-FIRST SAVE COMPLETED - Local CSV, JSON backup, and PDF generated
2025-05-30 06:10:23,571 - DataManager - INFO - 📂 PDF saved to today's reports folder: data\reports\2025-05-30
2025-05-30 06:10:23,572 - DataManager - INFO - 💡 Cloud backup available via Settings > Cloud Storage > Backup
2025-05-30 06:10:23,572 - DataManager - INFO - ==================================================
2025-05-30 06:10:23,572 - TharuniApp - INFO - ✅ Record T0032 saved successfully
2025-05-30 06:10:23,577 - TharuniApp - INFO - ✅ Ticket T0032 completed - counter incremented
2025-05-30 06:10:23,578 - TharuniApp - INFO - Removing T0032 from pending vehicles list
2025-05-30 06:10:23,578 - PendingVehiclesPanel - INFO - Attempting to remove ticket T0032 from pending list
2025-05-30 06:10:23,578 - PendingVehiclesPanel - WARNING - Ticket T0032 not found in pending list for removal
2025-05-30 06:10:23,578 - PendingVehiclesPanel - INFO - Refreshing pending vehicles list
2025-05-30 06:10:23,591 - DataManager - INFO - Successfully loaded 33 records from data\Tharuni_Guntur_data.csv
2025-05-30 06:10:23,591 - PendingVehiclesPanel - INFO - Retrieved 33 total records
2025-05-30 06:10:23,591 - PendingVehiclesPanel - INFO - Found 0 pending records
2025-05-30 06:10:23,592 - PendingVehiclesPanel - INFO - Successfully refreshed pending list with 0 items
2025-05-30 06:10:23,877 - TharuniApp - INFO - ✅ Complete record processing finished for T0032
2025-05-30 06:10:23,878 - DataManager - INFO - Successfully loaded 33 records from data\Tharuni_Guntur_data.csv
2025-05-30 06:10:23,878 - DataManager - INFO - Returning all 33 records (no filter)
2025-05-30 06:10:23,879 - PendingVehiclesPanel - INFO - Refreshing pending vehicles list
2025-05-30 06:10:23,880 - DataManager - INFO - Successfully loaded 33 records from data\Tharuni_Guntur_data.csv
2025-05-30 06:10:23,880 - PendingVehiclesPanel - INFO - Retrieved 33 total records
2025-05-30 06:10:23,880 - PendingVehiclesPanel - INFO - Found 0 pending records
2025-05-30 06:10:23,881 - PendingVehiclesPanel - INFO - Successfully refreshed pending list with 0 items
2025-05-30 06:10:23,881 - TharuniApp - INFO - SAVE RECORD OPERATION COMPLETED SUCCESSFULLY
2025-05-30 06:10:23,881 - TharuniApp - INFO - ==================================================
2025-05-30 06:10:41,954 - PendingVehiclesPanel - INFO - Refreshing pending vehicles list
2025-05-30 06:10:41,957 - DataManager - INFO - Successfully loaded 33 records from data\Tharuni_Guntur_data.csv
2025-05-30 06:10:41,958 - PendingVehiclesPanel - INFO - Retrieved 33 total records
2025-05-30 06:10:41,959 - PendingVehiclesPanel - INFO - Found 0 pending records
2025-05-30 06:10:41,960 - PendingVehiclesPanel - INFO - Successfully refreshed pending list with 0 items
2025-05-30 06:10:41,962 - DataManager - INFO - Created new daily folder: data\reports\30-05
2025-05-30 06:11:37,432 - TharuniApp - INFO - ============================================================
2025-05-30 06:11:37,432 - TharuniApp - INFO - APPLICATION STARTUP
2025-05-30 06:11:37,433 - TharuniApp - INFO - ============================================================
2025-05-30 06:11:37,436 - TharuniApp - INFO - Configuration setup completed
2025-05-30 06:11:37,436 - DataManager - INFO - DataManager initialized with OFFLINE-FIRST approach + JSON local storage
2025-05-30 06:11:37,437 - DataManager - INFO - CSV structure is up to date
2025-05-30 06:11:37,437 - DataManager - INFO - Daily PDF folder structure ready:
2025-05-30 06:11:37,438 - DataManager - INFO -   Base reports folder: data\reports
2025-05-30 06:11:37,438 - DataManager - INFO -   Today's folder: data\reports\2025-05-30
2025-05-30 06:11:37,439 - DataManager - INFO - Data file: data\weighbridge_data.csv
2025-05-30 06:11:37,439 - DataManager - INFO - Reports folder: data\reports
2025-05-30 06:11:37,439 - DataManager - INFO - JSON backup folder: data\json_backups
2025-05-30 06:11:37,439 - DataManager - INFO - PDF folder: data\reports\2025-05-30
2025-05-30 06:11:37,439 - DataManager - INFO - Cloud storage will only be initialized when backup is requested
2025-05-30 06:11:37,440 - TharuniApp - INFO - Data manager initialized
2025-05-30 06:11:37,443 - TharuniApp - INFO - Settings storage initialized
2025-05-30 06:11:37,445 - TharuniApp - INFO - UI styles initialized
2025-05-30 06:11:37,446 - TharuniApp - INFO - Starting user authentication
2025-05-30 06:12:13,691 - TharuniApp - INFO - Authentication successful: admin
2025-05-30 06:12:13,691 - TharuniApp - INFO - User logged in: admin (Role: admin)
2025-05-30 06:12:13,692 - TharuniApp - INFO - Setting up data context
2025-05-30 06:12:13,693 - DataManager - INFO - CSV structure is up to date
2025-05-30 06:12:13,693 - DataManager - INFO - Data context set to: Agency='Tharuni', Site='Guntur'
2025-05-30 06:12:13,693 - DataManager - INFO - Data file: data\Tharuni_Guntur_data.csv
2025-05-30 06:12:13,693 - TharuniApp - INFO - Data context initialized: Agency='Tharuni', Site='Guntur'
2025-05-30 06:12:13,693 - TharuniApp - INFO - Data will be saved to: data\Tharuni_Guntur_data.csv
2025-05-30 06:12:13,694 - TharuniApp - INFO - PDFs will be saved to: data\reports\2025-05-30
2025-05-30 06:12:13,694 - TharuniApp - INFO - Creating application widgets
2025-05-30 06:12:13,712 - TharuniApp - INFO - Creating main panel
2025-05-30 06:12:13,719 - FormValidator - INFO - FormValidator initialized
2025-05-30 06:12:13,726 - DataManager - INFO - Successfully loaded 33 records from data\Tharuni_Guntur_data.csv
2025-05-30 06:12:14,677 - DataManager - INFO - Successfully loaded 33 records from data\Tharuni_Guntur_data.csv
2025-05-30 06:12:14,677 - TharuniApp - INFO - Main form created
2025-05-30 06:12:14,679 - DataManager - INFO - CSV structure is up to date
2025-05-30 06:12:14,679 - DataManager - INFO - Data context set to: Agency='Tharuni', Site='Guntur'
2025-05-30 06:12:14,680 - DataManager - INFO - Data file: data\Tharuni_Guntur_data.csv
2025-05-30 06:12:14,680 - DataManager - INFO - CSV structure is up to date
2025-05-30 06:12:14,681 - DataManager - INFO - Data context set to: Agency='Tharuni', Site='Guntur'
2025-05-30 06:12:14,681 - DataManager - INFO - Data file: data\Tharuni_Guntur_data.csv
2025-05-30 06:12:14,681 - DataManager - INFO - CSV structure is up to date
2025-05-30 06:12:14,682 - DataManager - INFO - Data context set to: Agency='Tharuni', Site='Guntur'
2025-05-30 06:12:14,682 - DataManager - INFO - Data file: data\Tharuni_Guntur_data.csv
2025-05-30 06:12:14,682 - PendingVehiclesPanel - INFO - PendingVehiclesPanel initialized
2025-05-30 06:12:14,687 - PendingVehiclesPanel - INFO - Refreshing pending vehicles list
2025-05-30 06:12:14,688 - DataManager - INFO - Successfully loaded 33 records from data\Tharuni_Guntur_data.csv
2025-05-30 06:12:14,688 - PendingVehiclesPanel - INFO - Retrieved 33 total records
2025-05-30 06:12:14,689 - PendingVehiclesPanel - INFO - Found 0 pending records
2025-05-30 06:12:14,689 - PendingVehiclesPanel - INFO - Successfully refreshed pending list with 0 items
2025-05-30 06:12:14,690 - TharuniApp - INFO - Pending vehicles panel created
2025-05-30 06:12:14,894 - TharuniApp - INFO - Main panel creation completed
2025-05-30 06:12:14,902 - TharuniApp - INFO - Summary panel created
2025-05-30 06:12:15,085 - TharuniApp - INFO - ✅ Data manager reference set in settings panel
2025-05-30 06:12:15,085 - TharuniApp - INFO - Widget creation completed successfully
2025-05-30 06:12:15,085 - PendingVehiclesPanel - INFO - Refreshing pending vehicles list
2025-05-30 06:12:15,086 - DataManager - INFO - Successfully loaded 33 records from data\Tharuni_Guntur_data.csv
2025-05-30 06:12:15,086 - PendingVehiclesPanel - INFO - Retrieved 33 total records
2025-05-30 06:12:15,087 - PendingVehiclesPanel - INFO - Found 0 pending records
2025-05-30 06:12:15,087 - PendingVehiclesPanel - INFO - Successfully refreshed pending list with 0 items
2025-05-30 06:12:15,087 - DataManager - INFO - Created new daily folder: data\reports\30-05
2025-05-30 06:12:15,087 - TharuniApp - INFO - Application initialization completed successfully
2025-05-30 06:12:16,085 - TharuniApp - INFO - Ensuring settings persistence...
2025-05-30 06:12:16,087 - TharuniApp - INFO - Settings persistence check completed
2025-05-30 06:12:17,605 - DataManager - INFO - Successfully loaded 33 records from data\Tharuni_Guntur_data.csv
2025-05-30 06:12:17,615 - DataManager - INFO - Successfully loaded 33 records from data\Tharuni_Guntur_data.csv
2025-05-30 06:12:17,616 - DataManager - INFO - Successfully loaded 33 records from data\Tharuni_Guntur_data.csv
2025-05-30 06:12:18,299 - DataManager - INFO - Successfully loaded 33 records from data\Tharuni_Guntur_data.csv
2025-05-30 06:12:18,301 - DataManager - INFO - Successfully loaded 33 records from data\Tharuni_Guntur_data.csv
2025-05-30 06:12:21,347 - DataManager - INFO - Successfully loaded 33 records from data\Tharuni_Guntur_data.csv
2025-05-30 06:12:21,348 - DataManager - INFO - Successfully loaded 33 records from data\Tharuni_Guntur_data.csv
2025-05-30 06:12:24,236 - FormValidator - INFO - Vehicle validation passed: TS06UV0606
2025-05-30 06:12:25,315 - DataManager - INFO - Successfully loaded 33 records from data\Tharuni_Guntur_data.csv
2025-05-30 06:12:25,316 - DataManager - INFO - Successfully loaded 33 records from data\Tharuni_Guntur_data.csv
2025-05-30 06:12:30,250 - DataManager - INFO - Successfully loaded 33 records from data\Tharuni_Guntur_data.csv
2025-05-30 06:12:30,251 - DataManager - INFO - Successfully loaded 33 records from data\Tharuni_Guntur_data.csv
2025-05-30 06:12:32,983 - FormValidator - INFO - Vehicle validation passed: TS06UV0606
2025-05-30 06:12:34,015 - DataManager - INFO - Successfully loaded 33 records from data\Tharuni_Guntur_data.csv
2025-05-30 06:12:34,016 - DataManager - INFO - Successfully loaded 33 records from data\Tharuni_Guntur_data.csv
2025-05-30 06:12:36,521 - TharuniApp - INFO - ==================================================
2025-05-30 06:12:36,522 - TharuniApp - INFO - SAVE RECORD OPERATION STARTED
2025-05-30 06:12:36,522 - FormValidator - INFO - Starting comprehensive form validation
2025-05-30 06:12:36,523 - FormValidator - INFO - Validating basic fields
2025-05-30 06:12:36,523 - FormValidator - INFO - Field values: ticket='T0033', vehicle='TS06UV0606', agency='Tharuni'
2025-05-30 06:12:36,524 - FormValidator - INFO - Basic validation passed
2025-05-30 06:12:36,524 - FormValidator - INFO - Validating weighment data
2025-05-30 06:12:36,525 - FormValidator - INFO - Weighment data: first_weight='30420.00', first_timestamp='30-05-2025 06:12:19', second_weight='5140.00', second_timestamp='30-05-2025 06:12:28'
2025-05-30 06:12:36,525 - FormValidator - INFO - Weighment validation passed
2025-05-30 06:12:36,526 - FormValidator - INFO - Validating images for second weighment
2025-05-30 06:12:36,526 - FormValidator - INFO - Images validation for second: front=True, back=False
2025-05-30 06:12:36,527 - FormValidator - INFO - Form validation passed successfully
2025-05-30 06:12:36,530 - TharuniApp - INFO - Saving record for ticket: T0033
2025-05-30 06:12:36,530 - TharuniApp - INFO - Form data keys: ['date', 'time', 'site_name', 'agency_name', 'material', 'ticket_no', 'vehicle_no', 'transfer_party_name', 'first_weight', 'first_timestamp', 'second_weight', 'second_timestamp', 'net_weight', 'material_type', 'first_front_image', 'first_back_image', 'second_front_image', 'second_back_image', 'site_incharge', 'user_name']
2025-05-30 06:12:36,531 - TharuniApp - INFO - Record is complete: True
2025-05-30 06:12:36,531 - TharuniApp - INFO - Calling data_manager.save_record for T0033
2025-05-30 06:12:36,532 - DataManager - INFO - ==================================================
2025-05-30 06:12:36,532 - DataManager - INFO - STARTING OFFLINE-FIRST RECORD SAVE WITH JSON BACKUP
2025-05-30 06:12:36,533 - DataManager - INFO - Input data keys: ['date', 'time', 'site_name', 'agency_name', 'material', 'ticket_no', 'vehicle_no', 'transfer_party_name', 'first_weight', 'first_timestamp', 'second_weight', 'second_timestamp', 'net_weight', 'material_type', 'first_front_image', 'first_back_image', 'second_front_image', 'second_back_image', 'site_incharge', 'user_name']
2025-05-30 06:12:36,534 - DataManager - INFO - Net weight calculated: 30420.0 - 5140.0 = 25280.00
2025-05-30 06:12:36,534 - DataManager - INFO - Using data file: data\Tharuni_Guntur_data.csv
2025-05-30 06:12:36,535 - DataManager - INFO - Successfully loaded 33 records from data\Tharuni_Guntur_data.csv
2025-05-30 06:12:36,536 - DataManager - INFO - Filtered 33 records to 0 using filter: 't0033'
2025-05-30 06:12:36,536 - DataManager - INFO - Adding new record: T0033
2025-05-30 06:12:36,536 - DataManager - INFO - Adding new record to CSV
2025-05-30 06:12:36,537 - DataManager - INFO - Record data: ['30-05-2025', '06:12:36', 'Guntur', 'Tharuni', 'Inert', 'T0033', 'TS06UV0606', 'Jindal', '30420.00', '30-05-2025 06:12:19', '5140.00', '30-05-2025 06:12:28', '25280.00', 'Inert', 'Guntur_TS06UV0606_20250530_061224_1st_front.jpg', '', 'Guntur_TS06UV0606_20250530_061232_2nd_front.jpg', '', '', 'admin']
2025-05-30 06:12:36,538 - DataManager - INFO - ✅ New record added to data\Tharuni_Guntur_data.csv
2025-05-30 06:12:36,538 - DataManager - INFO - ✅ Record T0033 saved to local CSV successfully
2025-05-30 06:12:36,538 - DataManager - INFO - Record completion status: True
2025-05-30 06:12:36,538 - DataManager - INFO - Complete record detected - saving JSON backup locally...
2025-05-30 06:12:36,539 - DataManager - INFO - Created new daily JSON folder: data\json_backups\2025-05-30
2025-05-30 06:12:36,540 - DataManager - INFO - JSON backup saved: data\json_backups\2025-05-30\T0033_Tharuni_Guntur_061236.json
2025-05-30 06:12:36,540 - DataManager - INFO - ✅ JSON backup saved locally for T0033
2025-05-30 06:12:36,540 - DataManager - INFO - Complete record detected for ticket T0033 - generating PDF locally...
2025-05-30 06:12:36,541 - DataManager - INFO - Today's reports folder ensured: data\reports\2025-05-30
2025-05-30 06:12:36,541 - DataManager - INFO - Reports will be saved to: data\reports\2025-05-30
2025-05-30 06:12:36,542 - DataManager - INFO - Today's reports folder ensured: data\reports\2025-05-30
2025-05-30 06:12:36,545 - DataManager - INFO - SIMPLE TEST - Net display: '25280.00 kg'
2025-05-30 06:12:36,587 - DataManager - INFO - Building PDF document: data\reports\2025-05-30\Tharuni_Guntur_T0033_TS06UV0606_061236.pdf
2025-05-30 06:12:36,631 - DataManager - INFO - PDF created successfully: data\reports\2025-05-30\Tharuni_Guntur_T0033_TS06UV0606_061236.pdf (113699 bytes)
2025-05-30 06:12:36,631 - DataManager - INFO - Auto-generated PDF: data\reports\2025-05-30\Tharuni_Guntur_T0033_TS06UV0606_061236.pdf
2025-05-30 06:12:36,632 - DataManager - INFO - PDF saved to today's reports folder: data\reports\2025-05-30
2025-05-30 06:12:36,632 - DataManager - INFO - ✅ PDF auto-generated locally: data\reports\2025-05-30\Tharuni_Guntur_T0033_TS06UV0606_061236.pdf
2025-05-30 06:13:05,444 - DataManager - INFO - Successfully loaded 34 records from data\Tharuni_Guntur_data.csv
2025-05-30 06:13:05,445 - DataManager - INFO - Successfully loaded 34 records from data\Tharuni_Guntur_data.csv
2025-05-30 06:13:05,451 - DataManager - INFO - ✅ OFFLINE-FIRST SAVE COMPLETED - Local CSV, JSON backup, and PDF generated
2025-05-30 06:13:05,451 - DataManager - INFO - 📂 PDF saved to today's reports folder: data\reports\2025-05-30
2025-05-30 06:13:05,452 - DataManager - INFO - 💡 Cloud backup available via Settings > Cloud Storage > Backup
2025-05-30 06:13:05,452 - DataManager - INFO - ==================================================
2025-05-30 06:13:05,452 - TharuniApp - INFO - ✅ Record T0033 saved successfully
2025-05-30 06:13:05,459 - TharuniApp - INFO - ✅ Ticket T0033 completed - counter incremented
2025-05-30 06:13:05,459 - TharuniApp - INFO - Removing T0033 from pending vehicles list
2025-05-30 06:13:05,460 - PendingVehiclesPanel - INFO - Attempting to remove ticket T0033 from pending list
2025-05-30 06:13:05,460 - PendingVehiclesPanel - WARNING - Ticket T0033 not found in pending list for removal
2025-05-30 06:13:05,461 - PendingVehiclesPanel - INFO - Refreshing pending vehicles list
2025-05-30 06:13:05,461 - DataManager - INFO - Successfully loaded 34 records from data\Tharuni_Guntur_data.csv
2025-05-30 06:13:05,462 - PendingVehiclesPanel - INFO - Retrieved 34 total records
2025-05-30 06:13:05,462 - PendingVehiclesPanel - INFO - Found 0 pending records
2025-05-30 06:13:05,462 - PendingVehiclesPanel - INFO - Successfully refreshed pending list with 0 items
2025-05-30 06:13:05,746 - TharuniApp - INFO - ✅ Complete record processing finished for T0033
2025-05-30 06:13:05,747 - DataManager - INFO - Successfully loaded 34 records from data\Tharuni_Guntur_data.csv
2025-05-30 06:13:05,747 - DataManager - INFO - Returning all 34 records (no filter)
2025-05-30 06:13:05,748 - PendingVehiclesPanel - INFO - Refreshing pending vehicles list
2025-05-30 06:13:05,749 - DataManager - INFO - Successfully loaded 34 records from data\Tharuni_Guntur_data.csv
2025-05-30 06:13:05,749 - PendingVehiclesPanel - INFO - Retrieved 34 total records
2025-05-30 06:13:05,750 - PendingVehiclesPanel - INFO - Found 0 pending records
2025-05-30 06:13:05,750 - PendingVehiclesPanel - INFO - Successfully refreshed pending list with 0 items
2025-05-30 06:13:05,750 - TharuniApp - INFO - SAVE RECORD OPERATION COMPLETED SUCCESSFULLY
2025-05-30 06:13:05,750 - TharuniApp - INFO - ==================================================
2025-05-30 06:13:15,088 - PendingVehiclesPanel - INFO - Refreshing pending vehicles list
2025-05-30 06:13:15,091 - DataManager - INFO - Successfully loaded 34 records from data\Tharuni_Guntur_data.csv
2025-05-30 06:13:15,092 - PendingVehiclesPanel - INFO - Retrieved 34 total records
2025-05-30 06:13:15,093 - PendingVehiclesPanel - INFO - Found 0 pending records
2025-05-30 06:13:15,094 - PendingVehiclesPanel - INFO - Successfully refreshed pending list with 0 items
2025-05-30 06:13:15,096 - DataManager - INFO - Created new daily folder: data\reports\30-05
2025-05-30 06:14:15,110 - PendingVehiclesPanel - INFO - Refreshing pending vehicles list
2025-05-30 06:14:15,111 - DataManager - INFO - Successfully loaded 34 records from data\Tharuni_Guntur_data.csv
2025-05-30 06:14:15,111 - PendingVehiclesPanel - INFO - Retrieved 34 total records
2025-05-30 06:14:15,111 - PendingVehiclesPanel - INFO - Found 0 pending records
2025-05-30 06:14:15,111 - PendingVehiclesPanel - INFO - Successfully refreshed pending list with 0 items
2025-05-30 06:15:15,127 - PendingVehiclesPanel - INFO - Refreshing pending vehicles list
2025-05-30 06:15:15,130 - DataManager - INFO - Successfully loaded 34 records from data\Tharuni_Guntur_data.csv
2025-05-30 06:15:15,131 - PendingVehiclesPanel - INFO - Retrieved 34 total records
2025-05-30 06:15:15,132 - PendingVehiclesPanel - INFO - Found 0 pending records
2025-05-30 06:15:15,133 - PendingVehiclesPanel - INFO - Successfully refreshed pending list with 0 items
2025-05-30 06:16:15,146 - PendingVehiclesPanel - INFO - Refreshing pending vehicles list
2025-05-30 06:16:15,150 - DataManager - INFO - Successfully loaded 34 records from data\Tharuni_Guntur_data.csv
2025-05-30 06:16:15,151 - PendingVehiclesPanel - INFO - Retrieved 34 total records
2025-05-30 06:16:15,152 - PendingVehiclesPanel - INFO - Found 0 pending records
2025-05-30 06:16:15,153 - PendingVehiclesPanel - INFO - Successfully refreshed pending list with 0 items
2025-05-30 06:17:15,155 - PendingVehiclesPanel - INFO - Refreshing pending vehicles list
2025-05-30 06:17:15,158 - DataManager - INFO - Successfully loaded 34 records from data\Tharuni_Guntur_data.csv
2025-05-30 06:17:15,159 - PendingVehiclesPanel - INFO - Retrieved 34 total records
2025-05-30 06:17:15,160 - PendingVehiclesPanel - INFO - Found 0 pending records
2025-05-30 06:17:15,162 - PendingVehiclesPanel - INFO - Successfully refreshed pending list with 0 items
2025-05-30 06:18:15,174 - PendingVehiclesPanel - INFO - Refreshing pending vehicles list
2025-05-30 06:18:15,179 - DataManager - INFO - Successfully loaded 34 records from data\Tharuni_Guntur_data.csv
2025-05-30 06:18:15,180 - PendingVehiclesPanel - INFO - Retrieved 34 total records
2025-05-30 06:18:15,181 - PendingVehiclesPanel - INFO - Found 0 pending records
2025-05-30 06:18:15,182 - PendingVehiclesPanel - INFO - Successfully refreshed pending list with 0 items
2025-05-30 06:19:15,184 - PendingVehiclesPanel - INFO - Refreshing pending vehicles list
2025-05-30 06:19:15,185 - DataManager - INFO - Successfully loaded 34 records from data\Tharuni_Guntur_data.csv
2025-05-30 06:19:15,185 - PendingVehiclesPanel - INFO - Retrieved 34 total records
2025-05-30 06:19:15,185 - PendingVehiclesPanel - INFO - Found 0 pending records
2025-05-30 06:19:15,186 - PendingVehiclesPanel - INFO - Successfully refreshed pending list with 0 items
2025-05-30 06:20:15,187 - PendingVehiclesPanel - INFO - Refreshing pending vehicles list
2025-05-30 06:20:15,192 - DataManager - INFO - Successfully loaded 34 records from data\Tharuni_Guntur_data.csv
2025-05-30 06:20:15,193 - PendingVehiclesPanel - INFO - Retrieved 34 total records
2025-05-30 06:20:15,194 - PendingVehiclesPanel - INFO - Found 0 pending records
2025-05-30 06:20:15,195 - PendingVehiclesPanel - INFO - Successfully refreshed pending list with 0 items
2025-05-30 06:20:27,245 - TharuniApp - INFO - ============================================================
2025-05-30 06:20:27,246 - TharuniApp - INFO - APPLICATION STARTUP
2025-05-30 06:20:27,246 - TharuniApp - INFO - ============================================================
2025-05-30 06:20:27,249 - TharuniApp - INFO - Configuration setup completed
2025-05-30 06:20:27,250 - DataManager - INFO - DataManager initialized with OFFLINE-FIRST approach + JSON local storage
2025-05-30 06:20:27,250 - DataManager - INFO - CSV structure is up to date
2025-05-30 06:20:27,251 - DataManager - INFO - Daily PDF folder structure ready:
2025-05-30 06:20:27,251 - DataManager - INFO -   Base reports folder: data\reports
2025-05-30 06:20:27,251 - DataManager - INFO -   Today's folder: data\reports\2025-05-30
2025-05-30 06:20:27,252 - DataManager - INFO - Data file: data\weighbridge_data.csv
2025-05-30 06:20:27,252 - DataManager - INFO - Reports folder: data\reports
2025-05-30 06:20:27,252 - DataManager - INFO - JSON backup folder: data\json_backups
2025-05-30 06:20:27,253 - DataManager - INFO - PDF folder: data\reports\2025-05-30
2025-05-30 06:20:27,253 - DataManager - INFO - Cloud storage will only be initialized when backup is requested
2025-05-30 06:20:27,253 - TharuniApp - INFO - Data manager initialized
2025-05-30 06:20:27,256 - TharuniApp - INFO - Settings storage initialized
2025-05-30 06:20:27,258 - TharuniApp - INFO - UI styles initialized
2025-05-30 06:20:27,259 - TharuniApp - INFO - Starting user authentication
2025-05-30 06:20:33,853 - TharuniApp - INFO - Authentication successful: admin
2025-05-30 06:20:33,853 - TharuniApp - INFO - User logged in: admin (Role: admin)
2025-05-30 06:20:33,853 - TharuniApp - INFO - Setting up data context
2025-05-30 06:20:33,854 - DataManager - INFO - CSV structure is up to date
2025-05-30 06:20:33,854 - DataManager - INFO - Data context set to: Agency='Tharuni', Site='Guntur'
2025-05-30 06:20:33,855 - DataManager - INFO - Data file: data\Tharuni_Guntur_data.csv
2025-05-30 06:20:33,855 - TharuniApp - INFO - Data context initialized: Agency='Tharuni', Site='Guntur'
2025-05-30 06:20:33,855 - TharuniApp - INFO - Data will be saved to: data\Tharuni_Guntur_data.csv
2025-05-30 06:20:33,855 - TharuniApp - INFO - PDFs will be saved to: data\reports\2025-05-30
2025-05-30 06:20:33,856 - TharuniApp - INFO - Creating application widgets
2025-05-30 06:20:33,873 - TharuniApp - INFO - Creating main panel
2025-05-30 06:20:33,877 - FormValidator - INFO - FormValidator initialized
2025-05-30 06:20:33,884 - DataManager - INFO - Successfully loaded 34 records from data\Tharuni_Guntur_data.csv
2025-05-30 06:20:34,933 - DataManager - INFO - Successfully loaded 34 records from data\Tharuni_Guntur_data.csv
2025-05-30 06:20:34,934 - TharuniApp - INFO - Main form created
2025-05-30 06:20:34,935 - DataManager - INFO - CSV structure is up to date
2025-05-30 06:20:34,936 - DataManager - INFO - Data context set to: Agency='Tharuni', Site='Guntur'
2025-05-30 06:20:34,936 - DataManager - INFO - Data file: data\Tharuni_Guntur_data.csv
2025-05-30 06:20:34,937 - DataManager - INFO - CSV structure is up to date
2025-05-30 06:20:34,937 - DataManager - INFO - Data context set to: Agency='Tharuni', Site='Guntur'
2025-05-30 06:20:34,938 - DataManager - INFO - Data file: data\Tharuni_Guntur_data.csv
2025-05-30 06:20:34,938 - DataManager - INFO - CSV structure is up to date
2025-05-30 06:20:34,939 - DataManager - INFO - Data context set to: Agency='Tharuni', Site='Guntur'
2025-05-30 06:20:34,939 - DataManager - INFO - Data file: data\Tharuni_Guntur_data.csv
2025-05-30 06:20:34,939 - PendingVehiclesPanel - INFO - PendingVehiclesPanel initialized
2025-05-30 06:20:34,944 - PendingVehiclesPanel - INFO - Refreshing pending vehicles list
2025-05-30 06:20:34,945 - DataManager - INFO - Successfully loaded 34 records from data\Tharuni_Guntur_data.csv
2025-05-30 06:20:34,946 - PendingVehiclesPanel - INFO - Retrieved 34 total records
2025-05-30 06:20:34,946 - PendingVehiclesPanel - INFO - Found 0 pending records
2025-05-30 06:20:34,946 - PendingVehiclesPanel - INFO - Successfully refreshed pending list with 0 items
2025-05-30 06:20:34,946 - TharuniApp - INFO - Pending vehicles panel created
2025-05-30 06:20:35,195 - TharuniApp - INFO - Main panel creation completed
2025-05-30 06:20:35,205 - TharuniApp - INFO - Summary panel created
2025-05-30 06:20:35,402 - TharuniApp - INFO - ✅ Data manager reference set in settings panel
2025-05-30 06:20:35,403 - TharuniApp - INFO - Widget creation completed successfully
2025-05-30 06:20:35,403 - PendingVehiclesPanel - INFO - Refreshing pending vehicles list
2025-05-30 06:20:35,404 - DataManager - INFO - Successfully loaded 34 records from data\Tharuni_Guntur_data.csv
2025-05-30 06:20:35,404 - PendingVehiclesPanel - INFO - Retrieved 34 total records
2025-05-30 06:20:35,405 - PendingVehiclesPanel - INFO - Found 0 pending records
2025-05-30 06:20:35,405 - PendingVehiclesPanel - INFO - Successfully refreshed pending list with 0 items
2025-05-30 06:20:35,406 - DataManager - INFO - Created new daily folder: data\reports\30-05
2025-05-30 06:20:35,406 - TharuniApp - INFO - Application initialization completed successfully
2025-05-30 06:20:36,403 - TharuniApp - INFO - Ensuring settings persistence...
2025-05-30 06:20:36,406 - TharuniApp - INFO - Settings persistence check completed
2025-05-30 06:20:39,580 - DataManager - INFO - Successfully loaded 34 records from data\Tharuni_Guntur_data.csv
2025-05-30 06:20:39,609 - DataManager - INFO - Successfully loaded 34 records from data\Tharuni_Guntur_data.csv
2025-05-30 06:20:39,611 - DataManager - INFO - Successfully loaded 34 records from data\Tharuni_Guntur_data.csv
2025-05-30 06:20:40,804 - DataManager - INFO - Successfully loaded 34 records from data\Tharuni_Guntur_data.csv
2025-05-30 06:20:40,805 - DataManager - INFO - Successfully loaded 34 records from data\Tharuni_Guntur_data.csv
2025-05-30 06:20:44,719 - DataManager - INFO - Successfully loaded 34 records from data\Tharuni_Guntur_data.csv
2025-05-30 06:20:44,720 - DataManager - INFO - Successfully loaded 34 records from data\Tharuni_Guntur_data.csv
2025-05-30 06:20:49,920 - FormValidator - INFO - Vehicle validation passed: TS04UA4444
2025-05-30 06:20:51,253 - DataManager - INFO - Successfully loaded 34 records from data\Tharuni_Guntur_data.csv
2025-05-30 06:20:51,254 - DataManager - INFO - Successfully loaded 34 records from data\Tharuni_Guntur_data.csv
2025-05-30 06:20:53,194 - DataManager - INFO - Successfully loaded 34 records from data\Tharuni_Guntur_data.csv
2025-05-30 06:20:53,195 - DataManager - INFO - Successfully loaded 34 records from data\Tharuni_Guntur_data.csv
2025-05-30 06:20:54,338 - FormValidator - INFO - Vehicle validation passed: TS04UA4444
2025-05-30 06:20:55,359 - DataManager - INFO - Successfully loaded 34 records from data\Tharuni_Guntur_data.csv
2025-05-30 06:20:55,360 - DataManager - INFO - Successfully loaded 34 records from data\Tharuni_Guntur_data.csv
2025-05-30 06:20:57,685 - TharuniApp - INFO - ==================================================
2025-05-30 06:20:57,685 - TharuniApp - INFO - SAVE RECORD OPERATION STARTED
2025-05-30 06:20:57,686 - FormValidator - INFO - Starting comprehensive form validation
2025-05-30 06:20:57,686 - FormValidator - INFO - Validating basic fields
2025-05-30 06:20:57,687 - FormValidator - INFO - Field values: ticket='T0034', vehicle='TS04UA4444', agency='Tharuni'
2025-05-30 06:20:57,687 - FormValidator - INFO - Basic validation passed
2025-05-30 06:20:57,688 - FormValidator - INFO - Validating weighment data
2025-05-30 06:20:57,688 - FormValidator - INFO - Weighment data: first_weight='34120.00', first_timestamp='30-05-2025 06:20:43', second_weight='12050.00', second_timestamp='30-05-2025 06:20:51'
2025-05-30 06:20:57,689 - FormValidator - INFO - Weighment validation passed
2025-05-30 06:20:57,689 - FormValidator - INFO - Validating images for second weighment
2025-05-30 06:20:57,690 - FormValidator - INFO - Images validation for second: front=True, back=False
2025-05-30 06:20:57,690 - FormValidator - INFO - Form validation passed successfully
2025-05-30 06:20:57,693 - TharuniApp - INFO - Saving record for ticket: T0034
2025-05-30 06:20:57,694 - TharuniApp - INFO - Form data keys: ['date', 'time', 'site_name', 'agency_name', 'material', 'ticket_no', 'vehicle_no', 'transfer_party_name', 'first_weight', 'first_timestamp', 'second_weight', 'second_timestamp', 'net_weight', 'material_type', 'first_front_image', 'first_back_image', 'second_front_image', 'second_back_image', 'site_incharge', 'user_name']
2025-05-30 06:20:57,694 - TharuniApp - INFO - Record is complete: True
2025-05-30 06:20:57,695 - TharuniApp - INFO - Calling data_manager.save_record for T0034
2025-05-30 06:20:57,695 - DataManager - INFO - ==================================================
2025-05-30 06:20:57,696 - DataManager - INFO - STARTING OFFLINE-FIRST RECORD SAVE WITH JSON BACKUP
2025-05-30 06:20:57,697 - DataManager - INFO - Input data keys: ['date', 'time', 'site_name', 'agency_name', 'material', 'ticket_no', 'vehicle_no', 'transfer_party_name', 'first_weight', 'first_timestamp', 'second_weight', 'second_timestamp', 'net_weight', 'material_type', 'first_front_image', 'first_back_image', 'second_front_image', 'second_back_image', 'site_incharge', 'user_name']
2025-05-30 06:20:57,697 - DataManager - INFO - Net weight calculated: 34120.0 - 12050.0 = 22070.00
2025-05-30 06:20:57,698 - DataManager - INFO - Using data file: data\Tharuni_Guntur_data.csv
2025-05-30 06:20:57,699 - DataManager - INFO - Successfully loaded 34 records from data\Tharuni_Guntur_data.csv
2025-05-30 06:20:57,700 - DataManager - INFO - Filtered 34 records to 0 using filter: 't0034'
2025-05-30 06:20:57,701 - DataManager - INFO - Adding new record: T0034
2025-05-30 06:20:57,701 - DataManager - INFO - Adding new record to CSV
2025-05-30 06:20:57,702 - DataManager - INFO - Record data: ['30-05-2025', '06:20:57', 'Guntur', 'Tharuni', 'Inert', 'T0034', 'TS04UA4444', 'Jindal', '34120.00', '30-05-2025 06:20:43', '12050.00', '30-05-2025 06:20:51', '22070.00', 'Inert', 'Guntur_TS04UA4444_20250530_062049_1st_front.jpg', '', 'Guntur_TS04UA4444_20250530_062054_2nd_front.jpg', '', '', 'admin']
2025-05-30 06:20:57,703 - DataManager - INFO - ✅ New record added to data\Tharuni_Guntur_data.csv
2025-05-30 06:20:57,704 - DataManager - INFO - ✅ Record T0034 saved to local CSV successfully
2025-05-30 06:20:57,705 - DataManager - INFO - Record completion status: True
2025-05-30 06:20:57,705 - DataManager - INFO - Complete record detected - saving JSON backup locally...
2025-05-30 06:20:57,706 - DataManager - INFO - Created new daily JSON folder: data\json_backups\2025-05-30
2025-05-30 06:20:57,708 - DataManager - INFO - JSON backup saved: data\json_backups\2025-05-30\T0034_Tharuni_Guntur_062057.json
2025-05-30 06:20:57,709 - DataManager - INFO - ✅ JSON backup saved locally for T0034
2025-05-30 06:20:57,709 - DataManager - INFO - Complete record detected for ticket T0034 - generating PDF locally...
2025-05-30 06:20:57,711 - DataManager - INFO - Today's reports folder ensured: data\reports\2025-05-30
2025-05-30 06:20:57,711 - DataManager - INFO - Reports will be saved to: data\reports\2025-05-30
2025-05-30 06:20:57,713 - DataManager - INFO - Today's reports folder ensured: data\reports\2025-05-30
2025-05-30 06:20:57,718 - DataManager - INFO - SIMPLE TEST - Net display: '22070.00 kg'
2025-05-30 06:20:57,771 - DataManager - INFO - Building PDF document: data\reports\2025-05-30\Tharuni_Guntur_T0034_TS04UA4444_062057.pdf
2025-05-30 06:20:57,814 - DataManager - INFO - PDF created successfully: data\reports\2025-05-30\Tharuni_Guntur_T0034_TS04UA4444_062057.pdf (116608 bytes)
2025-05-30 06:20:57,814 - DataManager - INFO - Auto-generated PDF: data\reports\2025-05-30\Tharuni_Guntur_T0034_TS04UA4444_062057.pdf
2025-05-30 06:20:57,814 - DataManager - INFO - PDF saved to today's reports folder: data\reports\2025-05-30
2025-05-30 06:20:57,815 - DataManager - INFO - ✅ PDF auto-generated locally: data\reports\2025-05-30\Tharuni_Guntur_T0034_TS04UA4444_062057.pdf
2025-05-30 06:21:00,430 - DataManager - INFO - Successfully loaded 35 records from data\Tharuni_Guntur_data.csv
2025-05-30 06:21:00,432 - DataManager - INFO - Successfully loaded 35 records from data\Tharuni_Guntur_data.csv
2025-05-30 06:21:00,437 - DataManager - INFO - ✅ OFFLINE-FIRST SAVE COMPLETED - Local CSV, JSON backup, and PDF generated
2025-05-30 06:21:00,437 - DataManager - INFO - 📂 PDF saved to today's reports folder: data\reports\2025-05-30
2025-05-30 06:21:00,437 - DataManager - INFO - 💡 Cloud backup available via Settings > Cloud Storage > Backup
2025-05-30 06:21:00,438 - DataManager - INFO - ==================================================
2025-05-30 06:21:00,438 - TharuniApp - INFO - ✅ Record T0034 saved successfully
2025-05-30 06:21:00,443 - TharuniApp - INFO - ✅ Ticket T0034 completed - counter incremented
2025-05-30 06:21:00,443 - TharuniApp - INFO - Removing T0034 from pending vehicles list
2025-05-30 06:21:00,443 - PendingVehiclesPanel - INFO - Attempting to remove ticket T0034 from pending list
2025-05-30 06:21:00,444 - PendingVehiclesPanel - WARNING - Ticket T0034 not found in pending list for removal
2025-05-30 06:21:00,444 - PendingVehiclesPanel - INFO - Refreshing pending vehicles list
2025-05-30 06:21:00,445 - DataManager - INFO - Successfully loaded 35 records from data\Tharuni_Guntur_data.csv
2025-05-30 06:21:00,446 - PendingVehiclesPanel - INFO - Retrieved 35 total records
2025-05-30 06:21:00,446 - PendingVehiclesPanel - INFO - Found 0 pending records
2025-05-30 06:21:00,446 - PendingVehiclesPanel - INFO - Successfully refreshed pending list with 0 items
2025-05-30 06:21:00,737 - TharuniApp - INFO - ✅ Complete record processing finished for T0034
2025-05-30 06:21:00,737 - DataManager - INFO - Successfully loaded 35 records from data\Tharuni_Guntur_data.csv
2025-05-30 06:21:00,738 - DataManager - INFO - Returning all 35 records (no filter)
2025-05-30 06:21:00,739 - PendingVehiclesPanel - INFO - Refreshing pending vehicles list
2025-05-30 06:21:00,739 - DataManager - INFO - Successfully loaded 35 records from data\Tharuni_Guntur_data.csv
2025-05-30 06:21:00,740 - PendingVehiclesPanel - INFO - Retrieved 35 total records
2025-05-30 06:21:00,740 - PendingVehiclesPanel - INFO - Found 0 pending records
2025-05-30 06:21:00,740 - PendingVehiclesPanel - INFO - Successfully refreshed pending list with 0 items
2025-05-30 06:21:00,740 - TharuniApp - INFO - SAVE RECORD OPERATION COMPLETED SUCCESSFULLY
2025-05-30 06:21:00,741 - TharuniApp - INFO - ==================================================
2025-05-30 06:21:35,414 - PendingVehiclesPanel - INFO - Refreshing pending vehicles list
2025-05-30 06:21:35,417 - DataManager - INFO - Successfully loaded 35 records from data\Tharuni_Guntur_data.csv
2025-05-30 06:21:35,418 - PendingVehiclesPanel - INFO - Retrieved 35 total records
2025-05-30 06:21:35,420 - PendingVehiclesPanel - INFO - Found 0 pending records
2025-05-30 06:21:35,421 - PendingVehiclesPanel - INFO - Successfully refreshed pending list with 0 items
2025-05-30 06:21:35,423 - DataManager - INFO - Created new daily folder: data\reports\30-05
2025-05-30 06:22:16,286 - DataManager - INFO - Successfully loaded 35 records from data\Tharuni_Guntur_data.csv
2025-05-30 06:22:16,288 - DataManager - INFO - Successfully loaded 35 records from data\Tharuni_Guntur_data.csv
2025-05-30 06:22:22,620 - DataManager - INFO - Successfully loaded 35 records from data\Tharuni_Guntur_data.csv
2025-05-30 06:22:22,643 - DataManager - INFO - Successfully loaded 35 records from data\Tharuni_Guntur_data.csv
2025-05-30 06:22:22,646 - DataManager - INFO - Successfully loaded 35 records from data\Tharuni_Guntur_data.csv
2025-05-30 06:22:23,172 - DataManager - INFO - Successfully loaded 35 records from data\Tharuni_Guntur_data.csv
2025-05-30 06:22:23,174 - DataManager - INFO - Successfully loaded 35 records from data\Tharuni_Guntur_data.csv
2025-05-30 06:22:24,922 - DataManager - INFO - Successfully loaded 35 records from data\Tharuni_Guntur_data.csv
2025-05-30 06:22:24,923 - DataManager - INFO - Successfully loaded 35 records from data\Tharuni_Guntur_data.csv
2025-05-30 06:22:31,632 - FormValidator - INFO - Vehicle validation passed: TS07US0707
2025-05-30 06:22:32,896 - DataManager - INFO - Successfully loaded 35 records from data\Tharuni_Guntur_data.csv
2025-05-30 06:22:32,897 - DataManager - INFO - Successfully loaded 35 records from data\Tharuni_Guntur_data.csv
2025-05-30 06:22:35,426 - PendingVehiclesPanel - INFO - Refreshing pending vehicles list
2025-05-30 06:22:35,429 - DataManager - INFO - Successfully loaded 35 records from data\Tharuni_Guntur_data.csv
2025-05-30 06:22:35,430 - PendingVehiclesPanel - INFO - Retrieved 35 total records
2025-05-30 06:22:35,431 - PendingVehiclesPanel - INFO - Found 0 pending records
2025-05-30 06:22:35,432 - PendingVehiclesPanel - INFO - Successfully refreshed pending list with 0 items
2025-05-30 06:22:35,600 - DataManager - INFO - Successfully loaded 35 records from data\Tharuni_Guntur_data.csv
2025-05-30 06:22:35,601 - DataManager - INFO - Successfully loaded 35 records from data\Tharuni_Guntur_data.csv
2025-05-30 06:22:38,196 - FormValidator - INFO - Vehicle validation passed: TS07US0707
2025-05-30 06:22:39,062 - DataManager - INFO - Successfully loaded 35 records from data\Tharuni_Guntur_data.csv
2025-05-30 06:22:39,063 - DataManager - INFO - Successfully loaded 35 records from data\Tharuni_Guntur_data.csv
2025-05-30 06:22:40,924 - TharuniApp - INFO - ==================================================
2025-05-30 06:22:40,925 - TharuniApp - INFO - SAVE RECORD OPERATION STARTED
2025-05-30 06:22:40,926 - FormValidator - INFO - Starting comprehensive form validation
2025-05-30 06:22:40,926 - FormValidator - INFO - Validating basic fields
2025-05-30 06:22:40,926 - FormValidator - INFO - Field values: ticket='T0035', vehicle='TS07US0707', agency=''
2025-05-30 06:22:40,927 - FormValidator - ERROR - Basic validation failed: Please fill in the following required fields: Agency Name
2025-05-30 06:22:42,699 - DataManager - INFO - Successfully loaded 35 records from data\Tharuni_Guntur_data.csv
2025-05-30 06:22:42,700 - DataManager - INFO - Successfully loaded 35 records from data\Tharuni_Guntur_data.csv
2025-05-30 06:22:42,703 - TharuniApp - WARNING - Form validation failed - aborting save
2025-05-30 06:22:42,704 - TharuniApp - INFO - ==================================================
2025-05-30 06:22:46,062 - DataManager - INFO - CSV structure is up to date
2025-05-30 06:22:46,063 - DataManager - INFO - Data context set to: Agency='Tharuni', Site='Guntur'
2025-05-30 06:22:46,063 - DataManager - INFO - Data file: data\Tharuni_Guntur_data.csv
2025-05-30 06:22:48,027 - TharuniApp - INFO - ==================================================
2025-05-30 06:22:48,027 - TharuniApp - INFO - SAVE RECORD OPERATION STARTED
2025-05-30 06:22:48,028 - FormValidator - INFO - Starting comprehensive form validation
2025-05-30 06:22:48,028 - FormValidator - INFO - Validating basic fields
2025-05-30 06:22:48,029 - FormValidator - INFO - Field values: ticket='T0035', vehicle='TS07US0707', agency='Tharuni'
2025-05-30 06:22:48,029 - FormValidator - INFO - Basic validation passed
2025-05-30 06:22:48,030 - FormValidator - INFO - Validating weighment data
2025-05-30 06:22:48,030 - FormValidator - INFO - Weighment data: first_weight='35890.00', first_timestamp='30-05-2025 06:22:23', second_weight='8680.00', second_timestamp='30-05-2025 06:22:34'
2025-05-30 06:22:48,031 - FormValidator - INFO - Weighment validation passed
2025-05-30 06:22:48,031 - FormValidator - INFO - Validating images for second weighment
2025-05-30 06:22:48,032 - FormValidator - INFO - Images validation for second: front=True, back=False
2025-05-30 06:22:48,033 - FormValidator - INFO - Form validation passed successfully
2025-05-30 06:22:48,035 - TharuniApp - INFO - Saving record for ticket: T0035
2025-05-30 06:22:48,036 - TharuniApp - INFO - Form data keys: ['date', 'time', 'site_name', 'agency_name', 'material', 'ticket_no', 'vehicle_no', 'transfer_party_name', 'first_weight', 'first_timestamp', 'second_weight', 'second_timestamp', 'net_weight', 'material_type', 'first_front_image', 'first_back_image', 'second_front_image', 'second_back_image', 'site_incharge', 'user_name']
2025-05-30 06:22:48,036 - TharuniApp - INFO - Record is complete: True
2025-05-30 06:22:48,037 - TharuniApp - INFO - Calling data_manager.save_record for T0035
2025-05-30 06:22:48,037 - DataManager - INFO - ==================================================
2025-05-30 06:22:48,038 - DataManager - INFO - STARTING OFFLINE-FIRST RECORD SAVE WITH JSON BACKUP
2025-05-30 06:22:48,039 - DataManager - INFO - Input data keys: ['date', 'time', 'site_name', 'agency_name', 'material', 'ticket_no', 'vehicle_no', 'transfer_party_name', 'first_weight', 'first_timestamp', 'second_weight', 'second_timestamp', 'net_weight', 'material_type', 'first_front_image', 'first_back_image', 'second_front_image', 'second_back_image', 'site_incharge', 'user_name']
2025-05-30 06:22:48,040 - DataManager - INFO - Net weight calculated: 35890.0 - 8680.0 = 27210.00
2025-05-30 06:22:48,041 - DataManager - INFO - Using data file: data\Tharuni_Guntur_data.csv
2025-05-30 06:22:48,042 - DataManager - INFO - Successfully loaded 35 records from data\Tharuni_Guntur_data.csv
2025-05-30 06:22:48,043 - DataManager - INFO - Filtered 35 records to 0 using filter: 't0035'
2025-05-30 06:22:48,043 - DataManager - INFO - Adding new record: T0035
2025-05-30 06:22:48,044 - DataManager - INFO - Adding new record to CSV
2025-05-30 06:22:48,044 - DataManager - INFO - Record data: ['30-05-2025', '06:22:48', 'Guntur', 'Tharuni', 'Inert', 'T0035', 'TS07US0707', 'Jindal', '35890.00', '30-05-2025 06:22:23', '8680.00', '30-05-2025 06:22:34', '27210.00', 'Inert', 'Guntur_TS07US0707_20250530_062231_1st_front.jpg', '', 'Guntur_TS07US0707_20250530_062238_2nd_front.jpg', '', '', 'admin']
2025-05-30 06:22:48,046 - DataManager - INFO - ✅ New record added to data\Tharuni_Guntur_data.csv
2025-05-30 06:22:48,046 - DataManager - INFO - ✅ Record T0035 saved to local CSV successfully
2025-05-30 06:22:48,047 - DataManager - INFO - Record completion status: True
2025-05-30 06:22:48,048 - DataManager - INFO - Complete record detected - saving JSON backup locally...
2025-05-30 06:22:48,048 - DataManager - INFO - Created new daily JSON folder: data\json_backups\2025-05-30
2025-05-30 06:22:48,050 - DataManager - INFO - JSON backup saved: data\json_backups\2025-05-30\T0035_Tharuni_Guntur_062248.json
2025-05-30 06:22:48,051 - DataManager - INFO - ✅ JSON backup saved locally for T0035
2025-05-30 06:22:48,052 - DataManager - INFO - Complete record detected for ticket T0035 - generating PDF locally...
2025-05-30 06:22:48,053 - DataManager - INFO - Today's reports folder ensured: data\reports\2025-05-30
2025-05-30 06:22:48,053 - DataManager - INFO - Reports will be saved to: data\reports\2025-05-30
2025-05-30 06:22:48,054 - DataManager - INFO - Today's reports folder ensured: data\reports\2025-05-30
2025-05-30 06:22:48,058 - DataManager - INFO - SIMPLE TEST - Net display: '27210.00 kg'
2025-05-30 06:22:48,094 - DataManager - INFO - Building PDF document: data\reports\2025-05-30\Tharuni_Guntur_T0035_TS07US0707_062248.pdf
2025-05-30 06:22:48,137 - DataManager - INFO - PDF created successfully: data\reports\2025-05-30\Tharuni_Guntur_T0035_TS07US0707_062248.pdf (116620 bytes)
2025-05-30 06:22:48,137 - DataManager - INFO - Auto-generated PDF: data\reports\2025-05-30\Tharuni_Guntur_T0035_TS07US0707_062248.pdf
2025-05-30 06:22:48,137 - DataManager - INFO - PDF saved to today's reports folder: data\reports\2025-05-30
2025-05-30 06:22:48,138 - DataManager - INFO - ✅ PDF auto-generated locally: data\reports\2025-05-30\Tharuni_Guntur_T0035_TS07US0707_062248.pdf
2025-05-30 06:22:49,515 - DataManager - INFO - ✅ OFFLINE-FIRST SAVE COMPLETED - Local CSV, JSON backup, and PDF generated
2025-05-30 06:22:49,515 - DataManager - INFO - 📂 PDF saved to today's reports folder: data\reports\2025-05-30
2025-05-30 06:22:49,515 - DataManager - INFO - 💡 Cloud backup available via Settings > Cloud Storage > Backup
2025-05-30 06:22:49,516 - DataManager - INFO - ==================================================
2025-05-30 06:22:49,516 - TharuniApp - INFO - ✅ Record T0035 saved successfully
2025-05-30 06:22:49,520 - TharuniApp - INFO - ✅ Ticket T0035 completed - counter incremented
2025-05-30 06:22:49,520 - TharuniApp - INFO - Removing T0035 from pending vehicles list
2025-05-30 06:22:49,520 - PendingVehiclesPanel - INFO - Attempting to remove ticket T0035 from pending list
2025-05-30 06:22:49,521 - PendingVehiclesPanel - WARNING - Ticket T0035 not found in pending list for removal
2025-05-30 06:22:49,521 - PendingVehiclesPanel - INFO - Refreshing pending vehicles list
2025-05-30 06:22:49,537 - DataManager - INFO - Successfully loaded 36 records from data\Tharuni_Guntur_data.csv
2025-05-30 06:22:49,537 - PendingVehiclesPanel - INFO - Retrieved 36 total records
2025-05-30 06:22:49,538 - PendingVehiclesPanel - INFO - Found 0 pending records
2025-05-30 06:22:49,538 - PendingVehiclesPanel - INFO - Successfully refreshed pending list with 0 items
2025-05-30 06:22:49,815 - TharuniApp - INFO - ✅ Complete record processing finished for T0035
2025-05-30 06:22:49,816 - DataManager - INFO - Successfully loaded 36 records from data\Tharuni_Guntur_data.csv
2025-05-30 06:22:49,817 - DataManager - INFO - Returning all 36 records (no filter)
2025-05-30 06:22:49,818 - PendingVehiclesPanel - INFO - Refreshing pending vehicles list
2025-05-30 06:22:49,818 - DataManager - INFO - Successfully loaded 36 records from data\Tharuni_Guntur_data.csv
2025-05-30 06:22:49,819 - PendingVehiclesPanel - INFO - Retrieved 36 total records
2025-05-30 06:22:49,819 - PendingVehiclesPanel - INFO - Found 0 pending records
2025-05-30 06:22:49,819 - PendingVehiclesPanel - INFO - Successfully refreshed pending list with 0 items
2025-05-30 06:22:49,819 - TharuniApp - INFO - SAVE RECORD OPERATION COMPLETED SUCCESSFULLY
2025-05-30 06:22:49,820 - TharuniApp - INFO - ==================================================
2025-05-30 06:23:35,434 - PendingVehiclesPanel - INFO - Refreshing pending vehicles list
2025-05-30 06:23:35,435 - DataManager - INFO - Successfully loaded 36 records from data\Tharuni_Guntur_data.csv
2025-05-30 06:23:35,435 - PendingVehiclesPanel - INFO - Retrieved 36 total records
2025-05-30 06:23:35,436 - PendingVehiclesPanel - INFO - Found 0 pending records
2025-05-30 06:23:35,436 - PendingVehiclesPanel - INFO - Successfully refreshed pending list with 0 items
2025-05-30 06:23:35,437 - DataManager - INFO - Created new daily folder: data\reports\30-05
2025-05-30 06:24:35,441 - PendingVehiclesPanel - INFO - Refreshing pending vehicles list
2025-05-30 06:24:35,444 - DataManager - INFO - Successfully loaded 36 records from data\Tharuni_Guntur_data.csv
2025-05-30 06:24:35,445 - PendingVehiclesPanel - INFO - Retrieved 36 total records
2025-05-30 06:24:35,446 - PendingVehiclesPanel - INFO - Found 0 pending records
2025-05-30 06:24:35,448 - PendingVehiclesPanel - INFO - Successfully refreshed pending list with 0 items
2025-05-30 06:25:35,457 - PendingVehiclesPanel - INFO - Refreshing pending vehicles list
2025-05-30 06:25:35,460 - DataManager - INFO - Successfully loaded 36 records from data\Tharuni_Guntur_data.csv
2025-05-30 06:25:35,461 - PendingVehiclesPanel - INFO - Retrieved 36 total records
2025-05-30 06:25:35,462 - PendingVehiclesPanel - INFO - Found 0 pending records
2025-05-30 06:25:35,464 - PendingVehiclesPanel - INFO - Successfully refreshed pending list with 0 items
2025-05-30 06:26:35,470 - PendingVehiclesPanel - INFO - Refreshing pending vehicles list
2025-05-30 06:26:35,473 - DataManager - INFO - Successfully loaded 36 records from data\Tharuni_Guntur_data.csv
2025-05-30 06:26:35,474 - PendingVehiclesPanel - INFO - Retrieved 36 total records
2025-05-30 06:26:35,475 - PendingVehiclesPanel - INFO - Found 0 pending records
2025-05-30 06:26:35,476 - PendingVehiclesPanel - INFO - Successfully refreshed pending list with 0 items
2025-05-30 06:27:35,481 - PendingVehiclesPanel - INFO - Refreshing pending vehicles list
2025-05-30 06:27:35,483 - DataManager - INFO - Successfully loaded 36 records from data\Tharuni_Guntur_data.csv
2025-05-30 06:27:35,484 - PendingVehiclesPanel - INFO - Retrieved 36 total records
2025-05-30 06:27:35,484 - PendingVehiclesPanel - INFO - Found 0 pending records
2025-05-30 06:27:35,485 - PendingVehiclesPanel - INFO - Successfully refreshed pending list with 0 items
2025-05-30 06:27:54,227 - DataManager - INFO - Successfully loaded 36 records from data\Tharuni_Guntur_data.csv
2025-05-30 06:27:54,232 - DataManager - INFO - Successfully loaded 36 records from data\Tharuni_Guntur_data.csv
2025-05-30 06:27:54,233 - DataManager - INFO - Successfully loaded 36 records from data\Tharuni_Guntur_data.csv
2025-05-30 06:27:54,878 - DataManager - INFO - Successfully loaded 36 records from data\Tharuni_Guntur_data.csv
2025-05-30 06:27:55,408 - DataManager - INFO - Successfully loaded 36 records from data\Tharuni_Guntur_data.csv
2025-05-30 06:27:55,410 - DataManager - INFO - Successfully loaded 36 records from data\Tharuni_Guntur_data.csv
2025-05-30 06:27:58,357 - DataManager - INFO - CSV structure is up to date
2025-05-30 06:27:58,358 - DataManager - INFO - Data context set to: Agency='Tharuni', Site='Guntur'
2025-05-30 06:27:58,358 - DataManager - INFO - Data file: data\Tharuni_Guntur_data.csv
2025-05-30 06:28:04,064 - FormValidator - INFO - Vehicle validation passed: TS05X0555
2025-05-30 06:28:10,927 - FormValidator - INFO - Vehicle validation passed: TS05X0555
2025-05-30 06:28:18,734 - TharuniApp - INFO - ==================================================
2025-05-30 06:28:18,735 - TharuniApp - INFO - SAVE RECORD OPERATION STARTED
2025-05-30 06:28:18,735 - FormValidator - INFO - Starting comprehensive form validation
2025-05-30 06:28:18,736 - FormValidator - INFO - Validating basic fields
2025-05-30 06:28:18,736 - FormValidator - INFO - Field values: ticket='T0036', vehicle='TS05X0555', agency='Tharuni'
2025-05-30 06:28:18,737 - FormValidator - INFO - Basic validation passed
2025-05-30 06:28:18,737 - FormValidator - INFO - Validating weighment data
2025-05-30 06:28:18,738 - FormValidator - INFO - Weighment data: first_weight='23250.00', first_timestamp='30-05-2025 06:27:58', second_weight='14500.00', second_timestamp='30-05-2025 06:28:06'
2025-05-30 06:28:18,738 - FormValidator - INFO - Weighment validation passed
2025-05-30 06:28:18,739 - FormValidator - INFO - Validating images for second weighment
2025-05-30 06:28:18,739 - FormValidator - INFO - Images validation for second: front=True, back=False
2025-05-30 06:28:18,740 - FormValidator - INFO - Form validation passed successfully
2025-05-30 06:28:18,742 - TharuniApp - INFO - Saving record for ticket: T0036
2025-05-30 06:28:18,743 - TharuniApp - INFO - Form data keys: ['date', 'time', 'site_name', 'agency_name', 'material', 'ticket_no', 'vehicle_no', 'transfer_party_name', 'first_weight', 'first_timestamp', 'second_weight', 'second_timestamp', 'net_weight', 'material_type', 'first_front_image', 'first_back_image', 'second_front_image', 'second_back_image', 'site_incharge', 'user_name']
2025-05-30 06:28:18,744 - TharuniApp - INFO - Record is complete: True
2025-05-30 06:28:18,744 - TharuniApp - INFO - Calling data_manager.save_record for T0036
2025-05-30 06:28:18,744 - DataManager - INFO - ==================================================
2025-05-30 06:28:18,745 - DataManager - INFO - STARTING OFFLINE-FIRST RECORD SAVE WITH JSON BACKUP
2025-05-30 06:28:18,745 - DataManager - INFO - Input data keys: ['date', 'time', 'site_name', 'agency_name', 'material', 'ticket_no', 'vehicle_no', 'transfer_party_name', 'first_weight', 'first_timestamp', 'second_weight', 'second_timestamp', 'net_weight', 'material_type', 'first_front_image', 'first_back_image', 'second_front_image', 'second_back_image', 'site_incharge', 'user_name']
2025-05-30 06:28:18,746 - DataManager - INFO - Net weight calculated: 23250.0 - 14500.0 = 8750.00
2025-05-30 06:28:18,747 - DataManager - INFO - Using data file: data\Tharuni_Guntur_data.csv
2025-05-30 06:28:18,748 - DataManager - INFO - Successfully loaded 36 records from data\Tharuni_Guntur_data.csv
2025-05-30 06:28:18,748 - DataManager - INFO - Filtered 36 records to 0 using filter: 't0036'
2025-05-30 06:28:18,749 - DataManager - INFO - Adding new record: T0036
2025-05-30 06:28:18,749 - DataManager - INFO - Adding new record to CSV
2025-05-30 06:28:18,749 - DataManager - INFO - Record data: ['30-05-2025', '06:28:18', 'Guntur', 'Tharuni', 'Inert', 'T0036', 'TS05X0555', 'Jindal', '23250.00', '30-05-2025 06:27:58', '14500.00', '30-05-2025 06:28:06', '8750.00', 'Inert', 'Guntur_TS05X0555_20250530_062804_1st_front.jpg', '', 'Guntur_TS05X0555_20250530_062810_2nd_front.jpg', '', '', 'admin']
2025-05-30 06:28:18,751 - DataManager - INFO - ✅ New record added to data\Tharuni_Guntur_data.csv
2025-05-30 06:28:18,751 - DataManager - INFO - ✅ Record T0036 saved to local CSV successfully
2025-05-30 06:28:18,751 - DataManager - INFO - Record completion status: True
2025-05-30 06:28:18,752 - DataManager - INFO - Complete record detected - saving JSON backup locally...
2025-05-30 06:28:18,752 - DataManager - INFO - Created new daily JSON folder: data\json_backups\2025-05-30
2025-05-30 06:28:18,756 - DataManager - INFO - JSON backup saved: data\json_backups\2025-05-30\T0036_Tharuni_Guntur_062818.json
2025-05-30 06:28:18,756 - DataManager - INFO - ✅ JSON backup saved locally for T0036
2025-05-30 06:28:18,756 - DataManager - INFO - Complete record detected for ticket T0036 - generating PDF locally...
2025-05-30 06:28:18,758 - DataManager - INFO - Today's reports folder ensured: data\reports\2025-05-30
2025-05-30 06:28:18,759 - DataManager - INFO - Reports will be saved to: data\reports\2025-05-30
2025-05-30 06:28:18,760 - DataManager - INFO - Today's reports folder ensured: data\reports\2025-05-30
2025-05-30 06:28:18,762 - DataManager - INFO - SIMPLE TEST - Net display: '8750.00 kg'
2025-05-30 06:28:18,792 - DataManager - INFO - Building PDF document: data\reports\2025-05-30\Tharuni_Guntur_T0036_TS05X0555_062818.pdf
2025-05-30 06:28:18,836 - DataManager - INFO - PDF created successfully: data\reports\2025-05-30\Tharuni_Guntur_T0036_TS05X0555_062818.pdf (117221 bytes)
2025-05-30 06:28:18,836 - DataManager - INFO - Auto-generated PDF: data\reports\2025-05-30\Tharuni_Guntur_T0036_TS05X0555_062818.pdf
2025-05-30 06:28:18,836 - DataManager - INFO - PDF saved to today's reports folder: data\reports\2025-05-30
2025-05-30 06:28:18,837 - DataManager - INFO - ✅ PDF auto-generated locally: data\reports\2025-05-30\Tharuni_Guntur_T0036_TS05X0555_062818.pdf
2025-05-30 06:28:20,004 - DataManager - INFO - ✅ OFFLINE-FIRST SAVE COMPLETED - Local CSV, JSON backup, and PDF generated
2025-05-30 06:28:20,005 - DataManager - INFO - 📂 PDF saved to today's reports folder: data\reports\2025-05-30
2025-05-30 06:28:20,005 - DataManager - INFO - 💡 Cloud backup available via Settings > Cloud Storage > Backup
2025-05-30 06:28:20,005 - DataManager - INFO - ==================================================
2025-05-30 06:28:20,005 - TharuniApp - INFO - ✅ Record T0036 saved successfully
2025-05-30 06:28:20,011 - TharuniApp - INFO - ✅ Ticket T0036 completed - counter incremented
2025-05-30 06:28:20,011 - TharuniApp - INFO - Removing T0036 from pending vehicles list
2025-05-30 06:28:20,012 - PendingVehiclesPanel - INFO - Attempting to remove ticket T0036 from pending list
2025-05-30 06:28:20,013 - PendingVehiclesPanel - WARNING - Ticket T0036 not found in pending list for removal
2025-05-30 06:28:20,013 - PendingVehiclesPanel - INFO - Refreshing pending vehicles list
2025-05-30 06:28:20,029 - DataManager - INFO - Successfully loaded 37 records from data\Tharuni_Guntur_data.csv
2025-05-30 06:28:20,030 - PendingVehiclesPanel - INFO - Retrieved 37 total records
2025-05-30 06:28:20,030 - PendingVehiclesPanel - INFO - Found 0 pending records
2025-05-30 06:28:20,031 - PendingVehiclesPanel - INFO - Successfully refreshed pending list with 0 items
2025-05-30 06:28:20,317 - TharuniApp - INFO - ✅ Complete record processing finished for T0036
2025-05-30 06:28:20,318 - DataManager - INFO - Successfully loaded 37 records from data\Tharuni_Guntur_data.csv
2025-05-30 06:28:20,318 - DataManager - INFO - Returning all 37 records (no filter)
2025-05-30 06:28:20,319 - PendingVehiclesPanel - INFO - Refreshing pending vehicles list
2025-05-30 06:28:20,320 - DataManager - INFO - Successfully loaded 37 records from data\Tharuni_Guntur_data.csv
2025-05-30 06:28:20,320 - PendingVehiclesPanel - INFO - Retrieved 37 total records
2025-05-30 06:28:20,320 - PendingVehiclesPanel - INFO - Found 0 pending records
2025-05-30 06:28:20,320 - PendingVehiclesPanel - INFO - Successfully refreshed pending list with 0 items
2025-05-30 06:28:20,321 - TharuniApp - INFO - SAVE RECORD OPERATION COMPLETED SUCCESSFULLY
2025-05-30 06:28:20,321 - TharuniApp - INFO - ==================================================
2025-05-30 06:28:35,491 - PendingVehiclesPanel - INFO - Refreshing pending vehicles list
2025-05-30 06:28:35,494 - DataManager - INFO - Successfully loaded 37 records from data\Tharuni_Guntur_data.csv
2025-05-30 06:28:35,495 - PendingVehiclesPanel - INFO - Retrieved 37 total records
2025-05-30 06:28:35,496 - PendingVehiclesPanel - INFO - Found 0 pending records
2025-05-30 06:28:35,497 - PendingVehiclesPanel - INFO - Successfully refreshed pending list with 0 items
2025-05-30 06:28:35,500 - DataManager - INFO - Created new daily folder: data\reports\30-05
2025-05-30 06:29:31,416 - TharuniApp - INFO - ============================================================
2025-05-30 06:29:31,417 - TharuniApp - INFO - APPLICATION STARTUP
2025-05-30 06:29:31,417 - TharuniApp - INFO - ============================================================
2025-05-30 06:29:31,420 - TharuniApp - INFO - Configuration setup completed
2025-05-30 06:29:31,421 - DataManager - INFO - DataManager initialized with OFFLINE-FIRST approach + JSON local storage
2025-05-30 06:29:31,421 - DataManager - INFO - CSV structure is up to date
2025-05-30 06:29:31,422 - DataManager - INFO - Daily PDF folder structure ready:
2025-05-30 06:29:31,422 - DataManager - INFO -   Base reports folder: data\reports
2025-05-30 06:29:31,423 - DataManager - INFO -   Today's folder: data\reports\2025-05-30
2025-05-30 06:29:31,423 - DataManager - INFO - Data file: data\weighbridge_data.csv
2025-05-30 06:29:31,423 - DataManager - INFO - Reports folder: data\reports
2025-05-30 06:29:31,423 - DataManager - INFO - JSON backup folder: data\json_backups
2025-05-30 06:29:31,424 - DataManager - INFO - PDF folder: data\reports\2025-05-30
2025-05-30 06:29:31,424 - DataManager - INFO - Cloud storage will only be initialized when backup is requested
2025-05-30 06:29:31,424 - TharuniApp - INFO - Data manager initialized
2025-05-30 06:29:31,427 - TharuniApp - INFO - Settings storage initialized
2025-05-30 06:29:31,430 - TharuniApp - INFO - UI styles initialized
2025-05-30 06:29:31,430 - TharuniApp - INFO - Starting user authentication
2025-05-30 06:29:35,331 - TharuniApp - INFO - Authentication successful: admin
2025-05-30 06:29:35,331 - TharuniApp - INFO - User logged in: admin (Role: admin)
2025-05-30 06:29:35,332 - TharuniApp - INFO - Setting up data context
2025-05-30 06:29:35,332 - DataManager - INFO - CSV structure is up to date
2025-05-30 06:29:35,333 - DataManager - INFO - Data context set to: Agency='Tharuni', Site='Guntur'
2025-05-30 06:29:35,333 - DataManager - INFO - Data file: data\Tharuni_Guntur_data.csv
2025-05-30 06:29:35,333 - TharuniApp - INFO - Data context initialized: Agency='Tharuni', Site='Guntur'
2025-05-30 06:29:35,333 - TharuniApp - INFO - Data will be saved to: data\Tharuni_Guntur_data.csv
2025-05-30 06:29:35,334 - TharuniApp - INFO - PDFs will be saved to: data\reports\2025-05-30
2025-05-30 06:29:35,334 - TharuniApp - INFO - Creating application widgets
2025-05-30 06:29:35,387 - TharuniApp - INFO - Creating main panel
2025-05-30 06:29:35,404 - FormValidator - INFO - FormValidator initialized
2025-05-30 06:29:35,420 - DataManager - INFO - Successfully loaded 37 records from data\Tharuni_Guntur_data.csv
2025-05-30 06:29:36,459 - DataManager - INFO - Successfully loaded 37 records from data\Tharuni_Guntur_data.csv
2025-05-30 06:29:36,460 - TharuniApp - INFO - Main form created
2025-05-30 06:29:36,461 - DataManager - INFO - CSV structure is up to date
2025-05-30 06:29:36,461 - DataManager - INFO - Data context set to: Agency='Tharuni', Site='Guntur'
2025-05-30 06:29:36,462 - DataManager - INFO - Data file: data\Tharuni_Guntur_data.csv
2025-05-30 06:29:36,462 - DataManager - INFO - CSV structure is up to date
2025-05-30 06:29:36,463 - DataManager - INFO - Data context set to: Agency='Tharuni', Site='Guntur'
2025-05-30 06:29:36,463 - DataManager - INFO - Data file: data\Tharuni_Guntur_data.csv
2025-05-30 06:29:36,463 - DataManager - INFO - CSV structure is up to date
2025-05-30 06:29:36,464 - DataManager - INFO - Data context set to: Agency='Tharuni', Site='Guntur'
2025-05-30 06:29:36,464 - DataManager - INFO - Data file: data\Tharuni_Guntur_data.csv
2025-05-30 06:29:36,464 - PendingVehiclesPanel - INFO - PendingVehiclesPanel initialized
2025-05-30 06:29:36,468 - PendingVehiclesPanel - INFO - Refreshing pending vehicles list
2025-05-30 06:29:36,469 - DataManager - INFO - Successfully loaded 37 records from data\Tharuni_Guntur_data.csv
2025-05-30 06:29:36,469 - PendingVehiclesPanel - INFO - Retrieved 37 total records
2025-05-30 06:29:36,469 - PendingVehiclesPanel - INFO - Found 0 pending records
2025-05-30 06:29:36,470 - PendingVehiclesPanel - INFO - Successfully refreshed pending list with 0 items
2025-05-30 06:29:36,470 - TharuniApp - INFO - Pending vehicles panel created
2025-05-30 06:29:36,695 - TharuniApp - INFO - Main panel creation completed
2025-05-30 06:29:36,702 - TharuniApp - INFO - Summary panel created
2025-05-30 06:29:36,878 - TharuniApp - INFO - ✅ Data manager reference set in settings panel
2025-05-30 06:29:36,878 - TharuniApp - INFO - Widget creation completed successfully
2025-05-30 06:29:36,879 - PendingVehiclesPanel - INFO - Refreshing pending vehicles list
2025-05-30 06:29:36,879 - DataManager - INFO - Successfully loaded 37 records from data\Tharuni_Guntur_data.csv
2025-05-30 06:29:36,880 - PendingVehiclesPanel - INFO - Retrieved 37 total records
2025-05-30 06:29:36,880 - PendingVehiclesPanel - INFO - Found 0 pending records
2025-05-30 06:29:36,880 - PendingVehiclesPanel - INFO - Successfully refreshed pending list with 0 items
2025-05-30 06:29:36,881 - DataManager - INFO - Created new daily folder: data\reports\30-05
2025-05-30 06:29:36,881 - TharuniApp - INFO - Application initialization completed successfully
2025-05-30 06:29:37,880 - TharuniApp - INFO - Ensuring settings persistence...
2025-05-30 06:29:37,884 - TharuniApp - INFO - Settings persistence check completed
2025-05-30 06:29:39,079 - DataManager - INFO - Successfully loaded 37 records from data\Tharuni_Guntur_data.csv
2025-05-30 06:29:39,110 - DataManager - INFO - Successfully loaded 37 records from data\Tharuni_Guntur_data.csv
2025-05-30 06:29:39,112 - DataManager - INFO - Successfully loaded 37 records from data\Tharuni_Guntur_data.csv
2025-05-30 06:29:39,973 - DataManager - INFO - Successfully loaded 37 records from data\Tharuni_Guntur_data.csv
2025-05-30 06:29:39,974 - DataManager - INFO - Successfully loaded 37 records from data\Tharuni_Guntur_data.csv
2025-05-30 06:29:42,070 - DataManager - INFO - Successfully loaded 37 records from data\Tharuni_Guntur_data.csv
2025-05-30 06:29:42,070 - DataManager - INFO - Successfully loaded 37 records from data\Tharuni_Guntur_data.csv
2025-05-30 06:29:46,343 - DataManager - INFO - Successfully loaded 37 records from data\Tharuni_Guntur_data.csv
2025-05-30 06:29:46,344 - DataManager - INFO - Successfully loaded 37 records from data\Tharuni_Guntur_data.csv
2025-05-30 06:29:49,250 - FormValidator - INFO - Vehicle validation passed: AP39V6553
2025-05-30 06:29:50,405 - DataManager - INFO - Successfully loaded 37 records from data\Tharuni_Guntur_data.csv
2025-05-30 06:29:50,406 - DataManager - INFO - Successfully loaded 37 records from data\Tharuni_Guntur_data.csv
2025-05-30 06:29:52,880 - TharuniApp - INFO - ==================================================
2025-05-30 06:29:52,881 - TharuniApp - INFO - SAVE RECORD OPERATION STARTED
2025-05-30 06:29:52,881 - FormValidator - INFO - Starting comprehensive form validation
2025-05-30 06:29:52,882 - FormValidator - INFO - Validating basic fields
2025-05-30 06:29:52,882 - FormValidator - INFO - Field values: ticket='T0037', vehicle='AP39V6553', agency='Tharuni'
2025-05-30 06:29:52,883 - FormValidator - INFO - Basic validation passed
2025-05-30 06:29:52,883 - FormValidator - INFO - Validating weighment data
2025-05-30 06:29:52,884 - FormValidator - INFO - Weighment data: first_weight='37980.00', first_timestamp='30-05-2025 06:29:41', second_weight='14250.00', second_timestamp='30-05-2025 06:29:45'
2025-05-30 06:29:52,884 - FormValidator - INFO - Weighment validation passed
2025-05-30 06:29:52,885 - FormValidator - INFO - Validating images for second weighment
2025-05-30 06:29:52,885 - FormValidator - INFO - Images validation for second: front=True, back=False
2025-05-30 06:29:52,886 - FormValidator - INFO - Form validation passed successfully
2025-05-30 06:29:52,888 - TharuniApp - INFO - Saving record for ticket: T0037
2025-05-30 06:29:52,889 - TharuniApp - INFO - Form data keys: ['date', 'time', 'site_name', 'agency_name', 'material', 'ticket_no', 'vehicle_no', 'transfer_party_name', 'first_weight', 'first_timestamp', 'second_weight', 'second_timestamp', 'net_weight', 'material_type', 'first_front_image', 'first_back_image', 'second_front_image', 'second_back_image', 'site_incharge', 'user_name']
2025-05-30 06:29:52,890 - TharuniApp - INFO - Record is complete: True
2025-05-30 06:29:52,890 - TharuniApp - INFO - Calling data_manager.save_record for T0037
2025-05-30 06:29:52,891 - DataManager - INFO - ==================================================
2025-05-30 06:29:52,892 - DataManager - INFO - STARTING OFFLINE-FIRST RECORD SAVE WITH JSON BACKUP
2025-05-30 06:29:52,893 - DataManager - INFO - Input data keys: ['date', 'time', 'site_name', 'agency_name', 'material', 'ticket_no', 'vehicle_no', 'transfer_party_name', 'first_weight', 'first_timestamp', 'second_weight', 'second_timestamp', 'net_weight', 'material_type', 'first_front_image', 'first_back_image', 'second_front_image', 'second_back_image', 'site_incharge', 'user_name']
2025-05-30 06:29:52,894 - DataManager - INFO - Net weight calculated: 37980.0 - 14250.0 = 23730.00
2025-05-30 06:29:52,895 - DataManager - INFO - Using data file: data\Tharuni_Guntur_data.csv
2025-05-30 06:29:52,896 - DataManager - INFO - Successfully loaded 37 records from data\Tharuni_Guntur_data.csv
2025-05-30 06:29:52,897 - DataManager - INFO - Filtered 37 records to 0 using filter: 't0037'
2025-05-30 06:29:52,898 - DataManager - INFO - Adding new record: T0037
2025-05-30 06:29:52,898 - DataManager - INFO - Adding new record to CSV
2025-05-30 06:29:52,899 - DataManager - INFO - Record data: ['30-05-2025', '06:29:52', 'Guntur', 'Tharuni', 'Inert', 'T0037', 'AP39V6553', 'Jindal', '37980.00', '30-05-2025 06:29:41', '14250.00', '30-05-2025 06:29:45', '23730.00', 'Inert', '', '', 'Guntur_AP39V6553_20250530_062949_2nd_front.jpg', '', '', 'admin']
2025-05-30 06:29:52,900 - DataManager - INFO - ✅ New record added to data\Tharuni_Guntur_data.csv
2025-05-30 06:29:52,901 - DataManager - INFO - ✅ Record T0037 saved to local CSV successfully
2025-05-30 06:29:52,902 - DataManager - INFO - Record completion status: True
2025-05-30 06:29:52,902 - DataManager - INFO - Complete record detected - saving JSON backup locally...
2025-05-30 06:29:52,903 - DataManager - INFO - Created new daily JSON folder: data\json_backups\2025-05-30
2025-05-30 06:29:52,904 - DataManager - INFO - JSON backup saved: data\json_backups\2025-05-30\T0037_Tharuni_Guntur_062952.json
2025-05-30 06:29:52,906 - DataManager - INFO - ✅ JSON backup saved locally for T0037
2025-05-30 06:29:52,906 - DataManager - INFO - Complete record detected for ticket T0037 - generating PDF locally...
2025-05-30 06:29:52,907 - DataManager - INFO - Today's reports folder ensured: data\reports\2025-05-30
2025-05-30 06:29:52,907 - DataManager - INFO - Reports will be saved to: data\reports\2025-05-30
2025-05-30 06:29:52,909 - DataManager - INFO - Today's reports folder ensured: data\reports\2025-05-30
2025-05-30 06:29:52,912 - DataManager - INFO - SIMPLE TEST - Net display: '23730.00 kg'
2025-05-30 06:29:52,941 - DataManager - INFO - Building PDF document: data\reports\2025-05-30\Tharuni_Guntur_T0037_AP39V6553_062952.pdf
2025-05-30 06:29:52,967 - DataManager - INFO - PDF created successfully: data\reports\2025-05-30\Tharuni_Guntur_T0037_AP39V6553_062952.pdf (56712 bytes)
2025-05-30 06:29:52,968 - DataManager - INFO - Auto-generated PDF: data\reports\2025-05-30\Tharuni_Guntur_T0037_AP39V6553_062952.pdf
2025-05-30 06:29:52,968 - DataManager - INFO - PDF saved to today's reports folder: data\reports\2025-05-30
2025-05-30 06:29:52,968 - DataManager - INFO - ✅ PDF auto-generated locally: data\reports\2025-05-30\Tharuni_Guntur_T0037_AP39V6553_062952.pdf
2025-05-30 06:29:59,348 - DataManager - INFO - Successfully loaded 38 records from data\Tharuni_Guntur_data.csv
2025-05-30 06:29:59,349 - DataManager - INFO - Successfully loaded 38 records from data\Tharuni_Guntur_data.csv
2025-05-30 06:29:59,357 - DataManager - INFO - ✅ OFFLINE-FIRST SAVE COMPLETED - Local CSV, JSON backup, and PDF generated
2025-05-30 06:29:59,358 - DataManager - INFO - 📂 PDF saved to today's reports folder: data\reports\2025-05-30
2025-05-30 06:29:59,358 - DataManager - INFO - 💡 Cloud backup available via Settings > Cloud Storage > Backup
2025-05-30 06:29:59,359 - DataManager - INFO - ==================================================
2025-05-30 06:29:59,360 - TharuniApp - INFO - ✅ Record T0037 saved successfully
2025-05-30 06:29:59,365 - TharuniApp - INFO - ✅ Ticket T0037 completed - counter incremented
2025-05-30 06:29:59,365 - TharuniApp - INFO - Removing T0037 from pending vehicles list
2025-05-30 06:29:59,366 - PendingVehiclesPanel - INFO - Attempting to remove ticket T0037 from pending list
2025-05-30 06:29:59,366 - PendingVehiclesPanel - WARNING - Ticket T0037 not found in pending list for removal
2025-05-30 06:29:59,366 - PendingVehiclesPanel - INFO - Refreshing pending vehicles list
2025-05-30 06:29:59,367 - DataManager - INFO - Successfully loaded 38 records from data\Tharuni_Guntur_data.csv
2025-05-30 06:29:59,367 - PendingVehiclesPanel - INFO - Retrieved 38 total records
2025-05-30 06:29:59,368 - PendingVehiclesPanel - INFO - Found 0 pending records
2025-05-30 06:29:59,368 - PendingVehiclesPanel - INFO - Successfully refreshed pending list with 0 items
2025-05-30 06:29:59,656 - TharuniApp - INFO - ✅ Complete record processing finished for T0037
2025-05-30 06:29:59,657 - DataManager - INFO - Successfully loaded 38 records from data\Tharuni_Guntur_data.csv
2025-05-30 06:29:59,657 - DataManager - INFO - Returning all 38 records (no filter)
2025-05-30 06:29:59,658 - PendingVehiclesPanel - INFO - Refreshing pending vehicles list
2025-05-30 06:29:59,659 - DataManager - INFO - Successfully loaded 38 records from data\Tharuni_Guntur_data.csv
2025-05-30 06:29:59,659 - PendingVehiclesPanel - INFO - Retrieved 38 total records
2025-05-30 06:29:59,660 - PendingVehiclesPanel - INFO - Found 0 pending records
2025-05-30 06:29:59,660 - PendingVehiclesPanel - INFO - Successfully refreshed pending list with 0 items
2025-05-30 06:29:59,660 - TharuniApp - INFO - SAVE RECORD OPERATION COMPLETED SUCCESSFULLY
2025-05-30 06:29:59,660 - TharuniApp - INFO - ==================================================
2025-05-30 06:30:36,887 - PendingVehiclesPanel - INFO - Refreshing pending vehicles list
2025-05-30 06:30:36,891 - DataManager - INFO - Successfully loaded 38 records from data\Tharuni_Guntur_data.csv
2025-05-30 06:30:36,891 - PendingVehiclesPanel - INFO - Retrieved 38 total records
2025-05-30 06:30:36,892 - PendingVehiclesPanel - INFO - Found 0 pending records
2025-05-30 06:30:36,892 - PendingVehiclesPanel - INFO - Successfully refreshed pending list with 0 items
2025-05-30 06:30:36,892 - DataManager - INFO - Created new daily folder: data\reports\30-05
2025-05-30 06:31:36,901 - PendingVehiclesPanel - INFO - Refreshing pending vehicles list
2025-05-30 06:31:36,904 - DataManager - INFO - Successfully loaded 38 records from data\Tharuni_Guntur_data.csv
2025-05-30 06:31:36,904 - PendingVehiclesPanel - INFO - Retrieved 38 total records
2025-05-30 06:31:36,904 - PendingVehiclesPanel - INFO - Found 0 pending records
2025-05-30 06:31:36,905 - PendingVehiclesPanel - INFO - Successfully refreshed pending list with 0 items
2025-05-30 06:32:36,907 - PendingVehiclesPanel - INFO - Refreshing pending vehicles list
2025-05-30 06:32:36,908 - DataManager - INFO - Successfully loaded 38 records from data\Tharuni_Guntur_data.csv
2025-05-30 06:32:36,909 - PendingVehiclesPanel - INFO - Retrieved 38 total records
2025-05-30 06:32:36,909 - PendingVehiclesPanel - INFO - Found 0 pending records
2025-05-30 06:32:36,909 - PendingVehiclesPanel - INFO - Successfully refreshed pending list with 0 items
2025-05-30 06:33:39,555 - TharuniApp - INFO - ============================================================
2025-05-30 06:33:39,555 - TharuniApp - INFO - APPLICATION STARTUP
2025-05-30 06:33:39,556 - TharuniApp - INFO - ============================================================
2025-05-30 06:33:39,559 - TharuniApp - INFO - Configuration setup completed
2025-05-30 06:33:39,560 - DataManager - INFO - DataManager initialized with OFFLINE-FIRST approach + JSON local storage
2025-05-30 06:33:39,560 - DataManager - INFO - CSV structure is up to date
2025-05-30 06:33:39,561 - DataManager - INFO - Daily PDF folder structure ready:
2025-05-30 06:33:39,561 - DataManager - INFO -   Base reports folder: data\reports
2025-05-30 06:33:39,561 - DataManager - INFO -   Today's folder: data\reports\2025-05-30
2025-05-30 06:33:39,562 - DataManager - INFO - Data file: data\weighbridge_data.csv
2025-05-30 06:33:39,562 - DataManager - INFO - Reports folder: data\reports
2025-05-30 06:33:39,563 - DataManager - INFO - JSON backup folder: data\json_backups
2025-05-30 06:33:39,563 - DataManager - INFO - PDF folder: data\reports\2025-05-30
2025-05-30 06:33:39,563 - DataManager - INFO - Cloud storage will only be initialized when backup is requested
2025-05-30 06:33:39,563 - TharuniApp - INFO - Data manager initialized
2025-05-30 06:33:39,566 - TharuniApp - INFO - Settings storage initialized
2025-05-30 06:33:39,569 - TharuniApp - INFO - UI styles initialized
2025-05-30 06:33:39,569 - TharuniApp - INFO - Starting user authentication
2025-05-30 06:33:45,371 - TharuniApp - INFO - Authentication successful: admin
2025-05-30 06:33:45,372 - TharuniApp - INFO - User logged in: admin (Role: admin)
2025-05-30 06:33:45,372 - TharuniApp - INFO - Setting up data context
2025-05-30 06:33:45,373 - DataManager - INFO - CSV structure is up to date
2025-05-30 06:33:45,373 - DataManager - INFO - Data context set to: Agency='Tharuni', Site='Guntur'
2025-05-30 06:33:45,373 - DataManager - INFO - Data file: data\Tharuni_Guntur_data.csv
2025-05-30 06:33:45,373 - TharuniApp - INFO - Data context initialized: Agency='Tharuni', Site='Guntur'
2025-05-30 06:33:45,374 - TharuniApp - INFO - Data will be saved to: data\Tharuni_Guntur_data.csv
2025-05-30 06:33:45,374 - TharuniApp - INFO - PDFs will be saved to: data\reports\2025-05-30
2025-05-30 06:33:45,374 - TharuniApp - INFO - Creating application widgets
2025-05-30 06:33:45,390 - TharuniApp - INFO - Creating main panel
2025-05-30 06:33:45,398 - FormValidator - INFO - FormValidator initialized
2025-05-30 06:33:45,405 - DataManager - INFO - Successfully loaded 38 records from data\Tharuni_Guntur_data.csv
2025-05-30 06:33:46,526 - DataManager - INFO - Successfully loaded 38 records from data\Tharuni_Guntur_data.csv
2025-05-30 06:33:46,526 - TharuniApp - INFO - Main form created
2025-05-30 06:33:46,542 - DataManager - INFO - CSV structure is up to date
2025-05-30 06:33:46,542 - DataManager - INFO - Data context set to: Agency='Tharuni', Site='Guntur'
2025-05-30 06:33:46,543 - DataManager - INFO - Data file: data\Tharuni_Guntur_data.csv
2025-05-30 06:33:46,545 - DataManager - INFO - CSV structure is up to date
2025-05-30 06:33:46,545 - DataManager - INFO - Data context set to: Agency='Tharuni', Site='Guntur'
2025-05-30 06:33:46,546 - DataManager - INFO - Data file: data\Tharuni_Guntur_data.csv
2025-05-30 06:33:46,546 - DataManager - INFO - CSV structure is up to date
2025-05-30 06:33:46,547 - DataManager - INFO - Data context set to: Agency='Tharuni', Site='Guntur'
2025-05-30 06:33:46,547 - DataManager - INFO - Data file: data\Tharuni_Guntur_data.csv
2025-05-30 06:33:46,548 - PendingVehiclesPanel - INFO - PendingVehiclesPanel initialized
2025-05-30 06:33:46,552 - PendingVehiclesPanel - INFO - Refreshing pending vehicles list
2025-05-30 06:33:46,553 - DataManager - INFO - Successfully loaded 38 records from data\Tharuni_Guntur_data.csv
2025-05-30 06:33:46,553 - PendingVehiclesPanel - INFO - Retrieved 38 total records
2025-05-30 06:33:46,554 - PendingVehiclesPanel - INFO - Found 0 pending records
2025-05-30 06:33:46,554 - PendingVehiclesPanel - INFO - Successfully refreshed pending list with 0 items
2025-05-30 06:33:46,554 - TharuniApp - INFO - Pending vehicles panel created
2025-05-30 06:33:46,775 - TharuniApp - INFO - Main panel creation completed
2025-05-30 06:33:46,783 - TharuniApp - INFO - Summary panel created
2025-05-30 06:33:46,957 - TharuniApp - INFO - ✅ Data manager reference set in settings panel
2025-05-30 06:33:46,958 - TharuniApp - INFO - Widget creation completed successfully
2025-05-30 06:33:46,958 - PendingVehiclesPanel - INFO - Refreshing pending vehicles list
2025-05-30 06:33:46,959 - DataManager - INFO - Successfully loaded 38 records from data\Tharuni_Guntur_data.csv
2025-05-30 06:33:46,959 - PendingVehiclesPanel - INFO - Retrieved 38 total records
2025-05-30 06:33:46,960 - PendingVehiclesPanel - INFO - Found 0 pending records
2025-05-30 06:33:46,960 - PendingVehiclesPanel - INFO - Successfully refreshed pending list with 0 items
2025-05-30 06:33:46,960 - DataManager - INFO - Created new daily folder: data\reports\30-05
2025-05-30 06:33:46,960 - TharuniApp - INFO - Application initialization completed successfully
2025-05-30 06:33:47,958 - TharuniApp - INFO - Ensuring settings persistence...
2025-05-30 06:33:47,960 - TharuniApp - INFO - Settings persistence check completed
2025-05-30 06:33:48,893 - DataManager - INFO - Successfully loaded 38 records from data\Tharuni_Guntur_data.csv
2025-05-30 06:33:48,914 - DataManager - INFO - Successfully loaded 38 records from data\Tharuni_Guntur_data.csv
2025-05-30 06:33:48,914 - DataManager - INFO - Successfully loaded 38 records from data\Tharuni_Guntur_data.csv
2025-05-30 06:33:49,555 - DataManager - INFO - Successfully loaded 38 records from data\Tharuni_Guntur_data.csv
2025-05-30 06:33:49,556 - DataManager - INFO - Successfully loaded 38 records from data\Tharuni_Guntur_data.csv
2025-05-30 06:33:51,249 - DataManager - INFO - Successfully loaded 38 records from data\Tharuni_Guntur_data.csv
2025-05-30 06:33:51,249 - DataManager - INFO - Successfully loaded 38 records from data\Tharuni_Guntur_data.csv
2025-05-30 06:33:53,275 - FormValidator - INFO - Vehicle validation passed: AP39V6553
2025-05-30 06:33:54,430 - DataManager - INFO - Successfully loaded 38 records from data\Tharuni_Guntur_data.csv
2025-05-30 06:33:54,431 - DataManager - INFO - Successfully loaded 38 records from data\Tharuni_Guntur_data.csv
2025-05-30 06:33:57,017 - DataManager - INFO - Successfully loaded 38 records from data\Tharuni_Guntur_data.csv
2025-05-30 06:33:57,018 - DataManager - INFO - Successfully loaded 38 records from data\Tharuni_Guntur_data.csv
2025-05-30 06:33:59,562 - FormValidator - INFO - Vehicle validation passed: AP39V6553
2025-05-30 06:34:00,687 - DataManager - INFO - Successfully loaded 38 records from data\Tharuni_Guntur_data.csv
2025-05-30 06:34:00,688 - DataManager - INFO - Successfully loaded 38 records from data\Tharuni_Guntur_data.csv
2025-05-30 06:34:02,188 - TharuniApp - INFO - ==================================================
2025-05-30 06:34:02,188 - TharuniApp - INFO - SAVE RECORD OPERATION STARTED
2025-05-30 06:34:02,189 - FormValidator - INFO - Starting comprehensive form validation
2025-05-30 06:34:02,189 - FormValidator - INFO - Validating basic fields
2025-05-30 06:34:02,189 - FormValidator - INFO - Field values: ticket='T0038', vehicle='AP39V6553', agency='Tharuni'
2025-05-30 06:34:02,190 - FormValidator - INFO - Basic validation passed
2025-05-30 06:34:02,190 - FormValidator - INFO - Validating weighment data
2025-05-30 06:34:02,191 - FormValidator - INFO - Weighment data: first_weight='32760.00', first_timestamp='30-05-2025 06:33:50', second_weight='5340.00', second_timestamp='30-05-2025 06:33:56'
2025-05-30 06:34:02,191 - FormValidator - INFO - Weighment validation passed
2025-05-30 06:34:02,191 - FormValidator - INFO - Validating images for second weighment
2025-05-30 06:34:02,192 - FormValidator - INFO - Images validation for second: front=True, back=False
2025-05-30 06:34:02,192 - FormValidator - INFO - Form validation passed successfully
2025-05-30 06:34:02,195 - TharuniApp - INFO - Saving record for ticket: T0038
2025-05-30 06:34:02,195 - TharuniApp - INFO - Form data keys: ['date', 'time', 'site_name', 'agency_name', 'material', 'ticket_no', 'vehicle_no', 'transfer_party_name', 'first_weight', 'first_timestamp', 'second_weight', 'second_timestamp', 'net_weight', 'material_type', 'first_front_image', 'first_back_image', 'second_front_image', 'second_back_image', 'site_incharge', 'user_name']
2025-05-30 06:34:02,196 - TharuniApp - INFO - Record is complete: True
2025-05-30 06:34:02,196 - TharuniApp - INFO - Calling data_manager.save_record for T0038
2025-05-30 06:34:02,196 - DataManager - INFO - ==================================================
2025-05-30 06:34:02,196 - DataManager - INFO - STARTING OFFLINE-FIRST RECORD SAVE WITH JSON BACKUP
2025-05-30 06:34:02,197 - DataManager - INFO - Input data keys: ['date', 'time', 'site_name', 'agency_name', 'material', 'ticket_no', 'vehicle_no', 'transfer_party_name', 'first_weight', 'first_timestamp', 'second_weight', 'second_timestamp', 'net_weight', 'material_type', 'first_front_image', 'first_back_image', 'second_front_image', 'second_back_image', 'site_incharge', 'user_name']
2025-05-30 06:34:02,197 - DataManager - INFO - Net weight calculated: 32760.0 - 5340.0 = 27420.00
2025-05-30 06:34:02,197 - DataManager - INFO - Using data file: data\Tharuni_Guntur_data.csv
2025-05-30 06:34:02,198 - DataManager - INFO - Successfully loaded 38 records from data\Tharuni_Guntur_data.csv
2025-05-30 06:34:02,198 - DataManager - INFO - Filtered 38 records to 0 using filter: 't0038'
2025-05-30 06:34:02,199 - DataManager - INFO - Adding new record: T0038
2025-05-30 06:34:02,199 - DataManager - INFO - Adding new record to CSV
2025-05-30 06:34:02,200 - DataManager - INFO - Record data: ['30-05-2025', '06:34:02', 'Guntur', 'Tharuni', 'Inert', 'T0038', 'AP39V6553', 'Jindal', '32760.00', '30-05-2025 06:33:50', '5340.00', '30-05-2025 06:33:56', '27420.00', 'Inert', 'Guntur_AP39V6553_20250530_063353_1st_front.jpg', '', 'Guntur_AP39V6553_20250530_063359_2nd_front.jpg', '', '', 'admin']
2025-05-30 06:34:02,201 - DataManager - INFO - ✅ New record added to data\Tharuni_Guntur_data.csv
2025-05-30 06:34:02,201 - DataManager - INFO - ✅ Record T0038 saved to local CSV successfully
2025-05-30 06:34:02,201 - DataManager - INFO - Record completion status: True
2025-05-30 06:34:02,202 - DataManager - INFO - Complete record detected - saving JSON backup locally...
2025-05-30 06:34:02,202 - DataManager - INFO - Created new daily JSON folder: data\json_backups\2025-05-30
2025-05-30 06:34:02,203 - DataManager - INFO - JSON backup saved: data\json_backups\2025-05-30\T0038_Tharuni_Guntur_063402.json
2025-05-30 06:34:02,203 - DataManager - INFO - ✅ JSON backup saved locally for T0038
2025-05-30 06:34:02,203 - DataManager - INFO - Complete record detected for ticket T0038 - generating PDF locally...
2025-05-30 06:34:02,204 - DataManager - INFO - Today's reports folder ensured: data\reports\2025-05-30
2025-05-30 06:34:02,204 - DataManager - INFO - Reports will be saved to: data\reports\2025-05-30
2025-05-30 06:34:02,205 - DataManager - INFO - Today's reports folder ensured: data\reports\2025-05-30
2025-05-30 06:34:02,208 - DataManager - INFO - SIMPLE TEST - Net display: '27420.00 kg'
2025-05-30 06:34:02,215 - DataManager - WARNING - Watermark error: cannot access local variable 'site' where it is not associated with a value, using image without watermark
2025-05-30 06:34:02,241 - DataManager - WARNING - Watermark error: cannot access local variable 'site' where it is not associated with a value, using image without watermark
2025-05-30 06:34:02,252 - DataManager - INFO - Building PDF document: data\reports\2025-05-30\Tharuni_Guntur_T0038_AP39V6553_063402.pdf
2025-05-30 06:34:02,297 - DataManager - INFO - PDF created successfully: data\reports\2025-05-30\Tharuni_Guntur_T0038_AP39V6553_063402.pdf (108210 bytes)
2025-05-30 06:34:02,298 - DataManager - INFO - Auto-generated PDF: data\reports\2025-05-30\Tharuni_Guntur_T0038_AP39V6553_063402.pdf
2025-05-30 06:34:02,298 - DataManager - INFO - PDF saved to today's reports folder: data\reports\2025-05-30
2025-05-30 06:34:02,299 - DataManager - INFO - ✅ PDF auto-generated locally: data\reports\2025-05-30\Tharuni_Guntur_T0038_AP39V6553_063402.pdf
2025-05-30 06:34:03,988 - DataManager - INFO - Successfully loaded 39 records from data\Tharuni_Guntur_data.csv
2025-05-30 06:34:03,989 - DataManager - INFO - Successfully loaded 39 records from data\Tharuni_Guntur_data.csv
2025-05-30 06:34:03,997 - DataManager - INFO - ✅ OFFLINE-FIRST SAVE COMPLETED - Local CSV, JSON backup, and PDF generated
2025-05-30 06:34:03,997 - DataManager - INFO - 📂 PDF saved to today's reports folder: data\reports\2025-05-30
2025-05-30 06:34:03,998 - DataManager - INFO - 💡 Cloud backup available via Settings > Cloud Storage > Backup
2025-05-30 06:34:03,998 - DataManager - INFO - ==================================================
2025-05-30 06:34:03,998 - TharuniApp - INFO - ✅ Record T0038 saved successfully
2025-05-30 06:34:04,003 - TharuniApp - INFO - ✅ Ticket T0038 completed - counter incremented
2025-05-30 06:34:04,003 - TharuniApp - INFO - Removing T0038 from pending vehicles list
2025-05-30 06:34:04,004 - PendingVehiclesPanel - INFO - Attempting to remove ticket T0038 from pending list
2025-05-30 06:34:04,004 - PendingVehiclesPanel - WARNING - Ticket T0038 not found in pending list for removal
2025-05-30 06:34:04,004 - PendingVehiclesPanel - INFO - Refreshing pending vehicles list
2025-05-30 06:34:04,005 - DataManager - INFO - Successfully loaded 39 records from data\Tharuni_Guntur_data.csv
2025-05-30 06:34:04,005 - PendingVehiclesPanel - INFO - Retrieved 39 total records
2025-05-30 06:34:04,005 - PendingVehiclesPanel - INFO - Found 0 pending records
2025-05-30 06:34:04,006 - PendingVehiclesPanel - INFO - Successfully refreshed pending list with 0 items
2025-05-30 06:34:04,291 - TharuniApp - INFO - ✅ Complete record processing finished for T0038
2025-05-30 06:34:04,292 - DataManager - INFO - Successfully loaded 39 records from data\Tharuni_Guntur_data.csv
2025-05-30 06:34:04,292 - DataManager - INFO - Returning all 39 records (no filter)
2025-05-30 06:34:04,293 - PendingVehiclesPanel - INFO - Refreshing pending vehicles list
2025-05-30 06:34:04,294 - DataManager - INFO - Successfully loaded 39 records from data\Tharuni_Guntur_data.csv
2025-05-30 06:34:04,295 - PendingVehiclesPanel - INFO - Retrieved 39 total records
2025-05-30 06:34:04,295 - PendingVehiclesPanel - INFO - Found 0 pending records
2025-05-30 06:34:04,295 - PendingVehiclesPanel - INFO - Successfully refreshed pending list with 0 items
2025-05-30 06:34:04,295 - TharuniApp - INFO - SAVE RECORD OPERATION COMPLETED SUCCESSFULLY
2025-05-30 06:34:04,296 - TharuniApp - INFO - ==================================================
2025-05-30 06:34:46,973 - PendingVehiclesPanel - INFO - Refreshing pending vehicles list
2025-05-30 06:34:46,976 - DataManager - INFO - Successfully loaded 39 records from data\Tharuni_Guntur_data.csv
2025-05-30 06:34:46,977 - PendingVehiclesPanel - INFO - Retrieved 39 total records
2025-05-30 06:34:46,978 - PendingVehiclesPanel - INFO - Found 0 pending records
2025-05-30 06:34:46,979 - PendingVehiclesPanel - INFO - Successfully refreshed pending list with 0 items
2025-05-30 06:34:46,982 - DataManager - INFO - Created new daily folder: data\reports\30-05
2025-05-30 06:35:46,984 - PendingVehiclesPanel - INFO - Refreshing pending vehicles list
2025-05-30 06:35:46,987 - DataManager - INFO - Successfully loaded 39 records from data\Tharuni_Guntur_data.csv
2025-05-30 06:35:46,988 - PendingVehiclesPanel - INFO - Retrieved 39 total records
2025-05-30 06:35:46,989 - PendingVehiclesPanel - INFO - Found 0 pending records
2025-05-30 06:35:46,991 - PendingVehiclesPanel - INFO - Successfully refreshed pending list with 0 items
2025-05-30 06:36:47,000 - PendingVehiclesPanel - INFO - Refreshing pending vehicles list
2025-05-30 06:36:47,003 - DataManager - INFO - Successfully loaded 39 records from data\Tharuni_Guntur_data.csv
2025-05-30 06:36:47,004 - PendingVehiclesPanel - INFO - Retrieved 39 total records
2025-05-30 06:36:47,005 - PendingVehiclesPanel - INFO - Found 0 pending records
2025-05-30 06:36:47,007 - PendingVehiclesPanel - INFO - Successfully refreshed pending list with 0 items
2025-05-30 06:37:47,009 - PendingVehiclesPanel - INFO - Refreshing pending vehicles list
2025-05-30 06:37:47,010 - DataManager - INFO - Successfully loaded 39 records from data\Tharuni_Guntur_data.csv
2025-05-30 06:37:47,011 - PendingVehiclesPanel - INFO - Retrieved 39 total records
2025-05-30 06:37:47,011 - PendingVehiclesPanel - INFO - Found 0 pending records
2025-05-30 06:37:47,012 - PendingVehiclesPanel - INFO - Successfully refreshed pending list with 0 items
2025-05-30 06:38:29,310 - TharuniApp - INFO - ============================================================
2025-05-30 06:38:29,310 - TharuniApp - INFO - APPLICATION STARTUP
2025-05-30 06:38:29,311 - TharuniApp - INFO - ============================================================
2025-05-30 06:38:29,314 - TharuniApp - INFO - Configuration setup completed
2025-05-30 06:38:29,314 - DataManager - INFO - DataManager initialized with OFFLINE-FIRST approach + JSON local storage
2025-05-30 06:38:29,315 - DataManager - INFO - CSV structure is up to date
2025-05-30 06:38:29,316 - DataManager - INFO - Daily PDF folder structure ready:
2025-05-30 06:38:29,316 - DataManager - INFO -   Base reports folder: data\reports
2025-05-30 06:38:29,316 - DataManager - INFO -   Today's folder: data\reports\2025-05-30
2025-05-30 06:38:29,317 - DataManager - INFO - Data file: data\weighbridge_data.csv
2025-05-30 06:38:29,317 - DataManager - INFO - Reports folder: data\reports
2025-05-30 06:38:29,317 - DataManager - INFO - JSON backup folder: data\json_backups
2025-05-30 06:38:29,317 - DataManager - INFO - PDF folder: data\reports\2025-05-30
2025-05-30 06:38:29,317 - DataManager - INFO - Cloud storage will only be initialized when backup is requested
2025-05-30 06:38:29,318 - TharuniApp - INFO - Data manager initialized
2025-05-30 06:38:29,331 - TharuniApp - INFO - Settings storage initialized
2025-05-30 06:38:29,333 - TharuniApp - INFO - UI styles initialized
2025-05-30 06:38:29,333 - TharuniApp - INFO - Starting user authentication
2025-05-30 06:38:33,940 - TharuniApp - INFO - Authentication successful: admin
2025-05-30 06:38:33,940 - TharuniApp - INFO - User logged in: admin (Role: admin)
2025-05-30 06:38:33,941 - TharuniApp - INFO - Setting up data context
2025-05-30 06:38:33,942 - DataManager - INFO - CSV structure is up to date
2025-05-30 06:38:33,942 - DataManager - INFO - Data context set to: Agency='Tharuni', Site='Guntur'
2025-05-30 06:38:33,942 - DataManager - INFO - Data file: data\Tharuni_Guntur_data.csv
2025-05-30 06:38:33,942 - TharuniApp - INFO - Data context initialized: Agency='Tharuni', Site='Guntur'
2025-05-30 06:38:33,942 - TharuniApp - INFO - Data will be saved to: data\Tharuni_Guntur_data.csv
2025-05-30 06:38:33,942 - TharuniApp - INFO - PDFs will be saved to: data\reports\2025-05-30
2025-05-30 06:38:33,943 - TharuniApp - INFO - Creating application widgets
2025-05-30 06:38:33,959 - TharuniApp - INFO - Creating main panel
2025-05-30 06:38:33,965 - FormValidator - INFO - FormValidator initialized
2025-05-30 06:38:33,976 - DataManager - INFO - Successfully loaded 39 records from data\Tharuni_Guntur_data.csv
2025-05-30 06:38:35,027 - DataManager - INFO - Successfully loaded 39 records from data\Tharuni_Guntur_data.csv
2025-05-30 06:38:35,027 - TharuniApp - INFO - Main form created
2025-05-30 06:38:35,029 - DataManager - INFO - CSV structure is up to date
2025-05-30 06:38:35,029 - DataManager - INFO - Data context set to: Agency='Tharuni', Site='Guntur'
2025-05-30 06:38:35,029 - DataManager - INFO - Data file: data\Tharuni_Guntur_data.csv
2025-05-30 06:38:35,030 - DataManager - INFO - CSV structure is up to date
2025-05-30 06:38:35,030 - DataManager - INFO - Data context set to: Agency='Tharuni', Site='Guntur'
2025-05-30 06:38:35,031 - DataManager - INFO - Data file: data\Tharuni_Guntur_data.csv
2025-05-30 06:38:35,031 - DataManager - INFO - CSV structure is up to date
2025-05-30 06:38:35,031 - DataManager - INFO - Data context set to: Agency='Tharuni', Site='Guntur'
2025-05-30 06:38:35,031 - DataManager - INFO - Data file: data\Tharuni_Guntur_data.csv
2025-05-30 06:38:35,032 - PendingVehiclesPanel - INFO - PendingVehiclesPanel initialized
2025-05-30 06:38:35,037 - PendingVehiclesPanel - INFO - Refreshing pending vehicles list
2025-05-30 06:38:35,038 - DataManager - INFO - Successfully loaded 39 records from data\Tharuni_Guntur_data.csv
2025-05-30 06:38:35,039 - PendingVehiclesPanel - INFO - Retrieved 39 total records
2025-05-30 06:38:35,039 - PendingVehiclesPanel - INFO - Found 0 pending records
2025-05-30 06:38:35,039 - PendingVehiclesPanel - INFO - Successfully refreshed pending list with 0 items
2025-05-30 06:38:35,039 - TharuniApp - INFO - Pending vehicles panel created
2025-05-30 06:38:35,251 - TharuniApp - INFO - Main panel creation completed
2025-05-30 06:38:35,259 - TharuniApp - INFO - Summary panel created
2025-05-30 06:38:35,434 - TharuniApp - INFO - ✅ Data manager reference set in settings panel
2025-05-30 06:38:35,434 - TharuniApp - INFO - Widget creation completed successfully
2025-05-30 06:38:35,435 - PendingVehiclesPanel - INFO - Refreshing pending vehicles list
2025-05-30 06:38:35,435 - DataManager - INFO - Successfully loaded 39 records from data\Tharuni_Guntur_data.csv
2025-05-30 06:38:35,436 - PendingVehiclesPanel - INFO - Retrieved 39 total records
2025-05-30 06:38:35,436 - PendingVehiclesPanel - INFO - Found 0 pending records
2025-05-30 06:38:35,436 - PendingVehiclesPanel - INFO - Successfully refreshed pending list with 0 items
2025-05-30 06:38:35,437 - DataManager - INFO - Created new daily folder: data\reports\30-05
2025-05-30 06:38:35,437 - TharuniApp - INFO - Application initialization completed successfully
2025-05-30 06:38:36,437 - TharuniApp - INFO - Ensuring settings persistence...
2025-05-30 06:38:36,442 - TharuniApp - INFO - Settings persistence check completed
2025-05-30 06:38:37,513 - DataManager - INFO - Successfully loaded 39 records from data\Tharuni_Guntur_data.csv
2025-05-30 06:38:37,542 - DataManager - INFO - Successfully loaded 39 records from data\Tharuni_Guntur_data.csv
2025-05-30 06:38:37,543 - DataManager - INFO - Successfully loaded 39 records from data\Tharuni_Guntur_data.csv
2025-05-30 06:38:38,187 - DataManager - INFO - Successfully loaded 39 records from data\Tharuni_Guntur_data.csv
2025-05-30 06:38:38,189 - DataManager - INFO - Successfully loaded 39 records from data\Tharuni_Guntur_data.csv
2025-05-30 06:38:39,808 - DataManager - INFO - Successfully loaded 39 records from data\Tharuni_Guntur_data.csv
2025-05-30 06:38:39,809 - DataManager - INFO - Successfully loaded 39 records from data\Tharuni_Guntur_data.csv
2025-05-30 06:38:42,389 - FormValidator - INFO - Vehicle validation passed: TS07US0707
2025-05-30 06:38:43,403 - DataManager - INFO - Successfully loaded 39 records from data\Tharuni_Guntur_data.csv
2025-05-30 06:38:43,404 - DataManager - INFO - Successfully loaded 39 records from data\Tharuni_Guntur_data.csv
2025-05-30 06:38:46,718 - DataManager - INFO - Successfully loaded 39 records from data\Tharuni_Guntur_data.csv
2025-05-30 06:38:46,718 - DataManager - INFO - Successfully loaded 39 records from data\Tharuni_Guntur_data.csv
2025-05-30 06:38:50,411 - FormValidator - INFO - Vehicle validation passed: TS07US0707
2025-05-30 06:38:51,510 - DataManager - INFO - Successfully loaded 39 records from data\Tharuni_Guntur_data.csv
2025-05-30 06:38:51,511 - DataManager - INFO - Successfully loaded 39 records from data\Tharuni_Guntur_data.csv
2025-05-30 06:38:53,954 - TharuniApp - INFO - ==================================================
2025-05-30 06:38:53,954 - TharuniApp - INFO - SAVE RECORD OPERATION STARTED
2025-05-30 06:38:53,955 - FormValidator - INFO - Starting comprehensive form validation
2025-05-30 06:38:53,955 - FormValidator - INFO - Validating basic fields
2025-05-30 06:38:53,956 - FormValidator - INFO - Field values: ticket='T0039', vehicle='TS07US0707', agency='Tharuni'
2025-05-30 06:38:53,956 - FormValidator - INFO - Basic validation passed
2025-05-30 06:38:53,957 - FormValidator - INFO - Validating weighment data
2025-05-30 06:38:53,957 - FormValidator - INFO - Weighment data: first_weight='41530.00', first_timestamp='30-05-2025 06:38:38', second_weight='14370.00', second_timestamp='30-05-2025 06:38:45'
2025-05-30 06:38:53,958 - FormValidator - INFO - Weighment validation passed
2025-05-30 06:38:53,958 - FormValidator - INFO - Validating images for second weighment
2025-05-30 06:38:53,958 - FormValidator - INFO - Images validation for second: front=True, back=False
2025-05-30 06:38:53,959 - FormValidator - INFO - Form validation passed successfully
2025-05-30 06:38:53,962 - TharuniApp - INFO - Saving record for ticket: T0039
2025-05-30 06:38:53,962 - TharuniApp - INFO - Form data keys: ['date', 'time', 'site_name', 'agency_name', 'material', 'ticket_no', 'vehicle_no', 'transfer_party_name', 'first_weight', 'first_timestamp', 'second_weight', 'second_timestamp', 'net_weight', 'material_type', 'first_front_image', 'first_back_image', 'second_front_image', 'second_back_image', 'site_incharge', 'user_name']
2025-05-30 06:38:53,963 - TharuniApp - INFO - Record is complete: True
2025-05-30 06:38:53,963 - TharuniApp - INFO - Calling data_manager.save_record for T0039
2025-05-30 06:38:53,964 - DataManager - INFO - ==================================================
2025-05-30 06:38:53,965 - DataManager - INFO - STARTING OFFLINE-FIRST RECORD SAVE WITH JSON BACKUP
2025-05-30 06:38:53,965 - DataManager - INFO - Input data keys: ['date', 'time', 'site_name', 'agency_name', 'material', 'ticket_no', 'vehicle_no', 'transfer_party_name', 'first_weight', 'first_timestamp', 'second_weight', 'second_timestamp', 'net_weight', 'material_type', 'first_front_image', 'first_back_image', 'second_front_image', 'second_back_image', 'site_incharge', 'user_name']
2025-05-30 06:38:53,966 - DataManager - INFO - Net weight calculated: 41530.0 - 14370.0 = 27160.00
2025-05-30 06:38:53,967 - DataManager - INFO - Using data file: data\Tharuni_Guntur_data.csv
2025-05-30 06:38:53,968 - DataManager - INFO - Successfully loaded 39 records from data\Tharuni_Guntur_data.csv
2025-05-30 06:38:53,969 - DataManager - INFO - Filtered 39 records to 0 using filter: 't0039'
2025-05-30 06:38:53,969 - DataManager - INFO - Adding new record: T0039
2025-05-30 06:38:53,970 - DataManager - INFO - Adding new record to CSV
2025-05-30 06:38:53,970 - DataManager - INFO - Record data: ['30-05-2025', '06:38:53', 'Guntur', 'Tharuni', 'Inert', 'T0039', 'TS07US0707', 'Jindal', '41530.00', '30-05-2025 06:38:38', '14370.00', '30-05-2025 06:38:45', '27160.00', 'Inert', 'Guntur_TS07US0707_20250530_063842_1st_front.jpg', '', 'Guntur_TS07US0707_20250530_063850_2nd_front.jpg', '', '', 'admin']
2025-05-30 06:38:53,972 - DataManager - INFO - ✅ New record added to data\Tharuni_Guntur_data.csv
2025-05-30 06:38:53,972 - DataManager - INFO - ✅ Record T0039 saved to local CSV successfully
2025-05-30 06:38:53,973 - DataManager - INFO - Record completion status: True
2025-05-30 06:38:53,973 - DataManager - INFO - Complete record detected - saving JSON backup locally...
2025-05-30 06:38:53,974 - DataManager - INFO - Created new daily JSON folder: data\json_backups\2025-05-30
2025-05-30 06:38:53,975 - DataManager - INFO - JSON backup saved: data\json_backups\2025-05-30\T0039_Tharuni_Guntur_063853.json
2025-05-30 06:38:53,975 - DataManager - INFO - ✅ JSON backup saved locally for T0039
2025-05-30 06:38:53,975 - DataManager - INFO - Complete record detected for ticket T0039 - generating PDF locally...
2025-05-30 06:38:53,976 - DataManager - INFO - Today's reports folder ensured: data\reports\2025-05-30
2025-05-30 06:38:53,976 - DataManager - INFO - Reports will be saved to: data\reports\2025-05-30
2025-05-30 06:38:53,977 - DataManager - INFO - Today's reports folder ensured: data\reports\2025-05-30
2025-05-30 06:38:53,979 - DataManager - INFO - SIMPLE TEST - Net display: '27160.00 kg'
2025-05-30 06:38:53,986 - DataManager - WARNING - Watermark error: cannot access local variable 'site' where it is not associated with a value, using image without watermark
2025-05-30 06:38:54,010 - DataManager - WARNING - Watermark error: cannot access local variable 'site' where it is not associated with a value, using image without watermark
2025-05-30 06:38:54,022 - DataManager - INFO - Building PDF document: data\reports\2025-05-30\Tharuni_Guntur_T0039_TS07US0707_063853.pdf
2025-05-30 06:38:54,064 - DataManager - INFO - PDF created successfully: data\reports\2025-05-30\Tharuni_Guntur_T0039_TS07US0707_063853.pdf (109945 bytes)
2025-05-30 06:38:54,065 - DataManager - INFO - Auto-generated PDF: data\reports\2025-05-30\Tharuni_Guntur_T0039_TS07US0707_063853.pdf
2025-05-30 06:38:54,066 - DataManager - INFO - PDF saved to today's reports folder: data\reports\2025-05-30
2025-05-30 06:38:54,066 - DataManager - INFO - ✅ PDF auto-generated locally: data\reports\2025-05-30\Tharuni_Guntur_T0039_TS07US0707_063853.pdf
2025-05-30 06:39:06,727 - DataManager - INFO - Successfully loaded 40 records from data\Tharuni_Guntur_data.csv
2025-05-30 06:39:06,728 - DataManager - INFO - Successfully loaded 40 records from data\Tharuni_Guntur_data.csv
2025-05-30 06:39:06,734 - DataManager - INFO - ✅ OFFLINE-FIRST SAVE COMPLETED - Local CSV, JSON backup, and PDF generated
2025-05-30 06:39:06,734 - DataManager - INFO - 📂 PDF saved to today's reports folder: data\reports\2025-05-30
2025-05-30 06:39:06,735 - DataManager - INFO - 💡 Cloud backup available via Settings > Cloud Storage > Backup
2025-05-30 06:39:06,736 - DataManager - INFO - ==================================================
2025-05-30 06:39:06,736 - TharuniApp - INFO - ✅ Record T0039 saved successfully
2025-05-30 06:39:06,740 - TharuniApp - INFO - ✅ Ticket T0039 completed - counter incremented
2025-05-30 06:39:06,740 - TharuniApp - INFO - Removing T0039 from pending vehicles list
2025-05-30 06:39:06,741 - PendingVehiclesPanel - INFO - Attempting to remove ticket T0039 from pending list
2025-05-30 06:39:06,741 - PendingVehiclesPanel - WARNING - Ticket T0039 not found in pending list for removal
2025-05-30 06:39:06,741 - PendingVehiclesPanel - INFO - Refreshing pending vehicles list
2025-05-30 06:39:06,742 - DataManager - INFO - Successfully loaded 40 records from data\Tharuni_Guntur_data.csv
2025-05-30 06:39:06,743 - PendingVehiclesPanel - INFO - Retrieved 40 total records
2025-05-30 06:39:06,743 - PendingVehiclesPanel - INFO - Found 0 pending records
2025-05-30 06:39:06,744 - PendingVehiclesPanel - INFO - Successfully refreshed pending list with 0 items
2025-05-30 06:39:07,031 - TharuniApp - INFO - ✅ Complete record processing finished for T0039
2025-05-30 06:39:07,032 - DataManager - INFO - Successfully loaded 40 records from data\Tharuni_Guntur_data.csv
2025-05-30 06:39:07,032 - DataManager - INFO - Returning all 40 records (no filter)
2025-05-30 06:39:07,034 - PendingVehiclesPanel - INFO - Refreshing pending vehicles list
2025-05-30 06:39:07,035 - DataManager - INFO - Successfully loaded 40 records from data\Tharuni_Guntur_data.csv
2025-05-30 06:39:07,035 - PendingVehiclesPanel - INFO - Retrieved 40 total records
2025-05-30 06:39:07,035 - PendingVehiclesPanel - INFO - Found 0 pending records
2025-05-30 06:39:07,036 - PendingVehiclesPanel - INFO - Successfully refreshed pending list with 0 items
2025-05-30 06:39:07,036 - TharuniApp - INFO - SAVE RECORD OPERATION COMPLETED SUCCESSFULLY
2025-05-30 06:39:07,036 - TharuniApp - INFO - ==================================================
2025-05-30 06:39:35,448 - PendingVehiclesPanel - INFO - Refreshing pending vehicles list
2025-05-30 06:39:35,452 - DataManager - INFO - Successfully loaded 40 records from data\Tharuni_Guntur_data.csv
2025-05-30 06:39:35,453 - PendingVehiclesPanel - INFO - Retrieved 40 total records
2025-05-30 06:39:35,454 - PendingVehiclesPanel - INFO - Found 0 pending records
2025-05-30 06:39:35,455 - PendingVehiclesPanel - INFO - Successfully refreshed pending list with 0 items
2025-05-30 06:39:35,457 - DataManager - INFO - Created new daily folder: data\reports\30-05
2025-05-30 06:40:35,466 - PendingVehiclesPanel - INFO - Refreshing pending vehicles list
2025-05-30 06:40:35,471 - DataManager - INFO - Successfully loaded 40 records from data\Tharuni_Guntur_data.csv
2025-05-30 06:40:35,472 - PendingVehiclesPanel - INFO - Retrieved 40 total records
2025-05-30 06:40:35,473 - PendingVehiclesPanel - INFO - Found 0 pending records
2025-05-30 06:40:35,475 - PendingVehiclesPanel - INFO - Successfully refreshed pending list with 0 items
2025-05-30 06:41:35,482 - PendingVehiclesPanel - INFO - Refreshing pending vehicles list
2025-05-30 06:41:35,483 - DataManager - INFO - Successfully loaded 40 records from data\Tharuni_Guntur_data.csv
2025-05-30 06:41:35,483 - PendingVehiclesPanel - INFO - Retrieved 40 total records
2025-05-30 06:41:35,484 - PendingVehiclesPanel - INFO - Found 0 pending records
2025-05-30 06:41:35,484 - PendingVehiclesPanel - INFO - Successfully refreshed pending list with 0 items
2025-05-30 06:42:35,488 - PendingVehiclesPanel - INFO - Refreshing pending vehicles list
2025-05-30 06:42:35,491 - DataManager - INFO - Successfully loaded 40 records from data\Tharuni_Guntur_data.csv
2025-05-30 06:42:35,492 - PendingVehiclesPanel - INFO - Retrieved 40 total records
2025-05-30 06:42:35,493 - PendingVehiclesPanel - INFO - Found 0 pending records
2025-05-30 06:42:35,494 - PendingVehiclesPanel - INFO - Successfully refreshed pending list with 0 items
2025-05-30 06:43:35,509 - PendingVehiclesPanel - INFO - Refreshing pending vehicles list
2025-05-30 06:43:35,512 - DataManager - INFO - Successfully loaded 40 records from data\Tharuni_Guntur_data.csv
2025-05-30 06:43:35,513 - PendingVehiclesPanel - INFO - Retrieved 40 total records
2025-05-30 06:43:35,514 - PendingVehiclesPanel - INFO - Found 0 pending records
2025-05-30 06:43:35,516 - PendingVehiclesPanel - INFO - Successfully refreshed pending list with 0 items
2025-05-30 06:44:35,520 - PendingVehiclesPanel - INFO - Refreshing pending vehicles list
2025-05-30 06:44:35,521 - DataManager - INFO - Successfully loaded 40 records from data\Tharuni_Guntur_data.csv
2025-05-30 06:44:35,521 - PendingVehiclesPanel - INFO - Retrieved 40 total records
2025-05-30 06:44:35,522 - PendingVehiclesPanel - INFO - Found 0 pending records
2025-05-30 06:44:35,522 - PendingVehiclesPanel - INFO - Successfully refreshed pending list with 0 items
2025-05-30 06:45:35,532 - PendingVehiclesPanel - INFO - Refreshing pending vehicles list
2025-05-30 06:45:35,556 - DataManager - INFO - Successfully loaded 40 records from data\Tharuni_Guntur_data.csv
2025-05-30 06:45:35,556 - PendingVehiclesPanel - INFO - Retrieved 40 total records
2025-05-30 06:45:35,557 - PendingVehiclesPanel - INFO - Found 0 pending records
2025-05-30 06:45:35,557 - PendingVehiclesPanel - INFO - Successfully refreshed pending list with 0 items
2025-05-30 06:46:35,565 - PendingVehiclesPanel - INFO - Refreshing pending vehicles list
2025-05-30 06:46:35,568 - DataManager - INFO - Successfully loaded 40 records from data\Tharuni_Guntur_data.csv
2025-05-30 06:46:35,569 - PendingVehiclesPanel - INFO - Retrieved 40 total records
2025-05-30 06:46:35,570 - PendingVehiclesPanel - INFO - Found 0 pending records
2025-05-30 06:46:35,571 - PendingVehiclesPanel - INFO - Successfully refreshed pending list with 0 items
2025-05-30 06:47:35,580 - PendingVehiclesPanel - INFO - Refreshing pending vehicles list
2025-05-30 06:47:35,584 - DataManager - INFO - Successfully loaded 40 records from data\Tharuni_Guntur_data.csv
2025-05-30 06:47:35,585 - PendingVehiclesPanel - INFO - Retrieved 40 total records
2025-05-30 06:47:35,586 - PendingVehiclesPanel - INFO - Found 0 pending records
2025-05-30 06:47:35,587 - PendingVehiclesPanel - INFO - Successfully refreshed pending list with 0 items
2025-05-30 06:48:35,599 - PendingVehiclesPanel - INFO - Refreshing pending vehicles list
2025-05-30 06:48:35,602 - DataManager - INFO - Successfully loaded 40 records from data\Tharuni_Guntur_data.csv
2025-05-30 06:48:35,603 - PendingVehiclesPanel - INFO - Retrieved 40 total records
2025-05-30 06:48:35,604 - PendingVehiclesPanel - INFO - Found 0 pending records
2025-05-30 06:48:35,606 - PendingVehiclesPanel - INFO - Successfully refreshed pending list with 0 items
2025-05-30 06:49:35,612 - PendingVehiclesPanel - INFO - Refreshing pending vehicles list
2025-05-30 06:49:35,615 - DataManager - INFO - Successfully loaded 40 records from data\Tharuni_Guntur_data.csv
2025-05-30 06:49:35,616 - PendingVehiclesPanel - INFO - Retrieved 40 total records
2025-05-30 06:49:35,617 - PendingVehiclesPanel - INFO - Found 0 pending records
2025-05-30 06:49:35,618 - PendingVehiclesPanel - INFO - Successfully refreshed pending list with 0 items
2025-05-30 06:50:35,627 - PendingVehiclesPanel - INFO - Refreshing pending vehicles list
2025-05-30 06:50:35,630 - DataManager - INFO - Successfully loaded 40 records from data\Tharuni_Guntur_data.csv
2025-05-30 06:50:35,630 - PendingVehiclesPanel - INFO - Retrieved 40 total records
2025-05-30 06:50:35,631 - PendingVehiclesPanel - INFO - Found 0 pending records
2025-05-30 06:50:35,632 - PendingVehiclesPanel - INFO - Successfully refreshed pending list with 0 items
2025-05-30 06:51:35,637 - PendingVehiclesPanel - INFO - Refreshing pending vehicles list
2025-05-30 06:51:35,638 - DataManager - INFO - Successfully loaded 40 records from data\Tharuni_Guntur_data.csv
2025-05-30 06:51:35,639 - PendingVehiclesPanel - INFO - Retrieved 40 total records
2025-05-30 06:51:35,639 - PendingVehiclesPanel - INFO - Found 0 pending records
2025-05-30 06:51:35,640 - PendingVehiclesPanel - INFO - Successfully refreshed pending list with 0 items
2025-05-30 06:52:35,645 - PendingVehiclesPanel - INFO - Refreshing pending vehicles list
2025-05-30 06:52:35,646 - DataManager - INFO - Successfully loaded 40 records from data\Tharuni_Guntur_data.csv
2025-05-30 06:52:35,646 - PendingVehiclesPanel - INFO - Retrieved 40 total records
2025-05-30 06:52:35,647 - PendingVehiclesPanel - INFO - Found 0 pending records
2025-05-30 06:52:35,647 - PendingVehiclesPanel - INFO - Successfully refreshed pending list with 0 items
2025-05-30 06:53:35,660 - PendingVehiclesPanel - INFO - Refreshing pending vehicles list
2025-05-30 06:53:35,661 - DataManager - INFO - Successfully loaded 40 records from data\Tharuni_Guntur_data.csv
2025-05-30 06:53:35,661 - PendingVehiclesPanel - INFO - Retrieved 40 total records
2025-05-30 06:53:35,662 - PendingVehiclesPanel - INFO - Found 0 pending records
2025-05-30 06:53:35,662 - PendingVehiclesPanel - INFO - Successfully refreshed pending list with 0 items
2025-05-30 06:54:35,666 - PendingVehiclesPanel - INFO - Refreshing pending vehicles list
2025-05-30 06:54:35,667 - DataManager - INFO - Successfully loaded 40 records from data\Tharuni_Guntur_data.csv
2025-05-30 06:54:35,667 - PendingVehiclesPanel - INFO - Retrieved 40 total records
2025-05-30 06:54:35,667 - PendingVehiclesPanel - INFO - Found 0 pending records
2025-05-30 06:54:35,668 - PendingVehiclesPanel - INFO - Successfully refreshed pending list with 0 items
2025-05-30 06:55:35,681 - PendingVehiclesPanel - INFO - Refreshing pending vehicles list
2025-05-30 06:55:35,682 - DataManager - INFO - Successfully loaded 40 records from data\Tharuni_Guntur_data.csv
2025-05-30 06:55:35,683 - PendingVehiclesPanel - INFO - Retrieved 40 total records
2025-05-30 06:55:35,683 - PendingVehiclesPanel - INFO - Found 0 pending records
2025-05-30 06:55:35,684 - PendingVehiclesPanel - INFO - Successfully refreshed pending list with 0 items
2025-05-30 06:56:35,692 - PendingVehiclesPanel - INFO - Refreshing pending vehicles list
2025-05-30 06:56:35,693 - DataManager - INFO - Successfully loaded 40 records from data\Tharuni_Guntur_data.csv
2025-05-30 06:56:35,694 - PendingVehiclesPanel - INFO - Retrieved 40 total records
2025-05-30 06:56:35,694 - PendingVehiclesPanel - INFO - Found 0 pending records
2025-05-30 06:56:35,695 - PendingVehiclesPanel - INFO - Successfully refreshed pending list with 0 items
2025-05-30 06:57:00,328 - TharuniApp - INFO - ============================================================
2025-05-30 06:57:00,329 - TharuniApp - INFO - APPLICATION STARTUP
2025-05-30 06:57:00,329 - TharuniApp - INFO - ============================================================
2025-05-30 06:57:00,355 - TharuniApp - INFO - Configuration setup completed
2025-05-30 06:57:00,356 - DataManager - INFO - DataManager initialized with OFFLINE-FIRST approach + JSON local storage
2025-05-30 06:57:00,356 - DataManager - INFO - CSV structure is up to date
2025-05-30 06:57:00,357 - DataManager - INFO - Daily PDF folder structure ready:
2025-05-30 06:57:00,357 - DataManager - INFO -   Base reports folder: data\reports
2025-05-30 06:57:00,357 - DataManager - INFO -   Today's folder: data\reports\2025-05-30
2025-05-30 06:57:00,358 - DataManager - INFO - Data file: data\weighbridge_data.csv
2025-05-30 06:57:00,358 - DataManager - INFO - Reports folder: data\reports
2025-05-30 06:57:00,359 - DataManager - INFO - JSON backup folder: data\json_backups
2025-05-30 06:57:00,359 - DataManager - INFO - PDF folder: data\reports\2025-05-30
2025-05-30 06:57:00,359 - DataManager - INFO - Cloud storage will only be initialized when backup is requested
2025-05-30 06:57:00,359 - TharuniApp - INFO - Data manager initialized
2025-05-30 06:57:00,362 - TharuniApp - INFO - Settings storage initialized
2025-05-30 06:57:00,364 - TharuniApp - INFO - UI styles initialized
2025-05-30 06:57:00,364 - TharuniApp - INFO - Starting user authentication
2025-05-30 06:57:05,825 - TharuniApp - INFO - Authentication successful: admin
2025-05-30 06:57:05,826 - TharuniApp - INFO - User logged in: admin (Role: admin)
2025-05-30 06:57:05,826 - TharuniApp - INFO - Setting up data context
2025-05-30 06:57:05,827 - DataManager - INFO - CSV structure is up to date
2025-05-30 06:57:05,827 - DataManager - INFO - Data context set to: Agency='Tharuni', Site='Guntur'
2025-05-30 06:57:05,827 - DataManager - INFO - Data file: data\Tharuni_Guntur_data.csv
2025-05-30 06:57:05,827 - TharuniApp - INFO - Data context initialized: Agency='Tharuni', Site='Guntur'
2025-05-30 06:57:05,828 - TharuniApp - INFO - Data will be saved to: data\Tharuni_Guntur_data.csv
2025-05-30 06:57:05,828 - TharuniApp - INFO - PDFs will be saved to: data\reports\2025-05-30
2025-05-30 06:57:05,828 - TharuniApp - INFO - Creating application widgets
2025-05-30 06:57:05,847 - TharuniApp - INFO - Creating main panel
2025-05-30 06:57:05,857 - FormValidator - INFO - FormValidator initialized
2025-05-30 06:57:05,864 - DataManager - INFO - Successfully loaded 40 records from data\Tharuni_Guntur_data.csv
2025-05-30 06:57:07,096 - DataManager - INFO - Successfully loaded 40 records from data\Tharuni_Guntur_data.csv
2025-05-30 06:57:07,097 - TharuniApp - INFO - Main form created
2025-05-30 06:57:07,099 - DataManager - INFO - CSV structure is up to date
2025-05-30 06:57:07,099 - DataManager - INFO - Data context set to: Agency='Tharuni', Site='Guntur'
2025-05-30 06:57:07,099 - DataManager - INFO - Data file: data\Tharuni_Guntur_data.csv
2025-05-30 06:57:07,100 - DataManager - INFO - CSV structure is up to date
2025-05-30 06:57:07,100 - DataManager - INFO - Data context set to: Agency='Tharuni', Site='Guntur'
2025-05-30 06:57:07,100 - DataManager - INFO - Data file: data\Tharuni_Guntur_data.csv
2025-05-30 06:57:07,101 - DataManager - INFO - CSV structure is up to date
2025-05-30 06:57:07,101 - DataManager - INFO - Data context set to: Agency='Tharuni', Site='Guntur'
2025-05-30 06:57:07,101 - DataManager - INFO - Data file: data\Tharuni_Guntur_data.csv
2025-05-30 06:57:07,102 - PendingVehiclesPanel - INFO - PendingVehiclesPanel initialized
2025-05-30 06:57:07,107 - PendingVehiclesPanel - INFO - Refreshing pending vehicles list
2025-05-30 06:57:07,108 - DataManager - INFO - Successfully loaded 40 records from data\Tharuni_Guntur_data.csv
2025-05-30 06:57:07,108 - PendingVehiclesPanel - INFO - Retrieved 40 total records
2025-05-30 06:57:07,108 - PendingVehiclesPanel - INFO - Found 0 pending records
2025-05-30 06:57:07,109 - PendingVehiclesPanel - INFO - Successfully refreshed pending list with 0 items
2025-05-30 06:57:07,109 - TharuniApp - INFO - Pending vehicles panel created
2025-05-30 06:57:07,329 - TharuniApp - INFO - Main panel creation completed
2025-05-30 06:57:07,338 - TharuniApp - INFO - Summary panel created
2025-05-30 06:57:07,520 - TharuniApp - INFO - ✅ Data manager reference set in settings panel
2025-05-30 06:57:07,520 - TharuniApp - INFO - Widget creation completed successfully
2025-05-30 06:57:07,521 - PendingVehiclesPanel - INFO - Refreshing pending vehicles list
2025-05-30 06:57:07,522 - DataManager - INFO - Successfully loaded 40 records from data\Tharuni_Guntur_data.csv
2025-05-30 06:57:07,522 - PendingVehiclesPanel - INFO - Retrieved 40 total records
2025-05-30 06:57:07,522 - PendingVehiclesPanel - INFO - Found 0 pending records
2025-05-30 06:57:07,523 - PendingVehiclesPanel - INFO - Successfully refreshed pending list with 0 items
2025-05-30 06:57:07,523 - DataManager - INFO - Created new daily folder: data\reports\30-05
2025-05-30 06:57:07,523 - TharuniApp - INFO - Application initialization completed successfully
2025-05-30 06:57:08,524 - TharuniApp - INFO - Ensuring settings persistence...
2025-05-30 06:57:08,529 - TharuniApp - INFO - Settings persistence check completed
2025-05-30 06:57:10,259 - DataManager - INFO - Successfully loaded 40 records from data\Tharuni_Guntur_data.csv
2025-05-30 06:57:10,269 - DataManager - INFO - Successfully loaded 40 records from data\Tharuni_Guntur_data.csv
2025-05-30 06:57:10,269 - DataManager - INFO - Successfully loaded 40 records from data\Tharuni_Guntur_data.csv
2025-05-30 06:57:10,924 - DataManager - INFO - Successfully loaded 40 records from data\Tharuni_Guntur_data.csv
2025-05-30 06:57:10,926 - DataManager - INFO - Successfully loaded 40 records from data\Tharuni_Guntur_data.csv
2025-05-30 06:57:17,086 - DataManager - INFO - Successfully loaded 40 records from data\Tharuni_Guntur_data.csv
2025-05-30 06:57:17,087 - DataManager - INFO - Successfully loaded 40 records from data\Tharuni_Guntur_data.csv
2025-05-30 06:57:19,512 - FormValidator - INFO - Vehicle validation passed: TS05X0555
2025-05-30 06:57:20,782 - DataManager - INFO - Successfully loaded 40 records from data\Tharuni_Guntur_data.csv
2025-05-30 06:57:20,782 - DataManager - INFO - Successfully loaded 40 records from data\Tharuni_Guntur_data.csv
2025-05-30 06:57:23,525 - DataManager - INFO - Successfully loaded 40 records from data\Tharuni_Guntur_data.csv
2025-05-30 06:57:23,526 - DataManager - INFO - Successfully loaded 40 records from data\Tharuni_Guntur_data.csv
2025-05-30 06:57:25,922 - FormValidator - INFO - Vehicle validation passed: TS05X0555
2025-05-30 06:57:26,877 - DataManager - INFO - Successfully loaded 40 records from data\Tharuni_Guntur_data.csv
2025-05-30 06:57:26,878 - DataManager - INFO - Successfully loaded 40 records from data\Tharuni_Guntur_data.csv
2025-05-30 06:57:30,997 - TharuniApp - INFO - ==================================================
2025-05-30 06:57:30,997 - TharuniApp - INFO - SAVE RECORD OPERATION STARTED
2025-05-30 06:57:30,998 - FormValidator - INFO - Starting comprehensive form validation
2025-05-30 06:57:30,998 - FormValidator - INFO - Validating basic fields
2025-05-30 06:57:30,999 - FormValidator - INFO - Field values: ticket='T0040', vehicle='TS05X0555', agency='Tharuni'
2025-05-30 06:57:30,999 - FormValidator - INFO - Basic validation passed
2025-05-30 06:57:31,000 - FormValidator - INFO - Validating weighment data
2025-05-30 06:57:31,000 - FormValidator - INFO - Weighment data: first_weight='27210.00', first_timestamp='30-05-2025 06:57:16', second_weight='11320.00', second_timestamp='30-05-2025 06:57:22'
2025-05-30 06:57:31,001 - FormValidator - INFO - Weighment validation passed
2025-05-30 06:57:31,001 - FormValidator - INFO - Validating images for second weighment
2025-05-30 06:57:31,002 - FormValidator - INFO - Images validation for second: front=True, back=False
2025-05-30 06:57:31,002 - FormValidator - INFO - Form validation passed successfully
2025-05-30 06:57:31,005 - TharuniApp - INFO - Saving record for ticket: T0040
2025-05-30 06:57:31,006 - TharuniApp - INFO - Form data keys: ['date', 'time', 'site_name', 'agency_name', 'material', 'ticket_no', 'vehicle_no', 'transfer_party_name', 'first_weight', 'first_timestamp', 'second_weight', 'second_timestamp', 'net_weight', 'material_type', 'first_front_image', 'first_back_image', 'second_front_image', 'second_back_image', 'site_incharge', 'user_name']
2025-05-30 06:57:31,006 - TharuniApp - INFO - Record is complete: True
2025-05-30 06:57:31,007 - TharuniApp - INFO - Calling data_manager.save_record for T0040
2025-05-30 06:57:31,007 - DataManager - INFO - ==================================================
2025-05-30 06:57:31,008 - DataManager - INFO - STARTING OFFLINE-FIRST RECORD SAVE WITH JSON BACKUP
2025-05-30 06:57:31,008 - DataManager - INFO - Input data keys: ['date', 'time', 'site_name', 'agency_name', 'material', 'ticket_no', 'vehicle_no', 'transfer_party_name', 'first_weight', 'first_timestamp', 'second_weight', 'second_timestamp', 'net_weight', 'material_type', 'first_front_image', 'first_back_image', 'second_front_image', 'second_back_image', 'site_incharge', 'user_name']
2025-05-30 06:57:31,009 - DataManager - INFO - Net weight calculated: 27210.0 - 11320.0 = 15890.00
2025-05-30 06:57:31,009 - DataManager - INFO - Using data file: data\Tharuni_Guntur_data.csv
2025-05-30 06:57:31,011 - DataManager - INFO - Successfully loaded 40 records from data\Tharuni_Guntur_data.csv
2025-05-30 06:57:31,012 - DataManager - INFO - Filtered 40 records to 0 using filter: 't0040'
2025-05-30 06:57:31,012 - DataManager - INFO - Adding new record: T0040
2025-05-30 06:57:31,013 - DataManager - INFO - Adding new record to CSV
2025-05-30 06:57:31,014 - DataManager - INFO - Record data: ['30-05-2025', '06:57:31', 'Guntur', 'Tharuni', 'Inert', 'T0040', 'TS05X0555', 'Jindal', '27210.00', '30-05-2025 06:57:16', '11320.00', '30-05-2025 06:57:22', '15890.00', 'Inert', 'Guntur_TS05X0555_20250530_065719_1st_front.jpg', '', 'Guntur_TS05X0555_20250530_065725_2nd_front.jpg', '', '', 'admin']
2025-05-30 06:57:31,016 - DataManager - INFO - ✅ New record added to data\Tharuni_Guntur_data.csv
2025-05-30 06:57:31,016 - DataManager - INFO - ✅ Record T0040 saved to local CSV successfully
2025-05-30 06:57:31,016 - DataManager - INFO - Record completion status: True
2025-05-30 06:57:31,017 - DataManager - INFO - Complete record detected - saving JSON backup locally...
2025-05-30 06:57:31,018 - DataManager - INFO - Created new daily JSON folder: data\json_backups\2025-05-30
2025-05-30 06:57:31,019 - DataManager - INFO - JSON backup saved: data\json_backups\2025-05-30\T0040_Tharuni_Guntur_065731.json
2025-05-30 06:57:31,019 - DataManager - INFO - ✅ JSON backup saved locally for T0040
2025-05-30 06:57:31,020 - DataManager - INFO - Complete record detected for ticket T0040 - generating PDF locally...
2025-05-30 06:57:31,020 - DataManager - INFO - Today's reports folder ensured: data\reports\2025-05-30
2025-05-30 06:57:31,021 - DataManager - INFO - Reports will be saved to: data\reports\2025-05-30
2025-05-30 06:57:31,021 - DataManager - INFO - Today's reports folder ensured: data\reports\2025-05-30
2025-05-30 06:57:31,024 - DataManager - INFO - SIMPLE TEST - Net display: '15890.00 kg'
2025-05-30 06:57:31,045 - DataManager - WARNING - Watermark error: cannot access local variable 'site' where it is not associated with a value, using image without watermark
2025-05-30 06:57:31,070 - DataManager - WARNING - Watermark error: cannot access local variable 'site' where it is not associated with a value, using image without watermark
2025-05-30 06:57:31,084 - DataManager - INFO - Building PDF document: data\reports\2025-05-30\Tharuni_Guntur_T0040_TS05X0555_065731.pdf
2025-05-30 06:57:31,127 - DataManager - INFO - PDF created successfully: data\reports\2025-05-30\Tharuni_Guntur_T0040_TS05X0555_065731.pdf (113069 bytes)
2025-05-30 06:57:31,127 - DataManager - INFO - Auto-generated PDF: data\reports\2025-05-30\Tharuni_Guntur_T0040_TS05X0555_065731.pdf
2025-05-30 06:57:31,127 - DataManager - INFO - PDF saved to today's reports folder: data\reports\2025-05-30
2025-05-30 06:57:31,128 - DataManager - INFO - ✅ PDF auto-generated locally: data\reports\2025-05-30\Tharuni_Guntur_T0040_TS05X0555_065731.pdf
2025-05-30 06:57:33,919 - DataManager - INFO - Successfully loaded 41 records from data\Tharuni_Guntur_data.csv
2025-05-30 06:57:33,920 - DataManager - INFO - Successfully loaded 41 records from data\Tharuni_Guntur_data.csv
2025-05-30 06:57:33,924 - DataManager - INFO - ✅ OFFLINE-FIRST SAVE COMPLETED - Local CSV, JSON backup, and PDF generated
2025-05-30 06:57:33,924 - DataManager - INFO - 📂 PDF saved to today's reports folder: data\reports\2025-05-30
2025-05-30 06:57:33,924 - DataManager - INFO - 💡 Cloud backup available via Settings > Cloud Storage > Backup
2025-05-30 06:57:33,924 - DataManager - INFO - ==================================================
2025-05-30 06:57:33,925 - TharuniApp - INFO - ✅ Record T0040 saved successfully
2025-05-30 06:57:33,932 - TharuniApp - INFO - ✅ Ticket T0040 completed - counter incremented
2025-05-30 06:57:33,933 - TharuniApp - INFO - Removing T0040 from pending vehicles list
2025-05-30 06:57:33,933 - PendingVehiclesPanel - INFO - Attempting to remove ticket T0040 from pending list
2025-05-30 06:57:33,934 - PendingVehiclesPanel - WARNING - Ticket T0040 not found in pending list for removal
2025-05-30 06:57:33,934 - PendingVehiclesPanel - INFO - Refreshing pending vehicles list
2025-05-30 06:57:33,935 - DataManager - INFO - Successfully loaded 41 records from data\Tharuni_Guntur_data.csv
2025-05-30 06:57:33,935 - PendingVehiclesPanel - INFO - Retrieved 41 total records
2025-05-30 06:57:33,936 - PendingVehiclesPanel - INFO - Found 0 pending records
2025-05-30 06:57:33,936 - PendingVehiclesPanel - INFO - Successfully refreshed pending list with 0 items
2025-05-30 06:57:34,250 - TharuniApp - INFO - ✅ Complete record processing finished for T0040
2025-05-30 06:57:34,251 - DataManager - INFO - Successfully loaded 41 records from data\Tharuni_Guntur_data.csv
2025-05-30 06:57:34,251 - DataManager - INFO - Returning all 41 records (no filter)
2025-05-30 06:57:34,252 - PendingVehiclesPanel - INFO - Refreshing pending vehicles list
2025-05-30 06:57:34,253 - DataManager - INFO - Successfully loaded 41 records from data\Tharuni_Guntur_data.csv
2025-05-30 06:57:34,253 - PendingVehiclesPanel - INFO - Retrieved 41 total records
2025-05-30 06:57:34,253 - PendingVehiclesPanel - INFO - Found 0 pending records
2025-05-30 06:57:34,254 - PendingVehiclesPanel - INFO - Successfully refreshed pending list with 0 items
2025-05-30 06:57:34,254 - TharuniApp - INFO - SAVE RECORD OPERATION COMPLETED SUCCESSFULLY
2025-05-30 06:57:34,254 - TharuniApp - INFO - ==================================================
2025-05-30 06:57:57,441 - DataManager - INFO - Successfully loaded 41 records from data\Tharuni_Guntur_data.csv
2025-05-30 06:57:57,442 - DataManager - INFO - Successfully loaded 41 records from data\Tharuni_Guntur_data.csv
2025-05-30 06:58:07,524 - PendingVehiclesPanel - INFO - Refreshing pending vehicles list
2025-05-30 06:58:07,525 - DataManager - INFO - Successfully loaded 41 records from data\Tharuni_Guntur_data.csv
2025-05-30 06:58:07,525 - PendingVehiclesPanel - INFO - Retrieved 41 total records
2025-05-30 06:58:07,526 - PendingVehiclesPanel - INFO - Found 0 pending records
2025-05-30 06:58:07,526 - PendingVehiclesPanel - INFO - Successfully refreshed pending list with 0 items
2025-05-30 06:58:07,527 - DataManager - INFO - Created new daily folder: data\reports\30-05
2025-05-30 06:58:43,108 - DataManager - INFO - Successfully loaded 41 records from data\Tharuni_Guntur_data.csv
2025-05-30 06:58:43,112 - DataManager - INFO - Successfully loaded 41 records from data\Tharuni_Guntur_data.csv
2025-05-30 06:58:47,764 - DataManager - INFO - Cloud storage initialized on demand
2025-05-30 06:58:47,767 - DataManager - INFO - Found 39 JSON backup files for bulk upload
2025-05-30 06:58:47,792 - DataManager - ERROR - Error uploading T0002_Tharuni_Guntur_211239.json: 'CloudStorageService' object has no attribute 'upload_record_with_images'
2025-05-30 06:58:47,804 - DataManager - ERROR - Error uploading T0003_Tharuni_Guntur_212042.json: 'CloudStorageService' object has no attribute 'upload_record_with_images'
2025-05-30 06:58:47,816 - DataManager - ERROR - Error uploading T0004_Tharuni_Guntur_214248.json: 'CloudStorageService' object has no attribute 'upload_record_with_images'
2025-05-30 06:58:47,828 - DataManager - ERROR - Error uploading T0005_Tharuni_Guntur_214703.json: 'CloudStorageService' object has no attribute 'upload_record_with_images'
2025-05-30 06:58:47,831 - DataManager - ERROR - Error uploading T0006_Tharuni_Guntur_215228.json: 'CloudStorageService' object has no attribute 'upload_record_with_images'
2025-05-30 06:58:47,843 - DataManager - ERROR - Error uploading T0007_Tharuni_Guntur_220413.json: 'CloudStorageService' object has no attribute 'upload_record_with_images'
2025-05-30 06:58:47,856 - DataManager - ERROR - Error uploading T0008_Tharuni_Guntur_221138.json: 'CloudStorageService' object has no attribute 'upload_record_with_images'
2025-05-30 06:58:47,858 - DataManager - ERROR - Error uploading T0009_Tharuni_Guntur_221746.json: 'CloudStorageService' object has no attribute 'upload_record_with_images'
2025-05-30 06:58:47,870 - DataManager - ERROR - Error uploading T0010_Tharuni_Guntur_222608.json: 'CloudStorageService' object has no attribute 'upload_record_with_images'
2025-05-30 06:58:47,882 - DataManager - ERROR - Error uploading T0011_Tharuni_Guntur_230418.json: 'CloudStorageService' object has no attribute 'upload_record_with_images'
2025-05-30 06:58:47,891 - DataManager - ERROR - Error uploading T0012_Tharuni_Guntur_232426.json: 'CloudStorageService' object has no attribute 'upload_record_with_images'
2025-05-30 06:58:47,902 - DataManager - ERROR - Error uploading T0013_Tharuni_Guntur_232629.json: 'CloudStorageService' object has no attribute 'upload_record_with_images'
2025-05-30 06:58:47,904 - DataManager - ERROR - Error uploading T0014_Tharuni_Guntur_233046.json: 'CloudStorageService' object has no attribute 'upload_record_with_images'
2025-05-30 06:58:47,913 - DataManager - ERROR - Error uploading T0015_Tharuni_Guntur_233500.json: 'CloudStorageService' object has no attribute 'upload_record_with_images'
2025-05-30 06:58:47,923 - DataManager - ERROR - Error uploading T0016_Tharuni_Guntur_233910.json: 'CloudStorageService' object has no attribute 'upload_record_with_images'
2025-05-30 06:58:47,933 - DataManager - ERROR - Error uploading T0017_Tharuni_Guntur_234531.json: 'CloudStorageService' object has no attribute 'upload_record_with_images'
2025-05-30 06:58:47,942 - DataManager - ERROR - Error uploading T0018_Tharuni_Guntur_235358.json: 'CloudStorageService' object has no attribute 'upload_record_with_images'
2025-05-30 06:58:47,954 - DataManager - ERROR - Error uploading T0019_Tharuni_Guntur_235500.json: 'CloudStorageService' object has no attribute 'upload_record_with_images'
2025-05-30 06:58:47,965 - DataManager - ERROR - Error uploading T0020_Tharuni_Guntur_235617.json: 'CloudStorageService' object has no attribute 'upload_record_with_images'
2025-05-30 06:58:47,978 - DataManager - ERROR - Error uploading T0021_Tharuni_Guntur_000306.json: 'CloudStorageService' object has no attribute 'upload_record_with_images'
2025-05-30 06:58:47,987 - DataManager - ERROR - Error uploading T0022_Tharuni_Guntur_000513.json: 'CloudStorageService' object has no attribute 'upload_record_with_images'
2025-05-30 06:58:47,990 - DataManager - ERROR - Error uploading T0023_Tharuni_Guntur_001027.json: 'CloudStorageService' object has no attribute 'upload_record_with_images'
2025-05-30 06:58:48,000 - DataManager - ERROR - Error uploading T0024_Tharuni_Guntur_001251.json: 'CloudStorageService' object has no attribute 'upload_record_with_images'
2025-05-30 06:58:48,009 - DataManager - ERROR - Error uploading T0025_Tharuni_Guntur_001643.json: 'CloudStorageService' object has no attribute 'upload_record_with_images'
2025-05-30 06:58:48,011 - DataManager - ERROR - Error uploading T0026_Tharuni_Guntur_001921.json: 'CloudStorageService' object has no attribute 'upload_record_with_images'
2025-05-30 06:58:48,023 - DataManager - ERROR - Error uploading T0027_Tharuni_Guntur_012944.json: 'CloudStorageService' object has no attribute 'upload_record_with_images'
2025-05-30 06:58:48,034 - DataManager - ERROR - Error uploading T0028_Tharuni_Guntur_055441.json: 'CloudStorageService' object has no attribute 'upload_record_with_images'
2025-05-30 06:58:48,045 - DataManager - ERROR - Error uploading T0029_Tharuni_Guntur_060421.json: 'CloudStorageService' object has no attribute 'upload_record_with_images'
2025-05-30 06:58:48,054 - DataManager - ERROR - Error uploading T0030_Tharuni_Guntur_060643.json: 'CloudStorageService' object has no attribute 'upload_record_with_images'
2025-05-30 06:58:48,065 - DataManager - ERROR - Error uploading T0031_Tharuni_Guntur_060810.json: 'CloudStorageService' object has no attribute 'upload_record_with_images'
2025-05-30 06:58:48,075 - DataManager - ERROR - Error uploading T0032_Tharuni_Guntur_061021.json: 'CloudStorageService' object has no attribute 'upload_record_with_images'
2025-05-30 06:58:48,085 - DataManager - ERROR - Error uploading T0033_Tharuni_Guntur_061236.json: 'CloudStorageService' object has no attribute 'upload_record_with_images'
2025-05-30 06:58:48,094 - DataManager - ERROR - Error uploading T0034_Tharuni_Guntur_062057.json: 'CloudStorageService' object has no attribute 'upload_record_with_images'
2025-05-30 06:58:48,105 - DataManager - ERROR - Error uploading T0035_Tharuni_Guntur_062248.json: 'CloudStorageService' object has no attribute 'upload_record_with_images'
2025-05-30 06:58:48,116 - DataManager - ERROR - Error uploading T0036_Tharuni_Guntur_062818.json: 'CloudStorageService' object has no attribute 'upload_record_with_images'
2025-05-30 06:58:48,126 - DataManager - ERROR - Error uploading T0037_Tharuni_Guntur_062952.json: 'CloudStorageService' object has no attribute 'upload_record_with_images'
2025-05-30 06:58:48,136 - DataManager - ERROR - Error uploading T0038_Tharuni_Guntur_063402.json: 'CloudStorageService' object has no attribute 'upload_record_with_images'
2025-05-30 06:58:48,148 - DataManager - ERROR - Error uploading T0039_Tharuni_Guntur_063853.json: 'CloudStorageService' object has no attribute 'upload_record_with_images'
2025-05-30 06:58:48,158 - DataManager - ERROR - Error uploading T0040_Tharuni_Guntur_065731.json: 'CloudStorageService' object has no attribute 'upload_record_with_images'
2025-05-30 06:58:48,159 - DataManager - INFO - Successfully loaded 41 records from data\Tharuni_Guntur_data.csv
2025-05-30 06:59:07,540 - PendingVehiclesPanel - INFO - Refreshing pending vehicles list
2025-05-30 06:59:07,541 - DataManager - INFO - Successfully loaded 41 records from data\Tharuni_Guntur_data.csv
2025-05-30 06:59:07,542 - PendingVehiclesPanel - INFO - Retrieved 41 total records
2025-05-30 06:59:07,542 - PendingVehiclesPanel - INFO - Found 0 pending records
2025-05-30 06:59:07,543 - PendingVehiclesPanel - INFO - Successfully refreshed pending list with 0 items
2025-05-30 07:00:07,557 - PendingVehiclesPanel - INFO - Refreshing pending vehicles list
2025-05-30 07:00:07,558 - DataManager - INFO - Successfully loaded 41 records from data\Tharuni_Guntur_data.csv
2025-05-30 07:00:07,559 - PendingVehiclesPanel - INFO - Retrieved 41 total records
2025-05-30 07:00:07,559 - PendingVehiclesPanel - INFO - Found 0 pending records
2025-05-30 07:00:07,560 - PendingVehiclesPanel - INFO - Successfully refreshed pending list with 0 items
2025-05-30 07:01:07,565 - PendingVehiclesPanel - INFO - Refreshing pending vehicles list
2025-05-30 07:01:07,566 - DataManager - INFO - Successfully loaded 41 records from data\Tharuni_Guntur_data.csv
2025-05-30 07:01:07,567 - PendingVehiclesPanel - INFO - Retrieved 41 total records
2025-05-30 07:01:07,567 - PendingVehiclesPanel - INFO - Found 0 pending records
2025-05-30 07:01:07,567 - PendingVehiclesPanel - INFO - Successfully refreshed pending list with 0 items
2025-05-30 07:02:07,575 - PendingVehiclesPanel - INFO - Refreshing pending vehicles list
2025-05-30 07:02:07,578 - DataManager - INFO - Successfully loaded 41 records from data\Tharuni_Guntur_data.csv
2025-05-30 07:02:07,578 - PendingVehiclesPanel - INFO - Retrieved 41 total records
2025-05-30 07:02:07,580 - PendingVehiclesPanel - INFO - Found 0 pending records
2025-05-30 07:02:07,580 - PendingVehiclesPanel - INFO - Successfully refreshed pending list with 0 items
2025-05-30 07:02:33,653 - DataManager - INFO - Found 39 JSON backup files for bulk upload
2025-05-30 07:02:34,429 - TharuniApp - INFO - Updating camera settings: {'front_camera_type': 'HTTP', 'front_camera_index': 1, 'front_rtsp_username': '', 'front_rtsp_password': '', 'front_rtsp_ip': '', 'front_rtsp_port': '8554', 'front_rtsp_endpoint': '/stream', 'front_http_username': '', 'front_http_password': '', 'front_http_ip': '', 'front_http_port': '80', 'front_http_endpoint': '/mjpeg', 'back_camera_type': 'HTTP', 'back_camera_index': 0, 'back_rtsp_username': '', 'back_rtsp_password': '', 'back_rtsp_ip': '', 'back_rtsp_port': '8555', 'back_rtsp_endpoint': '/stream', 'back_http_username': '', 'back_http_password': '', 'back_http_ip': '', 'back_http_port': '80', 'back_http_endpoint': '/mjpeg'}
2025-05-30 07:02:34,437 - TharuniApp - INFO - Camera settings saved for persistence
2025-05-30 07:02:37,115 - TharuniApp - INFO - ============================================================
2025-05-30 07:02:37,115 - TharuniApp - INFO - APPLICATION STARTUP
2025-05-30 07:02:37,115 - TharuniApp - INFO - ============================================================
2025-05-30 07:02:37,131 - TharuniApp - INFO - Configuration setup completed
2025-05-30 07:02:37,132 - DataManager - INFO - DataManager initialized with OFFLINE-FIRST approach + JSON local storage
2025-05-30 07:02:37,132 - DataManager - INFO - CSV structure is up to date
2025-05-30 07:02:37,133 - DataManager - INFO - Daily PDF folder structure ready:
2025-05-30 07:02:37,134 - DataManager - INFO -   Base reports folder: data\reports
2025-05-30 07:02:37,134 - DataManager - INFO -   Today's folder: data\reports\2025-05-30
2025-05-30 07:02:37,135 - DataManager - INFO - Data file: data\weighbridge_data.csv
2025-05-30 07:02:37,136 - DataManager - INFO - Reports folder: data\reports
2025-05-30 07:02:37,136 - DataManager - INFO - JSON backup folder: data\json_backups
2025-05-30 07:02:37,136 - DataManager - INFO - PDF folder: data\reports\2025-05-30
2025-05-30 07:02:37,136 - DataManager - INFO - Cloud storage will only be initialized when backup is requested
2025-05-30 07:02:37,137 - TharuniApp - INFO - Data manager initialized
2025-05-30 07:02:37,141 - TharuniApp - INFO - Settings storage initialized
2025-05-30 07:02:37,143 - TharuniApp - INFO - UI styles initialized
2025-05-30 07:02:37,143 - TharuniApp - INFO - Starting user authentication
2025-05-30 07:02:44,708 - TharuniApp - INFO - Authentication canceled - exiting application
2025-05-30 07:02:44,708 - TharuniApp - INFO - User authentication failed or canceled - exiting
2025-05-30 07:02:52,640 - TharuniApp - INFO - ============================================================
2025-05-30 07:02:52,640 - TharuniApp - INFO - APPLICATION STARTUP
2025-05-30 07:02:52,641 - TharuniApp - INFO - ============================================================
2025-05-30 07:02:52,644 - TharuniApp - INFO - Configuration setup completed
2025-05-30 07:02:52,644 - DataManager - INFO - DataManager initialized with OFFLINE-FIRST approach + JSON local storage
2025-05-30 07:02:52,645 - DataManager - INFO - CSV structure is up to date
2025-05-30 07:02:52,645 - DataManager - INFO - Daily PDF folder structure ready:
2025-05-30 07:02:52,646 - DataManager - INFO -   Base reports folder: data\reports
2025-05-30 07:02:52,646 - DataManager - INFO -   Today's folder: data\reports\2025-05-30
2025-05-30 07:02:52,647 - DataManager - INFO - Data file: data\weighbridge_data.csv
2025-05-30 07:02:52,647 - DataManager - INFO - Reports folder: data\reports
2025-05-30 07:02:52,647 - DataManager - INFO - JSON backup folder: data\json_backups
2025-05-30 07:02:52,647 - DataManager - INFO - PDF folder: data\reports\2025-05-30
2025-05-30 07:02:52,648 - DataManager - INFO - Cloud storage will only be initialized when backup is requested
2025-05-30 07:02:52,648 - TharuniApp - INFO - Data manager initialized
2025-05-30 07:02:52,649 - TharuniApp - INFO - Settings storage initialized
2025-05-30 07:02:52,652 - TharuniApp - INFO - UI styles initialized
2025-05-30 07:02:52,652 - TharuniApp - INFO - Starting user authentication
2025-05-30 07:02:56,257 - TharuniApp - INFO - Authentication successful: admin
2025-05-30 07:02:56,257 - TharuniApp - INFO - User logged in: admin (Role: admin)
2025-05-30 07:02:56,257 - TharuniApp - INFO - Setting up data context
2025-05-30 07:02:56,258 - DataManager - INFO - CSV structure is up to date
2025-05-30 07:02:56,258 - DataManager - INFO - Data context set to: Agency='Tharuni', Site='Guntur'
2025-05-30 07:02:56,259 - DataManager - INFO - Data file: data\Tharuni_Guntur_data.csv
2025-05-30 07:02:56,259 - TharuniApp - INFO - Data context initialized: Agency='Tharuni', Site='Guntur'
2025-05-30 07:02:56,259 - TharuniApp - INFO - Data will be saved to: data\Tharuni_Guntur_data.csv
2025-05-30 07:02:56,259 - TharuniApp - INFO - PDFs will be saved to: data\reports\2025-05-30
2025-05-30 07:02:56,259 - TharuniApp - INFO - Creating application widgets
2025-05-30 07:02:56,277 - TharuniApp - INFO - Creating main panel
2025-05-30 07:02:56,282 - FormValidator - INFO - FormValidator initialized
2025-05-30 07:02:56,292 - DataManager - INFO - Successfully loaded 41 records from data\Tharuni_Guntur_data.csv
2025-05-30 07:02:57,377 - DataManager - INFO - Successfully loaded 41 records from data\Tharuni_Guntur_data.csv
2025-05-30 07:02:57,378 - TharuniApp - INFO - Main form created
2025-05-30 07:02:57,379 - DataManager - INFO - CSV structure is up to date
2025-05-30 07:02:57,380 - DataManager - INFO - Data context set to: Agency='Tharuni', Site='Guntur'
2025-05-30 07:02:57,380 - DataManager - INFO - Data file: data\Tharuni_Guntur_data.csv
2025-05-30 07:02:57,381 - DataManager - INFO - CSV structure is up to date
2025-05-30 07:02:57,381 - DataManager - INFO - Data context set to: Agency='Tharuni', Site='Guntur'
2025-05-30 07:02:57,381 - DataManager - INFO - Data file: data\Tharuni_Guntur_data.csv
2025-05-30 07:02:57,382 - DataManager - INFO - CSV structure is up to date
2025-05-30 07:02:57,382 - DataManager - INFO - Data context set to: Agency='Tharuni', Site='Guntur'
2025-05-30 07:02:57,382 - DataManager - INFO - Data file: data\Tharuni_Guntur_data.csv
2025-05-30 07:02:57,382 - PendingVehiclesPanel - INFO - PendingVehiclesPanel initialized
2025-05-30 07:02:57,387 - PendingVehiclesPanel - INFO - Refreshing pending vehicles list
2025-05-30 07:02:57,388 - DataManager - INFO - Successfully loaded 41 records from data\Tharuni_Guntur_data.csv
2025-05-30 07:02:57,388 - PendingVehiclesPanel - INFO - Retrieved 41 total records
2025-05-30 07:02:57,389 - PendingVehiclesPanel - INFO - Found 0 pending records
2025-05-30 07:02:57,389 - PendingVehiclesPanel - INFO - Successfully refreshed pending list with 0 items
2025-05-30 07:02:57,389 - TharuniApp - INFO - Pending vehicles panel created
2025-05-30 07:02:57,593 - TharuniApp - INFO - Main panel creation completed
2025-05-30 07:02:57,618 - TharuniApp - INFO - Summary panel created
2025-05-30 07:02:57,810 - TharuniApp - INFO - ✅ Data manager reference set in settings panel
2025-05-30 07:02:57,810 - TharuniApp - INFO - Widget creation completed successfully
2025-05-30 07:02:57,811 - PendingVehiclesPanel - INFO - Refreshing pending vehicles list
2025-05-30 07:02:57,811 - DataManager - INFO - Successfully loaded 41 records from data\Tharuni_Guntur_data.csv
2025-05-30 07:02:57,812 - PendingVehiclesPanel - INFO - Retrieved 41 total records
2025-05-30 07:02:57,812 - PendingVehiclesPanel - INFO - Found 0 pending records
2025-05-30 07:02:57,812 - PendingVehiclesPanel - INFO - Successfully refreshed pending list with 0 items
2025-05-30 07:02:57,813 - DataManager - INFO - Created new daily folder: data\reports\30-05
2025-05-30 07:02:57,813 - TharuniApp - INFO - Application initialization completed successfully
2025-05-30 07:02:58,821 - TharuniApp - INFO - Ensuring settings persistence...
2025-05-30 07:02:58,831 - TharuniApp - INFO - Settings persistence check completed
2025-05-30 07:03:07,161 - DataManager - INFO - Successfully loaded 41 records from data\Tharuni_Guntur_data.csv
2025-05-30 07:03:07,172 - DataManager - INFO - Successfully loaded 41 records from data\Tharuni_Guntur_data.csv
2025-05-30 07:03:07,173 - DataManager - INFO - Successfully loaded 41 records from data\Tharuni_Guntur_data.csv
2025-05-30 07:03:08,117 - DataManager - INFO - Successfully loaded 41 records from data\Tharuni_Guntur_data.csv
2025-05-30 07:03:08,119 - DataManager - INFO - Successfully loaded 41 records from data\Tharuni_Guntur_data.csv
2025-05-30 07:03:10,981 - DataManager - INFO - Successfully loaded 41 records from data\Tharuni_Guntur_data.csv
2025-05-30 07:03:10,982 - DataManager - INFO - Successfully loaded 41 records from data\Tharuni_Guntur_data.csv
2025-05-30 07:03:14,399 - FormValidator - INFO - Vehicle validation passed: TS04UA4444
2025-05-30 07:03:15,363 - DataManager - INFO - Successfully loaded 41 records from data\Tharuni_Guntur_data.csv
2025-05-30 07:03:15,365 - DataManager - INFO - Successfully loaded 41 records from data\Tharuni_Guntur_data.csv
2025-05-30 07:03:18,202 - DataManager - INFO - Successfully loaded 41 records from data\Tharuni_Guntur_data.csv
2025-05-30 07:03:18,203 - DataManager - INFO - Successfully loaded 41 records from data\Tharuni_Guntur_data.csv
2025-05-30 07:03:20,655 - FormValidator - INFO - Vehicle validation passed: TS04UA4444
2025-05-30 07:03:21,488 - DataManager - INFO - Successfully loaded 41 records from data\Tharuni_Guntur_data.csv
2025-05-30 07:03:21,489 - DataManager - INFO - Successfully loaded 41 records from data\Tharuni_Guntur_data.csv
2025-05-30 07:03:23,852 - TharuniApp - INFO - ==================================================
2025-05-30 07:03:23,853 - TharuniApp - INFO - SAVE RECORD OPERATION STARTED
2025-05-30 07:03:23,853 - FormValidator - INFO - Starting comprehensive form validation
2025-05-30 07:03:23,854 - FormValidator - INFO - Validating basic fields
2025-05-30 07:03:23,854 - FormValidator - INFO - Field values: ticket='T0041', vehicle='TS04UA4444', agency='Tharuni'
2025-05-30 07:03:23,855 - FormValidator - INFO - Basic validation passed
2025-05-30 07:03:23,855 - FormValidator - INFO - Validating weighment data
2025-05-30 07:03:23,856 - FormValidator - INFO - Weighment data: first_weight='15150.00', first_timestamp='30-05-2025 07:03:10', second_weight='8380.00', second_timestamp='30-05-2025 07:03:17'
2025-05-30 07:03:23,856 - FormValidator - INFO - Weighment validation passed
2025-05-30 07:03:23,857 - FormValidator - INFO - Validating images for second weighment
2025-05-30 07:03:23,857 - FormValidator - INFO - Images validation for second: front=True, back=False
2025-05-30 07:03:23,858 - FormValidator - INFO - Form validation passed successfully
2025-05-30 07:03:23,860 - TharuniApp - INFO - Saving record for ticket: T0041
2025-05-30 07:03:23,861 - TharuniApp - INFO - Form data keys: ['date', 'time', 'site_name', 'agency_name', 'material', 'ticket_no', 'vehicle_no', 'transfer_party_name', 'first_weight', 'first_timestamp', 'second_weight', 'second_timestamp', 'net_weight', 'material_type', 'first_front_image', 'first_back_image', 'second_front_image', 'second_back_image', 'site_incharge', 'user_name']
2025-05-30 07:03:23,862 - TharuniApp - INFO - Record is complete: True
2025-05-30 07:03:23,862 - TharuniApp - INFO - Calling data_manager.save_record for T0041
2025-05-30 07:03:23,863 - DataManager - INFO - ==================================================
2025-05-30 07:03:23,863 - DataManager - INFO - STARTING OFFLINE-FIRST RECORD SAVE WITH JSON BACKUP
2025-05-30 07:03:23,864 - DataManager - INFO - Input data keys: ['date', 'time', 'site_name', 'agency_name', 'material', 'ticket_no', 'vehicle_no', 'transfer_party_name', 'first_weight', 'first_timestamp', 'second_weight', 'second_timestamp', 'net_weight', 'material_type', 'first_front_image', 'first_back_image', 'second_front_image', 'second_back_image', 'site_incharge', 'user_name']
2025-05-30 07:03:23,865 - DataManager - INFO - Net weight calculated: 15150.0 - 8380.0 = 6770.00
2025-05-30 07:03:23,866 - DataManager - INFO - Using data file: data\Tharuni_Guntur_data.csv
2025-05-30 07:03:23,867 - DataManager - INFO - Successfully loaded 41 records from data\Tharuni_Guntur_data.csv
2025-05-30 07:03:23,868 - DataManager - INFO - Filtered 41 records to 0 using filter: 't0041'
2025-05-30 07:03:23,869 - DataManager - INFO - Adding new record: T0041
2025-05-30 07:03:23,869 - DataManager - INFO - Adding new record to CSV
2025-05-30 07:03:23,869 - DataManager - INFO - Record data: ['30-05-2025', '07:03:23', 'Guntur', 'Tharuni', 'Inert', 'T0041', 'TS04UA4444', 'Jindal', '15150.00', '30-05-2025 07:03:10', '8380.00', '30-05-2025 07:03:17', '6770.00', 'Inert', 'Guntur_TS04UA4444_20250530_070314_1st_front.jpg', '', 'Guntur_TS04UA4444_20250530_070320_2nd_front.jpg', '', '', 'admin']
2025-05-30 07:03:23,871 - DataManager - INFO - ✅ New record added to data\Tharuni_Guntur_data.csv
2025-05-30 07:03:23,872 - DataManager - INFO - ✅ Record T0041 saved to local CSV successfully
2025-05-30 07:03:23,872 - DataManager - INFO - Record completion status: True
2025-05-30 07:03:23,873 - DataManager - INFO - Complete record detected - saving JSON backup locally...
2025-05-30 07:03:23,874 - DataManager - INFO - Created new daily JSON folder: data\json_backups\2025-05-30
2025-05-30 07:03:23,876 - DataManager - INFO - JSON backup saved: data\json_backups\2025-05-30\T0041_Tharuni_Guntur_070323.json
2025-05-30 07:03:23,877 - DataManager - INFO - ✅ JSON backup saved locally for T0041
2025-05-30 07:03:23,877 - DataManager - INFO - Complete record detected for ticket T0041 - generating PDF locally...
2025-05-30 07:03:23,878 - DataManager - INFO - Today's reports folder ensured: data\reports\2025-05-30
2025-05-30 07:03:23,879 - DataManager - INFO - Reports will be saved to: data\reports\2025-05-30
2025-05-30 07:03:23,880 - DataManager - INFO - Today's reports folder ensured: data\reports\2025-05-30
2025-05-30 07:03:23,883 - DataManager - INFO - SIMPLE TEST - Net display: '6770.00 kg'
2025-05-30 07:03:23,887 - DataManager - WARNING - Watermark error: cannot access local variable 'site' where it is not associated with a value, using image without watermark
2025-05-30 07:03:23,914 - DataManager - WARNING - Watermark error: cannot access local variable 'site' where it is not associated with a value, using image without watermark
2025-05-30 07:03:23,926 - DataManager - INFO - Building PDF document: data\reports\2025-05-30\Tharuni_Guntur_T0041_TS04UA4444_070323.pdf
2025-05-30 07:03:23,966 - DataManager - INFO - PDF created successfully: data\reports\2025-05-30\Tharuni_Guntur_T0041_TS04UA4444_070323.pdf (99511 bytes)
2025-05-30 07:03:23,966 - DataManager - INFO - Auto-generated PDF: data\reports\2025-05-30\Tharuni_Guntur_T0041_TS04UA4444_070323.pdf
2025-05-30 07:03:23,966 - DataManager - INFO - PDF saved to today's reports folder: data\reports\2025-05-30
2025-05-30 07:03:23,967 - DataManager - INFO - ✅ PDF auto-generated locally: data\reports\2025-05-30\Tharuni_Guntur_T0041_TS04UA4444_070323.pdf
2025-05-30 07:03:25,253 - DataManager - INFO - Successfully loaded 42 records from data\Tharuni_Guntur_data.csv
2025-05-30 07:03:25,254 - DataManager - INFO - Successfully loaded 42 records from data\Tharuni_Guntur_data.csv
2025-05-30 07:03:25,260 - DataManager - INFO - ✅ OFFLINE-FIRST SAVE COMPLETED - Local CSV, JSON backup, and PDF generated
2025-05-30 07:03:25,261 - DataManager - INFO - 📂 PDF saved to today's reports folder: data\reports\2025-05-30
2025-05-30 07:03:25,262 - DataManager - INFO - 💡 Cloud backup available via Settings > Cloud Storage > Backup
2025-05-30 07:03:25,263 - DataManager - INFO - ==================================================
2025-05-30 07:03:25,263 - TharuniApp - INFO - ✅ Record T0041 saved successfully
2025-05-30 07:03:25,269 - TharuniApp - INFO - ✅ Ticket T0041 completed - counter incremented
2025-05-30 07:03:25,269 - TharuniApp - INFO - Removing T0041 from pending vehicles list
2025-05-30 07:03:25,270 - PendingVehiclesPanel - INFO - Attempting to remove ticket T0041 from pending list
2025-05-30 07:03:25,270 - PendingVehiclesPanel - WARNING - Ticket T0041 not found in pending list for removal
2025-05-30 07:03:25,270 - PendingVehiclesPanel - INFO - Refreshing pending vehicles list
2025-05-30 07:03:25,271 - DataManager - INFO - Successfully loaded 42 records from data\Tharuni_Guntur_data.csv
2025-05-30 07:03:25,271 - PendingVehiclesPanel - INFO - Retrieved 42 total records
2025-05-30 07:03:25,272 - PendingVehiclesPanel - INFO - Found 0 pending records
2025-05-30 07:03:25,272 - PendingVehiclesPanel - INFO - Successfully refreshed pending list with 0 items
2025-05-30 07:03:25,560 - TharuniApp - INFO - ✅ Complete record processing finished for T0041
2025-05-30 07:03:25,561 - DataManager - INFO - Successfully loaded 42 records from data\Tharuni_Guntur_data.csv
2025-05-30 07:03:25,561 - DataManager - INFO - Returning all 42 records (no filter)
2025-05-30 07:03:25,562 - PendingVehiclesPanel - INFO - Refreshing pending vehicles list
2025-05-30 07:03:25,563 - DataManager - INFO - Successfully loaded 42 records from data\Tharuni_Guntur_data.csv
2025-05-30 07:03:25,563 - PendingVehiclesPanel - INFO - Retrieved 42 total records
2025-05-30 07:03:25,564 - PendingVehiclesPanel - INFO - Found 0 pending records
2025-05-30 07:03:25,564 - PendingVehiclesPanel - INFO - Successfully refreshed pending list with 0 items
2025-05-30 07:03:25,564 - TharuniApp - INFO - SAVE RECORD OPERATION COMPLETED SUCCESSFULLY
2025-05-30 07:03:25,564 - TharuniApp - INFO - ==================================================
2025-05-30 07:03:56,777 - DataManager - INFO - Cloud storage initialized on demand
2025-05-30 07:03:56,780 - DataManager - INFO - Found 40 JSON backup files for bulk upload
2025-05-30 07:03:57,096 - DataManager - INFO - Uploaded JSON backup: T0002_Tharuni_Guntur_211239.json
2025-05-30 07:03:57,349 - DataManager - INFO - Uploaded JSON backup: T0003_Tharuni_Guntur_212042.json
2025-05-30 07:03:57,605 - DataManager - INFO - Uploaded JSON backup: T0004_Tharuni_Guntur_214248.json
2025-05-30 07:03:57,868 - DataManager - INFO - Uploaded JSON backup: T0005_Tharuni_Guntur_214703.json
2025-05-30 07:03:58,125 - DataManager - INFO - Uploaded JSON backup: T0006_Tharuni_Guntur_215228.json
2025-05-30 07:03:58,382 - DataManager - INFO - Uploaded JSON backup: T0007_Tharuni_Guntur_220413.json
2025-05-30 07:03:58,648 - DataManager - INFO - Uploaded JSON backup: T0008_Tharuni_Guntur_221138.json
2025-05-30 07:03:59,291 - DataManager - INFO - Uploaded JSON backup: T0009_Tharuni_Guntur_221746.json
2025-05-30 07:03:59,975 - DataManager - INFO - Uploaded JSON backup: T0010_Tharuni_Guntur_222608.json
2025-05-30 07:04:00,603 - DataManager - INFO - Uploaded JSON backup: T0011_Tharuni_Guntur_230418.json
2025-05-30 07:04:01,254 - DataManager - INFO - Uploaded JSON backup: T0012_Tharuni_Guntur_232426.json
2025-05-30 07:04:02,261 - DataManager - INFO - Uploaded JSON backup: T0013_Tharuni_Guntur_232629.json
2025-05-30 07:04:03,271 - DataManager - INFO - Uploaded JSON backup: T0014_Tharuni_Guntur_233046.json
2025-05-30 07:04:04,279 - DataManager - INFO - Uploaded JSON backup: T0015_Tharuni_Guntur_233500.json
2025-05-30 07:04:04,552 - DataManager - INFO - Uploaded JSON backup: T0016_Tharuni_Guntur_233910.json
2025-05-30 07:04:04,810 - DataManager - INFO - Uploaded JSON backup: T0017_Tharuni_Guntur_234531.json
2025-05-30 07:04:05,460 - DataManager - INFO - Uploaded JSON backup: T0018_Tharuni_Guntur_235358.json
2025-05-30 07:04:05,721 - DataManager - INFO - Uploaded JSON backup: T0019_Tharuni_Guntur_235500.json
2025-05-30 07:04:05,981 - DataManager - INFO - Uploaded JSON backup: T0020_Tharuni_Guntur_235617.json
2025-05-30 07:04:06,230 - DataManager - INFO - Uploaded JSON backup: T0021_Tharuni_Guntur_000306.json
2025-05-30 07:04:06,483 - DataManager - INFO - Uploaded JSON backup: T0022_Tharuni_Guntur_000513.json
2025-05-30 07:04:06,743 - DataManager - INFO - Uploaded JSON backup: T0023_Tharuni_Guntur_001027.json
2025-05-30 07:04:07,368 - DataManager - INFO - Uploaded JSON backup: T0024_Tharuni_Guntur_001251.json
2025-05-30 07:04:08,025 - DataManager - INFO - Uploaded JSON backup: T0025_Tharuni_Guntur_001643.json
2025-05-30 07:04:08,628 - DataManager - INFO - Uploaded JSON backup: T0026_Tharuni_Guntur_001921.json
2025-05-30 07:04:08,875 - DataManager - INFO - Uploaded JSON backup: T0027_Tharuni_Guntur_012944.json
2025-05-30 07:04:09,840 - DataManager - INFO - Uploaded JSON backup: T0028_Tharuni_Guntur_055441.json
2025-05-30 07:04:10,832 - DataManager - INFO - Uploaded JSON backup: T0029_Tharuni_Guntur_060421.json
2025-05-30 07:04:11,785 - DataManager - INFO - Uploaded JSON backup: T0030_Tharuni_Guntur_060643.json
2025-05-30 07:04:12,744 - DataManager - INFO - Uploaded JSON backup: T0031_Tharuni_Guntur_060810.json
2025-05-30 07:04:13,653 - DataManager - INFO - Uploaded JSON backup: T0032_Tharuni_Guntur_061021.json
2025-05-30 07:04:14,661 - DataManager - INFO - Uploaded JSON backup: T0033_Tharuni_Guntur_061236.json
2025-05-30 07:04:15,635 - DataManager - INFO - Uploaded JSON backup: T0034_Tharuni_Guntur_062057.json
2025-05-30 07:04:16,636 - DataManager - INFO - Uploaded JSON backup: T0035_Tharuni_Guntur_062248.json
2025-05-30 07:04:17,561 - DataManager - INFO - Uploaded JSON backup: T0036_Tharuni_Guntur_062818.json
2025-05-30 07:04:18,163 - DataManager - INFO - Uploaded JSON backup: T0037_Tharuni_Guntur_062952.json
2025-05-30 07:04:19,122 - DataManager - INFO - Uploaded JSON backup: T0038_Tharuni_Guntur_063402.json
2025-05-30 07:04:20,117 - DataManager - INFO - Uploaded JSON backup: T0039_Tharuni_Guntur_063853.json
2025-05-30 07:04:21,048 - DataManager - INFO - Uploaded JSON backup: T0040_Tharuni_Guntur_065731.json
2025-05-30 07:04:21,960 - DataManager - INFO - Uploaded JSON backup: T0041_Tharuni_Guntur_070323.json
2025-05-30 07:04:21,962 - DataManager - INFO - Successfully loaded 42 records from data\Tharuni_Guntur_data.csv
2025-05-30 07:04:22,028 - PendingVehiclesPanel - INFO - Refreshing pending vehicles list
2025-05-30 07:04:22,031 - DataManager - INFO - Successfully loaded 42 records from data\Tharuni_Guntur_data.csv
2025-05-30 07:04:22,031 - PendingVehiclesPanel - INFO - Retrieved 42 total records
2025-05-30 07:04:22,031 - PendingVehiclesPanel - INFO - Found 0 pending records
2025-05-30 07:04:22,032 - PendingVehiclesPanel - INFO - Successfully refreshed pending list with 0 items
2025-05-30 07:04:22,032 - DataManager - INFO - Created new daily folder: data\reports\30-05
2025-05-30 07:04:26,351 - DataManager - INFO - Found 40 JSON backup files for bulk upload
2025-05-30 07:04:29,528 - DataManager - INFO - Found 40 JSON backup files for bulk upload
2025-05-30 07:05:22,043 - PendingVehiclesPanel - INFO - Refreshing pending vehicles list
2025-05-30 07:05:22,044 - DataManager - INFO - Successfully loaded 42 records from data\Tharuni_Guntur_data.csv
2025-05-30 07:05:22,045 - PendingVehiclesPanel - INFO - Retrieved 42 total records
2025-05-30 07:05:22,045 - PendingVehiclesPanel - INFO - Found 0 pending records
2025-05-30 07:05:22,045 - PendingVehiclesPanel - INFO - Successfully refreshed pending list with 0 items
2025-05-30 07:06:22,047 - PendingVehiclesPanel - INFO - Refreshing pending vehicles list
2025-05-30 07:06:22,048 - DataManager - INFO - Successfully loaded 42 records from data\Tharuni_Guntur_data.csv
2025-05-30 07:06:22,049 - PendingVehiclesPanel - INFO - Retrieved 42 total records
2025-05-30 07:06:22,049 - PendingVehiclesPanel - INFO - Found 0 pending records
2025-05-30 07:06:22,049 - PendingVehiclesPanel - INFO - Successfully refreshed pending list with 0 items
2025-05-30 07:07:22,061 - PendingVehiclesPanel - INFO - Refreshing pending vehicles list
2025-05-30 07:07:22,062 - DataManager - INFO - Successfully loaded 42 records from data\Tharuni_Guntur_data.csv
2025-05-30 07:07:22,063 - PendingVehiclesPanel - INFO - Retrieved 42 total records
2025-05-30 07:07:22,063 - PendingVehiclesPanel - INFO - Found 0 pending records
2025-05-30 07:07:22,064 - PendingVehiclesPanel - INFO - Successfully refreshed pending list with 0 items
2025-05-30 07:08:22,065 - PendingVehiclesPanel - INFO - Refreshing pending vehicles list
2025-05-30 07:08:22,068 - DataManager - INFO - Successfully loaded 42 records from data\Tharuni_Guntur_data.csv
2025-05-30 07:08:22,069 - PendingVehiclesPanel - INFO - Retrieved 42 total records
2025-05-30 07:08:22,070 - PendingVehiclesPanel - INFO - Found 0 pending records
2025-05-30 07:08:22,071 - PendingVehiclesPanel - INFO - Successfully refreshed pending list with 0 items
2025-05-30 07:09:22,084 - PendingVehiclesPanel - INFO - Refreshing pending vehicles list
2025-05-30 07:09:22,087 - DataManager - INFO - Successfully loaded 42 records from data\Tharuni_Guntur_data.csv
2025-05-30 07:09:22,088 - PendingVehiclesPanel - INFO - Retrieved 42 total records
2025-05-30 07:09:22,089 - PendingVehiclesPanel - INFO - Found 0 pending records
2025-05-30 07:09:22,090 - PendingVehiclesPanel - INFO - Successfully refreshed pending list with 0 items
2025-05-30 07:10:22,104 - PendingVehiclesPanel - INFO - Refreshing pending vehicles list
2025-05-30 07:10:22,108 - DataManager - INFO - Successfully loaded 42 records from data\Tharuni_Guntur_data.csv
2025-05-30 07:10:22,109 - PendingVehiclesPanel - INFO - Retrieved 42 total records
2025-05-30 07:10:22,110 - PendingVehiclesPanel - INFO - Found 0 pending records
2025-05-30 07:10:22,110 - PendingVehiclesPanel - INFO - Successfully refreshed pending list with 0 items
2025-05-30 07:11:22,110 - PendingVehiclesPanel - INFO - Refreshing pending vehicles list
2025-05-30 07:11:22,111 - DataManager - INFO - Successfully loaded 42 records from data\Tharuni_Guntur_data.csv
2025-05-30 07:11:22,112 - PendingVehiclesPanel - INFO - Retrieved 42 total records
2025-05-30 07:11:22,112 - PendingVehiclesPanel - INFO - Found 0 pending records
2025-05-30 07:11:22,112 - PendingVehiclesPanel - INFO - Successfully refreshed pending list with 0 items
2025-05-30 07:12:22,126 - PendingVehiclesPanel - INFO - Refreshing pending vehicles list
2025-05-30 07:12:22,127 - DataManager - INFO - Successfully loaded 42 records from data\Tharuni_Guntur_data.csv
2025-05-30 07:12:22,128 - PendingVehiclesPanel - INFO - Retrieved 42 total records
2025-05-30 07:12:22,128 - PendingVehiclesPanel - INFO - Found 0 pending records
2025-05-30 07:12:22,128 - PendingVehiclesPanel - INFO - Successfully refreshed pending list with 0 items
2025-05-30 07:13:22,139 - PendingVehiclesPanel - INFO - Refreshing pending vehicles list
2025-05-30 07:13:22,140 - DataManager - INFO - Successfully loaded 42 records from data\Tharuni_Guntur_data.csv
2025-05-30 07:13:22,141 - PendingVehiclesPanel - INFO - Retrieved 42 total records
2025-05-30 07:13:22,141 - PendingVehiclesPanel - INFO - Found 0 pending records
2025-05-30 07:13:22,141 - PendingVehiclesPanel - INFO - Successfully refreshed pending list with 0 items
2025-05-30 07:14:22,150 - PendingVehiclesPanel - INFO - Refreshing pending vehicles list
2025-05-30 07:14:22,151 - DataManager - INFO - Successfully loaded 42 records from data\Tharuni_Guntur_data.csv
2025-05-30 07:14:22,152 - PendingVehiclesPanel - INFO - Retrieved 42 total records
2025-05-30 07:14:22,153 - PendingVehiclesPanel - INFO - Found 0 pending records
2025-05-30 07:14:22,153 - PendingVehiclesPanel - INFO - Successfully refreshed pending list with 0 items
2025-05-30 07:15:22,159 - PendingVehiclesPanel - INFO - Refreshing pending vehicles list
2025-05-30 07:15:22,161 - DataManager - INFO - Successfully loaded 42 records from data\Tharuni_Guntur_data.csv
2025-05-30 07:15:22,161 - PendingVehiclesPanel - INFO - Retrieved 42 total records
2025-05-30 07:15:22,162 - PendingVehiclesPanel - INFO - Found 0 pending records
2025-05-30 07:15:22,163 - PendingVehiclesPanel - INFO - Successfully refreshed pending list with 0 items
2025-05-30 07:16:22,165 - PendingVehiclesPanel - INFO - Refreshing pending vehicles list
2025-05-30 07:16:22,168 - DataManager - INFO - Successfully loaded 42 records from data\Tharuni_Guntur_data.csv
2025-05-30 07:16:22,169 - PendingVehiclesPanel - INFO - Retrieved 42 total records
2025-05-30 07:16:22,170 - PendingVehiclesPanel - INFO - Found 0 pending records
2025-05-30 07:16:22,171 - PendingVehiclesPanel - INFO - Successfully refreshed pending list with 0 items
2025-05-30 07:17:22,183 - PendingVehiclesPanel - INFO - Refreshing pending vehicles list
2025-05-30 07:17:22,186 - DataManager - INFO - Successfully loaded 42 records from data\Tharuni_Guntur_data.csv
2025-05-30 07:17:22,187 - PendingVehiclesPanel - INFO - Retrieved 42 total records
2025-05-30 07:17:22,188 - PendingVehiclesPanel - INFO - Found 0 pending records
2025-05-30 07:17:22,189 - PendingVehiclesPanel - INFO - Successfully refreshed pending list with 0 items
2025-05-30 07:18:22,193 - PendingVehiclesPanel - INFO - Refreshing pending vehicles list
2025-05-30 07:18:22,196 - DataManager - INFO - Successfully loaded 42 records from data\Tharuni_Guntur_data.csv
2025-05-30 07:18:22,197 - PendingVehiclesPanel - INFO - Retrieved 42 total records
2025-05-30 07:18:22,198 - PendingVehiclesPanel - INFO - Found 0 pending records
2025-05-30 07:18:22,200 - PendingVehiclesPanel - INFO - Successfully refreshed pending list with 0 items
2025-05-30 07:19:22,206 - PendingVehiclesPanel - INFO - Refreshing pending vehicles list
2025-05-30 07:19:22,209 - DataManager - INFO - Successfully loaded 42 records from data\Tharuni_Guntur_data.csv
2025-05-30 07:19:22,210 - PendingVehiclesPanel - INFO - Retrieved 42 total records
2025-05-30 07:19:22,211 - PendingVehiclesPanel - INFO - Found 0 pending records
2025-05-30 07:19:22,213 - PendingVehiclesPanel - INFO - Successfully refreshed pending list with 0 items
2025-05-30 07:20:22,227 - PendingVehiclesPanel - INFO - Refreshing pending vehicles list
2025-05-30 07:20:22,230 - DataManager - INFO - Successfully loaded 42 records from data\Tharuni_Guntur_data.csv
2025-05-30 07:20:22,231 - PendingVehiclesPanel - INFO - Retrieved 42 total records
2025-05-30 07:20:22,232 - PendingVehiclesPanel - INFO - Found 0 pending records
2025-05-30 07:20:22,233 - PendingVehiclesPanel - INFO - Successfully refreshed pending list with 0 items
2025-05-30 07:21:22,240 - PendingVehiclesPanel - INFO - Refreshing pending vehicles list
2025-05-30 07:21:22,244 - DataManager - INFO - Successfully loaded 42 records from data\Tharuni_Guntur_data.csv
2025-05-30 07:21:22,245 - PendingVehiclesPanel - INFO - Retrieved 42 total records
2025-05-30 07:21:22,246 - PendingVehiclesPanel - INFO - Found 0 pending records
2025-05-30 07:21:22,247 - PendingVehiclesPanel - INFO - Successfully refreshed pending list with 0 items
2025-05-30 07:22:22,259 - PendingVehiclesPanel - INFO - Refreshing pending vehicles list
2025-05-30 07:22:22,262 - DataManager - INFO - Successfully loaded 42 records from data\Tharuni_Guntur_data.csv
2025-05-30 07:22:22,263 - PendingVehiclesPanel - INFO - Retrieved 42 total records
2025-05-30 07:22:22,264 - PendingVehiclesPanel - INFO - Found 0 pending records
2025-05-30 07:22:22,265 - PendingVehiclesPanel - INFO - Successfully refreshed pending list with 0 items
2025-05-30 07:23:22,278 - PendingVehiclesPanel - INFO - Refreshing pending vehicles list
2025-05-30 07:23:22,281 - DataManager - INFO - Successfully loaded 42 records from data\Tharuni_Guntur_data.csv
2025-05-30 07:23:22,282 - PendingVehiclesPanel - INFO - Retrieved 42 total records
2025-05-30 07:23:22,283 - PendingVehiclesPanel - INFO - Found 0 pending records
2025-05-30 07:23:22,284 - PendingVehiclesPanel - INFO - Successfully refreshed pending list with 0 items
2025-05-30 07:24:22,292 - PendingVehiclesPanel - INFO - Refreshing pending vehicles list
2025-05-30 07:24:22,293 - DataManager - INFO - Successfully loaded 42 records from data\Tharuni_Guntur_data.csv
2025-05-30 07:24:22,293 - PendingVehiclesPanel - INFO - Retrieved 42 total records
2025-05-30 07:24:22,294 - PendingVehiclesPanel - INFO - Found 0 pending records
2025-05-30 07:24:22,294 - PendingVehiclesPanel - INFO - Successfully refreshed pending list with 0 items
2025-05-30 07:25:22,306 - PendingVehiclesPanel - INFO - Refreshing pending vehicles list
2025-05-30 07:25:22,308 - DataManager - INFO - Successfully loaded 42 records from data\Tharuni_Guntur_data.csv
2025-05-30 07:25:22,308 - PendingVehiclesPanel - INFO - Retrieved 42 total records
2025-05-30 07:25:22,309 - PendingVehiclesPanel - INFO - Found 0 pending records
2025-05-30 07:25:22,309 - PendingVehiclesPanel - INFO - Successfully refreshed pending list with 0 items
2025-05-30 07:26:22,322 - PendingVehiclesPanel - INFO - Refreshing pending vehicles list
2025-05-30 07:26:22,325 - DataManager - INFO - Successfully loaded 42 records from data\Tharuni_Guntur_data.csv
2025-05-30 07:26:22,326 - PendingVehiclesPanel - INFO - Retrieved 42 total records
2025-05-30 07:26:22,327 - PendingVehiclesPanel - INFO - Found 0 pending records
2025-05-30 07:26:22,329 - PendingVehiclesPanel - INFO - Successfully refreshed pending list with 0 items
2025-05-30 07:27:22,335 - PendingVehiclesPanel - INFO - Refreshing pending vehicles list
2025-05-30 07:27:22,338 - DataManager - INFO - Successfully loaded 42 records from data\Tharuni_Guntur_data.csv
2025-05-30 07:27:22,339 - PendingVehiclesPanel - INFO - Retrieved 42 total records
2025-05-30 07:27:22,341 - PendingVehiclesPanel - INFO - Found 0 pending records
2025-05-30 07:27:22,342 - PendingVehiclesPanel - INFO - Successfully refreshed pending list with 0 items
2025-05-30 07:28:22,351 - PendingVehiclesPanel - INFO - Refreshing pending vehicles list
2025-05-30 07:28:22,354 - DataManager - INFO - Successfully loaded 42 records from data\Tharuni_Guntur_data.csv
2025-05-30 07:28:22,355 - PendingVehiclesPanel - INFO - Retrieved 42 total records
2025-05-30 07:28:22,357 - PendingVehiclesPanel - INFO - Found 0 pending records
2025-05-30 07:28:22,358 - PendingVehiclesPanel - INFO - Successfully refreshed pending list with 0 items
2025-05-30 07:29:22,359 - PendingVehiclesPanel - INFO - Refreshing pending vehicles list
2025-05-30 07:29:22,363 - DataManager - INFO - Successfully loaded 42 records from data\Tharuni_Guntur_data.csv
2025-05-30 07:29:22,364 - PendingVehiclesPanel - INFO - Retrieved 42 total records
2025-05-30 07:29:22,365 - PendingVehiclesPanel - INFO - Found 0 pending records
2025-05-30 07:29:22,366 - PendingVehiclesPanel - INFO - Successfully refreshed pending list with 0 items
2025-05-30 07:30:22,378 - PendingVehiclesPanel - INFO - Refreshing pending vehicles list
2025-05-30 07:30:22,381 - DataManager - INFO - Successfully loaded 42 records from data\Tharuni_Guntur_data.csv
2025-05-30 07:30:22,382 - PendingVehiclesPanel - INFO - Retrieved 42 total records
2025-05-30 07:30:22,383 - PendingVehiclesPanel - INFO - Found 0 pending records
2025-05-30 07:30:22,384 - PendingVehiclesPanel - INFO - Successfully refreshed pending list with 0 items
2025-05-30 07:31:22,391 - PendingVehiclesPanel - INFO - Refreshing pending vehicles list
2025-05-30 07:31:22,394 - DataManager - INFO - Successfully loaded 42 records from data\Tharuni_Guntur_data.csv
2025-05-30 07:31:22,395 - PendingVehiclesPanel - INFO - Retrieved 42 total records
2025-05-30 07:31:22,396 - PendingVehiclesPanel - INFO - Found 0 pending records
2025-05-30 07:31:22,397 - PendingVehiclesPanel - INFO - Successfully refreshed pending list with 0 items
2025-05-30 07:32:22,414 - PendingVehiclesPanel - INFO - Refreshing pending vehicles list
2025-05-30 07:32:22,417 - DataManager - INFO - Successfully loaded 42 records from data\Tharuni_Guntur_data.csv
2025-05-30 07:32:22,418 - PendingVehiclesPanel - INFO - Retrieved 42 total records
2025-05-30 07:32:22,419 - PendingVehiclesPanel - INFO - Found 0 pending records
2025-05-30 07:32:22,421 - PendingVehiclesPanel - INFO - Successfully refreshed pending list with 0 items
2025-05-30 07:33:22,427 - PendingVehiclesPanel - INFO - Refreshing pending vehicles list
2025-05-30 07:33:22,431 - DataManager - INFO - Successfully loaded 42 records from data\Tharuni_Guntur_data.csv
2025-05-30 07:33:22,432 - PendingVehiclesPanel - INFO - Retrieved 42 total records
2025-05-30 07:33:22,433 - PendingVehiclesPanel - INFO - Found 0 pending records
2025-05-30 07:33:22,434 - PendingVehiclesPanel - INFO - Successfully refreshed pending list with 0 items
2025-05-30 07:34:22,436 - PendingVehiclesPanel - INFO - Refreshing pending vehicles list
2025-05-30 07:34:22,439 - DataManager - INFO - Successfully loaded 42 records from data\Tharuni_Guntur_data.csv
2025-05-30 07:34:22,440 - PendingVehiclesPanel - INFO - Retrieved 42 total records
2025-05-30 07:34:22,441 - PendingVehiclesPanel - INFO - Found 0 pending records
2025-05-30 07:34:22,442 - PendingVehiclesPanel - INFO - Successfully refreshed pending list with 0 items
2025-05-30 07:35:22,451 - PendingVehiclesPanel - INFO - Refreshing pending vehicles list
2025-05-30 07:35:22,454 - DataManager - INFO - Successfully loaded 42 records from data\Tharuni_Guntur_data.csv
2025-05-30 07:35:22,456 - PendingVehiclesPanel - INFO - Retrieved 42 total records
2025-05-30 07:35:22,457 - PendingVehiclesPanel - INFO - Found 0 pending records
2025-05-30 07:35:22,457 - PendingVehiclesPanel - INFO - Successfully refreshed pending list with 0 items
2025-05-30 19:09:11,193 - TharuniApp - INFO - ============================================================
2025-05-30 19:09:11,194 - TharuniApp - INFO - APPLICATION STARTUP
2025-05-30 19:09:11,194 - TharuniApp - INFO - ============================================================
2025-05-30 19:09:11,206 - TharuniApp - INFO - Configuration setup completed
2025-05-30 19:09:11,208 - DataManager - INFO - DataManager initialized with OFFLINE-FIRST approach + JSON local storage
2025-05-30 19:09:11,219 - DataManager - INFO - CSV structure is up to date
2025-05-30 19:09:11,220 - DataManager - INFO - Daily PDF folder structure ready:
2025-05-30 19:09:11,220 - DataManager - INFO -   Base reports folder: data\reports
2025-05-30 19:09:11,221 - DataManager - INFO -   Today's folder: data\reports\2025-05-30
2025-05-30 19:09:11,232 - DataManager - INFO - Data file: data\weighbridge_data.csv
2025-05-30 19:09:11,232 - DataManager - INFO - Reports folder: data\reports
2025-05-30 19:09:11,232 - DataManager - INFO - JSON backup folder: data\json_backups
2025-05-30 19:09:11,233 - DataManager - INFO - PDF folder: data\reports\2025-05-30
2025-05-30 19:09:11,233 - DataManager - INFO - Cloud storage will only be initialized when backup is requested
2025-05-30 19:09:11,233 - TharuniApp - INFO - Data manager initialized
2025-05-30 19:09:11,254 - TharuniApp - INFO - Settings storage initialized
2025-05-30 19:09:11,256 - TharuniApp - INFO - UI styles initialized
2025-05-30 19:09:11,257 - TharuniApp - INFO - Starting user authentication
2025-05-30 19:09:18,756 - TharuniApp - INFO - Authentication successful: admin
2025-05-30 19:09:18,757 - TharuniApp - INFO - User logged in: admin (Role: admin)
2025-05-30 19:09:18,757 - TharuniApp - INFO - Setting up data context
2025-05-30 19:09:18,767 - DataManager - INFO - CSV structure is up to date
2025-05-30 19:09:18,768 - DataManager - INFO - Data context set to: Agency='Tharuni', Site='Guntur'
2025-05-30 19:09:18,768 - DataManager - INFO - Data file: data\Tharuni_Guntur_data.csv
2025-05-30 19:09:18,768 - TharuniApp - INFO - Data context initialized: Agency='Tharuni', Site='Guntur'
2025-05-30 19:09:18,769 - TharuniApp - INFO - Data will be saved to: data\Tharuni_Guntur_data.csv
2025-05-30 19:09:18,770 - TharuniApp - INFO - PDFs will be saved to: data\reports\2025-05-30
2025-05-30 19:09:18,770 - TharuniApp - INFO - Creating application widgets
2025-05-30 19:09:18,792 - TharuniApp - INFO - Creating main panel
2025-05-30 19:09:18,797 - FormValidator - INFO - FormValidator initialized
2025-05-30 19:09:18,805 - DataManager - INFO - Successfully loaded 42 records from data\Tharuni_Guntur_data.csv
2025-05-30 19:09:20,203 - DataManager - INFO - Successfully loaded 42 records from data\Tharuni_Guntur_data.csv
2025-05-30 19:09:20,203 - TharuniApp - INFO - Main form created
2025-05-30 19:09:20,205 - DataManager - INFO - CSV structure is up to date
2025-05-30 19:09:20,205 - DataManager - INFO - Data context set to: Agency='Tharuni', Site='Guntur'
2025-05-30 19:09:20,205 - DataManager - INFO - Data file: data\Tharuni_Guntur_data.csv
2025-05-30 19:09:20,206 - DataManager - INFO - CSV structure is up to date
2025-05-30 19:09:20,206 - DataManager - INFO - Data context set to: Agency='Tharuni', Site='Guntur'
2025-05-30 19:09:20,207 - DataManager - INFO - Data file: data\Tharuni_Guntur_data.csv
2025-05-30 19:09:20,207 - DataManager - INFO - CSV structure is up to date
2025-05-30 19:09:20,207 - DataManager - INFO - Data context set to: Agency='Tharuni', Site='Guntur'
2025-05-30 19:09:20,208 - DataManager - INFO - Data file: data\Tharuni_Guntur_data.csv
2025-05-30 19:09:20,208 - PendingVehiclesPanel - INFO - PendingVehiclesPanel initialized
2025-05-30 19:09:20,213 - PendingVehiclesPanel - INFO - Refreshing pending vehicles list
2025-05-30 19:09:20,214 - DataManager - INFO - Successfully loaded 42 records from data\Tharuni_Guntur_data.csv
2025-05-30 19:09:20,214 - PendingVehiclesPanel - INFO - Retrieved 42 total records
2025-05-30 19:09:20,214 - PendingVehiclesPanel - INFO - Found 0 pending records
2025-05-30 19:09:20,215 - PendingVehiclesPanel - INFO - Successfully refreshed pending list with 0 items
2025-05-30 19:09:20,215 - TharuniApp - INFO - Pending vehicles panel created
2025-05-30 19:09:20,411 - TharuniApp - INFO - Main panel creation completed
2025-05-30 19:09:20,418 - TharuniApp - INFO - Summary panel created
2025-05-30 19:09:20,577 - TharuniApp - INFO - ✅ Data manager reference set in settings panel
2025-05-30 19:09:20,578 - TharuniApp - INFO - Widget creation completed successfully
2025-05-30 19:09:20,578 - PendingVehiclesPanel - INFO - Refreshing pending vehicles list
2025-05-30 19:09:20,579 - DataManager - INFO - Successfully loaded 42 records from data\Tharuni_Guntur_data.csv
2025-05-30 19:09:20,579 - PendingVehiclesPanel - INFO - Retrieved 42 total records
2025-05-30 19:09:20,579 - PendingVehiclesPanel - INFO - Found 0 pending records
2025-05-30 19:09:20,580 - PendingVehiclesPanel - INFO - Successfully refreshed pending list with 0 items
2025-05-30 19:09:20,580 - DataManager - INFO - Created new daily folder: data\reports\30-05
2025-05-30 19:09:20,580 - TharuniApp - INFO - Application initialization completed successfully
2025-05-30 19:09:21,590 - TharuniApp - INFO - Ensuring settings persistence...
2025-05-30 19:09:21,593 - TharuniApp - INFO - Settings persistence check completed
2025-05-30 19:09:40,032 - DataManager - INFO - Successfully loaded 42 records from data\Tharuni_Guntur_data.csv
2025-05-30 19:09:40,042 - DataManager - INFO - Successfully loaded 42 records from data\Tharuni_Guntur_data.csv
2025-05-30 19:09:40,043 - DataManager - INFO - Successfully loaded 42 records from data\Tharuni_Guntur_data.csv
2025-05-30 19:09:40,684 - DataManager - INFO - Successfully loaded 42 records from data\Tharuni_Guntur_data.csv
2025-05-30 19:09:40,685 - DataManager - INFO - Successfully loaded 42 records from data\Tharuni_Guntur_data.csv
2025-05-30 19:09:43,735 - DataManager - INFO - Successfully loaded 42 records from data\Tharuni_Guntur_data.csv
2025-05-30 19:09:43,736 - DataManager - INFO - Successfully loaded 42 records from data\Tharuni_Guntur_data.csv
2025-05-30 19:09:46,779 - FormValidator - INFO - Vehicle validation passed: TS04UA4444
2025-05-30 19:09:47,891 - DataManager - INFO - Successfully loaded 42 records from data\Tharuni_Guntur_data.csv
2025-05-30 19:09:47,891 - DataManager - INFO - Successfully loaded 42 records from data\Tharuni_Guntur_data.csv
2025-05-30 19:09:50,700 - TharuniApp - INFO - ==================================================
2025-05-30 19:09:50,701 - TharuniApp - INFO - SAVE RECORD OPERATION STARTED
2025-05-30 19:09:50,701 - FormValidator - INFO - Starting comprehensive form validation
2025-05-30 19:09:50,701 - FormValidator - INFO - Validating basic fields
2025-05-30 19:09:50,702 - FormValidator - INFO - Field values: ticket='T0042', vehicle='TS04UA4444', agency='Tharuni'
2025-05-30 19:09:50,702 - FormValidator - INFO - Basic validation passed
2025-05-30 19:09:50,702 - FormValidator - INFO - Validating weighment data
2025-05-30 19:09:50,702 - FormValidator - INFO - Weighment data: first_weight='21030.00', first_timestamp='30-05-2025 19:09:42', second_weight='', second_timestamp=''
2025-05-30 19:09:50,703 - FormValidator - INFO - Weighment validation passed
2025-05-30 19:09:50,703 - FormValidator - INFO - Validating images for second weighment
2025-05-30 19:09:50,703 - FormValidator - INFO - Images validation for second: front=False, back=False
2025-05-30 19:09:52,075 - DataManager - INFO - Successfully loaded 42 records from data\Tharuni_Guntur_data.csv
2025-05-30 19:09:52,076 - DataManager - INFO - Successfully loaded 42 records from data\Tharuni_Guntur_data.csv
2025-05-30 19:09:52,083 - FormValidator - INFO - User chose to continue without images
2025-05-30 19:09:52,083 - FormValidator - INFO - Form validation passed successfully
2025-05-30 19:09:52,085 - TharuniApp - INFO - Saving record for ticket: T0042
2025-05-30 19:09:52,085 - TharuniApp - INFO - Form data keys: ['date', 'time', 'site_name', 'agency_name', 'material', 'ticket_no', 'vehicle_no', 'transfer_party_name', 'first_weight', 'first_timestamp', 'second_weight', 'second_timestamp', 'net_weight', 'material_type', 'first_front_image', 'first_back_image', 'second_front_image', 'second_back_image', 'site_incharge', 'user_name']
2025-05-30 19:09:52,086 - TharuniApp - INFO - Record is complete: False
2025-05-30 19:09:52,086 - TharuniApp - INFO - Calling data_manager.save_record for T0042
2025-05-30 19:09:52,086 - DataManager - INFO - ==================================================
2025-05-30 19:09:52,086 - DataManager - INFO - STARTING OFFLINE-FIRST RECORD SAVE WITH JSON BACKUP
2025-05-30 19:09:52,087 - DataManager - INFO - Input data keys: ['date', 'time', 'site_name', 'agency_name', 'material', 'ticket_no', 'vehicle_no', 'transfer_party_name', 'first_weight', 'first_timestamp', 'second_weight', 'second_timestamp', 'net_weight', 'material_type', 'first_front_image', 'first_back_image', 'second_front_image', 'second_back_image', 'site_incharge', 'user_name']
2025-05-30 19:09:52,087 - DataManager - INFO - Net weight cleared - incomplete weighments
2025-05-30 19:09:52,087 - DataManager - INFO - Using data file: data\Tharuni_Guntur_data.csv
2025-05-30 19:09:52,088 - DataManager - INFO - Successfully loaded 42 records from data\Tharuni_Guntur_data.csv
2025-05-30 19:09:52,088 - DataManager - INFO - Filtered 42 records to 0 using filter: 't0042'
2025-05-30 19:09:52,089 - DataManager - INFO - Adding new record: T0042
2025-05-30 19:09:52,089 - DataManager - INFO - Adding new record to CSV
2025-05-30 19:09:52,089 - DataManager - INFO - Record data: ['30-05-2025', '19:09:52', 'Guntur', 'Tharuni', 'Inert', 'T0042', 'TS04UA4444', 'Jindal', '21030.00', '30-05-2025 19:09:42', '', '', '', 'Inert', 'Guntur_TS04UA4444_20250530_190946_1st_front.jpg', '', '', '', '', 'admin']
2025-05-30 19:09:52,091 - DataManager - INFO - ✅ New record added to data\Tharuni_Guntur_data.csv
2025-05-30 19:09:52,091 - DataManager - INFO - ✅ Record T0042 saved to local CSV successfully
2025-05-30 19:09:52,092 - DataManager - INFO - Record completion status: False
2025-05-30 19:09:55,677 - DataManager - INFO - Successfully loaded 43 records from data\Tharuni_Guntur_data.csv
2025-05-30 19:09:55,678 - DataManager - INFO - Successfully loaded 43 records from data\Tharuni_Guntur_data.csv
2025-05-30 19:09:55,683 - DataManager - INFO - ✅ OFFLINE-FIRST SAVE COMPLETED - Local CSV, JSON backup, and PDF generated
2025-05-30 19:09:55,683 - DataManager - INFO - 💡 Cloud backup available via Settings > Cloud Storage > Backup
2025-05-30 19:09:55,684 - DataManager - INFO - ==================================================
2025-05-30 19:09:55,684 - TharuniApp - INFO - ✅ Record T0042 saved successfully
2025-05-30 19:09:55,684 - TharuniApp - INFO - First weighment saved for ticket T0042 - counter NOT incremented
2025-05-30 19:09:57,028 - DataManager - INFO - Successfully loaded 43 records from data\Tharuni_Guntur_data.csv
2025-05-30 19:09:57,029 - DataManager - INFO - Successfully loaded 43 records from data\Tharuni_Guntur_data.csv
2025-05-30 19:09:57,310 - DataManager - INFO - Successfully loaded 43 records from data\Tharuni_Guntur_data.csv
2025-05-30 19:09:57,310 - DataManager - INFO - Returning all 43 records (no filter)
2025-05-30 19:09:57,312 - PendingVehiclesPanel - INFO - Refreshing pending vehicles list
2025-05-30 19:09:57,313 - DataManager - INFO - Successfully loaded 43 records from data\Tharuni_Guntur_data.csv
2025-05-30 19:09:57,313 - PendingVehiclesPanel - INFO - Retrieved 43 total records
2025-05-30 19:09:57,314 - PendingVehiclesPanel - INFO - Added to pending: T0042
2025-05-30 19:09:57,314 - PendingVehiclesPanel - INFO - Found 1 pending records
2025-05-30 19:09:57,315 - PendingVehiclesPanel - INFO - Successfully refreshed pending list with 1 items
2025-05-30 19:09:57,316 - TharuniApp - INFO - SAVE RECORD OPERATION COMPLETED SUCCESSFULLY
2025-05-30 19:09:57,316 - TharuniApp - INFO - ==================================================
2025-05-30 19:09:58,939 - PendingVehiclesPanel - INFO - Refreshing pending vehicles list
2025-05-30 19:09:58,941 - DataManager - INFO - Successfully loaded 43 records from data\Tharuni_Guntur_data.csv
2025-05-30 19:09:58,941 - PendingVehiclesPanel - INFO - Retrieved 43 total records
2025-05-30 19:09:58,942 - PendingVehiclesPanel - INFO - Added to pending: T0042
2025-05-30 19:09:58,942 - PendingVehiclesPanel - INFO - Found 1 pending records
2025-05-30 19:09:58,943 - PendingVehiclesPanel - INFO - Successfully refreshed pending list with 1 items
2025-05-30 19:10:00,127 - PendingVehiclesPanel - INFO - Double-clicked on ticket: T0042
2025-05-30 19:10:00,127 - TharuniApp - INFO - Loading pending vehicle: T0042
2025-05-30 19:10:00,130 - DataManager - INFO - Successfully loaded 43 records from data\Tharuni_Guntur_data.csv
2025-05-30 19:10:00,131 - DataManager - INFO - Filtered 43 records to 1 using filter: 't0042'
2025-05-30 19:10:00,133 - DataManager - INFO - CSV structure is up to date
2025-05-30 19:10:00,134 - DataManager - INFO - Data context set to: Agency='Tharuni', Site='Guntur'
2025-05-30 19:10:00,135 - DataManager - INFO - Data file: data\Tharuni_Guntur_data.csv
2025-05-30 19:10:00,142 - TharuniApp - INFO - Successfully loaded pending ticket: T0042
2025-05-30 19:10:10,811 - FormValidator - INFO - Vehicle validation passed: TS04UA4444
2025-05-30 19:10:17,231 - TharuniApp - INFO - ==================================================
2025-05-30 19:10:17,232 - TharuniApp - INFO - SAVE RECORD OPERATION STARTED
2025-05-30 19:10:17,232 - FormValidator - INFO - Starting comprehensive form validation
2025-05-30 19:10:17,233 - FormValidator - INFO - Validating basic fields
2025-05-30 19:10:17,233 - FormValidator - INFO - Field values: ticket='T0042', vehicle='TS04UA4444', agency='Tharuni'
2025-05-30 19:10:17,234 - FormValidator - INFO - Basic validation passed
2025-05-30 19:10:17,234 - FormValidator - INFO - Validating weighment data
2025-05-30 19:10:17,235 - FormValidator - INFO - Weighment data: first_weight='21030.00', first_timestamp='30-05-2025 19:09:42', second_weight='9290.00', second_timestamp='30-05-2025 19:10:04'
2025-05-30 19:10:17,235 - FormValidator - INFO - Weighment validation passed
2025-05-30 19:10:17,236 - FormValidator - INFO - Validating images for second weighment
2025-05-30 19:10:17,236 - FormValidator - INFO - Images validation for second: front=True, back=False
2025-05-30 19:10:17,237 - FormValidator - INFO - Form validation passed successfully
2025-05-30 19:10:17,240 - TharuniApp - INFO - Saving record for ticket: T0042
2025-05-30 19:10:17,241 - TharuniApp - INFO - Form data keys: ['date', 'time', 'site_name', 'agency_name', 'material', 'ticket_no', 'vehicle_no', 'transfer_party_name', 'first_weight', 'first_timestamp', 'second_weight', 'second_timestamp', 'net_weight', 'material_type', 'first_front_image', 'first_back_image', 'second_front_image', 'second_back_image', 'site_incharge', 'user_name']
2025-05-30 19:10:17,242 - TharuniApp - INFO - Record is complete: True
2025-05-30 19:10:17,242 - TharuniApp - INFO - Calling data_manager.save_record for T0042
2025-05-30 19:10:17,243 - DataManager - INFO - ==================================================
2025-05-30 19:10:17,243 - DataManager - INFO - STARTING OFFLINE-FIRST RECORD SAVE WITH JSON BACKUP
2025-05-30 19:10:17,244 - DataManager - INFO - Input data keys: ['date', 'time', 'site_name', 'agency_name', 'material', 'ticket_no', 'vehicle_no', 'transfer_party_name', 'first_weight', 'first_timestamp', 'second_weight', 'second_timestamp', 'net_weight', 'material_type', 'first_front_image', 'first_back_image', 'second_front_image', 'second_back_image', 'site_incharge', 'user_name']
2025-05-30 19:10:17,245 - DataManager - INFO - Net weight calculated: 21030.0 - 9290.0 = 11740.00
2025-05-30 19:10:17,246 - DataManager - INFO - Using data file: data\Tharuni_Guntur_data.csv
2025-05-30 19:10:17,248 - DataManager - INFO - Successfully loaded 43 records from data\Tharuni_Guntur_data.csv
2025-05-30 19:10:17,249 - DataManager - INFO - Filtered 43 records to 1 using filter: 't0042'
2025-05-30 19:10:17,250 - DataManager - INFO - Updating existing record: T0042
2025-05-30 19:10:17,250 - DataManager - INFO - Updating record T0042 in data\Tharuni_Guntur_data.csv
2025-05-30 19:10:17,252 - DataManager - INFO - Read 43 records from CSV
2025-05-30 19:10:17,252 - DataManager - INFO - Found record to update at index 42
2025-05-30 19:10:17,253 - DataManager - INFO - Updated record data: ['30-05-2025', '19:10:17', 'Guntur', 'Tharuni', 'Inert', 'T0042', 'TS04UA4444', 'Jindal', '21030.00', '30-05-2025 19:09:42', '9290.00', '30-05-2025 19:10:04', '11740.00', 'Inert', 'Guntur_TS04UA4444_20250530_190946_1st_front.jpg', '', 'Guntur_TS04UA4444_20250530_191010_2nd_front.jpg', '', '', 'admin']
2025-05-30 19:10:17,259 - DataManager - INFO - ✅ Record T0042 updated in data\Tharuni_Guntur_data.csv
2025-05-30 19:10:17,260 - DataManager - INFO - ✅ Record T0042 saved to local CSV successfully
2025-05-30 19:10:17,260 - DataManager - INFO - Record completion status: True
2025-05-30 19:10:17,260 - DataManager - INFO - Complete record detected - saving JSON backup locally...
2025-05-30 19:10:17,261 - DataManager - INFO - Created new daily JSON folder: data\json_backups\2025-05-30
2025-05-30 19:10:17,262 - DataManager - INFO - JSON backup saved: data\json_backups\2025-05-30\T0042_Tharuni_Guntur_191017.json
2025-05-30 19:10:17,263 - DataManager - INFO - ✅ JSON backup saved locally for T0042
2025-05-30 19:10:17,263 - DataManager - INFO - Complete record detected for ticket T0042 - generating PDF locally...
2025-05-30 19:10:17,264 - DataManager - INFO - Today's reports folder ensured: data\reports\2025-05-30
2025-05-30 19:10:17,265 - DataManager - INFO - Reports will be saved to: data\reports\2025-05-30
2025-05-30 19:10:17,266 - DataManager - INFO - Today's reports folder ensured: data\reports\2025-05-30
2025-05-30 19:10:17,270 - DataManager - INFO - SIMPLE TEST - Net display: '11740.00 kg'
2025-05-30 19:10:17,288 - DataManager - WARNING - Watermark error: cannot access local variable 'site' where it is not associated with a value, using image without watermark
2025-05-30 19:10:17,312 - DataManager - WARNING - Watermark error: cannot access local variable 'site' where it is not associated with a value, using image without watermark
2025-05-30 19:10:17,323 - DataManager - INFO - Building PDF document: data\reports\2025-05-30\Tharuni_Guntur_T0042_TS04UA4444_191017.pdf
2025-05-30 19:10:17,361 - DataManager - INFO - PDF created successfully: data\reports\2025-05-30\Tharuni_Guntur_T0042_TS04UA4444_191017.pdf (94395 bytes)
2025-05-30 19:10:17,361 - DataManager - INFO - Auto-generated PDF: data\reports\2025-05-30\Tharuni_Guntur_T0042_TS04UA4444_191017.pdf
2025-05-30 19:10:17,362 - DataManager - INFO - PDF saved to today's reports folder: data\reports\2025-05-30
2025-05-30 19:10:17,362 - DataManager - INFO - ✅ PDF auto-generated locally: data\reports\2025-05-30\Tharuni_Guntur_T0042_TS04UA4444_191017.pdf
2025-05-30 19:10:20,608 - PendingVehiclesPanel - INFO - Refreshing pending vehicles list
2025-05-30 19:10:20,632 - DataManager - INFO - Successfully loaded 43 records from data\Tharuni_Guntur_data.csv
2025-05-30 19:10:20,632 - PendingVehiclesPanel - INFO - Retrieved 43 total records
2025-05-30 19:10:20,633 - PendingVehiclesPanel - INFO - Found 0 pending records
2025-05-30 19:10:20,633 - PendingVehiclesPanel - INFO - Successfully refreshed pending list with 0 items
2025-05-30 19:10:20,635 - DataManager - INFO - Created new daily folder: data\reports\30-05
2025-05-30 19:10:20,652 - DataManager - INFO - ✅ OFFLINE-FIRST SAVE COMPLETED - Local CSV, JSON backup, and PDF generated
2025-05-30 19:10:20,653 - DataManager - INFO - 📂 PDF saved to today's reports folder: data\reports\2025-05-30
2025-05-30 19:10:20,653 - DataManager - INFO - 💡 Cloud backup available via Settings > Cloud Storage > Backup
2025-05-30 19:10:20,653 - DataManager - INFO - ==================================================
2025-05-30 19:10:20,654 - TharuniApp - INFO - ✅ Record T0042 saved successfully
2025-05-30 19:10:20,659 - TharuniApp - INFO - ✅ Ticket T0042 completed - counter incremented
2025-05-30 19:10:20,660 - TharuniApp - INFO - Removing T0042 from pending vehicles list
2025-05-30 19:10:20,661 - PendingVehiclesPanel - INFO - Attempting to remove ticket T0042 from pending list
2025-05-30 19:10:20,661 - PendingVehiclesPanel - WARNING - Ticket T0042 not found in pending list for removal
2025-05-30 19:10:20,661 - PendingVehiclesPanel - INFO - Refreshing pending vehicles list
2025-05-30 19:10:20,662 - DataManager - INFO - Successfully loaded 43 records from data\Tharuni_Guntur_data.csv
2025-05-30 19:10:20,663 - PendingVehiclesPanel - INFO - Retrieved 43 total records
2025-05-30 19:10:20,663 - PendingVehiclesPanel - INFO - Found 0 pending records
2025-05-30 19:10:20,664 - PendingVehiclesPanel - INFO - Successfully refreshed pending list with 0 items
2025-05-30 19:10:20,957 - TharuniApp - INFO - ✅ Complete record processing finished for T0042
2025-05-30 19:10:20,958 - DataManager - INFO - Successfully loaded 43 records from data\Tharuni_Guntur_data.csv
2025-05-30 19:10:20,958 - DataManager - INFO - Returning all 43 records (no filter)
2025-05-30 19:10:20,960 - PendingVehiclesPanel - INFO - Refreshing pending vehicles list
2025-05-30 19:10:20,960 - DataManager - INFO - Successfully loaded 43 records from data\Tharuni_Guntur_data.csv
2025-05-30 19:10:20,961 - PendingVehiclesPanel - INFO - Retrieved 43 total records
2025-05-30 19:10:20,961 - PendingVehiclesPanel - INFO - Found 0 pending records
2025-05-30 19:10:20,961 - PendingVehiclesPanel - INFO - Successfully refreshed pending list with 0 items
2025-05-30 19:10:20,962 - TharuniApp - INFO - SAVE RECORD OPERATION COMPLETED SUCCESSFULLY
2025-05-30 19:10:20,962 - TharuniApp - INFO - ==================================================
2025-05-30 19:10:56,762 - DataManager - INFO - Cloud storage initialized on demand
2025-05-30 19:10:56,767 - DataManager - INFO - Found 41 JSON backup files for bulk upload
2025-05-30 19:10:56,787 - DataManager - ERROR - Error uploading T0002_Tharuni_Guntur_211239.json: 'CloudStorageService' object has no attribute 'upload_record_with_images'
2025-05-30 19:10:56,797 - DataManager - ERROR - Error uploading T0003_Tharuni_Guntur_212042.json: 'CloudStorageService' object has no attribute 'upload_record_with_images'
2025-05-30 19:10:56,808 - DataManager - ERROR - Error uploading T0004_Tharuni_Guntur_214248.json: 'CloudStorageService' object has no attribute 'upload_record_with_images'
2025-05-30 19:10:56,820 - DataManager - ERROR - Error uploading T0005_Tharuni_Guntur_214703.json: 'CloudStorageService' object has no attribute 'upload_record_with_images'
2025-05-30 19:10:56,829 - DataManager - ERROR - Error uploading T0006_Tharuni_Guntur_215228.json: 'CloudStorageService' object has no attribute 'upload_record_with_images'
2025-05-30 19:10:56,839 - DataManager - ERROR - Error uploading T0007_Tharuni_Guntur_220413.json: 'CloudStorageService' object has no attribute 'upload_record_with_images'
2025-05-30 19:10:56,850 - DataManager - ERROR - Error uploading T0008_Tharuni_Guntur_221138.json: 'CloudStorageService' object has no attribute 'upload_record_with_images'
2025-05-30 19:10:56,860 - DataManager - ERROR - Error uploading T0009_Tharuni_Guntur_221746.json: 'CloudStorageService' object has no attribute 'upload_record_with_images'
2025-05-30 19:10:56,870 - DataManager - ERROR - Error uploading T0010_Tharuni_Guntur_222608.json: 'CloudStorageService' object has no attribute 'upload_record_with_images'
2025-05-30 19:10:56,879 - DataManager - ERROR - Error uploading T0011_Tharuni_Guntur_230418.json: 'CloudStorageService' object has no attribute 'upload_record_with_images'
2025-05-30 19:10:56,889 - DataManager - ERROR - Error uploading T0012_Tharuni_Guntur_232426.json: 'CloudStorageService' object has no attribute 'upload_record_with_images'
2025-05-30 19:10:56,899 - DataManager - ERROR - Error uploading T0013_Tharuni_Guntur_232629.json: 'CloudStorageService' object has no attribute 'upload_record_with_images'
2025-05-30 19:10:56,908 - DataManager - ERROR - Error uploading T0014_Tharuni_Guntur_233046.json: 'CloudStorageService' object has no attribute 'upload_record_with_images'
2025-05-30 19:10:56,918 - DataManager - ERROR - Error uploading T0015_Tharuni_Guntur_233500.json: 'CloudStorageService' object has no attribute 'upload_record_with_images'
2025-05-30 19:10:56,927 - DataManager - ERROR - Error uploading T0016_Tharuni_Guntur_233910.json: 'CloudStorageService' object has no attribute 'upload_record_with_images'
2025-05-30 19:10:56,937 - DataManager - ERROR - Error uploading T0017_Tharuni_Guntur_234531.json: 'CloudStorageService' object has no attribute 'upload_record_with_images'
2025-05-30 19:10:56,946 - DataManager - ERROR - Error uploading T0018_Tharuni_Guntur_235358.json: 'CloudStorageService' object has no attribute 'upload_record_with_images'
2025-05-30 19:10:56,956 - DataManager - ERROR - Error uploading T0019_Tharuni_Guntur_235500.json: 'CloudStorageService' object has no attribute 'upload_record_with_images'
2025-05-30 19:10:56,965 - DataManager - ERROR - Error uploading T0020_Tharuni_Guntur_235617.json: 'CloudStorageService' object has no attribute 'upload_record_with_images'
2025-05-30 19:10:56,975 - DataManager - ERROR - Error uploading T0021_Tharuni_Guntur_000306.json: 'CloudStorageService' object has no attribute 'upload_record_with_images'
2025-05-30 19:10:56,985 - DataManager - ERROR - Error uploading T0022_Tharuni_Guntur_000513.json: 'CloudStorageService' object has no attribute 'upload_record_with_images'
2025-05-30 19:10:56,994 - DataManager - ERROR - Error uploading T0023_Tharuni_Guntur_001027.json: 'CloudStorageService' object has no attribute 'upload_record_with_images'
2025-05-30 19:10:57,004 - DataManager - ERROR - Error uploading T0024_Tharuni_Guntur_001251.json: 'CloudStorageService' object has no attribute 'upload_record_with_images'
2025-05-30 19:10:57,013 - DataManager - ERROR - Error uploading T0025_Tharuni_Guntur_001643.json: 'CloudStorageService' object has no attribute 'upload_record_with_images'
2025-05-30 19:10:57,023 - DataManager - ERROR - Error uploading T0026_Tharuni_Guntur_001921.json: 'CloudStorageService' object has no attribute 'upload_record_with_images'
2025-05-30 19:10:57,032 - DataManager - ERROR - Error uploading T0027_Tharuni_Guntur_012944.json: 'CloudStorageService' object has no attribute 'upload_record_with_images'
2025-05-30 19:10:57,041 - DataManager - ERROR - Error uploading T0028_Tharuni_Guntur_055441.json: 'CloudStorageService' object has no attribute 'upload_record_with_images'
2025-05-30 19:10:57,051 - DataManager - ERROR - Error uploading T0029_Tharuni_Guntur_060421.json: 'CloudStorageService' object has no attribute 'upload_record_with_images'
2025-05-30 19:10:57,061 - DataManager - ERROR - Error uploading T0030_Tharuni_Guntur_060643.json: 'CloudStorageService' object has no attribute 'upload_record_with_images'
2025-05-30 19:10:57,072 - DataManager - ERROR - Error uploading T0031_Tharuni_Guntur_060810.json: 'CloudStorageService' object has no attribute 'upload_record_with_images'
2025-05-30 19:10:57,081 - DataManager - ERROR - Error uploading T0032_Tharuni_Guntur_061021.json: 'CloudStorageService' object has no attribute 'upload_record_with_images'
2025-05-30 19:10:57,091 - DataManager - ERROR - Error uploading T0033_Tharuni_Guntur_061236.json: 'CloudStorageService' object has no attribute 'upload_record_with_images'
2025-05-30 19:10:57,101 - DataManager - ERROR - Error uploading T0034_Tharuni_Guntur_062057.json: 'CloudStorageService' object has no attribute 'upload_record_with_images'
2025-05-30 19:10:57,110 - DataManager - ERROR - Error uploading T0035_Tharuni_Guntur_062248.json: 'CloudStorageService' object has no attribute 'upload_record_with_images'
2025-05-30 19:10:57,120 - DataManager - ERROR - Error uploading T0036_Tharuni_Guntur_062818.json: 'CloudStorageService' object has no attribute 'upload_record_with_images'
2025-05-30 19:10:57,129 - DataManager - ERROR - Error uploading T0037_Tharuni_Guntur_062952.json: 'CloudStorageService' object has no attribute 'upload_record_with_images'
2025-05-30 19:10:57,139 - DataManager - ERROR - Error uploading T0038_Tharuni_Guntur_063402.json: 'CloudStorageService' object has no attribute 'upload_record_with_images'
2025-05-30 19:10:57,148 - DataManager - ERROR - Error uploading T0039_Tharuni_Guntur_063853.json: 'CloudStorageService' object has no attribute 'upload_record_with_images'
2025-05-30 19:10:57,157 - DataManager - ERROR - Error uploading T0040_Tharuni_Guntur_065731.json: 'CloudStorageService' object has no attribute 'upload_record_with_images'
2025-05-30 19:10:57,167 - DataManager - ERROR - Error uploading T0041_Tharuni_Guntur_070323.json: 'CloudStorageService' object has no attribute 'upload_record_with_images'
2025-05-30 19:10:57,176 - DataManager - ERROR - Error uploading T0042_Tharuni_Guntur_191017.json: 'CloudStorageService' object has no attribute 'upload_record_with_images'
2025-05-30 19:10:57,177 - DataManager - INFO - Successfully loaded 43 records from data\Tharuni_Guntur_data.csv
2025-05-30 19:11:05,545 - DataManager - INFO - Found 41 JSON backup files for bulk upload
2025-05-30 19:11:20,648 - PendingVehiclesPanel - INFO - Refreshing pending vehicles list
2025-05-30 19:11:20,651 - DataManager - INFO - Successfully loaded 43 records from data\Tharuni_Guntur_data.csv
2025-05-30 19:11:20,652 - PendingVehiclesPanel - INFO - Retrieved 43 total records
2025-05-30 19:11:20,654 - PendingVehiclesPanel - INFO - Found 0 pending records
2025-05-30 19:11:20,655 - PendingVehiclesPanel - INFO - Successfully refreshed pending list with 0 items
2025-05-30 19:12:20,658 - PendingVehiclesPanel - INFO - Refreshing pending vehicles list
2025-05-30 19:12:20,659 - DataManager - INFO - Successfully loaded 43 records from data\Tharuni_Guntur_data.csv
2025-05-30 19:12:20,659 - PendingVehiclesPanel - INFO - Retrieved 43 total records
2025-05-30 19:12:20,660 - PendingVehiclesPanel - INFO - Found 0 pending records
2025-05-30 19:12:20,660 - PendingVehiclesPanel - INFO - Successfully refreshed pending list with 0 items
2025-05-30 19:13:20,660 - PendingVehiclesPanel - INFO - Refreshing pending vehicles list
2025-05-30 19:13:20,664 - DataManager - INFO - Successfully loaded 43 records from data\Tharuni_Guntur_data.csv
2025-05-30 19:13:20,665 - PendingVehiclesPanel - INFO - Retrieved 43 total records
2025-05-30 19:13:20,666 - PendingVehiclesPanel - INFO - Found 0 pending records
2025-05-30 19:13:20,667 - PendingVehiclesPanel - INFO - Successfully refreshed pending list with 0 items
2025-05-30 19:14:20,672 - PendingVehiclesPanel - INFO - Refreshing pending vehicles list
2025-05-30 19:14:20,673 - DataManager - INFO - Successfully loaded 43 records from data\Tharuni_Guntur_data.csv
2025-05-30 19:14:20,673 - PendingVehiclesPanel - INFO - Retrieved 43 total records
2025-05-30 19:14:20,673 - PendingVehiclesPanel - INFO - Found 0 pending records
2025-05-30 19:14:20,674 - PendingVehiclesPanel - INFO - Successfully refreshed pending list with 0 items
2025-05-30 19:15:20,674 - PendingVehiclesPanel - INFO - Refreshing pending vehicles list
2025-05-30 19:15:20,678 - DataManager - INFO - Successfully loaded 43 records from data\Tharuni_Guntur_data.csv
2025-05-30 19:15:20,679 - PendingVehiclesPanel - INFO - Retrieved 43 total records
2025-05-30 19:15:20,680 - PendingVehiclesPanel - INFO - Found 0 pending records
2025-05-30 19:15:20,681 - PendingVehiclesPanel - INFO - Successfully refreshed pending list with 0 items
2025-05-30 19:16:20,691 - PendingVehiclesPanel - INFO - Refreshing pending vehicles list
2025-05-30 19:16:20,694 - DataManager - INFO - Successfully loaded 43 records from data\Tharuni_Guntur_data.csv
2025-05-30 19:16:20,695 - PendingVehiclesPanel - INFO - Retrieved 43 total records
2025-05-30 19:16:20,696 - PendingVehiclesPanel - INFO - Found 0 pending records
2025-05-30 19:16:20,698 - PendingVehiclesPanel - INFO - Successfully refreshed pending list with 0 items
2025-05-30 19:17:20,700 - PendingVehiclesPanel - INFO - Refreshing pending vehicles list
2025-05-30 19:17:20,702 - DataManager - INFO - Successfully loaded 43 records from data\Tharuni_Guntur_data.csv
2025-05-30 19:17:20,702 - PendingVehiclesPanel - INFO - Retrieved 43 total records
2025-05-30 19:17:20,703 - PendingVehiclesPanel - INFO - Found 0 pending records
2025-05-30 19:17:20,704 - PendingVehiclesPanel - INFO - Successfully refreshed pending list with 0 items
2025-05-30 19:18:20,716 - PendingVehiclesPanel - INFO - Refreshing pending vehicles list
2025-05-30 19:18:20,720 - DataManager - INFO - Successfully loaded 43 records from data\Tharuni_Guntur_data.csv
2025-05-30 19:18:20,721 - PendingVehiclesPanel - INFO - Retrieved 43 total records
2025-05-30 19:18:20,722 - PendingVehiclesPanel - INFO - Found 0 pending records
2025-05-30 19:18:20,723 - PendingVehiclesPanel - INFO - Successfully refreshed pending list with 0 items
2025-05-30 19:19:20,725 - PendingVehiclesPanel - INFO - Refreshing pending vehicles list
2025-05-30 19:19:20,727 - DataManager - INFO - Successfully loaded 43 records from data\Tharuni_Guntur_data.csv
2025-05-30 19:19:20,728 - PendingVehiclesPanel - INFO - Retrieved 43 total records
2025-05-30 19:19:20,728 - PendingVehiclesPanel - INFO - Found 0 pending records
2025-05-30 19:19:20,729 - PendingVehiclesPanel - INFO - Successfully refreshed pending list with 0 items
2025-05-30 19:20:20,732 - PendingVehiclesPanel - INFO - Refreshing pending vehicles list
2025-05-30 19:20:20,733 - DataManager - INFO - Successfully loaded 43 records from data\Tharuni_Guntur_data.csv
2025-05-30 19:20:20,733 - PendingVehiclesPanel - INFO - Retrieved 43 total records
2025-05-30 19:20:20,734 - PendingVehiclesPanel - INFO - Found 0 pending records
2025-05-30 19:20:20,734 - PendingVehiclesPanel - INFO - Successfully refreshed pending list with 0 items
2025-05-30 19:21:20,745 - PendingVehiclesPanel - INFO - Refreshing pending vehicles list
2025-05-30 19:21:20,749 - DataManager - INFO - Successfully loaded 43 records from data\Tharuni_Guntur_data.csv
2025-05-30 19:21:20,750 - PendingVehiclesPanel - INFO - Retrieved 43 total records
2025-05-30 19:21:20,751 - PendingVehiclesPanel - INFO - Found 0 pending records
2025-05-30 19:21:20,752 - PendingVehiclesPanel - INFO - Successfully refreshed pending list with 0 items
2025-05-30 19:21:56,228 - TharuniApp - INFO - Updating camera settings: {'front_camera_type': 'HTTP', 'front_camera_index': 1, 'front_rtsp_username': '', 'front_rtsp_password': '', 'front_rtsp_ip': '', 'front_rtsp_port': '8554', 'front_rtsp_endpoint': '/stream', 'front_http_username': '', 'front_http_password': '', 'front_http_ip': '', 'front_http_port': '80', 'front_http_endpoint': '/mjpeg', 'back_camera_type': 'HTTP', 'back_camera_index': 0, 'back_rtsp_username': '', 'back_rtsp_password': '', 'back_rtsp_ip': '', 'back_rtsp_port': '8555', 'back_rtsp_endpoint': '/stream', 'back_http_username': '', 'back_http_password': '', 'back_http_ip': '', 'back_http_port': '80', 'back_http_endpoint': '/mjpeg'}
2025-05-30 19:21:56,233 - TharuniApp - INFO - Camera settings saved for persistence
2025-05-30 19:21:58,852 - TharuniApp - INFO - ============================================================
2025-05-30 19:21:58,853 - TharuniApp - INFO - APPLICATION STARTUP
2025-05-30 19:21:58,853 - TharuniApp - INFO - ============================================================
2025-05-30 19:21:58,857 - TharuniApp - INFO - Configuration setup completed
2025-05-30 19:21:58,857 - DataManager - INFO - DataManager initialized with OFFLINE-FIRST approach + JSON local storage
2025-05-30 19:21:58,858 - DataManager - INFO - CSV structure is up to date
2025-05-30 19:21:58,858 - DataManager - INFO - Daily PDF folder structure ready:
2025-05-30 19:21:58,859 - DataManager - INFO -   Base reports folder: data\reports
2025-05-30 19:21:58,859 - DataManager - INFO -   Today's folder: data\reports\2025-05-30
2025-05-30 19:21:58,860 - DataManager - INFO - Data file: data\weighbridge_data.csv
2025-05-30 19:21:58,860 - DataManager - INFO - Reports folder: data\reports
2025-05-30 19:21:58,860 - DataManager - INFO - JSON backup folder: data\json_backups
2025-05-30 19:21:58,860 - DataManager - INFO - PDF folder: data\reports\2025-05-30
2025-05-30 19:21:58,860 - DataManager - INFO - Cloud storage will only be initialized when backup is requested
2025-05-30 19:21:58,861 - TharuniApp - INFO - Data manager initialized
2025-05-30 19:21:58,864 - TharuniApp - INFO - Settings storage initialized
2025-05-30 19:21:58,866 - TharuniApp - INFO - UI styles initialized
2025-05-30 19:21:58,867 - TharuniApp - INFO - Starting user authentication
2025-05-30 19:22:00,930 - TharuniApp - INFO - Authentication canceled - exiting application
2025-05-30 19:22:00,930 - TharuniApp - INFO - User authentication failed or canceled - exiting
2025-05-30 19:22:09,960 - TharuniApp - INFO - ============================================================
2025-05-30 19:22:09,960 - TharuniApp - INFO - APPLICATION STARTUP
2025-05-30 19:22:09,961 - TharuniApp - INFO - ============================================================
2025-05-30 19:22:09,964 - TharuniApp - INFO - Configuration setup completed
2025-05-30 19:22:09,965 - DataManager - INFO - DataManager initialized with OFFLINE-FIRST approach + JSON local storage
2025-05-30 19:22:09,966 - DataManager - INFO - CSV structure is up to date
2025-05-30 19:22:09,966 - DataManager - INFO - Daily PDF folder structure ready:
2025-05-30 19:22:09,966 - DataManager - INFO -   Base reports folder: data\reports
2025-05-30 19:22:09,967 - DataManager - INFO -   Today's folder: data\reports\2025-05-30
2025-05-30 19:22:09,968 - DataManager - INFO - Data file: data\weighbridge_data.csv
2025-05-30 19:22:09,968 - DataManager - INFO - Reports folder: data\reports
2025-05-30 19:22:09,968 - DataManager - INFO - JSON backup folder: data\json_backups
2025-05-30 19:22:09,968 - DataManager - INFO - PDF folder: data\reports\2025-05-30
2025-05-30 19:22:09,968 - DataManager - INFO - Cloud storage will only be initialized when backup is requested
2025-05-30 19:22:09,969 - TharuniApp - INFO - Data manager initialized
2025-05-30 19:22:09,970 - TharuniApp - INFO - Settings storage initialized
2025-05-30 19:22:09,973 - TharuniApp - INFO - UI styles initialized
2025-05-30 19:22:09,973 - TharuniApp - INFO - Starting user authentication
2025-05-30 19:22:15,596 - TharuniApp - INFO - Authentication successful: admin
2025-05-30 19:22:15,596 - TharuniApp - INFO - User logged in: admin (Role: admin)
2025-05-30 19:22:15,597 - TharuniApp - INFO - Setting up data context
2025-05-30 19:22:15,597 - DataManager - INFO - CSV structure is up to date
2025-05-30 19:22:15,598 - DataManager - INFO - Data context set to: Agency='Tharuni', Site='Guntur'
2025-05-30 19:22:15,598 - DataManager - INFO - Data file: data\Tharuni_Guntur_data.csv
2025-05-30 19:22:15,598 - TharuniApp - INFO - Data context initialized: Agency='Tharuni', Site='Guntur'
2025-05-30 19:22:15,598 - TharuniApp - INFO - Data will be saved to: data\Tharuni_Guntur_data.csv
2025-05-30 19:22:15,599 - TharuniApp - INFO - PDFs will be saved to: data\reports\2025-05-30
2025-05-30 19:22:15,599 - TharuniApp - INFO - Creating application widgets
2025-05-30 19:22:15,613 - TharuniApp - INFO - Creating main panel
2025-05-30 19:22:15,619 - FormValidator - INFO - FormValidator initialized
2025-05-30 19:22:15,625 - DataManager - INFO - Successfully loaded 43 records from data\Tharuni_Guntur_data.csv
2025-05-30 19:22:16,556 - DataManager - INFO - Successfully loaded 43 records from data\Tharuni_Guntur_data.csv
2025-05-30 19:22:16,557 - TharuniApp - INFO - Main form created
2025-05-30 19:22:16,558 - DataManager - INFO - CSV structure is up to date
2025-05-30 19:22:16,559 - DataManager - INFO - Data context set to: Agency='Tharuni', Site='Guntur'
2025-05-30 19:22:16,559 - DataManager - INFO - Data file: data\Tharuni_Guntur_data.csv
2025-05-30 19:22:16,560 - DataManager - INFO - CSV structure is up to date
2025-05-30 19:22:16,560 - DataManager - INFO - Data context set to: Agency='Tharuni', Site='Guntur'
2025-05-30 19:22:16,560 - DataManager - INFO - Data file: data\Tharuni_Guntur_data.csv
2025-05-30 19:22:16,561 - DataManager - INFO - CSV structure is up to date
2025-05-30 19:22:16,561 - DataManager - INFO - Data context set to: Agency='Tharuni', Site='Guntur'
2025-05-30 19:22:16,561 - DataManager - INFO - Data file: data\Tharuni_Guntur_data.csv
2025-05-30 19:22:16,562 - PendingVehiclesPanel - INFO - PendingVehiclesPanel initialized
2025-05-30 19:22:16,566 - PendingVehiclesPanel - INFO - Refreshing pending vehicles list
2025-05-30 19:22:16,567 - DataManager - INFO - Successfully loaded 43 records from data\Tharuni_Guntur_data.csv
2025-05-30 19:22:16,567 - PendingVehiclesPanel - INFO - Retrieved 43 total records
2025-05-30 19:22:16,567 - PendingVehiclesPanel - INFO - Found 0 pending records
2025-05-30 19:22:16,568 - PendingVehiclesPanel - INFO - Successfully refreshed pending list with 0 items
2025-05-30 19:22:16,568 - TharuniApp - INFO - Pending vehicles panel created
2025-05-30 19:22:16,780 - TharuniApp - INFO - Main panel creation completed
2025-05-30 19:22:16,787 - TharuniApp - INFO - Summary panel created
2025-05-30 19:22:16,939 - TharuniApp - INFO - ✅ Data manager reference set in settings panel
2025-05-30 19:22:16,940 - TharuniApp - INFO - Widget creation completed successfully
2025-05-30 19:22:16,940 - PendingVehiclesPanel - INFO - Refreshing pending vehicles list
2025-05-30 19:22:16,941 - DataManager - INFO - Successfully loaded 43 records from data\Tharuni_Guntur_data.csv
2025-05-30 19:22:16,941 - PendingVehiclesPanel - INFO - Retrieved 43 total records
2025-05-30 19:22:16,941 - PendingVehiclesPanel - INFO - Found 0 pending records
2025-05-30 19:22:16,942 - PendingVehiclesPanel - INFO - Successfully refreshed pending list with 0 items
2025-05-30 19:22:16,942 - DataManager - INFO - Created new daily folder: data\reports\30-05
2025-05-30 19:22:16,943 - TharuniApp - INFO - Application initialization completed successfully
2025-05-30 19:22:17,940 - TharuniApp - INFO - Ensuring settings persistence...
2025-05-30 19:22:17,945 - TharuniApp - INFO - Settings persistence check completed
2025-05-30 19:22:21,791 - DataManager - INFO - Successfully loaded 43 records from data\Tharuni_Guntur_data.csv
2025-05-30 19:22:21,817 - DataManager - INFO - Successfully loaded 43 records from data\Tharuni_Guntur_data.csv
2025-05-30 19:22:21,818 - DataManager - INFO - Successfully loaded 43 records from data\Tharuni_Guntur_data.csv
2025-05-30 19:22:22,657 - DataManager - INFO - Successfully loaded 43 records from data\Tharuni_Guntur_data.csv
2025-05-30 19:22:22,659 - DataManager - INFO - Successfully loaded 43 records from data\Tharuni_Guntur_data.csv
2025-05-30 19:22:25,636 - DataManager - INFO - Successfully loaded 43 records from data\Tharuni_Guntur_data.csv
2025-05-30 19:22:25,637 - DataManager - INFO - Successfully loaded 43 records from data\Tharuni_Guntur_data.csv
2025-05-30 19:22:28,248 - FormValidator - INFO - Vehicle validation passed: TS07US0707
2025-05-30 19:22:29,353 - DataManager - INFO - Successfully loaded 43 records from data\Tharuni_Guntur_data.csv
2025-05-30 19:22:29,354 - DataManager - INFO - Successfully loaded 43 records from data\Tharuni_Guntur_data.csv
2025-05-30 19:22:33,068 - DataManager - INFO - Successfully loaded 43 records from data\Tharuni_Guntur_data.csv
2025-05-30 19:22:33,068 - DataManager - INFO - Successfully loaded 43 records from data\Tharuni_Guntur_data.csv
2025-05-30 19:22:36,162 - FormValidator - INFO - Vehicle validation passed: TS07US0707
2025-05-30 19:22:37,171 - DataManager - INFO - Successfully loaded 43 records from data\Tharuni_Guntur_data.csv
2025-05-30 19:22:37,173 - DataManager - INFO - Successfully loaded 43 records from data\Tharuni_Guntur_data.csv
2025-05-30 19:22:38,016 - TharuniApp - INFO - ==================================================
2025-05-30 19:22:38,017 - TharuniApp - INFO - SAVE RECORD OPERATION STARTED
2025-05-30 19:22:38,018 - FormValidator - INFO - Starting comprehensive form validation
2025-05-30 19:22:38,018 - FormValidator - INFO - Validating basic fields
2025-05-30 19:22:38,019 - FormValidator - INFO - Field values: ticket='T0043', vehicle='TS07US0707', agency='Tharuni'
2025-05-30 19:22:38,019 - FormValidator - INFO - Basic validation passed
2025-05-30 19:22:38,020 - FormValidator - INFO - Validating weighment data
2025-05-30 19:22:38,020 - FormValidator - INFO - Weighment data: first_weight='20980.00', first_timestamp='30-05-2025 19:22:24', second_weight='13980.00', second_timestamp='30-05-2025 19:22:31'
2025-05-30 19:22:38,021 - FormValidator - INFO - Weighment validation passed
2025-05-30 19:22:38,022 - FormValidator - INFO - Validating images for second weighment
2025-05-30 19:22:38,022 - FormValidator - INFO - Images validation for second: front=True, back=False
2025-05-30 19:22:38,023 - FormValidator - INFO - Form validation passed successfully
2025-05-30 19:22:38,026 - TharuniApp - INFO - Saving record for ticket: T0043
2025-05-30 19:22:38,026 - TharuniApp - INFO - Form data keys: ['date', 'time', 'site_name', 'agency_name', 'material', 'ticket_no', 'vehicle_no', 'transfer_party_name', 'first_weight', 'first_timestamp', 'second_weight', 'second_timestamp', 'net_weight', 'material_type', 'first_front_image', 'first_back_image', 'second_front_image', 'second_back_image', 'site_incharge', 'user_name']
2025-05-30 19:22:38,027 - TharuniApp - INFO - Record is complete: True
2025-05-30 19:22:38,028 - TharuniApp - INFO - Calling data_manager.save_record for T0043
2025-05-30 19:22:38,029 - DataManager - INFO - ==================================================
2025-05-30 19:22:38,029 - DataManager - INFO - STARTING OFFLINE-FIRST RECORD SAVE WITH JSON BACKUP
2025-05-30 19:22:38,030 - DataManager - INFO - Input data keys: ['date', 'time', 'site_name', 'agency_name', 'material', 'ticket_no', 'vehicle_no', 'transfer_party_name', 'first_weight', 'first_timestamp', 'second_weight', 'second_timestamp', 'net_weight', 'material_type', 'first_front_image', 'first_back_image', 'second_front_image', 'second_back_image', 'site_incharge', 'user_name']
2025-05-30 19:22:38,031 - DataManager - INFO - Net weight calculated: 20980.0 - 13980.0 = 7000.00
2025-05-30 19:22:38,031 - DataManager - INFO - Using data file: data\Tharuni_Guntur_data.csv
2025-05-30 19:22:38,032 - DataManager - INFO - Successfully loaded 43 records from data\Tharuni_Guntur_data.csv
2025-05-30 19:22:38,033 - DataManager - INFO - Filtered 43 records to 0 using filter: 't0043'
2025-05-30 19:22:38,033 - DataManager - INFO - Adding new record: T0043
2025-05-30 19:22:38,034 - DataManager - INFO - Adding new record to CSV
2025-05-30 19:22:38,034 - DataManager - INFO - Record data: ['30-05-2025', '19:22:38', 'Guntur', 'Tharuni', 'Inert', 'T0043', 'TS07US0707', 'Jindal', '20980.00', '30-05-2025 19:22:24', '13980.00', '30-05-2025 19:22:31', '7000.00', 'Inert', 'Guntur_TS07US0707_20250530_192228_1st_front.jpg', '', 'Guntur_TS07US0707_20250530_192236_2nd_front.jpg', '', '', 'admin']
2025-05-30 19:22:38,035 - DataManager - INFO - ✅ New record added to data\Tharuni_Guntur_data.csv
2025-05-30 19:22:38,036 - DataManager - INFO - ✅ Record T0043 saved to local CSV successfully
2025-05-30 19:22:38,036 - DataManager - INFO - Record completion status: True
2025-05-30 19:22:38,036 - DataManager - INFO - Complete record detected - saving JSON backup locally...
2025-05-30 19:22:38,037 - DataManager - INFO - Created new daily JSON folder: data\json_backups\2025-05-30
2025-05-30 19:22:38,040 - DataManager - INFO - JSON backup saved: data\json_backups\2025-05-30\T0043_Tharuni_Guntur_192238.json
2025-05-30 19:22:38,041 - DataManager - INFO - ✅ JSON backup saved locally for T0043
2025-05-30 19:22:38,041 - DataManager - INFO - Complete record detected for ticket T0043 - generating PDF locally...
2025-05-30 19:22:38,042 - DataManager - INFO - Today's reports folder ensured: data\reports\2025-05-30
2025-05-30 19:22:38,042 - DataManager - INFO - Reports will be saved to: data\reports\2025-05-30
2025-05-30 19:22:38,043 - DataManager - INFO - Today's reports folder ensured: data\reports\2025-05-30
2025-05-30 19:22:38,046 - DataManager - INFO - SIMPLE TEST - Net display: '7000.00 kg'
2025-05-30 19:22:38,057 - DataManager - WARNING - Watermark error: cannot access local variable 'site' where it is not associated with a value, using image without watermark
2025-05-30 19:22:38,079 - DataManager - WARNING - Watermark error: cannot access local variable 'site' where it is not associated with a value, using image without watermark
2025-05-30 19:22:38,089 - DataManager - INFO - Building PDF document: data\reports\2025-05-30\Tharuni_Guntur_T0043_TS07US0707_192238.pdf
2025-05-30 19:22:38,128 - DataManager - INFO - PDF created successfully: data\reports\2025-05-30\Tharuni_Guntur_T0043_TS07US0707_192238.pdf (94628 bytes)
2025-05-30 19:22:38,129 - DataManager - INFO - Auto-generated PDF: data\reports\2025-05-30\Tharuni_Guntur_T0043_TS07US0707_192238.pdf
2025-05-30 19:22:38,129 - DataManager - INFO - PDF saved to today's reports folder: data\reports\2025-05-30
2025-05-30 19:22:38,129 - DataManager - INFO - ✅ PDF auto-generated locally: data\reports\2025-05-30\Tharuni_Guntur_T0043_TS07US0707_192238.pdf
2025-05-30 19:22:39,125 - DataManager - INFO - Successfully loaded 44 records from data\Tharuni_Guntur_data.csv
2025-05-30 19:22:39,127 - DataManager - INFO - Successfully loaded 44 records from data\Tharuni_Guntur_data.csv
2025-05-30 19:22:39,136 - DataManager - INFO - ✅ OFFLINE-FIRST SAVE COMPLETED - Local CSV, JSON backup, and PDF generated
2025-05-30 19:22:39,136 - DataManager - INFO - 📂 PDF saved to today's reports folder: data\reports\2025-05-30
2025-05-30 19:22:39,137 - DataManager - INFO - 💡 Cloud backup available via Settings > Cloud Storage > Backup
2025-05-30 19:22:39,137 - DataManager - INFO - ==================================================
2025-05-30 19:22:39,137 - TharuniApp - INFO - ✅ Record T0043 saved successfully
2025-05-30 19:22:39,143 - TharuniApp - INFO - ✅ Ticket T0043 completed - counter incremented
2025-05-30 19:22:39,143 - TharuniApp - INFO - Removing T0043 from pending vehicles list
2025-05-30 19:22:39,144 - PendingVehiclesPanel - INFO - Attempting to remove ticket T0043 from pending list
2025-05-30 19:22:39,145 - PendingVehiclesPanel - WARNING - Ticket T0043 not found in pending list for removal
2025-05-30 19:22:39,146 - PendingVehiclesPanel - INFO - Refreshing pending vehicles list
2025-05-30 19:22:39,147 - DataManager - INFO - Successfully loaded 44 records from data\Tharuni_Guntur_data.csv
2025-05-30 19:22:39,147 - PendingVehiclesPanel - INFO - Retrieved 44 total records
2025-05-30 19:22:39,148 - PendingVehiclesPanel - INFO - Found 0 pending records
2025-05-30 19:22:39,148 - PendingVehiclesPanel - INFO - Successfully refreshed pending list with 0 items
2025-05-30 19:22:39,449 - TharuniApp - INFO - ✅ Complete record processing finished for T0043
2025-05-30 19:22:39,451 - DataManager - INFO - Successfully loaded 44 records from data\Tharuni_Guntur_data.csv
2025-05-30 19:22:39,451 - DataManager - INFO - Returning all 44 records (no filter)
2025-05-30 19:22:39,453 - PendingVehiclesPanel - INFO - Refreshing pending vehicles list
2025-05-30 19:22:39,454 - DataManager - INFO - Successfully loaded 44 records from data\Tharuni_Guntur_data.csv
2025-05-30 19:22:39,454 - PendingVehiclesPanel - INFO - Retrieved 44 total records
2025-05-30 19:22:39,455 - PendingVehiclesPanel - INFO - Found 0 pending records
2025-05-30 19:22:39,455 - PendingVehiclesPanel - INFO - Successfully refreshed pending list with 0 items
2025-05-30 19:22:39,455 - TharuniApp - INFO - SAVE RECORD OPERATION COMPLETED SUCCESSFULLY
2025-05-30 19:22:39,456 - TharuniApp - INFO - ==================================================
2025-05-30 19:23:13,810 - DataManager - INFO - Successfully loaded 44 records from data\Tharuni_Guntur_data.csv
2025-05-30 19:23:13,814 - DataManager - INFO - Successfully loaded 44 records from data\Tharuni_Guntur_data.csv
2025-05-30 19:23:15,889 - DataManager - INFO - Cloud storage initialized on demand
2025-05-30 19:23:15,893 - DataManager - INFO - Found 42 JSON backup files for bulk upload
2025-05-30 19:23:16,440 - DataManager - INFO - Uploaded JSON backup: T0002_Tharuni_Guntur_211239.json
2025-05-30 19:23:16,707 - DataManager - INFO - Uploaded JSON backup: T0003_Tharuni_Guntur_212042.json
2025-05-30 19:23:16,963 - DataManager - INFO - Uploaded JSON backup: T0004_Tharuni_Guntur_214248.json
2025-05-30 19:23:17,215 - DataManager - INFO - Uploaded JSON backup: T0005_Tharuni_Guntur_214703.json
2025-05-30 19:23:17,466 - DataManager - INFO - Uploaded JSON backup: T0006_Tharuni_Guntur_215228.json
2025-05-30 19:23:17,709 - DataManager - INFO - Uploaded JSON backup: T0007_Tharuni_Guntur_220413.json
2025-05-30 19:23:17,956 - DataManager - INFO - Uploaded JSON backup: T0008_Tharuni_Guntur_221138.json
2025-05-30 19:23:18,587 - DataManager - INFO - Uploaded JSON backup: T0009_Tharuni_Guntur_221746.json
2025-05-30 19:23:19,208 - DataManager - INFO - Uploaded JSON backup: T0010_Tharuni_Guntur_222608.json
2025-05-30 19:23:19,854 - DataManager - INFO - Uploaded JSON backup: T0011_Tharuni_Guntur_230418.json
2025-05-30 19:23:20,505 - DataManager - INFO - Uploaded JSON backup: T0012_Tharuni_Guntur_232426.json
2025-05-30 19:23:21,521 - DataManager - INFO - Uploaded JSON backup: T0013_Tharuni_Guntur_232629.json
2025-05-30 19:23:22,511 - DataManager - INFO - Uploaded JSON backup: T0014_Tharuni_Guntur_233046.json
2025-05-30 19:23:23,524 - DataManager - INFO - Uploaded JSON backup: T0015_Tharuni_Guntur_233500.json
2025-05-30 19:23:23,766 - DataManager - INFO - Uploaded JSON backup: T0016_Tharuni_Guntur_233910.json
2025-05-30 19:23:24,014 - DataManager - INFO - Uploaded JSON backup: T0017_Tharuni_Guntur_234531.json
2025-05-30 19:23:24,651 - DataManager - INFO - Uploaded JSON backup: T0018_Tharuni_Guntur_235358.json
2025-05-30 19:23:24,910 - DataManager - INFO - Uploaded JSON backup: T0019_Tharuni_Guntur_235500.json
2025-05-30 19:23:25,156 - DataManager - INFO - Uploaded JSON backup: T0020_Tharuni_Guntur_235617.json
2025-05-30 19:23:25,409 - DataManager - INFO - Uploaded JSON backup: T0021_Tharuni_Guntur_000306.json
2025-05-30 19:23:25,681 - DataManager - INFO - Uploaded JSON backup: T0022_Tharuni_Guntur_000513.json
2025-05-30 19:23:25,936 - DataManager - INFO - Uploaded JSON backup: T0023_Tharuni_Guntur_001027.json
2025-05-30 19:23:26,561 - DataManager - INFO - Uploaded JSON backup: T0024_Tharuni_Guntur_001251.json
2025-05-30 19:23:27,213 - DataManager - INFO - Uploaded JSON backup: T0025_Tharuni_Guntur_001643.json
2025-05-30 19:23:27,825 - DataManager - INFO - Uploaded JSON backup: T0026_Tharuni_Guntur_001921.json
2025-05-30 19:23:28,078 - DataManager - INFO - Uploaded JSON backup: T0027_Tharuni_Guntur_012944.json
2025-05-30 19:23:29,072 - DataManager - INFO - Uploaded JSON backup: T0028_Tharuni_Guntur_055441.json
2025-05-30 19:23:30,075 - DataManager - INFO - Uploaded JSON backup: T0029_Tharuni_Guntur_060421.json
2025-05-30 19:23:31,076 - DataManager - INFO - Uploaded JSON backup: T0030_Tharuni_Guntur_060643.json
2025-05-30 19:23:32,070 - DataManager - INFO - Uploaded JSON backup: T0031_Tharuni_Guntur_060810.json
2025-05-30 19:23:33,093 - DataManager - INFO - Uploaded JSON backup: T0032_Tharuni_Guntur_061021.json
2025-05-30 19:23:34,102 - DataManager - INFO - Uploaded JSON backup: T0033_Tharuni_Guntur_061236.json
2025-05-30 19:23:35,111 - DataManager - INFO - Uploaded JSON backup: T0034_Tharuni_Guntur_062057.json
2025-05-30 19:23:36,122 - DataManager - INFO - Uploaded JSON backup: T0035_Tharuni_Guntur_062248.json
2025-05-30 19:23:37,144 - DataManager - INFO - Uploaded JSON backup: T0036_Tharuni_Guntur_062818.json
2025-05-30 19:23:37,750 - DataManager - INFO - Uploaded JSON backup: T0037_Tharuni_Guntur_062952.json
2025-05-30 19:23:38,735 - DataManager - INFO - Uploaded JSON backup: T0038_Tharuni_Guntur_063402.json
2025-05-30 19:23:39,726 - DataManager - INFO - Uploaded JSON backup: T0039_Tharuni_Guntur_063853.json
2025-05-30 19:23:40,730 - DataManager - INFO - Uploaded JSON backup: T0040_Tharuni_Guntur_065731.json
2025-05-30 19:23:41,682 - DataManager - INFO - Uploaded JSON backup: T0041_Tharuni_Guntur_070323.json
2025-05-30 19:23:42,594 - DataManager - INFO - Uploaded JSON backup: T0042_Tharuni_Guntur_191017.json
2025-05-30 19:23:43,518 - DataManager - INFO - Uploaded JSON backup: T0043_Tharuni_Guntur_192238.json
2025-05-30 19:23:43,520 - DataManager - INFO - Successfully loaded 44 records from data\Tharuni_Guntur_data.csv
2025-05-30 19:24:00,947 - PendingVehiclesPanel - INFO - Refreshing pending vehicles list
2025-05-30 19:24:00,948 - DataManager - INFO - Successfully loaded 44 records from data\Tharuni_Guntur_data.csv
2025-05-30 19:24:00,949 - PendingVehiclesPanel - INFO - Retrieved 44 total records
2025-05-30 19:24:00,949 - PendingVehiclesPanel - INFO - Found 0 pending records
2025-05-30 19:24:00,949 - PendingVehiclesPanel - INFO - Successfully refreshed pending list with 0 items
2025-05-30 19:24:00,950 - DataManager - INFO - Created new daily folder: data\reports\30-05
2025-05-30 19:24:03,746 - DataManager - INFO - Found 42 JSON backup files for bulk upload
2025-05-30 19:25:00,957 - PendingVehiclesPanel - INFO - Refreshing pending vehicles list
2025-05-30 19:25:00,960 - DataManager - INFO - Successfully loaded 44 records from data\Tharuni_Guntur_data.csv
2025-05-30 19:25:00,961 - PendingVehiclesPanel - INFO - Retrieved 44 total records
2025-05-30 19:25:00,962 - PendingVehiclesPanel - INFO - Found 0 pending records
2025-05-30 19:25:00,963 - PendingVehiclesPanel - INFO - Successfully refreshed pending list with 0 items
2025-05-30 19:25:14,385 - TharuniApp - INFO - Application closing - saving settings...
2025-05-30 19:25:14,393 - TharuniApp - INFO - Updating camera settings: {'front_camera_type': 'HTTP', 'front_camera_index': 1, 'front_rtsp_username': '', 'front_rtsp_password': '', 'front_rtsp_ip': '', 'front_rtsp_port': '8554', 'front_rtsp_endpoint': '/stream', 'front_http_username': '', 'front_http_password': '', 'front_http_ip': '', 'front_http_port': '80', 'front_http_endpoint': '/mjpeg', 'back_camera_type': 'HTTP', 'back_camera_index': 0, 'back_rtsp_username': '', 'back_rtsp_password': '', 'back_rtsp_ip': '', 'back_rtsp_port': '8555', 'back_rtsp_endpoint': '/stream', 'back_http_username': '', 'back_http_password': '', 'back_http_ip': '', 'back_http_port': '80', 'back_http_endpoint': '/mjpeg'}
2025-05-30 19:25:14,400 - TharuniApp - INFO - Camera settings saved for persistence
2025-05-30 19:25:14,402 - TharuniApp - INFO - ============================================================
2025-05-30 19:25:14,402 - TharuniApp - INFO - APPLICATION SHUTDOWN COMPLETED
2025-05-30 19:25:14,402 - TharuniApp - INFO - ============================================================
2025-05-30 19:25:24,734 - TharuniApp - INFO - ============================================================
2025-05-30 19:25:24,734 - TharuniApp - INFO - APPLICATION STARTUP
2025-05-30 19:25:24,735 - TharuniApp - INFO - ============================================================
2025-05-30 19:25:24,738 - TharuniApp - INFO - Configuration setup completed
2025-05-30 19:25:24,738 - DataManager - INFO - DataManager initialized with OFFLINE-FIRST approach + JSON local storage
2025-05-30 19:25:24,739 - DataManager - INFO - CSV structure is up to date
2025-05-30 19:25:24,739 - DataManager - INFO - Daily PDF folder structure ready:
2025-05-30 19:25:24,740 - DataManager - INFO -   Base reports folder: data\reports
2025-05-30 19:25:24,740 - DataManager - INFO -   Today's folder: data\reports\2025-05-30
2025-05-30 19:25:24,740 - DataManager - INFO - Data file: data\weighbridge_data.csv
2025-05-30 19:25:24,741 - DataManager - INFO - Reports folder: data\reports
2025-05-30 19:25:24,741 - DataManager - INFO - JSON backup folder: data\json_backups
2025-05-30 19:25:24,741 - DataManager - INFO - PDF folder: data\reports\2025-05-30
2025-05-30 19:25:24,741 - DataManager - INFO - Cloud storage will only be initialized when backup is requested
2025-05-30 19:25:24,741 - TharuniApp - INFO - Data manager initialized
2025-05-30 19:25:24,746 - TharuniApp - INFO - Settings storage initialized
2025-05-30 19:25:24,748 - TharuniApp - INFO - UI styles initialized
2025-05-30 19:25:24,748 - TharuniApp - INFO - Starting user authentication
2025-05-30 19:25:30,704 - TharuniApp - INFO - Authentication successful: admin
2025-05-30 19:25:30,704 - TharuniApp - INFO - User logged in: admin (Role: admin)
2025-05-30 19:25:30,704 - TharuniApp - INFO - Setting up data context
2025-05-30 19:25:30,705 - DataManager - INFO - CSV structure is up to date
2025-05-30 19:25:30,705 - DataManager - INFO - Data context set to: Agency='Tharuni', Site='Guntur'
2025-05-30 19:25:30,705 - DataManager - INFO - Data file: data\Tharuni_Guntur_data.csv
2025-05-30 19:25:30,706 - TharuniApp - INFO - Data context initialized: Agency='Tharuni', Site='Guntur'
2025-05-30 19:25:30,706 - TharuniApp - INFO - Data will be saved to: data\Tharuni_Guntur_data.csv
2025-05-30 19:25:30,706 - TharuniApp - INFO - PDFs will be saved to: data\reports\2025-05-30
2025-05-30 19:25:30,706 - TharuniApp - INFO - Creating application widgets
2025-05-30 19:25:30,720 - TharuniApp - INFO - Creating main panel
2025-05-30 19:25:30,724 - FormValidator - INFO - FormValidator initialized
2025-05-30 19:25:30,733 - DataManager - INFO - Successfully loaded 44 records from data\Tharuni_Guntur_data.csv
2025-05-30 19:25:31,753 - DataManager - INFO - Successfully loaded 44 records from data\Tharuni_Guntur_data.csv
2025-05-30 19:25:31,753 - TharuniApp - INFO - Main form created
2025-05-30 19:25:31,755 - DataManager - INFO - CSV structure is up to date
2025-05-30 19:25:31,755 - DataManager - INFO - Data context set to: Agency='Tharuni', Site='Guntur'
2025-05-30 19:25:31,755 - DataManager - INFO - Data file: data\Tharuni_Guntur_data.csv
2025-05-30 19:25:31,756 - DataManager - INFO - CSV structure is up to date
2025-05-30 19:25:31,756 - DataManager - INFO - Data context set to: Agency='Tharuni', Site='Guntur'
2025-05-30 19:25:31,757 - DataManager - INFO - Data file: data\Tharuni_Guntur_data.csv
2025-05-30 19:25:31,757 - DataManager - INFO - CSV structure is up to date
2025-05-30 19:25:31,757 - DataManager - INFO - Data context set to: Agency='Tharuni', Site='Guntur'
2025-05-30 19:25:31,758 - DataManager - INFO - Data file: data\Tharuni_Guntur_data.csv
2025-05-30 19:25:31,758 - PendingVehiclesPanel - INFO - PendingVehiclesPanel initialized
2025-05-30 19:25:31,763 - PendingVehiclesPanel - INFO - Refreshing pending vehicles list
2025-05-30 19:25:31,764 - DataManager - INFO - Successfully loaded 44 records from data\Tharuni_Guntur_data.csv
2025-05-30 19:25:31,764 - PendingVehiclesPanel - INFO - Retrieved 44 total records
2025-05-30 19:25:31,765 - PendingVehiclesPanel - INFO - Found 0 pending records
2025-05-30 19:25:31,765 - PendingVehiclesPanel - INFO - Successfully refreshed pending list with 0 items
2025-05-30 19:25:31,765 - TharuniApp - INFO - Pending vehicles panel created
2025-05-30 19:25:31,968 - TharuniApp - INFO - Main panel creation completed
2025-05-30 19:25:31,975 - TharuniApp - INFO - Summary panel created
2025-05-30 19:25:32,130 - TharuniApp - INFO - ✅ Data manager reference set in settings panel
2025-05-30 19:25:32,130 - TharuniApp - INFO - Widget creation completed successfully
2025-05-30 19:25:32,131 - PendingVehiclesPanel - INFO - Refreshing pending vehicles list
2025-05-30 19:25:32,132 - DataManager - INFO - Successfully loaded 44 records from data\Tharuni_Guntur_data.csv
2025-05-30 19:25:32,132 - PendingVehiclesPanel - INFO - Retrieved 44 total records
2025-05-30 19:25:32,132 - PendingVehiclesPanel - INFO - Found 0 pending records
2025-05-30 19:25:32,133 - PendingVehiclesPanel - INFO - Successfully refreshed pending list with 0 items
2025-05-30 19:25:32,133 - DataManager - INFO - Created new daily folder: data\reports\30-05
2025-05-30 19:25:32,134 - TharuniApp - INFO - Application initialization completed successfully
2025-05-30 19:25:33,131 - TharuniApp - INFO - Ensuring settings persistence...
2025-05-30 19:25:33,137 - TharuniApp - INFO - Settings persistence check completed
2025-05-30 19:25:35,169 - DataManager - INFO - Successfully loaded 44 records from data\Tharuni_Guntur_data.csv
2025-05-30 19:25:35,185 - DataManager - INFO - Successfully loaded 44 records from data\Tharuni_Guntur_data.csv
2025-05-30 19:25:35,186 - DataManager - INFO - Successfully loaded 44 records from data\Tharuni_Guntur_data.csv
2025-05-30 19:25:35,721 - DataManager - INFO - Successfully loaded 44 records from data\Tharuni_Guntur_data.csv
2025-05-30 19:25:35,722 - DataManager - INFO - Successfully loaded 44 records from data\Tharuni_Guntur_data.csv
2025-05-30 19:25:39,083 - DataManager - INFO - Successfully loaded 44 records from data\Tharuni_Guntur_data.csv
2025-05-30 19:25:39,084 - DataManager - INFO - Successfully loaded 44 records from data\Tharuni_Guntur_data.csv
2025-05-30 19:25:42,496 - FormValidator - INFO - Vehicle validation passed: TS06UV0606
2025-05-30 19:25:43,396 - DataManager - INFO - Successfully loaded 44 records from data\Tharuni_Guntur_data.csv
2025-05-30 19:25:43,397 - DataManager - INFO - Successfully loaded 44 records from data\Tharuni_Guntur_data.csv
2025-05-30 19:25:46,235 - DataManager - INFO - Successfully loaded 44 records from data\Tharuni_Guntur_data.csv
2025-05-30 19:25:46,236 - DataManager - INFO - Successfully loaded 44 records from data\Tharuni_Guntur_data.csv
2025-05-30 19:25:48,286 - FormValidator - INFO - Vehicle validation passed: TS06UV0606
2025-05-30 19:25:49,274 - DataManager - INFO - Successfully loaded 44 records from data\Tharuni_Guntur_data.csv
2025-05-30 19:25:49,276 - DataManager - INFO - Successfully loaded 44 records from data\Tharuni_Guntur_data.csv
2025-05-30 19:25:52,738 - TharuniApp - INFO - ==================================================
2025-05-30 19:25:52,739 - TharuniApp - INFO - SAVE RECORD OPERATION STARTED
2025-05-30 19:25:52,740 - FormValidator - INFO - Starting comprehensive form validation
2025-05-30 19:25:52,740 - FormValidator - INFO - Validating basic fields
2025-05-30 19:25:52,740 - FormValidator - INFO - Field values: ticket='T0044', vehicle='TS06UV0606', agency='Tharuni'
2025-05-30 19:25:52,741 - FormValidator - INFO - Basic validation passed
2025-05-30 19:25:52,741 - FormValidator - INFO - Validating weighment data
2025-05-30 19:25:52,742 - FormValidator - INFO - Weighment data: first_weight='36920.00', first_timestamp='30-05-2025 19:25:36', second_weight='6590.00', second_timestamp='30-05-2025 19:25:45'
2025-05-30 19:25:52,742 - FormValidator - INFO - Weighment validation passed
2025-05-30 19:25:52,743 - FormValidator - INFO - Validating images for second weighment
2025-05-30 19:25:52,743 - FormValidator - INFO - Images validation for second: front=True, back=False
2025-05-30 19:25:52,744 - FormValidator - INFO - Form validation passed successfully
2025-05-30 19:25:52,746 - TharuniApp - INFO - Saving record for ticket: T0044
2025-05-30 19:25:52,747 - TharuniApp - INFO - Form data keys: ['date', 'time', 'site_name', 'agency_name', 'material', 'ticket_no', 'vehicle_no', 'transfer_party_name', 'first_weight', 'first_timestamp', 'second_weight', 'second_timestamp', 'net_weight', 'material_type', 'first_front_image', 'first_back_image', 'second_front_image', 'second_back_image', 'site_incharge', 'user_name']
2025-05-30 19:25:52,748 - TharuniApp - INFO - Record is complete: True
2025-05-30 19:25:52,748 - TharuniApp - INFO - Calling data_manager.save_record for T0044
2025-05-30 19:25:52,749 - DataManager - INFO - ==================================================
2025-05-30 19:25:52,750 - DataManager - INFO - STARTING OFFLINE-FIRST RECORD SAVE WITH JSON BACKUP
2025-05-30 19:25:52,750 - DataManager - INFO - Input data keys: ['date', 'time', 'site_name', 'agency_name', 'material', 'ticket_no', 'vehicle_no', 'transfer_party_name', 'first_weight', 'first_timestamp', 'second_weight', 'second_timestamp', 'net_weight', 'material_type', 'first_front_image', 'first_back_image', 'second_front_image', 'second_back_image', 'site_incharge', 'user_name']
2025-05-30 19:25:52,751 - DataManager - INFO - Net weight calculated: 36920.0 - 6590.0 = 30330.00
2025-05-30 19:25:52,752 - DataManager - INFO - Using data file: data\Tharuni_Guntur_data.csv
2025-05-30 19:25:52,753 - DataManager - INFO - Successfully loaded 44 records from data\Tharuni_Guntur_data.csv
2025-05-30 19:25:52,754 - DataManager - INFO - Filtered 44 records to 0 using filter: 't0044'
2025-05-30 19:25:52,755 - DataManager - INFO - Adding new record: T0044
2025-05-30 19:25:52,755 - DataManager - INFO - Adding new record to CSV
2025-05-30 19:25:52,756 - DataManager - INFO - Record data: ['30-05-2025', '19:25:52', 'Guntur', 'Tharuni', 'Inert', 'T0044', 'TS06UV0606', 'Jindal', '36920.00', '30-05-2025 19:25:36', '6590.00', '30-05-2025 19:25:45', '30330.00', 'Inert', 'Guntur_TS06UV0606_20250530_192542_1st_front.jpg', '', 'Guntur_TS06UV0606_20250530_192548_2nd_front.jpg', '', '', 'admin']
2025-05-30 19:25:52,758 - DataManager - INFO - ✅ New record added to data\Tharuni_Guntur_data.csv
2025-05-30 19:25:52,759 - DataManager - INFO - ✅ Record T0044 saved to local CSV successfully
2025-05-30 19:25:52,759 - DataManager - INFO - Record completion status: True
2025-05-30 19:25:52,760 - DataManager - INFO - Complete record detected - saving JSON backup locally...
2025-05-30 19:25:52,761 - DataManager - INFO - Created new daily JSON folder: data\json_backups\2025-05-30
2025-05-30 19:25:52,765 - DataManager - INFO - JSON backup saved: data\json_backups\2025-05-30\T0044_Tharuni_Guntur_192552.json
2025-05-30 19:25:52,765 - DataManager - INFO - ✅ JSON backup saved locally for T0044
2025-05-30 19:25:52,766 - DataManager - INFO - Complete record detected for ticket T0044 - generating PDF locally...
2025-05-30 19:25:52,767 - DataManager - INFO - Today's reports folder ensured: data\reports\2025-05-30
2025-05-30 19:25:52,767 - DataManager - INFO - Reports will be saved to: data\reports\2025-05-30
2025-05-30 19:25:52,768 - DataManager - INFO - Today's reports folder ensured: data\reports\2025-05-30
2025-05-30 19:25:52,771 - DataManager - INFO - SIMPLE TEST - Net display: '30330.00 kg'
2025-05-30 19:25:52,784 - DataManager - WARNING - Watermark error: cannot access local variable 'site' where it is not associated with a value, using image without watermark
2025-05-30 19:25:52,805 - DataManager - WARNING - Watermark error: cannot access local variable 'site' where it is not associated with a value, using image without watermark
2025-05-30 19:25:52,816 - DataManager - INFO - Building PDF document: data\reports\2025-05-30\Tharuni_Guntur_T0044_TS06UV0606_192552.pdf
2025-05-30 19:25:52,853 - DataManager - INFO - PDF created successfully: data\reports\2025-05-30\Tharuni_Guntur_T0044_TS06UV0606_192552.pdf (94925 bytes)
2025-05-30 19:25:52,853 - DataManager - INFO - Auto-generated PDF: data\reports\2025-05-30\Tharuni_Guntur_T0044_TS06UV0606_192552.pdf
2025-05-30 19:25:52,854 - DataManager - INFO - PDF saved to today's reports folder: data\reports\2025-05-30
2025-05-30 19:25:52,854 - DataManager - INFO - ✅ PDF auto-generated locally: data\reports\2025-05-30\Tharuni_Guntur_T0044_TS06UV0606_192552.pdf
2025-05-30 19:25:54,398 - DataManager - INFO - Successfully loaded 45 records from data\Tharuni_Guntur_data.csv
2025-05-30 19:25:54,399 - DataManager - INFO - Successfully loaded 45 records from data\Tharuni_Guntur_data.csv
2025-05-30 19:25:54,404 - DataManager - INFO - ✅ OFFLINE-FIRST SAVE COMPLETED - Local CSV, JSON backup, and PDF generated
2025-05-30 19:25:54,404 - DataManager - INFO - 📂 PDF saved to today's reports folder: data\reports\2025-05-30
2025-05-30 19:25:54,405 - DataManager - INFO - 💡 Cloud backup available via Settings > Cloud Storage > Backup
2025-05-30 19:25:54,405 - DataManager - INFO - ==================================================
2025-05-30 19:25:54,405 - TharuniApp - INFO - ✅ Record T0044 saved successfully
2025-05-30 19:25:54,410 - TharuniApp - INFO - ✅ Ticket T0044 completed - counter incremented
2025-05-30 19:25:54,411 - TharuniApp - INFO - Removing T0044 from pending vehicles list
2025-05-30 19:25:54,411 - PendingVehiclesPanel - INFO - Attempting to remove ticket T0044 from pending list
2025-05-30 19:25:54,411 - PendingVehiclesPanel - WARNING - Ticket T0044 not found in pending list for removal
2025-05-30 19:25:54,412 - PendingVehiclesPanel - INFO - Refreshing pending vehicles list
2025-05-30 19:25:54,412 - DataManager - INFO - Successfully loaded 45 records from data\Tharuni_Guntur_data.csv
2025-05-30 19:25:54,413 - PendingVehiclesPanel - INFO - Retrieved 45 total records
2025-05-30 19:25:54,413 - PendingVehiclesPanel - INFO - Found 0 pending records
2025-05-30 19:25:54,413 - PendingVehiclesPanel - INFO - Successfully refreshed pending list with 0 items
2025-05-30 19:25:54,704 - TharuniApp - INFO - ✅ Complete record processing finished for T0044
2025-05-30 19:25:54,705 - DataManager - INFO - Successfully loaded 45 records from data\Tharuni_Guntur_data.csv
2025-05-30 19:25:54,706 - DataManager - INFO - Returning all 45 records (no filter)
2025-05-30 19:25:54,707 - PendingVehiclesPanel - INFO - Refreshing pending vehicles list
2025-05-30 19:25:54,708 - DataManager - INFO - Successfully loaded 45 records from data\Tharuni_Guntur_data.csv
2025-05-30 19:25:54,708 - PendingVehiclesPanel - INFO - Retrieved 45 total records
2025-05-30 19:25:54,708 - PendingVehiclesPanel - INFO - Found 0 pending records
2025-05-30 19:25:54,709 - PendingVehiclesPanel - INFO - Successfully refreshed pending list with 0 items
2025-05-30 19:25:54,709 - TharuniApp - INFO - SAVE RECORD OPERATION COMPLETED SUCCESSFULLY
2025-05-30 19:25:54,709 - TharuniApp - INFO - ==================================================
2025-05-30 19:26:00,027 - DataManager - INFO - Cloud storage initialized on demand
2025-05-30 19:26:00,028 - DataManager - INFO - Found 43 JSON backup files for bulk upload
2025-05-30 19:26:00,305 - DataManager - INFO - Uploaded JSON backup: T0002_Tharuni_Guntur_211239.json
2025-05-30 19:26:00,557 - DataManager - INFO - Uploaded JSON backup: T0003_Tharuni_Guntur_212042.json
2025-05-30 19:26:00,805 - DataManager - INFO - Uploaded JSON backup: T0004_Tharuni_Guntur_214248.json
2025-05-30 19:26:01,069 - DataManager - INFO - Uploaded JSON backup: T0005_Tharuni_Guntur_214703.json
2025-05-30 19:26:01,317 - DataManager - INFO - Uploaded JSON backup: T0006_Tharuni_Guntur_215228.json
2025-05-30 19:26:01,560 - DataManager - INFO - Uploaded JSON backup: T0007_Tharuni_Guntur_220413.json
2025-05-30 19:26:01,814 - DataManager - INFO - Uploaded JSON backup: T0008_Tharuni_Guntur_221138.json
2025-05-30 19:26:02,407 - DataManager - INFO - Uploaded JSON backup: T0009_Tharuni_Guntur_221746.json
2025-05-30 19:26:03,003 - DataManager - INFO - Uploaded JSON backup: T0010_Tharuni_Guntur_222608.json
2025-05-30 19:26:03,651 - DataManager - INFO - Uploaded JSON backup: T0011_Tharuni_Guntur_230418.json
2025-05-30 19:26:04,264 - DataManager - INFO - Uploaded JSON backup: T0012_Tharuni_Guntur_232426.json
2025-05-30 19:26:05,227 - DataManager - INFO - Uploaded JSON backup: T0013_Tharuni_Guntur_232629.json
2025-05-30 19:26:06,205 - DataManager - INFO - Uploaded JSON backup: T0014_Tharuni_Guntur_233046.json
2025-05-30 19:26:07,183 - DataManager - INFO - Uploaded JSON backup: T0015_Tharuni_Guntur_233500.json
2025-05-30 19:26:07,438 - DataManager - INFO - Uploaded JSON backup: T0016_Tharuni_Guntur_233910.json
2025-05-30 19:26:07,678 - DataManager - INFO - Uploaded JSON backup: T0017_Tharuni_Guntur_234531.json
2025-05-30 19:26:08,296 - DataManager - INFO - Uploaded JSON backup: T0018_Tharuni_Guntur_235358.json
2025-05-30 19:26:08,551 - DataManager - INFO - Uploaded JSON backup: T0019_Tharuni_Guntur_235500.json
2025-05-30 19:26:08,796 - DataManager - INFO - Uploaded JSON backup: T0020_Tharuni_Guntur_235617.json
2025-05-30 19:26:09,046 - DataManager - INFO - Uploaded JSON backup: T0021_Tharuni_Guntur_000306.json
2025-05-30 19:26:09,296 - DataManager - INFO - Uploaded JSON backup: T0022_Tharuni_Guntur_000513.json
2025-05-30 19:26:09,538 - DataManager - INFO - Uploaded JSON backup: T0023_Tharuni_Guntur_001027.json
2025-05-30 19:26:10,153 - DataManager - INFO - Uploaded JSON backup: T0024_Tharuni_Guntur_001251.json
2025-05-30 19:26:10,747 - DataManager - INFO - Uploaded JSON backup: T0025_Tharuni_Guntur_001643.json
2025-05-30 19:26:11,361 - DataManager - INFO - Uploaded JSON backup: T0026_Tharuni_Guntur_001921.json
2025-05-30 19:26:11,611 - DataManager - INFO - Uploaded JSON backup: T0027_Tharuni_Guntur_012944.json
2025-05-30 19:26:12,570 - DataManager - INFO - Uploaded JSON backup: T0028_Tharuni_Guntur_055441.json
2025-05-30 19:26:13,546 - DataManager - INFO - Uploaded JSON backup: T0029_Tharuni_Guntur_060421.json
2025-05-30 19:26:14,523 - DataManager - INFO - Uploaded JSON backup: T0030_Tharuni_Guntur_060643.json
2025-05-30 19:26:15,447 - DataManager - INFO - Uploaded JSON backup: T0031_Tharuni_Guntur_060810.json
2025-05-30 19:26:16,416 - DataManager - INFO - Uploaded JSON backup: T0032_Tharuni_Guntur_061021.json
2025-05-30 19:26:17,420 - DataManager - INFO - Uploaded JSON backup: T0033_Tharuni_Guntur_061236.json
2025-05-30 19:26:18,359 - DataManager - INFO - Uploaded JSON backup: T0034_Tharuni_Guntur_062057.json
2025-05-30 19:26:19,303 - DataManager - INFO - Uploaded JSON backup: T0035_Tharuni_Guntur_062248.json
2025-05-30 19:26:20,263 - DataManager - INFO - Uploaded JSON backup: T0036_Tharuni_Guntur_062818.json
2025-05-30 19:26:20,818 - DataManager - INFO - Uploaded JSON backup: T0037_Tharuni_Guntur_062952.json
2025-05-30 19:26:21,734 - DataManager - INFO - Uploaded JSON backup: T0038_Tharuni_Guntur_063402.json
2025-05-30 19:26:22,680 - DataManager - INFO - Uploaded JSON backup: T0039_Tharuni_Guntur_063853.json
2025-05-30 19:26:23,643 - DataManager - INFO - Uploaded JSON backup: T0040_Tharuni_Guntur_065731.json
2025-05-30 19:26:24,535 - DataManager - INFO - Uploaded JSON backup: T0041_Tharuni_Guntur_070323.json
2025-05-30 19:26:25,429 - DataManager - INFO - Uploaded JSON backup: T0042_Tharuni_Guntur_191017.json
2025-05-30 19:26:26,298 - DataManager - INFO - Uploaded JSON backup: T0043_Tharuni_Guntur_192238.json
2025-05-30 19:26:27,193 - DataManager - INFO - Uploaded JSON backup: T0044_Tharuni_Guntur_192552.json
2025-05-30 19:26:27,198 - DataManager - INFO - Successfully loaded 45 records from data\Tharuni_Guntur_data.csv
2025-05-30 19:26:32,138 - PendingVehiclesPanel - INFO - Refreshing pending vehicles list
2025-05-30 19:26:32,141 - DataManager - INFO - Successfully loaded 45 records from data\Tharuni_Guntur_data.csv
2025-05-30 19:26:32,142 - PendingVehiclesPanel - INFO - Retrieved 45 total records
2025-05-30 19:26:32,143 - PendingVehiclesPanel - INFO - Found 0 pending records
2025-05-30 19:26:32,144 - PendingVehiclesPanel - INFO - Successfully refreshed pending list with 0 items
2025-05-30 19:26:32,146 - DataManager - INFO - Created new daily folder: data\reports\30-05
2025-05-30 19:27:32,151 - PendingVehiclesPanel - INFO - Refreshing pending vehicles list
2025-05-30 19:27:32,154 - DataManager - INFO - Successfully loaded 45 records from data\Tharuni_Guntur_data.csv
2025-05-30 19:27:32,155 - PendingVehiclesPanel - INFO - Retrieved 45 total records
2025-05-30 19:27:32,156 - PendingVehiclesPanel - INFO - Found 0 pending records
2025-05-30 19:27:32,158 - PendingVehiclesPanel - INFO - Successfully refreshed pending list with 0 items
2025-05-30 19:28:32,172 - PendingVehiclesPanel - INFO - Refreshing pending vehicles list
2025-05-30 19:28:32,175 - DataManager - INFO - Successfully loaded 45 records from data\Tharuni_Guntur_data.csv
2025-05-30 19:28:32,176 - PendingVehiclesPanel - INFO - Retrieved 45 total records
2025-05-30 19:28:32,177 - PendingVehiclesPanel - INFO - Found 0 pending records
2025-05-30 19:28:32,178 - PendingVehiclesPanel - INFO - Successfully refreshed pending list with 0 items
2025-05-30 19:29:32,198 - PendingVehiclesPanel - INFO - Refreshing pending vehicles list
2025-05-30 19:29:32,199 - DataManager - INFO - Successfully loaded 45 records from data\Tharuni_Guntur_data.csv
2025-05-30 19:29:32,199 - PendingVehiclesPanel - INFO - Retrieved 45 total records
2025-05-30 19:29:32,199 - PendingVehiclesPanel - INFO - Found 0 pending records
2025-05-30 19:29:32,200 - PendingVehiclesPanel - INFO - Successfully refreshed pending list with 0 items
2025-05-30 19:29:36,296 - DataManager - INFO - Found 43 JSON backup files for bulk upload
2025-05-30 19:34:42,836 - TharuniApp - INFO - ============================================================
2025-05-30 19:34:42,836 - TharuniApp - INFO - APPLICATION STARTUP
2025-05-30 19:34:42,837 - TharuniApp - INFO - ============================================================
2025-05-30 19:34:42,840 - TharuniApp - INFO - Configuration setup completed
2025-05-30 19:34:42,841 - DataManager - INFO - DataManager initialized with OFFLINE-FIRST approach + JSON local storage
2025-05-30 19:34:42,841 - DataManager - INFO - CSV structure is up to date
2025-05-30 19:34:42,842 - DataManager - INFO - Daily PDF folder structure ready:
2025-05-30 19:34:42,842 - DataManager - INFO -   Base reports folder: data\reports
2025-05-30 19:34:42,842 - DataManager - INFO -   Today's folder: data\reports\2025-05-30
2025-05-30 19:34:42,843 - DataManager - INFO - Data file: data\weighbridge_data.csv
2025-05-30 19:34:42,843 - DataManager - INFO - Reports folder: data\reports
2025-05-30 19:34:42,843 - DataManager - INFO - JSON backup folder: data\json_backups
2025-05-30 19:34:42,843 - DataManager - INFO - PDF folder: data\reports\2025-05-30
2025-05-30 19:34:42,843 - DataManager - INFO - Cloud storage will only be initialized when backup is requested
2025-05-30 19:34:42,844 - TharuniApp - INFO - Data manager initialized
2025-05-30 19:34:42,846 - TharuniApp - INFO - Settings storage initialized
2025-05-30 19:34:42,849 - TharuniApp - INFO - UI styles initialized
2025-05-30 19:34:42,849 - TharuniApp - INFO - Starting user authentication
2025-05-30 19:34:46,568 - TharuniApp - INFO - Authentication successful: admin
2025-05-30 19:34:46,568 - TharuniApp - INFO - User logged in: admin (Role: admin)
2025-05-30 19:34:46,569 - TharuniApp - INFO - Setting up data context
2025-05-30 19:34:46,570 - DataManager - INFO - CSV structure is up to date
2025-05-30 19:34:46,570 - DataManager - INFO - Data context set to: Agency='Tharuni', Site='Guntur'
2025-05-30 19:34:46,570 - DataManager - INFO - Data file: data\Tharuni_Guntur_data.csv
2025-05-30 19:34:46,571 - TharuniApp - INFO - Data context initialized: Agency='Tharuni', Site='Guntur'
2025-05-30 19:34:46,571 - TharuniApp - INFO - Data will be saved to: data\Tharuni_Guntur_data.csv
2025-05-30 19:34:46,572 - TharuniApp - INFO - PDFs will be saved to: data\reports\2025-05-30
2025-05-30 19:34:46,572 - TharuniApp - INFO - Creating application widgets
2025-05-30 19:34:46,588 - TharuniApp - INFO - Creating main panel
2025-05-30 19:34:46,592 - FormValidator - INFO - FormValidator initialized
2025-05-30 19:34:46,599 - DataManager - INFO - Successfully loaded 45 records from data\Tharuni_Guntur_data.csv
2025-05-30 19:34:47,558 - DataManager - INFO - Successfully loaded 45 records from data\Tharuni_Guntur_data.csv
2025-05-30 19:34:47,558 - TharuniApp - INFO - Main form created
2025-05-30 19:34:47,560 - DataManager - INFO - CSV structure is up to date
2025-05-30 19:34:47,560 - DataManager - INFO - Data context set to: Agency='Tharuni', Site='Guntur'
2025-05-30 19:34:47,560 - DataManager - INFO - Data file: data\Tharuni_Guntur_data.csv
2025-05-30 19:34:47,561 - DataManager - INFO - CSV structure is up to date
2025-05-30 19:34:47,561 - DataManager - INFO - Data context set to: Agency='Tharuni', Site='Guntur'
2025-05-30 19:34:47,562 - DataManager - INFO - Data file: data\Tharuni_Guntur_data.csv
2025-05-30 19:34:47,562 - DataManager - INFO - CSV structure is up to date
2025-05-30 19:34:47,563 - DataManager - INFO - Data context set to: Agency='Tharuni', Site='Guntur'
2025-05-30 19:34:47,563 - DataManager - INFO - Data file: data\Tharuni_Guntur_data.csv
2025-05-30 19:34:47,563 - PendingVehiclesPanel - INFO - PendingVehiclesPanel initialized
2025-05-30 19:34:47,568 - PendingVehiclesPanel - INFO - Refreshing pending vehicles list
2025-05-30 19:34:47,570 - DataManager - INFO - Successfully loaded 45 records from data\Tharuni_Guntur_data.csv
2025-05-30 19:34:47,570 - PendingVehiclesPanel - INFO - Retrieved 45 total records
2025-05-30 19:34:47,571 - PendingVehiclesPanel - INFO - Found 0 pending records
2025-05-30 19:34:47,571 - PendingVehiclesPanel - INFO - Successfully refreshed pending list with 0 items
2025-05-30 19:34:47,572 - TharuniApp - INFO - Pending vehicles panel created
2025-05-30 19:34:47,784 - TharuniApp - INFO - Main panel creation completed
2025-05-30 19:34:47,792 - TharuniApp - INFO - Summary panel created
2025-05-30 19:34:47,976 - TharuniApp - INFO - ✅ Data manager reference set in settings panel
2025-05-30 19:34:47,977 - TharuniApp - INFO - Widget creation completed successfully
2025-05-30 19:34:47,977 - PendingVehiclesPanel - INFO - Refreshing pending vehicles list
2025-05-30 19:34:47,978 - DataManager - INFO - Successfully loaded 45 records from data\Tharuni_Guntur_data.csv
2025-05-30 19:34:47,978 - PendingVehiclesPanel - INFO - Retrieved 45 total records
2025-05-30 19:34:47,979 - PendingVehiclesPanel - INFO - Found 0 pending records
2025-05-30 19:34:47,979 - PendingVehiclesPanel - INFO - Successfully refreshed pending list with 0 items
2025-05-30 19:34:47,980 - DataManager - INFO - Created new daily folder: data\reports\30-05
2025-05-30 19:34:47,980 - TharuniApp - INFO - Application initialization completed successfully
2025-05-30 19:34:48,977 - TharuniApp - INFO - Ensuring settings persistence...
2025-05-30 19:34:48,985 - TharuniApp - INFO - Settings persistence check completed
2025-05-30 19:34:50,140 - DataManager - INFO - Successfully loaded 45 records from data\Tharuni_Guntur_data.csv
2025-05-30 19:34:50,167 - DataManager - INFO - Successfully loaded 45 records from data\Tharuni_Guntur_data.csv
2025-05-30 19:34:50,169 - DataManager - INFO - Successfully loaded 45 records from data\Tharuni_Guntur_data.csv
2025-05-30 19:34:50,774 - DataManager - INFO - Successfully loaded 45 records from data\Tharuni_Guntur_data.csv
2025-05-30 19:34:50,776 - DataManager - INFO - Successfully loaded 45 records from data\Tharuni_Guntur_data.csv
2025-05-30 19:34:52,492 - DataManager - INFO - Successfully loaded 45 records from data\Tharuni_Guntur_data.csv
2025-05-30 19:34:52,493 - DataManager - INFO - Successfully loaded 45 records from data\Tharuni_Guntur_data.csv
2025-05-30 19:34:55,593 - FormValidator - INFO - Vehicle validation passed: TS04UA4444
2025-05-30 19:34:56,686 - DataManager - INFO - Successfully loaded 45 records from data\Tharuni_Guntur_data.csv
2025-05-30 19:34:56,688 - DataManager - INFO - Successfully loaded 45 records from data\Tharuni_Guntur_data.csv
2025-05-30 19:35:01,751 - DataManager - INFO - Successfully loaded 45 records from data\Tharuni_Guntur_data.csv
2025-05-30 19:35:01,752 - DataManager - INFO - Successfully loaded 45 records from data\Tharuni_Guntur_data.csv
2025-05-30 19:35:05,518 - FormValidator - INFO - Vehicle validation passed: TS04UA4444
2025-05-30 19:35:06,774 - DataManager - INFO - Successfully loaded 45 records from data\Tharuni_Guntur_data.csv
2025-05-30 19:35:06,775 - DataManager - INFO - Successfully loaded 45 records from data\Tharuni_Guntur_data.csv
2025-05-30 19:35:08,455 - TharuniApp - INFO - ==================================================
2025-05-30 19:35:08,456 - TharuniApp - INFO - SAVE RECORD OPERATION STARTED
2025-05-30 19:35:08,456 - FormValidator - INFO - Starting comprehensive form validation
2025-05-30 19:35:08,457 - FormValidator - INFO - Validating basic fields
2025-05-30 19:35:08,457 - FormValidator - INFO - Field values: ticket='T0045', vehicle='TS04UA4444', agency='Tharuni'
2025-05-30 19:35:08,457 - FormValidator - INFO - Basic validation passed
2025-05-30 19:35:08,458 - FormValidator - INFO - Validating weighment data
2025-05-30 19:35:08,458 - FormValidator - INFO - Weighment data: first_weight='28330.00', first_timestamp='30-05-2025 19:34:51', second_weight='12280.00', second_timestamp='30-05-2025 19:35:00'
2025-05-30 19:35:08,459 - FormValidator - INFO - Weighment validation passed
2025-05-30 19:35:08,459 - FormValidator - INFO - Validating images for second weighment
2025-05-30 19:35:08,460 - FormValidator - INFO - Images validation for second: front=True, back=False
2025-05-30 19:35:08,460 - FormValidator - INFO - Form validation passed successfully
2025-05-30 19:35:08,463 - TharuniApp - INFO - Saving record for ticket: T0045
2025-05-30 19:35:08,464 - TharuniApp - INFO - Form data keys: ['date', 'time', 'site_name', 'agency_name', 'material', 'ticket_no', 'vehicle_no', 'transfer_party_name', 'first_weight', 'first_timestamp', 'second_weight', 'second_timestamp', 'net_weight', 'material_type', 'first_front_image', 'first_back_image', 'second_front_image', 'second_back_image', 'site_incharge', 'user_name']
2025-05-30 19:35:08,464 - TharuniApp - INFO - Record is complete: True
2025-05-30 19:35:08,465 - TharuniApp - INFO - Calling data_manager.save_record for T0045
2025-05-30 19:35:08,465 - DataManager - INFO - ==================================================
2025-05-30 19:35:08,466 - DataManager - INFO - STARTING OFFLINE-FIRST RECORD SAVE WITH JSON BACKUP
2025-05-30 19:35:08,467 - DataManager - INFO - Input data keys: ['date', 'time', 'site_name', 'agency_name', 'material', 'ticket_no', 'vehicle_no', 'transfer_party_name', 'first_weight', 'first_timestamp', 'second_weight', 'second_timestamp', 'net_weight', 'material_type', 'first_front_image', 'first_back_image', 'second_front_image', 'second_back_image', 'site_incharge', 'user_name']
2025-05-30 19:35:08,468 - DataManager - INFO - Net weight calculated: 28330.0 - 12280.0 = 16050.00
2025-05-30 19:35:08,468 - DataManager - INFO - Using data file: data\Tharuni_Guntur_data.csv
2025-05-30 19:35:08,470 - DataManager - INFO - Successfully loaded 45 records from data\Tharuni_Guntur_data.csv
2025-05-30 19:35:08,471 - DataManager - INFO - Filtered 45 records to 0 using filter: 't0045'
2025-05-30 19:35:08,471 - DataManager - INFO - Adding new record: T0045
2025-05-30 19:35:08,472 - DataManager - INFO - Adding new record to CSV
2025-05-30 19:35:08,472 - DataManager - INFO - Record data: ['30-05-2025', '19:35:08', 'Guntur', 'Tharuni', 'Inert', 'T0045', 'TS04UA4444', 'Jindal', '28330.00', '30-05-2025 19:34:51', '12280.00', '30-05-2025 19:35:00', '16050.00', 'Inert', 'Guntur_TS04UA4444_20250530_193455_1st_front.jpg', '', 'Guntur_TS04UA4444_20250530_193505_2nd_front.jpg', '', '', 'admin']
2025-05-30 19:35:08,474 - DataManager - INFO - ✅ New record added to data\Tharuni_Guntur_data.csv
2025-05-30 19:35:08,475 - DataManager - INFO - ✅ Record T0045 saved to local CSV successfully
2025-05-30 19:35:08,475 - DataManager - INFO - Record completion status: True
2025-05-30 19:35:08,476 - DataManager - INFO - Complete record detected - saving JSON backup locally...
2025-05-30 19:35:08,477 - DataManager - INFO - Created new daily JSON folder: data\json_backups\2025-05-30
2025-05-30 19:35:08,478 - DataManager - INFO - JSON backup saved: data\json_backups\2025-05-30\T0045_Tharuni_Guntur_193508.json
2025-05-30 19:35:08,479 - DataManager - INFO - ✅ JSON backup saved locally for T0045
2025-05-30 19:35:08,479 - DataManager - INFO - Complete record detected for ticket T0045 - generating PDF locally...
2025-05-30 19:35:08,481 - DataManager - INFO - Today's reports folder ensured: data\reports\2025-05-30
2025-05-30 19:35:08,481 - DataManager - INFO - Reports will be saved to: data\reports\2025-05-30
2025-05-30 19:35:08,483 - DataManager - INFO - Today's reports folder ensured: data\reports\2025-05-30
2025-05-30 19:35:08,485 - DataManager - INFO - SIMPLE TEST - Net display: '16050.00 kg'
2025-05-30 19:35:08,500 - DataManager - WARNING - Watermark error: cannot access local variable 'site' where it is not associated with a value, using image without watermark
2025-05-30 19:35:08,520 - DataManager - WARNING - Watermark error: cannot access local variable 'site' where it is not associated with a value, using image without watermark
2025-05-30 19:35:08,529 - DataManager - INFO - Building PDF document: data\reports\2025-05-30\Tharuni_Guntur_T0045_TS04UA4444_193508.pdf
2025-05-30 19:35:08,570 - DataManager - INFO - PDF created successfully: data\reports\2025-05-30\Tharuni_Guntur_T0045_TS04UA4444_193508.pdf (92260 bytes)
2025-05-30 19:35:08,570 - DataManager - INFO - Auto-generated PDF: data\reports\2025-05-30\Tharuni_Guntur_T0045_TS04UA4444_193508.pdf
2025-05-30 19:35:08,571 - DataManager - INFO - PDF saved to today's reports folder: data\reports\2025-05-30
2025-05-30 19:35:08,571 - DataManager - INFO - ✅ PDF auto-generated locally: data\reports\2025-05-30\Tharuni_Guntur_T0045_TS04UA4444_193508.pdf
2025-05-30 19:35:10,680 - DataManager - INFO - Successfully loaded 46 records from data\Tharuni_Guntur_data.csv
2025-05-30 19:35:10,681 - DataManager - INFO - Successfully loaded 46 records from data\Tharuni_Guntur_data.csv
2025-05-30 19:35:10,687 - DataManager - INFO - ✅ OFFLINE-FIRST SAVE COMPLETED - Local CSV, JSON backup, and PDF generated
2025-05-30 19:35:10,687 - DataManager - INFO - 📂 PDF saved to today's reports folder: data\reports\2025-05-30
2025-05-30 19:35:10,687 - DataManager - INFO - 💡 Cloud backup available via Settings > Cloud Storage > Backup
2025-05-30 19:35:10,688 - DataManager - INFO - ==================================================
2025-05-30 19:35:10,688 - TharuniApp - INFO - ✅ Record T0045 saved successfully
2025-05-30 19:35:10,692 - TharuniApp - INFO - ✅ Ticket T0045 completed - counter incremented
2025-05-30 19:35:10,693 - TharuniApp - INFO - Removing T0045 from pending vehicles list
2025-05-30 19:35:10,693 - PendingVehiclesPanel - INFO - Attempting to remove ticket T0045 from pending list
2025-05-30 19:35:10,693 - PendingVehiclesPanel - WARNING - Ticket T0045 not found in pending list for removal
2025-05-30 19:35:10,693 - PendingVehiclesPanel - INFO - Refreshing pending vehicles list
2025-05-30 19:35:10,694 - DataManager - INFO - Successfully loaded 46 records from data\Tharuni_Guntur_data.csv
2025-05-30 19:35:10,695 - PendingVehiclesPanel - INFO - Retrieved 46 total records
2025-05-30 19:35:10,695 - PendingVehiclesPanel - INFO - Found 0 pending records
2025-05-30 19:35:10,695 - PendingVehiclesPanel - INFO - Successfully refreshed pending list with 0 items
2025-05-30 19:35:10,990 - TharuniApp - INFO - ✅ Complete record processing finished for T0045
2025-05-30 19:35:10,990 - DataManager - INFO - Successfully loaded 46 records from data\Tharuni_Guntur_data.csv
2025-05-30 19:35:10,991 - DataManager - INFO - Returning all 46 records (no filter)
2025-05-30 19:35:10,992 - PendingVehiclesPanel - INFO - Refreshing pending vehicles list
2025-05-30 19:35:10,993 - DataManager - INFO - Successfully loaded 46 records from data\Tharuni_Guntur_data.csv
2025-05-30 19:35:10,993 - PendingVehiclesPanel - INFO - Retrieved 46 total records
2025-05-30 19:35:10,993 - PendingVehiclesPanel - INFO - Found 0 pending records
2025-05-30 19:35:10,994 - PendingVehiclesPanel - INFO - Successfully refreshed pending list with 0 items
2025-05-30 19:35:10,994 - TharuniApp - INFO - SAVE RECORD OPERATION COMPLETED SUCCESSFULLY
2025-05-30 19:35:10,994 - TharuniApp - INFO - ==================================================
2025-05-30 19:35:47,987 - PendingVehiclesPanel - INFO - Refreshing pending vehicles list
2025-05-30 19:35:47,991 - DataManager - INFO - Successfully loaded 46 records from data\Tharuni_Guntur_data.csv
2025-05-30 19:35:47,992 - PendingVehiclesPanel - INFO - Retrieved 46 total records
2025-05-30 19:35:47,994 - PendingVehiclesPanel - INFO - Found 0 pending records
2025-05-30 19:35:47,996 - PendingVehiclesPanel - INFO - Successfully refreshed pending list with 0 items
2025-05-30 19:35:47,998 - DataManager - INFO - Created new daily folder: data\reports\30-05
2025-05-30 19:35:53,712 - DataManager - INFO - Successfully loaded 46 records from data\Tharuni_Guntur_data.csv
2025-05-30 19:35:53,713 - DataManager - INFO - Successfully loaded 46 records from data\Tharuni_Guntur_data.csv
2025-05-30 19:35:59,353 - DataManager - INFO - Successfully loaded 46 records from data\Tharuni_Guntur_data.csv
2025-05-30 19:35:59,355 - DataManager - INFO - Successfully loaded 46 records from data\Tharuni_Guntur_data.csv
2025-05-30 19:36:04,481 - DataManager - INFO - Cloud storage initialized on demand
2025-05-30 19:36:04,485 - DataManager - INFO - Found 44 JSON backup files for bulk upload
2025-05-30 19:36:04,780 - DataManager - INFO - Uploaded JSON backup: T0002_Tharuni_Guntur_211239.json
2025-05-30 19:36:05,055 - DataManager - INFO - Uploaded JSON backup: T0003_Tharuni_Guntur_212042.json
2025-05-30 19:36:05,319 - DataManager - INFO - Uploaded JSON backup: T0004_Tharuni_Guntur_214248.json
2025-05-30 19:36:05,580 - DataManager - INFO - Uploaded JSON backup: T0005_Tharuni_Guntur_214703.json
2025-05-30 19:36:05,869 - DataManager - INFO - Uploaded JSON backup: T0006_Tharuni_Guntur_215228.json
2025-05-30 19:36:06,138 - DataManager - INFO - Uploaded JSON backup: T0007_Tharuni_Guntur_220413.json
2025-05-30 19:36:06,387 - DataManager - INFO - Uploaded JSON backup: T0008_Tharuni_Guntur_221138.json
2025-05-30 19:36:07,000 - DataManager - INFO - Uploaded JSON backup: T0009_Tharuni_Guntur_221746.json
2025-05-30 19:36:07,622 - DataManager - INFO - Uploaded JSON backup: T0010_Tharuni_Guntur_222608.json
2025-05-30 19:36:08,199 - DataManager - INFO - Uploaded JSON backup: T0011_Tharuni_Guntur_230418.json
2025-05-30 19:36:08,828 - DataManager - INFO - Uploaded JSON backup: T0012_Tharuni_Guntur_232426.json
2025-05-30 19:36:09,770 - DataManager - INFO - Uploaded JSON backup: T0013_Tharuni_Guntur_232629.json
2025-05-30 19:36:10,715 - DataManager - INFO - Uploaded JSON backup: T0014_Tharuni_Guntur_233046.json
2025-05-30 19:36:11,689 - DataManager - INFO - Uploaded JSON backup: T0015_Tharuni_Guntur_233500.json
2025-05-30 19:36:11,941 - DataManager - INFO - Uploaded JSON backup: T0016_Tharuni_Guntur_233910.json
2025-05-30 19:36:12,204 - DataManager - INFO - Uploaded JSON backup: T0017_Tharuni_Guntur_234531.json
2025-05-30 19:36:12,830 - DataManager - INFO - Uploaded JSON backup: T0018_Tharuni_Guntur_235358.json
2025-05-30 19:36:13,078 - DataManager - INFO - Uploaded JSON backup: T0019_Tharuni_Guntur_235500.json
2025-05-30 19:36:13,321 - DataManager - INFO - Uploaded JSON backup: T0020_Tharuni_Guntur_235617.json
2025-05-30 19:36:13,581 - DataManager - INFO - Uploaded JSON backup: T0021_Tharuni_Guntur_000306.json
2025-05-30 19:36:13,837 - DataManager - INFO - Uploaded JSON backup: T0022_Tharuni_Guntur_000513.json
2025-05-30 19:36:14,075 - DataManager - INFO - Uploaded JSON backup: T0023_Tharuni_Guntur_001027.json
2025-05-30 19:36:14,708 - DataManager - INFO - Uploaded JSON backup: T0024_Tharuni_Guntur_001251.json
2025-05-30 19:36:15,352 - DataManager - INFO - Uploaded JSON backup: T0025_Tharuni_Guntur_001643.json
2025-05-30 19:36:15,969 - DataManager - INFO - Uploaded JSON backup: T0026_Tharuni_Guntur_001921.json
2025-05-30 19:36:16,220 - DataManager - INFO - Uploaded JSON backup: T0027_Tharuni_Guntur_012944.json
2025-05-30 19:36:17,153 - DataManager - INFO - Uploaded JSON backup: T0028_Tharuni_Guntur_055441.json
2025-05-30 19:36:18,102 - DataManager - INFO - Uploaded JSON backup: T0029_Tharuni_Guntur_060421.json
2025-05-30 19:36:19,080 - DataManager - INFO - Uploaded JSON backup: T0030_Tharuni_Guntur_060643.json
2025-05-30 19:36:20,013 - DataManager - INFO - Uploaded JSON backup: T0031_Tharuni_Guntur_060810.json
2025-05-30 19:36:21,125 - DataManager - INFO - Uploaded JSON backup: T0032_Tharuni_Guntur_061021.json
2025-05-30 19:36:22,067 - DataManager - INFO - Uploaded JSON backup: T0033_Tharuni_Guntur_061236.json
2025-05-30 19:36:23,033 - DataManager - INFO - Uploaded JSON backup: T0034_Tharuni_Guntur_062057.json
2025-05-30 19:36:23,995 - DataManager - INFO - Uploaded JSON backup: T0035_Tharuni_Guntur_062248.json
2025-05-30 19:36:24,952 - DataManager - INFO - Uploaded JSON backup: T0036_Tharuni_Guntur_062818.json
2025-05-30 19:36:25,573 - DataManager - INFO - Uploaded JSON backup: T0037_Tharuni_Guntur_062952.json
2025-05-30 19:36:26,516 - DataManager - INFO - Uploaded JSON backup: T0038_Tharuni_Guntur_063402.json
2025-05-30 19:36:27,462 - DataManager - INFO - Uploaded JSON backup: T0039_Tharuni_Guntur_063853.json
2025-05-30 19:36:28,439 - DataManager - INFO - Uploaded JSON backup: T0040_Tharuni_Guntur_065731.json
2025-05-30 19:36:29,348 - DataManager - INFO - Uploaded JSON backup: T0041_Tharuni_Guntur_070323.json
2025-05-30 19:36:30,223 - DataManager - INFO - Uploaded JSON backup: T0042_Tharuni_Guntur_191017.json
2025-05-30 19:36:31,109 - DataManager - INFO - Uploaded JSON backup: T0043_Tharuni_Guntur_192238.json
2025-05-30 19:36:31,993 - DataManager - INFO - Uploaded JSON backup: T0044_Tharuni_Guntur_192552.json
2025-05-30 19:36:32,891 - DataManager - INFO - Uploaded JSON backup: T0045_Tharuni_Guntur_193508.json
2025-05-30 19:36:32,896 - DataManager - INFO - Successfully loaded 46 records from data\Tharuni_Guntur_data.csv
2025-05-30 19:36:48,011 - PendingVehiclesPanel - INFO - Refreshing pending vehicles list
2025-05-30 19:36:48,015 - DataManager - INFO - Successfully loaded 46 records from data\Tharuni_Guntur_data.csv
2025-05-30 19:36:48,016 - PendingVehiclesPanel - INFO - Retrieved 46 total records
2025-05-30 19:36:48,017 - PendingVehiclesPanel - INFO - Found 0 pending records
2025-05-30 19:36:48,018 - PendingVehiclesPanel - INFO - Successfully refreshed pending list with 0 items
2025-05-30 19:37:48,044 - PendingVehiclesPanel - INFO - Refreshing pending vehicles list
2025-05-30 19:37:48,048 - DataManager - INFO - Successfully loaded 46 records from data\Tharuni_Guntur_data.csv
2025-05-30 19:37:48,049 - PendingVehiclesPanel - INFO - Retrieved 46 total records
2025-05-30 19:37:48,050 - PendingVehiclesPanel - INFO - Found 0 pending records
2025-05-30 19:37:48,052 - PendingVehiclesPanel - INFO - Successfully refreshed pending list with 0 items
2025-05-30 19:38:48,064 - PendingVehiclesPanel - INFO - Refreshing pending vehicles list
2025-05-30 19:38:48,065 - DataManager - INFO - Successfully loaded 46 records from data\Tharuni_Guntur_data.csv
2025-05-30 19:38:48,066 - PendingVehiclesPanel - INFO - Retrieved 46 total records
2025-05-30 19:38:48,066 - PendingVehiclesPanel - INFO - Found 0 pending records
2025-05-30 19:38:48,067 - PendingVehiclesPanel - INFO - Successfully refreshed pending list with 0 items
2025-05-30 19:39:19,425 - DataManager - INFO - Found 44 JSON backup files for bulk upload
2025-05-30 19:39:20,275 - TharuniApp - INFO - Updating camera settings: {'front_camera_type': 'HTTP', 'front_camera_index': 1, 'front_rtsp_username': '', 'front_rtsp_password': '', 'front_rtsp_ip': '', 'front_rtsp_port': '8554', 'front_rtsp_endpoint': '/stream', 'front_http_username': '', 'front_http_password': '', 'front_http_ip': '', 'front_http_port': '80', 'front_http_endpoint': '/mjpeg', 'back_camera_type': 'HTTP', 'back_camera_index': 0, 'back_rtsp_username': '', 'back_rtsp_password': '', 'back_rtsp_ip': '', 'back_rtsp_port': '8555', 'back_rtsp_endpoint': '/stream', 'back_http_username': '', 'back_http_password': '', 'back_http_ip': '', 'back_http_port': '80', 'back_http_endpoint': '/mjpeg'}
2025-05-30 19:39:20,280 - TharuniApp - INFO - Camera settings saved for persistence
2025-05-30 19:39:22,679 - TharuniApp - INFO - ============================================================
2025-05-30 19:39:22,679 - TharuniApp - INFO - APPLICATION STARTUP
2025-05-30 19:39:22,679 - TharuniApp - INFO - ============================================================
2025-05-30 19:39:22,683 - TharuniApp - INFO - Configuration setup completed
2025-05-30 19:39:22,683 - DataManager - INFO - DataManager initialized with OFFLINE-FIRST approach + JSON local storage
2025-05-30 19:39:22,684 - DataManager - INFO - CSV structure is up to date
2025-05-30 19:39:22,685 - DataManager - INFO - Daily PDF folder structure ready:
2025-05-30 19:39:22,685 - DataManager - INFO -   Base reports folder: data\reports
2025-05-30 19:39:22,685 - DataManager - INFO -   Today's folder: data\reports\2025-05-30
2025-05-30 19:39:22,686 - DataManager - INFO - Data file: data\weighbridge_data.csv
2025-05-30 19:39:22,686 - DataManager - INFO - Reports folder: data\reports
2025-05-30 19:39:22,686 - DataManager - INFO - JSON backup folder: data\json_backups
2025-05-30 19:39:22,686 - DataManager - INFO - PDF folder: data\reports\2025-05-30
2025-05-30 19:39:22,686 - DataManager - INFO - Cloud storage will only be initialized when backup is requested
2025-05-30 19:39:22,687 - TharuniApp - INFO - Data manager initialized
2025-05-30 19:39:22,690 - TharuniApp - INFO - Settings storage initialized
2025-05-30 19:39:22,694 - TharuniApp - INFO - UI styles initialized
2025-05-30 19:39:22,694 - TharuniApp - INFO - Starting user authentication
2025-05-30 19:39:24,866 - TharuniApp - INFO - ============================================================
2025-05-30 19:39:24,867 - TharuniApp - INFO - APPLICATION STARTUP
2025-05-30 19:39:24,867 - TharuniApp - INFO - ============================================================
2025-05-30 19:39:24,871 - TharuniApp - INFO - Configuration setup completed
2025-05-30 19:39:24,871 - DataManager - INFO - DataManager initialized with OFFLINE-FIRST approach + JSON local storage
2025-05-30 19:39:24,872 - DataManager - INFO - CSV structure is up to date
2025-05-30 19:39:24,873 - DataManager - INFO - Daily PDF folder structure ready:
2025-05-30 19:39:24,873 - DataManager - INFO -   Base reports folder: data\reports
2025-05-30 19:39:24,873 - DataManager - INFO -   Today's folder: data\reports\2025-05-30
2025-05-30 19:39:24,874 - DataManager - INFO - Data file: data\weighbridge_data.csv
2025-05-30 19:39:24,874 - DataManager - INFO - Reports folder: data\reports
2025-05-30 19:39:24,874 - DataManager - INFO - JSON backup folder: data\json_backups
2025-05-30 19:39:24,874 - DataManager - INFO - PDF folder: data\reports\2025-05-30
2025-05-30 19:39:24,875 - DataManager - INFO - Cloud storage will only be initialized when backup is requested
2025-05-30 19:39:24,875 - TharuniApp - INFO - Data manager initialized
2025-05-30 19:39:24,876 - TharuniApp - INFO - Settings storage initialized
2025-05-30 19:39:24,878 - TharuniApp - INFO - UI styles initialized
2025-05-30 19:39:24,878 - TharuniApp - INFO - Starting user authentication
2025-05-30 19:39:26,610 - TharuniApp - INFO - Authentication canceled - exiting application
2025-05-30 19:39:26,610 - TharuniApp - INFO - User authentication failed or canceled - exiting
2025-05-30 19:39:31,203 - TharuniApp - INFO - Authentication successful: admin
2025-05-30 19:39:31,203 - TharuniApp - INFO - User logged in: admin (Role: admin)
2025-05-30 19:39:31,204 - TharuniApp - INFO - Setting up data context
2025-05-30 19:39:31,204 - DataManager - INFO - CSV structure is up to date
2025-05-30 19:39:31,205 - DataManager - INFO - Data context set to: Agency='Tharuni', Site='Guntur'
2025-05-30 19:39:31,205 - DataManager - INFO - Data file: data\Tharuni_Guntur_data.csv
2025-05-30 19:39:31,205 - TharuniApp - INFO - Data context initialized: Agency='Tharuni', Site='Guntur'
2025-05-30 19:39:31,205 - TharuniApp - INFO - Data will be saved to: data\Tharuni_Guntur_data.csv
2025-05-30 19:39:31,205 - TharuniApp - INFO - PDFs will be saved to: data\reports\2025-05-30
2025-05-30 19:39:31,206 - TharuniApp - INFO - Creating application widgets
2025-05-30 19:39:31,219 - TharuniApp - INFO - Creating main panel
2025-05-30 19:39:31,223 - FormValidator - INFO - FormValidator initialized
2025-05-30 19:39:31,232 - DataManager - INFO - Successfully loaded 46 records from data\Tharuni_Guntur_data.csv
2025-05-30 19:39:32,227 - DataManager - INFO - Successfully loaded 46 records from data\Tharuni_Guntur_data.csv
2025-05-30 19:39:32,228 - TharuniApp - INFO - Main form created
2025-05-30 19:39:32,230 - DataManager - INFO - CSV structure is up to date
2025-05-30 19:39:32,230 - DataManager - INFO - Data context set to: Agency='Tharuni', Site='Guntur'
2025-05-30 19:39:32,230 - DataManager - INFO - Data file: data\Tharuni_Guntur_data.csv
2025-05-30 19:39:32,231 - DataManager - INFO - CSV structure is up to date
2025-05-30 19:39:32,231 - DataManager - INFO - Data context set to: Agency='Tharuni', Site='Guntur'
2025-05-30 19:39:32,231 - DataManager - INFO - Data file: data\Tharuni_Guntur_data.csv
2025-05-30 19:39:32,232 - DataManager - INFO - CSV structure is up to date
2025-05-30 19:39:32,232 - DataManager - INFO - Data context set to: Agency='Tharuni', Site='Guntur'
2025-05-30 19:39:32,232 - DataManager - INFO - Data file: data\Tharuni_Guntur_data.csv
2025-05-30 19:39:32,232 - PendingVehiclesPanel - INFO - PendingVehiclesPanel initialized
2025-05-30 19:39:32,237 - PendingVehiclesPanel - INFO - Refreshing pending vehicles list
2025-05-30 19:39:32,238 - DataManager - INFO - Successfully loaded 46 records from data\Tharuni_Guntur_data.csv
2025-05-30 19:39:32,238 - PendingVehiclesPanel - INFO - Retrieved 46 total records
2025-05-30 19:39:32,238 - PendingVehiclesPanel - INFO - Found 0 pending records
2025-05-30 19:39:32,238 - PendingVehiclesPanel - INFO - Successfully refreshed pending list with 0 items
2025-05-30 19:39:32,239 - TharuniApp - INFO - Pending vehicles panel created
2025-05-30 19:39:32,438 - TharuniApp - INFO - Main panel creation completed
2025-05-30 19:39:32,445 - TharuniApp - INFO - Summary panel created
2025-05-30 19:39:32,601 - TharuniApp - INFO - ✅ Data manager reference set in settings panel
2025-05-30 19:39:32,601 - TharuniApp - INFO - Widget creation completed successfully
2025-05-30 19:39:32,602 - PendingVehiclesPanel - INFO - Refreshing pending vehicles list
2025-05-30 19:39:32,603 - DataManager - INFO - Successfully loaded 46 records from data\Tharuni_Guntur_data.csv
2025-05-30 19:39:32,603 - PendingVehiclesPanel - INFO - Retrieved 46 total records
2025-05-30 19:39:32,603 - PendingVehiclesPanel - INFO - Found 0 pending records
2025-05-30 19:39:32,604 - PendingVehiclesPanel - INFO - Successfully refreshed pending list with 0 items
2025-05-30 19:39:32,604 - DataManager - INFO - Created new daily folder: data\reports\30-05
2025-05-30 19:39:32,604 - TharuniApp - INFO - Application initialization completed successfully
2025-05-30 19:39:33,603 - TharuniApp - INFO - Ensuring settings persistence...
2025-05-30 19:39:33,610 - TharuniApp - INFO - Settings persistence check completed
2025-05-30 19:39:36,412 - DataManager - INFO - Cloud storage initialized on demand
2025-05-30 19:39:36,416 - DataManager - INFO - Found 44 JSON backup files for bulk upload
2025-05-30 19:39:36,719 - DataManager - INFO - Uploaded JSON backup: T0002_Tharuni_Guntur_211239.json
2025-05-30 19:39:36,983 - DataManager - INFO - Uploaded JSON backup: T0003_Tharuni_Guntur_212042.json
2025-05-30 19:39:37,245 - DataManager - INFO - Uploaded JSON backup: T0004_Tharuni_Guntur_214248.json
2025-05-30 19:39:37,507 - DataManager - INFO - Uploaded JSON backup: T0005_Tharuni_Guntur_214703.json
2025-05-30 19:39:37,785 - DataManager - INFO - Uploaded JSON backup: T0006_Tharuni_Guntur_215228.json
2025-05-30 19:39:38,029 - DataManager - INFO - Uploaded JSON backup: T0007_Tharuni_Guntur_220413.json
2025-05-30 19:39:38,299 - DataManager - INFO - Uploaded JSON backup: T0008_Tharuni_Guntur_221138.json
2025-05-30 19:39:38,927 - DataManager - INFO - Uploaded JSON backup: T0009_Tharuni_Guntur_221746.json
2025-05-30 19:39:39,536 - DataManager - INFO - Uploaded JSON backup: T0010_Tharuni_Guntur_222608.json
2025-05-30 19:39:40,187 - DataManager - INFO - Uploaded JSON backup: T0011_Tharuni_Guntur_230418.json
2025-05-30 19:39:40,824 - DataManager - INFO - Uploaded JSON backup: T0012_Tharuni_Guntur_232426.json
2025-05-30 19:39:41,787 - DataManager - INFO - Uploaded JSON backup: T0013_Tharuni_Guntur_232629.json
2025-05-30 19:39:42,764 - DataManager - INFO - Uploaded JSON backup: T0014_Tharuni_Guntur_233046.json
2025-05-30 19:39:43,740 - DataManager - INFO - Uploaded JSON backup: T0015_Tharuni_Guntur_233500.json
2025-05-30 19:39:43,992 - DataManager - INFO - Uploaded JSON backup: T0016_Tharuni_Guntur_233910.json
2025-05-30 19:39:44,240 - DataManager - INFO - Uploaded JSON backup: T0017_Tharuni_Guntur_234531.json
2025-05-30 19:39:44,863 - DataManager - INFO - Uploaded JSON backup: T0018_Tharuni_Guntur_235358.json
2025-05-30 19:39:45,127 - DataManager - INFO - Uploaded JSON backup: T0019_Tharuni_Guntur_235500.json
2025-05-30 19:39:45,398 - DataManager - INFO - Uploaded JSON backup: T0020_Tharuni_Guntur_235617.json
2025-05-30 19:39:45,653 - DataManager - INFO - Uploaded JSON backup: T0021_Tharuni_Guntur_000306.json
2025-05-30 19:39:45,922 - DataManager - INFO - Uploaded JSON backup: T0022_Tharuni_Guntur_000513.json
2025-05-30 19:39:46,189 - DataManager - INFO - Uploaded JSON backup: T0023_Tharuni_Guntur_001027.json
2025-05-30 19:39:46,796 - DataManager - INFO - Uploaded JSON backup: T0024_Tharuni_Guntur_001251.json
2025-05-30 19:39:47,439 - DataManager - INFO - Uploaded JSON backup: T0025_Tharuni_Guntur_001643.json
2025-05-30 19:39:48,048 - DataManager - INFO - Uploaded JSON backup: T0026_Tharuni_Guntur_001921.json
2025-05-30 19:39:48,291 - DataManager - INFO - Uploaded JSON backup: T0027_Tharuni_Guntur_012944.json
2025-05-30 19:39:49,272 - DataManager - INFO - Uploaded JSON backup: T0028_Tharuni_Guntur_055441.json
2025-05-30 19:39:50,256 - DataManager - INFO - Uploaded JSON backup: T0029_Tharuni_Guntur_060421.json
2025-05-30 19:39:51,223 - DataManager - INFO - Uploaded JSON backup: T0030_Tharuni_Guntur_060643.json
2025-05-30 19:39:52,180 - DataManager - INFO - Uploaded JSON backup: T0031_Tharuni_Guntur_060810.json
2025-05-30 19:39:53,062 - DataManager - INFO - Uploaded JSON backup: T0032_Tharuni_Guntur_061021.json
2025-05-30 19:39:53,975 - DataManager - INFO - Uploaded JSON backup: T0033_Tharuni_Guntur_061236.json
2025-05-30 19:39:54,883 - DataManager - INFO - Uploaded JSON backup: T0034_Tharuni_Guntur_062057.json
2025-05-30 19:39:55,844 - DataManager - INFO - Uploaded JSON backup: T0035_Tharuni_Guntur_062248.json
2025-05-30 19:39:56,712 - DataManager - INFO - Uploaded JSON backup: T0036_Tharuni_Guntur_062818.json
2025-05-30 19:39:57,324 - DataManager - INFO - Uploaded JSON backup: T0037_Tharuni_Guntur_062952.json
2025-05-30 19:39:58,262 - DataManager - INFO - Uploaded JSON backup: T0038_Tharuni_Guntur_063402.json
2025-05-30 19:39:59,191 - DataManager - INFO - Uploaded JSON backup: T0039_Tharuni_Guntur_063853.json
2025-05-30 19:40:00,147 - DataManager - INFO - Uploaded JSON backup: T0040_Tharuni_Guntur_065731.json
2025-05-30 19:40:01,070 - DataManager - INFO - Uploaded JSON backup: T0041_Tharuni_Guntur_070323.json
2025-05-30 19:40:01,993 - DataManager - INFO - Uploaded JSON backup: T0042_Tharuni_Guntur_191017.json
2025-05-30 19:40:02,924 - DataManager - INFO - Uploaded JSON backup: T0043_Tharuni_Guntur_192238.json
2025-05-30 19:40:03,837 - DataManager - INFO - Uploaded JSON backup: T0044_Tharuni_Guntur_192552.json
2025-05-30 19:40:04,752 - DataManager - INFO - Uploaded JSON backup: T0045_Tharuni_Guntur_193508.json
2025-05-30 19:40:04,758 - DataManager - INFO - Successfully loaded 46 records from data\Tharuni_Guntur_data.csv
2025-05-30 19:41:52,767 - TharuniApp - INFO - ============================================================
2025-05-30 19:41:52,767 - TharuniApp - INFO - APPLICATION STARTUP
2025-05-30 19:41:52,767 - TharuniApp - INFO - ============================================================
2025-05-30 19:41:52,770 - TharuniApp - INFO - Configuration setup completed
2025-05-30 19:41:52,771 - DataManager - INFO - DataManager initialized with OFFLINE-FIRST approach + JSON local storage
2025-05-30 19:41:52,771 - DataManager - INFO - CSV structure is up to date
2025-05-30 19:41:52,772 - DataManager - INFO - Daily PDF folder structure ready:
2025-05-30 19:41:52,772 - DataManager - INFO -   Base reports folder: data\reports
2025-05-30 19:41:52,773 - DataManager - INFO -   Today's folder: data\reports\2025-05-30
2025-05-30 19:41:52,773 - DataManager - INFO - Data file: data\weighbridge_data.csv
2025-05-30 19:41:52,773 - DataManager - INFO - Reports folder: data\reports
2025-05-30 19:41:52,774 - DataManager - INFO - JSON backup folder: data\json_backups
2025-05-30 19:41:52,774 - DataManager - INFO - PDF folder: data\reports\2025-05-30
2025-05-30 19:41:52,774 - DataManager - INFO - Cloud storage will only be initialized when backup is requested
2025-05-30 19:41:52,774 - TharuniApp - INFO - Data manager initialized
2025-05-30 19:41:52,776 - TharuniApp - INFO - Settings storage initialized
2025-05-30 19:41:52,778 - TharuniApp - INFO - UI styles initialized
2025-05-30 19:41:52,778 - TharuniApp - INFO - Starting user authentication
2025-05-30 19:41:56,690 - TharuniApp - INFO - Authentication successful: admin
2025-05-30 19:41:56,691 - TharuniApp - INFO - User logged in: admin (Role: admin)
2025-05-30 19:41:56,691 - TharuniApp - INFO - Setting up data context
2025-05-30 19:41:56,692 - DataManager - INFO - CSV structure is up to date
2025-05-30 19:41:56,692 - DataManager - INFO - Data context set to: Agency='Tharuni', Site='Guntur'
2025-05-30 19:41:56,692 - DataManager - INFO - Data file: data\Tharuni_Guntur_data.csv
2025-05-30 19:41:56,692 - TharuniApp - INFO - Data context initialized: Agency='Tharuni', Site='Guntur'
2025-05-30 19:41:56,692 - TharuniApp - INFO - Data will be saved to: data\Tharuni_Guntur_data.csv
2025-05-30 19:41:56,693 - TharuniApp - INFO - PDFs will be saved to: data\reports\2025-05-30
2025-05-30 19:41:56,693 - TharuniApp - INFO - Creating application widgets
2025-05-30 19:41:56,703 - TharuniApp - INFO - Creating main panel
2025-05-30 19:41:56,710 - FormValidator - INFO - FormValidator initialized
2025-05-30 19:41:56,716 - DataManager - INFO - Successfully loaded 46 records from data\Tharuni_Guntur_data.csv
2025-05-30 19:41:57,697 - DataManager - INFO - Successfully loaded 46 records from data\Tharuni_Guntur_data.csv
2025-05-30 19:41:57,698 - TharuniApp - INFO - Main form created
2025-05-30 19:41:57,700 - DataManager - INFO - CSV structure is up to date
2025-05-30 19:41:57,700 - DataManager - INFO - Data context set to: Agency='Tharuni', Site='Guntur'
2025-05-30 19:41:57,701 - DataManager - INFO - Data file: data\Tharuni_Guntur_data.csv
2025-05-30 19:41:57,701 - DataManager - INFO - CSV structure is up to date
2025-05-30 19:41:57,701 - DataManager - INFO - Data context set to: Agency='Tharuni', Site='Guntur'
2025-05-30 19:41:57,702 - DataManager - INFO - Data file: data\Tharuni_Guntur_data.csv
2025-05-30 19:41:57,702 - DataManager - INFO - CSV structure is up to date
2025-05-30 19:41:57,702 - DataManager - INFO - Data context set to: Agency='Tharuni', Site='Guntur'
2025-05-30 19:41:57,703 - DataManager - INFO - Data file: data\Tharuni_Guntur_data.csv
2025-05-30 19:41:57,703 - PendingVehiclesPanel - INFO - PendingVehiclesPanel initialized
2025-05-30 19:41:57,707 - PendingVehiclesPanel - INFO - Refreshing pending vehicles list
2025-05-30 19:41:57,708 - DataManager - INFO - Successfully loaded 46 records from data\Tharuni_Guntur_data.csv
2025-05-30 19:41:57,708 - PendingVehiclesPanel - INFO - Retrieved 46 total records
2025-05-30 19:41:57,709 - PendingVehiclesPanel - INFO - Found 0 pending records
2025-05-30 19:41:57,709 - PendingVehiclesPanel - INFO - Successfully refreshed pending list with 0 items
2025-05-30 19:41:57,710 - TharuniApp - INFO - Pending vehicles panel created
2025-05-30 19:41:57,927 - TharuniApp - INFO - Main panel creation completed
2025-05-30 19:41:57,935 - TharuniApp - INFO - Summary panel created
2025-05-30 19:41:58,094 - TharuniApp - INFO - ✅ Data manager reference set in settings panel
2025-05-30 19:41:58,094 - TharuniApp - INFO - Widget creation completed successfully
2025-05-30 19:41:58,095 - PendingVehiclesPanel - INFO - Refreshing pending vehicles list
2025-05-30 19:41:58,095 - DataManager - INFO - Successfully loaded 46 records from data\Tharuni_Guntur_data.csv
2025-05-30 19:41:58,096 - PendingVehiclesPanel - INFO - Retrieved 46 total records
2025-05-30 19:41:58,096 - PendingVehiclesPanel - INFO - Found 0 pending records
2025-05-30 19:41:58,096 - PendingVehiclesPanel - INFO - Successfully refreshed pending list with 0 items
2025-05-30 19:41:58,097 - DataManager - INFO - Created new daily folder: data\reports\30-05
2025-05-30 19:41:58,097 - TharuniApp - INFO - Application initialization completed successfully
2025-05-30 19:41:59,107 - TharuniApp - INFO - Ensuring settings persistence...
2025-05-30 19:41:59,113 - TharuniApp - INFO - Settings persistence check completed
2025-05-30 19:42:06,342 - DataManager - INFO - Cloud storage initialized on demand
2025-05-30 19:42:06,346 - DataManager - INFO - Found 44 JSON backup files for bulk upload
2025-05-30 19:42:06,628 - DataManager - INFO - Uploaded JSON backup: T0002_Tharuni_Guntur_211239.json
2025-05-30 19:42:06,873 - DataManager - INFO - Uploaded JSON backup: T0003_Tharuni_Guntur_212042.json
2025-05-30 19:42:07,126 - DataManager - INFO - Uploaded JSON backup: T0004_Tharuni_Guntur_214248.json
2025-05-30 19:42:07,377 - DataManager - INFO - Uploaded JSON backup: T0005_Tharuni_Guntur_214703.json
2025-05-30 19:42:07,618 - DataManager - INFO - Uploaded JSON backup: T0006_Tharuni_Guntur_215228.json
2025-05-30 19:42:07,879 - DataManager - INFO - Uploaded JSON backup: T0007_Tharuni_Guntur_220413.json
2025-05-30 19:42:08,126 - DataManager - INFO - Uploaded JSON backup: T0008_Tharuni_Guntur_221138.json
2025-05-30 19:42:08,735 - DataManager - INFO - Uploaded JSON backup: T0009_Tharuni_Guntur_221746.json
2025-05-30 19:42:09,348 - DataManager - INFO - Uploaded JSON backup: T0010_Tharuni_Guntur_222608.json
2025-05-30 19:42:09,939 - DataManager - INFO - Uploaded JSON backup: T0011_Tharuni_Guntur_230418.json
2025-05-30 19:42:10,538 - DataManager - INFO - Uploaded JSON backup: T0012_Tharuni_Guntur_232426.json
2025-05-30 19:42:11,497 - DataManager - INFO - Uploaded JSON backup: T0013_Tharuni_Guntur_232629.json
2025-05-30 19:42:12,479 - DataManager - INFO - Uploaded JSON backup: T0014_Tharuni_Guntur_233046.json
2025-05-30 19:42:13,443 - DataManager - INFO - Uploaded JSON backup: T0015_Tharuni_Guntur_233500.json
2025-05-30 19:42:13,688 - DataManager - INFO - Uploaded JSON backup: T0016_Tharuni_Guntur_233910.json
2025-05-30 19:42:13,932 - DataManager - INFO - Uploaded JSON backup: T0017_Tharuni_Guntur_234531.json
2025-05-30 19:42:14,547 - DataManager - INFO - Uploaded JSON backup: T0018_Tharuni_Guntur_235358.json
2025-05-30 19:42:14,796 - DataManager - INFO - Uploaded JSON backup: T0019_Tharuni_Guntur_235500.json
2025-05-30 19:42:15,042 - DataManager - INFO - Uploaded JSON backup: T0020_Tharuni_Guntur_235617.json
2025-05-30 19:42:15,276 - DataManager - INFO - Uploaded JSON backup: T0021_Tharuni_Guntur_000306.json
2025-05-30 19:42:15,528 - DataManager - INFO - Uploaded JSON backup: T0022_Tharuni_Guntur_000513.json
2025-05-30 19:42:15,773 - DataManager - INFO - Uploaded JSON backup: T0023_Tharuni_Guntur_001027.json
2025-05-30 19:42:16,349 - DataManager - INFO - Uploaded JSON backup: T0024_Tharuni_Guntur_001251.json
2025-05-30 19:42:16,935 - DataManager - INFO - Uploaded JSON backup: T0025_Tharuni_Guntur_001643.json
2025-05-30 19:42:17,523 - DataManager - INFO - Uploaded JSON backup: T0026_Tharuni_Guntur_001921.json
2025-05-30 19:42:17,774 - DataManager - INFO - Uploaded JSON backup: T0027_Tharuni_Guntur_012944.json
2025-05-30 19:42:18,659 - DataManager - INFO - Uploaded JSON backup: T0028_Tharuni_Guntur_055441.json
2025-05-30 19:42:19,564 - DataManager - INFO - Uploaded JSON backup: T0029_Tharuni_Guntur_060421.json
2025-05-30 19:42:20,474 - DataManager - INFO - Uploaded JSON backup: T0030_Tharuni_Guntur_060643.json
2025-05-30 19:42:21,343 - DataManager - INFO - Uploaded JSON backup: T0031_Tharuni_Guntur_060810.json
2025-05-30 19:42:22,210 - DataManager - INFO - Uploaded JSON backup: T0032_Tharuni_Guntur_061021.json
2025-05-30 19:42:23,096 - DataManager - INFO - Uploaded JSON backup: T0033_Tharuni_Guntur_061236.json
2025-05-30 19:42:24,004 - DataManager - INFO - Uploaded JSON backup: T0034_Tharuni_Guntur_062057.json
2025-05-30 19:42:24,878 - DataManager - INFO - Uploaded JSON backup: T0035_Tharuni_Guntur_062248.json
2025-05-30 19:42:25,749 - DataManager - INFO - Uploaded JSON backup: T0036_Tharuni_Guntur_062818.json
2025-05-30 19:42:26,316 - DataManager - INFO - Uploaded JSON backup: T0037_Tharuni_Guntur_062952.json
2025-05-30 19:42:27,183 - DataManager - INFO - Uploaded JSON backup: T0038_Tharuni_Guntur_063402.json
2025-05-30 19:42:28,091 - DataManager - INFO - Uploaded JSON backup: T0039_Tharuni_Guntur_063853.json
2025-05-30 19:42:28,971 - DataManager - INFO - Uploaded JSON backup: T0040_Tharuni_Guntur_065731.json
2025-05-30 19:42:29,789 - DataManager - INFO - Uploaded JSON backup: T0041_Tharuni_Guntur_070323.json
2025-05-30 19:42:30,627 - DataManager - INFO - Uploaded JSON backup: T0042_Tharuni_Guntur_191017.json
2025-05-30 19:42:31,449 - DataManager - INFO - Uploaded JSON backup: T0043_Tharuni_Guntur_192238.json
2025-05-30 19:42:32,265 - DataManager - INFO - Uploaded JSON backup: T0044_Tharuni_Guntur_192552.json
2025-05-30 19:42:33,085 - DataManager - INFO - Uploaded JSON backup: T0045_Tharuni_Guntur_193508.json
2025-05-30 19:42:33,088 - DataManager - INFO - Successfully loaded 46 records from data\Tharuni_Guntur_data.csv
2025-05-30 19:47:55,374 - TharuniApp - INFO - ============================================================
2025-05-30 19:47:55,374 - TharuniApp - INFO - APPLICATION STARTUP
2025-05-30 19:47:55,374 - TharuniApp - INFO - ============================================================
2025-05-30 19:47:55,378 - TharuniApp - INFO - Configuration setup completed
2025-05-30 19:47:55,378 - DataManager - INFO - DataManager initialized with OFFLINE-FIRST approach + JSON local storage
2025-05-30 19:47:55,379 - DataManager - INFO - CSV structure is up to date
2025-05-30 19:47:55,379 - DataManager - INFO - Daily PDF folder structure ready:
2025-05-30 19:47:55,379 - DataManager - INFO -   Base reports folder: data\reports
2025-05-30 19:47:55,380 - DataManager - INFO -   Today's folder: data\reports\2025-05-30
2025-05-30 19:47:55,380 - DataManager - INFO - Data file: data\weighbridge_data.csv
2025-05-30 19:47:55,380 - DataManager - INFO - Reports folder: data\reports
2025-05-30 19:47:55,380 - DataManager - INFO - JSON backup folder: data\json_backups
2025-05-30 19:47:55,381 - DataManager - INFO - PDF folder: data\reports\2025-05-30
2025-05-30 19:47:55,381 - DataManager - INFO - Cloud storage will only be initialized when backup is requested
2025-05-30 19:47:55,381 - TharuniApp - INFO - Data manager initialized
2025-05-30 19:47:55,383 - TharuniApp - INFO - Settings storage initialized
2025-05-30 19:47:55,385 - TharuniApp - INFO - UI styles initialized
2025-05-30 19:47:55,386 - TharuniApp - INFO - Starting user authentication
2025-05-30 19:47:59,950 - TharuniApp - INFO - Authentication successful: admin
2025-05-30 19:47:59,951 - TharuniApp - INFO - User logged in: admin (Role: admin)
2025-05-30 19:47:59,952 - TharuniApp - INFO - Setting up data context
2025-05-30 19:47:59,953 - DataManager - INFO - CSV structure is up to date
2025-05-30 19:47:59,953 - DataManager - INFO - Data context set to: Agency='Tharuni', Site='Guntur'
2025-05-30 19:47:59,953 - DataManager - INFO - Data file: data\Tharuni_Guntur_data.csv
2025-05-30 19:47:59,954 - TharuniApp - INFO - Data context initialized: Agency='Tharuni', Site='Guntur'
2025-05-30 19:47:59,954 - TharuniApp - INFO - Data will be saved to: data\Tharuni_Guntur_data.csv
2025-05-30 19:47:59,954 - TharuniApp - INFO - PDFs will be saved to: data\reports\2025-05-30
2025-05-30 19:47:59,954 - TharuniApp - INFO - Creating application widgets
2025-05-30 19:47:59,964 - TharuniApp - INFO - Creating main panel
2025-05-30 19:47:59,969 - FormValidator - INFO - FormValidator initialized
2025-05-30 19:47:59,975 - DataManager - INFO - Successfully loaded 46 records from data\Tharuni_Guntur_data.csv
2025-05-30 19:48:01,070 - DataManager - INFO - Successfully loaded 46 records from data\Tharuni_Guntur_data.csv
2025-05-30 19:48:01,070 - TharuniApp - INFO - Main form created
2025-05-30 19:48:01,072 - DataManager - INFO - CSV structure is up to date
2025-05-30 19:48:01,072 - DataManager - INFO - Data context set to: Agency='Tharuni', Site='Guntur'
2025-05-30 19:48:01,073 - DataManager - INFO - Data file: data\Tharuni_Guntur_data.csv
2025-05-30 19:48:01,073 - DataManager - INFO - CSV structure is up to date
2025-05-30 19:48:01,074 - DataManager - INFO - Data context set to: Agency='Tharuni', Site='Guntur'
2025-05-30 19:48:01,074 - DataManager - INFO - Data file: data\Tharuni_Guntur_data.csv
2025-05-30 19:48:01,075 - DataManager - INFO - CSV structure is up to date
2025-05-30 19:48:01,075 - DataManager - INFO - Data context set to: Agency='Tharuni', Site='Guntur'
2025-05-30 19:48:01,075 - DataManager - INFO - Data file: data\Tharuni_Guntur_data.csv
2025-05-30 19:48:01,075 - PendingVehiclesPanel - INFO - PendingVehiclesPanel initialized
2025-05-30 19:48:01,080 - PendingVehiclesPanel - INFO - Refreshing pending vehicles list
2025-05-30 19:48:01,081 - DataManager - INFO - Successfully loaded 46 records from data\Tharuni_Guntur_data.csv
2025-05-30 19:48:01,081 - PendingVehiclesPanel - INFO - Retrieved 46 total records
2025-05-30 19:48:01,082 - PendingVehiclesPanel - INFO - Found 0 pending records
2025-05-30 19:48:01,082 - PendingVehiclesPanel - INFO - Successfully refreshed pending list with 0 items
2025-05-30 19:48:01,082 - TharuniApp - INFO - Pending vehicles panel created
2025-05-30 19:48:01,287 - TharuniApp - INFO - Main panel creation completed
2025-05-30 19:48:01,293 - TharuniApp - INFO - Summary panel created
2025-05-30 19:48:01,451 - TharuniApp - INFO - ✅ Data manager reference set in settings panel
2025-05-30 19:48:01,451 - TharuniApp - INFO - Widget creation completed successfully
2025-05-30 19:48:01,451 - PendingVehiclesPanel - INFO - Refreshing pending vehicles list
2025-05-30 19:48:01,452 - DataManager - INFO - Successfully loaded 46 records from data\Tharuni_Guntur_data.csv
2025-05-30 19:48:01,452 - PendingVehiclesPanel - INFO - Retrieved 46 total records
2025-05-30 19:48:01,453 - PendingVehiclesPanel - INFO - Found 0 pending records
2025-05-30 19:48:01,453 - PendingVehiclesPanel - INFO - Successfully refreshed pending list with 0 items
2025-05-30 19:48:01,453 - DataManager - INFO - Created new daily folder: data\reports\30-05
2025-05-30 19:48:01,454 - TharuniApp - INFO - Application initialization completed successfully
2025-05-30 19:48:02,462 - TharuniApp - INFO - Ensuring settings persistence...
2025-05-30 19:48:02,464 - TharuniApp - INFO - Settings persistence check completed
2025-05-30 19:48:06,290 - DataManager - INFO - Successfully loaded 46 records from data\Tharuni_Guntur_data.csv
2025-05-30 19:48:06,316 - DataManager - INFO - Successfully loaded 46 records from data\Tharuni_Guntur_data.csv
2025-05-30 19:48:06,317 - DataManager - INFO - Successfully loaded 46 records from data\Tharuni_Guntur_data.csv
2025-05-30 19:48:07,160 - DataManager - INFO - Successfully loaded 46 records from data\Tharuni_Guntur_data.csv
2025-05-30 19:48:07,160 - DataManager - INFO - Successfully loaded 46 records from data\Tharuni_Guntur_data.csv
2025-05-30 19:48:09,199 - DataManager - INFO - Successfully loaded 46 records from data\Tharuni_Guntur_data.csv
2025-05-30 19:48:09,200 - DataManager - INFO - Successfully loaded 46 records from data\Tharuni_Guntur_data.csv
2025-05-30 19:48:11,725 - FormValidator - INFO - Vehicle validation passed: TS11UF1111
2025-05-30 19:48:13,132 - DataManager - INFO - Successfully loaded 46 records from data\Tharuni_Guntur_data.csv
2025-05-30 19:48:13,133 - DataManager - INFO - Successfully loaded 46 records from data\Tharuni_Guntur_data.csv
2025-05-30 19:48:16,419 - DataManager - INFO - Successfully loaded 46 records from data\Tharuni_Guntur_data.csv
2025-05-30 19:48:16,419 - DataManager - INFO - Successfully loaded 46 records from data\Tharuni_Guntur_data.csv
2025-05-30 19:48:18,903 - FormValidator - INFO - Vehicle validation passed: TS11UF1111
2025-05-30 19:48:20,005 - DataManager - INFO - Successfully loaded 46 records from data\Tharuni_Guntur_data.csv
2025-05-30 19:48:20,006 - DataManager - INFO - Successfully loaded 46 records from data\Tharuni_Guntur_data.csv
2025-05-30 19:48:22,322 - TharuniApp - INFO - ==================================================
2025-05-30 19:48:22,323 - TharuniApp - INFO - SAVE RECORD OPERATION STARTED
2025-05-30 19:48:22,323 - FormValidator - INFO - Starting comprehensive form validation
2025-05-30 19:48:22,324 - FormValidator - INFO - Validating basic fields
2025-05-30 19:48:22,324 - FormValidator - INFO - Field values: ticket='T0046', vehicle='TS11UF1111', agency='Tharuni'
2025-05-30 19:48:22,325 - FormValidator - INFO - Basic validation passed
2025-05-30 19:48:22,325 - FormValidator - INFO - Validating weighment data
2025-05-30 19:48:22,326 - FormValidator - INFO - Weighment data: first_weight='31600.00', first_timestamp='30-05-2025 19:48:08', second_weight='6870.00', second_timestamp='30-05-2025 19:48:15'
2025-05-30 19:48:22,326 - FormValidator - INFO - Weighment validation passed
2025-05-30 19:48:22,327 - FormValidator - INFO - Validating images for second weighment
2025-05-30 19:48:22,327 - FormValidator - INFO - Images validation for second: front=True, back=False
2025-05-30 19:48:22,328 - FormValidator - INFO - Form validation passed successfully
2025-05-30 19:48:22,330 - TharuniApp - INFO - Saving record for ticket: T0046
2025-05-30 19:48:22,331 - TharuniApp - INFO - Form data keys: ['date', 'time', 'site_name', 'agency_name', 'material', 'ticket_no', 'vehicle_no', 'transfer_party_name', 'first_weight', 'first_timestamp', 'second_weight', 'second_timestamp', 'net_weight', 'material_type', 'first_front_image', 'first_back_image', 'second_front_image', 'second_back_image', 'site_incharge', 'user_name']
2025-05-30 19:48:22,331 - TharuniApp - INFO - Record is complete: True
2025-05-30 19:48:22,332 - TharuniApp - INFO - Calling data_manager.save_record for T0046
2025-05-30 19:48:22,332 - DataManager - INFO - ==================================================
2025-05-30 19:48:22,333 - DataManager - INFO - STARTING OFFLINE-FIRST RECORD SAVE WITH JSON BACKUP
2025-05-30 19:48:22,334 - DataManager - INFO - Input data keys: ['date', 'time', 'site_name', 'agency_name', 'material', 'ticket_no', 'vehicle_no', 'transfer_party_name', 'first_weight', 'first_timestamp', 'second_weight', 'second_timestamp', 'net_weight', 'material_type', 'first_front_image', 'first_back_image', 'second_front_image', 'second_back_image', 'site_incharge', 'user_name']
2025-05-30 19:48:22,334 - DataManager - INFO - Net weight calculated: 31600.0 - 6870.0 = 24730.00
2025-05-30 19:48:22,335 - DataManager - INFO - Using data file: data\Tharuni_Guntur_data.csv
2025-05-30 19:48:22,337 - DataManager - INFO - Successfully loaded 46 records from data\Tharuni_Guntur_data.csv
2025-05-30 19:48:22,338 - DataManager - INFO - Filtered 46 records to 0 using filter: 't0046'
2025-05-30 19:48:22,338 - DataManager - INFO - Adding new record: T0046
2025-05-30 19:48:22,339 - DataManager - INFO - Adding new record to CSV
2025-05-30 19:48:22,339 - DataManager - INFO - Record data: ['30-05-2025', '19:48:22', 'Guntur', 'Tharuni', 'Inert', 'T0046', 'TS11UF1111', 'Jindal', '31600.00', '30-05-2025 19:48:08', '6870.00', '30-05-2025 19:48:15', '24730.00', 'Inert', 'Guntur_TS11UF1111_20250530_194811_1st_front.jpg', '', 'Guntur_TS11UF1111_20250530_194818_2nd_front.jpg', '', '', 'admin']
2025-05-30 19:48:22,341 - DataManager - INFO - ✅ New record added to data\Tharuni_Guntur_data.csv
2025-05-30 19:48:22,341 - DataManager - INFO - ✅ Record T0046 saved to local CSV successfully
2025-05-30 19:48:22,342 - DataManager - INFO - Record completion status: True
2025-05-30 19:48:22,342 - DataManager - INFO - Complete record detected - saving JSON backup locally...
2025-05-30 19:48:22,344 - DataManager - INFO - Created new daily JSON folder: data\json_backups\2025-05-30
2025-05-30 19:48:22,346 - DataManager - INFO - JSON backup saved: data\json_backups\2025-05-30\T0046_Tharuni_Guntur_194822.json
2025-05-30 19:48:22,346 - DataManager - INFO - ✅ JSON backup saved locally for T0046
2025-05-30 19:48:22,347 - DataManager - INFO - Complete record detected for ticket T0046 - generating PDF locally...
2025-05-30 19:48:22,348 - DataManager - INFO - Today's reports folder ensured: data\reports\2025-05-30
2025-05-30 19:48:22,348 - DataManager - INFO - Reports will be saved to: data\reports\2025-05-30
2025-05-30 19:48:22,349 - DataManager - INFO - Today's reports folder ensured: data\reports\2025-05-30
2025-05-30 19:48:22,352 - DataManager - INFO - SIMPLE TEST - Net display: '24730.00 kg'
2025-05-30 19:48:22,366 - DataManager - WARNING - Watermark error: cannot access local variable 'site' where it is not associated with a value, using image without watermark
2025-05-30 19:48:22,387 - DataManager - WARNING - Watermark error: cannot access local variable 'site' where it is not associated with a value, using image without watermark
2025-05-30 19:48:22,398 - DataManager - INFO - Building PDF document: data\reports\2025-05-30\Tharuni_Guntur_T0046_TS11UF1111_194822.pdf
2025-05-30 19:48:22,436 - DataManager - INFO - PDF created successfully: data\reports\2025-05-30\Tharuni_Guntur_T0046_TS11UF1111_194822.pdf (96284 bytes)
2025-05-30 19:48:22,437 - DataManager - INFO - Auto-generated PDF: data\reports\2025-05-30\Tharuni_Guntur_T0046_TS11UF1111_194822.pdf
2025-05-30 19:48:22,437 - DataManager - INFO - PDF saved to today's reports folder: data\reports\2025-05-30
2025-05-30 19:48:22,437 - DataManager - INFO - ✅ PDF auto-generated locally: data\reports\2025-05-30\Tharuni_Guntur_T0046_TS11UF1111_194822.pdf
2025-05-30 19:48:24,153 - DataManager - INFO - Successfully loaded 47 records from data\Tharuni_Guntur_data.csv
2025-05-30 19:48:24,155 - DataManager - INFO - Successfully loaded 47 records from data\Tharuni_Guntur_data.csv
2025-05-30 19:48:24,159 - DataManager - INFO - ✅ OFFLINE-FIRST SAVE COMPLETED - Local CSV, JSON backup, and PDF generated
2025-05-30 19:48:24,160 - DataManager - INFO - 📂 PDF saved to today's reports folder: data\reports\2025-05-30
2025-05-30 19:48:24,160 - DataManager - INFO - 💡 Cloud backup available via Settings > Cloud Storage > Backup
2025-05-30 19:48:24,160 - DataManager - INFO - ==================================================
2025-05-30 19:48:24,161 - TharuniApp - INFO - ✅ Record T0046 saved successfully
2025-05-30 19:48:24,168 - TharuniApp - INFO - ✅ Ticket T0046 completed - counter incremented
2025-05-30 19:48:24,169 - TharuniApp - INFO - Removing T0046 from pending vehicles list
2025-05-30 19:48:24,169 - PendingVehiclesPanel - INFO - Attempting to remove ticket T0046 from pending list
2025-05-30 19:48:24,169 - PendingVehiclesPanel - WARNING - Ticket T0046 not found in pending list for removal
2025-05-30 19:48:24,169 - PendingVehiclesPanel - INFO - Refreshing pending vehicles list
2025-05-30 19:48:24,170 - DataManager - INFO - Successfully loaded 47 records from data\Tharuni_Guntur_data.csv
2025-05-30 19:48:24,170 - PendingVehiclesPanel - INFO - Retrieved 47 total records
2025-05-30 19:48:24,171 - PendingVehiclesPanel - INFO - Found 0 pending records
2025-05-30 19:48:24,171 - PendingVehiclesPanel - INFO - Successfully refreshed pending list with 0 items
2025-05-30 19:48:24,458 - TharuniApp - INFO - ✅ Complete record processing finished for T0046
2025-05-30 19:48:24,459 - DataManager - INFO - Successfully loaded 47 records from data\Tharuni_Guntur_data.csv
2025-05-30 19:48:24,459 - DataManager - INFO - Returning all 47 records (no filter)
2025-05-30 19:48:24,460 - PendingVehiclesPanel - INFO - Refreshing pending vehicles list
2025-05-30 19:48:24,461 - DataManager - INFO - Successfully loaded 47 records from data\Tharuni_Guntur_data.csv
2025-05-30 19:48:24,461 - PendingVehiclesPanel - INFO - Retrieved 47 total records
2025-05-30 19:48:24,462 - PendingVehiclesPanel - INFO - Found 0 pending records
2025-05-30 19:48:24,462 - PendingVehiclesPanel - INFO - Successfully refreshed pending list with 0 items
2025-05-30 19:48:24,463 - TharuniApp - INFO - SAVE RECORD OPERATION COMPLETED SUCCESSFULLY
2025-05-30 19:48:24,463 - TharuniApp - INFO - ==================================================
2025-05-30 19:48:35,560 - DataManager - INFO - Cloud storage initialized on demand
2025-05-30 19:48:35,564 - DataManager - INFO - Found 45 JSON backup files for bulk upload
2025-05-30 19:48:35,895 - DataManager - INFO - Uploaded JSON backup: T0002_Tharuni_Guntur_211239.json
2025-05-30 19:48:36,162 - DataManager - INFO - Uploaded JSON backup: T0003_Tharuni_Guntur_212042.json
2025-05-30 19:48:36,440 - DataManager - INFO - Uploaded JSON backup: T0004_Tharuni_Guntur_214248.json
2025-05-30 19:48:36,700 - DataManager - INFO - Uploaded JSON backup: T0005_Tharuni_Guntur_214703.json
2025-05-30 19:48:36,952 - DataManager - INFO - Uploaded JSON backup: T0006_Tharuni_Guntur_215228.json
2025-05-30 19:48:37,213 - DataManager - INFO - Uploaded JSON backup: T0007_Tharuni_Guntur_220413.json
2025-05-30 19:48:37,479 - DataManager - INFO - Uploaded JSON backup: T0008_Tharuni_Guntur_221138.json
2025-05-30 19:48:38,094 - DataManager - INFO - Uploaded JSON backup: T0009_Tharuni_Guntur_221746.json
2025-05-30 19:48:38,704 - DataManager - INFO - Uploaded JSON backup: T0010_Tharuni_Guntur_222608.json
2025-05-30 19:48:39,330 - DataManager - INFO - Uploaded JSON backup: T0011_Tharuni_Guntur_230418.json
2025-05-30 19:48:39,954 - DataManager - INFO - Uploaded JSON backup: T0012_Tharuni_Guntur_232426.json
2025-05-30 19:48:40,941 - DataManager - INFO - Uploaded JSON backup: T0013_Tharuni_Guntur_232629.json
2025-05-30 19:48:41,915 - DataManager - INFO - Uploaded JSON backup: T0014_Tharuni_Guntur_233046.json
2025-05-30 19:48:42,903 - DataManager - INFO - Uploaded JSON backup: T0015_Tharuni_Guntur_233500.json
2025-05-30 19:48:43,169 - DataManager - INFO - Uploaded JSON backup: T0016_Tharuni_Guntur_233910.json
2025-05-30 19:48:43,452 - DataManager - INFO - Uploaded JSON backup: T0017_Tharuni_Guntur_234531.json
2025-05-30 19:48:44,113 - DataManager - INFO - Uploaded JSON backup: T0018_Tharuni_Guntur_235358.json
2025-05-30 19:48:44,380 - DataManager - INFO - Uploaded JSON backup: T0019_Tharuni_Guntur_235500.json
2025-05-30 19:48:44,642 - DataManager - INFO - Uploaded JSON backup: T0020_Tharuni_Guntur_235617.json
2025-05-30 19:48:44,893 - DataManager - INFO - Uploaded JSON backup: T0021_Tharuni_Guntur_000306.json
2025-05-30 19:48:45,152 - DataManager - INFO - Uploaded JSON backup: T0022_Tharuni_Guntur_000513.json
2025-05-30 19:48:45,414 - DataManager - INFO - Uploaded JSON backup: T0023_Tharuni_Guntur_001027.json
2025-05-30 19:48:46,046 - DataManager - INFO - Uploaded JSON backup: T0024_Tharuni_Guntur_001251.json
2025-05-30 19:48:46,667 - DataManager - INFO - Uploaded JSON backup: T0025_Tharuni_Guntur_001643.json
2025-05-30 19:48:47,280 - DataManager - INFO - Uploaded JSON backup: T0026_Tharuni_Guntur_001921.json
2025-05-30 19:48:47,522 - DataManager - INFO - Uploaded JSON backup: T0027_Tharuni_Guntur_012944.json
2025-05-30 19:48:48,475 - DataManager - INFO - Uploaded JSON backup: T0028_Tharuni_Guntur_055441.json
2025-05-30 19:48:49,388 - DataManager - INFO - Uploaded JSON backup: T0029_Tharuni_Guntur_060421.json
2025-05-30 19:48:50,343 - DataManager - INFO - Uploaded JSON backup: T0030_Tharuni_Guntur_060643.json
2025-05-30 19:48:51,300 - DataManager - INFO - Uploaded JSON backup: T0031_Tharuni_Guntur_060810.json
2025-05-30 19:48:52,270 - DataManager - INFO - Uploaded JSON backup: T0032_Tharuni_Guntur_061021.json
2025-05-30 19:48:53,203 - DataManager - INFO - Uploaded JSON backup: T0033_Tharuni_Guntur_061236.json
2025-05-30 19:48:54,125 - DataManager - INFO - Uploaded JSON backup: T0034_Tharuni_Guntur_062057.json
2025-05-30 19:48:55,075 - DataManager - INFO - Uploaded JSON backup: T0035_Tharuni_Guntur_062248.json
2025-05-30 19:48:56,059 - DataManager - INFO - Uploaded JSON backup: T0036_Tharuni_Guntur_062818.json
2025-05-30 19:48:56,671 - DataManager - INFO - Uploaded JSON backup: T0037_Tharuni_Guntur_062952.json
2025-05-30 19:48:57,600 - DataManager - INFO - Uploaded JSON backup: T0038_Tharuni_Guntur_063402.json
2025-05-30 19:48:58,546 - DataManager - INFO - Uploaded JSON backup: T0039_Tharuni_Guntur_063853.json
2025-05-30 19:48:59,498 - DataManager - INFO - Uploaded JSON backup: T0040_Tharuni_Guntur_065731.json
2025-05-30 19:49:00,408 - DataManager - INFO - Uploaded JSON backup: T0041_Tharuni_Guntur_070323.json
2025-05-30 19:49:01,331 - DataManager - INFO - Uploaded JSON backup: T0042_Tharuni_Guntur_191017.json
2025-05-30 19:49:02,267 - DataManager - INFO - Uploaded JSON backup: T0043_Tharuni_Guntur_192238.json
2025-05-30 19:49:03,196 - DataManager - INFO - Uploaded JSON backup: T0044_Tharuni_Guntur_192552.json
2025-05-30 19:49:04,114 - DataManager - INFO - Uploaded JSON backup: T0045_Tharuni_Guntur_193508.json
2025-05-30 19:49:05,032 - DataManager - INFO - Uploaded JSON backup: T0046_Tharuni_Guntur_194822.json
2025-05-30 19:49:05,038 - DataManager - INFO - Successfully loaded 47 records from data\Tharuni_Guntur_data.csv
2025-05-30 19:49:43,683 - PendingVehiclesPanel - INFO - Refreshing pending vehicles list
2025-05-30 19:49:43,684 - DataManager - INFO - Successfully loaded 47 records from data\Tharuni_Guntur_data.csv
2025-05-30 19:49:43,684 - PendingVehiclesPanel - INFO - Retrieved 47 total records
2025-05-30 19:49:43,684 - PendingVehiclesPanel - INFO - Found 0 pending records
2025-05-30 19:49:43,684 - PendingVehiclesPanel - INFO - Successfully refreshed pending list with 0 items
2025-05-30 19:49:43,685 - DataManager - INFO - Created new daily folder: data\reports\30-05
2025-05-30 19:49:54,381 - DataManager - INFO - Found 45 JSON backup files for bulk upload
2025-05-30 19:50:43,688 - PendingVehiclesPanel - INFO - Refreshing pending vehicles list
2025-05-30 19:50:43,690 - DataManager - INFO - Successfully loaded 47 records from data\Tharuni_Guntur_data.csv
2025-05-30 19:50:43,690 - PendingVehiclesPanel - INFO - Retrieved 47 total records
2025-05-30 19:50:43,690 - PendingVehiclesPanel - INFO - Found 0 pending records
2025-05-30 19:50:43,691 - PendingVehiclesPanel - INFO - Successfully refreshed pending list with 0 items
2025-05-30 19:51:24,769 - DataManager - INFO - Found 45 JSON backup files for bulk upload
2025-05-30 19:51:25,019 - DataManager - INFO - Uploaded JSON backup: T0002_Tharuni_Guntur_211239.json
2025-05-30 19:51:25,256 - DataManager - INFO - Uploaded JSON backup: T0003_Tharuni_Guntur_212042.json
2025-05-30 19:51:25,497 - DataManager - INFO - Uploaded JSON backup: T0004_Tharuni_Guntur_214248.json
2025-05-30 19:51:25,744 - DataManager - INFO - Uploaded JSON backup: T0005_Tharuni_Guntur_214703.json
2025-05-30 19:51:25,990 - DataManager - INFO - Uploaded JSON backup: T0006_Tharuni_Guntur_215228.json
2025-05-30 19:51:26,227 - DataManager - INFO - Uploaded JSON backup: T0007_Tharuni_Guntur_220413.json
2025-05-30 19:51:26,464 - DataManager - INFO - Uploaded JSON backup: T0008_Tharuni_Guntur_221138.json
2025-05-30 19:51:27,036 - DataManager - INFO - Uploaded JSON backup: T0009_Tharuni_Guntur_221746.json
2025-05-30 19:51:27,582 - DataManager - INFO - Uploaded JSON backup: T0010_Tharuni_Guntur_222608.json
2025-05-30 19:51:28,185 - DataManager - INFO - Uploaded JSON backup: T0011_Tharuni_Guntur_230418.json
2025-05-30 19:51:28,738 - DataManager - INFO - Uploaded JSON backup: T0012_Tharuni_Guntur_232426.json
2025-05-30 19:51:29,673 - DataManager - INFO - Uploaded JSON backup: T0013_Tharuni_Guntur_232629.json
2025-05-30 19:51:30,596 - DataManager - INFO - Uploaded JSON backup: T0014_Tharuni_Guntur_233046.json
2025-05-30 19:51:31,493 - DataManager - INFO - Uploaded JSON backup: T0015_Tharuni_Guntur_233500.json
2025-05-30 19:51:31,730 - DataManager - INFO - Uploaded JSON backup: T0016_Tharuni_Guntur_233910.json
2025-05-30 19:51:31,968 - DataManager - INFO - Uploaded JSON backup: T0017_Tharuni_Guntur_234531.json
2025-05-30 19:51:32,511 - DataManager - INFO - Uploaded JSON backup: T0018_Tharuni_Guntur_235358.json
2025-05-30 19:51:32,742 - DataManager - INFO - Uploaded JSON backup: T0019_Tharuni_Guntur_235500.json
2025-05-30 19:51:32,988 - DataManager - INFO - Uploaded JSON backup: T0020_Tharuni_Guntur_235617.json
2025-05-30 19:51:33,223 - DataManager - INFO - Uploaded JSON backup: T0021_Tharuni_Guntur_000306.json
2025-05-30 19:51:33,453 - DataManager - INFO - Uploaded JSON backup: T0022_Tharuni_Guntur_000513.json
2025-05-30 19:51:33,692 - DataManager - INFO - Uploaded JSON backup: T0023_Tharuni_Guntur_001027.json
2025-05-30 19:51:34,266 - DataManager - INFO - Uploaded JSON backup: T0024_Tharuni_Guntur_001251.json
2025-05-30 19:51:34,854 - DataManager - INFO - Uploaded JSON backup: T0025_Tharuni_Guntur_001643.json
2025-05-30 19:51:35,420 - DataManager - INFO - Uploaded JSON backup: T0026_Tharuni_Guntur_001921.json
2025-05-30 19:51:35,671 - DataManager - INFO - Uploaded JSON backup: T0027_Tharuni_Guntur_012944.json
2025-05-30 19:51:36,531 - DataManager - INFO - Uploaded JSON backup: T0028_Tharuni_Guntur_055441.json
2025-05-30 19:51:37,417 - DataManager - INFO - Uploaded JSON backup: T0029_Tharuni_Guntur_060421.json
2025-05-30 19:51:38,305 - DataManager - INFO - Uploaded JSON backup: T0030_Tharuni_Guntur_060643.json
2025-05-30 19:51:39,129 - DataManager - INFO - Uploaded JSON backup: T0031_Tharuni_Guntur_060810.json
2025-05-30 19:51:39,999 - DataManager - INFO - Uploaded JSON backup: T0032_Tharuni_Guntur_061021.json
2025-05-30 19:51:40,845 - DataManager - INFO - Uploaded JSON backup: T0033_Tharuni_Guntur_061236.json
2025-05-30 19:51:41,717 - DataManager - INFO - Uploaded JSON backup: T0034_Tharuni_Guntur_062057.json
2025-05-30 19:51:42,701 - DataManager - INFO - Uploaded JSON backup: T0035_Tharuni_Guntur_062248.json
2025-05-30 19:51:43,569 - DataManager - INFO - Uploaded JSON backup: T0036_Tharuni_Guntur_062818.json
2025-05-30 19:51:44,126 - DataManager - INFO - Uploaded JSON backup: T0037_Tharuni_Guntur_062952.json
2025-05-30 19:51:45,005 - DataManager - INFO - Uploaded JSON backup: T0038_Tharuni_Guntur_063402.json
2025-05-30 19:51:45,885 - DataManager - INFO - Uploaded JSON backup: T0039_Tharuni_Guntur_063853.json
2025-05-30 19:51:46,759 - DataManager - INFO - Uploaded JSON backup: T0040_Tharuni_Guntur_065731.json
2025-05-30 19:51:47,547 - DataManager - INFO - Uploaded JSON backup: T0041_Tharuni_Guntur_070323.json
2025-05-30 19:51:48,419 - DataManager - INFO - Uploaded JSON backup: T0042_Tharuni_Guntur_191017.json
2025-05-30 19:51:49,228 - DataManager - INFO - Uploaded JSON backup: T0043_Tharuni_Guntur_192238.json
2025-05-30 19:51:50,038 - DataManager - INFO - Uploaded JSON backup: T0044_Tharuni_Guntur_192552.json
2025-05-30 19:51:50,841 - DataManager - INFO - Uploaded JSON backup: T0045_Tharuni_Guntur_193508.json
2025-05-30 19:51:51,694 - DataManager - INFO - Uploaded JSON backup: T0046_Tharuni_Guntur_194822.json
2025-05-30 19:51:51,696 - DataManager - INFO - Successfully loaded 47 records from data\Tharuni_Guntur_data.csv
2025-05-30 19:52:07,560 - PendingVehiclesPanel - INFO - Refreshing pending vehicles list
2025-05-30 19:52:07,561 - DataManager - INFO - Successfully loaded 47 records from data\Tharuni_Guntur_data.csv
2025-05-30 19:52:07,561 - PendingVehiclesPanel - INFO - Retrieved 47 total records
2025-05-30 19:52:07,562 - PendingVehiclesPanel - INFO - Found 0 pending records
2025-05-30 19:52:07,562 - PendingVehiclesPanel - INFO - Successfully refreshed pending list with 0 items
2025-05-30 19:53:07,568 - PendingVehiclesPanel - INFO - Refreshing pending vehicles list
2025-05-30 19:53:07,573 - DataManager - INFO - Successfully loaded 47 records from data\Tharuni_Guntur_data.csv
2025-05-30 19:53:07,574 - PendingVehiclesPanel - INFO - Retrieved 47 total records
2025-05-30 19:53:07,576 - PendingVehiclesPanel - INFO - Found 0 pending records
2025-05-30 19:53:07,578 - PendingVehiclesPanel - INFO - Successfully refreshed pending list with 0 items
2025-05-30 19:53:29,151 - DataManager - INFO - Found 45 JSON backup files for bulk upload
2025-05-30 19:53:54,839 - DataManager - INFO - Found 45 JSON backup files for bulk upload
2025-05-30 19:53:55,119 - DataManager - INFO - Uploaded JSON backup: T0002_Tharuni_Guntur_211239.json
2025-05-30 19:53:55,358 - DataManager - INFO - Uploaded JSON backup: T0003_Tharuni_Guntur_212042.json
2025-05-30 19:53:55,611 - DataManager - INFO - Uploaded JSON backup: T0004_Tharuni_Guntur_214248.json
2025-05-30 19:53:55,855 - DataManager - INFO - Uploaded JSON backup: T0005_Tharuni_Guntur_214703.json
2025-05-30 19:53:56,112 - DataManager - INFO - Uploaded JSON backup: T0006_Tharuni_Guntur_215228.json
2025-05-30 19:53:56,363 - DataManager - INFO - Uploaded JSON backup: T0007_Tharuni_Guntur_220413.json
2025-05-30 19:53:56,606 - DataManager - INFO - Uploaded JSON backup: T0008_Tharuni_Guntur_221138.json
2025-05-30 19:53:57,184 - DataManager - INFO - Uploaded JSON backup: T0009_Tharuni_Guntur_221746.json
2025-05-30 19:53:57,766 - DataManager - INFO - Uploaded JSON backup: T0010_Tharuni_Guntur_222608.json
2025-05-30 19:53:58,352 - DataManager - INFO - Uploaded JSON backup: T0011_Tharuni_Guntur_230418.json
2025-05-30 19:53:58,932 - DataManager - INFO - Uploaded JSON backup: T0012_Tharuni_Guntur_232426.json
2025-05-30 19:53:59,858 - DataManager - INFO - Uploaded JSON backup: T0013_Tharuni_Guntur_232629.json
2025-05-30 19:54:00,739 - DataManager - INFO - Uploaded JSON backup: T0014_Tharuni_Guntur_233046.json
2025-05-30 19:54:01,627 - DataManager - INFO - Uploaded JSON backup: T0015_Tharuni_Guntur_233500.json
2025-05-30 19:54:01,889 - DataManager - INFO - Uploaded JSON backup: T0016_Tharuni_Guntur_233910.json
2025-05-30 19:54:02,141 - DataManager - INFO - Uploaded JSON backup: T0017_Tharuni_Guntur_234531.json
2025-05-30 19:54:02,727 - DataManager - INFO - Uploaded JSON backup: T0018_Tharuni_Guntur_235358.json
2025-05-30 19:54:02,977 - DataManager - INFO - Uploaded JSON backup: T0019_Tharuni_Guntur_235500.json
2025-05-30 19:54:03,219 - DataManager - INFO - Uploaded JSON backup: T0020_Tharuni_Guntur_235617.json
2025-05-30 19:54:03,468 - DataManager - INFO - Uploaded JSON backup: T0021_Tharuni_Guntur_000306.json
2025-05-30 19:54:03,715 - DataManager - INFO - Uploaded JSON backup: T0022_Tharuni_Guntur_000513.json
2025-05-30 19:54:03,964 - DataManager - INFO - Uploaded JSON backup: T0023_Tharuni_Guntur_001027.json
2025-05-30 19:54:04,558 - DataManager - INFO - Uploaded JSON backup: T0024_Tharuni_Guntur_001251.json
2025-05-30 19:54:05,132 - DataManager - INFO - Uploaded JSON backup: T0025_Tharuni_Guntur_001643.json
2025-05-30 19:54:05,700 - DataManager - INFO - Uploaded JSON backup: T0026_Tharuni_Guntur_001921.json
2025-05-30 19:54:05,953 - DataManager - INFO - Uploaded JSON backup: T0027_Tharuni_Guntur_012944.json
2025-05-30 19:54:06,893 - DataManager - INFO - Uploaded JSON backup: T0028_Tharuni_Guntur_055441.json
2025-05-30 19:54:07,815 - DataManager - INFO - Uploaded JSON backup: T0029_Tharuni_Guntur_060421.json
2025-05-30 19:54:08,740 - DataManager - INFO - Uploaded JSON backup: T0030_Tharuni_Guntur_060643.json
2025-05-30 19:54:09,583 - DataManager - INFO - Uploaded JSON backup: T0031_Tharuni_Guntur_060810.json
2025-05-30 19:54:10,483 - DataManager - INFO - Uploaded JSON backup: T0032_Tharuni_Guntur_061021.json
2025-05-30 19:54:11,370 - DataManager - INFO - Uploaded JSON backup: T0033_Tharuni_Guntur_061236.json
2025-05-30 19:54:12,253 - DataManager - INFO - Uploaded JSON backup: T0034_Tharuni_Guntur_062057.json
2025-05-30 19:54:13,156 - DataManager - INFO - Uploaded JSON backup: T0035_Tharuni_Guntur_062248.json
2025-05-30 19:54:14,037 - DataManager - INFO - Uploaded JSON backup: T0036_Tharuni_Guntur_062818.json
2025-05-30 19:54:14,588 - DataManager - INFO - Uploaded JSON backup: T0037_Tharuni_Guntur_062952.json
2025-05-30 19:54:15,471 - DataManager - INFO - Uploaded JSON backup: T0038_Tharuni_Guntur_063402.json
2025-05-30 19:54:16,354 - DataManager - INFO - Uploaded JSON backup: T0039_Tharuni_Guntur_063853.json
2025-05-30 19:54:17,259 - DataManager - INFO - Uploaded JSON backup: T0040_Tharuni_Guntur_065731.json
2025-05-30 19:54:18,087 - DataManager - INFO - Uploaded JSON backup: T0041_Tharuni_Guntur_070323.json
2025-05-30 19:54:18,894 - DataManager - INFO - Uploaded JSON backup: T0042_Tharuni_Guntur_191017.json
2025-05-30 19:54:19,736 - DataManager - INFO - Uploaded JSON backup: T0043_Tharuni_Guntur_192238.json
2025-05-30 19:54:20,575 - DataManager - INFO - Uploaded JSON backup: T0044_Tharuni_Guntur_192552.json
2025-05-30 19:54:21,388 - DataManager - INFO - Uploaded JSON backup: T0045_Tharuni_Guntur_193508.json
2025-05-30 19:54:22,194 - DataManager - INFO - Uploaded JSON backup: T0046_Tharuni_Guntur_194822.json
2025-05-30 19:54:22,200 - DataManager - INFO - Successfully loaded 47 records from data\Tharuni_Guntur_data.csv
2025-05-30 19:54:38,109 - PendingVehiclesPanel - INFO - Refreshing pending vehicles list
2025-05-30 19:54:38,110 - DataManager - INFO - Successfully loaded 47 records from data\Tharuni_Guntur_data.csv
2025-05-30 19:54:38,110 - PendingVehiclesPanel - INFO - Retrieved 47 total records
2025-05-30 19:54:38,110 - PendingVehiclesPanel - INFO - Found 0 pending records
2025-05-30 19:54:38,110 - PendingVehiclesPanel - INFO - Successfully refreshed pending list with 0 items
2025-05-30 19:54:47,406 - DataManager - INFO - Found 45 JSON backup files for bulk upload
2025-05-30 19:55:38,122 - PendingVehiclesPanel - INFO - Refreshing pending vehicles list
2025-05-30 19:55:38,123 - DataManager - INFO - Successfully loaded 47 records from data\Tharuni_Guntur_data.csv
2025-05-30 19:55:38,124 - PendingVehiclesPanel - INFO - Retrieved 47 total records
2025-05-30 19:55:38,124 - PendingVehiclesPanel - INFO - Found 0 pending records
2025-05-30 19:55:38,125 - PendingVehiclesPanel - INFO - Successfully refreshed pending list with 0 items
2025-05-30 19:56:07,014 - DataManager - INFO - Found 45 JSON backup files for bulk upload
2025-05-30 19:56:07,299 - DataManager - INFO - Uploaded JSON backup: T0002_Tharuni_Guntur_211239.json
2025-05-30 19:56:07,546 - DataManager - INFO - Uploaded JSON backup: T0003_Tharuni_Guntur_212042.json
2025-05-30 19:56:07,798 - DataManager - INFO - Uploaded JSON backup: T0004_Tharuni_Guntur_214248.json
2025-05-30 19:56:08,045 - DataManager - INFO - Uploaded JSON backup: T0005_Tharuni_Guntur_214703.json
2025-05-30 19:56:08,289 - DataManager - INFO - Uploaded JSON backup: T0006_Tharuni_Guntur_215228.json
2025-05-30 19:56:08,542 - DataManager - INFO - Uploaded JSON backup: T0007_Tharuni_Guntur_220413.json
2025-05-30 19:56:08,798 - DataManager - INFO - Uploaded JSON backup: T0008_Tharuni_Guntur_221138.json
2025-05-30 19:56:09,411 - DataManager - INFO - Uploaded JSON backup: T0009_Tharuni_Guntur_221746.json
2025-05-30 19:56:09,993 - DataManager - INFO - Uploaded JSON backup: T0010_Tharuni_Guntur_222608.json
2025-05-30 19:56:10,591 - DataManager - INFO - Uploaded JSON backup: T0011_Tharuni_Guntur_230418.json
2025-05-30 19:56:11,178 - DataManager - INFO - Uploaded JSON backup: T0012_Tharuni_Guntur_232426.json
2025-05-30 19:56:12,097 - DataManager - INFO - Uploaded JSON backup: T0013_Tharuni_Guntur_232629.json
2025-05-30 19:56:13,014 - DataManager - INFO - Uploaded JSON backup: T0014_Tharuni_Guntur_233046.json
2025-05-30 19:56:13,904 - DataManager - INFO - Uploaded JSON backup: T0015_Tharuni_Guntur_233500.json
2025-05-30 19:56:14,141 - DataManager - INFO - Uploaded JSON backup: T0016_Tharuni_Guntur_233910.json
2025-05-30 19:56:14,377 - DataManager - INFO - Uploaded JSON backup: T0017_Tharuni_Guntur_234531.json
2025-05-30 19:56:14,946 - DataManager - INFO - Uploaded JSON backup: T0018_Tharuni_Guntur_235358.json
2025-05-30 19:56:15,182 - DataManager - INFO - Uploaded JSON backup: T0019_Tharuni_Guntur_235500.json
2025-05-30 19:56:15,430 - DataManager - INFO - Uploaded JSON backup: T0020_Tharuni_Guntur_235617.json
2025-05-30 19:56:15,680 - DataManager - INFO - Uploaded JSON backup: T0021_Tharuni_Guntur_000306.json
2025-05-30 19:56:15,911 - DataManager - INFO - Uploaded JSON backup: T0022_Tharuni_Guntur_000513.json
2025-05-30 19:56:16,160 - DataManager - INFO - Uploaded JSON backup: T0023_Tharuni_Guntur_001027.json
2025-05-30 19:56:16,729 - DataManager - INFO - Uploaded JSON backup: T0024_Tharuni_Guntur_001251.json
2025-05-30 19:56:17,290 - DataManager - INFO - Uploaded JSON backup: T0025_Tharuni_Guntur_001643.json
2025-05-30 19:56:17,874 - DataManager - INFO - Uploaded JSON backup: T0026_Tharuni_Guntur_001921.json
2025-05-30 19:56:18,109 - DataManager - INFO - Uploaded JSON backup: T0027_Tharuni_Guntur_012944.json
2025-05-30 19:56:18,961 - DataManager - INFO - Uploaded JSON backup: T0028_Tharuni_Guntur_055441.json
2025-05-30 19:56:19,855 - DataManager - INFO - Uploaded JSON backup: T0029_Tharuni_Guntur_060421.json
2025-05-30 19:56:20,721 - DataManager - INFO - Uploaded JSON backup: T0030_Tharuni_Guntur_060643.json
2025-05-30 19:56:21,563 - DataManager - INFO - Uploaded JSON backup: T0031_Tharuni_Guntur_060810.json
2025-05-30 19:56:22,451 - DataManager - INFO - Uploaded JSON backup: T0032_Tharuni_Guntur_061021.json
2025-05-30 19:56:23,329 - DataManager - INFO - Uploaded JSON backup: T0033_Tharuni_Guntur_061236.json
2025-05-30 19:56:24,180 - DataManager - INFO - Uploaded JSON backup: T0034_Tharuni_Guntur_062057.json
2025-05-30 19:56:25,049 - DataManager - INFO - Uploaded JSON backup: T0035_Tharuni_Guntur_062248.json
2025-05-30 19:56:25,925 - DataManager - INFO - Uploaded JSON backup: T0036_Tharuni_Guntur_062818.json
2025-05-30 19:56:26,488 - DataManager - INFO - Uploaded JSON backup: T0037_Tharuni_Guntur_062952.json
2025-05-30 19:56:27,349 - DataManager - INFO - Uploaded JSON backup: T0038_Tharuni_Guntur_063402.json
2025-05-30 19:56:28,216 - DataManager - INFO - Uploaded JSON backup: T0039_Tharuni_Guntur_063853.json
2025-05-30 19:56:29,087 - DataManager - INFO - Uploaded JSON backup: T0040_Tharuni_Guntur_065731.json
2025-05-30 19:56:29,892 - DataManager - INFO - Uploaded JSON backup: T0041_Tharuni_Guntur_070323.json
2025-05-30 19:56:30,703 - DataManager - INFO - Uploaded JSON backup: T0042_Tharuni_Guntur_191017.json
2025-05-30 19:56:31,513 - DataManager - INFO - Uploaded JSON backup: T0043_Tharuni_Guntur_192238.json
2025-05-30 19:56:32,293 - DataManager - INFO - Uploaded JSON backup: T0044_Tharuni_Guntur_192552.json
2025-05-30 19:56:33,114 - DataManager - INFO - Uploaded JSON backup: T0045_Tharuni_Guntur_193508.json
2025-05-30 19:56:33,921 - DataManager - INFO - Uploaded JSON backup: T0046_Tharuni_Guntur_194822.json
2025-05-30 19:56:33,925 - DataManager - INFO - Successfully loaded 47 records from data\Tharuni_Guntur_data.csv
2025-05-30 19:56:49,584 - PendingVehiclesPanel - INFO - Refreshing pending vehicles list
2025-05-30 19:56:49,584 - DataManager - INFO - Successfully loaded 47 records from data\Tharuni_Guntur_data.csv
2025-05-30 19:56:49,585 - PendingVehiclesPanel - INFO - Retrieved 47 total records
2025-05-30 19:56:49,585 - PendingVehiclesPanel - INFO - Found 0 pending records
2025-05-30 19:56:49,585 - PendingVehiclesPanel - INFO - Successfully refreshed pending list with 0 items
2025-05-30 19:57:49,600 - PendingVehiclesPanel - INFO - Refreshing pending vehicles list
2025-05-30 19:57:49,601 - DataManager - INFO - Successfully loaded 47 records from data\Tharuni_Guntur_data.csv
2025-05-30 19:57:49,601 - PendingVehiclesPanel - INFO - Retrieved 47 total records
2025-05-30 19:57:49,602 - PendingVehiclesPanel - INFO - Found 0 pending records
2025-05-30 19:57:49,602 - PendingVehiclesPanel - INFO - Successfully refreshed pending list with 0 items
2025-05-30 19:58:49,617 - PendingVehiclesPanel - INFO - Refreshing pending vehicles list
2025-05-30 19:58:49,618 - DataManager - INFO - Successfully loaded 47 records from data\Tharuni_Guntur_data.csv
2025-05-30 19:58:49,619 - PendingVehiclesPanel - INFO - Retrieved 47 total records
2025-05-30 19:58:49,619 - PendingVehiclesPanel - INFO - Found 0 pending records
2025-05-30 19:58:49,619 - PendingVehiclesPanel - INFO - Successfully refreshed pending list with 0 items
2025-05-30 19:59:49,634 - PendingVehiclesPanel - INFO - Refreshing pending vehicles list
2025-05-30 19:59:49,638 - DataManager - INFO - Successfully loaded 47 records from data\Tharuni_Guntur_data.csv
2025-05-30 19:59:49,639 - PendingVehiclesPanel - INFO - Retrieved 47 total records
2025-05-30 19:59:49,640 - PendingVehiclesPanel - INFO - Found 0 pending records
2025-05-30 19:59:49,641 - PendingVehiclesPanel - INFO - Successfully refreshed pending list with 0 items
2025-05-30 19:59:53,869 - DataManager - INFO - Found 45 JSON backup files for bulk upload
2025-05-30 19:59:58,949 - DataManager - INFO - Successfully loaded 47 records from data\Tharuni_Guntur_data.csv
2025-05-30 19:59:58,972 - DataManager - INFO - Successfully loaded 47 records from data\Tharuni_Guntur_data.csv
2025-05-30 19:59:58,975 - DataManager - INFO - Successfully loaded 47 records from data\Tharuni_Guntur_data.csv
2025-05-30 19:59:59,510 - DataManager - INFO - Successfully loaded 47 records from data\Tharuni_Guntur_data.csv
2025-05-30 19:59:59,512 - DataManager - INFO - Successfully loaded 47 records from data\Tharuni_Guntur_data.csv
2025-05-30 20:00:01,695 - DataManager - INFO - Successfully loaded 47 records from data\Tharuni_Guntur_data.csv
2025-05-30 20:00:01,696 - DataManager - INFO - Successfully loaded 47 records from data\Tharuni_Guntur_data.csv
2025-05-30 20:00:05,718 - FormValidator - INFO - Vehicle validation passed: TS05X0555
2025-05-30 20:00:06,689 - DataManager - INFO - Successfully loaded 47 records from data\Tharuni_Guntur_data.csv
2025-05-30 20:00:06,690 - DataManager - INFO - Successfully loaded 47 records from data\Tharuni_Guntur_data.csv
2025-05-30 20:00:09,045 - TharuniApp - INFO - ==================================================
2025-05-30 20:00:09,045 - TharuniApp - INFO - SAVE RECORD OPERATION STARTED
2025-05-30 20:00:09,046 - FormValidator - INFO - Starting comprehensive form validation
2025-05-30 20:00:09,046 - FormValidator - INFO - Validating basic fields
2025-05-30 20:00:09,047 - FormValidator - INFO - Field values: ticket='T0047', vehicle='TS05X0555', agency=''
2025-05-30 20:00:09,047 - FormValidator - ERROR - Basic validation failed: Please fill in the following required fields: Agency Name
2025-05-30 20:00:10,512 - DataManager - INFO - Successfully loaded 47 records from data\Tharuni_Guntur_data.csv
2025-05-30 20:00:10,513 - DataManager - INFO - Successfully loaded 47 records from data\Tharuni_Guntur_data.csv
2025-05-30 20:00:10,516 - TharuniApp - WARNING - Form validation failed - aborting save
2025-05-30 20:00:10,517 - TharuniApp - INFO - ==================================================
2025-05-30 20:00:13,981 - DataManager - INFO - CSV structure is up to date
2025-05-30 20:00:13,982 - DataManager - INFO - Data context set to: Agency='Tharuni', Site='Guntur'
2025-05-30 20:00:13,982 - DataManager - INFO - Data file: data\Tharuni_Guntur_data.csv
2025-05-30 20:00:16,764 - TharuniApp - INFO - ==================================================
2025-05-30 20:00:16,765 - TharuniApp - INFO - SAVE RECORD OPERATION STARTED
2025-05-30 20:00:16,765 - FormValidator - INFO - Starting comprehensive form validation
2025-05-30 20:00:16,765 - FormValidator - INFO - Validating basic fields
2025-05-30 20:00:16,766 - FormValidator - INFO - Field values: ticket='T0047', vehicle='TS05X0555', agency='Tharuni'
2025-05-30 20:00:16,766 - FormValidator - INFO - Basic validation passed
2025-05-30 20:00:16,767 - FormValidator - INFO - Validating weighment data
2025-05-30 20:00:16,767 - FormValidator - INFO - Weighment data: first_weight='16620.00', first_timestamp='30-05-2025 20:00:00', second_weight='', second_timestamp=''
2025-05-30 20:00:16,768 - FormValidator - INFO - Weighment validation passed
2025-05-30 20:00:16,768 - FormValidator - INFO - Validating images for second weighment
2025-05-30 20:00:16,769 - FormValidator - INFO - Images validation for second: front=False, back=False
2025-05-30 20:00:17,934 - FormValidator - INFO - User chose to continue without images
2025-05-30 20:00:17,934 - FormValidator - INFO - Form validation passed successfully
2025-05-30 20:00:17,935 - TharuniApp - INFO - Saving record for ticket: T0047
2025-05-30 20:00:17,935 - TharuniApp - INFO - Form data keys: ['date', 'time', 'site_name', 'agency_name', 'material', 'ticket_no', 'vehicle_no', 'transfer_party_name', 'first_weight', 'first_timestamp', 'second_weight', 'second_timestamp', 'net_weight', 'material_type', 'first_front_image', 'first_back_image', 'second_front_image', 'second_back_image', 'site_incharge', 'user_name']
2025-05-30 20:00:17,935 - TharuniApp - INFO - Record is complete: False
2025-05-30 20:00:17,936 - TharuniApp - INFO - Calling data_manager.save_record for T0047
2025-05-30 20:00:17,936 - DataManager - INFO - ==================================================
2025-05-30 20:00:17,936 - DataManager - INFO - STARTING OFFLINE-FIRST RECORD SAVE WITH JSON BACKUP
2025-05-30 20:00:17,936 - DataManager - INFO - Input data keys: ['date', 'time', 'site_name', 'agency_name', 'material', 'ticket_no', 'vehicle_no', 'transfer_party_name', 'first_weight', 'first_timestamp', 'second_weight', 'second_timestamp', 'net_weight', 'material_type', 'first_front_image', 'first_back_image', 'second_front_image', 'second_back_image', 'site_incharge', 'user_name']
2025-05-30 20:00:17,937 - DataManager - INFO - Net weight cleared - incomplete weighments
2025-05-30 20:00:17,937 - DataManager - INFO - Using data file: data\Tharuni_Guntur_data.csv
2025-05-30 20:00:17,938 - DataManager - INFO - Successfully loaded 47 records from data\Tharuni_Guntur_data.csv
2025-05-30 20:00:17,938 - DataManager - INFO - Filtered 47 records to 0 using filter: 't0047'
2025-05-30 20:00:17,939 - DataManager - INFO - Adding new record: T0047
2025-05-30 20:00:17,939 - DataManager - INFO - Adding new record to CSV
2025-05-30 20:00:17,940 - DataManager - INFO - Record data: ['30-05-2025', '20:00:17', 'Guntur', 'Tharuni', 'Inert', 'T0047', 'TS05X0555', 'Jindal', '16620.00', '30-05-2025 20:00:00', '', '', '', 'Inert', 'Guntur_TS05X0555_20250530_200005_1st_front.jpg', '', '', '', '', 'admin']
2025-05-30 20:00:17,941 - DataManager - INFO - ✅ New record added to data\Tharuni_Guntur_data.csv
2025-05-30 20:00:17,942 - DataManager - INFO - ✅ Record T0047 saved to local CSV successfully
2025-05-30 20:00:17,943 - DataManager - INFO - Record completion status: False
2025-05-30 20:00:19,164 - DataManager - INFO - ✅ OFFLINE-FIRST SAVE COMPLETED - Local CSV, JSON backup, and PDF generated
2025-05-30 20:00:19,165 - DataManager - INFO - 💡 Cloud backup available via Settings > Cloud Storage > Backup
2025-05-30 20:00:19,165 - DataManager - INFO - ==================================================
2025-05-30 20:00:19,165 - TharuniApp - INFO - ✅ Record T0047 saved successfully
2025-05-30 20:00:19,165 - TharuniApp - INFO - First weighment saved for ticket T0047 - counter NOT incremented
2025-05-30 20:00:20,394 - DataManager - INFO - Successfully loaded 48 records from data\Tharuni_Guntur_data.csv
2025-05-30 20:00:20,395 - DataManager - INFO - Returning all 48 records (no filter)
2025-05-30 20:00:20,396 - PendingVehiclesPanel - INFO - Refreshing pending vehicles list
2025-05-30 20:00:20,397 - DataManager - INFO - Successfully loaded 48 records from data\Tharuni_Guntur_data.csv
2025-05-30 20:00:20,397 - PendingVehiclesPanel - INFO - Retrieved 48 total records
2025-05-30 20:00:20,398 - PendingVehiclesPanel - INFO - Added to pending: T0047
2025-05-30 20:00:20,398 - PendingVehiclesPanel - INFO - Found 1 pending records
2025-05-30 20:00:20,399 - PendingVehiclesPanel - INFO - Successfully refreshed pending list with 1 items
2025-05-30 20:00:20,399 - TharuniApp - INFO - SAVE RECORD OPERATION COMPLETED SUCCESSFULLY
2025-05-30 20:00:20,399 - TharuniApp - INFO - ==================================================
2025-05-30 20:00:37,873 - FormValidator - ERROR - Vehicle validation failed: Please enter a vehicle number before capturing images.
2025-05-30 20:00:40,434 - FormValidator - ERROR - Vehicle validation failed: Please enter a vehicle number before capturing images.
2025-05-30 20:00:43,434 - DataManager - INFO - Successfully loaded 48 records from data\Tharuni_Guntur_data.csv
2025-05-30 20:00:43,454 - DataManager - INFO - Successfully loaded 48 records from data\Tharuni_Guntur_data.csv
2025-05-30 20:00:43,456 - DataManager - INFO - Successfully loaded 48 records from data\Tharuni_Guntur_data.csv
2025-05-30 20:00:44,151 - DataManager - INFO - Successfully loaded 48 records from data\Tharuni_Guntur_data.csv
2025-05-30 20:00:44,153 - DataManager - INFO - Successfully loaded 48 records from data\Tharuni_Guntur_data.csv
2025-05-30 20:00:48,422 - FormValidator - INFO - Vehicle validation passed: TS04UA4444
2025-05-30 20:00:49,657 - PendingVehiclesPanel - INFO - Refreshing pending vehicles list
2025-05-30 20:00:49,659 - DataManager - INFO - Successfully loaded 48 records from data\Tharuni_Guntur_data.csv
2025-05-30 20:00:49,660 - PendingVehiclesPanel - INFO - Retrieved 48 total records
2025-05-30 20:00:49,661 - PendingVehiclesPanel - INFO - Added to pending: T0047
2025-05-30 20:00:49,661 - PendingVehiclesPanel - INFO - Found 1 pending records
2025-05-30 20:00:49,662 - PendingVehiclesPanel - INFO - Successfully refreshed pending list with 1 items
2025-05-30 20:00:49,814 - DataManager - INFO - Successfully loaded 48 records from data\Tharuni_Guntur_data.csv
2025-05-30 20:00:49,815 - DataManager - INFO - Successfully loaded 48 records from data\Tharuni_Guntur_data.csv
2025-05-30 20:00:50,738 - TharuniApp - INFO - ==================================================
2025-05-30 20:00:50,738 - TharuniApp - INFO - SAVE RECORD OPERATION STARTED
2025-05-30 20:00:50,739 - FormValidator - INFO - Starting comprehensive form validation
2025-05-30 20:00:50,739 - FormValidator - INFO - Validating basic fields
2025-05-30 20:00:50,740 - FormValidator - INFO - Field values: ticket='T0047', vehicle='TS04UA4444', agency=''
2025-05-30 20:00:50,740 - FormValidator - ERROR - Basic validation failed: Please fill in the following required fields: Agency Name
2025-05-30 20:00:52,180 - DataManager - INFO - Successfully loaded 48 records from data\Tharuni_Guntur_data.csv
2025-05-30 20:00:52,182 - DataManager - INFO - Successfully loaded 48 records from data\Tharuni_Guntur_data.csv
2025-05-30 20:00:52,187 - TharuniApp - WARNING - Form validation failed - aborting save
2025-05-30 20:00:52,188 - TharuniApp - INFO - ==================================================
2025-05-30 20:00:55,801 - DataManager - INFO - CSV structure is up to date
2025-05-30 20:00:55,802 - DataManager - INFO - Data context set to: Agency='Tharuni', Site='Guntur'
2025-05-30 20:00:55,802 - DataManager - INFO - Data file: data\Tharuni_Guntur_data.csv
2025-05-30 20:00:57,847 - TharuniApp - INFO - ==================================================
2025-05-30 20:00:57,847 - TharuniApp - INFO - SAVE RECORD OPERATION STARTED
2025-05-30 20:00:57,847 - FormValidator - INFO - Starting comprehensive form validation
2025-05-30 20:00:57,848 - FormValidator - INFO - Validating basic fields
2025-05-30 20:00:57,848 - FormValidator - INFO - Field values: ticket='T0047', vehicle='TS04UA4444', agency='Tharuni'
2025-05-30 20:00:57,848 - FormValidator - INFO - Basic validation passed
2025-05-30 20:00:57,849 - FormValidator - INFO - Validating weighment data
2025-05-30 20:00:57,849 - FormValidator - INFO - Weighment data: first_weight='34890.00', first_timestamp='30-05-2025 20:00:23', second_weight='10540.00', second_timestamp='30-05-2025 20:00:31'
2025-05-30 20:00:57,849 - FormValidator - INFO - Weighment validation passed
2025-05-30 20:00:57,849 - FormValidator - INFO - Validating images for second weighment
2025-05-30 20:00:57,850 - FormValidator - INFO - Images validation for second: front=True, back=False
2025-05-30 20:00:57,850 - FormValidator - INFO - Form validation passed successfully
2025-05-30 20:00:57,851 - TharuniApp - INFO - Saving record for ticket: T0047
2025-05-30 20:00:57,851 - TharuniApp - INFO - Form data keys: ['date', 'time', 'site_name', 'agency_name', 'material', 'ticket_no', 'vehicle_no', 'transfer_party_name', 'first_weight', 'first_timestamp', 'second_weight', 'second_timestamp', 'net_weight', 'material_type', 'first_front_image', 'first_back_image', 'second_front_image', 'second_back_image', 'site_incharge', 'user_name']
2025-05-30 20:00:57,851 - TharuniApp - INFO - Record is complete: True
2025-05-30 20:00:57,852 - TharuniApp - INFO - Calling data_manager.save_record for T0047
2025-05-30 20:00:57,852 - DataManager - INFO - ==================================================
2025-05-30 20:00:57,852 - DataManager - INFO - STARTING OFFLINE-FIRST RECORD SAVE WITH JSON BACKUP
2025-05-30 20:00:57,852 - DataManager - INFO - Input data keys: ['date', 'time', 'site_name', 'agency_name', 'material', 'ticket_no', 'vehicle_no', 'transfer_party_name', 'first_weight', 'first_timestamp', 'second_weight', 'second_timestamp', 'net_weight', 'material_type', 'first_front_image', 'first_back_image', 'second_front_image', 'second_back_image', 'site_incharge', 'user_name']
2025-05-30 20:00:57,852 - DataManager - INFO - Net weight calculated: 34890.0 - 10540.0 = 24350.00
2025-05-30 20:00:57,853 - DataManager - INFO - Using data file: data\Tharuni_Guntur_data.csv
2025-05-30 20:00:57,853 - DataManager - INFO - Successfully loaded 48 records from data\Tharuni_Guntur_data.csv
2025-05-30 20:00:57,854 - DataManager - INFO - Filtered 48 records to 1 using filter: 't0047'
2025-05-30 20:00:57,854 - DataManager - INFO - Updating existing record: T0047
2025-05-30 20:00:57,854 - DataManager - INFO - Updating record T0047 in data\Tharuni_Guntur_data.csv
2025-05-30 20:00:57,855 - DataManager - INFO - Read 48 records from CSV
2025-05-30 20:00:57,855 - DataManager - INFO - Found record to update at index 47
2025-05-30 20:00:57,856 - DataManager - INFO - Updated record data: ['30-05-2025', '20:00:57', 'Guntur', 'Tharuni', 'Inert', 'T0047', 'TS04UA4444', 'Jindal', '34890.00', '30-05-2025 20:00:23', '10540.00', '30-05-2025 20:00:31', '24350.00', 'Inert', '', '', 'Guntur_TS04UA4444_20250530_200048_2nd_front.jpg', '', '', 'admin']
2025-05-30 20:00:57,858 - DataManager - INFO - ✅ Record T0047 updated in data\Tharuni_Guntur_data.csv
2025-05-30 20:00:57,859 - DataManager - INFO - ✅ Record T0047 saved to local CSV successfully
2025-05-30 20:00:57,859 - DataManager - INFO - Record completion status: True
2025-05-30 20:00:57,859 - DataManager - INFO - Complete record detected - saving JSON backup locally...
2025-05-30 20:00:57,860 - DataManager - INFO - Created new daily JSON folder: data\json_backups\2025-05-30
2025-05-30 20:00:57,861 - DataManager - INFO - JSON backup saved: data\json_backups\2025-05-30\T0047_Tharuni_Guntur_200057.json
2025-05-30 20:00:57,861 - DataManager - INFO - ✅ JSON backup saved locally for T0047
2025-05-30 20:00:57,862 - DataManager - INFO - Complete record detected for ticket T0047 - generating PDF locally...
2025-05-30 20:00:57,862 - DataManager - INFO - Today's reports folder ensured: data\reports\2025-05-30
2025-05-30 20:00:57,863 - DataManager - INFO - Reports will be saved to: data\reports\2025-05-30
2025-05-30 20:00:57,863 - DataManager - INFO - Today's reports folder ensured: data\reports\2025-05-30
2025-05-30 20:00:57,866 - DataManager - INFO - SIMPLE TEST - Net display: '24350.00 kg'
2025-05-30 20:00:57,879 - DataManager - WARNING - Watermark error: cannot access local variable 'site' where it is not associated with a value, using image without watermark
2025-05-30 20:00:57,891 - DataManager - INFO - Building PDF document: data\reports\2025-05-30\Tharuni_Guntur_T0047_TS04UA4444_200057.pdf
2025-05-30 20:00:57,915 - DataManager - INFO - PDF created successfully: data\reports\2025-05-30\Tharuni_Guntur_T0047_TS04UA4444_200057.pdf (50257 bytes)
2025-05-30 20:00:57,915 - DataManager - INFO - Auto-generated PDF: data\reports\2025-05-30\Tharuni_Guntur_T0047_TS04UA4444_200057.pdf
2025-05-30 20:00:57,915 - DataManager - INFO - PDF saved to today's reports folder: data\reports\2025-05-30
2025-05-30 20:00:57,916 - DataManager - INFO - ✅ PDF auto-generated locally: data\reports\2025-05-30\Tharuni_Guntur_T0047_TS04UA4444_200057.pdf
2025-05-30 20:00:59,287 - DataManager - INFO - ✅ OFFLINE-FIRST SAVE COMPLETED - Local CSV, JSON backup, and PDF generated
2025-05-30 20:00:59,287 - DataManager - INFO - 📂 PDF saved to today's reports folder: data\reports\2025-05-30
2025-05-30 20:00:59,287 - DataManager - INFO - 💡 Cloud backup available via Settings > Cloud Storage > Backup
2025-05-30 20:00:59,288 - DataManager - INFO - ==================================================
2025-05-30 20:00:59,288 - TharuniApp - INFO - ✅ Record T0047 saved successfully
2025-05-30 20:00:59,292 - TharuniApp - INFO - ✅ Ticket T0047 completed - counter incremented
2025-05-30 20:00:59,292 - TharuniApp - INFO - Removing T0047 from pending vehicles list
2025-05-30 20:00:59,292 - PendingVehiclesPanel - INFO - Attempting to remove ticket T0047 from pending list
2025-05-30 20:00:59,293 - PendingVehiclesPanel - INFO - Removed ticket T0047 from pending list
2025-05-30 20:00:59,588 - TharuniApp - INFO - ✅ Complete record processing finished for T0047
2025-05-30 20:00:59,599 - DataManager - INFO - Successfully loaded 48 records from data\Tharuni_Guntur_data.csv
2025-05-30 20:00:59,599 - DataManager - INFO - Returning all 48 records (no filter)
2025-05-30 20:00:59,600 - PendingVehiclesPanel - INFO - Refreshing pending vehicles list
2025-05-30 20:00:59,601 - DataManager - INFO - Successfully loaded 48 records from data\Tharuni_Guntur_data.csv
2025-05-30 20:00:59,602 - PendingVehiclesPanel - INFO - Retrieved 48 total records
2025-05-30 20:00:59,602 - PendingVehiclesPanel - INFO - Found 0 pending records
2025-05-30 20:00:59,602 - PendingVehiclesPanel - INFO - Successfully refreshed pending list with 0 items
2025-05-30 20:00:59,603 - TharuniApp - INFO - SAVE RECORD OPERATION COMPLETED SUCCESSFULLY
2025-05-30 20:00:59,603 - TharuniApp - INFO - ==================================================
2025-05-30 20:01:05,405 - DataManager - INFO - Found 46 JSON backup files for bulk upload
2025-05-30 20:01:05,806 - DataManager - INFO - Uploaded JSON backup: T0002_Tharuni_Guntur_211239.json
2025-05-30 20:01:06,061 - DataManager - INFO - Uploaded JSON backup: T0003_Tharuni_Guntur_212042.json
2025-05-30 20:01:06,316 - DataManager - INFO - Uploaded JSON backup: T0004_Tharuni_Guntur_214248.json
2025-05-30 20:01:06,584 - DataManager - INFO - Uploaded JSON backup: T0005_Tharuni_Guntur_214703.json
2025-05-30 20:01:06,844 - DataManager - INFO - Uploaded JSON backup: T0006_Tharuni_Guntur_215228.json
2025-05-30 20:01:07,109 - DataManager - INFO - Uploaded JSON backup: T0007_Tharuni_Guntur_220413.json
2025-05-30 20:01:07,376 - DataManager - INFO - Uploaded JSON backup: T0008_Tharuni_Guntur_221138.json
2025-05-30 20:01:07,992 - DataManager - INFO - Uploaded JSON backup: T0009_Tharuni_Guntur_221746.json
2025-05-30 20:01:08,624 - DataManager - INFO - Uploaded JSON backup: T0010_Tharuni_Guntur_222608.json
2025-05-30 20:01:09,235 - DataManager - INFO - Uploaded JSON backup: T0011_Tharuni_Guntur_230418.json
2025-05-30 20:01:09,860 - DataManager - INFO - Uploaded JSON backup: T0012_Tharuni_Guntur_232426.json
2025-05-30 20:01:10,851 - DataManager - INFO - Uploaded JSON backup: T0013_Tharuni_Guntur_232629.json
2025-05-30 20:01:11,809 - DataManager - INFO - Uploaded JSON backup: T0014_Tharuni_Guntur_233046.json
2025-05-30 20:01:12,812 - DataManager - INFO - Uploaded JSON backup: T0015_Tharuni_Guntur_233500.json
2025-05-30 20:01:13,076 - DataManager - INFO - Uploaded JSON backup: T0016_Tharuni_Guntur_233910.json
2025-05-30 20:01:13,326 - DataManager - INFO - Uploaded JSON backup: T0017_Tharuni_Guntur_234531.json
2025-05-30 20:01:13,940 - DataManager - INFO - Uploaded JSON backup: T0018_Tharuni_Guntur_235358.json
2025-05-30 20:01:14,193 - DataManager - INFO - Uploaded JSON backup: T0019_Tharuni_Guntur_235500.json
2025-05-30 20:01:14,441 - DataManager - INFO - Uploaded JSON backup: T0020_Tharuni_Guntur_235617.json
2025-05-30 20:01:14,702 - DataManager - INFO - Uploaded JSON backup: T0021_Tharuni_Guntur_000306.json
2025-05-30 20:01:14,947 - DataManager - INFO - Uploaded JSON backup: T0022_Tharuni_Guntur_000513.json
2025-05-30 20:01:15,215 - DataManager - INFO - Uploaded JSON backup: T0023_Tharuni_Guntur_001027.json
2025-05-30 20:01:15,841 - DataManager - INFO - Uploaded JSON backup: T0024_Tharuni_Guntur_001251.json
2025-05-30 20:01:16,460 - DataManager - INFO - Uploaded JSON backup: T0025_Tharuni_Guntur_001643.json
2025-05-30 20:01:17,064 - DataManager - INFO - Uploaded JSON backup: T0026_Tharuni_Guntur_001921.json
2025-05-30 20:01:17,308 - DataManager - INFO - Uploaded JSON backup: T0027_Tharuni_Guntur_012944.json
2025-05-30 20:01:18,297 - DataManager - INFO - Uploaded JSON backup: T0028_Tharuni_Guntur_055441.json
2025-05-30 20:01:19,285 - DataManager - INFO - Uploaded JSON backup: T0029_Tharuni_Guntur_060421.json
2025-05-30 20:01:20,294 - DataManager - INFO - Uploaded JSON backup: T0030_Tharuni_Guntur_060643.json
2025-05-30 20:01:21,230 - DataManager - INFO - Uploaded JSON backup: T0031_Tharuni_Guntur_060810.json
2025-05-30 20:01:22,224 - DataManager - INFO - Uploaded JSON backup: T0032_Tharuni_Guntur_061021.json
2025-05-30 20:01:23,209 - DataManager - INFO - Uploaded JSON backup: T0033_Tharuni_Guntur_061236.json
2025-05-30 20:01:24,145 - DataManager - INFO - Uploaded JSON backup: T0034_Tharuni_Guntur_062057.json
2025-05-30 20:01:25,098 - DataManager - INFO - Uploaded JSON backup: T0035_Tharuni_Guntur_062248.json
2025-05-30 20:01:26,120 - DataManager - INFO - Uploaded JSON backup: T0036_Tharuni_Guntur_062818.json
2025-05-30 20:01:26,674 - DataManager - INFO - Uploaded JSON backup: T0037_Tharuni_Guntur_062952.json
2025-05-30 20:01:27,628 - DataManager - INFO - Uploaded JSON backup: T0038_Tharuni_Guntur_063402.json
2025-05-30 20:01:28,596 - DataManager - INFO - Uploaded JSON backup: T0039_Tharuni_Guntur_063853.json
2025-05-30 20:01:29,523 - DataManager - INFO - Uploaded JSON backup: T0040_Tharuni_Guntur_065731.json
2025-05-30 20:01:30,399 - DataManager - INFO - Uploaded JSON backup: T0041_Tharuni_Guntur_070323.json
2025-05-30 20:01:31,339 - DataManager - INFO - Uploaded JSON backup: T0042_Tharuni_Guntur_191017.json
2025-05-30 20:01:32,190 - DataManager - INFO - Uploaded JSON backup: T0043_Tharuni_Guntur_192238.json
2025-05-30 20:01:33,035 - DataManager - INFO - Uploaded JSON backup: T0044_Tharuni_Guntur_192552.json
2025-05-30 20:01:33,962 - DataManager - INFO - Uploaded JSON backup: T0045_Tharuni_Guntur_193508.json
2025-05-30 20:01:34,849 - DataManager - INFO - Uploaded JSON backup: T0046_Tharuni_Guntur_194822.json
2025-05-30 20:01:35,407 - DataManager - INFO - Uploaded JSON backup: T0047_Tharuni_Guntur_200057.json
2025-05-30 20:01:35,413 - DataManager - INFO - Successfully loaded 48 records from data\Tharuni_Guntur_data.csv
2025-05-30 20:01:52,461 - PendingVehiclesPanel - INFO - Refreshing pending vehicles list
2025-05-30 20:01:52,462 - DataManager - INFO - Successfully loaded 48 records from data\Tharuni_Guntur_data.csv
2025-05-30 20:01:52,462 - PendingVehiclesPanel - INFO - Retrieved 48 total records
2025-05-30 20:01:52,463 - PendingVehiclesPanel - INFO - Found 0 pending records
2025-05-30 20:01:52,463 - PendingVehiclesPanel - INFO - Successfully refreshed pending list with 0 items
2025-05-30 20:01:52,464 - DataManager - INFO - Created new daily folder: data\reports\30-05
2025-05-30 20:02:52,468 - PendingVehiclesPanel - INFO - Refreshing pending vehicles list
2025-05-30 20:02:52,472 - DataManager - INFO - Successfully loaded 48 records from data\Tharuni_Guntur_data.csv
2025-05-30 20:02:52,473 - PendingVehiclesPanel - INFO - Retrieved 48 total records
2025-05-30 20:02:52,474 - PendingVehiclesPanel - INFO - Found 0 pending records
2025-05-30 20:02:52,475 - PendingVehiclesPanel - INFO - Successfully refreshed pending list with 0 items
2025-05-30 20:03:52,490 - PendingVehiclesPanel - INFO - Refreshing pending vehicles list
2025-05-30 20:03:52,494 - DataManager - INFO - Successfully loaded 48 records from data\Tharuni_Guntur_data.csv
2025-05-30 20:03:52,495 - PendingVehiclesPanel - INFO - Retrieved 48 total records
2025-05-30 20:03:52,496 - PendingVehiclesPanel - INFO - Found 0 pending records
2025-05-30 20:03:52,497 - PendingVehiclesPanel - INFO - Successfully refreshed pending list with 0 items
2025-05-30 20:04:52,506 - PendingVehiclesPanel - INFO - Refreshing pending vehicles list
2025-05-30 20:04:52,510 - DataManager - INFO - Successfully loaded 48 records from data\Tharuni_Guntur_data.csv
2025-05-30 20:04:52,511 - PendingVehiclesPanel - INFO - Retrieved 48 total records
2025-05-30 20:04:52,512 - PendingVehiclesPanel - INFO - Found 0 pending records
2025-05-30 20:04:52,513 - PendingVehiclesPanel - INFO - Successfully refreshed pending list with 0 items
2025-05-30 20:05:52,522 - PendingVehiclesPanel - INFO - Refreshing pending vehicles list
2025-05-30 20:05:52,526 - DataManager - INFO - Successfully loaded 48 records from data\Tharuni_Guntur_data.csv
2025-05-30 20:05:52,527 - PendingVehiclesPanel - INFO - Retrieved 48 total records
2025-05-30 20:05:52,528 - PendingVehiclesPanel - INFO - Found 0 pending records
2025-05-30 20:05:52,529 - PendingVehiclesPanel - INFO - Successfully refreshed pending list with 0 items
2025-05-30 20:06:52,535 - PendingVehiclesPanel - INFO - Refreshing pending vehicles list
2025-05-30 20:06:52,538 - DataManager - INFO - Successfully loaded 48 records from data\Tharuni_Guntur_data.csv
2025-05-30 20:06:52,539 - PendingVehiclesPanel - INFO - Retrieved 48 total records
2025-05-30 20:06:52,540 - PendingVehiclesPanel - INFO - Found 0 pending records
2025-05-30 20:06:52,541 - PendingVehiclesPanel - INFO - Successfully refreshed pending list with 0 items
2025-05-30 20:07:52,557 - PendingVehiclesPanel - INFO - Refreshing pending vehicles list
2025-05-30 20:07:52,560 - DataManager - INFO - Successfully loaded 48 records from data\Tharuni_Guntur_data.csv
2025-05-30 20:07:52,561 - PendingVehiclesPanel - INFO - Retrieved 48 total records
2025-05-30 20:07:52,562 - PendingVehiclesPanel - INFO - Found 0 pending records
2025-05-30 20:07:52,563 - PendingVehiclesPanel - INFO - Successfully refreshed pending list with 0 items
2025-05-30 20:08:52,573 - PendingVehiclesPanel - INFO - Refreshing pending vehicles list
2025-05-30 20:08:52,576 - DataManager - INFO - Successfully loaded 48 records from data\Tharuni_Guntur_data.csv
2025-05-30 20:08:52,577 - PendingVehiclesPanel - INFO - Retrieved 48 total records
2025-05-30 20:08:52,578 - PendingVehiclesPanel - INFO - Found 0 pending records
2025-05-30 20:08:52,579 - PendingVehiclesPanel - INFO - Successfully refreshed pending list with 0 items
2025-05-30 20:09:52,593 - PendingVehiclesPanel - INFO - Refreshing pending vehicles list
2025-05-30 20:09:52,596 - DataManager - INFO - Successfully loaded 48 records from data\Tharuni_Guntur_data.csv
2025-05-30 20:09:52,597 - PendingVehiclesPanel - INFO - Retrieved 48 total records
2025-05-30 20:09:52,599 - PendingVehiclesPanel - INFO - Found 0 pending records
2025-05-30 20:09:52,600 - PendingVehiclesPanel - INFO - Successfully refreshed pending list with 0 items
2025-05-30 20:10:52,606 - PendingVehiclesPanel - INFO - Refreshing pending vehicles list
2025-05-30 20:10:52,609 - DataManager - INFO - Successfully loaded 48 records from data\Tharuni_Guntur_data.csv
2025-05-30 20:10:52,610 - PendingVehiclesPanel - INFO - Retrieved 48 total records
2025-05-30 20:10:52,611 - PendingVehiclesPanel - INFO - Found 0 pending records
2025-05-30 20:10:52,612 - PendingVehiclesPanel - INFO - Successfully refreshed pending list with 0 items
2025-05-30 20:11:52,617 - PendingVehiclesPanel - INFO - Refreshing pending vehicles list
2025-05-30 20:11:52,620 - DataManager - INFO - Successfully loaded 48 records from data\Tharuni_Guntur_data.csv
2025-05-30 20:11:52,620 - PendingVehiclesPanel - INFO - Retrieved 48 total records
2025-05-30 20:11:52,621 - PendingVehiclesPanel - INFO - Found 0 pending records
2025-05-30 20:11:52,622 - PendingVehiclesPanel - INFO - Successfully refreshed pending list with 0 items
2025-05-30 20:12:52,628 - PendingVehiclesPanel - INFO - Refreshing pending vehicles list
2025-05-30 20:12:52,629 - DataManager - INFO - Successfully loaded 48 records from data\Tharuni_Guntur_data.csv
2025-05-30 20:12:52,630 - PendingVehiclesPanel - INFO - Retrieved 48 total records
2025-05-30 20:12:52,630 - PendingVehiclesPanel - INFO - Found 0 pending records
2025-05-30 20:12:52,630 - PendingVehiclesPanel - INFO - Successfully refreshed pending list with 0 items
2025-05-30 20:13:52,645 - PendingVehiclesPanel - INFO - Refreshing pending vehicles list
2025-05-30 20:13:52,648 - DataManager - INFO - Successfully loaded 48 records from data\Tharuni_Guntur_data.csv
2025-05-30 20:13:52,649 - PendingVehiclesPanel - INFO - Retrieved 48 total records
2025-05-30 20:13:52,650 - PendingVehiclesPanel - INFO - Found 0 pending records
2025-05-30 20:13:52,651 - PendingVehiclesPanel - INFO - Successfully refreshed pending list with 0 items
2025-05-30 20:14:52,661 - PendingVehiclesPanel - INFO - Refreshing pending vehicles list
2025-05-30 20:14:52,662 - DataManager - INFO - Successfully loaded 48 records from data\Tharuni_Guntur_data.csv
2025-05-30 20:14:52,662 - PendingVehiclesPanel - INFO - Retrieved 48 total records
2025-05-30 20:14:52,662 - PendingVehiclesPanel - INFO - Found 0 pending records
2025-05-30 20:14:52,663 - PendingVehiclesPanel - INFO - Successfully refreshed pending list with 0 items
2025-05-30 20:15:52,673 - PendingVehiclesPanel - INFO - Refreshing pending vehicles list
2025-05-30 20:15:52,676 - DataManager - INFO - Successfully loaded 48 records from data\Tharuni_Guntur_data.csv
2025-05-30 20:15:52,677 - PendingVehiclesPanel - INFO - Retrieved 48 total records
2025-05-30 20:15:52,678 - PendingVehiclesPanel - INFO - Found 0 pending records
2025-05-30 20:15:52,679 - PendingVehiclesPanel - INFO - Successfully refreshed pending list with 0 items
2025-05-30 20:16:01,824 - DataManager - INFO - Found 46 JSON backup files for bulk upload
2025-05-30 20:16:10,932 - TharuniApp - INFO - Updating camera settings: {'front_camera_type': 'HTTP', 'front_camera_index': 1, 'front_rtsp_username': '', 'front_rtsp_password': '', 'front_rtsp_ip': '', 'front_rtsp_port': '8554', 'front_rtsp_endpoint': '/stream', 'front_http_username': '', 'front_http_password': '', 'front_http_ip': '', 'front_http_port': '80', 'front_http_endpoint': '/mjpeg', 'back_camera_type': 'HTTP', 'back_camera_index': 0, 'back_rtsp_username': '', 'back_rtsp_password': '', 'back_rtsp_ip': '', 'back_rtsp_port': '8555', 'back_rtsp_endpoint': '/stream', 'back_http_username': '', 'back_http_password': '', 'back_http_ip': '', 'back_http_port': '80', 'back_http_endpoint': '/mjpeg'}
2025-05-30 20:16:10,938 - TharuniApp - INFO - Camera settings saved for persistence
2025-05-30 20:16:13,376 - TharuniApp - INFO - ============================================================
2025-05-30 20:16:13,376 - TharuniApp - INFO - APPLICATION STARTUP
2025-05-30 20:16:13,376 - TharuniApp - INFO - ============================================================
2025-05-30 20:16:13,380 - TharuniApp - INFO - Configuration setup completed
2025-05-30 20:16:13,381 - DataManager - INFO - DataManager initialized with OFFLINE-FIRST approach + JSON local storage
2025-05-30 20:16:13,382 - DataManager - INFO - CSV structure is up to date
2025-05-30 20:16:13,383 - DataManager - INFO - Daily PDF folder structure ready:
2025-05-30 20:16:13,383 - DataManager - INFO -   Base reports folder: data\reports
2025-05-30 20:16:13,384 - DataManager - INFO -   Today's folder: data\reports\2025-05-30
2025-05-30 20:16:13,385 - DataManager - INFO - Data file: data\weighbridge_data.csv
2025-05-30 20:16:13,385 - DataManager - INFO - Reports folder: data\reports
2025-05-30 20:16:13,385 - DataManager - INFO - JSON backup folder: data\json_backups
2025-05-30 20:16:13,386 - DataManager - INFO - PDF folder: data\reports\2025-05-30
2025-05-30 20:16:13,386 - DataManager - INFO - Cloud storage will only be initialized when backup is requested
2025-05-30 20:16:13,386 - TharuniApp - INFO - Data manager initialized
2025-05-30 20:16:13,390 - TharuniApp - INFO - Settings storage initialized
2025-05-30 20:16:13,392 - TharuniApp - INFO - UI styles initialized
2025-05-30 20:16:13,393 - TharuniApp - INFO - Starting user authentication
2025-05-30 20:16:15,572 - TharuniApp - INFO - Authentication canceled - exiting application
2025-05-30 20:16:15,572 - TharuniApp - INFO - User authentication failed or canceled - exiting
2025-05-30 20:16:24,303 - TharuniApp - INFO - ============================================================
2025-05-30 20:16:24,304 - TharuniApp - INFO - APPLICATION STARTUP
2025-05-30 20:16:24,304 - TharuniApp - INFO - ============================================================
2025-05-30 20:16:24,307 - TharuniApp - INFO - Configuration setup completed
2025-05-30 20:16:24,308 - DataManager - INFO - DataManager initialized with OFFLINE-FIRST approach + JSON local storage
2025-05-30 20:16:24,308 - DataManager - INFO - CSV structure is up to date
2025-05-30 20:16:24,309 - DataManager - INFO - Daily PDF folder structure ready:
2025-05-30 20:16:24,309 - DataManager - INFO -   Base reports folder: data\reports
2025-05-30 20:16:24,309 - DataManager - INFO -   Today's folder: data\reports\2025-05-30
2025-05-30 20:16:24,310 - DataManager - INFO - Data file: data\weighbridge_data.csv
2025-05-30 20:16:24,310 - DataManager - INFO - Reports folder: data\reports
2025-05-30 20:16:24,310 - DataManager - INFO - JSON backup folder: data\json_backups
2025-05-30 20:16:24,310 - DataManager - INFO - PDF folder: data\reports\2025-05-30
2025-05-30 20:16:24,311 - DataManager - INFO - Cloud storage will only be initialized when backup is requested
2025-05-30 20:16:24,311 - TharuniApp - INFO - Data manager initialized
2025-05-30 20:16:24,312 - TharuniApp - INFO - Settings storage initialized
2025-05-30 20:16:24,314 - TharuniApp - INFO - UI styles initialized
2025-05-30 20:16:24,314 - TharuniApp - INFO - Starting user authentication
2025-05-30 20:16:28,283 - TharuniApp - INFO - Authentication successful: admin
2025-05-30 20:16:28,283 - TharuniApp - INFO - User logged in: admin (Role: admin)
2025-05-30 20:16:28,283 - TharuniApp - INFO - Setting up data context
2025-05-30 20:16:28,284 - DataManager - INFO - CSV structure is up to date
2025-05-30 20:16:28,284 - DataManager - INFO - Data context set to: Agency='Tharuni', Site='Guntur'
2025-05-30 20:16:28,284 - DataManager - INFO - Data file: data\Tharuni_Guntur_data.csv
2025-05-30 20:16:28,285 - TharuniApp - INFO - Data context initialized: Agency='Tharuni', Site='Guntur'
2025-05-30 20:16:28,285 - TharuniApp - INFO - Data will be saved to: data\Tharuni_Guntur_data.csv
2025-05-30 20:16:28,285 - TharuniApp - INFO - PDFs will be saved to: data\reports\2025-05-30
2025-05-30 20:16:28,285 - TharuniApp - INFO - Creating application widgets
2025-05-30 20:16:28,298 - TharuniApp - INFO - Creating main panel
2025-05-30 20:16:28,305 - FormValidator - INFO - FormValidator initialized
2025-05-30 20:16:28,311 - DataManager - INFO - Successfully loaded 48 records from data\Tharuni_Guntur_data.csv
2025-05-30 20:16:29,396 - DataManager - INFO - Successfully loaded 48 records from data\Tharuni_Guntur_data.csv
2025-05-30 20:16:29,396 - TharuniApp - INFO - Main form created
2025-05-30 20:16:29,398 - DataManager - INFO - CSV structure is up to date
2025-05-30 20:16:29,398 - DataManager - INFO - Data context set to: Agency='Tharuni', Site='Guntur'
2025-05-30 20:16:29,399 - DataManager - INFO - Data file: data\Tharuni_Guntur_data.csv
2025-05-30 20:16:29,399 - DataManager - INFO - CSV structure is up to date
2025-05-30 20:16:29,400 - DataManager - INFO - Data context set to: Agency='Tharuni', Site='Guntur'
2025-05-30 20:16:29,400 - DataManager - INFO - Data file: data\Tharuni_Guntur_data.csv
2025-05-30 20:16:29,401 - DataManager - INFO - CSV structure is up to date
2025-05-30 20:16:29,401 - DataManager - INFO - Data context set to: Agency='Tharuni', Site='Guntur'
2025-05-30 20:16:29,401 - DataManager - INFO - Data file: data\Tharuni_Guntur_data.csv
2025-05-30 20:16:29,402 - PendingVehiclesPanel - INFO - PendingVehiclesPanel initialized
2025-05-30 20:16:29,406 - PendingVehiclesPanel - INFO - Refreshing pending vehicles list
2025-05-30 20:16:29,407 - DataManager - INFO - Successfully loaded 48 records from data\Tharuni_Guntur_data.csv
2025-05-30 20:16:29,407 - PendingVehiclesPanel - INFO - Retrieved 48 total records
2025-05-30 20:16:29,407 - PendingVehiclesPanel - INFO - Found 0 pending records
2025-05-30 20:16:29,422 - PendingVehiclesPanel - INFO - Successfully refreshed pending list with 0 items
2025-05-30 20:16:29,423 - TharuniApp - INFO - Pending vehicles panel created
2025-05-30 20:16:29,644 - TharuniApp - INFO - Main panel creation completed
2025-05-30 20:16:29,651 - TharuniApp - INFO - Summary panel created
2025-05-30 20:16:29,813 - TharuniApp - INFO - ✅ Data manager reference set in settings panel
2025-05-30 20:16:29,814 - TharuniApp - INFO - Widget creation completed successfully
2025-05-30 20:16:29,814 - PendingVehiclesPanel - INFO - Refreshing pending vehicles list
2025-05-30 20:16:29,815 - DataManager - INFO - Successfully loaded 48 records from data\Tharuni_Guntur_data.csv
2025-05-30 20:16:29,815 - PendingVehiclesPanel - INFO - Retrieved 48 total records
2025-05-30 20:16:29,816 - PendingVehiclesPanel - INFO - Found 0 pending records
2025-05-30 20:16:29,816 - PendingVehiclesPanel - INFO - Successfully refreshed pending list with 0 items
2025-05-30 20:16:29,817 - DataManager - INFO - Created new daily folder: data\reports\30-05
2025-05-30 20:16:29,817 - TharuniApp - INFO - Application initialization completed successfully
2025-05-30 20:16:30,820 - TharuniApp - INFO - Ensuring settings persistence...
2025-05-30 20:16:30,826 - TharuniApp - INFO - Settings persistence check completed
2025-05-30 20:16:34,083 - DataManager - INFO - Successfully loaded 48 records from data\Tharuni_Guntur_data.csv
2025-05-30 20:16:34,109 - DataManager - INFO - Successfully loaded 48 records from data\Tharuni_Guntur_data.csv
2025-05-30 20:16:34,110 - DataManager - INFO - Successfully loaded 48 records from data\Tharuni_Guntur_data.csv
2025-05-30 20:16:35,171 - DataManager - INFO - Successfully loaded 48 records from data\Tharuni_Guntur_data.csv
2025-05-30 20:16:35,173 - DataManager - INFO - Successfully loaded 48 records from data\Tharuni_Guntur_data.csv
2025-05-30 20:16:37,200 - DataManager - INFO - Successfully loaded 48 records from data\Tharuni_Guntur_data.csv
2025-05-30 20:16:37,202 - DataManager - INFO - Successfully loaded 48 records from data\Tharuni_Guntur_data.csv
2025-05-30 20:16:40,778 - FormValidator - INFO - Vehicle validation passed: TS04UA4444
2025-05-30 20:16:41,878 - DataManager - INFO - Successfully loaded 48 records from data\Tharuni_Guntur_data.csv
2025-05-30 20:16:41,879 - DataManager - INFO - Successfully loaded 48 records from data\Tharuni_Guntur_data.csv
2025-05-30 20:16:44,997 - DataManager - INFO - Successfully loaded 48 records from data\Tharuni_Guntur_data.csv
2025-05-30 20:16:44,999 - DataManager - INFO - Successfully loaded 48 records from data\Tharuni_Guntur_data.csv
2025-05-30 20:16:48,623 - FormValidator - INFO - Vehicle validation passed: TS04UA4444
2025-05-30 20:16:49,846 - DataManager - INFO - Successfully loaded 48 records from data\Tharuni_Guntur_data.csv
2025-05-30 20:16:49,847 - DataManager - INFO - Successfully loaded 48 records from data\Tharuni_Guntur_data.csv
2025-05-30 20:16:50,942 - TharuniApp - INFO - ==================================================
2025-05-30 20:16:50,943 - TharuniApp - INFO - SAVE RECORD OPERATION STARTED
2025-05-30 20:16:50,943 - FormValidator - INFO - Starting comprehensive form validation
2025-05-30 20:16:50,944 - FormValidator - INFO - Validating basic fields
2025-05-30 20:16:50,944 - FormValidator - INFO - Field values: ticket='T0048', vehicle='TS04UA4444', agency='Tharuni'
2025-05-30 20:16:50,945 - FormValidator - INFO - Basic validation passed
2025-05-30 20:16:50,945 - FormValidator - INFO - Validating weighment data
2025-05-30 20:16:50,946 - FormValidator - INFO - Weighment data: first_weight='20140.00', first_timestamp='30-05-2025 20:16:36', second_weight='6660.00', second_timestamp='30-05-2025 20:16:44'
2025-05-30 20:16:50,946 - FormValidator - INFO - Weighment validation passed
2025-05-30 20:16:50,947 - FormValidator - INFO - Validating images for second weighment
2025-05-30 20:16:50,947 - FormValidator - INFO - Images validation for second: front=True, back=False
2025-05-30 20:16:50,948 - FormValidator - INFO - Form validation passed successfully
2025-05-30 20:16:50,950 - TharuniApp - INFO - Saving record for ticket: T0048
2025-05-30 20:16:50,951 - TharuniApp - INFO - Form data keys: ['date', 'time', 'site_name', 'agency_name', 'material', 'ticket_no', 'vehicle_no', 'transfer_party_name', 'first_weight', 'first_timestamp', 'second_weight', 'second_timestamp', 'net_weight', 'material_type', 'first_front_image', 'first_back_image', 'second_front_image', 'second_back_image', 'site_incharge', 'user_name']
2025-05-30 20:16:50,951 - TharuniApp - INFO - Record is complete: True
2025-05-30 20:16:50,951 - TharuniApp - INFO - Calling data_manager.save_record for T0048
2025-05-30 20:16:50,952 - DataManager - INFO - ==================================================
2025-05-30 20:16:50,952 - DataManager - INFO - STARTING OFFLINE-FIRST RECORD SAVE WITH JSON BACKUP
2025-05-30 20:16:50,952 - DataManager - INFO - Input data keys: ['date', 'time', 'site_name', 'agency_name', 'material', 'ticket_no', 'vehicle_no', 'transfer_party_name', 'first_weight', 'first_timestamp', 'second_weight', 'second_timestamp', 'net_weight', 'material_type', 'first_front_image', 'first_back_image', 'second_front_image', 'second_back_image', 'site_incharge', 'user_name']
2025-05-30 20:16:50,953 - DataManager - INFO - Net weight calculated: 20140.0 - 6660.0 = 13480.00
2025-05-30 20:16:50,953 - DataManager - INFO - Using data file: data\Tharuni_Guntur_data.csv
2025-05-30 20:16:50,954 - DataManager - INFO - Successfully loaded 48 records from data\Tharuni_Guntur_data.csv
2025-05-30 20:16:50,955 - DataManager - INFO - Filtered 48 records to 0 using filter: 't0048'
2025-05-30 20:16:50,955 - DataManager - INFO - Adding new record: T0048
2025-05-30 20:16:50,955 - DataManager - INFO - Adding new record to CSV
2025-05-30 20:16:50,956 - DataManager - INFO - Record data: ['30-05-2025', '20:16:50', 'Guntur', 'Tharuni', 'Inert', 'T0048', 'TS04UA4444', 'Jindal', '20140.00', '30-05-2025 20:16:36', '6660.00', '30-05-2025 20:16:44', '13480.00', 'Inert', 'Guntur_TS04UA4444_20250530_201640_1st_front.jpg', '', 'Guntur_TS04UA4444_20250530_201648_2nd_front.jpg', '', '', 'admin']
2025-05-30 20:16:50,956 - DataManager - INFO - ✅ New record added to data\Tharuni_Guntur_data.csv
2025-05-30 20:16:50,957 - DataManager - INFO - ✅ Record T0048 saved to local CSV successfully
2025-05-30 20:16:50,957 - DataManager - INFO - Record completion status: True
2025-05-30 20:16:50,957 - DataManager - INFO - Complete record detected - saving JSON backup locally...
2025-05-30 20:16:50,958 - DataManager - INFO - Created new daily JSON folder: data\json_backups\2025-05-30
2025-05-30 20:16:50,959 - DataManager - INFO - JSON backup saved: data\json_backups\2025-05-30\T0048_Tharuni_Guntur_201650.json
2025-05-30 20:16:50,959 - DataManager - INFO - ✅ JSON backup saved locally for T0048
2025-05-30 20:16:50,959 - DataManager - INFO - Complete record detected for ticket T0048 - generating PDF locally...
2025-05-30 20:16:50,960 - DataManager - INFO - Today's reports folder ensured: data\reports\2025-05-30
2025-05-30 20:16:50,961 - DataManager - INFO - Reports will be saved to: data\reports\2025-05-30
2025-05-30 20:16:50,962 - DataManager - INFO - Today's reports folder ensured: data\reports\2025-05-30
2025-05-30 20:16:50,964 - DataManager - INFO - SIMPLE TEST - Net display: '13480.00 kg'
2025-05-30 20:16:50,975 - DataManager - WARNING - Watermark error: cannot access local variable 'site' where it is not associated with a value, using image without watermark
2025-05-30 20:16:50,999 - DataManager - WARNING - Watermark error: cannot access local variable 'site' where it is not associated with a value, using image without watermark
2025-05-30 20:16:51,010 - DataManager - INFO - Building PDF document: data\reports\2025-05-30\Tharuni_Guntur_T0048_TS04UA4444_201650.pdf
2025-05-30 20:16:51,049 - DataManager - INFO - PDF created successfully: data\reports\2025-05-30\Tharuni_Guntur_T0048_TS04UA4444_201650.pdf (98409 bytes)
2025-05-30 20:16:51,050 - DataManager - INFO - Auto-generated PDF: data\reports\2025-05-30\Tharuni_Guntur_T0048_TS04UA4444_201650.pdf
2025-05-30 20:16:51,050 - DataManager - INFO - PDF saved to today's reports folder: data\reports\2025-05-30
2025-05-30 20:16:51,051 - DataManager - INFO - ✅ PDF auto-generated locally: data\reports\2025-05-30\Tharuni_Guntur_T0048_TS04UA4444_201650.pdf
2025-05-30 20:16:53,725 - DataManager - INFO - Successfully loaded 49 records from data\Tharuni_Guntur_data.csv
2025-05-30 20:16:53,726 - DataManager - INFO - Successfully loaded 49 records from data\Tharuni_Guntur_data.csv
2025-05-30 20:16:53,732 - DataManager - INFO - ✅ OFFLINE-FIRST SAVE COMPLETED - Local CSV, JSON backup, and PDF generated
2025-05-30 20:16:53,732 - DataManager - INFO - 📂 PDF saved to today's reports folder: data\reports\2025-05-30
2025-05-30 20:16:53,733 - DataManager - INFO - 💡 Cloud backup available via Settings > Cloud Storage > Backup
2025-05-30 20:16:53,733 - DataManager - INFO - ==================================================
2025-05-30 20:16:53,733 - TharuniApp - INFO - ✅ Record T0048 saved successfully
2025-05-30 20:16:53,738 - TharuniApp - INFO - ✅ Ticket T0048 completed - counter incremented
2025-05-30 20:16:53,738 - TharuniApp - INFO - Removing T0048 from pending vehicles list
2025-05-30 20:16:53,738 - PendingVehiclesPanel - INFO - Attempting to remove ticket T0048 from pending list
2025-05-30 20:16:53,739 - PendingVehiclesPanel - WARNING - Ticket T0048 not found in pending list for removal
2025-05-30 20:16:53,739 - PendingVehiclesPanel - INFO - Refreshing pending vehicles list
2025-05-30 20:16:53,740 - DataManager - INFO - Successfully loaded 49 records from data\Tharuni_Guntur_data.csv
2025-05-30 20:16:53,740 - PendingVehiclesPanel - INFO - Retrieved 49 total records
2025-05-30 20:16:53,740 - PendingVehiclesPanel - INFO - Found 0 pending records
2025-05-30 20:16:53,741 - PendingVehiclesPanel - INFO - Successfully refreshed pending list with 0 items
2025-05-30 20:16:54,021 - TharuniApp - INFO - ✅ Complete record processing finished for T0048
2025-05-30 20:16:54,022 - DataManager - INFO - Successfully loaded 49 records from data\Tharuni_Guntur_data.csv
2025-05-30 20:16:54,022 - DataManager - INFO - Returning all 49 records (no filter)
2025-05-30 20:16:54,023 - PendingVehiclesPanel - INFO - Refreshing pending vehicles list
2025-05-30 20:16:54,024 - DataManager - INFO - Successfully loaded 49 records from data\Tharuni_Guntur_data.csv
2025-05-30 20:16:54,024 - PendingVehiclesPanel - INFO - Retrieved 49 total records
2025-05-30 20:16:54,024 - PendingVehiclesPanel - INFO - Found 0 pending records
2025-05-30 20:16:54,025 - PendingVehiclesPanel - INFO - Successfully refreshed pending list with 0 items
2025-05-30 20:16:54,025 - TharuniApp - INFO - SAVE RECORD OPERATION COMPLETED SUCCESSFULLY
2025-05-30 20:16:54,025 - TharuniApp - INFO - ==================================================
2025-05-30 20:17:04,834 - DataManager - INFO - Cloud storage initialized on demand
2025-05-30 20:17:04,837 - DataManager - INFO - Successfully loaded 49 records from data\Tharuni_Guntur_data.csv
2025-05-30 20:17:13,751 - DataManager - INFO - Found 47 JSON backup files for bulk upload
2025-05-30 20:17:29,817 - PendingVehiclesPanel - INFO - Refreshing pending vehicles list
2025-05-30 20:17:29,821 - DataManager - INFO - Successfully loaded 49 records from data\Tharuni_Guntur_data.csv
2025-05-30 20:17:29,822 - PendingVehiclesPanel - INFO - Retrieved 49 total records
2025-05-30 20:17:29,823 - PendingVehiclesPanel - INFO - Found 0 pending records
2025-05-30 20:17:29,824 - PendingVehiclesPanel - INFO - Successfully refreshed pending list with 0 items
2025-05-30 20:17:29,826 - DataManager - INFO - Created new daily folder: data\reports\30-05
2025-05-30 20:18:29,830 - PendingVehiclesPanel - INFO - Refreshing pending vehicles list
2025-05-30 20:18:29,832 - DataManager - INFO - Successfully loaded 49 records from data\Tharuni_Guntur_data.csv
2025-05-30 20:18:29,833 - PendingVehiclesPanel - INFO - Retrieved 49 total records
2025-05-30 20:18:29,833 - PendingVehiclesPanel - INFO - Found 0 pending records
2025-05-30 20:18:29,834 - PendingVehiclesPanel - INFO - Successfully refreshed pending list with 0 items
2025-05-30 20:19:10,713 - DataManager - INFO - Successfully loaded 49 records from data\Tharuni_Guntur_data.csv
2025-05-30 20:19:29,838 - PendingVehiclesPanel - INFO - Refreshing pending vehicles list
2025-05-30 20:19:29,841 - DataManager - INFO - Successfully loaded 49 records from data\Tharuni_Guntur_data.csv
2025-05-30 20:19:29,842 - PendingVehiclesPanel - INFO - Retrieved 49 total records
2025-05-30 20:19:29,844 - PendingVehiclesPanel - INFO - Found 0 pending records
2025-05-30 20:19:29,845 - PendingVehiclesPanel - INFO - Successfully refreshed pending list with 0 items
2025-05-30 20:20:29,858 - PendingVehiclesPanel - INFO - Refreshing pending vehicles list
2025-05-30 20:20:29,860 - DataManager - INFO - Successfully loaded 49 records from data\Tharuni_Guntur_data.csv
2025-05-30 20:20:29,860 - PendingVehiclesPanel - INFO - Retrieved 49 total records
2025-05-30 20:20:29,861 - PendingVehiclesPanel - INFO - Found 0 pending records
2025-05-30 20:20:29,861 - PendingVehiclesPanel - INFO - Successfully refreshed pending list with 0 items
2025-05-30 20:21:29,871 - PendingVehiclesPanel - INFO - Refreshing pending vehicles list
2025-05-30 20:21:29,873 - DataManager - INFO - Successfully loaded 49 records from data\Tharuni_Guntur_data.csv
2025-05-30 20:21:29,874 - PendingVehiclesPanel - INFO - Retrieved 49 total records
2025-05-30 20:21:29,874 - PendingVehiclesPanel - INFO - Found 0 pending records
2025-05-30 20:21:29,875 - PendingVehiclesPanel - INFO - Successfully refreshed pending list with 0 items
2025-05-30 20:22:29,885 - PendingVehiclesPanel - INFO - Refreshing pending vehicles list
2025-05-30 20:22:29,886 - DataManager - INFO - Successfully loaded 49 records from data\Tharuni_Guntur_data.csv
2025-05-30 20:22:29,887 - PendingVehiclesPanel - INFO - Retrieved 49 total records
2025-05-30 20:22:29,887 - PendingVehiclesPanel - INFO - Found 0 pending records
2025-05-30 20:22:29,887 - PendingVehiclesPanel - INFO - Successfully refreshed pending list with 0 items
2025-05-30 20:23:29,900 - PendingVehiclesPanel - INFO - Refreshing pending vehicles list
2025-05-30 20:23:29,903 - DataManager - INFO - Successfully loaded 49 records from data\Tharuni_Guntur_data.csv
2025-05-30 20:23:29,904 - PendingVehiclesPanel - INFO - Retrieved 49 total records
2025-05-30 20:23:29,906 - PendingVehiclesPanel - INFO - Found 0 pending records
2025-05-30 20:23:29,907 - PendingVehiclesPanel - INFO - Successfully refreshed pending list with 0 items
2025-05-30 20:24:29,917 - PendingVehiclesPanel - INFO - Refreshing pending vehicles list
2025-05-30 20:24:29,921 - DataManager - INFO - Successfully loaded 49 records from data\Tharuni_Guntur_data.csv
2025-05-30 20:24:29,922 - PendingVehiclesPanel - INFO - Retrieved 49 total records
2025-05-30 20:24:29,924 - PendingVehiclesPanel - INFO - Found 0 pending records
2025-05-30 20:24:29,925 - PendingVehiclesPanel - INFO - Successfully refreshed pending list with 0 items
2025-05-30 20:24:50,424 - DataManager - INFO - Found 47 JSON backup files for bulk upload
2025-05-30 20:24:57,124 - TharuniApp - INFO - ============================================================
2025-05-30 20:24:57,125 - TharuniApp - INFO - APPLICATION STARTUP
2025-05-30 20:24:57,125 - TharuniApp - INFO - ============================================================
2025-05-30 20:24:57,128 - TharuniApp - INFO - Configuration setup completed
2025-05-30 20:24:57,128 - DataManager - INFO - DataManager initialized with OFFLINE-FIRST approach + JSON local storage
2025-05-30 20:24:57,129 - DataManager - INFO - CSV structure is up to date
2025-05-30 20:24:57,130 - DataManager - INFO - Daily PDF folder structure ready:
2025-05-30 20:24:57,130 - DataManager - INFO -   Base reports folder: data\reports
2025-05-30 20:24:57,130 - DataManager - INFO -   Today's folder: data\reports\2025-05-30
2025-05-30 20:24:57,131 - DataManager - INFO - Data file: data\weighbridge_data.csv
2025-05-30 20:24:57,131 - DataManager - INFO - Reports folder: data\reports
2025-05-30 20:24:57,131 - DataManager - INFO - JSON backup folder: data\json_backups
2025-05-30 20:24:57,132 - DataManager - INFO - PDF folder: data\reports\2025-05-30
2025-05-30 20:24:57,132 - DataManager - INFO - Cloud storage will only be initialized when backup is requested
2025-05-30 20:24:57,132 - TharuniApp - INFO - Data manager initialized
2025-05-30 20:24:57,135 - TharuniApp - INFO - Settings storage initialized
2025-05-30 20:24:57,137 - TharuniApp - INFO - UI styles initialized
2025-05-30 20:24:57,137 - TharuniApp - INFO - Starting user authentication
2025-05-30 20:25:02,172 - TharuniApp - INFO - Authentication successful: admin
2025-05-30 20:25:02,172 - TharuniApp - INFO - User logged in: admin (Role: admin)
2025-05-30 20:25:02,173 - TharuniApp - INFO - Setting up data context
2025-05-30 20:25:02,174 - DataManager - INFO - CSV structure is up to date
2025-05-30 20:25:02,174 - DataManager - INFO - Data context set to: Agency='Tharuni', Site='Guntur'
2025-05-30 20:25:02,174 - DataManager - INFO - Data file: data\Tharuni_Guntur_data.csv
2025-05-30 20:25:02,174 - TharuniApp - INFO - Data context initialized: Agency='Tharuni', Site='Guntur'
2025-05-30 20:25:02,175 - TharuniApp - INFO - Data will be saved to: data\Tharuni_Guntur_data.csv
2025-05-30 20:25:02,175 - TharuniApp - INFO - PDFs will be saved to: data\reports\2025-05-30
2025-05-30 20:25:02,175 - TharuniApp - INFO - Creating application widgets
2025-05-30 20:25:02,193 - TharuniApp - INFO - Creating main panel
2025-05-30 20:25:02,197 - FormValidator - INFO - FormValidator initialized
2025-05-30 20:25:02,206 - DataManager - INFO - Successfully loaded 49 records from data\Tharuni_Guntur_data.csv
2025-05-30 20:25:03,244 - DataManager - INFO - Successfully loaded 49 records from data\Tharuni_Guntur_data.csv
2025-05-30 20:25:03,244 - TharuniApp - INFO - Main form created
2025-05-30 20:25:03,246 - DataManager - INFO - CSV structure is up to date
2025-05-30 20:25:03,246 - DataManager - INFO - Data context set to: Agency='Tharuni', Site='Guntur'
2025-05-30 20:25:03,247 - DataManager - INFO - Data file: data\Tharuni_Guntur_data.csv
2025-05-30 20:25:03,247 - DataManager - INFO - CSV structure is up to date
2025-05-30 20:25:03,247 - DataManager - INFO - Data context set to: Agency='Tharuni', Site='Guntur'
2025-05-30 20:25:03,248 - DataManager - INFO - Data file: data\Tharuni_Guntur_data.csv
2025-05-30 20:25:03,248 - DataManager - INFO - CSV structure is up to date
2025-05-30 20:25:03,248 - DataManager - INFO - Data context set to: Agency='Tharuni', Site='Guntur'
2025-05-30 20:25:03,249 - DataManager - INFO - Data file: data\Tharuni_Guntur_data.csv
2025-05-30 20:25:03,249 - PendingVehiclesPanel - INFO - PendingVehiclesPanel initialized
2025-05-30 20:25:03,252 - PendingVehiclesPanel - INFO - Refreshing pending vehicles list
2025-05-30 20:25:03,253 - DataManager - INFO - Successfully loaded 49 records from data\Tharuni_Guntur_data.csv
2025-05-30 20:25:03,253 - PendingVehiclesPanel - INFO - Retrieved 49 total records
2025-05-30 20:25:03,254 - PendingVehiclesPanel - INFO - Found 0 pending records
2025-05-30 20:25:03,254 - PendingVehiclesPanel - INFO - Successfully refreshed pending list with 0 items
2025-05-30 20:25:03,254 - TharuniApp - INFO - Pending vehicles panel created
2025-05-30 20:25:03,446 - TharuniApp - INFO - Main panel creation completed
2025-05-30 20:25:03,454 - TharuniApp - INFO - Summary panel created
2025-05-30 20:25:03,609 - TharuniApp - INFO - ✅ Data manager reference set in settings panel
2025-05-30 20:25:03,610 - TharuniApp - INFO - Widget creation completed successfully
2025-05-30 20:25:03,610 - PendingVehiclesPanel - INFO - Refreshing pending vehicles list
2025-05-30 20:25:03,611 - DataManager - INFO - Successfully loaded 49 records from data\Tharuni_Guntur_data.csv
2025-05-30 20:25:03,611 - PendingVehiclesPanel - INFO - Retrieved 49 total records
2025-05-30 20:25:03,612 - PendingVehiclesPanel - INFO - Found 0 pending records
2025-05-30 20:25:03,612 - PendingVehiclesPanel - INFO - Successfully refreshed pending list with 0 items
2025-05-30 20:25:03,612 - DataManager - INFO - Created new daily folder: data\reports\30-05
2025-05-30 20:25:03,612 - TharuniApp - INFO - Application initialization completed successfully
2025-05-30 20:25:04,616 - TharuniApp - INFO - Ensuring settings persistence...
2025-05-30 20:25:04,626 - TharuniApp - INFO - Settings persistence check completed
2025-05-30 20:25:07,291 - DataManager - INFO - Cloud storage initialized on demand
2025-05-30 20:25:07,294 - DataManager - INFO - Successfully loaded 49 records from data\Tharuni_Guntur_data.csv
2025-05-30 20:25:38,831 - DataManager - INFO - Found 47 JSON backup files for bulk upload
2025-05-30 20:25:41,262 - DataManager - INFO - Successfully loaded 49 records from data\Tharuni_Guntur_data.csv
2025-05-30 20:25:41,287 - DataManager - INFO - Successfully loaded 49 records from data\Tharuni_Guntur_data.csv
2025-05-30 20:25:41,288 - DataManager - INFO - Successfully loaded 49 records from data\Tharuni_Guntur_data.csv
2025-05-30 20:25:41,753 - DataManager - INFO - Successfully loaded 49 records from data\Tharuni_Guntur_data.csv
2025-05-30 20:25:41,755 - DataManager - INFO - Successfully loaded 49 records from data\Tharuni_Guntur_data.csv
2025-05-30 20:25:43,537 - DataManager - INFO - Successfully loaded 49 records from data\Tharuni_Guntur_data.csv
2025-05-30 20:25:43,538 - DataManager - INFO - Successfully loaded 49 records from data\Tharuni_Guntur_data.csv
2025-05-30 20:25:46,601 - FormValidator - INFO - Vehicle validation passed: TS04UA4444
2025-05-30 20:25:47,688 - DataManager - INFO - Successfully loaded 49 records from data\Tharuni_Guntur_data.csv
2025-05-30 20:25:47,689 - DataManager - INFO - Successfully loaded 49 records from data\Tharuni_Guntur_data.csv
2025-05-30 20:25:52,955 - DataManager - INFO - Successfully loaded 49 records from data\Tharuni_Guntur_data.csv
2025-05-30 20:25:52,956 - DataManager - INFO - Successfully loaded 49 records from data\Tharuni_Guntur_data.csv
2025-05-30 20:25:56,594 - FormValidator - INFO - Vehicle validation passed: TS04UA4444
2025-05-30 20:25:57,615 - DataManager - INFO - Successfully loaded 49 records from data\Tharuni_Guntur_data.csv
2025-05-30 20:25:57,616 - DataManager - INFO - Successfully loaded 49 records from data\Tharuni_Guntur_data.csv
2025-05-30 20:25:59,403 - TharuniApp - INFO - ==================================================
2025-05-30 20:25:59,403 - TharuniApp - INFO - SAVE RECORD OPERATION STARTED
2025-05-30 20:25:59,404 - FormValidator - INFO - Starting comprehensive form validation
2025-05-30 20:25:59,405 - FormValidator - INFO - Validating basic fields
2025-05-30 20:25:59,405 - FormValidator - INFO - Field values: ticket='T0049', vehicle='TS04UA4444', agency='Tharuni'
2025-05-30 20:25:59,406 - FormValidator - INFO - Basic validation passed
2025-05-30 20:25:59,406 - FormValidator - INFO - Validating weighment data
2025-05-30 20:25:59,407 - FormValidator - INFO - Weighment data: first_weight='38600.00', first_timestamp='30-05-2025 20:25:42', second_weight='7290.00', second_timestamp='30-05-2025 20:25:51'
2025-05-30 20:25:59,407 - FormValidator - INFO - Weighment validation passed
2025-05-30 20:25:59,408 - FormValidator - INFO - Validating images for second weighment
2025-05-30 20:25:59,408 - FormValidator - INFO - Images validation for second: front=True, back=False
2025-05-30 20:25:59,409 - FormValidator - INFO - Form validation passed successfully
2025-05-30 20:25:59,411 - TharuniApp - INFO - Saving record for ticket: T0049
2025-05-30 20:25:59,411 - TharuniApp - INFO - Form data keys: ['date', 'time', 'site_name', 'agency_name', 'material', 'ticket_no', 'vehicle_no', 'transfer_party_name', 'first_weight', 'first_timestamp', 'second_weight', 'second_timestamp', 'net_weight', 'material_type', 'first_front_image', 'first_back_image', 'second_front_image', 'second_back_image', 'site_incharge', 'user_name']
2025-05-30 20:25:59,412 - TharuniApp - INFO - Record is complete: True
2025-05-30 20:25:59,412 - TharuniApp - INFO - Calling data_manager.save_record for T0049
2025-05-30 20:25:59,413 - DataManager - INFO - ==================================================
2025-05-30 20:25:59,413 - DataManager - INFO - STARTING OFFLINE-FIRST RECORD SAVE WITH JSON BACKUP
2025-05-30 20:25:59,414 - DataManager - INFO - Input data keys: ['date', 'time', 'site_name', 'agency_name', 'material', 'ticket_no', 'vehicle_no', 'transfer_party_name', 'first_weight', 'first_timestamp', 'second_weight', 'second_timestamp', 'net_weight', 'material_type', 'first_front_image', 'first_back_image', 'second_front_image', 'second_back_image', 'site_incharge', 'user_name']
2025-05-30 20:25:59,415 - DataManager - INFO - Net weight calculated: 38600.0 - 7290.0 = 31310.00
2025-05-30 20:25:59,415 - DataManager - INFO - Using data file: data\Tharuni_Guntur_data.csv
2025-05-30 20:25:59,416 - DataManager - INFO - Successfully loaded 49 records from data\Tharuni_Guntur_data.csv
2025-05-30 20:25:59,417 - DataManager - INFO - Filtered 49 records to 0 using filter: 't0049'
2025-05-30 20:25:59,417 - DataManager - INFO - Adding new record: T0049
2025-05-30 20:25:59,418 - DataManager - INFO - Adding new record to CSV
2025-05-30 20:25:59,418 - DataManager - INFO - Record data: ['30-05-2025', '20:25:59', 'Guntur', 'Tharuni', 'Inert', 'T0049', 'TS04UA4444', 'Jindal', '38600.00', '30-05-2025 20:25:42', '7290.00', '30-05-2025 20:25:51', '31310.00', 'Inert', 'Guntur_TS04UA4444_20250530_202546_1st_front.jpg', '', 'Guntur_TS04UA4444_20250530_202556_2nd_front.jpg', '', '', 'admin']
2025-05-30 20:25:59,419 - DataManager - INFO - ✅ New record added to data\Tharuni_Guntur_data.csv
2025-05-30 20:25:59,420 - DataManager - INFO - ✅ Record T0049 saved to local CSV successfully
2025-05-30 20:25:59,420 - DataManager - INFO - Record completion status: True
2025-05-30 20:25:59,420 - DataManager - INFO - Complete record detected - saving JSON backup locally...
2025-05-30 20:25:59,422 - DataManager - INFO - Created new daily JSON folder: data\json_backups\2025-05-30
2025-05-30 20:25:59,424 - DataManager - INFO - JSON backup saved: data\json_backups\2025-05-30\T0049_Tharuni_Guntur_202559.json
2025-05-30 20:25:59,424 - DataManager - INFO - ✅ JSON backup saved locally for T0049
2025-05-30 20:25:59,424 - DataManager - INFO - Complete record detected for ticket T0049 - generating PDF locally...
2025-05-30 20:25:59,425 - DataManager - INFO - Today's reports folder ensured: data\reports\2025-05-30
2025-05-30 20:25:59,426 - DataManager - INFO - Reports will be saved to: data\reports\2025-05-30
2025-05-30 20:25:59,426 - DataManager - INFO - Today's reports folder ensured: data\reports\2025-05-30
2025-05-30 20:25:59,428 - DataManager - INFO - SIMPLE TEST - Net display: '31310.00 kg'
2025-05-30 20:25:59,441 - DataManager - WARNING - Watermark error: cannot access local variable 'site' where it is not associated with a value, using image without watermark
2025-05-30 20:25:59,463 - DataManager - WARNING - Watermark error: cannot access local variable 'site' where it is not associated with a value, using image without watermark
2025-05-30 20:25:59,475 - DataManager - INFO - Building PDF document: data\reports\2025-05-30\Tharuni_Guntur_T0049_TS04UA4444_202559.pdf
2025-05-30 20:25:59,511 - DataManager - INFO - PDF created successfully: data\reports\2025-05-30\Tharuni_Guntur_T0049_TS04UA4444_202559.pdf (90002 bytes)
2025-05-30 20:25:59,512 - DataManager - INFO - Auto-generated PDF: data\reports\2025-05-30\Tharuni_Guntur_T0049_TS04UA4444_202559.pdf
2025-05-30 20:25:59,512 - DataManager - INFO - PDF saved to today's reports folder: data\reports\2025-05-30
2025-05-30 20:25:59,512 - DataManager - INFO - ✅ PDF auto-generated locally: data\reports\2025-05-30\Tharuni_Guntur_T0049_TS04UA4444_202559.pdf
2025-05-30 20:26:01,165 - DataManager - INFO - Successfully loaded 50 records from data\Tharuni_Guntur_data.csv
2025-05-30 20:26:01,166 - DataManager - INFO - Successfully loaded 50 records from data\Tharuni_Guntur_data.csv
2025-05-30 20:26:01,170 - DataManager - INFO - ✅ OFFLINE-FIRST SAVE COMPLETED - Local CSV, JSON backup, and PDF generated
2025-05-30 20:26:01,170 - DataManager - INFO - 📂 PDF saved to today's reports folder: data\reports\2025-05-30
2025-05-30 20:26:01,172 - DataManager - INFO - 💡 Cloud backup available via Settings > Cloud Storage > Backup
2025-05-30 20:26:01,172 - DataManager - INFO - ==================================================
2025-05-30 20:26:01,173 - TharuniApp - INFO - ✅ Record T0049 saved successfully
2025-05-30 20:26:01,178 - TharuniApp - INFO - ✅ Ticket T0049 completed - counter incremented
2025-05-30 20:26:01,178 - TharuniApp - INFO - Removing T0049 from pending vehicles list
2025-05-30 20:26:01,179 - PendingVehiclesPanel - INFO - Attempting to remove ticket T0049 from pending list
2025-05-30 20:26:01,179 - PendingVehiclesPanel - WARNING - Ticket T0049 not found in pending list for removal
2025-05-30 20:26:01,179 - PendingVehiclesPanel - INFO - Refreshing pending vehicles list
2025-05-30 20:26:01,181 - DataManager - INFO - Successfully loaded 50 records from data\Tharuni_Guntur_data.csv
2025-05-30 20:26:01,181 - PendingVehiclesPanel - INFO - Retrieved 50 total records
2025-05-30 20:26:01,181 - PendingVehiclesPanel - INFO - Found 0 pending records
2025-05-30 20:26:01,181 - PendingVehiclesPanel - INFO - Successfully refreshed pending list with 0 items
2025-05-30 20:26:01,469 - TharuniApp - INFO - ✅ Complete record processing finished for T0049
2025-05-30 20:26:01,470 - DataManager - INFO - Successfully loaded 50 records from data\Tharuni_Guntur_data.csv
2025-05-30 20:26:01,470 - DataManager - INFO - Returning all 50 records (no filter)
2025-05-30 20:26:01,471 - PendingVehiclesPanel - INFO - Refreshing pending vehicles list
2025-05-30 20:26:01,472 - DataManager - INFO - Successfully loaded 50 records from data\Tharuni_Guntur_data.csv
2025-05-30 20:26:01,472 - PendingVehiclesPanel - INFO - Retrieved 50 total records
2025-05-30 20:26:01,473 - PendingVehiclesPanel - INFO - Found 0 pending records
2025-05-30 20:26:01,473 - PendingVehiclesPanel - INFO - Successfully refreshed pending list with 0 items
2025-05-30 20:26:01,474 - TharuniApp - INFO - SAVE RECORD OPERATION COMPLETED SUCCESSFULLY
2025-05-30 20:26:01,474 - TharuniApp - INFO - ==================================================
2025-05-30 20:26:03,614 - PendingVehiclesPanel - INFO - Refreshing pending vehicles list
2025-05-30 20:26:03,618 - DataManager - INFO - Successfully loaded 50 records from data\Tharuni_Guntur_data.csv
2025-05-30 20:26:03,619 - PendingVehiclesPanel - INFO - Retrieved 50 total records
2025-05-30 20:26:03,620 - PendingVehiclesPanel - INFO - Found 0 pending records
2025-05-30 20:26:03,621 - PendingVehiclesPanel - INFO - Successfully refreshed pending list with 0 items
2025-05-30 20:26:03,624 - DataManager - INFO - Created new daily folder: data\reports\30-05
2025-05-30 20:26:14,522 - DataManager - INFO - Successfully loaded 50 records from data\Tharuni_Guntur_data.csv
2025-05-30 20:26:18,030 - DataManager - INFO - Found 48 JSON backup files for bulk upload
2025-05-30 20:27:03,628 - PendingVehiclesPanel - INFO - Refreshing pending vehicles list
2025-05-30 20:27:03,632 - DataManager - INFO - Successfully loaded 50 records from data\Tharuni_Guntur_data.csv
2025-05-30 20:27:03,633 - PendingVehiclesPanel - INFO - Retrieved 50 total records
2025-05-30 20:27:03,634 - PendingVehiclesPanel - INFO - Found 0 pending records
2025-05-30 20:27:03,635 - PendingVehiclesPanel - INFO - Successfully refreshed pending list with 0 items
2025-05-30 20:28:03,642 - PendingVehiclesPanel - INFO - Refreshing pending vehicles list
2025-05-30 20:28:03,643 - DataManager - INFO - Successfully loaded 50 records from data\Tharuni_Guntur_data.csv
2025-05-30 20:28:03,643 - PendingVehiclesPanel - INFO - Retrieved 50 total records
2025-05-30 20:28:03,643 - PendingVehiclesPanel - INFO - Found 0 pending records
2025-05-30 20:28:03,644 - PendingVehiclesPanel - INFO - Successfully refreshed pending list with 0 items
2025-05-30 20:29:03,655 - PendingVehiclesPanel - INFO - Refreshing pending vehicles list
2025-05-30 20:29:03,657 - DataManager - INFO - Successfully loaded 50 records from data\Tharuni_Guntur_data.csv
2025-05-30 20:29:03,657 - PendingVehiclesPanel - INFO - Retrieved 50 total records
2025-05-30 20:29:03,657 - PendingVehiclesPanel - INFO - Found 0 pending records
2025-05-30 20:29:03,658 - PendingVehiclesPanel - INFO - Successfully refreshed pending list with 0 items
2025-05-30 20:30:03,659 - PendingVehiclesPanel - INFO - Refreshing pending vehicles list
2025-05-30 20:30:03,663 - DataManager - INFO - Successfully loaded 50 records from data\Tharuni_Guntur_data.csv
2025-05-30 20:30:03,664 - PendingVehiclesPanel - INFO - Retrieved 50 total records
2025-05-30 20:30:03,665 - PendingVehiclesPanel - INFO - Found 0 pending records
2025-05-30 20:30:03,666 - PendingVehiclesPanel - INFO - Successfully refreshed pending list with 0 items
2025-05-30 20:30:37,103 - TharuniApp - INFO - ============================================================
2025-05-30 20:30:37,103 - TharuniApp - INFO - APPLICATION STARTUP
2025-05-30 20:30:37,104 - TharuniApp - INFO - ============================================================
2025-05-30 20:30:37,107 - TharuniApp - INFO - Configuration setup completed
2025-05-30 20:30:37,107 - DataManager - INFO - DataManager initialized with OFFLINE-FIRST approach + JSON local storage
2025-05-30 20:30:37,108 - DataManager - INFO - CSV structure is up to date
2025-05-30 20:30:37,108 - DataManager - INFO - Daily PDF folder structure ready:
2025-05-30 20:30:37,108 - DataManager - INFO -   Base reports folder: data\reports
2025-05-30 20:30:37,109 - DataManager - INFO -   Today's folder: data\reports\2025-05-30
2025-05-30 20:30:37,109 - DataManager - INFO - Data file: data\weighbridge_data.csv
2025-05-30 20:30:37,110 - DataManager - INFO - Reports folder: data\reports
2025-05-30 20:30:37,110 - DataManager - INFO - JSON backup folder: data\json_backups
2025-05-30 20:30:37,110 - DataManager - INFO - PDF folder: data\reports\2025-05-30
2025-05-30 20:30:37,110 - DataManager - INFO - Cloud storage will only be initialized when backup is requested
2025-05-30 20:30:37,110 - TharuniApp - INFO - Data manager initialized
2025-05-30 20:30:37,113 - TharuniApp - INFO - Settings storage initialized
2025-05-30 20:30:37,115 - TharuniApp - INFO - UI styles initialized
2025-05-30 20:30:37,116 - TharuniApp - INFO - Starting user authentication
2025-05-30 20:32:23,686 - TharuniApp - INFO - Authentication successful: admin
2025-05-30 20:32:23,686 - TharuniApp - INFO - User logged in: admin (Role: admin)
2025-05-30 20:32:23,686 - TharuniApp - INFO - Setting up data context
2025-05-30 20:32:23,687 - DataManager - INFO - CSV structure is up to date
2025-05-30 20:32:23,687 - DataManager - INFO - Data context set to: Agency='Tharuni', Site='Guntur'
2025-05-30 20:32:23,687 - DataManager - INFO - Data file: data\Tharuni_Guntur_data.csv
2025-05-30 20:32:23,688 - TharuniApp - INFO - Data context initialized: Agency='Tharuni', Site='Guntur'
2025-05-30 20:32:23,688 - TharuniApp - INFO - Data will be saved to: data\Tharuni_Guntur_data.csv
2025-05-30 20:32:23,688 - TharuniApp - INFO - PDFs will be saved to: data\reports\2025-05-30
2025-05-30 20:32:23,688 - TharuniApp - INFO - Creating application widgets
2025-05-30 20:32:23,701 - TharuniApp - INFO - Creating main panel
2025-05-30 20:32:23,705 - FormValidator - INFO - FormValidator initialized
2025-05-30 20:32:23,711 - DataManager - INFO - Successfully loaded 50 records from data\Tharuni_Guntur_data.csv
2025-05-30 20:32:24,786 - DataManager - INFO - Successfully loaded 50 records from data\Tharuni_Guntur_data.csv
2025-05-30 20:32:24,787 - TharuniApp - INFO - Main form created
2025-05-30 20:32:24,788 - DataManager - INFO - CSV structure is up to date
2025-05-30 20:32:24,789 - DataManager - INFO - Data context set to: Agency='Tharuni', Site='Guntur'
2025-05-30 20:32:24,789 - DataManager - INFO - Data file: data\Tharuni_Guntur_data.csv
2025-05-30 20:32:24,790 - DataManager - INFO - CSV structure is up to date
2025-05-30 20:32:24,790 - DataManager - INFO - Data context set to: Agency='Tharuni', Site='Guntur'
2025-05-30 20:32:24,790 - DataManager - INFO - Data file: data\Tharuni_Guntur_data.csv
2025-05-30 20:32:24,791 - DataManager - INFO - CSV structure is up to date
2025-05-30 20:32:24,791 - DataManager - INFO - Data context set to: Agency='Tharuni', Site='Guntur'
2025-05-30 20:32:24,791 - DataManager - INFO - Data file: data\Tharuni_Guntur_data.csv
2025-05-30 20:32:24,792 - PendingVehiclesPanel - INFO - PendingVehiclesPanel initialized
2025-05-30 20:32:24,796 - PendingVehiclesPanel - INFO - Refreshing pending vehicles list
2025-05-30 20:32:24,797 - DataManager - INFO - Successfully loaded 50 records from data\Tharuni_Guntur_data.csv
2025-05-30 20:32:24,798 - PendingVehiclesPanel - INFO - Retrieved 50 total records
2025-05-30 20:32:24,798 - PendingVehiclesPanel - INFO - Found 0 pending records
2025-05-30 20:32:24,798 - PendingVehiclesPanel - INFO - Successfully refreshed pending list with 0 items
2025-05-30 20:32:24,799 - TharuniApp - INFO - Pending vehicles panel created
2025-05-30 20:32:25,003 - TharuniApp - INFO - Main panel creation completed
2025-05-30 20:32:25,010 - TharuniApp - INFO - Summary panel created
2025-05-30 20:32:25,167 - TharuniApp - INFO - ✅ Data manager reference set in settings panel
2025-05-30 20:32:25,167 - TharuniApp - INFO - Widget creation completed successfully
2025-05-30 20:32:25,168 - PendingVehiclesPanel - INFO - Refreshing pending vehicles list
2025-05-30 20:32:25,168 - DataManager - INFO - Successfully loaded 50 records from data\Tharuni_Guntur_data.csv
2025-05-30 20:32:25,169 - PendingVehiclesPanel - INFO - Retrieved 50 total records
2025-05-30 20:32:25,169 - PendingVehiclesPanel - INFO - Found 0 pending records
2025-05-30 20:32:25,169 - PendingVehiclesPanel - INFO - Successfully refreshed pending list with 0 items
2025-05-30 20:32:25,170 - DataManager - INFO - Created new daily folder: data\reports\30-05
2025-05-30 20:32:25,170 - TharuniApp - INFO - Application initialization completed successfully
2025-05-30 20:32:26,169 - TharuniApp - INFO - Ensuring settings persistence...
2025-05-30 20:32:26,180 - TharuniApp - INFO - Settings persistence check completed
2025-05-30 20:32:27,933 - DataManager - INFO - Successfully loaded 50 records from data\Tharuni_Guntur_data.csv
2025-05-30 20:32:27,958 - DataManager - INFO - Successfully loaded 50 records from data\Tharuni_Guntur_data.csv
2025-05-30 20:32:27,959 - DataManager - INFO - Successfully loaded 50 records from data\Tharuni_Guntur_data.csv
2025-05-30 20:32:28,848 - DataManager - INFO - Successfully loaded 50 records from data\Tharuni_Guntur_data.csv
2025-05-30 20:32:28,850 - DataManager - INFO - Successfully loaded 50 records from data\Tharuni_Guntur_data.csv
2025-05-30 20:32:31,136 - DataManager - INFO - Successfully loaded 50 records from data\Tharuni_Guntur_data.csv
2025-05-30 20:32:31,137 - DataManager - INFO - Successfully loaded 50 records from data\Tharuni_Guntur_data.csv
2025-05-30 20:32:33,500 - FormValidator - INFO - Vehicle validation passed: TS09FP0869
2025-05-30 20:32:34,499 - DataManager - INFO - Successfully loaded 50 records from data\Tharuni_Guntur_data.csv
2025-05-30 20:32:34,500 - DataManager - INFO - Successfully loaded 50 records from data\Tharuni_Guntur_data.csv
2025-05-30 20:32:37,502 - TharuniApp - INFO - ==================================================
2025-05-30 20:32:37,502 - TharuniApp - INFO - SAVE RECORD OPERATION STARTED
2025-05-30 20:32:37,503 - FormValidator - INFO - Starting comprehensive form validation
2025-05-30 20:32:37,503 - FormValidator - INFO - Validating basic fields
2025-05-30 20:32:37,504 - FormValidator - INFO - Field values: ticket='T0050', vehicle='TS09FP0869', agency='Tharuni'
2025-05-30 20:32:37,504 - FormValidator - INFO - Basic validation passed
2025-05-30 20:32:37,505 - FormValidator - INFO - Validating weighment data
2025-05-30 20:32:37,505 - FormValidator - INFO - Weighment data: first_weight='40580.00', first_timestamp='30-05-2025 20:32:30', second_weight='', second_timestamp=''
2025-05-30 20:32:37,506 - FormValidator - INFO - Weighment validation passed
2025-05-30 20:32:37,506 - FormValidator - INFO - Validating images for second weighment
2025-05-30 20:32:37,507 - FormValidator - INFO - Images validation for second: front=False, back=False
2025-05-30 20:32:38,604 - DataManager - INFO - Successfully loaded 50 records from data\Tharuni_Guntur_data.csv
2025-05-30 20:32:38,604 - DataManager - INFO - Successfully loaded 50 records from data\Tharuni_Guntur_data.csv
2025-05-30 20:32:38,608 - FormValidator - INFO - User chose to continue without images
2025-05-30 20:32:38,608 - FormValidator - INFO - Form validation passed successfully
2025-05-30 20:32:38,610 - TharuniApp - INFO - Saving record for ticket: T0050
2025-05-30 20:32:38,610 - TharuniApp - INFO - Form data keys: ['date', 'time', 'site_name', 'agency_name', 'material', 'ticket_no', 'vehicle_no', 'transfer_party_name', 'first_weight', 'first_timestamp', 'second_weight', 'second_timestamp', 'net_weight', 'material_type', 'first_front_image', 'first_back_image', 'second_front_image', 'second_back_image', 'site_incharge', 'user_name']
2025-05-30 20:32:38,611 - TharuniApp - INFO - Record is complete: False
2025-05-30 20:32:38,612 - TharuniApp - INFO - Calling data_manager.save_record for T0050
2025-05-30 20:32:38,612 - DataManager - INFO - ==================================================
2025-05-30 20:32:38,612 - DataManager - INFO - STARTING OFFLINE-FIRST RECORD SAVE WITH JSON BACKUP
2025-05-30 20:32:38,613 - DataManager - INFO - Input data keys: ['date', 'time', 'site_name', 'agency_name', 'material', 'ticket_no', 'vehicle_no', 'transfer_party_name', 'first_weight', 'first_timestamp', 'second_weight', 'second_timestamp', 'net_weight', 'material_type', 'first_front_image', 'first_back_image', 'second_front_image', 'second_back_image', 'site_incharge', 'user_name']
2025-05-30 20:32:38,613 - DataManager - INFO - Net weight cleared - incomplete weighments
2025-05-30 20:32:38,614 - DataManager - INFO - Using data file: data\Tharuni_Guntur_data.csv
2025-05-30 20:32:38,615 - DataManager - INFO - Successfully loaded 50 records from data\Tharuni_Guntur_data.csv
2025-05-30 20:32:38,616 - DataManager - INFO - Filtered 50 records to 0 using filter: 't0050'
2025-05-30 20:32:38,616 - DataManager - INFO - Adding new record: T0050
2025-05-30 20:32:38,616 - DataManager - INFO - Adding new record to CSV
2025-05-30 20:32:38,616 - DataManager - INFO - Record data: ['30-05-2025', '20:32:38', 'Guntur', 'Tharuni', 'Inert', 'T0050', 'TS09FP0869', 'Jindal', '40580.00', '30-05-2025 20:32:30', '', '', '', 'Inert', 'Guntur_TS09FP0869_20250530_203233_1st_front.jpg', '', '', '', '', 'admin']
2025-05-30 20:32:38,617 - DataManager - INFO - ✅ New record added to data\Tharuni_Guntur_data.csv
2025-05-30 20:32:38,618 - DataManager - INFO - ✅ Record T0050 saved to local CSV successfully
2025-05-30 20:32:38,618 - DataManager - INFO - Record completion status: False
2025-05-30 20:32:39,545 - DataManager - INFO - Successfully loaded 51 records from data\Tharuni_Guntur_data.csv
2025-05-30 20:32:39,547 - DataManager - INFO - Successfully loaded 51 records from data\Tharuni_Guntur_data.csv
2025-05-30 20:32:39,551 - DataManager - INFO - ✅ OFFLINE-FIRST SAVE COMPLETED - Local CSV, JSON backup, and PDF generated
2025-05-30 20:32:39,552 - DataManager - INFO - 💡 Cloud backup available via Settings > Cloud Storage > Backup
2025-05-30 20:32:39,552 - DataManager - INFO - ==================================================
2025-05-30 20:32:39,552 - TharuniApp - INFO - ✅ Record T0050 saved successfully
2025-05-30 20:32:39,552 - TharuniApp - INFO - First weighment saved for ticket T0050 - counter NOT incremented
2025-05-30 20:32:40,616 - DataManager - INFO - Successfully loaded 51 records from data\Tharuni_Guntur_data.csv
2025-05-30 20:32:40,617 - DataManager - INFO - Successfully loaded 51 records from data\Tharuni_Guntur_data.csv
2025-05-30 20:32:40,891 - DataManager - INFO - Successfully loaded 51 records from data\Tharuni_Guntur_data.csv
2025-05-30 20:32:40,891 - DataManager - INFO - Returning all 51 records (no filter)
2025-05-30 20:32:40,893 - PendingVehiclesPanel - INFO - Refreshing pending vehicles list
2025-05-30 20:32:40,894 - DataManager - INFO - Successfully loaded 51 records from data\Tharuni_Guntur_data.csv
2025-05-30 20:32:40,894 - PendingVehiclesPanel - INFO - Retrieved 51 total records
2025-05-30 20:32:40,894 - PendingVehiclesPanel - INFO - Added to pending: T0050
2025-05-30 20:32:40,895 - PendingVehiclesPanel - INFO - Found 1 pending records
2025-05-30 20:32:40,896 - PendingVehiclesPanel - INFO - Successfully refreshed pending list with 1 items
2025-05-30 20:32:40,897 - TharuniApp - INFO - SAVE RECORD OPERATION COMPLETED SUCCESSFULLY
2025-05-30 20:32:40,897 - TharuniApp - INFO - ==================================================
2025-05-30 20:32:45,095 - PendingVehiclesPanel - INFO - Double-clicked on ticket: T0050
2025-05-30 20:32:45,096 - TharuniApp - INFO - Loading pending vehicle: T0050
2025-05-30 20:32:45,099 - DataManager - INFO - Successfully loaded 51 records from data\Tharuni_Guntur_data.csv
2025-05-30 20:32:45,100 - DataManager - INFO - Filtered 51 records to 1 using filter: 't0050'
2025-05-30 20:32:45,101 - DataManager - INFO - CSV structure is up to date
2025-05-30 20:32:45,101 - DataManager - INFO - Data context set to: Agency='Tharuni', Site='Guntur'
2025-05-30 20:32:45,102 - DataManager - INFO - Data file: data\Tharuni_Guntur_data.csv
2025-05-30 20:32:45,104 - TharuniApp - INFO - Successfully loaded pending ticket: T0050
2025-05-30 20:32:53,927 - FormValidator - INFO - Vehicle validation passed: TS09FP0869
2025-05-30 20:32:56,895 - TharuniApp - INFO - ==================================================
2025-05-30 20:32:56,895 - TharuniApp - INFO - SAVE RECORD OPERATION STARTED
2025-05-30 20:32:56,896 - FormValidator - INFO - Starting comprehensive form validation
2025-05-30 20:32:56,896 - FormValidator - INFO - Validating basic fields
2025-05-30 20:32:56,897 - FormValidator - INFO - Field values: ticket='T0050', vehicle='TS09FP0869', agency='Tharuni'
2025-05-30 20:32:56,897 - FormValidator - INFO - Basic validation passed
2025-05-30 20:32:56,898 - FormValidator - INFO - Validating weighment data
2025-05-30 20:32:56,898 - FormValidator - INFO - Weighment data: first_weight='40580.00', first_timestamp='30-05-2025 20:32:30', second_weight='14420.00', second_timestamp='30-05-2025 20:32:48'
2025-05-30 20:32:56,898 - FormValidator - INFO - Weighment validation passed
2025-05-30 20:32:56,899 - FormValidator - INFO - Validating images for second weighment
2025-05-30 20:32:56,899 - FormValidator - INFO - Images validation for second: front=True, back=False
2025-05-30 20:32:56,900 - FormValidator - INFO - Form validation passed successfully
2025-05-30 20:32:56,902 - TharuniApp - INFO - Saving record for ticket: T0050
2025-05-30 20:32:56,903 - TharuniApp - INFO - Form data keys: ['date', 'time', 'site_name', 'agency_name', 'material', 'ticket_no', 'vehicle_no', 'transfer_party_name', 'first_weight', 'first_timestamp', 'second_weight', 'second_timestamp', 'net_weight', 'material_type', 'first_front_image', 'first_back_image', 'second_front_image', 'second_back_image', 'site_incharge', 'user_name']
2025-05-30 20:32:56,903 - TharuniApp - INFO - Record is complete: True
2025-05-30 20:32:56,904 - TharuniApp - INFO - Calling data_manager.save_record for T0050
2025-05-30 20:32:56,904 - DataManager - INFO - ==================================================
2025-05-30 20:32:56,905 - DataManager - INFO - STARTING OFFLINE-FIRST RECORD SAVE WITH JSON BACKUP
2025-05-30 20:32:56,905 - DataManager - INFO - Input data keys: ['date', 'time', 'site_name', 'agency_name', 'material', 'ticket_no', 'vehicle_no', 'transfer_party_name', 'first_weight', 'first_timestamp', 'second_weight', 'second_timestamp', 'net_weight', 'material_type', 'first_front_image', 'first_back_image', 'second_front_image', 'second_back_image', 'site_incharge', 'user_name']
2025-05-30 20:32:56,906 - DataManager - INFO - Net weight calculated: 40580.0 - 14420.0 = 26160.00
2025-05-30 20:32:56,906 - DataManager - INFO - Using data file: data\Tharuni_Guntur_data.csv
2025-05-30 20:32:56,908 - DataManager - INFO - Successfully loaded 51 records from data\Tharuni_Guntur_data.csv
2025-05-30 20:32:56,908 - DataManager - INFO - Filtered 51 records to 1 using filter: 't0050'
2025-05-30 20:32:56,909 - DataManager - INFO - Updating existing record: T0050
2025-05-30 20:32:56,909 - DataManager - INFO - Updating record T0050 in data\Tharuni_Guntur_data.csv
2025-05-30 20:32:56,910 - DataManager - INFO - Read 51 records from CSV
2025-05-30 20:32:56,911 - DataManager - INFO - Found record to update at index 50
2025-05-30 20:32:56,911 - DataManager - INFO - Updated record data: ['30-05-2025', '20:32:56', 'Guntur', 'Tharuni', 'Inert', 'T0050', 'TS09FP0869', 'Jindal', '40580.00', '30-05-2025 20:32:30', '14420.00', '30-05-2025 20:32:48', '26160.00', 'Inert', 'Guntur_TS09FP0869_20250530_203233_1st_front.jpg', '', 'Guntur_TS09FP0869_20250530_203253_2nd_front.jpg', '', '', 'admin']
2025-05-30 20:32:56,915 - DataManager - INFO - ✅ Record T0050 updated in data\Tharuni_Guntur_data.csv
2025-05-30 20:32:56,916 - DataManager - INFO - ✅ Record T0050 saved to local CSV successfully
2025-05-30 20:32:56,916 - DataManager - INFO - Record completion status: True
2025-05-30 20:32:56,916 - DataManager - INFO - Complete record detected - saving JSON backup locally...
2025-05-30 20:32:56,917 - DataManager - INFO - Created new daily JSON folder: data\json_backups\2025-05-30
2025-05-30 20:32:56,918 - DataManager - INFO - JSON backup saved: data\json_backups\2025-05-30\T0050_Tharuni_Guntur_203256.json
2025-05-30 20:32:56,918 - DataManager - INFO - ✅ JSON backup saved locally for T0050
2025-05-30 20:32:56,918 - DataManager - INFO - Complete record detected for ticket T0050 - generating PDF locally...
2025-05-30 20:32:56,919 - DataManager - INFO - Today's reports folder ensured: data\reports\2025-05-30
2025-05-30 20:32:56,919 - DataManager - INFO - Reports will be saved to: data\reports\2025-05-30
2025-05-30 20:32:56,920 - DataManager - INFO - Today's reports folder ensured: data\reports\2025-05-30
2025-05-30 20:32:56,923 - DataManager - INFO - SIMPLE TEST - Net display: '26160.00 kg'
2025-05-30 20:32:56,934 - DataManager - WARNING - Watermark error: cannot access local variable 'site' where it is not associated with a value, using image without watermark
2025-05-30 20:32:56,957 - DataManager - WARNING - Watermark error: cannot access local variable 'site' where it is not associated with a value, using image without watermark
2025-05-30 20:32:56,969 - DataManager - INFO - Building PDF document: data\reports\2025-05-30\Tharuni_Guntur_T0050_TS09FP0869_203256.pdf
2025-05-30 20:32:57,008 - DataManager - INFO - PDF created successfully: data\reports\2025-05-30\Tharuni_Guntur_T0050_TS09FP0869_203256.pdf (93109 bytes)
2025-05-30 20:32:57,009 - DataManager - INFO - Auto-generated PDF: data\reports\2025-05-30\Tharuni_Guntur_T0050_TS09FP0869_203256.pdf
2025-05-30 20:32:57,009 - DataManager - INFO - PDF saved to today's reports folder: data\reports\2025-05-30
2025-05-30 20:32:57,009 - DataManager - INFO - ✅ PDF auto-generated locally: data\reports\2025-05-30\Tharuni_Guntur_T0050_TS09FP0869_203256.pdf
2025-05-30 20:32:58,428 - DataManager - INFO - ✅ OFFLINE-FIRST SAVE COMPLETED - Local CSV, JSON backup, and PDF generated
2025-05-30 20:32:58,428 - DataManager - INFO - 📂 PDF saved to today's reports folder: data\reports\2025-05-30
2025-05-30 20:32:58,429 - DataManager - INFO - 💡 Cloud backup available via Settings > Cloud Storage > Backup
2025-05-30 20:32:58,429 - DataManager - INFO - ==================================================
2025-05-30 20:32:58,429 - TharuniApp - INFO - ✅ Record T0050 saved successfully
2025-05-30 20:32:58,433 - TharuniApp - INFO - ✅ Ticket T0050 completed - counter incremented
2025-05-30 20:32:58,433 - TharuniApp - INFO - Removing T0050 from pending vehicles list
2025-05-30 20:32:58,433 - PendingVehiclesPanel - INFO - Attempting to remove ticket T0050 from pending list
2025-05-30 20:32:58,434 - PendingVehiclesPanel - INFO - Removed ticket T0050 from pending list
2025-05-30 20:32:58,728 - TharuniApp - INFO - ✅ Complete record processing finished for T0050
2025-05-30 20:32:58,739 - DataManager - INFO - Successfully loaded 51 records from data\Tharuni_Guntur_data.csv
2025-05-30 20:32:58,739 - DataManager - INFO - Returning all 51 records (no filter)
2025-05-30 20:32:58,740 - PendingVehiclesPanel - INFO - Refreshing pending vehicles list
2025-05-30 20:32:58,741 - DataManager - INFO - Successfully loaded 51 records from data\Tharuni_Guntur_data.csv
2025-05-30 20:32:58,741 - PendingVehiclesPanel - INFO - Retrieved 51 total records
2025-05-30 20:32:58,742 - PendingVehiclesPanel - INFO - Found 0 pending records
2025-05-30 20:32:58,742 - PendingVehiclesPanel - INFO - Successfully refreshed pending list with 0 items
2025-05-30 20:32:58,742 - TharuniApp - INFO - SAVE RECORD OPERATION COMPLETED SUCCESSFULLY
2025-05-30 20:32:58,742 - TharuniApp - INFO - ==================================================
2025-05-30 20:33:06,427 - DataManager - INFO - Cloud storage initialized on demand
2025-05-30 20:33:06,431 - DataManager - INFO - Successfully loaded 51 records from data\Tharuni_Guntur_data.csv
2025-05-30 20:33:25,173 - PendingVehiclesPanel - INFO - Refreshing pending vehicles list
2025-05-30 20:33:25,176 - DataManager - INFO - Successfully loaded 51 records from data\Tharuni_Guntur_data.csv
2025-05-30 20:33:25,177 - PendingVehiclesPanel - INFO - Retrieved 51 total records
2025-05-30 20:33:25,178 - PendingVehiclesPanel - INFO - Found 0 pending records
2025-05-30 20:33:25,179 - PendingVehiclesPanel - INFO - Successfully refreshed pending list with 0 items
2025-05-30 20:33:25,181 - DataManager - INFO - Created new daily folder: data\reports\30-05
2025-05-30 20:34:25,188 - PendingVehiclesPanel - INFO - Refreshing pending vehicles list
2025-05-30 20:34:25,189 - DataManager - INFO - Successfully loaded 51 records from data\Tharuni_Guntur_data.csv
2025-05-30 20:34:25,189 - PendingVehiclesPanel - INFO - Retrieved 51 total records
2025-05-30 20:34:25,190 - PendingVehiclesPanel - INFO - Found 0 pending records
2025-05-30 20:34:25,190 - PendingVehiclesPanel - INFO - Successfully refreshed pending list with 0 items
2025-05-30 20:35:25,194 - PendingVehiclesPanel - INFO - Refreshing pending vehicles list
2025-05-30 20:35:25,197 - DataManager - INFO - Successfully loaded 51 records from data\Tharuni_Guntur_data.csv
2025-05-30 20:35:25,198 - PendingVehiclesPanel - INFO - Retrieved 51 total records
2025-05-30 20:35:25,199 - PendingVehiclesPanel - INFO - Found 0 pending records
2025-05-30 20:35:25,200 - PendingVehiclesPanel - INFO - Successfully refreshed pending list with 0 items
2025-05-30 20:36:25,217 - PendingVehiclesPanel - INFO - Refreshing pending vehicles list
2025-05-30 20:36:25,221 - DataManager - INFO - Successfully loaded 51 records from data\Tharuni_Guntur_data.csv
2025-05-30 20:36:25,222 - PendingVehiclesPanel - INFO - Retrieved 51 total records
2025-05-30 20:36:25,223 - PendingVehiclesPanel - INFO - Found 0 pending records
2025-05-30 20:36:25,224 - PendingVehiclesPanel - INFO - Successfully refreshed pending list with 0 items
2025-05-30 20:37:25,234 - PendingVehiclesPanel - INFO - Refreshing pending vehicles list
2025-05-30 20:37:25,237 - DataManager - INFO - Successfully loaded 51 records from data\Tharuni_Guntur_data.csv
2025-05-30 20:37:25,238 - PendingVehiclesPanel - INFO - Retrieved 51 total records
2025-05-30 20:37:25,239 - PendingVehiclesPanel - INFO - Found 0 pending records
2025-05-30 20:37:25,241 - PendingVehiclesPanel - INFO - Successfully refreshed pending list with 0 items
2025-05-30 20:38:25,246 - PendingVehiclesPanel - INFO - Refreshing pending vehicles list
2025-05-30 20:38:25,250 - DataManager - INFO - Successfully loaded 51 records from data\Tharuni_Guntur_data.csv
2025-05-30 20:38:25,251 - PendingVehiclesPanel - INFO - Retrieved 51 total records
2025-05-30 20:38:25,252 - PendingVehiclesPanel - INFO - Found 0 pending records
2025-05-30 20:38:25,253 - PendingVehiclesPanel - INFO - Successfully refreshed pending list with 0 items
2025-05-30 20:39:25,269 - PendingVehiclesPanel - INFO - Refreshing pending vehicles list
2025-05-30 20:39:25,271 - DataManager - INFO - Successfully loaded 51 records from data\Tharuni_Guntur_data.csv
2025-05-30 20:39:25,271 - PendingVehiclesPanel - INFO - Retrieved 51 total records
2025-05-30 20:39:25,272 - PendingVehiclesPanel - INFO - Found 0 pending records
2025-05-30 20:39:25,272 - PendingVehiclesPanel - INFO - Successfully refreshed pending list with 0 items
2025-05-30 20:40:25,287 - PendingVehiclesPanel - INFO - Refreshing pending vehicles list
2025-05-30 20:40:25,290 - DataManager - INFO - Successfully loaded 51 records from data\Tharuni_Guntur_data.csv
2025-05-30 20:40:25,291 - PendingVehiclesPanel - INFO - Retrieved 51 total records
2025-05-30 20:40:25,292 - PendingVehiclesPanel - INFO - Found 0 pending records
2025-05-30 20:40:25,293 - PendingVehiclesPanel - INFO - Successfully refreshed pending list with 0 items
2025-05-30 20:41:25,298 - PendingVehiclesPanel - INFO - Refreshing pending vehicles list
2025-05-30 20:41:25,302 - DataManager - INFO - Successfully loaded 51 records from data\Tharuni_Guntur_data.csv
2025-05-30 20:41:25,303 - PendingVehiclesPanel - INFO - Retrieved 51 total records
2025-05-30 20:41:25,304 - PendingVehiclesPanel - INFO - Found 0 pending records
2025-05-30 20:41:25,305 - PendingVehiclesPanel - INFO - Successfully refreshed pending list with 0 items
2025-05-30 20:42:25,314 - PendingVehiclesPanel - INFO - Refreshing pending vehicles list
2025-05-30 20:42:25,317 - DataManager - INFO - Successfully loaded 51 records from data\Tharuni_Guntur_data.csv
2025-05-30 20:42:25,318 - PendingVehiclesPanel - INFO - Retrieved 51 total records
2025-05-30 20:42:25,319 - PendingVehiclesPanel - INFO - Found 0 pending records
2025-05-30 20:42:25,320 - PendingVehiclesPanel - INFO - Successfully refreshed pending list with 0 items
2025-05-30 20:42:33,927 - DataManager - INFO - Found 49 JSON backup files for bulk upload
2025-05-30 20:43:25,323 - PendingVehiclesPanel - INFO - Refreshing pending vehicles list
2025-05-30 20:43:25,324 - DataManager - INFO - Successfully loaded 51 records from data\Tharuni_Guntur_data.csv
2025-05-30 20:43:25,325 - PendingVehiclesPanel - INFO - Retrieved 51 total records
2025-05-30 20:43:25,325 - PendingVehiclesPanel - INFO - Found 0 pending records
2025-05-30 20:43:25,325 - PendingVehiclesPanel - INFO - Successfully refreshed pending list with 0 items
2025-05-30 20:44:25,337 - PendingVehiclesPanel - INFO - Refreshing pending vehicles list
2025-05-30 20:44:25,341 - DataManager - INFO - Successfully loaded 51 records from data\Tharuni_Guntur_data.csv
2025-05-30 20:44:25,342 - PendingVehiclesPanel - INFO - Retrieved 51 total records
2025-05-30 20:44:25,343 - PendingVehiclesPanel - INFO - Found 0 pending records
2025-05-30 20:44:25,344 - PendingVehiclesPanel - INFO - Successfully refreshed pending list with 0 items
2025-05-30 20:45:25,355 - PendingVehiclesPanel - INFO - Refreshing pending vehicles list
2025-05-30 20:45:25,356 - DataManager - INFO - Successfully loaded 51 records from data\Tharuni_Guntur_data.csv
2025-05-30 20:45:25,357 - PendingVehiclesPanel - INFO - Retrieved 51 total records
2025-05-30 20:45:25,357 - PendingVehiclesPanel - INFO - Found 0 pending records
2025-05-30 20:45:25,358 - PendingVehiclesPanel - INFO - Successfully refreshed pending list with 0 items
2025-05-30 20:46:25,358 - PendingVehiclesPanel - INFO - Refreshing pending vehicles list
2025-05-30 20:46:25,360 - DataManager - INFO - Successfully loaded 51 records from data\Tharuni_Guntur_data.csv
2025-05-30 20:46:25,360 - PendingVehiclesPanel - INFO - Retrieved 51 total records
2025-05-30 20:46:25,361 - PendingVehiclesPanel - INFO - Found 0 pending records
2025-05-30 20:46:25,361 - PendingVehiclesPanel - INFO - Successfully refreshed pending list with 0 items
2025-05-30 20:47:25,372 - PendingVehiclesPanel - INFO - Refreshing pending vehicles list
2025-05-30 20:47:25,375 - DataManager - INFO - Successfully loaded 51 records from data\Tharuni_Guntur_data.csv
2025-05-30 20:47:25,376 - PendingVehiclesPanel - INFO - Retrieved 51 total records
2025-05-30 20:47:25,378 - PendingVehiclesPanel - INFO - Found 0 pending records
2025-05-30 20:47:25,379 - PendingVehiclesPanel - INFO - Successfully refreshed pending list with 0 items
2025-05-30 20:48:25,385 - PendingVehiclesPanel - INFO - Refreshing pending vehicles list
2025-05-30 20:48:25,389 - DataManager - INFO - Successfully loaded 51 records from data\Tharuni_Guntur_data.csv
2025-05-30 20:48:25,390 - PendingVehiclesPanel - INFO - Retrieved 51 total records
2025-05-30 20:48:25,391 - PendingVehiclesPanel - INFO - Found 0 pending records
2025-05-30 20:48:25,393 - PendingVehiclesPanel - INFO - Successfully refreshed pending list with 0 items
2025-05-30 20:49:25,400 - PendingVehiclesPanel - INFO - Refreshing pending vehicles list
2025-05-30 20:49:25,404 - DataManager - INFO - Successfully loaded 51 records from data\Tharuni_Guntur_data.csv
2025-05-30 20:49:25,405 - PendingVehiclesPanel - INFO - Retrieved 51 total records
2025-05-30 20:49:25,406 - PendingVehiclesPanel - INFO - Found 0 pending records
2025-05-30 20:49:25,407 - PendingVehiclesPanel - INFO - Successfully refreshed pending list with 0 items
2025-05-30 20:50:25,408 - PendingVehiclesPanel - INFO - Refreshing pending vehicles list
2025-05-30 20:50:25,410 - DataManager - INFO - Successfully loaded 51 records from data\Tharuni_Guntur_data.csv
2025-05-30 20:50:25,410 - PendingVehiclesPanel - INFO - Retrieved 51 total records
2025-05-30 20:50:25,411 - PendingVehiclesPanel - INFO - Found 0 pending records
2025-05-30 20:50:25,411 - PendingVehiclesPanel - INFO - Successfully refreshed pending list with 0 items
2025-05-30 20:51:25,412 - PendingVehiclesPanel - INFO - Refreshing pending vehicles list
2025-05-30 20:51:25,414 - DataManager - INFO - Successfully loaded 51 records from data\Tharuni_Guntur_data.csv
2025-05-30 20:51:25,414 - PendingVehiclesPanel - INFO - Retrieved 51 total records
2025-05-30 20:51:25,414 - PendingVehiclesPanel - INFO - Found 0 pending records
2025-05-30 20:51:25,415 - PendingVehiclesPanel - INFO - Successfully refreshed pending list with 0 items
2025-05-30 20:52:25,425 - PendingVehiclesPanel - INFO - Refreshing pending vehicles list
2025-05-30 20:52:25,427 - DataManager - INFO - Successfully loaded 51 records from data\Tharuni_Guntur_data.csv
2025-05-30 20:52:25,427 - PendingVehiclesPanel - INFO - Retrieved 51 total records
2025-05-30 20:52:25,427 - PendingVehiclesPanel - INFO - Found 0 pending records
2025-05-30 20:52:25,428 - PendingVehiclesPanel - INFO - Successfully refreshed pending list with 0 items
2025-05-30 20:53:25,440 - PendingVehiclesPanel - INFO - Refreshing pending vehicles list
2025-05-30 20:53:25,443 - DataManager - INFO - Successfully loaded 51 records from data\Tharuni_Guntur_data.csv
2025-05-30 20:53:25,444 - PendingVehiclesPanel - INFO - Retrieved 51 total records
2025-05-30 20:53:25,445 - PendingVehiclesPanel - INFO - Found 0 pending records
2025-05-30 20:53:25,447 - PendingVehiclesPanel - INFO - Successfully refreshed pending list with 0 items
2025-05-30 20:54:25,461 - PendingVehiclesPanel - INFO - Refreshing pending vehicles list
2025-05-30 20:54:25,464 - DataManager - INFO - Successfully loaded 51 records from data\Tharuni_Guntur_data.csv
2025-05-30 20:54:25,465 - PendingVehiclesPanel - INFO - Retrieved 51 total records
2025-05-30 20:54:25,466 - PendingVehiclesPanel - INFO - Found 0 pending records
2025-05-30 20:54:25,468 - PendingVehiclesPanel - INFO - Successfully refreshed pending list with 0 items
2025-05-30 20:55:25,472 - PendingVehiclesPanel - INFO - Refreshing pending vehicles list
2025-05-30 20:55:25,473 - DataManager - INFO - Successfully loaded 51 records from data\Tharuni_Guntur_data.csv
2025-05-30 20:55:25,474 - PendingVehiclesPanel - INFO - Retrieved 51 total records
2025-05-30 20:55:25,474 - PendingVehiclesPanel - INFO - Found 0 pending records
2025-05-30 20:55:25,475 - PendingVehiclesPanel - INFO - Successfully refreshed pending list with 0 items
2025-05-30 20:56:25,484 - PendingVehiclesPanel - INFO - Refreshing pending vehicles list
2025-05-30 20:56:25,488 - DataManager - INFO - Successfully loaded 51 records from data\Tharuni_Guntur_data.csv
2025-05-30 20:56:25,489 - PendingVehiclesPanel - INFO - Retrieved 51 total records
2025-05-30 20:56:25,490 - PendingVehiclesPanel - INFO - Found 0 pending records
2025-05-30 20:56:25,491 - PendingVehiclesPanel - INFO - Successfully refreshed pending list with 0 items
2025-05-30 20:57:25,494 - PendingVehiclesPanel - INFO - Refreshing pending vehicles list
2025-05-30 20:57:25,498 - DataManager - INFO - Successfully loaded 51 records from data\Tharuni_Guntur_data.csv
2025-05-30 20:57:25,499 - PendingVehiclesPanel - INFO - Retrieved 51 total records
2025-05-30 20:57:25,500 - PendingVehiclesPanel - INFO - Found 0 pending records
2025-05-30 20:57:25,501 - PendingVehiclesPanel - INFO - Successfully refreshed pending list with 0 items
2025-05-30 20:58:25,512 - PendingVehiclesPanel - INFO - Refreshing pending vehicles list
2025-05-30 20:58:25,515 - DataManager - INFO - Successfully loaded 51 records from data\Tharuni_Guntur_data.csv
2025-05-30 20:58:25,516 - PendingVehiclesPanel - INFO - Retrieved 51 total records
2025-05-30 20:58:25,518 - PendingVehiclesPanel - INFO - Found 0 pending records
2025-05-30 20:58:25,519 - PendingVehiclesPanel - INFO - Successfully refreshed pending list with 0 items
2025-05-30 20:59:25,523 - PendingVehiclesPanel - INFO - Refreshing pending vehicles list
2025-05-30 20:59:25,524 - DataManager - INFO - Successfully loaded 51 records from data\Tharuni_Guntur_data.csv
2025-05-30 20:59:25,524 - PendingVehiclesPanel - INFO - Retrieved 51 total records
2025-05-30 20:59:25,525 - PendingVehiclesPanel - INFO - Found 0 pending records
2025-05-30 20:59:25,525 - PendingVehiclesPanel - INFO - Successfully refreshed pending list with 0 items
2025-05-30 21:00:25,535 - PendingVehiclesPanel - INFO - Refreshing pending vehicles list
2025-05-30 21:00:25,550 - DataManager - INFO - Successfully loaded 51 records from data\Tharuni_Guntur_data.csv
2025-05-30 21:00:25,551 - PendingVehiclesPanel - INFO - Retrieved 51 total records
2025-05-30 21:00:25,551 - PendingVehiclesPanel - INFO - Found 0 pending records
2025-05-30 21:00:25,551 - PendingVehiclesPanel - INFO - Successfully refreshed pending list with 0 items
2025-05-30 21:01:25,557 - PendingVehiclesPanel - INFO - Refreshing pending vehicles list
2025-05-30 21:01:25,560 - DataManager - INFO - Successfully loaded 51 records from data\Tharuni_Guntur_data.csv
2025-05-30 21:01:25,560 - PendingVehiclesPanel - INFO - Retrieved 51 total records
2025-05-30 21:01:25,561 - PendingVehiclesPanel - INFO - Found 0 pending records
2025-05-30 21:01:25,562 - PendingVehiclesPanel - INFO - Successfully refreshed pending list with 0 items
2025-05-30 21:01:57,239 - DataManager - INFO - Found 49 JSON backup files for bulk upload
2025-05-30 21:01:57,641 - DataManager - INFO - Uploaded JSON backup: T0002_Tharuni_Guntur_211239.json
2025-05-30 21:01:57,943 - DataManager - INFO - Uploaded JSON backup: T0003_Tharuni_Guntur_212042.json
2025-05-30 21:01:58,209 - DataManager - INFO - Uploaded JSON backup: T0004_Tharuni_Guntur_214248.json
2025-05-30 21:01:58,470 - DataManager - INFO - Uploaded JSON backup: T0005_Tharuni_Guntur_214703.json
2025-05-30 21:01:58,722 - DataManager - INFO - Uploaded JSON backup: T0006_Tharuni_Guntur_215228.json
2025-05-30 21:01:58,966 - DataManager - INFO - Uploaded JSON backup: T0007_Tharuni_Guntur_220413.json
2025-05-30 21:01:59,232 - DataManager - INFO - Uploaded JSON backup: T0008_Tharuni_Guntur_221138.json
2025-05-30 21:01:59,837 - DataManager - INFO - Uploaded JSON backup: T0009_Tharuni_Guntur_221746.json
2025-05-30 21:02:00,459 - DataManager - INFO - Uploaded JSON backup: T0010_Tharuni_Guntur_222608.json
2025-05-30 21:02:01,079 - DataManager - INFO - Uploaded JSON backup: T0011_Tharuni_Guntur_230418.json
2025-05-30 21:02:01,694 - DataManager - INFO - Uploaded JSON backup: T0012_Tharuni_Guntur_232426.json
2025-05-30 21:02:02,669 - DataManager - INFO - Uploaded JSON backup: T0013_Tharuni_Guntur_232629.json
2025-05-30 21:02:03,662 - DataManager - INFO - Uploaded JSON backup: T0014_Tharuni_Guntur_233046.json
2025-05-30 21:02:04,653 - DataManager - INFO - Uploaded JSON backup: T0015_Tharuni_Guntur_233500.json
2025-05-30 21:02:04,905 - DataManager - INFO - Uploaded JSON backup: T0016_Tharuni_Guntur_233910.json
2025-05-30 21:02:05,173 - DataManager - INFO - Uploaded JSON backup: T0017_Tharuni_Guntur_234531.json
2025-05-30 21:02:05,795 - DataManager - INFO - Uploaded JSON backup: T0018_Tharuni_Guntur_235358.json
2025-05-30 21:02:06,058 - DataManager - INFO - Uploaded JSON backup: T0019_Tharuni_Guntur_235500.json
2025-05-30 21:02:06,310 - DataManager - INFO - Uploaded JSON backup: T0020_Tharuni_Guntur_235617.json
2025-05-30 21:02:06,576 - DataManager - INFO - Uploaded JSON backup: T0021_Tharuni_Guntur_000306.json
2025-05-30 21:02:06,828 - DataManager - INFO - Uploaded JSON backup: T0022_Tharuni_Guntur_000513.json
2025-05-30 21:02:07,077 - DataManager - INFO - Uploaded JSON backup: T0023_Tharuni_Guntur_001027.json
2025-05-30 21:02:07,653 - DataManager - INFO - Uploaded JSON backup: T0024_Tharuni_Guntur_001251.json
2025-05-30 21:02:08,259 - DataManager - INFO - Uploaded JSON backup: T0025_Tharuni_Guntur_001643.json
2025-05-30 21:02:08,863 - DataManager - INFO - Uploaded JSON backup: T0026_Tharuni_Guntur_001921.json
2025-05-30 21:02:09,104 - DataManager - INFO - Uploaded JSON backup: T0027_Tharuni_Guntur_012944.json
2025-05-30 21:02:09,984 - DataManager - INFO - Uploaded JSON backup: T0028_Tharuni_Guntur_055441.json
2025-05-30 21:02:10,894 - DataManager - INFO - Uploaded JSON backup: T0029_Tharuni_Guntur_060421.json
2025-05-30 21:02:11,851 - DataManager - INFO - Uploaded JSON backup: T0030_Tharuni_Guntur_060643.json
2025-05-30 21:02:12,729 - DataManager - INFO - Uploaded JSON backup: T0031_Tharuni_Guntur_060810.json
2025-05-30 21:02:13,623 - DataManager - INFO - Uploaded JSON backup: T0032_Tharuni_Guntur_061021.json
2025-05-30 21:02:14,510 - DataManager - INFO - Uploaded JSON backup: T0033_Tharuni_Guntur_061236.json
2025-05-30 21:02:15,387 - DataManager - INFO - Uploaded JSON backup: T0034_Tharuni_Guntur_062057.json
2025-05-30 21:02:16,263 - DataManager - INFO - Uploaded JSON backup: T0035_Tharuni_Guntur_062248.json
2025-05-30 21:02:17,183 - DataManager - INFO - Uploaded JSON backup: T0036_Tharuni_Guntur_062818.json
2025-05-30 21:02:17,739 - DataManager - INFO - Uploaded JSON backup: T0037_Tharuni_Guntur_062952.json
2025-05-30 21:02:18,606 - DataManager - INFO - Uploaded JSON backup: T0038_Tharuni_Guntur_063402.json
2025-05-30 21:02:19,504 - DataManager - INFO - Uploaded JSON backup: T0039_Tharuni_Guntur_063853.json
2025-05-30 21:02:20,377 - DataManager - INFO - Uploaded JSON backup: T0040_Tharuni_Guntur_065731.json
2025-05-30 21:02:21,217 - DataManager - INFO - Uploaded JSON backup: T0041_Tharuni_Guntur_070323.json
2025-05-30 21:02:22,080 - DataManager - INFO - Uploaded JSON backup: T0042_Tharuni_Guntur_191017.json
2025-05-30 21:02:22,889 - DataManager - INFO - Uploaded JSON backup: T0043_Tharuni_Guntur_192238.json
2025-05-30 21:02:23,688 - DataManager - INFO - Uploaded JSON backup: T0044_Tharuni_Guntur_192552.json
2025-05-30 21:02:24,502 - DataManager - INFO - Uploaded JSON backup: T0045_Tharuni_Guntur_193508.json
2025-05-30 21:02:25,307 - DataManager - INFO - Uploaded JSON backup: T0046_Tharuni_Guntur_194822.json
2025-05-30 21:02:25,845 - DataManager - INFO - Uploaded JSON backup: T0047_Tharuni_Guntur_200057.json
2025-05-30 21:02:26,673 - DataManager - INFO - Uploaded JSON backup: T0048_Tharuni_Guntur_201650.json
2025-05-30 21:02:27,512 - DataManager - INFO - Uploaded JSON backup: T0049_Tharuni_Guntur_202559.json
2025-05-30 21:02:28,346 - DataManager - INFO - Uploaded JSON backup: T0050_Tharuni_Guntur_203256.json
2025-05-30 21:02:28,352 - PendingVehiclesPanel - INFO - Refreshing pending vehicles list
2025-05-30 21:02:28,353 - DataManager - INFO - Successfully loaded 51 records from data\Tharuni_Guntur_data.csv
2025-05-30 21:02:28,353 - PendingVehiclesPanel - INFO - Retrieved 51 total records
2025-05-30 21:02:28,353 - PendingVehiclesPanel - INFO - Found 0 pending records
2025-05-30 21:02:28,354 - PendingVehiclesPanel - INFO - Successfully refreshed pending list with 0 items
2025-05-30 21:03:28,362 - PendingVehiclesPanel - INFO - Refreshing pending vehicles list
2025-05-30 21:03:28,365 - DataManager - INFO - Successfully loaded 51 records from data\Tharuni_Guntur_data.csv
2025-05-30 21:03:28,367 - PendingVehiclesPanel - INFO - Retrieved 51 total records
2025-05-30 21:03:28,368 - PendingVehiclesPanel - INFO - Found 0 pending records
2025-05-30 21:03:28,369 - PendingVehiclesPanel - INFO - Successfully refreshed pending list with 0 items
2025-05-30 21:04:28,371 - PendingVehiclesPanel - INFO - Refreshing pending vehicles list
2025-05-30 21:04:28,375 - DataManager - INFO - Successfully loaded 51 records from data\Tharuni_Guntur_data.csv
2025-05-30 21:04:28,376 - PendingVehiclesPanel - INFO - Retrieved 51 total records
2025-05-30 21:04:28,377 - PendingVehiclesPanel - INFO - Found 0 pending records
2025-05-30 21:04:28,378 - PendingVehiclesPanel - INFO - Successfully refreshed pending list with 0 items
2025-05-30 21:05:28,390 - PendingVehiclesPanel - INFO - Refreshing pending vehicles list
2025-05-30 21:05:28,394 - DataManager - INFO - Successfully loaded 51 records from data\Tharuni_Guntur_data.csv
2025-05-30 21:05:28,395 - PendingVehiclesPanel - INFO - Retrieved 51 total records
2025-05-30 21:05:28,396 - PendingVehiclesPanel - INFO - Found 0 pending records
2025-05-30 21:05:28,396 - PendingVehiclesPanel - INFO - Successfully refreshed pending list with 0 items
2025-05-30 21:06:17,730 - DataManager - INFO - Found 49 JSON backup files for bulk upload
2025-05-30 21:06:28,425 - TharuniApp - INFO - ============================================================
2025-05-30 21:06:28,425 - TharuniApp - INFO - APPLICATION STARTUP
2025-05-30 21:06:28,426 - TharuniApp - INFO - ============================================================
2025-05-30 21:06:28,431 - TharuniApp - INFO - Configuration setup completed
2025-05-30 21:06:28,432 - DataManager - INFO - DataManager initialized with OFFLINE-FIRST approach + JSON local storage
2025-05-30 21:06:28,440 - DataManager - INFO - CSV structure is up to date
2025-05-30 21:06:28,440 - DataManager - INFO - Daily PDF folder structure ready:
2025-05-30 21:06:28,441 - DataManager - INFO -   Base reports folder: data\reports
2025-05-30 21:06:28,441 - DataManager - INFO -   Today's folder: data\reports\2025-05-30
2025-05-30 21:06:28,442 - DataManager - INFO - Data file: data\weighbridge_data.csv
2025-05-30 21:06:28,443 - DataManager - INFO - Reports folder: data\reports
2025-05-30 21:06:28,443 - DataManager - INFO - JSON backup folder: data\json_backups
2025-05-30 21:06:28,443 - DataManager - INFO - PDF folder: data\reports\2025-05-30
2025-05-30 21:06:28,443 - DataManager - INFO - Cloud storage will only be initialized when backup is requested
2025-05-30 21:06:28,444 - TharuniApp - INFO - Data manager initialized
2025-05-30 21:06:28,447 - TharuniApp - INFO - Settings storage initialized
2025-05-30 21:06:28,450 - TharuniApp - INFO - UI styles initialized
2025-05-30 21:06:28,451 - TharuniApp - INFO - Starting user authentication
2025-05-30 21:06:30,896 - TharuniApp - INFO - Authentication successful: admin
2025-05-30 21:06:30,897 - TharuniApp - INFO - User logged in: admin (Role: admin)
2025-05-30 21:06:30,897 - TharuniApp - INFO - Setting up data context
2025-05-30 21:06:30,899 - DataManager - INFO - CSV structure is up to date
2025-05-30 21:06:30,899 - DataManager - INFO - Data context set to: Agency='Tharuni', Site='Guntur'
2025-05-30 21:06:30,900 - DataManager - INFO - Data file: data\Tharuni_Guntur_data.csv
2025-05-30 21:06:30,900 - TharuniApp - INFO - Data context initialized: Agency='Tharuni', Site='Guntur'
2025-05-30 21:06:30,901 - TharuniApp - INFO - Data will be saved to: data\Tharuni_Guntur_data.csv
2025-05-30 21:06:30,901 - TharuniApp - INFO - PDFs will be saved to: data\reports\2025-05-30
2025-05-30 21:06:30,901 - TharuniApp - INFO - Creating application widgets
2025-05-30 21:06:30,913 - TharuniApp - INFO - Creating main panel
2025-05-30 21:06:30,920 - FormValidator - INFO - FormValidator initialized
2025-05-30 21:06:30,926 - DataManager - INFO - Successfully loaded 51 records from data\Tharuni_Guntur_data.csv
2025-05-30 21:06:32,050 - DataManager - INFO - Successfully loaded 51 records from data\Tharuni_Guntur_data.csv
2025-05-30 21:06:32,050 - TharuniApp - INFO - Main form created
2025-05-30 21:06:32,052 - DataManager - INFO - CSV structure is up to date
2025-05-30 21:06:32,052 - DataManager - INFO - Data context set to: Agency='Tharuni', Site='Guntur'
2025-05-30 21:06:32,053 - DataManager - INFO - Data file: data\Tharuni_Guntur_data.csv
2025-05-30 21:06:32,053 - DataManager - INFO - CSV structure is up to date
2025-05-30 21:06:32,054 - DataManager - INFO - Data context set to: Agency='Tharuni', Site='Guntur'
2025-05-30 21:06:32,054 - DataManager - INFO - Data file: data\Tharuni_Guntur_data.csv
2025-05-30 21:06:32,054 - DataManager - INFO - CSV structure is up to date
2025-05-30 21:06:32,055 - DataManager - INFO - Data context set to: Agency='Tharuni', Site='Guntur'
2025-05-30 21:06:32,055 - DataManager - INFO - Data file: data\Tharuni_Guntur_data.csv
2025-05-30 21:06:32,055 - PendingVehiclesPanel - INFO - PendingVehiclesPanel initialized
2025-05-30 21:06:32,058 - PendingVehiclesPanel - INFO - Refreshing pending vehicles list
2025-05-30 21:06:32,059 - DataManager - INFO - Successfully loaded 51 records from data\Tharuni_Guntur_data.csv
2025-05-30 21:06:32,060 - PendingVehiclesPanel - INFO - Retrieved 51 total records
2025-05-30 21:06:32,060 - PendingVehiclesPanel - INFO - Found 0 pending records
2025-05-30 21:06:32,060 - PendingVehiclesPanel - INFO - Successfully refreshed pending list with 0 items
2025-05-30 21:06:32,061 - TharuniApp - INFO - Pending vehicles panel created
2025-05-30 21:06:32,255 - TharuniApp - INFO - Main panel creation completed
2025-05-30 21:06:32,262 - TharuniApp - INFO - Summary panel created
2025-05-30 21:06:32,423 - TharuniApp - INFO - ✅ Data manager reference set in settings panel
2025-05-30 21:06:32,423 - TharuniApp - INFO - Widget creation completed successfully
2025-05-30 21:06:32,424 - PendingVehiclesPanel - INFO - Refreshing pending vehicles list
2025-05-30 21:06:32,424 - DataManager - INFO - Successfully loaded 51 records from data\Tharuni_Guntur_data.csv
2025-05-30 21:06:32,425 - PendingVehiclesPanel - INFO - Retrieved 51 total records
2025-05-30 21:06:32,425 - PendingVehiclesPanel - INFO - Found 0 pending records
2025-05-30 21:06:32,425 - PendingVehiclesPanel - INFO - Successfully refreshed pending list with 0 items
2025-05-30 21:06:32,426 - DataManager - INFO - Created new daily folder: data\reports\30-05
2025-05-30 21:06:32,426 - TharuniApp - INFO - Application initialization completed successfully
2025-05-30 21:06:33,433 - TharuniApp - INFO - Ensuring settings persistence...
2025-05-30 21:06:33,436 - TharuniApp - INFO - Settings persistence check completed
2025-05-30 21:06:35,277 - DataManager - INFO - Successfully loaded 51 records from data\Tharuni_Guntur_data.csv
2025-05-30 21:06:35,304 - DataManager - INFO - Successfully loaded 51 records from data\Tharuni_Guntur_data.csv
2025-05-30 21:06:35,305 - DataManager - INFO - Successfully loaded 51 records from data\Tharuni_Guntur_data.csv
2025-05-30 21:06:36,100 - DataManager - INFO - Successfully loaded 51 records from data\Tharuni_Guntur_data.csv
2025-05-30 21:06:36,102 - DataManager - INFO - Successfully loaded 51 records from data\Tharuni_Guntur_data.csv
2025-05-30 21:06:37,927 - DataManager - INFO - Successfully loaded 51 records from data\Tharuni_Guntur_data.csv
2025-05-30 21:06:37,929 - DataManager - INFO - Successfully loaded 51 records from data\Tharuni_Guntur_data.csv
2025-05-30 21:06:39,290 - DataManager - INFO - Successfully loaded 51 records from data\Tharuni_Guntur_data.csv
2025-05-30 21:06:39,291 - DataManager - INFO - Successfully loaded 51 records from data\Tharuni_Guntur_data.csv
2025-05-30 21:06:46,001 - FormValidator - INFO - Vehicle validation passed: AP39V6553
2025-05-30 21:06:47,414 - DataManager - INFO - Successfully loaded 51 records from data\Tharuni_Guntur_data.csv
2025-05-30 21:06:47,415 - DataManager - INFO - Successfully loaded 51 records from data\Tharuni_Guntur_data.csv
2025-05-30 21:06:48,188 - TharuniApp - INFO - ==================================================
2025-05-30 21:06:48,188 - TharuniApp - INFO - SAVE RECORD OPERATION STARTED
2025-05-30 21:06:48,189 - FormValidator - INFO - Starting comprehensive form validation
2025-05-30 21:06:48,189 - FormValidator - INFO - Validating basic fields
2025-05-30 21:06:48,190 - FormValidator - INFO - Field values: ticket='T0051', vehicle='AP39V6553', agency='Tharuni'
2025-05-30 21:06:48,190 - FormValidator - INFO - Basic validation passed
2025-05-30 21:06:48,191 - FormValidator - INFO - Validating weighment data
2025-05-30 21:06:48,192 - FormValidator - INFO - Weighment data: first_weight='30860.00', first_timestamp='30-05-2025 21:06:36', second_weight='12830.00', second_timestamp='30-05-2025 21:06:38'
2025-05-30 21:06:48,192 - FormValidator - INFO - Weighment validation passed
2025-05-30 21:06:48,193 - FormValidator - INFO - Validating images for second weighment
2025-05-30 21:06:48,194 - FormValidator - INFO - Images validation for second: front=True, back=False
2025-05-30 21:06:48,194 - FormValidator - INFO - Form validation passed successfully
2025-05-30 21:06:48,197 - TharuniApp - INFO - Saving record for ticket: T0051
2025-05-30 21:06:48,198 - TharuniApp - INFO - Form data keys: ['date', 'time', 'site_name', 'agency_name', 'material', 'ticket_no', 'vehicle_no', 'transfer_party_name', 'first_weight', 'first_timestamp', 'second_weight', 'second_timestamp', 'net_weight', 'material_type', 'first_front_image', 'first_back_image', 'second_front_image', 'second_back_image', 'site_incharge', 'user_name']
2025-05-30 21:06:48,199 - TharuniApp - INFO - Record is complete: True
2025-05-30 21:06:48,199 - TharuniApp - INFO - Calling data_manager.save_record for T0051
2025-05-30 21:06:48,200 - DataManager - INFO - ==================================================
2025-05-30 21:06:48,201 - DataManager - INFO - STARTING OFFLINE-FIRST RECORD SAVE WITH JSON BACKUP
2025-05-30 21:06:48,201 - DataManager - INFO - Input data keys: ['date', 'time', 'site_name', 'agency_name', 'material', 'ticket_no', 'vehicle_no', 'transfer_party_name', 'first_weight', 'first_timestamp', 'second_weight', 'second_timestamp', 'net_weight', 'material_type', 'first_front_image', 'first_back_image', 'second_front_image', 'second_back_image', 'site_incharge', 'user_name']
2025-05-30 21:06:48,202 - DataManager - INFO - Net weight calculated: 30860.0 - 12830.0 = 18030.00
2025-05-30 21:06:48,202 - DataManager - INFO - Using data file: data\Tharuni_Guntur_data.csv
2025-05-30 21:06:48,204 - DataManager - INFO - Successfully loaded 51 records from data\Tharuni_Guntur_data.csv
2025-05-30 21:06:48,205 - DataManager - INFO - Filtered 51 records to 0 using filter: 't0051'
2025-05-30 21:06:48,205 - DataManager - INFO - Adding new record: T0051
2025-05-30 21:06:48,206 - DataManager - INFO - Adding new record to CSV
2025-05-30 21:06:48,206 - DataManager - INFO - Record data: ['30-05-2025', '21:06:48', 'Guntur', 'Tharuni', 'Inert', 'T0051', 'AP39V6553', 'Jindal', '30860.00', '30-05-2025 21:06:36', '12830.00', '30-05-2025 21:06:38', '18030.00', 'Inert', '', '', 'Guntur_AP39V6553_20250530_210646_2nd_front.jpg', '', '', 'admin']
2025-05-30 21:06:48,208 - DataManager - INFO - ✅ New record added to data\Tharuni_Guntur_data.csv
2025-05-30 21:06:48,209 - DataManager - INFO - ✅ Record T0051 saved to local CSV successfully
2025-05-30 21:06:48,209 - DataManager - INFO - Record completion status: True
2025-05-30 21:06:48,210 - DataManager - INFO - Complete record detected - saving JSON backup locally...
2025-05-30 21:06:48,211 - DataManager - INFO - Created new daily JSON folder: data\json_backups\2025-05-30
2025-05-30 21:06:48,215 - DataManager - INFO - JSON backup saved: data\json_backups\2025-05-30\T0051_Tharuni_Guntur_210648.json
2025-05-30 21:06:48,215 - DataManager - INFO - ✅ JSON backup saved locally for T0051
2025-05-30 21:06:48,216 - DataManager - INFO - Complete record detected for ticket T0051 - generating PDF locally...
2025-05-30 21:06:48,217 - DataManager - INFO - Today's reports folder ensured: data\reports\2025-05-30
2025-05-30 21:06:48,217 - DataManager - INFO - Reports will be saved to: data\reports\2025-05-30
2025-05-30 21:06:48,218 - DataManager - INFO - Today's reports folder ensured: data\reports\2025-05-30
2025-05-30 21:06:48,221 - DataManager - INFO - SIMPLE TEST - Net display: '18030.00 kg'
2025-05-30 21:06:48,233 - DataManager - WARNING - Watermark error: cannot access local variable 'site' where it is not associated with a value, using image without watermark
2025-05-30 21:06:48,244 - DataManager - INFO - Building PDF document: data\reports\2025-05-30\Tharuni_Guntur_T0051_AP39V6553_210648.pdf
2025-05-30 21:06:48,269 - DataManager - INFO - PDF created successfully: data\reports\2025-05-30\Tharuni_Guntur_T0051_AP39V6553_210648.pdf (48976 bytes)
2025-05-30 21:06:48,269 - DataManager - INFO - Auto-generated PDF: data\reports\2025-05-30\Tharuni_Guntur_T0051_AP39V6553_210648.pdf
2025-05-30 21:06:48,269 - DataManager - INFO - PDF saved to today's reports folder: data\reports\2025-05-30
2025-05-30 21:06:48,270 - DataManager - INFO - ✅ PDF auto-generated locally: data\reports\2025-05-30\Tharuni_Guntur_T0051_AP39V6553_210648.pdf
2025-05-30 21:06:50,626 - DataManager - INFO - Successfully loaded 52 records from data\Tharuni_Guntur_data.csv
2025-05-30 21:06:50,629 - DataManager - INFO - Successfully loaded 52 records from data\Tharuni_Guntur_data.csv
2025-05-30 21:06:50,634 - DataManager - INFO - ✅ OFFLINE-FIRST SAVE COMPLETED - Local CSV, JSON backup, and PDF generated
2025-05-30 21:06:50,634 - DataManager - INFO - 📂 PDF saved to today's reports folder: data\reports\2025-05-30
2025-05-30 21:06:50,634 - DataManager - INFO - 💡 Cloud backup available via Settings > Cloud Storage > Backup
2025-05-30 21:06:50,635 - DataManager - INFO - ==================================================
2025-05-30 21:06:50,635 - TharuniApp - INFO - ✅ Record T0051 saved successfully
2025-05-30 21:06:50,640 - TharuniApp - INFO - ✅ Ticket T0051 completed - counter incremented
2025-05-30 21:06:50,640 - TharuniApp - INFO - Removing T0051 from pending vehicles list
2025-05-30 21:06:50,641 - PendingVehiclesPanel - INFO - Attempting to remove ticket T0051 from pending list
2025-05-30 21:06:50,641 - PendingVehiclesPanel - WARNING - Ticket T0051 not found in pending list for removal
2025-05-30 21:06:50,641 - PendingVehiclesPanel - INFO - Refreshing pending vehicles list
2025-05-30 21:06:50,643 - DataManager - INFO - Successfully loaded 52 records from data\Tharuni_Guntur_data.csv
2025-05-30 21:06:50,643 - PendingVehiclesPanel - INFO - Retrieved 52 total records
2025-05-30 21:06:50,644 - PendingVehiclesPanel - INFO - Found 0 pending records
2025-05-30 21:06:50,644 - PendingVehiclesPanel - INFO - Successfully refreshed pending list with 0 items
2025-05-30 21:06:50,936 - TharuniApp - INFO - ✅ Complete record processing finished for T0051
2025-05-30 21:06:50,937 - DataManager - INFO - Successfully loaded 52 records from data\Tharuni_Guntur_data.csv
2025-05-30 21:06:50,937 - DataManager - INFO - Returning all 52 records (no filter)
2025-05-30 21:06:50,938 - PendingVehiclesPanel - INFO - Refreshing pending vehicles list
2025-05-30 21:06:50,939 - DataManager - INFO - Successfully loaded 52 records from data\Tharuni_Guntur_data.csv
2025-05-30 21:06:50,940 - PendingVehiclesPanel - INFO - Retrieved 52 total records
2025-05-30 21:06:50,940 - PendingVehiclesPanel - INFO - Found 0 pending records
2025-05-30 21:06:50,940 - PendingVehiclesPanel - INFO - Successfully refreshed pending list with 0 items
2025-05-30 21:06:50,941 - TharuniApp - INFO - SAVE RECORD OPERATION COMPLETED SUCCESSFULLY
2025-05-30 21:06:50,941 - TharuniApp - INFO - ==================================================
2025-05-30 21:07:02,212 - DataManager - INFO - Cloud storage initialized on demand
2025-05-30 21:07:02,216 - DataManager - INFO - Found 50 JSON backup files for bulk upload
2025-05-30 21:07:02,544 - DataManager - INFO - Uploaded JSON backup: T0002_Tharuni_Guntur_211239.json
2025-05-30 21:07:02,809 - DataManager - INFO - Uploaded JSON backup: T0003_Tharuni_Guntur_212042.json
2025-05-30 21:07:03,085 - DataManager - INFO - Uploaded JSON backup: T0004_Tharuni_Guntur_214248.json
2025-05-30 21:07:03,357 - DataManager - INFO - Uploaded JSON backup: T0005_Tharuni_Guntur_214703.json
2025-05-30 21:07:03,628 - DataManager - INFO - Uploaded JSON backup: T0006_Tharuni_Guntur_215228.json
2025-05-30 21:07:03,893 - DataManager - INFO - Uploaded JSON backup: T0007_Tharuni_Guntur_220413.json
2025-05-30 21:07:04,155 - DataManager - INFO - Uploaded JSON backup: T0008_Tharuni_Guntur_221138.json
2025-05-30 21:07:04,807 - DataManager - INFO - Uploaded JSON backup: T0009_Tharuni_Guntur_221746.json
2025-05-30 21:07:05,431 - DataManager - INFO - Uploaded JSON backup: T0010_Tharuni_Guntur_222608.json
2025-05-30 21:07:06,077 - DataManager - INFO - Uploaded JSON backup: T0011_Tharuni_Guntur_230418.json
2025-05-30 21:07:06,705 - DataManager - INFO - Uploaded JSON backup: T0012_Tharuni_Guntur_232426.json
2025-05-30 21:07:07,679 - DataManager - INFO - Uploaded JSON backup: T0013_Tharuni_Guntur_232629.json
2025-05-30 21:07:08,659 - DataManager - INFO - Uploaded JSON backup: T0014_Tharuni_Guntur_233046.json
2025-05-30 21:07:09,651 - DataManager - INFO - Uploaded JSON backup: T0015_Tharuni_Guntur_233500.json
2025-05-30 21:07:09,906 - DataManager - INFO - Uploaded JSON backup: T0016_Tharuni_Guntur_233910.json
2025-05-30 21:07:10,183 - DataManager - INFO - Uploaded JSON backup: T0017_Tharuni_Guntur_234531.json
2025-05-30 21:07:10,810 - DataManager - INFO - Uploaded JSON backup: T0018_Tharuni_Guntur_235358.json
2025-05-30 21:07:11,077 - DataManager - INFO - Uploaded JSON backup: T0019_Tharuni_Guntur_235500.json
2025-05-30 21:07:11,336 - DataManager - INFO - Uploaded JSON backup: T0020_Tharuni_Guntur_235617.json
2025-05-30 21:07:11,594 - DataManager - INFO - Uploaded JSON backup: T0021_Tharuni_Guntur_000306.json
2025-05-30 21:07:11,867 - DataManager - INFO - Uploaded JSON backup: T0022_Tharuni_Guntur_000513.json
2025-05-30 21:07:12,129 - DataManager - INFO - Uploaded JSON backup: T0023_Tharuni_Guntur_001027.json
2025-05-30 21:07:12,739 - DataManager - INFO - Uploaded JSON backup: T0024_Tharuni_Guntur_001251.json
2025-05-30 21:07:13,306 - DataManager - INFO - Uploaded JSON backup: T0025_Tharuni_Guntur_001643.json
2025-05-30 21:07:13,913 - DataManager - INFO - Uploaded JSON backup: T0026_Tharuni_Guntur_001921.json
2025-05-30 21:07:14,171 - DataManager - INFO - Uploaded JSON backup: T0027_Tharuni_Guntur_012944.json
2025-05-30 21:07:15,091 - DataManager - INFO - Uploaded JSON backup: T0028_Tharuni_Guntur_055441.json
2025-05-30 21:07:16,051 - DataManager - INFO - Uploaded JSON backup: T0029_Tharuni_Guntur_060421.json
2025-05-30 21:07:16,970 - DataManager - INFO - Uploaded JSON backup: T0030_Tharuni_Guntur_060643.json
2025-05-30 21:07:17,838 - DataManager - INFO - Uploaded JSON backup: T0031_Tharuni_Guntur_060810.json
2025-05-30 21:07:18,763 - DataManager - INFO - Uploaded JSON backup: T0032_Tharuni_Guntur_061021.json
2025-05-30 21:07:19,703 - DataManager - INFO - Uploaded JSON backup: T0033_Tharuni_Guntur_061236.json
2025-05-30 21:07:20,624 - DataManager - INFO - Uploaded JSON backup: T0034_Tharuni_Guntur_062057.json
2025-05-30 21:07:21,540 - DataManager - INFO - Uploaded JSON backup: T0035_Tharuni_Guntur_062248.json
2025-05-30 21:07:22,430 - DataManager - INFO - Uploaded JSON backup: T0036_Tharuni_Guntur_062818.json
2025-05-30 21:07:23,059 - DataManager - INFO - Uploaded JSON backup: T0037_Tharuni_Guntur_062952.json
2025-05-30 21:07:23,926 - DataManager - INFO - Uploaded JSON backup: T0038_Tharuni_Guntur_063402.json
2025-05-30 21:07:24,847 - DataManager - INFO - Uploaded JSON backup: T0039_Tharuni_Guntur_063853.json
2025-05-30 21:07:25,770 - DataManager - INFO - Uploaded JSON backup: T0040_Tharuni_Guntur_065731.json
2025-05-30 21:07:26,628 - DataManager - INFO - Uploaded JSON backup: T0041_Tharuni_Guntur_070323.json
2025-05-30 21:07:27,481 - DataManager - INFO - Uploaded JSON backup: T0042_Tharuni_Guntur_191017.json
2025-05-30 21:07:28,325 - DataManager - INFO - Uploaded JSON backup: T0043_Tharuni_Guntur_192238.json
2025-05-30 21:07:29,165 - DataManager - INFO - Uploaded JSON backup: T0044_Tharuni_Guntur_192552.json
2025-05-30 21:07:30,017 - DataManager - INFO - Uploaded JSON backup: T0045_Tharuni_Guntur_193508.json
2025-05-30 21:07:30,850 - DataManager - INFO - Uploaded JSON backup: T0046_Tharuni_Guntur_194822.json
2025-05-30 21:07:31,405 - DataManager - INFO - Uploaded JSON backup: T0047_Tharuni_Guntur_200057.json
2025-05-30 21:07:32,273 - DataManager - INFO - Uploaded JSON backup: T0048_Tharuni_Guntur_201650.json
2025-05-30 21:07:33,087 - DataManager - INFO - Uploaded JSON backup: T0049_Tharuni_Guntur_202559.json
2025-05-30 21:07:33,946 - DataManager - INFO - Uploaded JSON backup: T0050_Tharuni_Guntur_203256.json
2025-05-30 21:07:34,479 - DataManager - INFO - Uploaded JSON backup: T0051_Tharuni_Guntur_210648.json
2025-05-30 21:07:34,481 - DataManager - INFO - Successfully loaded 52 records from data\Tharuni_Guntur_data.csv
2025-05-30 21:07:52,848 - PendingVehiclesPanel - INFO - Refreshing pending vehicles list
2025-05-30 21:07:52,849 - DataManager - INFO - Successfully loaded 52 records from data\Tharuni_Guntur_data.csv
2025-05-30 21:07:52,849 - PendingVehiclesPanel - INFO - Retrieved 52 total records
2025-05-30 21:07:52,850 - PendingVehiclesPanel - INFO - Found 0 pending records
2025-05-30 21:07:52,850 - PendingVehiclesPanel - INFO - Successfully refreshed pending list with 0 items
2025-05-30 21:07:52,851 - DataManager - INFO - Created new daily folder: data\reports\30-05
2025-05-30 21:08:52,860 - PendingVehiclesPanel - INFO - Refreshing pending vehicles list
2025-05-30 21:08:52,863 - DataManager - INFO - Successfully loaded 52 records from data\Tharuni_Guntur_data.csv
2025-05-30 21:08:52,864 - PendingVehiclesPanel - INFO - Retrieved 52 total records
2025-05-30 21:08:52,866 - PendingVehiclesPanel - INFO - Found 0 pending records
2025-05-30 21:08:52,867 - PendingVehiclesPanel - INFO - Successfully refreshed pending list with 0 items
2025-05-30 21:09:31,554 - DataManager - INFO - Found 50 JSON backup files for bulk upload
2025-05-30 21:09:52,869 - PendingVehiclesPanel - INFO - Refreshing pending vehicles list
2025-05-30 21:09:52,871 - DataManager - INFO - Successfully loaded 52 records from data\Tharuni_Guntur_data.csv
2025-05-30 21:09:52,872 - PendingVehiclesPanel - INFO - Retrieved 52 total records
2025-05-30 21:09:52,873 - PendingVehiclesPanel - INFO - Found 0 pending records
2025-05-30 21:09:52,873 - PendingVehiclesPanel - INFO - Successfully refreshed pending list with 0 items
2025-05-30 21:10:52,883 - PendingVehiclesPanel - INFO - Refreshing pending vehicles list
2025-05-30 21:10:52,884 - DataManager - INFO - Successfully loaded 52 records from data\Tharuni_Guntur_data.csv
2025-05-30 21:10:52,885 - PendingVehiclesPanel - INFO - Retrieved 52 total records
2025-05-30 21:10:52,885 - PendingVehiclesPanel - INFO - Found 0 pending records
2025-05-30 21:10:52,885 - PendingVehiclesPanel - INFO - Successfully refreshed pending list with 0 items
2025-05-30 21:11:52,893 - PendingVehiclesPanel - INFO - Refreshing pending vehicles list
2025-05-30 21:11:52,894 - DataManager - INFO - Successfully loaded 52 records from data\Tharuni_Guntur_data.csv
2025-05-30 21:11:52,894 - PendingVehiclesPanel - INFO - Retrieved 52 total records
2025-05-30 21:11:52,894 - PendingVehiclesPanel - INFO - Found 0 pending records
2025-05-30 21:11:52,894 - PendingVehiclesPanel - INFO - Successfully refreshed pending list with 0 items
2025-05-30 21:12:52,895 - PendingVehiclesPanel - INFO - Refreshing pending vehicles list
2025-05-30 21:12:52,899 - DataManager - INFO - Successfully loaded 52 records from data\Tharuni_Guntur_data.csv
2025-05-30 21:12:52,900 - PendingVehiclesPanel - INFO - Retrieved 52 total records
2025-05-30 21:12:52,901 - PendingVehiclesPanel - INFO - Found 0 pending records
2025-05-30 21:12:52,902 - PendingVehiclesPanel - INFO - Successfully refreshed pending list with 0 items
2025-05-30 21:13:52,908 - PendingVehiclesPanel - INFO - Refreshing pending vehicles list
2025-05-30 21:13:52,912 - DataManager - INFO - Successfully loaded 52 records from data\Tharuni_Guntur_data.csv
2025-05-30 21:13:52,913 - PendingVehiclesPanel - INFO - Retrieved 52 total records
2025-05-30 21:13:52,914 - PendingVehiclesPanel - INFO - Found 0 pending records
2025-05-30 21:13:52,915 - PendingVehiclesPanel - INFO - Successfully refreshed pending list with 0 items
2025-05-30 21:14:52,926 - PendingVehiclesPanel - INFO - Refreshing pending vehicles list
2025-05-30 21:14:52,927 - DataManager - INFO - Successfully loaded 52 records from data\Tharuni_Guntur_data.csv
2025-05-30 21:14:52,927 - PendingVehiclesPanel - INFO - Retrieved 52 total records
2025-05-30 21:14:52,927 - PendingVehiclesPanel - INFO - Found 0 pending records
2025-05-30 21:14:52,928 - PendingVehiclesPanel - INFO - Successfully refreshed pending list with 0 items
2025-05-30 21:15:52,929 - PendingVehiclesPanel - INFO - Refreshing pending vehicles list
2025-05-30 21:15:52,931 - DataManager - INFO - Successfully loaded 52 records from data\Tharuni_Guntur_data.csv
2025-05-30 21:15:52,931 - PendingVehiclesPanel - INFO - Retrieved 52 total records
2025-05-30 21:15:52,932 - PendingVehiclesPanel - INFO - Found 0 pending records
2025-05-30 21:15:52,932 - PendingVehiclesPanel - INFO - Successfully refreshed pending list with 0 items
2025-05-30 21:16:13,683 - TharuniApp - INFO - ============================================================
2025-05-30 21:16:13,683 - TharuniApp - INFO - APPLICATION STARTUP
2025-05-30 21:16:13,683 - TharuniApp - INFO - ============================================================
2025-05-30 21:16:13,687 - TharuniApp - INFO - Configuration setup completed
2025-05-30 21:16:13,687 - DataManager - INFO - DataManager initialized with OFFLINE-FIRST approach + JSON local storage
2025-05-30 21:16:13,688 - DataManager - INFO - CSV structure is up to date
2025-05-30 21:16:13,688 - DataManager - INFO - Daily PDF folder structure ready:
2025-05-30 21:16:13,689 - DataManager - INFO -   Base reports folder: data\reports
2025-05-30 21:16:13,689 - DataManager - INFO -   Today's folder: data\reports\2025-05-30
2025-05-30 21:16:13,690 - DataManager - INFO - Data file: data\weighbridge_data.csv
2025-05-30 21:16:13,690 - DataManager - INFO - Reports folder: data\reports
2025-05-30 21:16:13,690 - DataManager - INFO - JSON backup folder: data\json_backups
2025-05-30 21:16:13,690 - DataManager - INFO - PDF folder: data\reports\2025-05-30
2025-05-30 21:16:13,690 - DataManager - INFO - Cloud storage will only be initialized when backup is requested
2025-05-30 21:16:13,691 - TharuniApp - INFO - Data manager initialized
2025-05-30 21:16:13,693 - TharuniApp - INFO - Settings storage initialized
2025-05-30 21:16:13,695 - TharuniApp - INFO - UI styles initialized
2025-05-30 21:16:13,696 - TharuniApp - INFO - Starting user authentication
2025-05-30 21:16:17,971 - TharuniApp - INFO - Authentication successful: admin
2025-05-30 21:16:17,971 - TharuniApp - INFO - User logged in: admin (Role: admin)
2025-05-30 21:16:17,971 - TharuniApp - INFO - Setting up data context
2025-05-30 21:16:17,972 - DataManager - INFO - CSV structure is up to date
2025-05-30 21:16:17,972 - DataManager - INFO - Data context set to: Agency='Tharuni', Site='Guntur'
2025-05-30 21:16:17,973 - DataManager - INFO - Data file: data\Tharuni_Guntur_data.csv
2025-05-30 21:16:17,973 - TharuniApp - INFO - Data context initialized: Agency='Tharuni', Site='Guntur'
2025-05-30 21:16:17,973 - TharuniApp - INFO - Data will be saved to: data\Tharuni_Guntur_data.csv
2025-05-30 21:16:17,973 - TharuniApp - INFO - PDFs will be saved to: data\reports\2025-05-30
2025-05-30 21:16:17,973 - TharuniApp - INFO - Creating application widgets
2025-05-30 21:16:17,986 - TharuniApp - INFO - Creating main panel
2025-05-30 21:16:17,991 - FormValidator - INFO - FormValidator initialized
2025-05-30 21:16:17,999 - DataManager - INFO - Successfully loaded 52 records from data\Tharuni_Guntur_data.csv
2025-05-30 21:16:19,077 - DataManager - INFO - Successfully loaded 52 records from data\Tharuni_Guntur_data.csv
2025-05-30 21:16:19,077 - TharuniApp - INFO - Main form created
2025-05-30 21:16:19,079 - DataManager - INFO - CSV structure is up to date
2025-05-30 21:16:19,079 - DataManager - INFO - Data context set to: Agency='Tharuni', Site='Guntur'
2025-05-30 21:16:19,079 - DataManager - INFO - Data file: data\Tharuni_Guntur_data.csv
2025-05-30 21:16:19,080 - DataManager - INFO - CSV structure is up to date
2025-05-30 21:16:19,080 - DataManager - INFO - Data context set to: Agency='Tharuni', Site='Guntur'
2025-05-30 21:16:19,081 - DataManager - INFO - Data file: data\Tharuni_Guntur_data.csv
2025-05-30 21:16:19,081 - DataManager - INFO - CSV structure is up to date
2025-05-30 21:16:19,081 - DataManager - INFO - Data context set to: Agency='Tharuni', Site='Guntur'
2025-05-30 21:16:19,082 - DataManager - INFO - Data file: data\Tharuni_Guntur_data.csv
2025-05-30 21:16:19,082 - PendingVehiclesPanel - INFO - PendingVehiclesPanel initialized
2025-05-30 21:16:19,087 - PendingVehiclesPanel - INFO - Refreshing pending vehicles list
2025-05-30 21:16:19,088 - DataManager - INFO - Successfully loaded 52 records from data\Tharuni_Guntur_data.csv
2025-05-30 21:16:19,088 - PendingVehiclesPanel - INFO - Retrieved 52 total records
2025-05-30 21:16:19,089 - PendingVehiclesPanel - INFO - Found 0 pending records
2025-05-30 21:16:19,089 - PendingVehiclesPanel - INFO - Successfully refreshed pending list with 0 items
2025-05-30 21:16:19,089 - TharuniApp - INFO - Pending vehicles panel created
2025-05-30 21:16:19,285 - TharuniApp - INFO - Main panel creation completed
2025-05-30 21:16:19,291 - TharuniApp - INFO - Summary panel created
2025-05-30 21:16:19,446 - TharuniApp - INFO - ✅ Data manager reference set in settings panel
2025-05-30 21:16:19,447 - TharuniApp - INFO - Widget creation completed successfully
2025-05-30 21:16:19,447 - PendingVehiclesPanel - INFO - Refreshing pending vehicles list
2025-05-30 21:16:19,448 - DataManager - INFO - Successfully loaded 52 records from data\Tharuni_Guntur_data.csv
2025-05-30 21:16:19,449 - PendingVehiclesPanel - INFO - Retrieved 52 total records
2025-05-30 21:16:19,449 - PendingVehiclesPanel - INFO - Found 0 pending records
2025-05-30 21:16:19,449 - PendingVehiclesPanel - INFO - Successfully refreshed pending list with 0 items
2025-05-30 21:16:19,450 - DataManager - INFO - Created new daily folder: data\reports\30-05
2025-05-30 21:16:19,450 - TharuniApp - INFO - Application initialization completed successfully
2025-05-30 21:16:20,449 - TharuniApp - INFO - Ensuring settings persistence...
2025-05-30 21:16:20,452 - TharuniApp - INFO - Settings persistence check completed
2025-05-30 21:16:25,946 - DataManager - INFO - Cloud storage initialized on demand
2025-05-30 21:16:25,951 - DataManager - INFO - Found 50 JSON backup files for bulk upload
2025-05-30 21:16:26,250 - DataManager - INFO - Uploaded JSON backup: T0002_Tharuni_Guntur_211239.json
2025-05-30 21:16:26,498 - DataManager - INFO - Uploaded JSON backup: T0003_Tharuni_Guntur_212042.json
2025-05-30 21:16:26,933 - DataManager - INFO - Uploaded JSON backup: T0004_Tharuni_Guntur_214248.json
2025-05-30 21:16:27,194 - DataManager - INFO - Uploaded JSON backup: T0005_Tharuni_Guntur_214703.json
2025-05-30 21:16:27,451 - DataManager - INFO - Uploaded JSON backup: T0006_Tharuni_Guntur_215228.json
2025-05-30 21:16:27,707 - DataManager - INFO - Uploaded JSON backup: T0007_Tharuni_Guntur_220413.json
2025-05-30 21:16:27,979 - DataManager - INFO - Uploaded JSON backup: T0008_Tharuni_Guntur_221138.json
2025-05-30 21:16:28,254 - DataManager - INFO - Uploaded JSON backup: T0009_Tharuni_Guntur_221746.json
2025-05-30 21:16:28,507 - DataManager - INFO - Uploaded JSON backup: T0010_Tharuni_Guntur_222608.json
2025-05-30 21:16:28,790 - DataManager - INFO - Uploaded JSON backup: T0011_Tharuni_Guntur_230418.json
2025-05-30 21:16:29,057 - DataManager - INFO - Uploaded JSON backup: T0012_Tharuni_Guntur_232426.json
2025-05-30 21:16:29,302 - DataManager - INFO - Uploaded JSON backup: T0013_Tharuni_Guntur_232629.json
2025-05-30 21:16:29,560 - DataManager - INFO - Uploaded JSON backup: T0014_Tharuni_Guntur_233046.json
2025-05-30 21:16:29,823 - DataManager - INFO - Uploaded JSON backup: T0015_Tharuni_Guntur_233500.json
2025-05-30 21:16:30,068 - DataManager - INFO - Uploaded JSON backup: T0016_Tharuni_Guntur_233910.json
2025-05-30 21:16:30,309 - DataManager - INFO - Uploaded JSON backup: T0017_Tharuni_Guntur_234531.json
2025-05-30 21:16:30,570 - DataManager - INFO - Uploaded JSON backup: T0018_Tharuni_Guntur_235358.json
2025-05-30 21:16:30,830 - DataManager - INFO - Uploaded JSON backup: T0019_Tharuni_Guntur_235500.json
2025-05-30 21:16:31,075 - DataManager - INFO - Uploaded JSON backup: T0020_Tharuni_Guntur_235617.json
2025-05-30 21:16:31,326 - DataManager - INFO - Uploaded JSON backup: T0021_Tharuni_Guntur_000306.json
2025-05-30 21:16:31,580 - DataManager - INFO - Uploaded JSON backup: T0022_Tharuni_Guntur_000513.json
2025-05-30 21:16:31,829 - DataManager - INFO - Uploaded JSON backup: T0023_Tharuni_Guntur_001027.json
2025-05-30 21:16:32,086 - DataManager - INFO - Uploaded JSON backup: T0024_Tharuni_Guntur_001251.json
2025-05-30 21:16:32,351 - DataManager - INFO - Uploaded JSON backup: T0025_Tharuni_Guntur_001643.json
2025-05-30 21:16:32,609 - DataManager - INFO - Uploaded JSON backup: T0026_Tharuni_Guntur_001921.json
2025-05-30 21:16:32,867 - DataManager - INFO - Uploaded JSON backup: T0027_Tharuni_Guntur_012944.json
2025-05-30 21:16:33,123 - DataManager - INFO - Uploaded JSON backup: T0028_Tharuni_Guntur_055441.json
2025-05-30 21:16:33,393 - DataManager - INFO - Uploaded JSON backup: T0029_Tharuni_Guntur_060421.json
2025-05-30 21:16:33,648 - DataManager - INFO - Uploaded JSON backup: T0030_Tharuni_Guntur_060643.json
2025-05-30 21:16:33,910 - DataManager - INFO - Uploaded JSON backup: T0031_Tharuni_Guntur_060810.json
2025-05-30 21:16:34,176 - DataManager - INFO - Uploaded JSON backup: T0032_Tharuni_Guntur_061021.json
2025-05-30 21:16:34,454 - DataManager - INFO - Uploaded JSON backup: T0033_Tharuni_Guntur_061236.json
2025-05-30 21:16:34,703 - DataManager - INFO - Uploaded JSON backup: T0034_Tharuni_Guntur_062057.json
2025-05-30 21:16:34,971 - DataManager - INFO - Uploaded JSON backup: T0035_Tharuni_Guntur_062248.json
2025-05-30 21:16:35,248 - DataManager - INFO - Uploaded JSON backup: T0036_Tharuni_Guntur_062818.json
2025-05-30 21:16:35,497 - DataManager - INFO - Uploaded JSON backup: T0037_Tharuni_Guntur_062952.json
2025-05-30 21:16:35,760 - DataManager - INFO - Uploaded JSON backup: T0038_Tharuni_Guntur_063402.json
2025-05-30 21:16:36,019 - DataManager - INFO - Uploaded JSON backup: T0039_Tharuni_Guntur_063853.json
2025-05-30 21:16:36,275 - DataManager - INFO - Uploaded JSON backup: T0040_Tharuni_Guntur_065731.json
2025-05-30 21:16:36,530 - DataManager - INFO - Uploaded JSON backup: T0041_Tharuni_Guntur_070323.json
2025-05-30 21:16:36,809 - DataManager - INFO - Uploaded JSON backup: T0042_Tharuni_Guntur_191017.json
2025-05-30 21:16:37,068 - DataManager - INFO - Uploaded JSON backup: T0043_Tharuni_Guntur_192238.json
2025-05-30 21:16:37,310 - DataManager - INFO - Uploaded JSON backup: T0044_Tharuni_Guntur_192552.json
2025-05-30 21:16:37,577 - DataManager - INFO - Uploaded JSON backup: T0045_Tharuni_Guntur_193508.json
2025-05-30 21:16:37,835 - DataManager - INFO - Uploaded JSON backup: T0046_Tharuni_Guntur_194822.json
2025-05-30 21:16:38,076 - DataManager - INFO - Uploaded JSON backup: T0047_Tharuni_Guntur_200057.json
2025-05-30 21:16:38,320 - DataManager - INFO - Uploaded JSON backup: T0048_Tharuni_Guntur_201650.json
2025-05-30 21:16:38,571 - DataManager - INFO - Uploaded JSON backup: T0049_Tharuni_Guntur_202559.json
2025-05-30 21:16:38,850 - DataManager - INFO - Uploaded JSON backup: T0050_Tharuni_Guntur_203256.json
2025-05-30 21:16:39,135 - DataManager - INFO - Uploaded JSON backup: T0051_Tharuni_Guntur_210648.json
2025-05-30 21:16:39,137 - DataManager - INFO - Successfully loaded 52 records from data\Tharuni_Guntur_data.csv
2025-05-30 21:17:16,105 - DataManager - INFO - Found 50 JSON backup files for bulk upload
2025-05-30 21:17:19,453 - PendingVehiclesPanel - INFO - Refreshing pending vehicles list
2025-05-30 21:17:19,455 - DataManager - INFO - Successfully loaded 52 records from data\Tharuni_Guntur_data.csv
2025-05-30 21:17:19,456 - PendingVehiclesPanel - INFO - Retrieved 52 total records
2025-05-30 21:17:19,457 - PendingVehiclesPanel - INFO - Found 0 pending records
2025-05-30 21:17:19,458 - PendingVehiclesPanel - INFO - Successfully refreshed pending list with 0 items
2025-05-30 21:18:19,471 - PendingVehiclesPanel - INFO - Refreshing pending vehicles list
2025-05-30 21:18:19,474 - DataManager - INFO - Successfully loaded 52 records from data\Tharuni_Guntur_data.csv
2025-05-30 21:18:19,474 - PendingVehiclesPanel - INFO - Retrieved 52 total records
2025-05-30 21:18:19,475 - PendingVehiclesPanel - INFO - Found 0 pending records
2025-05-30 21:18:19,476 - PendingVehiclesPanel - INFO - Successfully refreshed pending list with 0 items
2025-05-30 21:19:19,482 - PendingVehiclesPanel - INFO - Refreshing pending vehicles list
2025-05-30 21:19:19,484 - DataManager - INFO - Successfully loaded 52 records from data\Tharuni_Guntur_data.csv
2025-05-30 21:19:19,484 - PendingVehiclesPanel - INFO - Retrieved 52 total records
2025-05-30 21:19:19,485 - PendingVehiclesPanel - INFO - Found 0 pending records
2025-05-30 21:19:19,485 - PendingVehiclesPanel - INFO - Successfully refreshed pending list with 0 items
2025-05-30 21:20:19,491 - PendingVehiclesPanel - INFO - Refreshing pending vehicles list
2025-05-30 21:20:19,493 - DataManager - INFO - Successfully loaded 52 records from data\Tharuni_Guntur_data.csv
2025-05-30 21:20:19,493 - PendingVehiclesPanel - INFO - Retrieved 52 total records
2025-05-30 21:20:19,493 - PendingVehiclesPanel - INFO - Found 0 pending records
2025-05-30 21:20:19,494 - PendingVehiclesPanel - INFO - Successfully refreshed pending list with 0 items
2025-05-30 21:21:19,503 - PendingVehiclesPanel - INFO - Refreshing pending vehicles list
2025-05-30 21:21:19,504 - DataManager - INFO - Successfully loaded 52 records from data\Tharuni_Guntur_data.csv
2025-05-30 21:21:19,504 - PendingVehiclesPanel - INFO - Retrieved 52 total records
2025-05-30 21:21:19,505 - PendingVehiclesPanel - INFO - Found 0 pending records
2025-05-30 21:21:19,505 - PendingVehiclesPanel - INFO - Successfully refreshed pending list with 0 items
2025-05-30 21:22:19,511 - PendingVehiclesPanel - INFO - Refreshing pending vehicles list
2025-05-30 21:22:19,512 - DataManager - INFO - Successfully loaded 52 records from data\Tharuni_Guntur_data.csv
2025-05-30 21:22:19,513 - PendingVehiclesPanel - INFO - Retrieved 52 total records
2025-05-30 21:22:19,513 - PendingVehiclesPanel - INFO - Found 0 pending records
2025-05-30 21:22:19,513 - PendingVehiclesPanel - INFO - Successfully refreshed pending list with 0 items
2025-05-30 21:23:19,516 - PendingVehiclesPanel - INFO - Refreshing pending vehicles list
2025-05-30 21:23:19,517 - DataManager - INFO - Successfully loaded 52 records from data\Tharuni_Guntur_data.csv
2025-05-30 21:23:19,517 - PendingVehiclesPanel - INFO - Retrieved 52 total records
2025-05-30 21:23:19,518 - PendingVehiclesPanel - INFO - Found 0 pending records
2025-05-30 21:23:19,518 - PendingVehiclesPanel - INFO - Successfully refreshed pending list with 0 items
2025-05-30 21:24:04,155 - TharuniApp - INFO - Updating camera settings: {'front_camera_type': 'HTTP', 'front_camera_index': 1, 'front_rtsp_username': '', 'front_rtsp_password': '', 'front_rtsp_ip': '', 'front_rtsp_port': '8554', 'front_rtsp_endpoint': '/stream', 'front_http_username': '', 'front_http_password': '', 'front_http_ip': '', 'front_http_port': '80', 'front_http_endpoint': '/mjpeg', 'back_camera_type': 'HTTP', 'back_camera_index': 0, 'back_rtsp_username': '', 'back_rtsp_password': '', 'back_rtsp_ip': '', 'back_rtsp_port': '8555', 'back_rtsp_endpoint': '/stream', 'back_http_username': '', 'back_http_password': '', 'back_http_ip': '', 'back_http_port': '80', 'back_http_endpoint': '/mjpeg'}
2025-05-30 21:24:04,161 - TharuniApp - INFO - Camera settings saved for persistence
2025-05-30 21:24:06,579 - TharuniApp - INFO - ============================================================
2025-05-30 21:24:06,580 - TharuniApp - INFO - APPLICATION STARTUP
2025-05-30 21:24:06,580 - TharuniApp - INFO - ============================================================
2025-05-30 21:24:06,583 - TharuniApp - INFO - Configuration setup completed
2025-05-30 21:24:06,584 - DataManager - INFO - DataManager initialized with OFFLINE-FIRST approach + JSON local storage
2025-05-30 21:24:06,584 - DataManager - INFO - CSV structure is up to date
2025-05-30 21:24:06,585 - DataManager - INFO - Daily PDF folder structure ready:
2025-05-30 21:24:06,585 - DataManager - INFO -   Base reports folder: data\reports
2025-05-30 21:24:06,585 - DataManager - INFO -   Today's folder: data\reports\2025-05-30
2025-05-30 21:24:06,586 - DataManager - INFO - Data file: data\weighbridge_data.csv
2025-05-30 21:24:06,586 - DataManager - INFO - Reports folder: data\reports
2025-05-30 21:24:06,586 - DataManager - INFO - JSON backup folder: data\json_backups
2025-05-30 21:24:06,587 - DataManager - INFO - PDF folder: data\reports\2025-05-30
2025-05-30 21:24:06,587 - DataManager - INFO - Cloud storage will only be initialized when backup is requested
2025-05-30 21:24:06,587 - TharuniApp - INFO - Data manager initialized
2025-05-30 21:24:06,589 - TharuniApp - INFO - Settings storage initialized
2025-05-30 21:24:06,592 - TharuniApp - INFO - UI styles initialized
2025-05-30 21:24:06,592 - TharuniApp - INFO - Starting user authentication
2025-05-30 21:24:09,618 - TharuniApp - INFO - Authentication canceled - exiting application
2025-05-30 21:24:09,618 - TharuniApp - INFO - User authentication failed or canceled - exiting
2025-05-30 21:24:16,283 - TharuniApp - INFO - ============================================================
2025-05-30 21:24:16,283 - TharuniApp - INFO - APPLICATION STARTUP
2025-05-30 21:24:16,283 - TharuniApp - INFO - ============================================================
2025-05-30 21:24:16,287 - TharuniApp - INFO - Configuration setup completed
2025-05-30 21:24:16,288 - DataManager - INFO - DataManager initialized with OFFLINE-FIRST approach + JSON local storage
2025-05-30 21:24:16,288 - DataManager - INFO - CSV structure is up to date
2025-05-30 21:24:16,289 - DataManager - INFO - Daily PDF folder structure ready:
2025-05-30 21:24:16,289 - DataManager - INFO -   Base reports folder: data\reports
2025-05-30 21:24:16,289 - DataManager - INFO -   Today's folder: data\reports\2025-05-30
2025-05-30 21:24:16,290 - DataManager - INFO - Data file: data\weighbridge_data.csv
2025-05-30 21:24:16,290 - DataManager - INFO - Reports folder: data\reports
2025-05-30 21:24:16,291 - DataManager - INFO - JSON backup folder: data\json_backups
2025-05-30 21:24:16,291 - DataManager - INFO - PDF folder: data\reports\2025-05-30
2025-05-30 21:24:16,291 - DataManager - INFO - Cloud storage will only be initialized when backup is requested
2025-05-30 21:24:16,291 - TharuniApp - INFO - Data manager initialized
2025-05-30 21:24:16,292 - TharuniApp - INFO - Settings storage initialized
2025-05-30 21:24:16,294 - TharuniApp - INFO - UI styles initialized
2025-05-30 21:24:16,295 - TharuniApp - INFO - Starting user authentication
2025-05-30 21:24:19,175 - TharuniApp - INFO - Authentication successful: admin
2025-05-30 21:24:19,175 - TharuniApp - INFO - User logged in: admin (Role: admin)
2025-05-30 21:24:19,176 - TharuniApp - INFO - Setting up data context
2025-05-30 21:24:19,177 - DataManager - INFO - CSV structure is up to date
2025-05-30 21:24:19,177 - DataManager - INFO - Data context set to: Agency='Tharuni', Site='Guntur'
2025-05-30 21:24:19,177 - DataManager - INFO - Data file: data\Tharuni_Guntur_data.csv
2025-05-30 21:24:19,178 - TharuniApp - INFO - Data context initialized: Agency='Tharuni', Site='Guntur'
2025-05-30 21:24:19,178 - TharuniApp - INFO - Data will be saved to: data\Tharuni_Guntur_data.csv
2025-05-30 21:24:19,178 - TharuniApp - INFO - PDFs will be saved to: data\reports\2025-05-30
2025-05-30 21:24:19,178 - TharuniApp - INFO - Creating application widgets
2025-05-30 21:24:19,192 - TharuniApp - INFO - Creating main panel
2025-05-30 21:24:19,196 - FormValidator - INFO - FormValidator initialized
2025-05-30 21:24:19,202 - DataManager - INFO - Successfully loaded 52 records from data\Tharuni_Guntur_data.csv
2025-05-30 21:24:20,175 - DataManager - INFO - Successfully loaded 52 records from data\Tharuni_Guntur_data.csv
2025-05-30 21:24:20,176 - TharuniApp - INFO - Main form created
2025-05-30 21:24:20,178 - DataManager - INFO - CSV structure is up to date
2025-05-30 21:24:20,178 - DataManager - INFO - Data context set to: Agency='Tharuni', Site='Guntur'
2025-05-30 21:24:20,178 - DataManager - INFO - Data file: data\Tharuni_Guntur_data.csv
2025-05-30 21:24:20,179 - DataManager - INFO - CSV structure is up to date
2025-05-30 21:24:20,180 - DataManager - INFO - Data context set to: Agency='Tharuni', Site='Guntur'
2025-05-30 21:24:20,180 - DataManager - INFO - Data file: data\Tharuni_Guntur_data.csv
2025-05-30 21:24:20,181 - DataManager - INFO - CSV structure is up to date
2025-05-30 21:24:20,181 - DataManager - INFO - Data context set to: Agency='Tharuni', Site='Guntur'
2025-05-30 21:24:20,181 - DataManager - INFO - Data file: data\Tharuni_Guntur_data.csv
2025-05-30 21:24:20,182 - PendingVehiclesPanel - INFO - PendingVehiclesPanel initialized
2025-05-30 21:24:20,187 - PendingVehiclesPanel - INFO - Refreshing pending vehicles list
2025-05-30 21:24:20,189 - DataManager - INFO - Successfully loaded 52 records from data\Tharuni_Guntur_data.csv
2025-05-30 21:24:20,189 - PendingVehiclesPanel - INFO - Retrieved 52 total records
2025-05-30 21:24:20,190 - PendingVehiclesPanel - INFO - Found 0 pending records
2025-05-30 21:24:20,191 - PendingVehiclesPanel - INFO - Successfully refreshed pending list with 0 items
2025-05-30 21:24:20,191 - TharuniApp - INFO - Pending vehicles panel created
2025-05-30 21:24:20,392 - TharuniApp - INFO - Main panel creation completed
2025-05-30 21:24:20,399 - TharuniApp - INFO - Summary panel created
2025-05-30 21:24:20,555 - TharuniApp - INFO - ✅ Data manager reference set in settings panel
2025-05-30 21:24:20,556 - TharuniApp - INFO - Widget creation completed successfully
2025-05-30 21:24:20,556 - PendingVehiclesPanel - INFO - Refreshing pending vehicles list
2025-05-30 21:24:20,557 - DataManager - INFO - Successfully loaded 52 records from data\Tharuni_Guntur_data.csv
2025-05-30 21:24:20,557 - PendingVehiclesPanel - INFO - Retrieved 52 total records
2025-05-30 21:24:20,558 - PendingVehiclesPanel - INFO - Found 0 pending records
2025-05-30 21:24:20,558 - PendingVehiclesPanel - INFO - Successfully refreshed pending list with 0 items
2025-05-30 21:24:20,559 - DataManager - INFO - Created new daily folder: data\reports\30-05
2025-05-30 21:24:20,559 - TharuniApp - INFO - Application initialization completed successfully
2025-05-30 21:24:21,557 - TharuniApp - INFO - Ensuring settings persistence...
2025-05-30 21:24:21,566 - TharuniApp - INFO - Settings persistence check completed
2025-05-30 21:24:24,673 - DataManager - INFO - Cloud storage initialized on demand
2025-05-30 21:24:24,677 - DataManager - INFO - Found 50 JSON backup files for bulk upload
2025-05-30 21:24:24,705 - DataManager - INFO - Successfully loaded 52 records from data\Tharuni_Guntur_data.csv
2025-05-30 21:24:26,520 - DataManager - INFO - Found 50 JSON backup files for bulk upload
2025-05-30 21:25:20,569 - PendingVehiclesPanel - INFO - Refreshing pending vehicles list
2025-05-30 21:25:20,571 - DataManager - INFO - Successfully loaded 52 records from data\Tharuni_Guntur_data.csv
2025-05-30 21:25:20,571 - PendingVehiclesPanel - INFO - Retrieved 52 total records
2025-05-30 21:25:20,572 - PendingVehiclesPanel - INFO - Found 0 pending records
2025-05-30 21:25:20,572 - PendingVehiclesPanel - INFO - Successfully refreshed pending list with 0 items
2025-05-30 21:26:20,580 - PendingVehiclesPanel - INFO - Refreshing pending vehicles list
2025-05-30 21:26:20,584 - DataManager - INFO - Successfully loaded 52 records from data\Tharuni_Guntur_data.csv
2025-05-30 21:26:20,585 - PendingVehiclesPanel - INFO - Retrieved 52 total records
2025-05-30 21:26:20,586 - PendingVehiclesPanel - INFO - Found 0 pending records
2025-05-30 21:26:20,587 - PendingVehiclesPanel - INFO - Successfully refreshed pending list with 0 items
2025-05-30 21:27:20,603 - PendingVehiclesPanel - INFO - Refreshing pending vehicles list
2025-05-30 21:27:20,606 - DataManager - INFO - Successfully loaded 52 records from data\Tharuni_Guntur_data.csv
2025-05-30 21:27:20,608 - PendingVehiclesPanel - INFO - Retrieved 52 total records
2025-05-30 21:27:20,609 - PendingVehiclesPanel - INFO - Found 0 pending records
2025-05-30 21:27:20,610 - PendingVehiclesPanel - INFO - Successfully refreshed pending list with 0 items
2025-05-30 21:27:24,385 - TharuniApp - INFO - Updating camera settings: {'front_camera_type': 'HTTP', 'front_camera_index': 1, 'front_rtsp_username': '', 'front_rtsp_password': '', 'front_rtsp_ip': '', 'front_rtsp_port': '8554', 'front_rtsp_endpoint': '/stream', 'front_http_username': '', 'front_http_password': '', 'front_http_ip': '', 'front_http_port': '80', 'front_http_endpoint': '/mjpeg', 'back_camera_type': 'HTTP', 'back_camera_index': 0, 'back_rtsp_username': '', 'back_rtsp_password': '', 'back_rtsp_ip': '', 'back_rtsp_port': '8555', 'back_rtsp_endpoint': '/stream', 'back_http_username': '', 'back_http_password': '', 'back_http_ip': '', 'back_http_port': '80', 'back_http_endpoint': '/mjpeg'}
2025-05-30 21:27:24,392 - TharuniApp - INFO - Camera settings saved for persistence
2025-05-30 21:27:26,827 - TharuniApp - INFO - ============================================================
2025-05-30 21:27:26,827 - TharuniApp - INFO - APPLICATION STARTUP
2025-05-30 21:27:26,827 - TharuniApp - INFO - ============================================================
2025-05-30 21:27:26,830 - TharuniApp - INFO - Configuration setup completed
2025-05-30 21:27:26,831 - DataManager - INFO - DataManager initialized with OFFLINE-FIRST approach + JSON local storage
2025-05-30 21:27:26,831 - DataManager - INFO - CSV structure is up to date
2025-05-30 21:27:26,832 - DataManager - INFO - Daily PDF folder structure ready:
2025-05-30 21:27:26,832 - DataManager - INFO -   Base reports folder: data\reports
2025-05-30 21:27:26,832 - DataManager - INFO -   Today's folder: data\reports\2025-05-30
2025-05-30 21:27:26,833 - DataManager - INFO - Data file: data\weighbridge_data.csv
2025-05-30 21:27:26,833 - DataManager - INFO - Reports folder: data\reports
2025-05-30 21:27:26,833 - DataManager - INFO - JSON backup folder: data\json_backups
2025-05-30 21:27:26,834 - DataManager - INFO - PDF folder: data\reports\2025-05-30
2025-05-30 21:27:26,834 - DataManager - INFO - Cloud storage will only be initialized when backup is requested
2025-05-30 21:27:26,834 - TharuniApp - INFO - Data manager initialized
2025-05-30 21:27:26,836 - TharuniApp - INFO - Settings storage initialized
2025-05-30 21:27:26,838 - TharuniApp - INFO - UI styles initialized
2025-05-30 21:27:26,839 - TharuniApp - INFO - Starting user authentication
2025-05-30 21:27:30,313 - TharuniApp - INFO - ============================================================
2025-05-30 21:27:30,314 - TharuniApp - INFO - APPLICATION STARTUP
2025-05-30 21:27:30,314 - TharuniApp - INFO - ============================================================
2025-05-30 21:27:30,317 - TharuniApp - INFO - Configuration setup completed
2025-05-30 21:27:30,318 - DataManager - INFO - DataManager initialized with OFFLINE-FIRST approach + JSON local storage
2025-05-30 21:27:30,318 - DataManager - INFO - CSV structure is up to date
2025-05-30 21:27:30,319 - DataManager - INFO - Daily PDF folder structure ready:
2025-05-30 21:27:30,319 - DataManager - INFO -   Base reports folder: data\reports
2025-05-30 21:27:30,319 - DataManager - INFO -   Today's folder: data\reports\2025-05-30
2025-05-30 21:27:30,320 - DataManager - INFO - Data file: data\weighbridge_data.csv
2025-05-30 21:27:30,320 - DataManager - INFO - Reports folder: data\reports
2025-05-30 21:27:30,320 - DataManager - INFO - JSON backup folder: data\json_backups
2025-05-30 21:27:30,321 - DataManager - INFO - PDF folder: data\reports\2025-05-30
2025-05-30 21:27:30,321 - DataManager - INFO - Cloud storage will only be initialized when backup is requested
2025-05-30 21:27:30,321 - TharuniApp - INFO - Data manager initialized
2025-05-30 21:27:30,323 - TharuniApp - INFO - Settings storage initialized
2025-05-30 21:27:30,325 - TharuniApp - INFO - UI styles initialized
2025-05-30 21:27:30,326 - TharuniApp - INFO - Starting user authentication
2025-05-30 21:27:31,981 - TharuniApp - INFO - Authentication successful: admin
2025-05-30 21:27:31,981 - TharuniApp - INFO - User logged in: admin (Role: admin)
2025-05-30 21:27:31,982 - TharuniApp - INFO - Setting up data context
2025-05-30 21:27:31,983 - DataManager - INFO - CSV structure is up to date
2025-05-30 21:27:31,983 - DataManager - INFO - Data context set to: Agency='Tharuni', Site='Guntur'
2025-05-30 21:27:31,983 - DataManager - INFO - Data file: data\Tharuni_Guntur_data.csv
2025-05-30 21:27:31,983 - TharuniApp - INFO - Data context initialized: Agency='Tharuni', Site='Guntur'
2025-05-30 21:27:31,984 - TharuniApp - INFO - Data will be saved to: data\Tharuni_Guntur_data.csv
2025-05-30 21:27:31,984 - TharuniApp - INFO - PDFs will be saved to: data\reports\2025-05-30
2025-05-30 21:27:31,984 - TharuniApp - INFO - Creating application widgets
2025-05-30 21:27:31,997 - TharuniApp - INFO - Creating main panel
2025-05-30 21:27:32,002 - FormValidator - INFO - FormValidator initialized
2025-05-30 21:27:32,009 - DataManager - INFO - Successfully loaded 52 records from data\Tharuni_Guntur_data.csv
2025-05-30 21:27:32,888 - DataManager - INFO - Successfully loaded 52 records from data\Tharuni_Guntur_data.csv
2025-05-30 21:27:32,889 - TharuniApp - INFO - Main form created
2025-05-30 21:27:32,891 - DataManager - INFO - CSV structure is up to date
2025-05-30 21:27:32,891 - DataManager - INFO - Data context set to: Agency='Tharuni', Site='Guntur'
2025-05-30 21:27:32,891 - DataManager - INFO - Data file: data\Tharuni_Guntur_data.csv
2025-05-30 21:27:32,892 - DataManager - INFO - CSV structure is up to date
2025-05-30 21:27:32,892 - DataManager - INFO - Data context set to: Agency='Tharuni', Site='Guntur'
2025-05-30 21:27:32,893 - DataManager - INFO - Data file: data\Tharuni_Guntur_data.csv
2025-05-30 21:27:32,893 - DataManager - INFO - CSV structure is up to date
2025-05-30 21:27:32,893 - DataManager - INFO - Data context set to: Agency='Tharuni', Site='Guntur'
2025-05-30 21:27:32,894 - DataManager - INFO - Data file: data\Tharuni_Guntur_data.csv
2025-05-30 21:27:32,894 - PendingVehiclesPanel - INFO - PendingVehiclesPanel initialized
2025-05-30 21:27:32,898 - PendingVehiclesPanel - INFO - Refreshing pending vehicles list
2025-05-30 21:27:32,900 - DataManager - INFO - Successfully loaded 52 records from data\Tharuni_Guntur_data.csv
2025-05-30 21:27:32,900 - PendingVehiclesPanel - INFO - Retrieved 52 total records
2025-05-30 21:27:32,901 - PendingVehiclesPanel - INFO - Found 0 pending records
2025-05-30 21:27:32,901 - PendingVehiclesPanel - INFO - Successfully refreshed pending list with 0 items
2025-05-30 21:27:32,901 - TharuniApp - INFO - Pending vehicles panel created
2025-05-30 21:27:33,096 - TharuniApp - INFO - Main panel creation completed
2025-05-30 21:27:33,103 - TharuniApp - INFO - Summary panel created
2025-05-30 21:27:33,258 - TharuniApp - INFO - ✅ Data manager reference set in settings panel
2025-05-30 21:27:33,258 - TharuniApp - INFO - Widget creation completed successfully
2025-05-30 21:27:33,259 - PendingVehiclesPanel - INFO - Refreshing pending vehicles list
2025-05-30 21:27:33,259 - DataManager - INFO - Successfully loaded 52 records from data\Tharuni_Guntur_data.csv
2025-05-30 21:27:33,260 - PendingVehiclesPanel - INFO - Retrieved 52 total records
2025-05-30 21:27:33,260 - PendingVehiclesPanel - INFO - Found 0 pending records
2025-05-30 21:27:33,260 - PendingVehiclesPanel - INFO - Successfully refreshed pending list with 0 items
2025-05-30 21:27:33,261 - DataManager - INFO - Created new daily folder: data\reports\30-05
2025-05-30 21:27:33,261 - TharuniApp - INFO - Application initialization completed successfully
2025-05-30 21:27:34,262 - TharuniApp - INFO - Ensuring settings persistence...
2025-05-30 21:27:34,272 - TharuniApp - INFO - Settings persistence check completed
2025-05-30 21:27:37,805 - DataManager - INFO - Successfully loaded 52 records from data\Tharuni_Guntur_data.csv
2025-05-30 21:27:37,813 - DataManager - INFO - Successfully loaded 52 records from data\Tharuni_Guntur_data.csv
2025-05-30 21:27:37,815 - DataManager - INFO - Successfully loaded 52 records from data\Tharuni_Guntur_data.csv
2025-05-30 21:27:38,740 - DataManager - INFO - Successfully loaded 52 records from data\Tharuni_Guntur_data.csv
2025-05-30 21:27:38,741 - DataManager - INFO - Successfully loaded 52 records from data\Tharuni_Guntur_data.csv
2025-05-30 21:27:40,411 - DataManager - INFO - Successfully loaded 52 records from data\Tharuni_Guntur_data.csv
2025-05-30 21:27:40,412 - DataManager - INFO - Successfully loaded 52 records from data\Tharuni_Guntur_data.csv
2025-05-30 21:27:44,909 - FormValidator - INFO - Vehicle validation passed: TS04UA4444
2025-05-30 21:27:45,719 - DataManager - INFO - Successfully loaded 52 records from data\Tharuni_Guntur_data.csv
2025-05-30 21:27:45,721 - DataManager - INFO - Successfully loaded 52 records from data\Tharuni_Guntur_data.csv
2025-05-30 21:27:47,209 - TharuniApp - INFO - ==================================================
2025-05-30 21:27:47,210 - TharuniApp - INFO - SAVE RECORD OPERATION STARTED
2025-05-30 21:27:47,211 - FormValidator - INFO - Starting comprehensive form validation
2025-05-30 21:27:47,211 - FormValidator - INFO - Validating basic fields
2025-05-30 21:27:47,212 - FormValidator - INFO - Field values: ticket='T0052', vehicle='TS04UA4444', agency='Tharuni'
2025-05-30 21:27:47,212 - FormValidator - INFO - Basic validation passed
2025-05-30 21:27:47,213 - FormValidator - INFO - Validating weighment data
2025-05-30 21:27:47,213 - FormValidator - INFO - Weighment data: first_weight='18120.00', first_timestamp='30-05-2025 21:27:39', second_weight='', second_timestamp=''
2025-05-30 21:27:47,214 - FormValidator - INFO - Weighment validation passed
2025-05-30 21:27:47,214 - FormValidator - INFO - Validating images for second weighment
2025-05-30 21:27:47,215 - FormValidator - INFO - Images validation for second: front=False, back=False
2025-05-30 21:27:48,072 - DataManager - INFO - Successfully loaded 52 records from data\Tharuni_Guntur_data.csv
2025-05-30 21:27:48,073 - DataManager - INFO - Successfully loaded 52 records from data\Tharuni_Guntur_data.csv
2025-05-30 21:27:48,076 - FormValidator - INFO - User chose to continue without images
2025-05-30 21:27:48,076 - FormValidator - INFO - Form validation passed successfully
2025-05-30 21:27:48,078 - TharuniApp - INFO - Saving record for ticket: T0052
2025-05-30 21:27:48,078 - TharuniApp - INFO - Form data keys: ['date', 'time', 'site_name', 'agency_name', 'material', 'ticket_no', 'vehicle_no', 'transfer_party_name', 'first_weight', 'first_timestamp', 'second_weight', 'second_timestamp', 'net_weight', 'material_type', 'first_front_image', 'first_back_image', 'second_front_image', 'second_back_image', 'site_incharge', 'user_name']
2025-05-30 21:27:48,079 - TharuniApp - INFO - Record is complete: False
2025-05-30 21:27:48,079 - TharuniApp - INFO - Calling data_manager.save_record for T0052
2025-05-30 21:27:48,079 - DataManager - INFO - ==================================================
2025-05-30 21:27:48,080 - DataManager - INFO - STARTING OFFLINE-FIRST RECORD SAVE WITH JSON BACKUP
2025-05-30 21:27:48,080 - DataManager - INFO - Input data keys: ['date', 'time', 'site_name', 'agency_name', 'material', 'ticket_no', 'vehicle_no', 'transfer_party_name', 'first_weight', 'first_timestamp', 'second_weight', 'second_timestamp', 'net_weight', 'material_type', 'first_front_image', 'first_back_image', 'second_front_image', 'second_back_image', 'site_incharge', 'user_name']
2025-05-30 21:27:48,080 - DataManager - INFO - Net weight cleared - incomplete weighments
2025-05-30 21:27:48,081 - DataManager - INFO - Using data file: data\Tharuni_Guntur_data.csv
2025-05-30 21:27:48,083 - DataManager - INFO - Successfully loaded 52 records from data\Tharuni_Guntur_data.csv
2025-05-30 21:27:48,084 - DataManager - INFO - Filtered 52 records to 0 using filter: 't0052'
2025-05-30 21:27:48,085 - DataManager - INFO - Adding new record: T0052
2025-05-30 21:27:48,085 - DataManager - INFO - Adding new record to CSV
2025-05-30 21:27:48,086 - DataManager - INFO - Record data: ['30-05-2025', '21:27:48', 'Guntur', 'Tharuni', 'Inert', 'T0052', 'TS04UA4444', 'Jindal', '18120.00', '30-05-2025 21:27:39', '', '', '', 'Inert', 'Guntur_TS04UA4444_20250530_212744_1st_front.jpg', '', '', '', '', 'admin']
2025-05-30 21:27:48,087 - DataManager - INFO - ✅ New record added to data\Tharuni_Guntur_data.csv
2025-05-30 21:27:48,087 - DataManager - INFO - ✅ Record T0052 saved to local CSV successfully
2025-05-30 21:27:48,087 - DataManager - INFO - Record completion status: False
2025-05-30 21:27:49,193 - DataManager - INFO - Successfully loaded 53 records from data\Tharuni_Guntur_data.csv
2025-05-30 21:27:49,194 - DataManager - INFO - Successfully loaded 53 records from data\Tharuni_Guntur_data.csv
2025-05-30 21:27:49,199 - DataManager - INFO - ✅ OFFLINE-FIRST SAVE COMPLETED - Local CSV, JSON backup, and PDF generated
2025-05-30 21:27:49,200 - DataManager - INFO - 💡 Cloud backup available via Settings > Cloud Storage > Backup
2025-05-30 21:27:49,201 - DataManager - INFO - ==================================================
2025-05-30 21:27:49,202 - TharuniApp - INFO - ✅ Record T0052 saved successfully
2025-05-30 21:27:49,202 - TharuniApp - INFO - First weighment saved for ticket T0052 - counter NOT incremented
2025-05-30 21:27:50,316 - DataManager - INFO - Successfully loaded 53 records from data\Tharuni_Guntur_data.csv
2025-05-30 21:27:50,317 - DataManager - INFO - Successfully loaded 53 records from data\Tharuni_Guntur_data.csv
2025-05-30 21:27:50,598 - DataManager - INFO - Successfully loaded 53 records from data\Tharuni_Guntur_data.csv
2025-05-30 21:27:50,598 - DataManager - INFO - Returning all 53 records (no filter)
2025-05-30 21:27:50,600 - PendingVehiclesPanel - INFO - Refreshing pending vehicles list
2025-05-30 21:27:50,601 - DataManager - INFO - Successfully loaded 53 records from data\Tharuni_Guntur_data.csv
2025-05-30 21:27:50,601 - PendingVehiclesPanel - INFO - Retrieved 53 total records
2025-05-30 21:27:50,601 - PendingVehiclesPanel - INFO - Added to pending: T0052
2025-05-30 21:27:50,602 - PendingVehiclesPanel - INFO - Found 1 pending records
2025-05-30 21:27:50,603 - PendingVehiclesPanel - INFO - Successfully refreshed pending list with 1 items
2025-05-30 21:27:50,603 - TharuniApp - INFO - SAVE RECORD OPERATION COMPLETED SUCCESSFULLY
2025-05-30 21:27:50,603 - TharuniApp - INFO - ==================================================
2025-05-30 21:27:53,494 - DataManager - INFO - Successfully loaded 53 records from data\Tharuni_Guntur_data.csv
2025-05-30 21:27:53,495 - DataManager - INFO - Successfully loaded 53 records from data\Tharuni_Guntur_data.csv
2025-05-30 21:27:55,966 - PendingVehiclesPanel - INFO - Double-clicked on ticket: T0052
2025-05-30 21:27:55,967 - TharuniApp - INFO - Loading pending vehicle: T0052
2025-05-30 21:27:55,971 - DataManager - INFO - Successfully loaded 53 records from data\Tharuni_Guntur_data.csv
2025-05-30 21:27:55,972 - DataManager - INFO - Filtered 53 records to 1 using filter: 't0052'
2025-05-30 21:27:55,975 - DataManager - INFO - CSV structure is up to date
2025-05-30 21:27:55,977 - DataManager - INFO - Data context set to: Agency='Tharuni', Site='Guntur'
2025-05-30 21:27:55,978 - DataManager - INFO - Data file: data\Tharuni_Guntur_data.csv
2025-05-30 21:27:55,985 - TharuniApp - INFO - Successfully loaded pending ticket: T0052
2025-05-30 21:28:02,737 - FormValidator - INFO - Vehicle validation passed: TS04UA4444
2025-05-30 21:28:05,207 - TharuniApp - INFO - ==================================================
2025-05-30 21:28:05,208 - TharuniApp - INFO - SAVE RECORD OPERATION STARTED
2025-05-30 21:28:05,208 - FormValidator - INFO - Starting comprehensive form validation
2025-05-30 21:28:05,209 - FormValidator - INFO - Validating basic fields
2025-05-30 21:28:05,209 - FormValidator - INFO - Field values: ticket='T0052', vehicle='TS04UA4444', agency='Tharuni'
2025-05-30 21:28:05,210 - FormValidator - INFO - Basic validation passed
2025-05-30 21:28:05,210 - FormValidator - INFO - Validating weighment data
2025-05-30 21:28:05,211 - FormValidator - INFO - Weighment data: first_weight='18120.00', first_timestamp='30-05-2025 21:27:39', second_weight='5990.00', second_timestamp='30-05-2025 21:27:58'
2025-05-30 21:28:05,211 - FormValidator - INFO - Weighment validation passed
2025-05-30 21:28:05,212 - FormValidator - INFO - Validating images for second weighment
2025-05-30 21:28:05,212 - FormValidator - INFO - Images validation for second: front=True, back=False
2025-05-30 21:28:05,213 - FormValidator - INFO - Form validation passed successfully
2025-05-30 21:28:05,215 - TharuniApp - INFO - Saving record for ticket: T0052
2025-05-30 21:28:05,216 - TharuniApp - INFO - Form data keys: ['date', 'time', 'site_name', 'agency_name', 'material', 'ticket_no', 'vehicle_no', 'transfer_party_name', 'first_weight', 'first_timestamp', 'second_weight', 'second_timestamp', 'net_weight', 'material_type', 'first_front_image', 'first_back_image', 'second_front_image', 'second_back_image', 'site_incharge', 'user_name']
2025-05-30 21:28:05,217 - TharuniApp - INFO - Record is complete: True
2025-05-30 21:28:05,217 - TharuniApp - INFO - Calling data_manager.save_record for T0052
2025-05-30 21:28:05,218 - DataManager - INFO - ==================================================
2025-05-30 21:28:05,218 - DataManager - INFO - STARTING OFFLINE-FIRST RECORD SAVE WITH JSON BACKUP
2025-05-30 21:28:05,219 - DataManager - INFO - Input data keys: ['date', 'time', 'site_name', 'agency_name', 'material', 'ticket_no', 'vehicle_no', 'transfer_party_name', 'first_weight', 'first_timestamp', 'second_weight', 'second_timestamp', 'net_weight', 'material_type', 'first_front_image', 'first_back_image', 'second_front_image', 'second_back_image', 'site_incharge', 'user_name']
2025-05-30 21:28:05,220 - DataManager - INFO - Net weight calculated: 18120.0 - 5990.0 = 12130.00
2025-05-30 21:28:05,220 - DataManager - INFO - Using data file: data\Tharuni_Guntur_data.csv
2025-05-30 21:28:05,222 - DataManager - INFO - Successfully loaded 53 records from data\Tharuni_Guntur_data.csv
2025-05-30 21:28:05,223 - DataManager - INFO - Filtered 53 records to 1 using filter: 't0052'
2025-05-30 21:28:05,224 - DataManager - INFO - Updating existing record: T0052
2025-05-30 21:28:05,224 - DataManager - INFO - Updating record T0052 in data\Tharuni_Guntur_data.csv
2025-05-30 21:28:05,225 - DataManager - INFO - Read 53 records from CSV
2025-05-30 21:28:05,226 - DataManager - INFO - Found record to update at index 52
2025-05-30 21:28:05,226 - DataManager - INFO - Updated record data: ['30-05-2025', '21:28:05', 'Guntur', 'Tharuni', 'Inert', 'T0052', 'TS04UA4444', 'Jindal', '18120.00', '30-05-2025 21:27:39', '5990.00', '30-05-2025 21:27:58', '12130.00', 'Inert', 'Guntur_TS04UA4444_20250530_212744_1st_front.jpg', '', 'Guntur_TS04UA4444_20250530_212802_2nd_front.jpg', '', '', 'admin']
2025-05-30 21:28:05,234 - DataManager - INFO - ✅ Record T0052 updated in data\Tharuni_Guntur_data.csv
2025-05-30 21:28:05,235 - DataManager - INFO - ✅ Record T0052 saved to local CSV successfully
2025-05-30 21:28:05,235 - DataManager - INFO - Record completion status: True
2025-05-30 21:28:05,236 - DataManager - INFO - Complete record detected - saving JSON backup locally...
2025-05-30 21:28:05,237 - DataManager - INFO - Created new daily JSON folder: data\json_backups\2025-05-30
2025-05-30 21:28:05,238 - DataManager - INFO - ✅ JSON backup saved: data\json_backups\2025-05-30\T0052_Tharuni_Guntur_212805.json
2025-05-30 21:28:05,239 - DataManager - INFO - ✅ JSON backup saved locally for T0052
2025-05-30 21:28:05,239 - DataManager - INFO - Complete record detected for ticket T0052 - generating PDF locally...
2025-05-30 21:28:05,240 - DataManager - INFO - Today's reports folder ensured: data\reports\2025-05-30
2025-05-30 21:28:05,240 - DataManager - INFO - Reports will be saved to: data\reports\2025-05-30
2025-05-30 21:28:05,241 - DataManager - INFO - Today's reports folder ensured: data\reports\2025-05-30
2025-05-30 21:28:05,244 - DataManager - INFO - SIMPLE TEST - Net display: '12130.00 kg'
2025-05-30 21:28:05,256 - DataManager - WARNING - Watermark error: cannot access local variable 'site' where it is not associated with a value, using image without watermark
2025-05-30 21:28:05,277 - DataManager - WARNING - Watermark error: cannot access local variable 'site' where it is not associated with a value, using image without watermark
2025-05-30 21:28:05,288 - DataManager - INFO - Building PDF document: data\reports\2025-05-30\Tharuni_Guntur_T0052_TS04UA4444_212805.pdf
2025-05-30 21:28:05,327 - DataManager - INFO - PDF created successfully: data\reports\2025-05-30\Tharuni_Guntur_T0052_TS04UA4444_212805.pdf (98370 bytes)
2025-05-30 21:28:05,327 - DataManager - INFO - Auto-generated PDF: data\reports\2025-05-30\Tharuni_Guntur_T0052_TS04UA4444_212805.pdf
2025-05-30 21:28:05,328 - DataManager - INFO - PDF saved to today's reports folder: data\reports\2025-05-30
2025-05-30 21:28:05,328 - DataManager - INFO - ✅ PDF auto-generated locally: data\reports\2025-05-30\Tharuni_Guntur_T0052_TS04UA4444_212805.pdf
2025-05-30 21:28:06,630 - DataManager - INFO - ✅ OFFLINE-FIRST SAVE COMPLETED - Local CSV, JSON backup, and PDF generated
2025-05-30 21:28:06,631 - DataManager - INFO - 📂 PDF saved to today's reports folder: data\reports\2025-05-30
2025-05-30 21:28:06,631 - DataManager - INFO - 💡 Cloud backup available via Settings > Cloud Storage > Backup
2025-05-30 21:28:06,632 - DataManager - INFO - ==================================================
2025-05-30 21:28:06,632 - TharuniApp - INFO - ✅ Record T0052 saved successfully
2025-05-30 21:28:06,636 - TharuniApp - INFO - ✅ Ticket T0052 completed - counter incremented
2025-05-30 21:28:06,636 - TharuniApp - INFO - Removing T0052 from pending vehicles list
2025-05-30 21:28:06,636 - PendingVehiclesPanel - INFO - Attempting to remove ticket T0052 from pending list
2025-05-30 21:28:06,637 - PendingVehiclesPanel - INFO - Removed ticket T0052 from pending list
2025-05-30 21:28:06,656 - TharuniApp - INFO - ✅ Complete record processing finished for T0052
2025-05-30 21:28:06,670 - DataManager - INFO - Successfully loaded 53 records from data\Tharuni_Guntur_data.csv
2025-05-30 21:28:06,670 - DataManager - INFO - Returning all 53 records (no filter)
2025-05-30 21:28:06,671 - PendingVehiclesPanel - INFO - Refreshing pending vehicles list
2025-05-30 21:28:06,672 - DataManager - INFO - Successfully loaded 53 records from data\Tharuni_Guntur_data.csv
2025-05-30 21:28:06,673 - PendingVehiclesPanel - INFO - Retrieved 53 total records
2025-05-30 21:28:06,673 - PendingVehiclesPanel - INFO - Found 0 pending records
2025-05-30 21:28:06,673 - PendingVehiclesPanel - INFO - Successfully refreshed pending list with 0 items
2025-05-30 21:28:06,673 - TharuniApp - INFO - SAVE RECORD OPERATION COMPLETED SUCCESSFULLY
2025-05-30 21:28:06,674 - TharuniApp - INFO - ==================================================
2025-05-30 21:28:11,980 - DataManager - INFO - Cloud storage initialized on demand
2025-05-30 21:28:11,984 - DataManager - INFO - Found 51 JSON backup files for bulk upload
2025-05-30 21:28:12,022 - DataManager - INFO - Successfully loaded 53 records from data\Tharuni_Guntur_data.csv
2025-05-30 21:28:21,223 - DataManager - INFO - Found 51 JSON backup files for bulk upload
2025-05-30 21:28:33,261 - PendingVehiclesPanel - INFO - Refreshing pending vehicles list
2025-05-30 21:28:33,262 - DataManager - INFO - Successfully loaded 53 records from data\Tharuni_Guntur_data.csv
2025-05-30 21:28:33,262 - PendingVehiclesPanel - INFO - Retrieved 53 total records
2025-05-30 21:28:33,263 - PendingVehiclesPanel - INFO - Found 0 pending records
2025-05-30 21:28:33,263 - PendingVehiclesPanel - INFO - Successfully refreshed pending list with 0 items
2025-05-30 21:28:33,263 - DataManager - INFO - Created new daily folder: data\reports\30-05
2025-05-30 21:29:00,947 - TharuniApp - INFO - Authentication canceled - exiting application
2025-05-30 21:29:00,948 - TharuniApp - INFO - User authentication failed or canceled - exiting
2025-05-30 21:29:05,880 - TharuniApp - INFO - ============================================================
2025-05-30 21:29:05,880 - TharuniApp - INFO - APPLICATION STARTUP
2025-05-30 21:29:05,880 - TharuniApp - INFO - ============================================================
2025-05-30 21:29:05,883 - TharuniApp - INFO - Configuration setup completed
2025-05-30 21:29:05,884 - DataManager - INFO - DataManager initialized with OFFLINE-FIRST approach + JSON local storage
2025-05-30 21:29:05,884 - DataManager - INFO - CSV structure is up to date
2025-05-30 21:29:05,885 - DataManager - INFO - Daily PDF folder structure ready:
2025-05-30 21:29:05,885 - DataManager - INFO -   Base reports folder: data\reports
2025-05-30 21:29:05,885 - DataManager - INFO -   Today's folder: data\reports\2025-05-30
2025-05-30 21:29:05,886 - DataManager - INFO - Data file: data\weighbridge_data.csv
2025-05-30 21:29:05,886 - DataManager - INFO - Reports folder: data\reports
2025-05-30 21:29:05,886 - DataManager - INFO - JSON backup folder: data\json_backups
2025-05-30 21:29:05,887 - DataManager - INFO - PDF folder: data\reports\2025-05-30
2025-05-30 21:29:05,887 - DataManager - INFO - Cloud storage will only be initialized when backup is requested
2025-05-30 21:29:05,887 - TharuniApp - INFO - Data manager initialized
2025-05-30 21:29:05,890 - TharuniApp - INFO - Settings storage initialized
2025-05-30 21:29:05,892 - TharuniApp - INFO - UI styles initialized
2025-05-30 21:29:05,892 - TharuniApp - INFO - Starting user authentication
2025-05-30 21:29:09,069 - TharuniApp - INFO - Authentication successful: admin
2025-05-30 21:29:09,069 - TharuniApp - INFO - User logged in: admin (Role: admin)
2025-05-30 21:29:09,070 - TharuniApp - INFO - Setting up data context
2025-05-30 21:29:09,070 - DataManager - INFO - CSV structure is up to date
2025-05-30 21:29:09,071 - DataManager - INFO - Data context set to: Agency='Tharuni', Site='Guntur'
2025-05-30 21:29:09,071 - DataManager - INFO - Data file: data\Tharuni_Guntur_data.csv
2025-05-30 21:29:09,071 - TharuniApp - INFO - Data context initialized: Agency='Tharuni', Site='Guntur'
2025-05-30 21:29:09,071 - TharuniApp - INFO - Data will be saved to: data\Tharuni_Guntur_data.csv
2025-05-30 21:29:09,071 - TharuniApp - INFO - PDFs will be saved to: data\reports\2025-05-30
2025-05-30 21:29:09,071 - TharuniApp - INFO - Creating application widgets
2025-05-30 21:29:09,083 - TharuniApp - INFO - Creating main panel
2025-05-30 21:29:09,090 - FormValidator - INFO - FormValidator initialized
2025-05-30 21:29:09,099 - DataManager - INFO - Successfully loaded 53 records from data\Tharuni_Guntur_data.csv
2025-05-30 21:29:10,091 - DataManager - INFO - Successfully loaded 53 records from data\Tharuni_Guntur_data.csv
2025-05-30 21:29:10,091 - TharuniApp - INFO - Main form created
2025-05-30 21:29:10,093 - DataManager - INFO - CSV structure is up to date
2025-05-30 21:29:10,093 - DataManager - INFO - Data context set to: Agency='Tharuni', Site='Guntur'
2025-05-30 21:29:10,094 - DataManager - INFO - Data file: data\Tharuni_Guntur_data.csv
2025-05-30 21:29:10,094 - DataManager - INFO - CSV structure is up to date
2025-05-30 21:29:10,095 - DataManager - INFO - Data context set to: Agency='Tharuni', Site='Guntur'
2025-05-30 21:29:10,095 - DataManager - INFO - Data file: data\Tharuni_Guntur_data.csv
2025-05-30 21:29:10,095 - DataManager - INFO - CSV structure is up to date
2025-05-30 21:29:10,096 - DataManager - INFO - Data context set to: Agency='Tharuni', Site='Guntur'
2025-05-30 21:29:10,096 - DataManager - INFO - Data file: data\Tharuni_Guntur_data.csv
2025-05-30 21:29:10,096 - PendingVehiclesPanel - INFO - PendingVehiclesPanel initialized
2025-05-30 21:29:10,100 - PendingVehiclesPanel - INFO - Refreshing pending vehicles list
2025-05-30 21:29:10,102 - DataManager - INFO - Successfully loaded 53 records from data\Tharuni_Guntur_data.csv
2025-05-30 21:29:10,102 - PendingVehiclesPanel - INFO - Retrieved 53 total records
2025-05-30 21:29:10,102 - PendingVehiclesPanel - INFO - Found 0 pending records
2025-05-30 21:29:10,103 - PendingVehiclesPanel - INFO - Successfully refreshed pending list with 0 items
2025-05-30 21:29:10,103 - TharuniApp - INFO - Pending vehicles panel created
2025-05-30 21:29:10,301 - TharuniApp - INFO - Main panel creation completed
2025-05-30 21:29:10,308 - TharuniApp - INFO - Summary panel created
2025-05-30 21:29:10,459 - TharuniApp - INFO - ✅ Data manager reference set in settings panel
2025-05-30 21:29:10,460 - TharuniApp - INFO - Widget creation completed successfully
2025-05-30 21:29:10,460 - PendingVehiclesPanel - INFO - Refreshing pending vehicles list
2025-05-30 21:29:10,461 - DataManager - INFO - Successfully loaded 53 records from data\Tharuni_Guntur_data.csv
2025-05-30 21:29:10,461 - PendingVehiclesPanel - INFO - Retrieved 53 total records
2025-05-30 21:29:10,462 - PendingVehiclesPanel - INFO - Found 0 pending records
2025-05-30 21:29:10,462 - PendingVehiclesPanel - INFO - Successfully refreshed pending list with 0 items
2025-05-30 21:29:10,462 - DataManager - INFO - Created new daily folder: data\reports\30-05
2025-05-30 21:29:10,463 - TharuniApp - INFO - Application initialization completed successfully
2025-05-30 21:29:11,466 - TharuniApp - INFO - Ensuring settings persistence...
2025-05-30 21:29:11,469 - TharuniApp - INFO - Settings persistence check completed
2025-05-30 21:29:12,505 - DataManager - INFO - Successfully loaded 53 records from data\Tharuni_Guntur_data.csv
2025-05-30 21:29:12,528 - DataManager - INFO - Successfully loaded 53 records from data\Tharuni_Guntur_data.csv
2025-05-30 21:29:12,530 - DataManager - INFO - Successfully loaded 53 records from data\Tharuni_Guntur_data.csv
2025-05-30 21:29:13,099 - DataManager - INFO - Successfully loaded 53 records from data\Tharuni_Guntur_data.csv
2025-05-30 21:29:13,100 - DataManager - INFO - Successfully loaded 53 records from data\Tharuni_Guntur_data.csv
2025-05-30 21:29:14,864 - DataManager - INFO - Successfully loaded 53 records from data\Tharuni_Guntur_data.csv
2025-05-30 21:29:14,865 - DataManager - INFO - Successfully loaded 53 records from data\Tharuni_Guntur_data.csv
2025-05-30 21:29:17,083 - DataManager - INFO - Successfully loaded 53 records from data\Tharuni_Guntur_data.csv
2025-05-30 21:29:17,084 - DataManager - INFO - Successfully loaded 53 records from data\Tharuni_Guntur_data.csv
2025-05-30 21:29:19,303 - TharuniApp - INFO - ==================================================
2025-05-30 21:29:19,304 - TharuniApp - INFO - SAVE RECORD OPERATION STARTED
2025-05-30 21:29:19,305 - FormValidator - INFO - Starting comprehensive form validation
2025-05-30 21:29:19,305 - FormValidator - INFO - Validating basic fields
2025-05-30 21:29:19,306 - FormValidator - INFO - Field values: ticket='T0053', vehicle='TS04UA4444', agency='Tharuni'
2025-05-30 21:29:19,306 - FormValidator - INFO - Basic validation passed
2025-05-30 21:29:19,306 - FormValidator - INFO - Validating weighment data
2025-05-30 21:29:19,307 - FormValidator - INFO - Weighment data: first_weight='21220.00', first_timestamp='30-05-2025 21:29:13', second_weight='6120.00', second_timestamp='30-05-2025 21:29:15'
2025-05-30 21:29:19,307 - FormValidator - INFO - Weighment validation passed
2025-05-30 21:29:19,308 - FormValidator - INFO - Validating images for second weighment
2025-05-30 21:29:19,308 - FormValidator - INFO - Images validation for second: front=False, back=False
2025-05-30 21:29:20,337 - DataManager - INFO - Successfully loaded 53 records from data\Tharuni_Guntur_data.csv
2025-05-30 21:29:20,338 - DataManager - INFO - Successfully loaded 53 records from data\Tharuni_Guntur_data.csv
2025-05-30 21:29:20,342 - FormValidator - INFO - User chose to continue without images
2025-05-30 21:29:20,342 - FormValidator - INFO - Form validation passed successfully
2025-05-30 21:29:20,343 - TharuniApp - INFO - Saving record for ticket: T0053
2025-05-30 21:29:20,344 - TharuniApp - INFO - Form data keys: ['date', 'time', 'site_name', 'agency_name', 'material', 'ticket_no', 'vehicle_no', 'transfer_party_name', 'first_weight', 'first_timestamp', 'second_weight', 'second_timestamp', 'net_weight', 'material_type', 'first_front_image', 'first_back_image', 'second_front_image', 'second_back_image', 'site_incharge', 'user_name']
2025-05-30 21:29:20,344 - TharuniApp - INFO - Record is complete: True
2025-05-30 21:29:20,345 - TharuniApp - INFO - Calling data_manager.save_record for T0053
2025-05-30 21:29:20,345 - DataManager - INFO - ==================================================
2025-05-30 21:29:20,345 - DataManager - INFO - STARTING OFFLINE-FIRST RECORD SAVE WITH JSON BACKUP
2025-05-30 21:29:20,346 - DataManager - INFO - Input data keys: ['date', 'time', 'site_name', 'agency_name', 'material', 'ticket_no', 'vehicle_no', 'transfer_party_name', 'first_weight', 'first_timestamp', 'second_weight', 'second_timestamp', 'net_weight', 'material_type', 'first_front_image', 'first_back_image', 'second_front_image', 'second_back_image', 'site_incharge', 'user_name']
2025-05-30 21:29:20,346 - DataManager - INFO - Net weight calculated: 21220.0 - 6120.0 = 15100.00
2025-05-30 21:29:20,346 - DataManager - INFO - Using data file: data\Tharuni_Guntur_data.csv
2025-05-30 21:29:20,347 - DataManager - INFO - Successfully loaded 53 records from data\Tharuni_Guntur_data.csv
2025-05-30 21:29:20,348 - DataManager - INFO - Filtered 53 records to 0 using filter: 't0053'
2025-05-30 21:29:20,349 - DataManager - INFO - Adding new record: T0053
2025-05-30 21:29:20,349 - DataManager - INFO - Adding new record to CSV
2025-05-30 21:29:20,350 - DataManager - INFO - Record data: ['30-05-2025', '21:29:20', 'Guntur', 'Tharuni', 'Inert', 'T0053', 'TS04UA4444', 'Jindal', '21220.00', '30-05-2025 21:29:13', '6120.00', '30-05-2025 21:29:15', '15100.00', 'Inert', '', '', '', '', '', 'admin']
2025-05-30 21:29:20,351 - DataManager - INFO - ✅ New record added to data\Tharuni_Guntur_data.csv
2025-05-30 21:29:20,352 - DataManager - INFO - ✅ Record T0053 saved to local CSV successfully
2025-05-30 21:29:20,352 - DataManager - INFO - Record completion status: True
2025-05-30 21:29:20,352 - DataManager - INFO - Complete record detected - saving JSON backup locally...
2025-05-30 21:29:20,353 - DataManager - INFO - Created new daily JSON folder: data\json_backups\2025-05-30
2025-05-30 21:29:20,354 - DataManager - INFO - ✅ JSON backup saved: data\json_backups\2025-05-30\T0053_Tharuni_Guntur_212920.json
2025-05-30 21:29:20,354 - DataManager - INFO - ✅ JSON backup saved locally for T0053
2025-05-30 21:29:20,354 - DataManager - INFO - Complete record detected for ticket T0053 - generating PDF locally...
2025-05-30 21:29:20,355 - DataManager - INFO - Today's reports folder ensured: data\reports\2025-05-30
2025-05-30 21:29:20,355 - DataManager - INFO - Reports will be saved to: data\reports\2025-05-30
2025-05-30 21:29:20,356 - DataManager - INFO - Today's reports folder ensured: data\reports\2025-05-30
2025-05-30 21:29:20,358 - DataManager - INFO - SIMPLE TEST - Net display: '15100.00 kg'
2025-05-30 21:29:20,359 - DataManager - INFO - Building PDF document: data\reports\2025-05-30\Tharuni_Guntur_T0053_TS04UA4444_212920.pdf
2025-05-30 21:29:20,371 - DataManager - INFO - PDF created successfully: data\reports\2025-05-30\Tharuni_Guntur_T0053_TS04UA4444_212920.pdf (2963 bytes)
2025-05-30 21:29:20,371 - DataManager - INFO - Auto-generated PDF: data\reports\2025-05-30\Tharuni_Guntur_T0053_TS04UA4444_212920.pdf
2025-05-30 21:29:20,372 - DataManager - INFO - PDF saved to today's reports folder: data\reports\2025-05-30
2025-05-30 21:29:20,372 - DataManager - INFO - ✅ PDF auto-generated locally: data\reports\2025-05-30\Tharuni_Guntur_T0053_TS04UA4444_212920.pdf
2025-05-30 21:29:21,612 - DataManager - INFO - Successfully loaded 54 records from data\Tharuni_Guntur_data.csv
2025-05-30 21:29:21,613 - DataManager - INFO - Successfully loaded 54 records from data\Tharuni_Guntur_data.csv
2025-05-30 21:29:21,618 - DataManager - INFO - ✅ OFFLINE-FIRST SAVE COMPLETED - Local CSV, JSON backup, and PDF generated
2025-05-30 21:29:21,619 - DataManager - INFO - 📂 PDF saved to today's reports folder: data\reports\2025-05-30
2025-05-30 21:29:21,619 - DataManager - INFO - 💡 Cloud backup available via Settings > Cloud Storage > Backup
2025-05-30 21:29:21,619 - DataManager - INFO - ==================================================
2025-05-30 21:29:21,620 - TharuniApp - INFO - ✅ Record T0053 saved successfully
2025-05-30 21:29:21,624 - TharuniApp - INFO - ✅ Ticket T0053 completed - counter incremented
2025-05-30 21:29:21,625 - TharuniApp - INFO - Removing T0053 from pending vehicles list
2025-05-30 21:29:21,625 - PendingVehiclesPanel - INFO - Attempting to remove ticket T0053 from pending list
2025-05-30 21:29:21,625 - PendingVehiclesPanel - WARNING - Ticket T0053 not found in pending list for removal
2025-05-30 21:29:21,625 - PendingVehiclesPanel - INFO - Refreshing pending vehicles list
2025-05-30 21:29:21,626 - DataManager - INFO - Successfully loaded 54 records from data\Tharuni_Guntur_data.csv
2025-05-30 21:29:21,627 - PendingVehiclesPanel - INFO - Retrieved 54 total records
2025-05-30 21:29:21,627 - PendingVehiclesPanel - INFO - Found 0 pending records
2025-05-30 21:29:21,627 - PendingVehiclesPanel - INFO - Successfully refreshed pending list with 0 items
2025-05-30 21:29:21,935 - TharuniApp - INFO - ✅ Complete record processing finished for T0053
2025-05-30 21:29:21,936 - DataManager - INFO - Successfully loaded 54 records from data\Tharuni_Guntur_data.csv
2025-05-30 21:29:21,936 - DataManager - INFO - Returning all 54 records (no filter)
2025-05-30 21:29:21,937 - PendingVehiclesPanel - INFO - Refreshing pending vehicles list
2025-05-30 21:29:21,938 - DataManager - INFO - Successfully loaded 54 records from data\Tharuni_Guntur_data.csv
2025-05-30 21:29:21,938 - PendingVehiclesPanel - INFO - Retrieved 54 total records
2025-05-30 21:29:21,939 - PendingVehiclesPanel - INFO - Found 0 pending records
2025-05-30 21:29:21,939 - PendingVehiclesPanel - INFO - Successfully refreshed pending list with 0 items
2025-05-30 21:29:21,939 - TharuniApp - INFO - SAVE RECORD OPERATION COMPLETED SUCCESSFULLY
2025-05-30 21:29:21,940 - TharuniApp - INFO - ==================================================
2025-05-30 21:29:27,797 - DataManager - INFO - Cloud storage initialized on demand
2025-05-30 21:29:27,798 - DataManager - INFO - Found 52 JSON backup files for bulk upload
2025-05-30 21:29:27,832 - DataManager - INFO - Successfully loaded 54 records from data\Tharuni_Guntur_data.csv
2025-05-30 21:29:36,692 - DataManager - INFO - Found 52 JSON backup files for bulk upload
2025-05-30 21:30:10,467 - PendingVehiclesPanel - INFO - Refreshing pending vehicles list
2025-05-30 21:30:10,471 - DataManager - INFO - Successfully loaded 54 records from data\Tharuni_Guntur_data.csv
2025-05-30 21:30:10,472 - PendingVehiclesPanel - INFO - Retrieved 54 total records
2025-05-30 21:30:10,473 - PendingVehiclesPanel - INFO - Found 0 pending records
2025-05-30 21:30:10,474 - PendingVehiclesPanel - INFO - Successfully refreshed pending list with 0 items
2025-05-30 21:30:10,477 - DataManager - INFO - Created new daily folder: data\reports\30-05
2025-05-30 21:31:10,481 - PendingVehiclesPanel - INFO - Refreshing pending vehicles list
2025-05-30 21:31:10,484 - DataManager - INFO - Successfully loaded 54 records from data\Tharuni_Guntur_data.csv
2025-05-30 21:31:10,485 - PendingVehiclesPanel - INFO - Retrieved 54 total records
2025-05-30 21:31:10,486 - PendingVehiclesPanel - INFO - Found 0 pending records
2025-05-30 21:31:10,487 - PendingVehiclesPanel - INFO - Successfully refreshed pending list with 0 items
2025-05-30 21:31:29,469 - DataManager - INFO - Found 52 JSON backup files for bulk upload
2025-05-30 21:31:29,498 - DataManager - INFO - Successfully loaded 54 records from data\Tharuni_Guntur_data.csv
2025-05-30 21:31:30,875 - DataManager - INFO - Found 52 JSON backup files for bulk upload
2025-05-30 21:31:36,022 - TharuniApp - INFO - ============================================================
2025-05-30 21:31:36,022 - TharuniApp - INFO - APPLICATION STARTUP
2025-05-30 21:31:36,023 - TharuniApp - INFO - ============================================================
2025-05-30 21:31:36,026 - TharuniApp - INFO - Configuration setup completed
2025-05-30 21:31:36,027 - DataManager - INFO - DataManager initialized with OFFLINE-FIRST approach + JSON local storage
2025-05-30 21:31:36,027 - DataManager - INFO - CSV structure is up to date
2025-05-30 21:31:36,027 - DataManager - INFO - Daily PDF folder structure ready:
2025-05-30 21:31:36,028 - DataManager - INFO -   Base reports folder: data\reports
2025-05-30 21:31:36,028 - DataManager - INFO -   Today's folder: data\reports\2025-05-30
2025-05-30 21:31:36,028 - DataManager - INFO - Data file: data\weighbridge_data.csv
2025-05-30 21:31:36,029 - DataManager - INFO - Reports folder: data\reports
2025-05-30 21:31:36,029 - DataManager - INFO - JSON backup folder: data\json_backups
2025-05-30 21:31:36,029 - DataManager - INFO - PDF folder: data\reports\2025-05-30
2025-05-30 21:31:36,029 - DataManager - INFO - Cloud storage will only be initialized when backup is requested
2025-05-30 21:31:36,030 - TharuniApp - INFO - Data manager initialized
2025-05-30 21:31:36,032 - TharuniApp - INFO - Settings storage initialized
2025-05-30 21:31:36,035 - TharuniApp - INFO - UI styles initialized
2025-05-30 21:31:36,035 - TharuniApp - INFO - Starting user authentication
2025-05-30 21:31:41,293 - TharuniApp - INFO - Authentication successful: admin
2025-05-30 21:31:41,294 - TharuniApp - INFO - User logged in: admin (Role: admin)
2025-05-30 21:31:41,294 - TharuniApp - INFO - Setting up data context
2025-05-30 21:31:41,295 - DataManager - INFO - CSV structure is up to date
2025-05-30 21:31:41,295 - DataManager - INFO - Data context set to: Agency='Tharuni', Site='Guntur'
2025-05-30 21:31:41,295 - DataManager - INFO - Data file: data\Tharuni_Guntur_data.csv
2025-05-30 21:31:41,295 - TharuniApp - INFO - Data context initialized: Agency='Tharuni', Site='Guntur'
2025-05-30 21:31:41,295 - TharuniApp - INFO - Data will be saved to: data\Tharuni_Guntur_data.csv
2025-05-30 21:31:41,296 - TharuniApp - INFO - PDFs will be saved to: data\reports\2025-05-30
2025-05-30 21:31:41,296 - TharuniApp - INFO - Creating application widgets
2025-05-30 21:31:41,312 - TharuniApp - INFO - Creating main panel
2025-05-30 21:31:41,316 - FormValidator - INFO - FormValidator initialized
2025-05-30 21:31:41,324 - DataManager - INFO - Successfully loaded 54 records from data\Tharuni_Guntur_data.csv
2025-05-30 21:31:42,370 - DataManager - INFO - Successfully loaded 54 records from data\Tharuni_Guntur_data.csv
2025-05-30 21:31:42,370 - TharuniApp - INFO - Main form created
2025-05-30 21:31:42,372 - DataManager - INFO - CSV structure is up to date
2025-05-30 21:31:42,372 - DataManager - INFO - Data context set to: Agency='Tharuni', Site='Guntur'
2025-05-30 21:31:42,372 - DataManager - INFO - Data file: data\Tharuni_Guntur_data.csv
2025-05-30 21:31:42,373 - DataManager - INFO - CSV structure is up to date
2025-05-30 21:31:42,373 - DataManager - INFO - Data context set to: Agency='Tharuni', Site='Guntur'
2025-05-30 21:31:42,373 - DataManager - INFO - Data file: data\Tharuni_Guntur_data.csv
2025-05-30 21:31:42,374 - DataManager - INFO - CSV structure is up to date
2025-05-30 21:31:42,374 - DataManager - INFO - Data context set to: Agency='Tharuni', Site='Guntur'
2025-05-30 21:31:42,374 - DataManager - INFO - Data file: data\Tharuni_Guntur_data.csv
2025-05-30 21:31:42,375 - PendingVehiclesPanel - INFO - PendingVehiclesPanel initialized
2025-05-30 21:31:42,379 - PendingVehiclesPanel - INFO - Refreshing pending vehicles list
2025-05-30 21:31:42,380 - DataManager - INFO - Successfully loaded 54 records from data\Tharuni_Guntur_data.csv
2025-05-30 21:31:42,380 - PendingVehiclesPanel - INFO - Retrieved 54 total records
2025-05-30 21:31:42,380 - PendingVehiclesPanel - INFO - Found 0 pending records
2025-05-30 21:31:42,380 - PendingVehiclesPanel - INFO - Successfully refreshed pending list with 0 items
2025-05-30 21:31:42,381 - TharuniApp - INFO - Pending vehicles panel created
2025-05-30 21:31:42,580 - TharuniApp - INFO - Main panel creation completed
2025-05-30 21:31:42,587 - TharuniApp - INFO - Summary panel created
2025-05-30 21:31:42,742 - TharuniApp - INFO - ✅ Data manager reference set in settings panel
2025-05-30 21:31:42,742 - TharuniApp - INFO - Widget creation completed successfully
2025-05-30 21:31:42,743 - PendingVehiclesPanel - INFO - Refreshing pending vehicles list
2025-05-30 21:31:42,744 - DataManager - INFO - Successfully loaded 54 records from data\Tharuni_Guntur_data.csv
2025-05-30 21:31:42,744 - PendingVehiclesPanel - INFO - Retrieved 54 total records
2025-05-30 21:31:42,744 - PendingVehiclesPanel - INFO - Found 0 pending records
2025-05-30 21:31:42,745 - PendingVehiclesPanel - INFO - Successfully refreshed pending list with 0 items
2025-05-30 21:31:42,745 - DataManager - INFO - Created new daily folder: data\reports\30-05
2025-05-30 21:31:42,746 - TharuniApp - INFO - Application initialization completed successfully
2025-05-30 21:31:43,744 - TharuniApp - INFO - Ensuring settings persistence...
2025-05-30 21:31:43,752 - TharuniApp - INFO - Settings persistence check completed
2025-05-30 21:31:45,134 - DataManager - INFO - Successfully loaded 54 records from data\Tharuni_Guntur_data.csv
2025-05-30 21:31:45,142 - DataManager - INFO - Successfully loaded 54 records from data\Tharuni_Guntur_data.csv
2025-05-30 21:31:45,143 - DataManager - INFO - Successfully loaded 54 records from data\Tharuni_Guntur_data.csv
2025-05-30 21:31:45,740 - DataManager - INFO - Successfully loaded 54 records from data\Tharuni_Guntur_data.csv
2025-05-30 21:31:45,742 - DataManager - INFO - Successfully loaded 54 records from data\Tharuni_Guntur_data.csv
2025-05-30 21:31:47,401 - DataManager - INFO - Successfully loaded 54 records from data\Tharuni_Guntur_data.csv
2025-05-30 21:31:47,403 - DataManager - INFO - Successfully loaded 54 records from data\Tharuni_Guntur_data.csv
2025-05-30 21:31:50,860 - DataManager - INFO - Successfully loaded 54 records from data\Tharuni_Guntur_data.csv
2025-05-30 21:31:50,861 - DataManager - INFO - Successfully loaded 54 records from data\Tharuni_Guntur_data.csv
2025-05-30 21:31:52,511 - TharuniApp - INFO - ==================================================
2025-05-30 21:31:52,512 - TharuniApp - INFO - SAVE RECORD OPERATION STARTED
2025-05-30 21:31:52,512 - FormValidator - INFO - Starting comprehensive form validation
2025-05-30 21:31:52,512 - FormValidator - INFO - Validating basic fields
2025-05-30 21:31:52,513 - FormValidator - INFO - Field values: ticket='T0054', vehicle='TS04UA4444', agency='Tharuni'
2025-05-30 21:31:52,513 - FormValidator - INFO - Basic validation passed
2025-05-30 21:31:52,513 - FormValidator - INFO - Validating weighment data
2025-05-30 21:31:52,514 - FormValidator - INFO - Weighment data: first_weight='19420.00', first_timestamp='30-05-2025 21:31:46', second_weight='6860.00', second_timestamp='30-05-2025 21:31:49'
2025-05-30 21:31:52,514 - FormValidator - INFO - Weighment validation passed
2025-05-30 21:31:52,514 - FormValidator - INFO - Validating images for second weighment
2025-05-30 21:31:52,515 - FormValidator - INFO - Images validation for second: front=False, back=False
2025-05-30 21:31:54,056 - DataManager - INFO - Successfully loaded 54 records from data\Tharuni_Guntur_data.csv
2025-05-30 21:31:54,057 - DataManager - INFO - Successfully loaded 54 records from data\Tharuni_Guntur_data.csv
2025-05-30 21:31:54,060 - FormValidator - INFO - User chose to continue without images
2025-05-30 21:31:54,061 - FormValidator - INFO - Form validation passed successfully
2025-05-30 21:31:54,062 - TharuniApp - INFO - Saving record for ticket: T0054
2025-05-30 21:31:54,062 - TharuniApp - INFO - Form data keys: ['date', 'time', 'site_name', 'agency_name', 'material', 'ticket_no', 'vehicle_no', 'transfer_party_name', 'first_weight', 'first_timestamp', 'second_weight', 'second_timestamp', 'net_weight', 'material_type', 'first_front_image', 'first_back_image', 'second_front_image', 'second_back_image', 'site_incharge', 'user_name']
2025-05-30 21:31:54,063 - TharuniApp - INFO - Record is complete: True
2025-05-30 21:31:54,063 - TharuniApp - INFO - Calling data_manager.save_record for T0054
2025-05-30 21:31:54,063 - DataManager - INFO - ==================================================
2025-05-30 21:31:54,064 - DataManager - INFO - STARTING OFFLINE-FIRST RECORD SAVE WITH JSON BACKUP
2025-05-30 21:31:54,064 - DataManager - INFO - Input data keys: ['date', 'time', 'site_name', 'agency_name', 'material', 'ticket_no', 'vehicle_no', 'transfer_party_name', 'first_weight', 'first_timestamp', 'second_weight', 'second_timestamp', 'net_weight', 'material_type', 'first_front_image', 'first_back_image', 'second_front_image', 'second_back_image', 'site_incharge', 'user_name']
2025-05-30 21:31:54,064 - DataManager - INFO - Net weight calculated: 19420.0 - 6860.0 = 12560.00
2025-05-30 21:31:54,065 - DataManager - INFO - Using data file: data\Tharuni_Guntur_data.csv
2025-05-30 21:31:54,067 - DataManager - INFO - Successfully loaded 54 records from data\Tharuni_Guntur_data.csv
2025-05-30 21:31:54,068 - DataManager - INFO - Filtered 54 records to 0 using filter: 't0054'
2025-05-30 21:31:54,068 - DataManager - INFO - Adding new record: T0054
2025-05-30 21:31:54,068 - DataManager - INFO - Adding new record to CSV
2025-05-30 21:31:54,069 - DataManager - INFO - Record data: ['30-05-2025', '21:31:54', 'Guntur', 'Tharuni', 'Inert', 'T0054', 'TS04UA4444', 'Jindal', '19420.00', '30-05-2025 21:31:46', '6860.00', '30-05-2025 21:31:49', '12560.00', 'Inert', '', '', '', '', '', 'admin']
2025-05-30 21:31:54,071 - DataManager - INFO - ✅ New record added to data\Tharuni_Guntur_data.csv
2025-05-30 21:31:54,072 - DataManager - INFO - ✅ Record T0054 saved to local CSV successfully
2025-05-30 21:31:54,072 - DataManager - INFO - Record completion status: True
2025-05-30 21:31:54,073 - DataManager - INFO - Complete record detected - saving JSON backup locally...
2025-05-30 21:31:54,073 - DataManager - INFO - Created new daily JSON folder: data\json_backups\2025-05-30
2025-05-30 21:31:54,074 - DataManager - INFO - ✅ JSON backup saved: data\json_backups\2025-05-30\T0054_Tharuni_Guntur_213154.json
2025-05-30 21:31:54,075 - DataManager - INFO - ✅ JSON backup saved locally for T0054
2025-05-30 21:31:54,075 - DataManager - INFO - Complete record detected for ticket T0054 - generating PDF locally...
2025-05-30 21:31:54,076 - DataManager - INFO - Today's reports folder ensured: data\reports\2025-05-30
2025-05-30 21:31:54,076 - DataManager - INFO - Reports will be saved to: data\reports\2025-05-30
2025-05-30 21:31:54,077 - DataManager - INFO - Today's reports folder ensured: data\reports\2025-05-30
2025-05-30 21:31:54,079 - DataManager - INFO - SIMPLE TEST - Net display: '12560.00 kg'
2025-05-30 21:31:54,079 - DataManager - INFO - Building PDF document: data\reports\2025-05-30\Tharuni_Guntur_T0054_TS04UA4444_213154.pdf
2025-05-30 21:31:54,092 - DataManager - INFO - PDF created successfully: data\reports\2025-05-30\Tharuni_Guntur_T0054_TS04UA4444_213154.pdf (2961 bytes)
2025-05-30 21:31:54,092 - DataManager - INFO - Auto-generated PDF: data\reports\2025-05-30\Tharuni_Guntur_T0054_TS04UA4444_213154.pdf
2025-05-30 21:31:54,092 - DataManager - INFO - PDF saved to today's reports folder: data\reports\2025-05-30
2025-05-30 21:31:54,093 - DataManager - INFO - ✅ PDF auto-generated locally: data\reports\2025-05-30\Tharuni_Guntur_T0054_TS04UA4444_213154.pdf
2025-05-30 21:31:55,383 - DataManager - INFO - Successfully loaded 55 records from data\Tharuni_Guntur_data.csv
2025-05-30 21:31:55,385 - DataManager - INFO - Successfully loaded 55 records from data\Tharuni_Guntur_data.csv
2025-05-30 21:31:55,390 - DataManager - INFO - ✅ OFFLINE-FIRST SAVE COMPLETED - Local CSV, JSON backup, and PDF generated
2025-05-30 21:31:55,391 - DataManager - INFO - 📂 PDF saved to today's reports folder: data\reports\2025-05-30
2025-05-30 21:31:55,391 - DataManager - INFO - 💡 Cloud backup available via Settings > Cloud Storage > Backup
2025-05-30 21:31:55,391 - DataManager - INFO - ==================================================
2025-05-30 21:31:55,391 - TharuniApp - INFO - ✅ Record T0054 saved successfully
2025-05-30 21:31:55,396 - TharuniApp - INFO - ✅ Ticket T0054 completed - counter incremented
2025-05-30 21:31:55,396 - TharuniApp - INFO - Removing T0054 from pending vehicles list
2025-05-30 21:31:55,396 - PendingVehiclesPanel - INFO - Attempting to remove ticket T0054 from pending list
2025-05-30 21:31:55,397 - PendingVehiclesPanel - WARNING - Ticket T0054 not found in pending list for removal
2025-05-30 21:31:55,397 - PendingVehiclesPanel - INFO - Refreshing pending vehicles list
2025-05-30 21:31:55,398 - DataManager - INFO - Successfully loaded 55 records from data\Tharuni_Guntur_data.csv
2025-05-30 21:31:55,398 - PendingVehiclesPanel - INFO - Retrieved 55 total records
2025-05-30 21:31:55,399 - PendingVehiclesPanel - INFO - Found 0 pending records
2025-05-30 21:31:55,399 - PendingVehiclesPanel - INFO - Successfully refreshed pending list with 0 items
2025-05-30 21:31:55,689 - TharuniApp - INFO - ✅ Complete record processing finished for T0054
2025-05-30 21:31:55,689 - DataManager - INFO - Successfully loaded 55 records from data\Tharuni_Guntur_data.csv
2025-05-30 21:31:55,690 - DataManager - INFO - Returning all 55 records (no filter)
2025-05-30 21:31:55,691 - PendingVehiclesPanel - INFO - Refreshing pending vehicles list
2025-05-30 21:31:55,692 - DataManager - INFO - Successfully loaded 55 records from data\Tharuni_Guntur_data.csv
2025-05-30 21:31:55,692 - PendingVehiclesPanel - INFO - Retrieved 55 total records
2025-05-30 21:31:55,692 - PendingVehiclesPanel - INFO - Found 0 pending records
2025-05-30 21:31:55,693 - PendingVehiclesPanel - INFO - Successfully refreshed pending list with 0 items
2025-05-30 21:31:55,693 - TharuniApp - INFO - SAVE RECORD OPERATION COMPLETED SUCCESSFULLY
2025-05-30 21:31:55,693 - TharuniApp - INFO - ==================================================
2025-05-30 21:32:02,158 - DataManager - INFO - Cloud storage initialized on demand
2025-05-30 21:32:02,161 - DataManager - INFO - Found 53 JSON backup files for bulk upload
2025-05-30 21:32:02,194 - DataManager - INFO - Successfully loaded 55 records from data\Tharuni_Guntur_data.csv
2025-05-30 21:32:42,759 - PendingVehiclesPanel - INFO - Refreshing pending vehicles list
2025-05-30 21:32:42,761 - DataManager - INFO - Successfully loaded 55 records from data\Tharuni_Guntur_data.csv
2025-05-30 21:32:42,761 - PendingVehiclesPanel - INFO - Retrieved 55 total records
2025-05-30 21:32:42,762 - PendingVehiclesPanel - INFO - Found 0 pending records
2025-05-30 21:32:42,762 - PendingVehiclesPanel - INFO - Successfully refreshed pending list with 0 items
2025-05-30 21:32:42,763 - DataManager - INFO - Created new daily folder: data\reports\30-05
2025-05-30 21:33:32,564 - DataManager - INFO - Found 53 JSON backup files for bulk upload
2025-05-30 22:26:30,023 - TharuniApp - INFO - ============================================================
2025-05-30 22:26:30,026 - TharuniApp - INFO - APPLICATION STARTUP
2025-05-30 22:26:30,026 - TharuniApp - INFO - ============================================================
2025-05-30 22:26:30,029 - TharuniApp - INFO - Configuration setup completed
2025-05-30 22:26:30,030 - DataManager - INFO - DataManager initialized with OFFLINE-FIRST approach + JSON local storage
2025-05-30 22:26:30,030 - DataManager - INFO - CSV structure is up to date
2025-05-30 22:26:30,031 - DataManager - INFO - Daily PDF folder structure ready:
2025-05-30 22:26:30,031 - DataManager - INFO -   Base reports folder: data\reports
2025-05-30 22:26:30,031 - DataManager - INFO -   Today's folder: data\reports\2025-05-30
2025-05-30 22:26:30,032 - DataManager - INFO - Data file: data\weighbridge_data.csv
2025-05-30 22:26:30,032 - DataManager - INFO - Reports folder: data\reports
2025-05-30 22:26:30,033 - DataManager - INFO - JSON backup folder: data\json_backups
2025-05-30 22:26:30,033 - DataManager - INFO - PDF folder: data\reports\2025-05-30
2025-05-30 22:26:30,033 - DataManager - INFO - Cloud storage will only be initialized when backup is requested
2025-05-30 22:26:30,033 - TharuniApp - INFO - Data manager initialized
2025-05-30 22:26:30,035 - TharuniApp - INFO - Settings storage initialized
2025-05-30 22:26:30,037 - TharuniApp - INFO - UI styles initialized
2025-05-30 22:26:30,038 - TharuniApp - INFO - Starting user authentication
2025-05-30 22:26:34,353 - TharuniApp - INFO - Authentication successful: admin
2025-05-30 22:26:34,353 - TharuniApp - INFO - User logged in: admin (Role: admin)
2025-05-30 22:26:34,353 - TharuniApp - INFO - Setting up data context
2025-05-30 22:26:34,354 - DataManager - INFO - CSV structure is up to date
2025-05-30 22:26:34,354 - DataManager - INFO - Data context set to: Agency='Tharuni', Site='Guntur'
2025-05-30 22:26:34,355 - DataManager - INFO - Data file: data\Tharuni_Guntur_data.csv
2025-05-30 22:26:34,355 - TharuniApp - INFO - Data context initialized: Agency='Tharuni', Site='Guntur'
2025-05-30 22:26:34,355 - TharuniApp - INFO - Data will be saved to: data\Tharuni_Guntur_data.csv
2025-05-30 22:26:34,355 - TharuniApp - INFO - PDFs will be saved to: data\reports\2025-05-30
2025-05-30 22:26:34,355 - TharuniApp - INFO - Creating application widgets
2025-05-30 22:26:34,372 - TharuniApp - INFO - Creating main panel
2025-05-30 22:26:34,376 - FormValidator - INFO - FormValidator initialized
2025-05-30 22:26:34,386 - DataManager - INFO - Successfully loaded 55 records from data\Tharuni_Guntur_data.csv
2025-05-30 22:26:35,381 - DataManager - INFO - Successfully loaded 55 records from data\Tharuni_Guntur_data.csv
2025-05-30 22:26:35,381 - TharuniApp - INFO - Main form created
2025-05-30 22:26:35,383 - DataManager - INFO - CSV structure is up to date
2025-05-30 22:26:35,383 - DataManager - INFO - Data context set to: Agency='Tharuni', Site='Guntur'
2025-05-30 22:26:35,384 - DataManager - INFO - Data file: data\Tharuni_Guntur_data.csv
2025-05-30 22:26:35,384 - DataManager - INFO - CSV structure is up to date
2025-05-30 22:26:35,385 - DataManager - INFO - Data context set to: Agency='Tharuni', Site='Guntur'
2025-05-30 22:26:35,385 - DataManager - INFO - Data file: data\Tharuni_Guntur_data.csv
2025-05-30 22:26:35,385 - DataManager - INFO - CSV structure is up to date
2025-05-30 22:26:35,386 - DataManager - INFO - Data context set to: Agency='Tharuni', Site='Guntur'
2025-05-30 22:26:35,386 - DataManager - INFO - Data file: data\Tharuni_Guntur_data.csv
2025-05-30 22:26:35,386 - PendingVehiclesPanel - INFO - PendingVehiclesPanel initialized
2025-05-30 22:26:35,392 - PendingVehiclesPanel - INFO - Refreshing pending vehicles list
2025-05-30 22:26:35,393 - DataManager - INFO - Successfully loaded 55 records from data\Tharuni_Guntur_data.csv
2025-05-30 22:26:35,394 - PendingVehiclesPanel - INFO - Retrieved 55 total records
2025-05-30 22:26:35,394 - PendingVehiclesPanel - INFO - Found 0 pending records
2025-05-30 22:26:35,395 - PendingVehiclesPanel - INFO - Successfully refreshed pending list with 0 items
2025-05-30 22:26:35,395 - TharuniApp - INFO - Pending vehicles panel created
2025-05-30 22:26:35,603 - TharuniApp - INFO - Main panel creation completed
2025-05-30 22:26:35,610 - TharuniApp - INFO - Summary panel created
2025-05-30 22:26:35,778 - TharuniApp - INFO - ✅ Data manager reference set in settings panel
2025-05-30 22:26:35,778 - TharuniApp - INFO - Widget creation completed successfully
2025-05-30 22:26:35,778 - PendingVehiclesPanel - INFO - Refreshing pending vehicles list
2025-05-30 22:26:35,779 - DataManager - INFO - Successfully loaded 55 records from data\Tharuni_Guntur_data.csv
2025-05-30 22:26:35,780 - PendingVehiclesPanel - INFO - Retrieved 55 total records
2025-05-30 22:26:35,780 - PendingVehiclesPanel - INFO - Found 0 pending records
2025-05-30 22:26:35,780 - PendingVehiclesPanel - INFO - Successfully refreshed pending list with 0 items
2025-05-30 22:26:35,781 - DataManager - INFO - Created new daily folder: data\reports\30-05
2025-05-30 22:26:35,781 - TharuniApp - INFO - Application initialization completed successfully
2025-05-30 22:26:36,781 - TharuniApp - INFO - Ensuring settings persistence...
2025-05-30 22:26:36,785 - TharuniApp - INFO - Settings persistence check completed
2025-05-30 22:27:01,125 - DataManager - INFO - Successfully loaded 55 records from data\Tharuni_Guntur_data.csv
2025-05-30 22:27:01,130 - DataManager - INFO - Successfully loaded 55 records from data\Tharuni_Guntur_data.csv
2025-05-30 22:27:01,136 - DataManager - INFO - Successfully loaded 55 records from data\Tharuni_Guntur_data.csv
2025-05-30 22:27:02,082 - DataManager - INFO - Successfully loaded 55 records from data\Tharuni_Guntur_data.csv
2025-05-30 22:27:02,603 - DataManager - INFO - Successfully loaded 55 records from data\Tharuni_Guntur_data.csv
2025-05-30 22:27:02,605 - DataManager - INFO - Successfully loaded 55 records from data\Tharuni_Guntur_data.csv
2025-05-30 22:27:04,349 - DataManager - INFO - Successfully loaded 55 records from data\Tharuni_Guntur_data.csv
2025-05-30 22:27:04,350 - DataManager - INFO - Successfully loaded 55 records from data\Tharuni_Guntur_data.csv
2025-05-30 22:27:07,404 - DataManager - INFO - Successfully loaded 55 records from data\Tharuni_Guntur_data.csv
2025-05-30 22:27:07,405 - DataManager - INFO - Successfully loaded 55 records from data\Tharuni_Guntur_data.csv
2025-05-30 22:27:09,403 - TharuniApp - INFO - ==================================================
2025-05-30 22:27:09,404 - TharuniApp - INFO - SAVE RECORD OPERATION STARTED
2025-05-30 22:27:09,405 - FormValidator - INFO - Starting comprehensive form validation
2025-05-30 22:27:09,405 - FormValidator - INFO - Validating basic fields
2025-05-30 22:27:09,405 - FormValidator - INFO - Field values: ticket='T0055', vehicle='TS04UA4444', agency='Tharuni'
2025-05-30 22:27:09,406 - FormValidator - INFO - Basic validation passed
2025-05-30 22:27:09,406 - FormValidator - INFO - Validating weighment data
2025-05-30 22:27:09,407 - FormValidator - INFO - Weighment data: first_weight='15870.00', first_timestamp='30-05-2025 22:27:03', second_weight='14200.00', second_timestamp='30-05-2025 22:27:06'
2025-05-30 22:27:09,407 - FormValidator - INFO - Weighment validation passed
2025-05-30 22:27:09,408 - FormValidator - INFO - Validating images for second weighment
2025-05-30 22:27:09,408 - FormValidator - INFO - Images validation for second: front=False, back=False
2025-05-30 22:27:10,562 - DataManager - INFO - Successfully loaded 55 records from data\Tharuni_Guntur_data.csv
2025-05-30 22:27:10,563 - DataManager - INFO - Successfully loaded 55 records from data\Tharuni_Guntur_data.csv
2025-05-30 22:27:10,567 - FormValidator - INFO - User chose to continue without images
2025-05-30 22:27:10,567 - FormValidator - INFO - Form validation passed successfully
2025-05-30 22:27:10,568 - TharuniApp - INFO - Saving record for ticket: T0055
2025-05-30 22:27:10,569 - TharuniApp - INFO - Form data keys: ['date', 'time', 'site_name', 'agency_name', 'material', 'ticket_no', 'vehicle_no', 'transfer_party_name', 'first_weight', 'first_timestamp', 'second_weight', 'second_timestamp', 'net_weight', 'material_type', 'first_front_image', 'first_back_image', 'second_front_image', 'second_back_image', 'site_incharge', 'user_name']
2025-05-30 22:27:10,569 - TharuniApp - INFO - Record is complete: True
2025-05-30 22:27:10,569 - TharuniApp - INFO - Calling data_manager.save_record for T0055
2025-05-30 22:27:10,570 - DataManager - INFO - ==================================================
2025-05-30 22:27:10,570 - DataManager - INFO - STARTING OFFLINE-FIRST RECORD SAVE WITH JSON BACKUP
2025-05-30 22:27:10,570 - DataManager - INFO - Input data keys: ['date', 'time', 'site_name', 'agency_name', 'material', 'ticket_no', 'vehicle_no', 'transfer_party_name', 'first_weight', 'first_timestamp', 'second_weight', 'second_timestamp', 'net_weight', 'material_type', 'first_front_image', 'first_back_image', 'second_front_image', 'second_back_image', 'site_incharge', 'user_name']
2025-05-30 22:27:10,571 - DataManager - INFO - Net weight calculated: 15870.0 - 14200.0 = 1670.00
2025-05-30 22:27:10,571 - DataManager - INFO - Using data file: data\Tharuni_Guntur_data.csv
2025-05-30 22:27:10,573 - DataManager - INFO - Successfully loaded 55 records from data\Tharuni_Guntur_data.csv
2025-05-30 22:27:10,574 - DataManager - INFO - Filtered 55 records to 0 using filter: 't0055'
2025-05-30 22:27:10,575 - DataManager - INFO - Adding new record: T0055
2025-05-30 22:27:10,576 - DataManager - INFO - Adding new record to CSV
2025-05-30 22:27:10,576 - DataManager - INFO - Record data: ['30-05-2025', '22:27:10', 'Guntur', 'Tharuni', 'Inert', 'T0055', 'TS04UA4444', 'Jindal', '15870.00', '30-05-2025 22:27:03', '14200.00', '30-05-2025 22:27:06', '1670.00', 'Inert', '', '', '', '', '', 'admin']
2025-05-30 22:27:10,580 - DataManager - INFO - ✅ New record added to data\Tharuni_Guntur_data.csv
2025-05-30 22:27:10,580 - DataManager - INFO - ✅ Record T0055 saved to local CSV successfully
2025-05-30 22:27:10,580 - DataManager - INFO - Record completion status: True
2025-05-30 22:27:10,581 - DataManager - INFO - Complete record detected - saving JSON backup locally...
2025-05-30 22:27:10,581 - DataManager - INFO - Created new daily JSON folder: data\json_backups\2025-05-30
2025-05-30 22:27:10,582 - DataManager - INFO - ✅ JSON backup saved: data\json_backups\2025-05-30\T0055_Tharuni_Guntur_222710.json
2025-05-30 22:27:10,583 - DataManager - INFO - ✅ JSON backup saved locally for T0055
2025-05-30 22:27:10,583 - DataManager - INFO - Complete record detected for ticket T0055 - generating PDF locally...
2025-05-30 22:27:10,584 - DataManager - INFO - Today's reports folder ensured: data\reports\2025-05-30
2025-05-30 22:27:10,584 - DataManager - INFO - Reports will be saved to: data\reports\2025-05-30
2025-05-30 22:27:10,584 - DataManager - INFO - Today's reports folder ensured: data\reports\2025-05-30
2025-05-30 22:27:10,588 - DataManager - INFO - SIMPLE TEST - Net display: '1670.00 kg'
2025-05-30 22:27:10,589 - DataManager - INFO - Building PDF document: data\reports\2025-05-30\Tharuni_Guntur_T0055_TS04UA4444_222710.pdf
2025-05-30 22:27:10,600 - DataManager - INFO - PDF created successfully: data\reports\2025-05-30\Tharuni_Guntur_T0055_TS04UA4444_222710.pdf (2962 bytes)
2025-05-30 22:27:10,600 - DataManager - INFO - Auto-generated PDF: data\reports\2025-05-30\Tharuni_Guntur_T0055_TS04UA4444_222710.pdf
2025-05-30 22:27:10,600 - DataManager - INFO - PDF saved to today's reports folder: data\reports\2025-05-30
2025-05-30 22:27:10,601 - DataManager - INFO - ✅ PDF auto-generated locally: data\reports\2025-05-30\Tharuni_Guntur_T0055_TS04UA4444_222710.pdf
2025-05-30 22:27:11,834 - DataManager - INFO - Successfully loaded 56 records from data\Tharuni_Guntur_data.csv
2025-05-30 22:27:11,836 - DataManager - INFO - Successfully loaded 56 records from data\Tharuni_Guntur_data.csv
2025-05-30 22:27:11,841 - DataManager - INFO - ✅ OFFLINE-FIRST SAVE COMPLETED - Local CSV, JSON backup, and PDF generated
2025-05-30 22:27:11,841 - DataManager - INFO - 📂 PDF saved to today's reports folder: data\reports\2025-05-30
2025-05-30 22:27:11,841 - DataManager - INFO - 💡 Cloud backup available via Settings > Cloud Storage > Backup
2025-05-30 22:27:11,842 - DataManager - INFO - ==================================================
2025-05-30 22:27:11,842 - TharuniApp - INFO - ✅ Record T0055 saved successfully
2025-05-30 22:27:11,846 - TharuniApp - INFO - ✅ Ticket T0055 completed - counter incremented
2025-05-30 22:27:11,846 - TharuniApp - INFO - Removing T0055 from pending vehicles list
2025-05-30 22:27:11,847 - PendingVehiclesPanel - INFO - Attempting to remove ticket T0055 from pending list
2025-05-30 22:27:11,847 - PendingVehiclesPanel - WARNING - Ticket T0055 not found in pending list for removal
2025-05-30 22:27:11,847 - PendingVehiclesPanel - INFO - Refreshing pending vehicles list
2025-05-30 22:27:11,848 - DataManager - INFO - Successfully loaded 56 records from data\Tharuni_Guntur_data.csv
2025-05-30 22:27:11,848 - PendingVehiclesPanel - INFO - Retrieved 56 total records
2025-05-30 22:27:11,849 - PendingVehiclesPanel - INFO - Found 0 pending records
2025-05-30 22:27:11,849 - PendingVehiclesPanel - INFO - Successfully refreshed pending list with 0 items
2025-05-30 22:27:12,142 - TharuniApp - INFO - ✅ Complete record processing finished for T0055
2025-05-30 22:27:12,143 - DataManager - INFO - Successfully loaded 56 records from data\Tharuni_Guntur_data.csv
2025-05-30 22:27:12,143 - DataManager - INFO - Returning all 56 records (no filter)
2025-05-30 22:27:12,145 - PendingVehiclesPanel - INFO - Refreshing pending vehicles list
2025-05-30 22:27:12,146 - DataManager - INFO - Successfully loaded 56 records from data\Tharuni_Guntur_data.csv
2025-05-30 22:27:12,146 - PendingVehiclesPanel - INFO - Retrieved 56 total records
2025-05-30 22:27:12,147 - PendingVehiclesPanel - INFO - Found 0 pending records
2025-05-30 22:27:12,147 - PendingVehiclesPanel - INFO - Successfully refreshed pending list with 0 items
2025-05-30 22:27:12,148 - TharuniApp - INFO - SAVE RECORD OPERATION COMPLETED SUCCESSFULLY
2025-05-30 22:27:12,148 - TharuniApp - INFO - ==================================================
2025-05-30 22:27:17,554 - DataManager - INFO - Cloud storage initialized on demand
2025-05-30 22:27:17,558 - DataManager - INFO - Found 54 JSON backup files for bulk upload
2025-05-30 22:27:17,611 - DataManager - INFO - Successfully loaded 56 records from data\Tharuni_Guntur_data.csv
2025-05-30 22:27:35,792 - PendingVehiclesPanel - INFO - Refreshing pending vehicles list
2025-05-30 22:27:35,796 - DataManager - INFO - Successfully loaded 56 records from data\Tharuni_Guntur_data.csv
2025-05-30 22:27:35,797 - PendingVehiclesPanel - INFO - Retrieved 56 total records
2025-05-30 22:27:35,797 - PendingVehiclesPanel - INFO - Found 0 pending records
2025-05-30 22:27:35,797 - PendingVehiclesPanel - INFO - Successfully refreshed pending list with 0 items
2025-05-30 22:27:35,798 - DataManager - INFO - Created new daily folder: data\reports\30-05
2025-05-30 22:28:35,806 - PendingVehiclesPanel - INFO - Refreshing pending vehicles list
2025-05-30 22:28:35,810 - DataManager - INFO - Successfully loaded 56 records from data\Tharuni_Guntur_data.csv
2025-05-30 22:28:35,811 - PendingVehiclesPanel - INFO - Retrieved 56 total records
2025-05-30 22:28:35,812 - PendingVehiclesPanel - INFO - Found 0 pending records
2025-05-30 22:28:35,813 - PendingVehiclesPanel - INFO - Successfully refreshed pending list with 0 items
2025-05-30 22:29:35,829 - PendingVehiclesPanel - INFO - Refreshing pending vehicles list
2025-05-30 22:29:35,833 - DataManager - INFO - Successfully loaded 56 records from data\Tharuni_Guntur_data.csv
2025-05-30 22:29:35,834 - PendingVehiclesPanel - INFO - Retrieved 56 total records
2025-05-30 22:29:35,835 - PendingVehiclesPanel - INFO - Found 0 pending records
2025-05-30 22:29:35,836 - PendingVehiclesPanel - INFO - Successfully refreshed pending list with 0 items
2025-05-30 22:30:35,838 - PendingVehiclesPanel - INFO - Refreshing pending vehicles list
2025-05-30 22:30:35,842 - DataManager - INFO - Successfully loaded 56 records from data\Tharuni_Guntur_data.csv
2025-05-30 22:30:35,843 - PendingVehiclesPanel - INFO - Retrieved 56 total records
2025-05-30 22:30:35,844 - PendingVehiclesPanel - INFO - Found 0 pending records
2025-05-30 22:30:35,845 - PendingVehiclesPanel - INFO - Successfully refreshed pending list with 0 items
2025-05-30 22:31:35,864 - PendingVehiclesPanel - INFO - Refreshing pending vehicles list
2025-05-30 22:31:35,870 - DataManager - INFO - Successfully loaded 56 records from data\Tharuni_Guntur_data.csv
2025-05-30 22:31:35,871 - PendingVehiclesPanel - INFO - Retrieved 56 total records
2025-05-30 22:31:35,874 - PendingVehiclesPanel - INFO - Found 0 pending records
2025-05-30 22:31:35,876 - PendingVehiclesPanel - INFO - Successfully refreshed pending list with 0 items
2025-05-30 22:32:35,891 - PendingVehiclesPanel - INFO - Refreshing pending vehicles list
2025-05-30 22:32:35,896 - DataManager - INFO - Successfully loaded 56 records from data\Tharuni_Guntur_data.csv
2025-05-30 22:32:35,897 - PendingVehiclesPanel - INFO - Retrieved 56 total records
2025-05-30 22:32:35,898 - PendingVehiclesPanel - INFO - Found 0 pending records
2025-05-30 22:32:35,901 - PendingVehiclesPanel - INFO - Successfully refreshed pending list with 0 items
2025-05-30 22:33:35,908 - PendingVehiclesPanel - INFO - Refreshing pending vehicles list
2025-05-30 22:33:35,912 - DataManager - INFO - Successfully loaded 56 records from data\Tharuni_Guntur_data.csv
2025-05-30 22:33:35,912 - PendingVehiclesPanel - INFO - Retrieved 56 total records
2025-05-30 22:33:35,914 - PendingVehiclesPanel - INFO - Found 0 pending records
2025-05-30 22:33:35,916 - PendingVehiclesPanel - INFO - Successfully refreshed pending list with 0 items
2025-05-30 22:34:35,937 - PendingVehiclesPanel - INFO - Refreshing pending vehicles list
2025-05-30 22:34:35,943 - DataManager - INFO - Successfully loaded 56 records from data\Tharuni_Guntur_data.csv
2025-05-30 22:34:35,944 - PendingVehiclesPanel - INFO - Retrieved 56 total records
2025-05-30 22:34:35,946 - PendingVehiclesPanel - INFO - Found 0 pending records
2025-05-30 22:34:35,947 - PendingVehiclesPanel - INFO - Successfully refreshed pending list with 0 items
2025-05-30 22:35:35,953 - PendingVehiclesPanel - INFO - Refreshing pending vehicles list
2025-05-30 22:35:35,955 - DataManager - INFO - Successfully loaded 56 records from data\Tharuni_Guntur_data.csv
2025-05-30 22:35:35,956 - PendingVehiclesPanel - INFO - Retrieved 56 total records
2025-05-30 22:35:35,958 - PendingVehiclesPanel - INFO - Found 0 pending records
2025-05-30 22:35:35,958 - PendingVehiclesPanel - INFO - Successfully refreshed pending list with 0 items
2025-05-30 22:36:35,970 - PendingVehiclesPanel - INFO - Refreshing pending vehicles list
2025-05-30 22:36:35,971 - DataManager - INFO - Successfully loaded 56 records from data\Tharuni_Guntur_data.csv
2025-05-30 22:36:35,972 - PendingVehiclesPanel - INFO - Retrieved 56 total records
2025-05-30 22:36:35,972 - PendingVehiclesPanel - INFO - Found 0 pending records
2025-05-30 22:36:35,973 - PendingVehiclesPanel - INFO - Successfully refreshed pending list with 0 items
2025-05-30 22:37:35,985 - PendingVehiclesPanel - INFO - Refreshing pending vehicles list
2025-05-30 22:37:35,988 - DataManager - INFO - Successfully loaded 56 records from data\Tharuni_Guntur_data.csv
2025-05-30 22:37:35,988 - PendingVehiclesPanel - INFO - Retrieved 56 total records
2025-05-30 22:37:35,989 - PendingVehiclesPanel - INFO - Found 0 pending records
2025-05-30 22:37:35,990 - PendingVehiclesPanel - INFO - Successfully refreshed pending list with 0 items
2025-05-30 22:38:36,002 - PendingVehiclesPanel - INFO - Refreshing pending vehicles list
2025-05-30 22:38:36,004 - DataManager - INFO - Successfully loaded 56 records from data\Tharuni_Guntur_data.csv
2025-05-30 22:38:36,005 - PendingVehiclesPanel - INFO - Retrieved 56 total records
2025-05-30 22:38:36,006 - PendingVehiclesPanel - INFO - Found 0 pending records
2025-05-30 22:38:36,007 - PendingVehiclesPanel - INFO - Successfully refreshed pending list with 0 items
2025-05-30 22:39:36,017 - PendingVehiclesPanel - INFO - Refreshing pending vehicles list
2025-05-30 22:39:36,019 - DataManager - INFO - Successfully loaded 56 records from data\Tharuni_Guntur_data.csv
2025-05-30 22:39:36,020 - PendingVehiclesPanel - INFO - Retrieved 56 total records
2025-05-30 22:39:36,021 - PendingVehiclesPanel - INFO - Found 0 pending records
2025-05-30 22:39:36,021 - PendingVehiclesPanel - INFO - Successfully refreshed pending list with 0 items
2025-05-30 22:40:36,031 - PendingVehiclesPanel - INFO - Refreshing pending vehicles list
2025-05-30 22:40:36,036 - DataManager - INFO - Successfully loaded 56 records from data\Tharuni_Guntur_data.csv
2025-05-30 22:40:36,037 - PendingVehiclesPanel - INFO - Retrieved 56 total records
2025-05-30 22:40:36,038 - PendingVehiclesPanel - INFO - Found 0 pending records
2025-05-30 22:40:36,038 - PendingVehiclesPanel - INFO - Successfully refreshed pending list with 0 items
2025-05-30 22:41:36,050 - PendingVehiclesPanel - INFO - Refreshing pending vehicles list
2025-05-30 22:41:36,054 - DataManager - INFO - Successfully loaded 56 records from data\Tharuni_Guntur_data.csv
2025-05-30 22:41:36,055 - PendingVehiclesPanel - INFO - Retrieved 56 total records
2025-05-30 22:41:36,057 - PendingVehiclesPanel - INFO - Found 0 pending records
2025-05-30 22:41:36,058 - PendingVehiclesPanel - INFO - Successfully refreshed pending list with 0 items
2025-05-30 22:42:36,064 - PendingVehiclesPanel - INFO - Refreshing pending vehicles list
2025-05-30 22:42:36,069 - DataManager - INFO - Successfully loaded 56 records from data\Tharuni_Guntur_data.csv
2025-05-30 22:42:36,069 - PendingVehiclesPanel - INFO - Retrieved 56 total records
2025-05-30 22:42:36,071 - PendingVehiclesPanel - INFO - Found 0 pending records
2025-05-30 22:42:36,072 - PendingVehiclesPanel - INFO - Successfully refreshed pending list with 0 items
2025-05-30 22:43:36,082 - PendingVehiclesPanel - INFO - Refreshing pending vehicles list
2025-05-30 22:43:36,089 - DataManager - INFO - Successfully loaded 56 records from data\Tharuni_Guntur_data.csv
2025-05-30 22:43:36,090 - PendingVehiclesPanel - INFO - Retrieved 56 total records
2025-05-30 22:43:36,092 - PendingVehiclesPanel - INFO - Found 0 pending records
2025-05-30 22:43:36,095 - PendingVehiclesPanel - INFO - Successfully refreshed pending list with 0 items
2025-05-30 22:44:36,111 - PendingVehiclesPanel - INFO - Refreshing pending vehicles list
2025-05-30 22:44:36,124 - DataManager - INFO - Successfully loaded 56 records from data\Tharuni_Guntur_data.csv
2025-05-30 22:44:36,137 - PendingVehiclesPanel - INFO - Retrieved 56 total records
2025-05-30 22:44:36,143 - PendingVehiclesPanel - INFO - Found 0 pending records
2025-05-30 22:44:36,144 - PendingVehiclesPanel - INFO - Successfully refreshed pending list with 0 items
2025-05-30 22:45:36,161 - PendingVehiclesPanel - INFO - Refreshing pending vehicles list
2025-05-30 22:45:36,163 - DataManager - INFO - Successfully loaded 56 records from data\Tharuni_Guntur_data.csv
2025-05-30 22:45:36,164 - PendingVehiclesPanel - INFO - Retrieved 56 total records
2025-05-30 22:45:36,165 - PendingVehiclesPanel - INFO - Found 0 pending records
2025-05-30 22:45:36,167 - PendingVehiclesPanel - INFO - Successfully refreshed pending list with 0 items
2025-05-30 22:46:36,172 - PendingVehiclesPanel - INFO - Refreshing pending vehicles list
2025-05-30 22:46:36,174 - DataManager - INFO - Successfully loaded 56 records from data\Tharuni_Guntur_data.csv
2025-05-30 22:46:36,175 - PendingVehiclesPanel - INFO - Retrieved 56 total records
2025-05-30 22:46:36,176 - PendingVehiclesPanel - INFO - Found 0 pending records
2025-05-30 22:46:36,177 - PendingVehiclesPanel - INFO - Successfully refreshed pending list with 0 items
2025-05-30 22:47:36,192 - PendingVehiclesPanel - INFO - Refreshing pending vehicles list
2025-05-30 22:47:36,194 - DataManager - INFO - Successfully loaded 56 records from data\Tharuni_Guntur_data.csv
2025-05-30 22:47:36,195 - PendingVehiclesPanel - INFO - Retrieved 56 total records
2025-05-30 22:47:36,196 - PendingVehiclesPanel - INFO - Found 0 pending records
2025-05-30 22:47:36,196 - PendingVehiclesPanel - INFO - Successfully refreshed pending list with 0 items
2025-05-30 22:48:36,205 - PendingVehiclesPanel - INFO - Refreshing pending vehicles list
2025-05-30 22:48:36,207 - DataManager - INFO - Successfully loaded 56 records from data\Tharuni_Guntur_data.csv
2025-05-30 22:48:36,208 - PendingVehiclesPanel - INFO - Retrieved 56 total records
2025-05-30 22:48:36,209 - PendingVehiclesPanel - INFO - Found 0 pending records
2025-05-30 22:48:36,209 - PendingVehiclesPanel - INFO - Successfully refreshed pending list with 0 items
2025-05-30 22:49:36,225 - PendingVehiclesPanel - INFO - Refreshing pending vehicles list
2025-05-30 22:49:36,228 - DataManager - INFO - Successfully loaded 56 records from data\Tharuni_Guntur_data.csv
2025-05-30 22:49:36,229 - PendingVehiclesPanel - INFO - Retrieved 56 total records
2025-05-30 22:49:36,229 - PendingVehiclesPanel - INFO - Found 0 pending records
2025-05-30 22:49:36,230 - PendingVehiclesPanel - INFO - Successfully refreshed pending list with 0 items
2025-05-30 22:50:36,236 - PendingVehiclesPanel - INFO - Refreshing pending vehicles list
2025-05-30 22:50:36,238 - DataManager - INFO - Successfully loaded 56 records from data\Tharuni_Guntur_data.csv
2025-05-30 22:50:36,239 - PendingVehiclesPanel - INFO - Retrieved 56 total records
2025-05-30 22:50:36,240 - PendingVehiclesPanel - INFO - Found 0 pending records
2025-05-30 22:50:36,240 - PendingVehiclesPanel - INFO - Successfully refreshed pending list with 0 items
2025-05-30 22:51:36,257 - PendingVehiclesPanel - INFO - Refreshing pending vehicles list
2025-05-30 22:51:36,258 - DataManager - INFO - Successfully loaded 56 records from data\Tharuni_Guntur_data.csv
2025-05-30 22:51:36,259 - PendingVehiclesPanel - INFO - Retrieved 56 total records
2025-05-30 22:51:36,260 - PendingVehiclesPanel - INFO - Found 0 pending records
2025-05-30 22:51:36,260 - PendingVehiclesPanel - INFO - Successfully refreshed pending list with 0 items
2025-05-30 22:52:36,271 - PendingVehiclesPanel - INFO - Refreshing pending vehicles list
2025-05-30 22:52:36,273 - DataManager - INFO - Successfully loaded 56 records from data\Tharuni_Guntur_data.csv
2025-05-30 22:52:36,274 - PendingVehiclesPanel - INFO - Retrieved 56 total records
2025-05-30 22:52:36,275 - PendingVehiclesPanel - INFO - Found 0 pending records
2025-05-30 22:52:36,275 - PendingVehiclesPanel - INFO - Successfully refreshed pending list with 0 items
2025-05-30 22:53:36,286 - PendingVehiclesPanel - INFO - Refreshing pending vehicles list
2025-05-30 22:53:36,287 - DataManager - INFO - Successfully loaded 56 records from data\Tharuni_Guntur_data.csv
2025-05-30 22:53:36,288 - PendingVehiclesPanel - INFO - Retrieved 56 total records
2025-05-30 22:53:36,288 - PendingVehiclesPanel - INFO - Found 0 pending records
2025-05-30 22:53:36,289 - PendingVehiclesPanel - INFO - Successfully refreshed pending list with 0 items
2025-05-30 22:54:36,298 - PendingVehiclesPanel - INFO - Refreshing pending vehicles list
2025-05-30 22:54:36,301 - DataManager - INFO - Successfully loaded 56 records from data\Tharuni_Guntur_data.csv
2025-05-30 22:54:36,302 - PendingVehiclesPanel - INFO - Retrieved 56 total records
2025-05-30 22:54:36,303 - PendingVehiclesPanel - INFO - Found 0 pending records
2025-05-30 22:54:36,304 - PendingVehiclesPanel - INFO - Successfully refreshed pending list with 0 items
2025-05-30 22:55:36,312 - PendingVehiclesPanel - INFO - Refreshing pending vehicles list
2025-05-30 22:55:36,313 - DataManager - INFO - Successfully loaded 56 records from data\Tharuni_Guntur_data.csv
2025-05-30 22:55:36,314 - PendingVehiclesPanel - INFO - Retrieved 56 total records
2025-05-30 22:55:36,315 - PendingVehiclesPanel - INFO - Found 0 pending records
2025-05-30 22:55:36,317 - PendingVehiclesPanel - INFO - Successfully refreshed pending list with 0 items
2025-05-30 22:56:36,331 - PendingVehiclesPanel - INFO - Refreshing pending vehicles list
2025-05-30 22:56:36,334 - DataManager - INFO - Successfully loaded 56 records from data\Tharuni_Guntur_data.csv
2025-05-30 22:56:36,335 - PendingVehiclesPanel - INFO - Retrieved 56 total records
2025-05-30 22:56:36,336 - PendingVehiclesPanel - INFO - Found 0 pending records
2025-05-30 22:56:36,336 - PendingVehiclesPanel - INFO - Successfully refreshed pending list with 0 items
2025-05-30 22:57:36,348 - PendingVehiclesPanel - INFO - Refreshing pending vehicles list
2025-05-30 22:57:36,351 - DataManager - INFO - Successfully loaded 56 records from data\Tharuni_Guntur_data.csv
2025-05-30 22:57:36,352 - PendingVehiclesPanel - INFO - Retrieved 56 total records
2025-05-30 22:57:36,353 - PendingVehiclesPanel - INFO - Found 0 pending records
2025-05-30 22:57:36,354 - PendingVehiclesPanel - INFO - Successfully refreshed pending list with 0 items
2025-05-30 22:58:36,365 - PendingVehiclesPanel - INFO - Refreshing pending vehicles list
2025-05-30 22:58:36,367 - DataManager - INFO - Successfully loaded 56 records from data\Tharuni_Guntur_data.csv
2025-05-30 22:58:36,368 - PendingVehiclesPanel - INFO - Retrieved 56 total records
2025-05-30 22:58:36,369 - PendingVehiclesPanel - INFO - Found 0 pending records
2025-05-30 22:58:36,369 - PendingVehiclesPanel - INFO - Successfully refreshed pending list with 0 items
2025-05-30 22:59:36,380 - PendingVehiclesPanel - INFO - Refreshing pending vehicles list
2025-05-30 22:59:36,383 - DataManager - INFO - Successfully loaded 56 records from data\Tharuni_Guntur_data.csv
2025-05-30 22:59:36,384 - PendingVehiclesPanel - INFO - Retrieved 56 total records
2025-05-30 22:59:36,385 - PendingVehiclesPanel - INFO - Found 0 pending records
2025-05-30 22:59:36,386 - PendingVehiclesPanel - INFO - Successfully refreshed pending list with 0 items
2025-05-30 23:00:36,394 - PendingVehiclesPanel - INFO - Refreshing pending vehicles list
2025-05-30 23:00:36,396 - DataManager - INFO - Successfully loaded 56 records from data\Tharuni_Guntur_data.csv
2025-05-30 23:00:36,396 - PendingVehiclesPanel - INFO - Retrieved 56 total records
2025-05-30 23:00:36,397 - PendingVehiclesPanel - INFO - Found 0 pending records
2025-05-30 23:00:36,398 - PendingVehiclesPanel - INFO - Successfully refreshed pending list with 0 items
2025-05-30 23:01:36,409 - PendingVehiclesPanel - INFO - Refreshing pending vehicles list
2025-05-30 23:01:36,412 - DataManager - INFO - Successfully loaded 56 records from data\Tharuni_Guntur_data.csv
2025-05-30 23:01:36,412 - PendingVehiclesPanel - INFO - Retrieved 56 total records
2025-05-30 23:01:36,415 - PendingVehiclesPanel - INFO - Found 0 pending records
2025-05-30 23:01:36,418 - PendingVehiclesPanel - INFO - Successfully refreshed pending list with 0 items
2025-05-30 23:02:36,426 - PendingVehiclesPanel - INFO - Refreshing pending vehicles list
2025-05-30 23:02:36,429 - DataManager - INFO - Successfully loaded 56 records from data\Tharuni_Guntur_data.csv
2025-05-30 23:02:36,430 - PendingVehiclesPanel - INFO - Retrieved 56 total records
2025-05-30 23:02:36,431 - PendingVehiclesPanel - INFO - Found 0 pending records
2025-05-30 23:02:36,432 - PendingVehiclesPanel - INFO - Successfully refreshed pending list with 0 items
2025-05-30 23:03:36,444 - PendingVehiclesPanel - INFO - Refreshing pending vehicles list
2025-05-30 23:03:36,446 - DataManager - INFO - Successfully loaded 56 records from data\Tharuni_Guntur_data.csv
2025-05-30 23:03:36,447 - PendingVehiclesPanel - INFO - Retrieved 56 total records
2025-05-30 23:03:36,448 - PendingVehiclesPanel - INFO - Found 0 pending records
2025-05-30 23:03:36,450 - PendingVehiclesPanel - INFO - Successfully refreshed pending list with 0 items
2025-05-30 23:04:36,461 - PendingVehiclesPanel - INFO - Refreshing pending vehicles list
2025-05-30 23:04:36,462 - DataManager - INFO - Successfully loaded 56 records from data\Tharuni_Guntur_data.csv
2025-05-30 23:04:36,463 - PendingVehiclesPanel - INFO - Retrieved 56 total records
2025-05-30 23:04:36,463 - PendingVehiclesPanel - INFO - Found 0 pending records
2025-05-30 23:04:36,463 - PendingVehiclesPanel - INFO - Successfully refreshed pending list with 0 items
2025-05-30 23:05:36,472 - PendingVehiclesPanel - INFO - Refreshing pending vehicles list
2025-05-30 23:05:36,474 - DataManager - INFO - Successfully loaded 56 records from data\Tharuni_Guntur_data.csv
2025-05-30 23:05:36,475 - PendingVehiclesPanel - INFO - Retrieved 56 total records
2025-05-30 23:05:36,475 - PendingVehiclesPanel - INFO - Found 0 pending records
2025-05-30 23:05:36,476 - PendingVehiclesPanel - INFO - Successfully refreshed pending list with 0 items
2025-05-30 23:06:36,497 - PendingVehiclesPanel - INFO - Refreshing pending vehicles list
2025-05-30 23:06:36,501 - DataManager - INFO - Successfully loaded 56 records from data\Tharuni_Guntur_data.csv
2025-05-30 23:06:36,502 - PendingVehiclesPanel - INFO - Retrieved 56 total records
2025-05-30 23:06:36,503 - PendingVehiclesPanel - INFO - Found 0 pending records
2025-05-30 23:06:36,504 - PendingVehiclesPanel - INFO - Successfully refreshed pending list with 0 items
2025-05-30 23:07:36,522 - PendingVehiclesPanel - INFO - Refreshing pending vehicles list
2025-05-30 23:07:36,524 - DataManager - INFO - Successfully loaded 56 records from data\Tharuni_Guntur_data.csv
2025-05-30 23:07:36,525 - PendingVehiclesPanel - INFO - Retrieved 56 total records
2025-05-30 23:07:36,526 - PendingVehiclesPanel - INFO - Found 0 pending records
2025-05-30 23:07:36,527 - PendingVehiclesPanel - INFO - Successfully refreshed pending list with 0 items
2025-05-30 23:08:36,531 - PendingVehiclesPanel - INFO - Refreshing pending vehicles list
2025-05-30 23:08:36,535 - DataManager - INFO - Successfully loaded 56 records from data\Tharuni_Guntur_data.csv
2025-05-30 23:08:36,537 - PendingVehiclesPanel - INFO - Retrieved 56 total records
2025-05-30 23:08:36,539 - PendingVehiclesPanel - INFO - Found 0 pending records
2025-05-30 23:08:36,540 - PendingVehiclesPanel - INFO - Successfully refreshed pending list with 0 items
2025-05-30 23:09:09,745 - DataManager - INFO - Found 54 JSON backup files for bulk upload
2025-05-30 23:09:36,553 - PendingVehiclesPanel - INFO - Refreshing pending vehicles list
2025-05-30 23:09:36,556 - DataManager - INFO - Successfully loaded 56 records from data\Tharuni_Guntur_data.csv
2025-05-30 23:09:36,557 - PendingVehiclesPanel - INFO - Retrieved 56 total records
2025-05-30 23:09:36,559 - PendingVehiclesPanel - INFO - Found 0 pending records
2025-05-30 23:09:36,560 - PendingVehiclesPanel - INFO - Successfully refreshed pending list with 0 items
2025-05-30 23:10:36,572 - PendingVehiclesPanel - INFO - Refreshing pending vehicles list
2025-05-30 23:10:36,580 - DataManager - INFO - Successfully loaded 56 records from data\Tharuni_Guntur_data.csv
2025-05-30 23:10:36,582 - PendingVehiclesPanel - INFO - Retrieved 56 total records
2025-05-30 23:10:36,585 - PendingVehiclesPanel - INFO - Found 0 pending records
2025-05-30 23:10:36,587 - PendingVehiclesPanel - INFO - Successfully refreshed pending list with 0 items
2025-05-30 23:11:36,600 - PendingVehiclesPanel - INFO - Refreshing pending vehicles list
2025-05-30 23:11:36,606 - DataManager - INFO - Successfully loaded 56 records from data\Tharuni_Guntur_data.csv
2025-05-30 23:11:36,608 - PendingVehiclesPanel - INFO - Retrieved 56 total records
2025-05-30 23:11:36,611 - PendingVehiclesPanel - INFO - Found 0 pending records
2025-05-30 23:11:36,613 - PendingVehiclesPanel - INFO - Successfully refreshed pending list with 0 items
2025-05-30 23:12:36,615 - PendingVehiclesPanel - INFO - Refreshing pending vehicles list
2025-05-30 23:12:36,622 - DataManager - INFO - Successfully loaded 56 records from data\Tharuni_Guntur_data.csv
2025-05-30 23:12:36,624 - PendingVehiclesPanel - INFO - Retrieved 56 total records
2025-05-30 23:12:36,627 - PendingVehiclesPanel - INFO - Found 0 pending records
2025-05-30 23:12:36,629 - PendingVehiclesPanel - INFO - Successfully refreshed pending list with 0 items
2025-05-30 23:13:36,644 - PendingVehiclesPanel - INFO - Refreshing pending vehicles list
2025-05-30 23:13:36,651 - DataManager - INFO - Successfully loaded 56 records from data\Tharuni_Guntur_data.csv
2025-05-30 23:13:36,653 - PendingVehiclesPanel - INFO - Retrieved 56 total records
2025-05-30 23:13:36,656 - PendingVehiclesPanel - INFO - Found 0 pending records
2025-05-30 23:13:36,658 - PendingVehiclesPanel - INFO - Successfully refreshed pending list with 0 items
2025-05-30 23:14:36,669 - PendingVehiclesPanel - INFO - Refreshing pending vehicles list
2025-05-30 23:14:36,675 - DataManager - INFO - Successfully loaded 56 records from data\Tharuni_Guntur_data.csv
2025-05-30 23:14:36,677 - PendingVehiclesPanel - INFO - Retrieved 56 total records
2025-05-30 23:14:36,680 - PendingVehiclesPanel - INFO - Found 0 pending records
2025-05-30 23:14:36,682 - PendingVehiclesPanel - INFO - Successfully refreshed pending list with 0 items
2025-05-30 23:15:36,685 - PendingVehiclesPanel - INFO - Refreshing pending vehicles list
2025-05-30 23:15:36,691 - DataManager - INFO - Successfully loaded 56 records from data\Tharuni_Guntur_data.csv
2025-05-30 23:15:36,693 - PendingVehiclesPanel - INFO - Retrieved 56 total records
2025-05-30 23:15:36,696 - PendingVehiclesPanel - INFO - Found 0 pending records
2025-05-30 23:15:36,698 - PendingVehiclesPanel - INFO - Successfully refreshed pending list with 0 items
2025-05-30 23:16:36,701 - PendingVehiclesPanel - INFO - Refreshing pending vehicles list
2025-05-30 23:16:36,707 - DataManager - INFO - Successfully loaded 56 records from data\Tharuni_Guntur_data.csv
2025-05-30 23:16:36,709 - PendingVehiclesPanel - INFO - Retrieved 56 total records
2025-05-30 23:16:36,712 - PendingVehiclesPanel - INFO - Found 0 pending records
2025-05-30 23:16:36,714 - PendingVehiclesPanel - INFO - Successfully refreshed pending list with 0 items
2025-05-30 23:17:36,718 - PendingVehiclesPanel - INFO - Refreshing pending vehicles list
2025-05-30 23:17:36,724 - DataManager - INFO - Successfully loaded 56 records from data\Tharuni_Guntur_data.csv
2025-05-30 23:17:36,726 - PendingVehiclesPanel - INFO - Retrieved 56 total records
2025-05-30 23:17:36,728 - PendingVehiclesPanel - INFO - Found 0 pending records
2025-05-30 23:17:36,730 - PendingVehiclesPanel - INFO - Successfully refreshed pending list with 0 items
2025-05-30 23:18:36,739 - PendingVehiclesPanel - INFO - Refreshing pending vehicles list
2025-05-30 23:18:36,745 - DataManager - INFO - Successfully loaded 56 records from data\Tharuni_Guntur_data.csv
2025-05-30 23:18:36,747 - PendingVehiclesPanel - INFO - Retrieved 56 total records
2025-05-30 23:18:36,749 - PendingVehiclesPanel - INFO - Found 0 pending records
2025-05-30 23:18:36,752 - PendingVehiclesPanel - INFO - Successfully refreshed pending list with 0 items
2025-05-30 23:19:36,763 - PendingVehiclesPanel - INFO - Refreshing pending vehicles list
2025-05-30 23:19:36,769 - DataManager - INFO - Successfully loaded 56 records from data\Tharuni_Guntur_data.csv
2025-05-30 23:19:36,771 - PendingVehiclesPanel - INFO - Retrieved 56 total records
2025-05-30 23:19:36,774 - PendingVehiclesPanel - INFO - Found 0 pending records
2025-05-30 23:19:36,776 - PendingVehiclesPanel - INFO - Successfully refreshed pending list with 0 items
2025-05-30 23:20:36,792 - PendingVehiclesPanel - INFO - Refreshing pending vehicles list
2025-05-30 23:20:36,798 - DataManager - INFO - Successfully loaded 56 records from data\Tharuni_Guntur_data.csv
2025-05-30 23:20:36,800 - PendingVehiclesPanel - INFO - Retrieved 56 total records
2025-05-30 23:20:36,803 - PendingVehiclesPanel - INFO - Found 0 pending records
2025-05-30 23:20:36,805 - PendingVehiclesPanel - INFO - Successfully refreshed pending list with 0 items
2025-05-30 23:21:36,811 - PendingVehiclesPanel - INFO - Refreshing pending vehicles list
2025-05-30 23:21:36,817 - DataManager - INFO - Successfully loaded 56 records from data\Tharuni_Guntur_data.csv
2025-05-30 23:21:36,819 - PendingVehiclesPanel - INFO - Retrieved 56 total records
2025-05-30 23:21:36,821 - PendingVehiclesPanel - INFO - Found 0 pending records
2025-05-30 23:21:36,824 - PendingVehiclesPanel - INFO - Successfully refreshed pending list with 0 items
2025-05-30 23:22:36,838 - PendingVehiclesPanel - INFO - Refreshing pending vehicles list
2025-05-30 23:22:36,845 - DataManager - INFO - Successfully loaded 56 records from data\Tharuni_Guntur_data.csv
2025-05-30 23:22:36,847 - PendingVehiclesPanel - INFO - Retrieved 56 total records
2025-05-30 23:22:36,850 - PendingVehiclesPanel - INFO - Found 0 pending records
2025-05-30 23:22:36,852 - PendingVehiclesPanel - INFO - Successfully refreshed pending list with 0 items
2025-05-30 23:23:36,863 - PendingVehiclesPanel - INFO - Refreshing pending vehicles list
2025-05-30 23:23:36,870 - DataManager - INFO - Successfully loaded 56 records from data\Tharuni_Guntur_data.csv
2025-05-30 23:23:36,872 - PendingVehiclesPanel - INFO - Retrieved 56 total records
2025-05-30 23:23:36,875 - PendingVehiclesPanel - INFO - Found 0 pending records
2025-05-30 23:23:36,877 - PendingVehiclesPanel - INFO - Successfully refreshed pending list with 0 items
2025-05-30 23:24:36,887 - PendingVehiclesPanel - INFO - Refreshing pending vehicles list
2025-05-30 23:24:36,893 - DataManager - INFO - Successfully loaded 56 records from data\Tharuni_Guntur_data.csv
2025-05-30 23:24:36,895 - PendingVehiclesPanel - INFO - Retrieved 56 total records
2025-05-30 23:24:36,898 - PendingVehiclesPanel - INFO - Found 0 pending records
2025-05-30 23:24:36,900 - PendingVehiclesPanel - INFO - Successfully refreshed pending list with 0 items
2025-05-30 23:25:36,907 - PendingVehiclesPanel - INFO - Refreshing pending vehicles list
2025-05-30 23:25:36,913 - DataManager - INFO - Successfully loaded 56 records from data\Tharuni_Guntur_data.csv
2025-05-30 23:25:36,915 - PendingVehiclesPanel - INFO - Retrieved 56 total records
2025-05-30 23:25:36,918 - PendingVehiclesPanel - INFO - Found 0 pending records
2025-05-30 23:25:36,920 - PendingVehiclesPanel - INFO - Successfully refreshed pending list with 0 items
2025-05-31 00:33:24,515 - PendingVehiclesPanel - INFO - Refreshing pending vehicles list
2025-05-31 00:33:25,337 - DataManager - INFO - Successfully loaded 56 records from data\Tharuni_Guntur_data.csv
2025-05-31 00:33:25,547 - PendingVehiclesPanel - INFO - Retrieved 56 total records
2025-05-31 00:33:25,578 - PendingVehiclesPanel - INFO - Found 0 pending records
2025-05-31 00:33:25,621 - PendingVehiclesPanel - INFO - Successfully refreshed pending list with 0 items
2025-05-31 00:33:25,657 - DataManager - INFO - Created new daily folder: data\reports\31-05
2025-05-31 00:34:25,682 - PendingVehiclesPanel - INFO - Refreshing pending vehicles list
2025-05-31 00:34:25,686 - DataManager - INFO - Successfully loaded 56 records from data\Tharuni_Guntur_data.csv
2025-05-31 00:34:25,687 - PendingVehiclesPanel - INFO - Retrieved 56 total records
2025-05-31 00:34:25,690 - PendingVehiclesPanel - INFO - Found 0 pending records
2025-05-31 00:34:25,692 - PendingVehiclesPanel - INFO - Successfully refreshed pending list with 0 items
2025-05-31 00:35:25,709 - PendingVehiclesPanel - INFO - Refreshing pending vehicles list
2025-05-31 00:35:25,714 - DataManager - INFO - Successfully loaded 56 records from data\Tharuni_Guntur_data.csv
2025-05-31 00:35:25,715 - PendingVehiclesPanel - INFO - Retrieved 56 total records
2025-05-31 00:35:25,717 - PendingVehiclesPanel - INFO - Found 0 pending records
2025-05-31 00:35:25,718 - PendingVehiclesPanel - INFO - Successfully refreshed pending list with 0 items
2025-05-31 00:36:25,720 - PendingVehiclesPanel - INFO - Refreshing pending vehicles list
2025-05-31 00:36:25,723 - DataManager - INFO - Successfully loaded 56 records from data\Tharuni_Guntur_data.csv
2025-05-31 00:36:25,724 - PendingVehiclesPanel - INFO - Retrieved 56 total records
2025-05-31 00:36:25,725 - PendingVehiclesPanel - INFO - Found 0 pending records
2025-05-31 00:36:25,726 - PendingVehiclesPanel - INFO - Successfully refreshed pending list with 0 items
2025-05-31 00:37:25,733 - PendingVehiclesPanel - INFO - Refreshing pending vehicles list
2025-05-31 00:37:25,736 - DataManager - INFO - Successfully loaded 56 records from data\Tharuni_Guntur_data.csv
2025-05-31 00:37:25,737 - PendingVehiclesPanel - INFO - Retrieved 56 total records
2025-05-31 00:37:25,739 - PendingVehiclesPanel - INFO - Found 0 pending records
2025-05-31 00:37:25,740 - PendingVehiclesPanel - INFO - Successfully refreshed pending list with 0 items
2025-05-31 00:38:25,747 - PendingVehiclesPanel - INFO - Refreshing pending vehicles list
2025-05-31 00:38:25,751 - DataManager - INFO - Successfully loaded 56 records from data\Tharuni_Guntur_data.csv
2025-05-31 00:38:25,752 - PendingVehiclesPanel - INFO - Retrieved 56 total records
2025-05-31 00:38:25,753 - PendingVehiclesPanel - INFO - Found 0 pending records
2025-05-31 00:38:25,754 - PendingVehiclesPanel - INFO - Successfully refreshed pending list with 0 items
2025-05-31 00:39:25,767 - PendingVehiclesPanel - INFO - Refreshing pending vehicles list
2025-05-31 00:39:25,771 - DataManager - INFO - Successfully loaded 56 records from data\Tharuni_Guntur_data.csv
2025-05-31 00:39:25,772 - PendingVehiclesPanel - INFO - Retrieved 56 total records
2025-05-31 00:39:25,773 - PendingVehiclesPanel - INFO - Found 0 pending records
2025-05-31 00:39:25,774 - PendingVehiclesPanel - INFO - Successfully refreshed pending list with 0 items
2025-05-31 00:40:25,779 - PendingVehiclesPanel - INFO - Refreshing pending vehicles list
2025-05-31 00:40:25,783 - DataManager - INFO - Successfully loaded 56 records from data\Tharuni_Guntur_data.csv
2025-05-31 00:40:25,784 - PendingVehiclesPanel - INFO - Retrieved 56 total records
2025-05-31 00:40:25,785 - PendingVehiclesPanel - INFO - Found 0 pending records
2025-05-31 00:40:25,786 - PendingVehiclesPanel - INFO - Successfully refreshed pending list with 0 items
2025-05-31 00:41:25,792 - PendingVehiclesPanel - INFO - Refreshing pending vehicles list
2025-05-31 00:41:25,795 - DataManager - INFO - Successfully loaded 56 records from data\Tharuni_Guntur_data.csv
2025-05-31 00:41:25,796 - PendingVehiclesPanel - INFO - Retrieved 56 total records
2025-05-31 00:41:25,798 - PendingVehiclesPanel - INFO - Found 0 pending records
2025-05-31 00:41:25,799 - PendingVehiclesPanel - INFO - Successfully refreshed pending list with 0 items
2025-05-31 00:42:25,806 - PendingVehiclesPanel - INFO - Refreshing pending vehicles list
2025-05-31 00:42:25,809 - DataManager - INFO - Successfully loaded 56 records from data\Tharuni_Guntur_data.csv
2025-05-31 00:42:25,810 - PendingVehiclesPanel - INFO - Retrieved 56 total records
2025-05-31 00:42:25,811 - PendingVehiclesPanel - INFO - Found 0 pending records
2025-05-31 00:42:25,812 - PendingVehiclesPanel - INFO - Successfully refreshed pending list with 0 items
2025-05-31 00:43:25,821 - PendingVehiclesPanel - INFO - Refreshing pending vehicles list
2025-05-31 00:43:25,825 - DataManager - INFO - Successfully loaded 56 records from data\Tharuni_Guntur_data.csv
2025-05-31 00:43:25,826 - PendingVehiclesPanel - INFO - Retrieved 56 total records
2025-05-31 00:43:25,827 - PendingVehiclesPanel - INFO - Found 0 pending records
2025-05-31 00:43:25,828 - PendingVehiclesPanel - INFO - Successfully refreshed pending list with 0 items
2025-05-31 00:44:25,830 - PendingVehiclesPanel - INFO - Refreshing pending vehicles list
2025-05-31 00:44:25,833 - DataManager - INFO - Successfully loaded 56 records from data\Tharuni_Guntur_data.csv
2025-05-31 00:44:25,834 - PendingVehiclesPanel - INFO - Retrieved 56 total records
2025-05-31 00:44:25,836 - PendingVehiclesPanel - INFO - Found 0 pending records
2025-05-31 00:44:25,838 - PendingVehiclesPanel - INFO - Successfully refreshed pending list with 0 items
2025-05-31 00:45:25,844 - PendingVehiclesPanel - INFO - Refreshing pending vehicles list
2025-05-31 00:45:25,848 - DataManager - INFO - Successfully loaded 56 records from data\Tharuni_Guntur_data.csv
2025-05-31 00:45:25,849 - PendingVehiclesPanel - INFO - Retrieved 56 total records
2025-05-31 00:45:25,850 - PendingVehiclesPanel - INFO - Found 0 pending records
2025-05-31 00:45:25,851 - PendingVehiclesPanel - INFO - Successfully refreshed pending list with 0 items
