2025-06-03 23:31:22 - PRINT - 📋 Unified logging initialized:
2025-06-03 23:31:22 - PRINT -    📄 Combined log: logs\combined_combined_2025-06-03.log
2025-06-03 23:31:22 - PRINT -    🖨️  Print log: logs\combined_prints_2025-06-03.log
2025-06-03 23:31:22 - PRINT -    📱 App log: logs\combined_app_2025-06-03.log
2025-06-03 23:31:22 - ERROR - 2025-06-03 23:31:22,587 - TharuniApp - INFO - ============================================================
2025-06-03 23:31:22 - ERROR - 2025-06-03 23:31:22,589 - TharuniApp - INFO - APPLICATION STARTUP
2025-06-03 23:31:22 - ERROR - 2025-06-03 23:31:22,590 - TharuniApp - INFO - ============================================================
2025-06-03 23:31:22 - PRINT - 📁 Unified folder structure initialized:
2025-06-03 23:31:22 - PRINT -    • Data: data
2025-06-03 23:31:22 - PRINT -    • Images: data\images
2025-06-03 23:31:22 - PRINT -    • Reports: data\reports
2025-06-03 23:31:22 - PRINT -    • JSON Backups: data\json_backups
2025-06-03 23:31:22 - PRINT - 🔒 OFFLINE-FIRST MODE ENABLED
2025-06-03 23:31:22 - PRINT -    • Records and PDFs saved locally first
2025-06-03 23:31:22 - PRINT -    • JSON backups created for complete records
2025-06-03 23:31:22 - PRINT -    • Cloud backup available via Settings > Backup
2025-06-03 23:31:22 - PRINT -    • No internet connection delays during regular saves
2025-06-03 23:31:22 - PRINT -    • Today's reports folder: data\reports\2025-06-03
2025-06-03 23:31:22 - PRINT -    • Today's JSON backups folder: data\json_backups\2025-06-03
2025-06-03 23:31:22 - PRINT -    • Auto cleanup: Keep 10 days, check every 1 day(s)
2025-06-03 23:31:22 - ERROR - 2025-06-03 23:31:22,618 - TharuniApp - INFO - Configuration setup completed
2025-06-03 23:31:22 - ERROR - 2025-06-03 23:31:22,621 - DataManager - INFO - DataManager initialized with OFFLINE-FIRST approach + JSON local storage
2025-06-03 23:31:22 - ERROR - 2025-06-03 23:31:22,632 - DataManager - INFO - CSV structure is up to date
2025-06-03 23:31:22 - ERROR - 2025-06-03 23:31:22,634 - DataManager - INFO - Daily PDF folder structure ready:
2025-06-03 23:31:22 - ERROR - 2025-06-03 23:31:22,635 - DataManager - INFO -   Base reports folder: data\reports
2025-06-03 23:31:22 - ERROR - 2025-06-03 23:31:22,637 - DataManager - INFO -   Today's folder: data\reports\2025-06-03
2025-06-03 23:31:22 - ERROR - 2025-06-03 23:31:22,649 - DataManager - INFO - Data file: data\weighbridge_data.csv
2025-06-03 23:31:22 - ERROR - 2025-06-03 23:31:22,650 - DataManager - INFO - Reports folder: data\reports
2025-06-03 23:31:22 - ERROR - 2025-06-03 23:31:22,651 - DataManager - INFO - JSON backup folder: data\json_backups
2025-06-03 23:31:22 - ERROR - 2025-06-03 23:31:22,652 - DataManager - INFO - PDF folder: data\reports\2025-06-03
2025-06-03 23:31:22 - ERROR - 2025-06-03 23:31:22,654 - DataManager - INFO - Cloud storage will only be initialized when backup is requested
2025-06-03 23:31:22 - ERROR - 2025-06-03 23:31:22,655 - TharuniApp - INFO - Data manager initialized
2025-06-03 23:31:22 - ERROR - 2025-06-03 23:31:22,667 - TharuniApp - INFO - Settings storage initialized
2025-06-03 23:31:22 - PRINT - Reading weighbridge settings from: data\app_settings.json
2025-06-03 23:31:22 - PRINT - Loaded weighbridge settings: {'com_port': '', 'baud_rate': 2400, 'data_bits': 8, 'parity': 'None', 'stop_bits': 1.0, 'test_mode': True}
2025-06-03 23:31:22 - PRINT - Reading camera settings from: data\app_settings.json
2025-06-03 23:31:22 - PRINT - Loaded camera settings: {'front_camera_type': 'USB', 'front_camera_index': 0, 'front_rtsp_username': '', 'front_rtsp_password': '', 'front_rtsp_ip': '', 'front_rtsp_port': '554', 'front_rtsp_endpoint': '/stream1', 'front_http_username': '', 'front_http_password': '', 'front_http_ip': '', 'front_http_port': '80', 'front_http_endpoint': '/mjpeg', 'back_camera_type': 'USB', 'back_camera_index': 1, 'back_rtsp_username': '', 'back_rtsp_password': '', 'back_rtsp_ip': '', 'back_rtsp_port': '554', 'back_rtsp_endpoint': '/stream1', 'back_http_username': '', 'back_http_password': '', 'back_http_ip': '', 'back_http_port': '80', 'back_http_endpoint': '/mjpeg'}
2025-06-03 23:31:22 - PRINT - Settings integrity check passed
2025-06-03 23:31:22 - ERROR - 2025-06-03 23:31:22,675 - TharuniApp - INFO - UI styles initialized
2025-06-03 23:31:22 - ERROR - 2025-06-03 23:31:22,677 - TharuniApp - INFO - Starting user authentication
2025-06-03 23:31:29 - ERROR - 2025-06-03 23:31:29,474 - TharuniApp - INFO - Authentication successful: admin
2025-06-03 23:31:29 - ERROR - 2025-06-03 23:31:29,475 - TharuniApp - INFO - User logged in: admin (Role: admin)
2025-06-03 23:31:29 - ERROR - 2025-06-03 23:31:29,476 - TharuniApp - INFO - Setting up data context
2025-06-03 23:31:29 - ERROR - 2025-06-03 23:31:29,488 - DataManager - INFO - CSV structure is up to date
2025-06-03 23:31:29 - ERROR - 2025-06-03 23:31:29,491 - DataManager - INFO - Data context set to: Agency='Coastal', Site='Eluru'
2025-06-03 23:31:29 - ERROR - 2025-06-03 23:31:29,492 - DataManager - INFO - Data file: data\Coastal_Eluru_data.csv
2025-06-03 23:31:29 - ERROR - 2025-06-03 23:31:29,494 - TharuniApp - INFO - Data context initialized: Agency='Coastal', Site='Eluru'
2025-06-03 23:31:29 - ERROR - 2025-06-03 23:31:29,496 - TharuniApp - INFO - Data will be saved to: data\Coastal_Eluru_data.csv
2025-06-03 23:31:29 - ERROR - 2025-06-03 23:31:29,497 - TharuniApp - INFO - PDFs will be saved to: data\reports\2025-06-03
2025-06-03 23:31:29 - ERROR - 2025-06-03 23:31:29,498 - TharuniApp - INFO - Creating application widgets
2025-06-03 23:31:29 - ERROR - 2025-06-03 23:31:29,513 - TharuniApp - INFO - Creating main panel
2025-06-03 23:31:29 - PRINT - 🎫 FORM DEBUG: Reserving next ticket number...
2025-06-03 23:31:29 - PRINT - 🎫 CONFIG DEBUG: Reserving next ticket number...
2025-06-03 23:31:29 - PRINT - 🎫 CONFIG DEBUG: Current ticket counter value: 4
2025-06-03 23:31:29 - PRINT - 🎫 CONFIG DEBUG: Reserved ticket number: T0004
2025-06-03 23:31:29 - PRINT - 🎫 FORM DEBUG: Reserved ticket number: T0004
2025-06-03 23:31:29 - ERROR - 2025-06-03 23:31:29,527 - FormValidator - INFO - FormValidator initialized
2025-06-03 23:31:29 - PRINT - ImageHandler initialized
2025-06-03 23:31:29 - ERROR - 2025-06-03 23:31:29,537 - DataManager - INFO - Successfully loaded 6 records from data\Coastal_Eluru_data.csv
2025-06-03 23:31:29 - PRINT - 🔍 Detecting available USB cameras...
2025-06-03 23:31:29 - PRINT - Error detecting cameras: type object 'RobustCameraView' has no attribute 'detect_available_cameras'
2025-06-03 23:31:30 - PRINT - Reading camera settings from: data\app_settings.json
2025-06-03 23:31:30 - PRINT - Loaded camera settings: {'front_camera_type': 'USB', 'front_camera_index': 0, 'front_rtsp_username': '', 'front_rtsp_password': '', 'front_rtsp_ip': '', 'front_rtsp_port': '554', 'front_rtsp_endpoint': '/stream1', 'front_http_username': '', 'front_http_password': '', 'front_http_ip': '', 'front_http_port': '80', 'front_http_endpoint': '/mjpeg', 'back_camera_type': 'USB', 'back_camera_index': 1, 'back_rtsp_username': '', 'back_rtsp_password': '', 'back_rtsp_ip': '', 'back_rtsp_port': '554', 'back_rtsp_endpoint': '/stream1', 'back_http_username': '', 'back_http_password': '', 'back_http_ip': '', 'back_http_port': '80', 'back_http_endpoint': '/mjpeg'}
2025-06-03 23:31:30 - PRINT - Front camera configured for USB index: 0
2025-06-03 23:31:30 - PRINT - Back camera configured for USB index: 1
2025-06-03 23:31:30 - PRINT - Camera settings loaded and applied to robust feed system
2025-06-03 23:31:30 - ERROR - 2025-06-03 23:31:30,248 - DataManager - INFO - Successfully loaded 6 records from data\Coastal_Eluru_data.csv
2025-06-03 23:31:30 - ERROR - 2025-06-03 23:31:30,249 - TharuniApp - INFO - Main form created
2025-06-03 23:31:30 - ERROR - 2025-06-03 23:31:30,251 - DataManager - INFO - CSV structure is up to date
2025-06-03 23:31:30 - ERROR - 2025-06-03 23:31:30,253 - DataManager - INFO - Data context set to: Agency='Coastal', Site='Eluru'
2025-06-03 23:31:30 - ERROR - 2025-06-03 23:31:30,254 - DataManager - INFO - Data file: data\Coastal_Eluru_data.csv
2025-06-03 23:31:30 - PRINT - Updated data context: Coastal_Eluru
2025-06-03 23:31:30 - ERROR - 2025-06-03 23:31:30,256 - DataManager - INFO - CSV structure is up to date
2025-06-03 23:31:30 - ERROR - 2025-06-03 23:31:30,258 - DataManager - INFO - Data context set to: Agency='Coastal', Site='Eluru'
2025-06-03 23:31:30 - ERROR - 2025-06-03 23:31:30,259 - DataManager - INFO - Data file: data\Coastal_Eluru_data.csv
2025-06-03 23:31:30 - PRINT - Updated data context: Coastal_Eluru
2025-06-03 23:31:30 - ERROR - 2025-06-03 23:31:30,261 - DataManager - INFO - CSV structure is up to date
2025-06-03 23:31:30 - ERROR - 2025-06-03 23:31:30,262 - DataManager - INFO - Data context set to: Agency='Coastal', Site='Eluru'
2025-06-03 23:31:30 - ERROR - 2025-06-03 23:31:30,263 - DataManager - INFO - Data file: data\Coastal_Eluru_data.csv
2025-06-03 23:31:30 - PRINT - Updated data context: Coastal_Eluru
2025-06-03 23:31:30 - ERROR - 2025-06-03 23:31:30,265 - PendingVehiclesPanel - INFO - PendingVehiclesPanel initialized
2025-06-03 23:31:30 - PRINT - 🚛 PENDING DEBUG: Refreshing pending vehicles list...
2025-06-03 23:31:30 - ERROR - 2025-06-03 23:31:30,275 - PendingVehiclesPanel - INFO - Refreshing pending vehicles list
2025-06-03 23:31:30 - ERROR - 2025-06-03 23:31:30,276 - DataManager - INFO - Successfully loaded 6 records from data\Coastal_Eluru_data.csv
2025-06-03 23:31:30 - PRINT - 🚛 PENDING DEBUG: Retrieved 6 total records
2025-06-03 23:31:30 - ERROR - 2025-06-03 23:31:30,278 - PendingVehiclesPanel - INFO - Retrieved 6 total records
2025-06-03 23:31:30 - PRINT - 🚛 PENDING DEBUG: Checking ticket T0031:
2025-06-03 23:31:30 - PRINT -    - first_weight: '32340.00' (has: True)
2025-06-03 23:31:30 - PRINT -    - first_timestamp: '03-06-2025 18:16:07' (has: True)
2025-06-03 23:31:30 - PRINT -    - second_weight: '14630.00' (has: True)
2025-06-03 23:31:30 - PRINT -    - second_timestamp: '03-06-2025 18:16:12' (has: True)
2025-06-03 23:31:30 - PRINT -    - has_first: True, missing_second: False
2025-06-03 23:31:30 - PRINT - 🚛 PENDING DEBUG: ⏭️  Skipped ticket T0031 - not pending
2025-06-03 23:31:30 - PRINT - 🚛 PENDING DEBUG: Checking ticket T0032:
2025-06-03 23:31:30 - PRINT -    - first_weight: '41900.00' (has: True)
2025-06-03 23:31:30 - PRINT -    - first_timestamp: '03-06-2025 18:40:02' (has: True)
2025-06-03 23:31:30 - PRINT -    - second_weight: '10350.00' (has: True)
2025-06-03 23:31:30 - PRINT -    - second_timestamp: '03-06-2025 18:40:19' (has: True)
2025-06-03 23:31:30 - PRINT -    - has_first: True, missing_second: False
2025-06-03 23:31:30 - PRINT - 🚛 PENDING DEBUG: ⏭️  Skipped ticket T0032 - not pending
2025-06-03 23:31:30 - PRINT - 🚛 PENDING DEBUG: Checking ticket T0033:
2025-06-03 23:31:30 - PRINT -    - first_weight: '21440.00' (has: True)
2025-06-03 23:31:30 - PRINT -    - first_timestamp: '03-06-2025 20:08:54' (has: True)
2025-06-03 23:31:30 - PRINT -    - second_weight: '8650.00' (has: True)
2025-06-03 23:31:30 - PRINT -    - second_timestamp: '03-06-2025 20:09:13' (has: True)
2025-06-03 23:31:30 - PRINT -    - has_first: True, missing_second: False
2025-06-03 23:31:30 - PRINT - 🚛 PENDING DEBUG: ⏭️  Skipped ticket T0033 - not pending
2025-06-03 23:31:30 - PRINT - 🚛 PENDING DEBUG: Checking ticket T0001:
2025-06-03 23:31:30 - PRINT -    - first_weight: '18310.00' (has: True)
2025-06-03 23:31:30 - PRINT -    - first_timestamp: '03-06-2025 20:11:03' (has: True)
2025-06-03 23:31:30 - PRINT -    - second_weight: '6050.00' (has: True)
2025-06-03 23:31:30 - PRINT -    - second_timestamp: '03-06-2025 20:12:07' (has: True)
2025-06-03 23:31:30 - PRINT -    - has_first: True, missing_second: False
2025-06-03 23:31:30 - PRINT - 🚛 PENDING DEBUG: ⏭️  Skipped ticket T0001 - not pending
2025-06-03 23:31:30 - PRINT - 🚛 PENDING DEBUG: Checking ticket T0002:
2025-06-03 23:31:30 - PRINT -    - first_weight: '15970.00' (has: True)
2025-06-03 23:31:30 - PRINT -    - first_timestamp: '03-06-2025 20:11:22' (has: True)
2025-06-03 23:31:30 - PRINT -    - second_weight: '5320.00' (has: True)
2025-06-03 23:31:30 - PRINT -    - second_timestamp: '03-06-2025 20:12:18' (has: True)
2025-06-03 23:31:30 - PRINT -    - has_first: True, missing_second: False
2025-06-03 23:31:30 - PRINT - 🚛 PENDING DEBUG: ⏭️  Skipped ticket T0002 - not pending
2025-06-03 23:31:30 - PRINT - 🚛 PENDING DEBUG: Checking ticket T0003:
2025-06-03 23:31:30 - PRINT -    - first_weight: '29910.00' (has: True)
2025-06-03 23:31:30 - PRINT -    - first_timestamp: '03-06-2025 20:11:44' (has: True)
2025-06-03 23:31:30 - PRINT -    - second_weight: '12080.00' (has: True)
2025-06-03 23:31:30 - PRINT -    - second_timestamp: '03-06-2025 20:11:54' (has: True)
2025-06-03 23:31:30 - PRINT -    - has_first: True, missing_second: False
2025-06-03 23:31:30 - PRINT - 🚛 PENDING DEBUG: ⏭️  Skipped ticket T0003 - not pending
2025-06-03 23:31:30 - PRINT - 🚛 PENDING DEBUG: Found 0 pending records
2025-06-03 23:31:30 - ERROR - 2025-06-03 23:31:30,324 - PendingVehiclesPanel - INFO - Found 0 pending records
2025-06-03 23:31:30 - PRINT - 🚛 PENDING DEBUG: ✅ Successfully refreshed pending list with 0 items
2025-06-03 23:31:30 - ERROR - 2025-06-03 23:31:30,326 - PendingVehiclesPanel - INFO - Successfully refreshed pending list with 0 items
2025-06-03 23:31:30 - ERROR - 2025-06-03 23:31:30,327 - TharuniApp - INFO - Pending vehicles panel created
2025-06-03 23:31:30 - ERROR - 2025-06-03 23:31:30,527 - TharuniApp - INFO - Main panel creation completed
2025-06-03 23:31:30 - ERROR - 2025-06-03 23:31:30,534 - TharuniApp - INFO - Summary panel created
2025-06-03 23:31:30 - PRINT - ❌ Could not find data_manager anywhere
2025-06-03 23:31:30 - PRINT - Available attributes in self:
2025-06-03 23:31:30 - PRINT - ['data_bits_var', 'find_data_manager']
2025-06-03 23:31:30 - PRINT - Loading saved settings...
2025-06-03 23:31:30 - PRINT - Reading weighbridge settings from: data\app_settings.json
2025-06-03 23:31:30 - PRINT - Loaded weighbridge settings: {'com_port': '', 'baud_rate': 2400, 'data_bits': 8, 'parity': 'None', 'stop_bits': 1.0, 'test_mode': True}
2025-06-03 23:31:30 - PRINT - WeighbridgeManager test mode set to: True
2025-06-03 23:31:30 - PRINT - Applied test mode True to weighbridge manager
2025-06-03 23:31:30 - PRINT - Loaded weighbridge settings with test mode: True
2025-06-03 23:31:30 - PRINT - Reading camera settings from: data\app_settings.json
2025-06-03 23:31:30 - PRINT - Loaded camera settings: {'front_camera_type': 'USB', 'front_camera_index': 0, 'front_rtsp_username': '', 'front_rtsp_password': '', 'front_rtsp_ip': '', 'front_rtsp_port': '554', 'front_rtsp_endpoint': '/stream1', 'front_http_username': '', 'front_http_password': '', 'front_http_ip': '', 'front_http_port': '80', 'front_http_endpoint': '/mjpeg', 'back_camera_type': 'USB', 'back_camera_index': 1, 'back_rtsp_username': '', 'back_rtsp_password': '', 'back_rtsp_ip': '', 'back_rtsp_port': '554', 'back_rtsp_endpoint': '/stream1', 'back_http_username': '', 'back_http_password': '', 'back_http_ip': '', 'back_http_port': '80', 'back_http_endpoint': '/mjpeg'}
2025-06-03 23:31:30 - PRINT - Loading camera settings: {'front_camera_type': 'USB', 'front_camera_index': 0, 'front_rtsp_username': '', 'front_rtsp_password': '', 'front_rtsp_ip': '', 'front_rtsp_port': '554', 'front_rtsp_endpoint': '/stream1', 'front_http_username': '', 'front_http_password': '', 'front_http_ip': '', 'front_http_port': '80', 'front_http_endpoint': '/mjpeg', 'back_camera_type': 'USB', 'back_camera_index': 1, 'back_rtsp_username': '', 'back_rtsp_password': '', 'back_rtsp_ip': '', 'back_rtsp_port': '554', 'back_rtsp_endpoint': '/stream1', 'back_http_username': '', 'back_http_password': '', 'back_http_ip': '', 'back_http_port': '80', 'back_http_endpoint': '/mjpeg'}
2025-06-03 23:31:30 - PRINT - Camera settings loaded successfully
2025-06-03 23:31:30 - PRINT - All settings loaded successfully
2025-06-03 23:31:30 - ERROR - 2025-06-03 23:31:30,764 - TharuniApp - INFO - ✅ Data manager reference set in settings panel
2025-06-03 23:31:30 - ERROR - 2025-06-03 23:31:30,765 - TharuniApp - INFO - Widget creation completed successfully
2025-06-03 23:31:30 - PRINT - 🚛 PENDING DEBUG: Refreshing pending vehicles list...
2025-06-03 23:31:30 - ERROR - 2025-06-03 23:31:30,769 - PendingVehiclesPanel - INFO - Refreshing pending vehicles list
2025-06-03 23:31:30 - ERROR - 2025-06-03 23:31:30,771 - DataManager - INFO - Successfully loaded 6 records from data\Coastal_Eluru_data.csv
2025-06-03 23:31:30 - PRINT - 🚛 PENDING DEBUG: Retrieved 6 total records
2025-06-03 23:31:30 - ERROR - 2025-06-03 23:31:30,773 - PendingVehiclesPanel - INFO - Retrieved 6 total records
2025-06-03 23:31:30 - PRINT - 🚛 PENDING DEBUG: Checking ticket T0031:
2025-06-03 23:31:30 - PRINT -    - first_weight: '32340.00' (has: True)
2025-06-03 23:31:30 - PRINT -    - first_timestamp: '03-06-2025 18:16:07' (has: True)
2025-06-03 23:31:30 - PRINT -    - second_weight: '14630.00' (has: True)
2025-06-03 23:31:30 - PRINT -    - second_timestamp: '03-06-2025 18:16:12' (has: True)
2025-06-03 23:31:30 - PRINT -    - has_first: True, missing_second: False
2025-06-03 23:31:30 - PRINT - 🚛 PENDING DEBUG: ⏭️  Skipped ticket T0031 - not pending
2025-06-03 23:31:30 - PRINT - 🚛 PENDING DEBUG: Checking ticket T0032:
2025-06-03 23:31:30 - PRINT -    - first_weight: '41900.00' (has: True)
2025-06-03 23:31:30 - PRINT -    - first_timestamp: '03-06-2025 18:40:02' (has: True)
2025-06-03 23:31:30 - PRINT -    - second_weight: '10350.00' (has: True)
2025-06-03 23:31:30 - PRINT -    - second_timestamp: '03-06-2025 18:40:19' (has: True)
2025-06-03 23:31:30 - PRINT -    - has_first: True, missing_second: False
2025-06-03 23:31:30 - PRINT - 🚛 PENDING DEBUG: ⏭️  Skipped ticket T0032 - not pending
2025-06-03 23:31:30 - PRINT - 🚛 PENDING DEBUG: Checking ticket T0033:
2025-06-03 23:31:30 - PRINT -    - first_weight: '21440.00' (has: True)
2025-06-03 23:31:30 - PRINT -    - first_timestamp: '03-06-2025 20:08:54' (has: True)
2025-06-03 23:31:30 - PRINT -    - second_weight: '8650.00' (has: True)
2025-06-03 23:31:30 - PRINT -    - second_timestamp: '03-06-2025 20:09:13' (has: True)
2025-06-03 23:31:30 - PRINT -    - has_first: True, missing_second: False
2025-06-03 23:31:30 - PRINT - 🚛 PENDING DEBUG: ⏭️  Skipped ticket T0033 - not pending
2025-06-03 23:31:30 - PRINT - 🚛 PENDING DEBUG: Checking ticket T0001:
2025-06-03 23:31:30 - PRINT -    - first_weight: '18310.00' (has: True)
2025-06-03 23:31:30 - PRINT -    - first_timestamp: '03-06-2025 20:11:03' (has: True)
2025-06-03 23:31:30 - PRINT -    - second_weight: '6050.00' (has: True)
2025-06-03 23:31:30 - PRINT -    - second_timestamp: '03-06-2025 20:12:07' (has: True)
2025-06-03 23:31:30 - PRINT -    - has_first: True, missing_second: False
2025-06-03 23:31:30 - PRINT - 🚛 PENDING DEBUG: ⏭️  Skipped ticket T0001 - not pending
2025-06-03 23:31:30 - PRINT - 🚛 PENDING DEBUG: Checking ticket T0002:
2025-06-03 23:31:30 - PRINT -    - first_weight: '15970.00' (has: True)
2025-06-03 23:31:30 - PRINT -    - first_timestamp: '03-06-2025 20:11:22' (has: True)
2025-06-03 23:31:30 - PRINT -    - second_weight: '5320.00' (has: True)
2025-06-03 23:31:30 - PRINT -    - second_timestamp: '03-06-2025 20:12:18' (has: True)
2025-06-03 23:31:30 - PRINT -    - has_first: True, missing_second: False
2025-06-03 23:31:30 - PRINT - 🚛 PENDING DEBUG: ⏭️  Skipped ticket T0002 - not pending
2025-06-03 23:31:30 - PRINT - 🚛 PENDING DEBUG: Checking ticket T0003:
2025-06-03 23:31:30 - PRINT -    - first_weight: '29910.00' (has: True)
2025-06-03 23:31:30 - PRINT -    - first_timestamp: '03-06-2025 20:11:44' (has: True)
2025-06-03 23:31:30 - PRINT -    - second_weight: '12080.00' (has: True)
2025-06-03 23:31:30 - PRINT -    - second_timestamp: '03-06-2025 20:11:54' (has: True)
2025-06-03 23:31:30 - PRINT -    - has_first: True, missing_second: False
2025-06-03 23:31:30 - PRINT - 🚛 PENDING DEBUG: ⏭️  Skipped ticket T0003 - not pending
2025-06-03 23:31:30 - PRINT - 🚛 PENDING DEBUG: Found 0 pending records
2025-06-03 23:31:30 - ERROR - 2025-06-03 23:31:30,848 - PendingVehiclesPanel - INFO - Found 0 pending records
2025-06-03 23:31:30 - PRINT - 🚛 PENDING DEBUG: ✅ Successfully refreshed pending list with 0 items
2025-06-03 23:31:30 - ERROR - 2025-06-03 23:31:30,850 - PendingVehiclesPanel - INFO - Successfully refreshed pending list with 0 items
2025-06-03 23:31:30 - ERROR - 2025-06-03 23:31:30,852 - DataManager - INFO - Created new daily folder: data\reports\03-06
2025-06-03 23:31:30 - PRINT - 📂 Loaded 0 items from queue file
2025-06-03 23:31:30 - PRINT - 📥 Queue initialized with 0 items
2025-06-03 23:31:30 - PRINT - 🚀 Fast sync manager initialized with parallel processing
2025-06-03 23:31:30 - PRINT - 🔍 Connectivity checker started (silent mode)
2025-06-03 23:31:30 - PRINT - 🎛️ Enhanced connectivity UI initialized with fast sync (silent mode)
2025-06-03 23:31:30 - PRINT - ✅ Enhanced FAST connectivity added to app
2025-06-03 23:31:30 - ERROR - 2025-06-03 23:31:30,868 - TharuniApp - INFO - Application initialization completed successfully
2025-06-03 23:31:30 - PRINT - 🔄 Connectivity changed: 🌐 ONLINE
2025-06-03 23:31:30 - PRINT - 🔄 Connectivity status changed: 🌐 Online
2025-06-03 23:31:30 - PRINT - 🌐 Internet connection detected - starting FAST sync
2025-06-03 23:31:31 - ERROR - 2025-06-03 23:31:31,765 - TharuniApp - INFO - Ensuring settings persistence...
2025-06-03 23:31:31 - PRINT - Reading weighbridge settings from: data\app_settings.json
2025-06-03 23:31:31 - PRINT - Loaded weighbridge settings: {'com_port': '', 'baud_rate': 2400, 'data_bits': 8, 'parity': 'None', 'stop_bits': 1.0, 'test_mode': True}
2025-06-03 23:31:31 - PRINT - Reading camera settings from: data\app_settings.json
2025-06-03 23:31:31 - PRINT - Loaded camera settings: {'front_camera_type': 'USB', 'front_camera_index': 0, 'front_rtsp_username': '', 'front_rtsp_password': '', 'front_rtsp_ip': '', 'front_rtsp_port': '554', 'front_rtsp_endpoint': '/stream1', 'front_http_username': '', 'front_http_password': '', 'front_http_ip': '', 'front_http_port': '80', 'front_http_endpoint': '/mjpeg', 'back_camera_type': 'USB', 'back_camera_index': 1, 'back_rtsp_username': '', 'back_rtsp_password': '', 'back_rtsp_ip': '', 'back_rtsp_port': '554', 'back_rtsp_endpoint': '/stream1', 'back_http_username': '', 'back_http_password': '', 'back_http_ip': '', 'back_http_port': '80', 'back_http_endpoint': '/mjpeg'}
2025-06-03 23:31:31 - PRINT - Settings integrity check passed
2025-06-03 23:31:31 - PRINT - Reading weighbridge settings from: data\app_settings.json
2025-06-03 23:31:31 - PRINT - Loaded weighbridge settings: {'com_port': '', 'baud_rate': 2400, 'data_bits': 8, 'parity': 'None', 'stop_bits': 1.0, 'test_mode': True}
2025-06-03 23:31:31 - ERROR - 2025-06-03 23:31:31,782 - TharuniApp - INFO - Settings persistence check completed
2025-06-03 23:31:31 - PRINT - 📭 Queue is empty, nothing to sync
2025-06-03 23:31:31 - PRINT - ℹ️ Fast sync not started (already running or queue empty)
2025-06-03 23:31:39 - ERROR - 2025-06-03 23:31:39,614 - DataManager - INFO - Successfully loaded 6 records from data\Coastal_Eluru_data.csv
2025-06-03 23:31:39 - ERROR - 2025-06-03 23:31:39,645 - DataManager - INFO - Successfully loaded 6 records from data\Coastal_Eluru_data.csv
2025-06-03 23:31:39 - ERROR - 2025-06-03 23:31:39,649 - DataManager - INFO - Successfully loaded 6 records from data\Coastal_Eluru_data.csv
2025-06-03 23:31:40 - ERROR - 2025-06-03 23:31:40,118 - DataManager - INFO - Successfully loaded 6 records from data\Coastal_Eluru_data.csv
2025-06-03 23:31:40 - ERROR - 2025-06-03 23:31:40,121 - DataManager - INFO - Successfully loaded 6 records from data\Coastal_Eluru_data.csv
2025-06-03 23:31:40 - PRINT - Capture weight called
2025-06-03 23:31:40 - PRINT - Checking test mode...
2025-06-03 23:31:40 - PRINT - Could not find main app after 8 attempts
2025-06-03 23:31:40 - PRINT - Creating new SettingsStorage instance
2025-06-03 23:31:40 - PRINT - Reading weighbridge settings from: data\app_settings.json
2025-06-03 23:31:40 - PRINT - Loaded weighbridge settings: {'com_port': '', 'baud_rate': 2400, 'data_bits': 8, 'parity': 'None', 'stop_bits': 1.0, 'test_mode': True}
2025-06-03 23:31:40 - PRINT - Test mode from settings storage: True
2025-06-03 23:31:40 - PRINT - Test mode is enabled - generating random weight
2025-06-03 23:31:40 - PRINT - Generating weight for first weighment
2025-06-03 23:31:40 - PRINT - First weighment - generated: 16406.49247801605
2025-06-03 23:31:40 - PRINT - Generated random weight: 16410.0 kg
2025-06-03 23:31:40 - PRINT - Processing captured weight: 16410.0
2025-06-03 23:31:40 - PRINT - Checking test mode...
2025-06-03 23:31:40 - PRINT - Could not find main app after 8 attempts
2025-06-03 23:31:40 - PRINT - Creating new SettingsStorage instance
2025-06-03 23:31:40 - PRINT - Reading weighbridge settings from: data\app_settings.json
2025-06-03 23:31:40 - PRINT - Loaded weighbridge settings: {'com_port': '', 'baud_rate': 2400, 'data_bits': 8, 'parity': 'None', 'stop_bits': 1.0, 'test_mode': True}
2025-06-03 23:31:40 - PRINT - Test mode from settings storage: True
2025-06-03 23:31:41 - ERROR - 2025-06-03 23:31:41,675 - DataManager - INFO - Successfully loaded 6 records from data\Coastal_Eluru_data.csv
2025-06-03 23:31:41 - ERROR - 2025-06-03 23:31:41,676 - DataManager - INFO - Successfully loaded 6 records from data\Coastal_Eluru_data.csv
2025-06-03 23:31:44 - ERROR - 2025-06-03 23:31:44,770 - TharuniApp - INFO - ==================================================
2025-06-03 23:31:44 - ERROR - 2025-06-03 23:31:44,772 - TharuniApp - INFO - SAVE RECORD OPERATION STARTED WITH SMART TICKET FLOW
2025-06-03 23:31:44 - ERROR - 2025-06-03 23:31:44,774 - FormValidator - INFO - Starting comprehensive form validation
2025-06-03 23:31:44 - ERROR - 2025-06-03 23:31:44,776 - FormValidator - INFO - Validating basic fields
2025-06-03 23:31:44 - ERROR - 2025-06-03 23:31:44,778 - FormValidator - INFO - Field values: ticket='T0004', vehicle='AP04AP4444', agency='Coastal'
2025-06-03 23:31:44 - ERROR - 2025-06-03 23:31:44,780 - FormValidator - INFO - Basic validation passed
2025-06-03 23:31:44 - ERROR - 2025-06-03 23:31:44,783 - FormValidator - INFO - Validating weighment data
2025-06-03 23:31:44 - ERROR - 2025-06-03 23:31:44,785 - FormValidator - INFO - Weighment data: first_weight='16410.00', first_timestamp='03-06-2025 23:31:40', second_weight='', second_timestamp=''
2025-06-03 23:31:44 - ERROR - 2025-06-03 23:31:44,787 - FormValidator - INFO - Weighment validation passed
2025-06-03 23:31:44 - ERROR - 2025-06-03 23:31:44,789 - FormValidator - INFO - Validating images for second weighment
2025-06-03 23:31:44 - ERROR - 2025-06-03 23:31:44,791 - FormValidator - INFO - Images validation for second: front=False, back=False
2025-06-03 23:31:45 - ERROR - 2025-06-03 23:31:45,915 - DataManager - INFO - Successfully loaded 6 records from data\Coastal_Eluru_data.csv
2025-06-03 23:31:45 - ERROR - 2025-06-03 23:31:45,917 - DataManager - INFO - Successfully loaded 6 records from data\Coastal_Eluru_data.csv
2025-06-03 23:31:45 - ERROR - 2025-06-03 23:31:45,923 - FormValidator - INFO - User chose to continue without images
2025-06-03 23:31:45 - ERROR - 2025-06-03 23:31:45,925 - FormValidator - INFO - Form validation passed successfully
2025-06-03 23:31:45 - PRINT - Get all image filenames returning: {'first_front_image': '', 'first_back_image': '', 'second_front_image': '', 'second_back_image': ''}
2025-06-03 23:31:45 - PRINT - DEBUG - User name var: 'admin'
2025-06-03 23:31:45 - PRINT - DEBUG - Site incharge var: 'Vishnu'
2025-06-03 23:31:45 - PRINT - DEBUG - Net weight var: ''
2025-06-03 23:31:45 - PRINT - DEBUG - Final data user_name: 'admin'
2025-06-03 23:31:45 - PRINT - DEBUG - Final data site_incharge: 'Vishnu'
2025-06-03 23:31:45 - PRINT - DEBUG - Final data net_weight: ''
2025-06-03 23:31:45 - PRINT - 🎫 TICKET FLOW DEBUG: Starting save for ticket: T0004
2025-06-03 23:31:45 - ERROR - 2025-06-03 23:31:45,934 - TharuniApp - INFO - Saving record for ticket: T0004
2025-06-03 23:31:45 - ERROR - 2025-06-03 23:31:45,936 - DataManager - INFO - Successfully loaded 6 records from data\Coastal_Eluru_data.csv
2025-06-03 23:31:45 - ERROR - 2025-06-03 23:31:45,937 - DataManager - INFO - Filtered 6 records to 0 using filter: 't0004'
2025-06-03 23:31:45 - PRINT - 🎫 TICKET FLOW DEBUG: This is a NEW record: T0004
2025-06-03 23:31:45 - ERROR - 2025-06-03 23:31:45,940 - TharuniApp - INFO - Adding new record: T0004
2025-06-03 23:31:45 - ERROR - 2025-06-03 23:31:45,941 - TharuniApp - INFO - Calling data_manager.save_record for T0004
2025-06-03 23:31:45 - ERROR - 2025-06-03 23:31:45,942 - DataManager - INFO - ==================================================
2025-06-03 23:31:45 - ERROR - 2025-06-03 23:31:45,942 - DataManager - INFO - STARTING OFFLINE-FIRST RECORD SAVE
2025-06-03 23:31:45 - ERROR - 2025-06-03 23:31:45,943 - DataManager - INFO - Input data keys: ['date', 'time', 'site_name', 'agency_name', 'material', 'ticket_no', 'vehicle_no', 'transfer_party_name', 'first_weight', 'first_timestamp', 'second_weight', 'second_timestamp', 'net_weight', 'material_type', 'first_front_image', 'first_back_image', 'second_front_image', 'second_back_image', 'site_incharge', 'user_name']
2025-06-03 23:31:45 - ERROR - 2025-06-03 23:31:45,944 - DataManager - INFO - Net weight cleared - incomplete weighments
2025-06-03 23:31:45 - ERROR - 2025-06-03 23:31:45,945 - DataManager - INFO - Using data file: data\Coastal_Eluru_data.csv
2025-06-03 23:31:45 - ERROR - 2025-06-03 23:31:45,947 - DataManager - INFO - Successfully loaded 6 records from data\Coastal_Eluru_data.csv
2025-06-03 23:31:45 - ERROR - 2025-06-03 23:31:45,948 - DataManager - INFO - Filtered 6 records to 0 using filter: 't0004'
2025-06-03 23:31:45 - ERROR - 2025-06-03 23:31:45,949 - DataManager - INFO - Adding new record: T0004
2025-06-03 23:31:45 - ERROR - 2025-06-03 23:31:45,952 - DataManager - INFO - Adding new record to CSV
2025-06-03 23:31:45 - ERROR - 2025-06-03 23:31:45,954 - DataManager - INFO - Record data: ['03-06-2025', '23:31:45', 'Eluru', 'Coastal', 'Inert', 'T0004', 'AP04AP4444', 'Coromandel', '16410.00', '03-06-2025 23:31:40', '', '', '', 'Inert', '', '', '', '', 'Vishnu', 'admin']
2025-06-03 23:31:45 - ERROR - 2025-06-03 23:31:45,956 - DataManager - INFO - ✅ New record added to data\Coastal_Eluru_data.csv
2025-06-03 23:31:45 - ERROR - 2025-06-03 23:31:45,957 - DataManager - INFO - ✅ Record T0004 saved to local CSV successfully
2025-06-03 23:31:45 - ERROR - 2025-06-03 23:31:45,958 - DataManager - INFO - Weighment analysis:
2025-06-03 23:31:45 - ERROR - 2025-06-03 23:31:45,959 - DataManager - INFO -   - Has first weighment: True
2025-06-03 23:31:45 - ERROR - 2025-06-03 23:31:45,960 - DataManager - INFO -   - Has second weighment: False
2025-06-03 23:31:45 - ERROR - 2025-06-03 23:31:45,961 - DataManager - INFO -   - Is first weighment save: True
2025-06-03 23:31:45 - ERROR - 2025-06-03 23:31:45,962 - DataManager - INFO -   - Is complete record: False
2025-06-03 23:31:45 - ERROR - 2025-06-03 23:31:45,963 - DataManager - INFO -   - Is update: False
2025-06-03 23:31:45 - ERROR - 2025-06-03 23:31:45,964 - DataManager - INFO - ✅ OFFLINE-FIRST SAVE COMPLETED - Local CSV, JSON backup, and PDF generated
2025-06-03 23:31:45 - ERROR - 2025-06-03 23:31:45,965 - DataManager - INFO - 💡 Cloud backup available via Settings > Cloud Storage > Backup
2025-06-03 23:31:45 - ERROR - 2025-06-03 23:31:45,968 - DataManager - INFO - ==================================================
2025-06-03 23:31:45 - ERROR - 2025-06-03 23:31:45,970 - TharuniApp - INFO - ✅ Record T0004 saved successfully
2025-06-03 23:31:45 - PRINT - ⏭️ Skipping incomplete record: T0004
2025-06-03 23:31:45 - PRINT - 🎫 TICKET FLOW DEBUG: Save result analysis:
2025-06-03 23:31:45 - PRINT -    - is_complete_record: False
2025-06-03 23:31:45 - PRINT -    - is_first_weighment_save: True
2025-06-03 23:31:45 - PRINT -    - is_update: False
2025-06-03 23:31:45 - PRINT - 🎫 TICKET FLOW DEBUG: NEW record - will increment counter
2025-06-03 23:31:45 - PRINT - 🎫 TICKET FLOW DEBUG: INCREMENTING ticket counter after save of T0004
2025-06-03 23:31:45 - PRINT - 🎫 FORM DEBUG: Committing current ticket number: T0004
2025-06-03 23:31:45 - PRINT - 🎫 CONFIG DEBUG: Committing ticket number increment...
2025-06-03 23:31:45 - PRINT - 🎫 CONFIG DEBUG: Incrementing counter from 4 to 5
2025-06-03 23:31:45 - PRINT - 🎫 CONFIG DEBUG: ✅ Committed ticket number: T0004, next will be: T0005
2025-06-03 23:31:45 - PRINT - 🎫 FORM DEBUG: ✅ Successfully committed ticket number: T0004
2025-06-03 23:31:45 - PRINT - 🎫 TICKET FLOW DEBUG: ✅ Ticket counter incremented from T0004
2025-06-03 23:31:45 - PRINT - 🎫 TICKET FLOW DEBUG: First weighment saved for NEW ticket T0004
2025-06-03 23:31:45 - PRINT - 🎫 FORM DEBUG: Preparing for next vehicle after first weighment
2025-06-03 23:31:45 - PRINT - Resetting all image paths
2025-06-03 23:31:45 - PRINT - Image status update: 1st=0/2, 2nd=0/2
2025-06-03 23:31:45 - PRINT - 🎫 FORM DEBUG: Reserving next ticket number...
2025-06-03 23:31:45 - PRINT - 🎫 CONFIG DEBUG: Reserving next ticket number...
2025-06-03 23:31:46 - PRINT - 🎫 CONFIG DEBUG: Current ticket counter value: 5
2025-06-03 23:31:46 - PRINT - 🎫 CONFIG DEBUG: Reserved ticket number: T0005
2025-06-03 23:31:46 - PRINT - 🎫 FORM DEBUG: Reserved ticket number: T0005
2025-06-03 23:31:46 - PRINT - 🎫 FORM DEBUG: New ticket number reserved: T0005
2025-06-03 23:31:46 - PRINT - 🎫 FORM DEBUG: Form prepared for next vehicle - new ticket: T0005
2025-06-03 23:31:46 - PRINT - 🎫 TICKET FLOW DEBUG: Generated next ticket number: T0005
2025-06-03 23:31:46 - ERROR - 2025-06-03 23:31:46,755 - DataManager - INFO - Successfully loaded 7 records from data\Coastal_Eluru_data.csv
2025-06-03 23:31:46 - ERROR - 2025-06-03 23:31:46,757 - DataManager - INFO - Successfully loaded 7 records from data\Coastal_Eluru_data.csv
2025-06-03 23:31:46 - ERROR - 2025-06-03 23:31:46,763 - DataManager - INFO - Successfully loaded 7 records from data\Coastal_Eluru_data.csv
2025-06-03 23:31:46 - ERROR - 2025-06-03 23:31:46,764 - DataManager - INFO - Returning all 7 records (no filter)
2025-06-03 23:31:46 - PRINT - 🚛 PENDING DEBUG: Refreshing pending vehicles list...
2025-06-03 23:31:46 - ERROR - 2025-06-03 23:31:46,767 - PendingVehiclesPanel - INFO - Refreshing pending vehicles list
2025-06-03 23:31:46 - ERROR - 2025-06-03 23:31:46,768 - DataManager - INFO - Successfully loaded 7 records from data\Coastal_Eluru_data.csv
2025-06-03 23:31:46 - PRINT - 🚛 PENDING DEBUG: Retrieved 7 total records
2025-06-03 23:31:46 - ERROR - 2025-06-03 23:31:46,772 - PendingVehiclesPanel - INFO - Retrieved 7 total records
2025-06-03 23:31:46 - PRINT - 🚛 PENDING DEBUG: Checking ticket T0031:
2025-06-03 23:31:46 - PRINT -    - first_weight: '32340.00' (has: True)
2025-06-03 23:31:46 - PRINT -    - first_timestamp: '03-06-2025 18:16:07' (has: True)
2025-06-03 23:31:46 - PRINT -    - second_weight: '14630.00' (has: True)
2025-06-03 23:31:46 - PRINT -    - second_timestamp: '03-06-2025 18:16:12' (has: True)
2025-06-03 23:31:46 - PRINT -    - has_first: True, missing_second: False
2025-06-03 23:31:46 - PRINT - 🚛 PENDING DEBUG: ⏭️  Skipped ticket T0031 - not pending
2025-06-03 23:31:46 - PRINT - 🚛 PENDING DEBUG: Checking ticket T0032:
2025-06-03 23:31:46 - PRINT -    - first_weight: '41900.00' (has: True)
2025-06-03 23:31:46 - PRINT -    - first_timestamp: '03-06-2025 18:40:02' (has: True)
2025-06-03 23:31:46 - PRINT -    - second_weight: '10350.00' (has: True)
2025-06-03 23:31:46 - PRINT -    - second_timestamp: '03-06-2025 18:40:19' (has: True)
2025-06-03 23:31:46 - PRINT -    - has_first: True, missing_second: False
2025-06-03 23:31:46 - PRINT - 🚛 PENDING DEBUG: ⏭️  Skipped ticket T0032 - not pending
2025-06-03 23:31:46 - PRINT - 🚛 PENDING DEBUG: Checking ticket T0033:
2025-06-03 23:31:46 - PRINT -    - first_weight: '21440.00' (has: True)
2025-06-03 23:31:46 - PRINT -    - first_timestamp: '03-06-2025 20:08:54' (has: True)
2025-06-03 23:31:46 - PRINT -    - second_weight: '8650.00' (has: True)
2025-06-03 23:31:46 - PRINT -    - second_timestamp: '03-06-2025 20:09:13' (has: True)
2025-06-03 23:31:46 - PRINT -    - has_first: True, missing_second: False
2025-06-03 23:31:46 - PRINT - 🚛 PENDING DEBUG: ⏭️  Skipped ticket T0033 - not pending
2025-06-03 23:31:46 - PRINT - 🚛 PENDING DEBUG: Checking ticket T0001:
2025-06-03 23:31:46 - PRINT -    - first_weight: '18310.00' (has: True)
2025-06-03 23:31:46 - PRINT -    - first_timestamp: '03-06-2025 20:11:03' (has: True)
2025-06-03 23:31:46 - PRINT -    - second_weight: '6050.00' (has: True)
2025-06-03 23:31:46 - PRINT -    - second_timestamp: '03-06-2025 20:12:07' (has: True)
2025-06-03 23:31:46 - PRINT -    - has_first: True, missing_second: False
2025-06-03 23:31:46 - PRINT - 🚛 PENDING DEBUG: ⏭️  Skipped ticket T0001 - not pending
2025-06-03 23:31:46 - PRINT - 🚛 PENDING DEBUG: Checking ticket T0002:
2025-06-03 23:31:46 - PRINT -    - first_weight: '15970.00' (has: True)
2025-06-03 23:31:46 - PRINT -    - first_timestamp: '03-06-2025 20:11:22' (has: True)
2025-06-03 23:31:46 - PRINT -    - second_weight: '5320.00' (has: True)
2025-06-03 23:31:46 - PRINT -    - second_timestamp: '03-06-2025 20:12:18' (has: True)
2025-06-03 23:31:46 - PRINT -    - has_first: True, missing_second: False
2025-06-03 23:31:46 - PRINT - 🚛 PENDING DEBUG: ⏭️  Skipped ticket T0002 - not pending
2025-06-03 23:31:46 - PRINT - 🚛 PENDING DEBUG: Checking ticket T0003:
2025-06-03 23:31:46 - PRINT -    - first_weight: '29910.00' (has: True)
2025-06-03 23:31:46 - PRINT -    - first_timestamp: '03-06-2025 20:11:44' (has: True)
2025-06-03 23:31:46 - PRINT -    - second_weight: '12080.00' (has: True)
2025-06-03 23:31:46 - PRINT -    - second_timestamp: '03-06-2025 20:11:54' (has: True)
2025-06-03 23:31:46 - PRINT -    - has_first: True, missing_second: False
2025-06-03 23:31:46 - PRINT - 🚛 PENDING DEBUG: ⏭️  Skipped ticket T0003 - not pending
2025-06-03 23:31:46 - PRINT - 🚛 PENDING DEBUG: Checking ticket T0004:
2025-06-03 23:31:46 - PRINT -    - first_weight: '16410.00' (has: True)
2025-06-03 23:31:46 - PRINT -    - first_timestamp: '03-06-2025 23:31:40' (has: True)
2025-06-03 23:31:46 - PRINT -    - second_weight: '' (has: False)
2025-06-03 23:31:46 - PRINT -    - second_timestamp: '' (has: False)
2025-06-03 23:31:46 - PRINT -    - has_first: True, missing_second: True
2025-06-03 23:31:46 - PRINT - 🚛 PENDING DEBUG: ✅ Added to pending: T0004
2025-06-03 23:31:46 - ERROR - 2025-06-03 23:31:46,828 - PendingVehiclesPanel - INFO - Added to pending: T0004
2025-06-03 23:31:46 - PRINT - 🚛 PENDING DEBUG: Found 1 pending records
2025-06-03 23:31:46 - ERROR - 2025-06-03 23:31:46,830 - PendingVehiclesPanel - INFO - Found 1 pending records
2025-06-03 23:31:46 - PRINT - 🚛 PENDING DEBUG: Added to treeview: T0004 - AP04AP4444
2025-06-03 23:31:46 - PRINT - 🚛 PENDING DEBUG: ✅ Successfully refreshed pending list with 1 items
2025-06-03 23:31:46 - ERROR - 2025-06-03 23:31:46,836 - PendingVehiclesPanel - INFO - Successfully refreshed pending list with 1 items
2025-06-03 23:31:46 - PRINT - 🎫 TICKET FLOW DEBUG: Save operation completed successfully
2025-06-03 23:31:46 - ERROR - 2025-06-03 23:31:46,838 - TharuniApp - INFO - SAVE RECORD OPERATION COMPLETED SUCCESSFULLY WITH SMART TICKET FLOW
2025-06-03 23:31:46 - PRINT - 🎫 TICKET FLOW DEBUG: ==================================================
2025-06-03 23:31:46 - ERROR - 2025-06-03 23:31:46,840 - TharuniApp - INFO - ==================================================
2025-06-03 23:31:49 - ERROR - 2025-06-03 23:31:49,946 - DataManager - INFO - CSV structure is up to date
2025-06-03 23:31:49 - ERROR - 2025-06-03 23:31:49,948 - DataManager - INFO - Data context set to: Agency='Coastal', Site='Eluru'
2025-06-03 23:31:49 - ERROR - 2025-06-03 23:31:49,950 - DataManager - INFO - Data file: data\Coastal_Eluru_data.csv
2025-06-03 23:31:49 - PRINT - Updated data context: Coastal_Eluru
2025-06-03 23:31:52 - ERROR - 2025-06-03 23:31:52,807 - DataManager - INFO - Successfully loaded 7 records from data\Coastal_Eluru_data.csv
2025-06-03 23:31:52 - ERROR - 2025-06-03 23:31:52,819 - DataManager - INFO - Successfully loaded 7 records from data\Coastal_Eluru_data.csv
2025-06-03 23:31:52 - ERROR - 2025-06-03 23:31:52,820 - DataManager - INFO - Successfully loaded 7 records from data\Coastal_Eluru_data.csv
2025-06-03 23:31:53 - ERROR - 2025-06-03 23:31:53,512 - DataManager - INFO - Successfully loaded 7 records from data\Coastal_Eluru_data.csv
2025-06-03 23:31:53 - ERROR - 2025-06-03 23:31:53,516 - DataManager - INFO - Successfully loaded 7 records from data\Coastal_Eluru_data.csv
2025-06-03 23:31:54 - PRINT - Capture weight called
2025-06-03 23:31:54 - PRINT - Checking test mode...
2025-06-03 23:31:54 - PRINT - Could not find main app after 8 attempts
2025-06-03 23:31:54 - PRINT - Creating new SettingsStorage instance
2025-06-03 23:31:54 - PRINT - Reading weighbridge settings from: data\app_settings.json
2025-06-03 23:31:54 - PRINT - Loaded weighbridge settings: {'com_port': '', 'baud_rate': 2400, 'data_bits': 8, 'parity': 'None', 'stop_bits': 1.0, 'test_mode': True}
2025-06-03 23:31:54 - PRINT - Test mode from settings storage: True
2025-06-03 23:31:54 - PRINT - Test mode is enabled - generating random weight
2025-06-03 23:31:54 - PRINT - Generating weight for first weighment
2025-06-03 23:31:54 - PRINT - First weighment - generated: 28944.181216495213
2025-06-03 23:31:54 - PRINT - Generated random weight: 28940.0 kg
2025-06-03 23:31:54 - PRINT - Processing captured weight: 28940.0
2025-06-03 23:31:54 - PRINT - Checking test mode...
2025-06-03 23:31:54 - PRINT - Could not find main app after 8 attempts
2025-06-03 23:31:54 - PRINT - Creating new SettingsStorage instance
2025-06-03 23:31:54 - PRINT - Reading weighbridge settings from: data\app_settings.json
2025-06-03 23:31:54 - PRINT - Loaded weighbridge settings: {'com_port': '', 'baud_rate': 2400, 'data_bits': 8, 'parity': 'None', 'stop_bits': 1.0, 'test_mode': True}
2025-06-03 23:31:54 - PRINT - Test mode from settings storage: True
2025-06-03 23:31:55 - ERROR - 2025-06-03 23:31:55,076 - DataManager - INFO - Successfully loaded 7 records from data\Coastal_Eluru_data.csv
2025-06-03 23:31:55 - ERROR - 2025-06-03 23:31:55,077 - DataManager - INFO - Successfully loaded 7 records from data\Coastal_Eluru_data.csv
2025-06-03 23:31:56 - ERROR - 2025-06-03 23:31:56,808 - TharuniApp - INFO - ==================================================
2025-06-03 23:31:56 - ERROR - 2025-06-03 23:31:56,810 - TharuniApp - INFO - SAVE RECORD OPERATION STARTED WITH SMART TICKET FLOW
2025-06-03 23:31:56 - ERROR - 2025-06-03 23:31:56,812 - FormValidator - INFO - Starting comprehensive form validation
2025-06-03 23:31:56 - ERROR - 2025-06-03 23:31:56,815 - FormValidator - INFO - Validating basic fields
2025-06-03 23:31:56 - ERROR - 2025-06-03 23:31:56,817 - FormValidator - INFO - Field values: ticket='T0005', vehicle='AP04AP4444', agency='Coastal'
2025-06-03 23:31:56 - ERROR - 2025-06-03 23:31:56,820 - FormValidator - INFO - Basic validation passed
2025-06-03 23:31:56 - ERROR - 2025-06-03 23:31:56,822 - FormValidator - INFO - Validating weighment data
2025-06-03 23:31:56 - ERROR - 2025-06-03 23:31:56,824 - FormValidator - INFO - Weighment data: first_weight='28940.00', first_timestamp='03-06-2025 23:31:54', second_weight='', second_timestamp=''
2025-06-03 23:31:56 - ERROR - 2025-06-03 23:31:56,826 - FormValidator - INFO - Weighment validation passed
2025-06-03 23:31:56 - ERROR - 2025-06-03 23:31:56,827 - FormValidator - INFO - Validating images for second weighment
2025-06-03 23:31:56 - ERROR - 2025-06-03 23:31:56,830 - FormValidator - INFO - Images validation for second: front=False, back=False
2025-06-03 23:31:57 - ERROR - 2025-06-03 23:31:57,971 - DataManager - INFO - Successfully loaded 7 records from data\Coastal_Eluru_data.csv
2025-06-03 23:31:57 - ERROR - 2025-06-03 23:31:57,974 - DataManager - INFO - Successfully loaded 7 records from data\Coastal_Eluru_data.csv
2025-06-03 23:31:57 - ERROR - 2025-06-03 23:31:57,984 - FormValidator - INFO - User chose to continue without images
2025-06-03 23:31:57 - ERROR - 2025-06-03 23:31:57,987 - FormValidator - INFO - Form validation passed successfully
2025-06-03 23:31:57 - PRINT - Get all image filenames returning: {'first_front_image': '', 'first_back_image': '', 'second_front_image': '', 'second_back_image': ''}
2025-06-03 23:31:57 - PRINT - DEBUG - User name var: 'admin'
2025-06-03 23:31:57 - PRINT - DEBUG - Site incharge var: 'Vishnu'
2025-06-03 23:31:57 - PRINT - DEBUG - Net weight var: ''
2025-06-03 23:31:57 - PRINT - DEBUG - Final data user_name: 'admin'
2025-06-03 23:31:57 - PRINT - DEBUG - Final data site_incharge: 'Vishnu'
2025-06-03 23:31:57 - PRINT - DEBUG - Final data net_weight: ''
2025-06-03 23:31:57 - PRINT - 🎫 TICKET FLOW DEBUG: Starting save for ticket: T0005
2025-06-03 23:31:57 - ERROR - 2025-06-03 23:31:57,996 - TharuniApp - INFO - Saving record for ticket: T0005
2025-06-03 23:31:57 - ERROR - 2025-06-03 23:31:57,998 - DataManager - INFO - Successfully loaded 7 records from data\Coastal_Eluru_data.csv
2025-06-03 23:31:57 - ERROR - 2025-06-03 23:31:57,999 - DataManager - INFO - Filtered 7 records to 0 using filter: 't0005'
2025-06-03 23:31:58 - PRINT - 🎫 TICKET FLOW DEBUG: This is a NEW record: T0005
2025-06-03 23:31:58 - ERROR - 2025-06-03 23:31:58,001 - TharuniApp - INFO - Adding new record: T0005
2025-06-03 23:31:58 - ERROR - 2025-06-03 23:31:58,002 - TharuniApp - INFO - Calling data_manager.save_record for T0005
2025-06-03 23:31:58 - ERROR - 2025-06-03 23:31:58,003 - DataManager - INFO - ==================================================
2025-06-03 23:31:58 - ERROR - 2025-06-03 23:31:58,004 - DataManager - INFO - STARTING OFFLINE-FIRST RECORD SAVE
2025-06-03 23:31:58 - ERROR - 2025-06-03 23:31:58,005 - DataManager - INFO - Input data keys: ['date', 'time', 'site_name', 'agency_name', 'material', 'ticket_no', 'vehicle_no', 'transfer_party_name', 'first_weight', 'first_timestamp', 'second_weight', 'second_timestamp', 'net_weight', 'material_type', 'first_front_image', 'first_back_image', 'second_front_image', 'second_back_image', 'site_incharge', 'user_name']
2025-06-03 23:31:58 - ERROR - 2025-06-03 23:31:58,006 - DataManager - INFO - Net weight cleared - incomplete weighments
2025-06-03 23:31:58 - ERROR - 2025-06-03 23:31:58,007 - DataManager - INFO - Using data file: data\Coastal_Eluru_data.csv
2025-06-03 23:31:58 - ERROR - 2025-06-03 23:31:58,008 - DataManager - INFO - Successfully loaded 7 records from data\Coastal_Eluru_data.csv
2025-06-03 23:31:58 - ERROR - 2025-06-03 23:31:58,009 - DataManager - INFO - Filtered 7 records to 0 using filter: 't0005'
2025-06-03 23:31:58 - ERROR - 2025-06-03 23:31:58,010 - DataManager - INFO - Adding new record: T0005
2025-06-03 23:31:58 - ERROR - 2025-06-03 23:31:58,011 - DataManager - INFO - Adding new record to CSV
2025-06-03 23:31:58 - ERROR - 2025-06-03 23:31:58,013 - DataManager - INFO - Record data: ['03-06-2025', '23:31:57', 'Eluru', 'Coastal', 'Inert', 'T0005', 'AP04AP4444', 'Coromandel', '28940.00', '03-06-2025 23:31:54', '', '', '', 'Inert', '', '', '', '', 'Vishnu', 'admin']
2025-06-03 23:31:58 - ERROR - 2025-06-03 23:31:58,016 - DataManager - INFO - ✅ New record added to data\Coastal_Eluru_data.csv
2025-06-03 23:31:58 - ERROR - 2025-06-03 23:31:58,018 - DataManager - INFO - ✅ Record T0005 saved to local CSV successfully
2025-06-03 23:31:58 - ERROR - 2025-06-03 23:31:58,020 - DataManager - INFO - Weighment analysis:
2025-06-03 23:31:58 - ERROR - 2025-06-03 23:31:58,021 - DataManager - INFO -   - Has first weighment: True
2025-06-03 23:31:58 - ERROR - 2025-06-03 23:31:58,022 - DataManager - INFO -   - Has second weighment: False
2025-06-03 23:31:58 - ERROR - 2025-06-03 23:31:58,023 - DataManager - INFO -   - Is first weighment save: True
2025-06-03 23:31:58 - ERROR - 2025-06-03 23:31:58,024 - DataManager - INFO -   - Is complete record: False
2025-06-03 23:31:58 - ERROR - 2025-06-03 23:31:58,025 - DataManager - INFO -   - Is update: False
2025-06-03 23:31:58 - ERROR - 2025-06-03 23:31:58,025 - DataManager - INFO - ✅ OFFLINE-FIRST SAVE COMPLETED - Local CSV, JSON backup, and PDF generated
2025-06-03 23:31:58 - ERROR - 2025-06-03 23:31:58,026 - DataManager - INFO - 💡 Cloud backup available via Settings > Cloud Storage > Backup
2025-06-03 23:31:58 - ERROR - 2025-06-03 23:31:58,027 - DataManager - INFO - ==================================================
2025-06-03 23:31:58 - ERROR - 2025-06-03 23:31:58,028 - TharuniApp - INFO - ✅ Record T0005 saved successfully
2025-06-03 23:31:58 - PRINT - ⏭️ Skipping incomplete record: T0005
2025-06-03 23:31:58 - PRINT - 🎫 TICKET FLOW DEBUG: Save result analysis:
2025-06-03 23:31:58 - PRINT -    - is_complete_record: False
2025-06-03 23:31:58 - PRINT -    - is_first_weighment_save: True
2025-06-03 23:31:58 - PRINT -    - is_update: False
2025-06-03 23:31:58 - PRINT - 🎫 TICKET FLOW DEBUG: NEW record - will increment counter
2025-06-03 23:31:58 - PRINT - 🎫 TICKET FLOW DEBUG: INCREMENTING ticket counter after save of T0005
2025-06-03 23:31:58 - PRINT - 🎫 FORM DEBUG: Committing current ticket number: T0005
2025-06-03 23:31:58 - PRINT - 🎫 CONFIG DEBUG: Committing ticket number increment...
2025-06-03 23:31:58 - PRINT - 🎫 CONFIG DEBUG: Incrementing counter from 5 to 6
2025-06-03 23:31:58 - PRINT - 🎫 CONFIG DEBUG: ✅ Committed ticket number: T0005, next will be: T0006
2025-06-03 23:31:58 - PRINT - 🎫 FORM DEBUG: ✅ Successfully committed ticket number: T0005
2025-06-03 23:31:58 - PRINT - 🎫 TICKET FLOW DEBUG: ✅ Ticket counter incremented from T0005
2025-06-03 23:31:58 - PRINT - 🎫 TICKET FLOW DEBUG: First weighment saved for NEW ticket T0005
2025-06-03 23:31:58 - PRINT - 🎫 FORM DEBUG: Preparing for next vehicle after first weighment
2025-06-03 23:31:58 - PRINT - Resetting all image paths
2025-06-03 23:31:58 - PRINT - Image status update: 1st=0/2, 2nd=0/2
2025-06-03 23:31:58 - PRINT - 🎫 FORM DEBUG: Reserving next ticket number...
2025-06-03 23:31:58 - PRINT - 🎫 CONFIG DEBUG: Reserving next ticket number...
2025-06-03 23:31:58 - PRINT - 🎫 CONFIG DEBUG: Current ticket counter value: 6
2025-06-03 23:31:58 - PRINT - 🎫 CONFIG DEBUG: Reserved ticket number: T0006
2025-06-03 23:31:58 - PRINT - 🎫 FORM DEBUG: Reserved ticket number: T0006
2025-06-03 23:31:58 - PRINT - 🎫 FORM DEBUG: New ticket number reserved: T0006
2025-06-03 23:31:58 - PRINT - 🎫 FORM DEBUG: Form prepared for next vehicle - new ticket: T0006
2025-06-03 23:31:58 - PRINT - 🎫 TICKET FLOW DEBUG: Generated next ticket number: T0006
2025-06-03 23:31:59 - ERROR - 2025-06-03 23:31:59,478 - DataManager - INFO - Successfully loaded 8 records from data\Coastal_Eluru_data.csv
2025-06-03 23:31:59 - ERROR - 2025-06-03 23:31:59,480 - DataManager - INFO - Successfully loaded 8 records from data\Coastal_Eluru_data.csv
2025-06-03 23:31:59 - ERROR - 2025-06-03 23:31:59,487 - DataManager - INFO - Successfully loaded 8 records from data\Coastal_Eluru_data.csv
2025-06-03 23:31:59 - ERROR - 2025-06-03 23:31:59,488 - DataManager - INFO - Returning all 8 records (no filter)
2025-06-03 23:31:59 - PRINT - 🚛 PENDING DEBUG: Refreshing pending vehicles list...
2025-06-03 23:31:59 - ERROR - 2025-06-03 23:31:59,490 - PendingVehiclesPanel - INFO - Refreshing pending vehicles list
2025-06-03 23:31:59 - ERROR - 2025-06-03 23:31:59,492 - DataManager - INFO - Successfully loaded 8 records from data\Coastal_Eluru_data.csv
2025-06-03 23:31:59 - PRINT - 🚛 PENDING DEBUG: Retrieved 8 total records
2025-06-03 23:31:59 - ERROR - 2025-06-03 23:31:59,494 - PendingVehiclesPanel - INFO - Retrieved 8 total records
2025-06-03 23:31:59 - PRINT - 🚛 PENDING DEBUG: Checking ticket T0031:
2025-06-03 23:31:59 - PRINT -    - first_weight: '32340.00' (has: True)
2025-06-03 23:31:59 - PRINT -    - first_timestamp: '03-06-2025 18:16:07' (has: True)
2025-06-03 23:31:59 - PRINT -    - second_weight: '14630.00' (has: True)
2025-06-03 23:31:59 - PRINT -    - second_timestamp: '03-06-2025 18:16:12' (has: True)
2025-06-03 23:31:59 - PRINT -    - has_first: True, missing_second: False
2025-06-03 23:31:59 - PRINT - 🚛 PENDING DEBUG: ⏭️  Skipped ticket T0031 - not pending
2025-06-03 23:31:59 - PRINT - 🚛 PENDING DEBUG: Checking ticket T0032:
2025-06-03 23:31:59 - PRINT -    - first_weight: '41900.00' (has: True)
2025-06-03 23:31:59 - PRINT -    - first_timestamp: '03-06-2025 18:40:02' (has: True)
2025-06-03 23:31:59 - PRINT -    - second_weight: '10350.00' (has: True)
2025-06-03 23:31:59 - PRINT -    - second_timestamp: '03-06-2025 18:40:19' (has: True)
2025-06-03 23:31:59 - PRINT -    - has_first: True, missing_second: False
2025-06-03 23:31:59 - PRINT - 🚛 PENDING DEBUG: ⏭️  Skipped ticket T0032 - not pending
2025-06-03 23:31:59 - PRINT - 🚛 PENDING DEBUG: Checking ticket T0033:
2025-06-03 23:31:59 - PRINT -    - first_weight: '21440.00' (has: True)
2025-06-03 23:31:59 - PRINT -    - first_timestamp: '03-06-2025 20:08:54' (has: True)
2025-06-03 23:31:59 - PRINT -    - second_weight: '8650.00' (has: True)
2025-06-03 23:31:59 - PRINT -    - second_timestamp: '03-06-2025 20:09:13' (has: True)
2025-06-03 23:31:59 - PRINT -    - has_first: True, missing_second: False
2025-06-03 23:31:59 - PRINT - 🚛 PENDING DEBUG: ⏭️  Skipped ticket T0033 - not pending
2025-06-03 23:31:59 - PRINT - 🚛 PENDING DEBUG: Checking ticket T0001:
2025-06-03 23:31:59 - PRINT -    - first_weight: '18310.00' (has: True)
2025-06-03 23:31:59 - PRINT -    - first_timestamp: '03-06-2025 20:11:03' (has: True)
2025-06-03 23:31:59 - PRINT -    - second_weight: '6050.00' (has: True)
2025-06-03 23:31:59 - PRINT -    - second_timestamp: '03-06-2025 20:12:07' (has: True)
2025-06-03 23:31:59 - PRINT -    - has_first: True, missing_second: False
2025-06-03 23:31:59 - PRINT - 🚛 PENDING DEBUG: ⏭️  Skipped ticket T0001 - not pending
2025-06-03 23:31:59 - PRINT - 🚛 PENDING DEBUG: Checking ticket T0002:
2025-06-03 23:31:59 - PRINT -    - first_weight: '15970.00' (has: True)
2025-06-03 23:31:59 - PRINT -    - first_timestamp: '03-06-2025 20:11:22' (has: True)
2025-06-03 23:31:59 - PRINT -    - second_weight: '5320.00' (has: True)
2025-06-03 23:31:59 - PRINT -    - second_timestamp: '03-06-2025 20:12:18' (has: True)
2025-06-03 23:31:59 - PRINT -    - has_first: True, missing_second: False
2025-06-03 23:31:59 - PRINT - 🚛 PENDING DEBUG: ⏭️  Skipped ticket T0002 - not pending
2025-06-03 23:31:59 - PRINT - 🚛 PENDING DEBUG: Checking ticket T0003:
2025-06-03 23:31:59 - PRINT -    - first_weight: '29910.00' (has: True)
2025-06-03 23:31:59 - PRINT -    - first_timestamp: '03-06-2025 20:11:44' (has: True)
2025-06-03 23:31:59 - PRINT -    - second_weight: '12080.00' (has: True)
2025-06-03 23:31:59 - PRINT -    - second_timestamp: '03-06-2025 20:11:54' (has: True)
2025-06-03 23:31:59 - PRINT -    - has_first: True, missing_second: False
2025-06-03 23:31:59 - PRINT - 🚛 PENDING DEBUG: ⏭️  Skipped ticket T0003 - not pending
2025-06-03 23:31:59 - PRINT - 🚛 PENDING DEBUG: Checking ticket T0004:
2025-06-03 23:31:59 - PRINT -    - first_weight: '16410.00' (has: True)
2025-06-03 23:31:59 - PRINT -    - first_timestamp: '03-06-2025 23:31:40' (has: True)
2025-06-03 23:31:59 - PRINT -    - second_weight: '' (has: False)
2025-06-03 23:31:59 - PRINT -    - second_timestamp: '' (has: False)
2025-06-03 23:31:59 - PRINT -    - has_first: True, missing_second: True
2025-06-03 23:31:59 - PRINT - 🚛 PENDING DEBUG: ✅ Added to pending: T0004
2025-06-03 23:31:59 - ERROR - 2025-06-03 23:31:59,546 - PendingVehiclesPanel - INFO - Added to pending: T0004
2025-06-03 23:31:59 - PRINT - 🚛 PENDING DEBUG: Checking ticket T0005:
2025-06-03 23:31:59 - PRINT -    - first_weight: '28940.00' (has: True)
2025-06-03 23:31:59 - PRINT -    - first_timestamp: '03-06-2025 23:31:54' (has: True)
2025-06-03 23:31:59 - PRINT -    - second_weight: '' (has: False)
2025-06-03 23:31:59 - PRINT -    - second_timestamp: '' (has: False)
2025-06-03 23:31:59 - PRINT -    - has_first: True, missing_second: True
2025-06-03 23:31:59 - PRINT - 🚛 PENDING DEBUG: ✅ Added to pending: T0005
2025-06-03 23:31:59 - ERROR - 2025-06-03 23:31:59,556 - PendingVehiclesPanel - INFO - Added to pending: T0005
2025-06-03 23:31:59 - PRINT - 🚛 PENDING DEBUG: Found 2 pending records
2025-06-03 23:31:59 - ERROR - 2025-06-03 23:31:59,558 - PendingVehiclesPanel - INFO - Found 2 pending records
2025-06-03 23:31:59 - PRINT - 🚛 PENDING DEBUG: Added to treeview: T0005 - AP04AP4444
2025-06-03 23:31:59 - PRINT - 🚛 PENDING DEBUG: Added to treeview: T0004 - AP04AP4444
2025-06-03 23:31:59 - PRINT - 🚛 PENDING DEBUG: ✅ Successfully refreshed pending list with 2 items
2025-06-03 23:31:59 - ERROR - 2025-06-03 23:31:59,563 - PendingVehiclesPanel - INFO - Successfully refreshed pending list with 2 items
2025-06-03 23:31:59 - PRINT - 🎫 TICKET FLOW DEBUG: Save operation completed successfully
2025-06-03 23:31:59 - ERROR - 2025-06-03 23:31:59,568 - TharuniApp - INFO - SAVE RECORD OPERATION COMPLETED SUCCESSFULLY WITH SMART TICKET FLOW
2025-06-03 23:31:59 - PRINT - 🎫 TICKET FLOW DEBUG: ==================================================
2025-06-03 23:31:59 - ERROR - 2025-06-03 23:31:59,570 - TharuniApp - INFO - ==================================================
2025-06-03 23:32:07 - ERROR - 2025-06-03 23:32:07,925 - DataManager - INFO - Successfully loaded 8 records from data\Coastal_Eluru_data.csv
2025-06-03 23:32:07 - ERROR - 2025-06-03 23:32:07,927 - DataManager - INFO - Successfully loaded 8 records from data\Coastal_Eluru_data.csv
2025-06-03 23:32:08 - ERROR - 2025-06-03 23:32:08,454 - DataManager - INFO - CSV structure is up to date
2025-06-03 23:32:08 - ERROR - 2025-06-03 23:32:08,456 - DataManager - INFO - Data context set to: Agency='Coastal', Site='Eluru'
2025-06-03 23:32:08 - ERROR - 2025-06-03 23:32:08,458 - DataManager - INFO - Data file: data\Coastal_Eluru_data.csv
2025-06-03 23:32:08 - PRINT - Updated data context: Coastal_Eluru
2025-06-03 23:32:09 - ERROR - 2025-06-03 23:32:09,230 - DataManager - INFO - Successfully loaded 8 records from data\Coastal_Eluru_data.csv
2025-06-03 23:32:09 - ERROR - 2025-06-03 23:32:09,238 - DataManager - INFO - Successfully loaded 8 records from data\Coastal_Eluru_data.csv
2025-06-03 23:32:09 - ERROR - 2025-06-03 23:32:09,242 - DataManager - INFO - Successfully loaded 8 records from data\Coastal_Eluru_data.csv
2025-06-03 23:32:09 - ERROR - 2025-06-03 23:32:09,768 - DataManager - INFO - Successfully loaded 8 records from data\Coastal_Eluru_data.csv
2025-06-03 23:32:10 - ERROR - 2025-06-03 23:32:10,716 - DataManager - INFO - Successfully loaded 8 records from data\Coastal_Eluru_data.csv
2025-06-03 23:32:10 - ERROR - 2025-06-03 23:32:10,719 - DataManager - INFO - Successfully loaded 8 records from data\Coastal_Eluru_data.csv
2025-06-03 23:32:13 - PRINT - Capture weight called
2025-06-03 23:32:13 - PRINT - Checking test mode...
2025-06-03 23:32:13 - PRINT - Could not find main app after 8 attempts
2025-06-03 23:32:13 - PRINT - Creating new SettingsStorage instance
2025-06-03 23:32:13 - PRINT - Reading weighbridge settings from: data\app_settings.json
2025-06-03 23:32:13 - PRINT - Loaded weighbridge settings: {'com_port': '', 'baud_rate': 2400, 'data_bits': 8, 'parity': 'None', 'stop_bits': 1.0, 'test_mode': True}
2025-06-03 23:32:13 - PRINT - Test mode from settings storage: True
2025-06-03 23:32:13 - PRINT - Test mode is enabled - generating random weight
2025-06-03 23:32:13 - PRINT - Generating weight for first weighment
2025-06-03 23:32:13 - PRINT - First weighment - generated: 18743.40640730545
2025-06-03 23:32:13 - PRINT - Generated random weight: 18740.0 kg
2025-06-03 23:32:13 - PRINT - Processing captured weight: 18740.0
2025-06-03 23:32:13 - PRINT - Checking test mode...
2025-06-03 23:32:13 - PRINT - Could not find main app after 8 attempts
2025-06-03 23:32:13 - PRINT - Creating new SettingsStorage instance
2025-06-03 23:32:13 - PRINT - Reading weighbridge settings from: data\app_settings.json
2025-06-03 23:32:13 - PRINT - Loaded weighbridge settings: {'com_port': '', 'baud_rate': 2400, 'data_bits': 8, 'parity': 'None', 'stop_bits': 1.0, 'test_mode': True}
2025-06-03 23:32:13 - PRINT - Test mode from settings storage: True
2025-06-03 23:32:14 - ERROR - 2025-06-03 23:32:14,419 - DataManager - INFO - Successfully loaded 8 records from data\Coastal_Eluru_data.csv
2025-06-03 23:32:14 - ERROR - 2025-06-03 23:32:14,420 - DataManager - INFO - Successfully loaded 8 records from data\Coastal_Eluru_data.csv
2025-06-03 23:32:17 - PRINT - Capture weight called
2025-06-03 23:32:17 - PRINT - Checking test mode...
2025-06-03 23:32:17 - PRINT - Could not find main app after 8 attempts
2025-06-03 23:32:17 - PRINT - Creating new SettingsStorage instance
2025-06-03 23:32:17 - PRINT - Reading weighbridge settings from: data\app_settings.json
2025-06-03 23:32:18 - PRINT - Loaded weighbridge settings: {'com_port': '', 'baud_rate': 2400, 'data_bits': 8, 'parity': 'None', 'stop_bits': 1.0, 'test_mode': True}
2025-06-03 23:32:18 - PRINT - Test mode from settings storage: True
2025-06-03 23:32:18 - PRINT - Test mode is enabled - generating random weight
2025-06-03 23:32:18 - PRINT - Generating weight for second weighment
2025-06-03 23:32:18 - PRINT - Second weighment - generated: 8381.325910428826
2025-06-03 23:32:18 - PRINT - Generated random weight: 8380.0 kg
2025-06-03 23:32:18 - PRINT - Processing captured weight: 8380.0
2025-06-03 23:32:18 - PRINT - Checking test mode...
2025-06-03 23:32:18 - PRINT - Could not find main app after 8 attempts
2025-06-03 23:32:18 - PRINT - Creating new SettingsStorage instance
2025-06-03 23:32:18 - PRINT - Reading weighbridge settings from: data\app_settings.json
2025-06-03 23:32:18 - PRINT - Loaded weighbridge settings: {'com_port': '', 'baud_rate': 2400, 'data_bits': 8, 'parity': 'None', 'stop_bits': 1.0, 'test_mode': True}
2025-06-03 23:32:18 - PRINT - Test mode from settings storage: True
2025-06-03 23:32:19 - ERROR - 2025-06-03 23:32:19,207 - DataManager - INFO - Successfully loaded 8 records from data\Coastal_Eluru_data.csv
2025-06-03 23:32:19 - ERROR - 2025-06-03 23:32:19,209 - DataManager - INFO - Successfully loaded 8 records from data\Coastal_Eluru_data.csv
2025-06-03 23:32:20 - ERROR - 2025-06-03 23:32:20,306 - TharuniApp - INFO - ==================================================
2025-06-03 23:32:20 - ERROR - 2025-06-03 23:32:20,309 - TharuniApp - INFO - SAVE RECORD OPERATION STARTED WITH SMART TICKET FLOW
2025-06-03 23:32:20 - ERROR - 2025-06-03 23:32:20,311 - FormValidator - INFO - Starting comprehensive form validation
2025-06-03 23:32:20 - ERROR - 2025-06-03 23:32:20,313 - FormValidator - INFO - Validating basic fields
2025-06-03 23:32:20 - ERROR - 2025-06-03 23:32:20,315 - FormValidator - INFO - Field values: ticket='T0006', vehicle='AP04AP4444', agency='Coastal'
2025-06-03 23:32:20 - ERROR - 2025-06-03 23:32:20,317 - FormValidator - INFO - Basic validation passed
2025-06-03 23:32:20 - ERROR - 2025-06-03 23:32:20,319 - FormValidator - INFO - Validating weighment data
2025-06-03 23:32:20 - ERROR - 2025-06-03 23:32:20,321 - FormValidator - INFO - Weighment data: first_weight='18740.00', first_timestamp='03-06-2025 23:32:13', second_weight='8380.00', second_timestamp='03-06-2025 23:32:18'
2025-06-03 23:32:20 - ERROR - 2025-06-03 23:32:20,323 - FormValidator - INFO - Weighment validation passed
2025-06-03 23:32:20 - ERROR - 2025-06-03 23:32:20,325 - FormValidator - INFO - Validating images for second weighment
2025-06-03 23:32:20 - ERROR - 2025-06-03 23:32:20,327 - FormValidator - INFO - Images validation for second: front=False, back=False
2025-06-03 23:32:21 - ERROR - 2025-06-03 23:32:21,149 - DataManager - INFO - Successfully loaded 8 records from data\Coastal_Eluru_data.csv
2025-06-03 23:32:21 - ERROR - 2025-06-03 23:32:21,151 - DataManager - INFO - Successfully loaded 8 records from data\Coastal_Eluru_data.csv
2025-06-03 23:32:21 - ERROR - 2025-06-03 23:32:21,156 - FormValidator - INFO - User chose to continue without images
2025-06-03 23:32:21 - ERROR - 2025-06-03 23:32:21,157 - FormValidator - INFO - Form validation passed successfully
2025-06-03 23:32:21 - PRINT - Get all image filenames returning: {'first_front_image': '', 'first_back_image': '', 'second_front_image': '', 'second_back_image': ''}
2025-06-03 23:32:21 - PRINT - DEBUG - User name var: 'admin'
2025-06-03 23:32:21 - PRINT - DEBUG - Site incharge var: 'Vishnu'
2025-06-03 23:32:21 - PRINT - DEBUG - Net weight var: '10360.00'
2025-06-03 23:32:21 - PRINT - DEBUG - Final data user_name: 'admin'
2025-06-03 23:32:21 - PRINT - DEBUG - Final data site_incharge: 'Vishnu'
2025-06-03 23:32:21 - PRINT - DEBUG - Final data net_weight: '10360.00'
2025-06-03 23:32:21 - PRINT - 🎫 TICKET FLOW DEBUG: Starting save for ticket: T0006
2025-06-03 23:32:21 - ERROR - 2025-06-03 23:32:21,170 - TharuniApp - INFO - Saving record for ticket: T0006
2025-06-03 23:32:21 - ERROR - 2025-06-03 23:32:21,171 - DataManager - INFO - Successfully loaded 8 records from data\Coastal_Eluru_data.csv
2025-06-03 23:32:21 - ERROR - 2025-06-03 23:32:21,172 - DataManager - INFO - Filtered 8 records to 0 using filter: 't0006'
2025-06-03 23:32:21 - PRINT - 🎫 TICKET FLOW DEBUG: This is a NEW record: T0006
2025-06-03 23:32:21 - ERROR - 2025-06-03 23:32:21,175 - TharuniApp - INFO - Adding new record: T0006
2025-06-03 23:32:21 - ERROR - 2025-06-03 23:32:21,176 - TharuniApp - INFO - Calling data_manager.save_record for T0006
2025-06-03 23:32:21 - ERROR - 2025-06-03 23:32:21,178 - DataManager - INFO - ==================================================
2025-06-03 23:32:21 - ERROR - 2025-06-03 23:32:21,180 - DataManager - INFO - STARTING OFFLINE-FIRST RECORD SAVE
2025-06-03 23:32:21 - ERROR - 2025-06-03 23:32:21,181 - DataManager - INFO - Input data keys: ['date', 'time', 'site_name', 'agency_name', 'material', 'ticket_no', 'vehicle_no', 'transfer_party_name', 'first_weight', 'first_timestamp', 'second_weight', 'second_timestamp', 'net_weight', 'material_type', 'first_front_image', 'first_back_image', 'second_front_image', 'second_back_image', 'site_incharge', 'user_name']
2025-06-03 23:32:21 - ERROR - 2025-06-03 23:32:21,182 - DataManager - INFO - Net weight calculated: 18740.0 - 8380.0 = 10360.00
2025-06-03 23:32:21 - ERROR - 2025-06-03 23:32:21,183 - DataManager - INFO - Using data file: data\Coastal_Eluru_data.csv
2025-06-03 23:32:21 - ERROR - 2025-06-03 23:32:21,184 - DataManager - INFO - Successfully loaded 8 records from data\Coastal_Eluru_data.csv
2025-06-03 23:32:21 - ERROR - 2025-06-03 23:32:21,185 - DataManager - INFO - Filtered 8 records to 0 using filter: 't0006'
2025-06-03 23:32:21 - ERROR - 2025-06-03 23:32:21,186 - DataManager - INFO - Adding new record: T0006
2025-06-03 23:32:21 - ERROR - 2025-06-03 23:32:21,187 - DataManager - INFO - Adding new record to CSV
2025-06-03 23:32:21 - ERROR - 2025-06-03 23:32:21,188 - DataManager - INFO - Record data: ['03-06-2025', '23:32:21', 'Eluru', 'Coastal', 'Inert', 'T0006', 'AP04AP4444', 'Coromandel', '18740.00', '03-06-2025 23:32:13', '8380.00', '03-06-2025 23:32:18', '10360.00', 'Inert', '', '', '', '', 'Vishnu', 'admin']
2025-06-03 23:32:21 - ERROR - 2025-06-03 23:32:21,190 - DataManager - INFO - ✅ New record added to data\Coastal_Eluru_data.csv
2025-06-03 23:32:21 - ERROR - 2025-06-03 23:32:21,191 - DataManager - INFO - ✅ Record T0006 saved to local CSV successfully
2025-06-03 23:32:21 - ERROR - 2025-06-03 23:32:21,192 - DataManager - INFO - Weighment analysis:
2025-06-03 23:32:21 - ERROR - 2025-06-03 23:32:21,193 - DataManager - INFO -   - Has first weighment: True
2025-06-03 23:32:21 - ERROR - 2025-06-03 23:32:21,195 - DataManager - INFO -   - Has second weighment: True
2025-06-03 23:32:21 - ERROR - 2025-06-03 23:32:21,198 - DataManager - INFO -   - Is first weighment save: False
2025-06-03 23:32:21 - ERROR - 2025-06-03 23:32:21,199 - DataManager - INFO -   - Is complete record: True
2025-06-03 23:32:21 - ERROR - 2025-06-03 23:32:21,200 - DataManager - INFO -   - Is update: False
2025-06-03 23:32:21 - ERROR - 2025-06-03 23:32:21,201 - DataManager - INFO - Complete record detected - saving JSON backup locally...
2025-06-03 23:32:21 - ERROR - 2025-06-03 23:32:21,202 - DataManager - INFO - Created new daily JSON folder: data\json_backups\2025-06-03
2025-06-03 23:32:21 - ERROR - 2025-06-03 23:32:21,207 - DataManager - INFO - ✅ JSON backup saved: data\json_backups\2025-06-03\T0006_Coastal_Eluru_233221.json
2025-06-03 23:32:21 - ERROR - 2025-06-03 23:32:21,208 - DataManager - INFO - ✅ JSON backup saved locally for T0006
2025-06-03 23:32:21 - ERROR - 2025-06-03 23:32:21,210 - DataManager - INFO - Complete record detected for ticket T0006 - generating PDF locally...
2025-06-03 23:32:21 - ERROR - 2025-06-03 23:32:21,213 - DataManager - INFO - Today's reports folder ensured: data\reports\2025-06-03
2025-06-03 23:32:21 - ERROR - 2025-06-03 23:32:21,214 - DataManager - INFO - Reports will be saved to: data\reports\2025-06-03
2025-06-03 23:32:21 - ERROR - 2025-06-03 23:32:21,216 - DataManager - INFO - Today's reports folder ensured: data\reports\2025-06-03
2025-06-03 23:32:21 - ERROR - 2025-06-03 23:32:21,218 - DataManager - INFO - SIMPLE TEST - Net display: '10360.00 kg'
2025-06-03 23:32:21 - ERROR - 2025-06-03 23:32:21,220 - DataManager - INFO - Building PDF document: data\reports\2025-06-03\Coastal_Eluru_T0006_AP04AP4444_233221.pdf
2025-06-03 23:32:21 - ERROR - 2025-06-03 23:32:21,234 - DataManager - INFO - PDF created successfully: data\reports\2025-06-03\Coastal_Eluru_T0006_AP04AP4444_233221.pdf (2766 bytes)
2025-06-03 23:32:21 - ERROR - 2025-06-03 23:32:21,236 - DataManager - INFO - Auto-generated PDF: data\reports\2025-06-03\Coastal_Eluru_T0006_AP04AP4444_233221.pdf
2025-06-03 23:32:21 - ERROR - 2025-06-03 23:32:21,237 - DataManager - INFO - PDF saved to today's reports folder: data\reports\2025-06-03
2025-06-03 23:32:21 - ERROR - 2025-06-03 23:32:21,238 - DataManager - INFO - ✅ PDF auto-generated locally: data\reports\2025-06-03\Coastal_Eluru_T0006_AP04AP4444_233221.pdf
2025-06-03 23:32:21 - ERROR - 2025-06-03 23:32:21,239 - DataManager - INFO - ✅ OFFLINE-FIRST SAVE COMPLETED - Local CSV, JSON backup, and PDF generated
2025-06-03 23:32:21 - ERROR - 2025-06-03 23:32:21,240 - DataManager - INFO - 📂 PDF saved to today's reports folder: data\reports\2025-06-03
2025-06-03 23:32:21 - ERROR - 2025-06-03 23:32:21,241 - DataManager - INFO - 💡 Cloud backup available via Settings > Cloud Storage > Backup
2025-06-03 23:32:21 - ERROR - 2025-06-03 23:32:21,243 - DataManager - INFO - ==================================================
2025-06-03 23:32:21 - ERROR - 2025-06-03 23:32:21,245 - TharuniApp - INFO - ✅ Record T0006 saved successfully
2025-06-03 23:32:21 - PRINT - 📥 Queued record: T0006 (Queue size: 1)
2025-06-03 23:32:21 - PRINT - 📥 Added complete record to queue: T0006
2025-06-03 23:32:21 - PRINT - 🌐 Online - attempting immediate FAST sync
2025-06-03 23:32:21 - PRINT - 🎫 TICKET FLOW DEBUG: Save result analysis:
2025-06-03 23:32:21 - PRINT -    - is_complete_record: True
2025-06-03 23:32:21 - PRINT -    - is_first_weighment_save: False
2025-06-03 23:32:21 - PRINT -    - is_update: False
2025-06-03 23:32:21 - PRINT - 🎫 TICKET FLOW DEBUG: NEW record - will increment counter
2025-06-03 23:32:21 - PRINT - 🎫 TICKET FLOW DEBUG: INCREMENTING ticket counter after save of T0006
2025-06-03 23:32:21 - PRINT - 🎫 FORM DEBUG: Committing current ticket number: T0006
2025-06-03 23:32:21 - PRINT - 🎫 CONFIG DEBUG: Committing ticket number increment...
2025-06-03 23:32:21 - PRINT - 🎫 CONFIG DEBUG: Incrementing counter from 6 to 7
2025-06-03 23:32:21 - PRINT - 🎫 CONFIG DEBUG: ✅ Committed ticket number: T0006, next will be: T0007
2025-06-03 23:32:21 - PRINT - 🎫 FORM DEBUG: ✅ Successfully committed ticket number: T0006
2025-06-03 23:32:21 - PRINT - 🎫 TICKET FLOW DEBUG: ✅ Ticket counter incremented from T0006
2025-06-03 23:32:21 - PRINT - 🎫 TICKET FLOW DEBUG: Complete record saved for NEW ticket T0006
2025-06-03 23:32:21 - PRINT - 🎫 FORM DEBUG: Preparing for new ticket after completion
2025-06-03 23:32:21 - PRINT - Resetting all image paths
2025-06-03 23:32:21 - PRINT - Image status update: 1st=0/2, 2nd=0/2
2025-06-03 23:32:21 - PRINT - 🎫 FORM DEBUG: Reserving next ticket number...
2025-06-03 23:32:21 - PRINT - 🎫 CONFIG DEBUG: Reserving next ticket number...
2025-06-03 23:32:21 - PRINT - 🎫 CONFIG DEBUG: Current ticket counter value: 7
2025-06-03 23:32:21 - PRINT - 🎫 CONFIG DEBUG: Reserved ticket number: T0007
2025-06-03 23:32:21 - PRINT - 🎫 FORM DEBUG: Reserved ticket number: T0007
2025-06-03 23:32:21 - PRINT - 🎫 FORM DEBUG: New ticket number reserved after completion: T0007
2025-06-03 23:32:21 - PRINT - 🎫 FORM DEBUG: Form prepared for new ticket after completion - ticket: T0007
2025-06-03 23:32:21 - PRINT - 🎫 TICKET FLOW DEBUG: Generated next ticket number: T0007
2025-06-03 23:32:21 - PRINT - 🚀 Starting FAST parallel sync for 1 items
2025-06-03 23:32:21 - PRINT - ⚡ FAST SYNC: Processing 1 items with 5 parallel workers...
2025-06-03 23:32:21 - PRINT - 🚀 Fast sync started successfully
2025-06-03 23:32:21 - ERROR - 2025-06-03 23:32:21,835 - urllib3.connectionpool - WARNING - Retrying (Retry(total=2, connect=None, read=None, redirect=None, status=None)) after connection broken by 'NameResolutionError("<urllib3.connection.HTTPSConnection object at 0x000001EF43D64980>: Failed to resolve 'oauth2.googleapis.com' ([Errno 11001] getaddrinfo failed)")': /token
2025-06-03 23:32:21 - ERROR - 2025-06-03 23:32:21,837 - urllib3.connectionpool - WARNING - Retrying (Retry(total=1, connect=None, read=None, redirect=None, status=None)) after connection broken by 'NameResolutionError("<urllib3.connection.HTTPSConnection object at 0x000001EF43D34410>: Failed to resolve 'oauth2.googleapis.com' ([Errno 11001] getaddrinfo failed)")': /token
2025-06-03 23:32:21 - ERROR - 2025-06-03 23:32:21,838 - urllib3.connectionpool - WARNING - Retrying (Retry(total=0, connect=None, read=None, redirect=None, status=None)) after connection broken by 'NameResolutionError("<urllib3.connection.HTTPSConnection object at 0x000001EF43D347D0>: Failed to resolve 'oauth2.googleapis.com' ([Errno 11001] getaddrinfo failed)")': /token
2025-06-03 23:32:22 - ERROR - 2025-06-03 23:32:22,354 - urllib3.connectionpool - WARNING - Retrying (Retry(total=2, connect=None, read=None, redirect=None, status=None)) after connection broken by 'NameResolutionError("<urllib3.connection.HTTPSConnection object at 0x000001EF43D35450>: Failed to resolve 'oauth2.googleapis.com' ([Errno 11001] getaddrinfo failed)")': /token
2025-06-03 23:32:22 - ERROR - 2025-06-03 23:32:22,356 - urllib3.connectionpool - WARNING - Retrying (Retry(total=1, connect=None, read=None, redirect=None, status=None)) after connection broken by 'NameResolutionError("<urllib3.connection.HTTPSConnection object at 0x000001EF43D356D0>: Failed to resolve 'oauth2.googleapis.com' ([Errno 11001] getaddrinfo failed)")': /token
2025-06-03 23:32:22 - ERROR - 2025-06-03 23:32:22,357 - urllib3.connectionpool - WARNING - Retrying (Retry(total=0, connect=None, read=None, redirect=None, status=None)) after connection broken by 'NameResolutionError("<urllib3.connection.HTTPSConnection object at 0x000001EF43D35950>: Failed to resolve 'oauth2.googleapis.com' ([Errno 11001] getaddrinfo failed)")': /token
2025-06-03 23:32:23 - ERROR - 2025-06-03 23:32:23,843 - urllib3.connectionpool - WARNING - Retrying (Retry(total=2, connect=None, read=None, redirect=None, status=None)) after connection broken by 'NameResolutionError("<urllib3.connection.HTTPSConnection object at 0x000001EF43CEFC50>: Failed to resolve 'oauth2.googleapis.com' ([Errno 11001] getaddrinfo failed)")': /token
2025-06-03 23:32:23 - ERROR - 2025-06-03 23:32:23,844 - urllib3.connectionpool - WARNING - Retrying (Retry(total=1, connect=None, read=None, redirect=None, status=None)) after connection broken by 'NameResolutionError("<urllib3.connection.HTTPSConnection object at 0x000001EF43CEF9D0>: Failed to resolve 'oauth2.googleapis.com' ([Errno 11001] getaddrinfo failed)")': /token
2025-06-03 23:32:23 - ERROR - 2025-06-03 23:32:23,846 - urllib3.connectionpool - WARNING - Retrying (Retry(total=0, connect=None, read=None, redirect=None, status=None)) after connection broken by 'NameResolutionError("<urllib3.connection.HTTPSConnection object at 0x000001EF43D34550>: Failed to resolve 'oauth2.googleapis.com' ([Errno 11001] getaddrinfo failed)")': /token
2025-06-03 23:32:23 - ERROR - 2025-06-03 23:32:23,886 - DataManager - INFO - Successfully loaded 9 records from data\Coastal_Eluru_data.csv
2025-06-03 23:32:23 - ERROR - 2025-06-03 23:32:23,888 - DataManager - INFO - Successfully loaded 9 records from data\Coastal_Eluru_data.csv
2025-06-03 23:32:23 - ERROR - 2025-06-03 23:32:23,892 - DataManager - INFO - Successfully loaded 9 records from data\Coastal_Eluru_data.csv
2025-06-03 23:32:23 - ERROR - 2025-06-03 23:32:23,894 - DataManager - INFO - Returning all 9 records (no filter)
2025-06-03 23:32:23 - PRINT - 🚛 PENDING DEBUG: Refreshing pending vehicles list...
2025-06-03 23:32:23 - ERROR - 2025-06-03 23:32:23,899 - PendingVehiclesPanel - INFO - Refreshing pending vehicles list
2025-06-03 23:32:23 - ERROR - 2025-06-03 23:32:23,900 - DataManager - INFO - Successfully loaded 9 records from data\Coastal_Eluru_data.csv
2025-06-03 23:32:23 - PRINT - 🚛 PENDING DEBUG: Retrieved 9 total records
2025-06-03 23:32:23 - ERROR - 2025-06-03 23:32:23,902 - PendingVehiclesPanel - INFO - Retrieved 9 total records
2025-06-03 23:32:23 - PRINT - 🚛 PENDING DEBUG: Checking ticket T0031:
2025-06-03 23:32:23 - PRINT -    - first_weight: '32340.00' (has: True)
2025-06-03 23:32:23 - PRINT -    - first_timestamp: '03-06-2025 18:16:07' (has: True)
2025-06-03 23:32:23 - PRINT -    - second_weight: '14630.00' (has: True)
2025-06-03 23:32:23 - PRINT -    - second_timestamp: '03-06-2025 18:16:12' (has: True)
2025-06-03 23:32:23 - PRINT -    - has_first: True, missing_second: False
2025-06-03 23:32:23 - PRINT - 🚛 PENDING DEBUG: ⏭️  Skipped ticket T0031 - not pending
2025-06-03 23:32:23 - PRINT - 🚛 PENDING DEBUG: Checking ticket T0032:
2025-06-03 23:32:23 - PRINT -    - first_weight: '41900.00' (has: True)
2025-06-03 23:32:23 - PRINT -    - first_timestamp: '03-06-2025 18:40:02' (has: True)
2025-06-03 23:32:23 - PRINT -    - second_weight: '10350.00' (has: True)
2025-06-03 23:32:23 - PRINT -    - second_timestamp: '03-06-2025 18:40:19' (has: True)
2025-06-03 23:32:23 - PRINT -    - has_first: True, missing_second: False
2025-06-03 23:32:23 - PRINT - 🚛 PENDING DEBUG: ⏭️  Skipped ticket T0032 - not pending
2025-06-03 23:32:23 - PRINT - 🚛 PENDING DEBUG: Checking ticket T0033:
2025-06-03 23:32:23 - PRINT -    - first_weight: '21440.00' (has: True)
2025-06-03 23:32:23 - PRINT -    - first_timestamp: '03-06-2025 20:08:54' (has: True)
2025-06-03 23:32:23 - PRINT -    - second_weight: '8650.00' (has: True)
2025-06-03 23:32:23 - PRINT -    - second_timestamp: '03-06-2025 20:09:13' (has: True)
2025-06-03 23:32:23 - PRINT -    - has_first: True, missing_second: False
2025-06-03 23:32:23 - PRINT - 🚛 PENDING DEBUG: ⏭️  Skipped ticket T0033 - not pending
2025-06-03 23:32:23 - PRINT - 🚛 PENDING DEBUG: Checking ticket T0001:
2025-06-03 23:32:23 - PRINT -    - first_weight: '18310.00' (has: True)
2025-06-03 23:32:23 - PRINT -    - first_timestamp: '03-06-2025 20:11:03' (has: True)
2025-06-03 23:32:23 - PRINT -    - second_weight: '6050.00' (has: True)
2025-06-03 23:32:23 - PRINT -    - second_timestamp: '03-06-2025 20:12:07' (has: True)
2025-06-03 23:32:23 - PRINT -    - has_first: True, missing_second: False
2025-06-03 23:32:23 - PRINT - 🚛 PENDING DEBUG: ⏭️  Skipped ticket T0001 - not pending
2025-06-03 23:32:23 - PRINT - 🚛 PENDING DEBUG: Checking ticket T0002:
2025-06-03 23:32:23 - PRINT -    - first_weight: '15970.00' (has: True)
2025-06-03 23:32:23 - PRINT -    - first_timestamp: '03-06-2025 20:11:22' (has: True)
2025-06-03 23:32:23 - PRINT -    - second_weight: '5320.00' (has: True)
2025-06-03 23:32:23 - PRINT -    - second_timestamp: '03-06-2025 20:12:18' (has: True)
2025-06-03 23:32:23 - PRINT -    - has_first: True, missing_second: False
2025-06-03 23:32:23 - PRINT - 🚛 PENDING DEBUG: ⏭️  Skipped ticket T0002 - not pending
2025-06-03 23:32:23 - PRINT - 🚛 PENDING DEBUG: Checking ticket T0003:
2025-06-03 23:32:23 - PRINT -    - first_weight: '29910.00' (has: True)
2025-06-03 23:32:23 - PRINT -    - first_timestamp: '03-06-2025 20:11:44' (has: True)
2025-06-03 23:32:23 - PRINT -    - second_weight: '12080.00' (has: True)
2025-06-03 23:32:23 - PRINT -    - second_timestamp: '03-06-2025 20:11:54' (has: True)
2025-06-03 23:32:23 - PRINT -    - has_first: True, missing_second: False
2025-06-03 23:32:23 - PRINT - 🚛 PENDING DEBUG: ⏭️  Skipped ticket T0003 - not pending
2025-06-03 23:32:23 - PRINT - 🚛 PENDING DEBUG: Checking ticket T0004:
2025-06-03 23:32:23 - PRINT -    - first_weight: '16410.00' (has: True)
2025-06-03 23:32:23 - PRINT -    - first_timestamp: '03-06-2025 23:31:40' (has: True)
2025-06-03 23:32:23 - PRINT -    - second_weight: '' (has: False)
2025-06-03 23:32:23 - PRINT -    - second_timestamp: '' (has: False)
2025-06-03 23:32:23 - PRINT -    - has_first: True, missing_second: True
2025-06-03 23:32:23 - PRINT - 🚛 PENDING DEBUG: ✅ Added to pending: T0004
2025-06-03 23:32:23 - ERROR - 2025-06-03 23:32:23,959 - PendingVehiclesPanel - INFO - Added to pending: T0004
2025-06-03 23:32:23 - PRINT - 🚛 PENDING DEBUG: Checking ticket T0005:
2025-06-03 23:32:23 - PRINT -    - first_weight: '28940.00' (has: True)
2025-06-03 23:32:23 - PRINT -    - first_timestamp: '03-06-2025 23:31:54' (has: True)
2025-06-03 23:32:23 - PRINT -    - second_weight: '' (has: False)
2025-06-03 23:32:23 - PRINT -    - second_timestamp: '' (has: False)
2025-06-03 23:32:23 - PRINT -    - has_first: True, missing_second: True
2025-06-03 23:32:23 - PRINT - 🚛 PENDING DEBUG: ✅ Added to pending: T0005
2025-06-03 23:32:23 - ERROR - 2025-06-03 23:32:23,970 - PendingVehiclesPanel - INFO - Added to pending: T0005
2025-06-03 23:32:23 - PRINT - 🚛 PENDING DEBUG: Checking ticket T0006:
2025-06-03 23:32:23 - PRINT -    - first_weight: '18740.00' (has: True)
2025-06-03 23:32:23 - PRINT -    - first_timestamp: '03-06-2025 23:32:13' (has: True)
2025-06-03 23:32:23 - PRINT -    - second_weight: '8380.00' (has: True)
2025-06-03 23:32:23 - PRINT -    - second_timestamp: '03-06-2025 23:32:18' (has: True)
2025-06-03 23:32:23 - PRINT -    - has_first: True, missing_second: False
2025-06-03 23:32:23 - PRINT - 🚛 PENDING DEBUG: ⏭️  Skipped ticket T0006 - not pending
2025-06-03 23:32:23 - PRINT - 🚛 PENDING DEBUG: Found 2 pending records
2025-06-03 23:32:23 - ERROR - 2025-06-03 23:32:23,982 - PendingVehiclesPanel - INFO - Found 2 pending records
2025-06-03 23:32:23 - PRINT - 🚛 PENDING DEBUG: Added to treeview: T0005 - AP04AP4444
2025-06-03 23:32:23 - PRINT - 🚛 PENDING DEBUG: Added to treeview: T0004 - AP04AP4444
2025-06-03 23:32:23 - PRINT - 🚛 PENDING DEBUG: ✅ Successfully refreshed pending list with 2 items
2025-06-03 23:32:23 - ERROR - 2025-06-03 23:32:23,987 - PendingVehiclesPanel - INFO - Successfully refreshed pending list with 2 items
2025-06-03 23:32:23 - PRINT - 🎫 TICKET FLOW DEBUG: Save operation completed successfully
2025-06-03 23:32:23 - ERROR - 2025-06-03 23:32:23,988 - TharuniApp - INFO - SAVE RECORD OPERATION COMPLETED SUCCESSFULLY WITH SMART TICKET FLOW
2025-06-03 23:32:23 - PRINT - 🎫 TICKET FLOW DEBUG: ==================================================
2025-06-03 23:32:23 - ERROR - 2025-06-03 23:32:23,991 - TharuniApp - INFO - ==================================================
2025-06-03 23:32:26 - ERROR - 2025-06-03 23:32:26,519 - urllib3.connectionpool - WARNING - Retrying (Retry(total=2, connect=None, read=None, redirect=None, status=None)) after connection broken by 'NameResolutionError("<urllib3.connection.HTTPSConnection object at 0x000001EF43D36C10>: Failed to resolve 'oauth2.googleapis.com' ([Errno 11001] getaddrinfo failed)")': /token
2025-06-03 23:32:26 - ERROR - 2025-06-03 23:32:26,521 - urllib3.connectionpool - WARNING - Retrying (Retry(total=1, connect=None, read=None, redirect=None, status=None)) after connection broken by 'NameResolutionError("<urllib3.connection.HTTPSConnection object at 0x000001EF43D36E90>: Failed to resolve 'oauth2.googleapis.com' ([Errno 11001] getaddrinfo failed)")': /token
2025-06-03 23:32:26 - ERROR - 2025-06-03 23:32:26,522 - urllib3.connectionpool - WARNING - Retrying (Retry(total=0, connect=None, read=None, redirect=None, status=None)) after connection broken by 'NameResolutionError("<urllib3.connection.HTTPSConnection object at 0x000001EF43D37110>: Failed to resolve 'oauth2.googleapis.com' ([Errno 11001] getaddrinfo failed)")': /token
2025-06-03 23:32:28 - ERROR - 2025-06-03 23:32:28,571 - urllib3.connectionpool - WARNING - Retrying (Retry(total=2, connect=None, read=None, redirect=None, status=None)) after connection broken by 'NameResolutionError("<urllib3.connection.HTTPSConnection object at 0x000001EF43D37890>: Failed to resolve 'oauth2.googleapis.com' ([Errno 11001] getaddrinfo failed)")': /token
2025-06-03 23:32:28 - ERROR - 2025-06-03 23:32:28,573 - urllib3.connectionpool - WARNING - Retrying (Retry(total=1, connect=None, read=None, redirect=None, status=None)) after connection broken by 'NameResolutionError("<urllib3.connection.HTTPSConnection object at 0x000001EF43D37B10>: Failed to resolve 'oauth2.googleapis.com' ([Errno 11001] getaddrinfo failed)")': /token
2025-06-03 23:32:28 - ERROR - 2025-06-03 23:32:28,574 - urllib3.connectionpool - WARNING - Retrying (Retry(total=0, connect=None, read=None, redirect=None, status=None)) after connection broken by 'NameResolutionError("<urllib3.connection.HTTPSConnection object at 0x000001EF43D37D90>: Failed to resolve 'oauth2.googleapis.com' ([Errno 11001] getaddrinfo failed)")': /token
2025-06-03 23:32:29 - ERROR - 2025-06-03 23:32:29,542 - PendingVehiclesPanel - INFO - Double-clicked on ticket: T0004
2025-06-03 23:32:29 - ERROR - 2025-06-03 23:32:29,545 - TharuniApp - INFO - Loading pending vehicle: T0004
2025-06-03 23:32:29 - ERROR - 2025-06-03 23:32:29,550 - DataManager - INFO - Successfully loaded 9 records from data\Coastal_Eluru_data.csv
2025-06-03 23:32:29 - ERROR - 2025-06-03 23:32:29,553 - DataManager - INFO - Filtered 9 records to 1 using filter: 't0004'
2025-06-03 23:32:29 - ERROR - 2025-06-03 23:32:29,559 - DataManager - INFO - CSV structure is up to date
2025-06-03 23:32:29 - ERROR - 2025-06-03 23:32:29,562 - DataManager - INFO - Data context set to: Agency='Coastal', Site='Eluru'
2025-06-03 23:32:29 - ERROR - 2025-06-03 23:32:29,564 - DataManager - INFO - Data file: data\Coastal_Eluru_data.csv
2025-06-03 23:32:29 - PRINT - Updated data context: Coastal_Eluru
2025-06-03 23:32:29 - PRINT - Loading images from record for ticket: T0004
2025-06-03 23:32:29 - PRINT - Loaded image paths:
2025-06-03 23:32:29 - PRINT -   First front: None
2025-06-03 23:32:29 - PRINT -   First back: None
2025-06-03 23:32:29 - PRINT -   Second front: None
2025-06-03 23:32:29 - PRINT -   Second back: None
2025-06-03 23:32:29 - PRINT - Image status update: 1st=0/2, 2nd=0/2
2025-06-03 23:32:29 - ERROR - 2025-06-03 23:32:29,582 - TharuniApp - INFO - Successfully loaded pending ticket: T0004
2025-06-03 23:32:30 - PRINT - 🚛 PENDING DEBUG: Refreshing pending vehicles list...
2025-06-03 23:32:30 - ERROR - 2025-06-03 23:32:30,854 - PendingVehiclesPanel - INFO - Refreshing pending vehicles list
2025-06-03 23:32:30 - ERROR - 2025-06-03 23:32:30,856 - DataManager - INFO - Successfully loaded 9 records from data\Coastal_Eluru_data.csv
2025-06-03 23:32:30 - PRINT - 🚛 PENDING DEBUG: Retrieved 9 total records
2025-06-03 23:32:30 - ERROR - 2025-06-03 23:32:30,859 - PendingVehiclesPanel - INFO - Retrieved 9 total records
2025-06-03 23:32:30 - PRINT - 🚛 PENDING DEBUG: Checking ticket T0031:
2025-06-03 23:32:30 - PRINT -    - first_weight: '32340.00' (has: True)
2025-06-03 23:32:30 - PRINT -    - first_timestamp: '03-06-2025 18:16:07' (has: True)
2025-06-03 23:32:30 - PRINT -    - second_weight: '14630.00' (has: True)
2025-06-03 23:32:30 - PRINT -    - second_timestamp: '03-06-2025 18:16:12' (has: True)
2025-06-03 23:32:30 - PRINT -    - has_first: True, missing_second: False
2025-06-03 23:32:30 - PRINT - 🚛 PENDING DEBUG: ⏭️  Skipped ticket T0031 - not pending
2025-06-03 23:32:30 - PRINT - 🚛 PENDING DEBUG: Checking ticket T0032:
2025-06-03 23:32:30 - PRINT -    - first_weight: '41900.00' (has: True)
2025-06-03 23:32:30 - PRINT -    - first_timestamp: '03-06-2025 18:40:02' (has: True)
2025-06-03 23:32:30 - PRINT -    - second_weight: '10350.00' (has: True)
2025-06-03 23:32:30 - PRINT -    - second_timestamp: '03-06-2025 18:40:19' (has: True)
2025-06-03 23:32:30 - PRINT -    - has_first: True, missing_second: False
2025-06-03 23:32:30 - PRINT - 🚛 PENDING DEBUG: ⏭️  Skipped ticket T0032 - not pending
2025-06-03 23:32:30 - PRINT - 🚛 PENDING DEBUG: Checking ticket T0033:
2025-06-03 23:32:30 - PRINT -    - first_weight: '21440.00' (has: True)
2025-06-03 23:32:30 - PRINT -    - first_timestamp: '03-06-2025 20:08:54' (has: True)
2025-06-03 23:32:30 - PRINT -    - second_weight: '8650.00' (has: True)
2025-06-03 23:32:30 - PRINT -    - second_timestamp: '03-06-2025 20:09:13' (has: True)
2025-06-03 23:32:30 - PRINT -    - has_first: True, missing_second: False
2025-06-03 23:32:30 - PRINT - 🚛 PENDING DEBUG: ⏭️  Skipped ticket T0033 - not pending
2025-06-03 23:32:30 - PRINT - 🚛 PENDING DEBUG: Checking ticket T0001:
2025-06-03 23:32:30 - PRINT -    - first_weight: '18310.00' (has: True)
2025-06-03 23:32:30 - PRINT -    - first_timestamp: '03-06-2025 20:11:03' (has: True)
2025-06-03 23:32:30 - PRINT -    - second_weight: '6050.00' (has: True)
2025-06-03 23:32:30 - PRINT -    - second_timestamp: '03-06-2025 20:12:07' (has: True)
2025-06-03 23:32:30 - PRINT -    - has_first: True, missing_second: False
2025-06-03 23:32:30 - PRINT - 🚛 PENDING DEBUG: ⏭️  Skipped ticket T0001 - not pending
2025-06-03 23:32:30 - PRINT - 🚛 PENDING DEBUG: Checking ticket T0002:
2025-06-03 23:32:30 - PRINT -    - first_weight: '15970.00' (has: True)
2025-06-03 23:32:30 - PRINT -    - first_timestamp: '03-06-2025 20:11:22' (has: True)
2025-06-03 23:32:30 - PRINT -    - second_weight: '5320.00' (has: True)
2025-06-03 23:32:30 - PRINT -    - second_timestamp: '03-06-2025 20:12:18' (has: True)
2025-06-03 23:32:30 - PRINT -    - has_first: True, missing_second: False
2025-06-03 23:32:30 - PRINT - 🚛 PENDING DEBUG: ⏭️  Skipped ticket T0002 - not pending
2025-06-03 23:32:30 - PRINT - 🚛 PENDING DEBUG: Checking ticket T0003:
2025-06-03 23:32:30 - PRINT -    - first_weight: '29910.00' (has: True)
2025-06-03 23:32:30 - PRINT -    - first_timestamp: '03-06-2025 20:11:44' (has: True)
2025-06-03 23:32:30 - PRINT -    - second_weight: '12080.00' (has: True)
2025-06-03 23:32:30 - PRINT -    - second_timestamp: '03-06-2025 20:11:54' (has: True)
2025-06-03 23:32:30 - PRINT -    - has_first: True, missing_second: False
2025-06-03 23:32:30 - PRINT - 🚛 PENDING DEBUG: ⏭️  Skipped ticket T0003 - not pending
2025-06-03 23:32:30 - PRINT - 🚛 PENDING DEBUG: Checking ticket T0004:
2025-06-03 23:32:30 - PRINT -    - first_weight: '16410.00' (has: True)
2025-06-03 23:32:30 - PRINT -    - first_timestamp: '03-06-2025 23:31:40' (has: True)
2025-06-03 23:32:30 - PRINT -    - second_weight: '' (has: False)
2025-06-03 23:32:30 - PRINT -    - second_timestamp: '' (has: False)
2025-06-03 23:32:30 - PRINT -    - has_first: True, missing_second: True
2025-06-03 23:32:30 - PRINT - 🚛 PENDING DEBUG: ✅ Added to pending: T0004
2025-06-03 23:32:30 - ERROR - 2025-06-03 23:32:30,918 - PendingVehiclesPanel - INFO - Added to pending: T0004
2025-06-03 23:32:30 - PRINT - 🚛 PENDING DEBUG: Checking ticket T0005:
2025-06-03 23:32:30 - PRINT -    - first_weight: '28940.00' (has: True)
2025-06-03 23:32:30 - PRINT -    - first_timestamp: '03-06-2025 23:31:54' (has: True)
2025-06-03 23:32:30 - PRINT -    - second_weight: '' (has: False)
2025-06-03 23:32:30 - PRINT -    - second_timestamp: '' (has: False)
2025-06-03 23:32:30 - PRINT -    - has_first: True, missing_second: True
2025-06-03 23:32:30 - PRINT - 🚛 PENDING DEBUG: ✅ Added to pending: T0005
2025-06-03 23:32:30 - ERROR - 2025-06-03 23:32:30,927 - PendingVehiclesPanel - INFO - Added to pending: T0005
2025-06-03 23:32:30 - PRINT - 🚛 PENDING DEBUG: Checking ticket T0006:
2025-06-03 23:32:30 - PRINT -    - first_weight: '18740.00' (has: True)
2025-06-03 23:32:30 - PRINT -    - first_timestamp: '03-06-2025 23:32:13' (has: True)
2025-06-03 23:32:30 - PRINT -    - second_weight: '8380.00' (has: True)
2025-06-03 23:32:30 - PRINT -    - second_timestamp: '03-06-2025 23:32:18' (has: True)
2025-06-03 23:32:30 - PRINT -    - has_first: True, missing_second: False
2025-06-03 23:32:30 - PRINT - 🚛 PENDING DEBUG: ⏭️  Skipped ticket T0006 - not pending
2025-06-03 23:32:30 - PRINT - 🚛 PENDING DEBUG: Found 2 pending records
2025-06-03 23:32:30 - ERROR - 2025-06-03 23:32:30,937 - PendingVehiclesPanel - INFO - Found 2 pending records
2025-06-03 23:32:30 - PRINT - 🚛 PENDING DEBUG: Added to treeview: T0005 - AP04AP4444
2025-06-03 23:32:30 - PRINT - 🚛 PENDING DEBUG: Added to treeview: T0004 - AP04AP4444
2025-06-03 23:32:30 - PRINT - 🚛 PENDING DEBUG: ✅ Successfully refreshed pending list with 2 items
2025-06-03 23:32:30 - ERROR - 2025-06-03 23:32:30,942 - PendingVehiclesPanel - INFO - Successfully refreshed pending list with 2 items
2025-06-03 23:32:30 - ERROR - 2025-06-03 23:32:30,945 - DataManager - INFO - Created new daily folder: data\reports\03-06
2025-06-03 23:32:30 - PRINT - 🔄 Connectivity changed: 📴 OFFLINE
2025-06-03 23:32:30 - PRINT - 🔄 Connectivity status changed: 📴 Offline
2025-06-03 23:32:30 - PRINT - 📴 Internet connection lost - will queue records offline
2025-06-03 23:32:31 - PRINT - Capture weight called
2025-06-03 23:32:31 - PRINT - Checking test mode...
2025-06-03 23:32:31 - PRINT - Could not find main app after 8 attempts
2025-06-03 23:32:31 - PRINT - Creating new SettingsStorage instance
2025-06-03 23:32:31 - PRINT - Reading weighbridge settings from: data\app_settings.json
2025-06-03 23:32:31 - PRINT - Loaded weighbridge settings: {'com_port': '', 'baud_rate': 2400, 'data_bits': 8, 'parity': 'None', 'stop_bits': 1.0, 'test_mode': True}
2025-06-03 23:32:31 - PRINT - Test mode from settings storage: True
2025-06-03 23:32:31 - PRINT - Test mode is enabled - generating random weight
2025-06-03 23:32:31 - PRINT - Generating weight for second weighment
2025-06-03 23:32:31 - PRINT - Second weighment - generated: 12101.841932403131
2025-06-03 23:32:31 - PRINT - Generated random weight: 12100.0 kg
2025-06-03 23:32:31 - PRINT - Processing captured weight: 12100.0
2025-06-03 23:32:31 - PRINT - Checking test mode...
2025-06-03 23:32:31 - PRINT - Could not find main app after 8 attempts
2025-06-03 23:32:31 - PRINT - Creating new SettingsStorage instance
2025-06-03 23:32:31 - PRINT - Reading weighbridge settings from: data\app_settings.json
2025-06-03 23:32:31 - PRINT - Loaded weighbridge settings: {'com_port': '', 'baud_rate': 2400, 'data_bits': 8, 'parity': 'None', 'stop_bits': 1.0, 'test_mode': True}
2025-06-03 23:32:31 - PRINT - Test mode from settings storage: True
2025-06-03 23:32:34 - ERROR - 2025-06-03 23:32:34,660 - TharuniApp - INFO - ==================================================
2025-06-03 23:32:34 - ERROR - 2025-06-03 23:32:34,662 - TharuniApp - INFO - SAVE RECORD OPERATION STARTED WITH SMART TICKET FLOW
2025-06-03 23:32:34 - ERROR - 2025-06-03 23:32:34,664 - FormValidator - INFO - Starting comprehensive form validation
2025-06-03 23:32:34 - ERROR - 2025-06-03 23:32:34,666 - FormValidator - INFO - Validating basic fields
2025-06-03 23:32:34 - ERROR - 2025-06-03 23:32:34,668 - FormValidator - INFO - Field values: ticket='T0004', vehicle='AP04AP4444', agency='Coastal'
2025-06-03 23:32:34 - ERROR - 2025-06-03 23:32:34,670 - FormValidator - INFO - Basic validation passed
2025-06-03 23:32:34 - ERROR - 2025-06-03 23:32:34,671 - FormValidator - INFO - Validating weighment data
2025-06-03 23:32:34 - ERROR - 2025-06-03 23:32:34,673 - FormValidator - INFO - Weighment data: first_weight='16410.00', first_timestamp='03-06-2025 23:31:40', second_weight='12100.00', second_timestamp='03-06-2025 23:32:31'
2025-06-03 23:32:34 - ERROR - 2025-06-03 23:32:34,674 - FormValidator - INFO - Weighment validation passed
2025-06-03 23:32:34 - ERROR - 2025-06-03 23:32:34,676 - FormValidator - INFO - Validating images for second weighment
2025-06-03 23:32:34 - ERROR - 2025-06-03 23:32:34,678 - FormValidator - INFO - Images validation for second: front=False, back=False
2025-06-03 23:32:35 - ERROR - 2025-06-03 23:32:35,652 - FormValidator - INFO - User chose to continue without images
2025-06-03 23:32:35 - ERROR - 2025-06-03 23:32:35,653 - FormValidator - INFO - Form validation passed successfully
2025-06-03 23:32:35 - PRINT - Get all image filenames returning: {'first_front_image': '', 'first_back_image': '', 'second_front_image': '', 'second_back_image': ''}
2025-06-03 23:32:35 - PRINT - DEBUG - User name var: 'admin'
2025-06-03 23:32:35 - PRINT - DEBUG - Site incharge var: 'Vishnu'
2025-06-03 23:32:35 - PRINT - DEBUG - Net weight var: '4310.00'
2025-06-03 23:32:35 - PRINT - DEBUG - Final data user_name: 'admin'
2025-06-03 23:32:35 - PRINT - DEBUG - Final data site_incharge: 'Vishnu'
2025-06-03 23:32:35 - PRINT - DEBUG - Final data net_weight: '4310.00'
2025-06-03 23:32:35 - PRINT - 🎫 TICKET FLOW DEBUG: Starting save for ticket: T0004
2025-06-03 23:32:35 - ERROR - 2025-06-03 23:32:35,667 - TharuniApp - INFO - Saving record for ticket: T0004
2025-06-03 23:32:35 - ERROR - 2025-06-03 23:32:35,668 - DataManager - INFO - Successfully loaded 9 records from data\Coastal_Eluru_data.csv
2025-06-03 23:32:35 - ERROR - 2025-06-03 23:32:35,669 - DataManager - INFO - Filtered 9 records to 1 using filter: 't0004'
2025-06-03 23:32:35 - PRINT - 🎫 TICKET FLOW DEBUG: This is an UPDATE to existing ticket: T0004
2025-06-03 23:32:35 - ERROR - 2025-06-03 23:32:35,671 - TharuniApp - INFO - Updating existing record: T0004
2025-06-03 23:32:35 - ERROR - 2025-06-03 23:32:35,673 - TharuniApp - INFO - Calling data_manager.save_record for T0004
2025-06-03 23:32:35 - ERROR - 2025-06-03 23:32:35,675 - DataManager - INFO - ==================================================
2025-06-03 23:32:35 - ERROR - 2025-06-03 23:32:35,677 - DataManager - INFO - STARTING OFFLINE-FIRST RECORD SAVE
2025-06-03 23:32:35 - ERROR - 2025-06-03 23:32:35,678 - DataManager - INFO - Input data keys: ['date', 'time', 'site_name', 'agency_name', 'material', 'ticket_no', 'vehicle_no', 'transfer_party_name', 'first_weight', 'first_timestamp', 'second_weight', 'second_timestamp', 'net_weight', 'material_type', 'first_front_image', 'first_back_image', 'second_front_image', 'second_back_image', 'site_incharge', 'user_name']
2025-06-03 23:32:35 - ERROR - 2025-06-03 23:32:35,679 - DataManager - INFO - Net weight calculated: 16410.0 - 12100.0 = 4310.00
2025-06-03 23:32:35 - ERROR - 2025-06-03 23:32:35,681 - DataManager - INFO - Using data file: data\Coastal_Eluru_data.csv
2025-06-03 23:32:35 - ERROR - 2025-06-03 23:32:35,683 - DataManager - INFO - Successfully loaded 9 records from data\Coastal_Eluru_data.csv
2025-06-03 23:32:35 - ERROR - 2025-06-03 23:32:35,684 - DataManager - INFO - Filtered 9 records to 1 using filter: 't0004'
2025-06-03 23:32:35 - ERROR - 2025-06-03 23:32:35,686 - DataManager - INFO - Updating existing record: T0004
2025-06-03 23:32:35 - ERROR - 2025-06-03 23:32:35,687 - DataManager - INFO - Updating record T0004 in data\Coastal_Eluru_data.csv
2025-06-03 23:32:35 - ERROR - 2025-06-03 23:32:35,689 - DataManager - INFO - Read 9 records from CSV
2025-06-03 23:32:35 - ERROR - 2025-06-03 23:32:35,691 - DataManager - INFO - Found record to update at index 6
2025-06-03 23:32:35 - ERROR - 2025-06-03 23:32:35,695 - DataManager - INFO - Updated record data: ['03-06-2025', '23:32:35', 'Eluru', 'Coastal', 'Inert', 'T0004', 'AP04AP4444', 'Coromandel', '16410.00', '03-06-2025 23:31:40', '12100.00', '03-06-2025 23:32:31', '4310.00', 'Inert', '', '', '', '', 'Vishnu', 'admin']
2025-06-03 23:32:35 - ERROR - 2025-06-03 23:32:35,701 - DataManager - INFO - ✅ Record T0004 updated in data\Coastal_Eluru_data.csv
2025-06-03 23:32:35 - ERROR - 2025-06-03 23:32:35,702 - DataManager - INFO - ✅ Record T0004 saved to local CSV successfully
2025-06-03 23:32:35 - ERROR - 2025-06-03 23:32:35,703 - DataManager - INFO - Weighment analysis:
2025-06-03 23:32:35 - ERROR - 2025-06-03 23:32:35,704 - DataManager - INFO -   - Has first weighment: True
2025-06-03 23:32:35 - ERROR - 2025-06-03 23:32:35,707 - DataManager - INFO -   - Has second weighment: True
2025-06-03 23:32:35 - ERROR - 2025-06-03 23:32:35,711 - DataManager - INFO -   - Is first weighment save: False
2025-06-03 23:32:35 - ERROR - 2025-06-03 23:32:35,713 - DataManager - INFO -   - Is complete record: True
2025-06-03 23:32:35 - ERROR - 2025-06-03 23:32:35,714 - DataManager - INFO -   - Is update: True
2025-06-03 23:32:35 - ERROR - 2025-06-03 23:32:35,715 - DataManager - INFO - Complete record detected - saving JSON backup locally...
2025-06-03 23:32:35 - ERROR - 2025-06-03 23:32:35,716 - DataManager - INFO - Created new daily JSON folder: data\json_backups\2025-06-03
2025-06-03 23:32:35 - ERROR - 2025-06-03 23:32:35,732 - DataManager - INFO - ✅ JSON backup saved: data\json_backups\2025-06-03\T0004_Coastal_Eluru_233235.json
2025-06-03 23:32:35 - ERROR - 2025-06-03 23:32:35,733 - DataManager - INFO - ✅ JSON backup saved locally for T0004
2025-06-03 23:32:35 - ERROR - 2025-06-03 23:32:35,734 - DataManager - INFO - Complete record detected for ticket T0004 - generating PDF locally...
2025-06-03 23:32:35 - ERROR - 2025-06-03 23:32:35,736 - DataManager - INFO - Today's reports folder ensured: data\reports\2025-06-03
2025-06-03 23:32:35 - ERROR - 2025-06-03 23:32:35,737 - DataManager - INFO - Reports will be saved to: data\reports\2025-06-03
2025-06-03 23:32:35 - ERROR - 2025-06-03 23:32:35,738 - DataManager - INFO - Today's reports folder ensured: data\reports\2025-06-03
2025-06-03 23:32:35 - ERROR - 2025-06-03 23:32:35,745 - DataManager - INFO - SIMPLE TEST - Net display: '4310.00 kg'
2025-06-03 23:32:35 - ERROR - 2025-06-03 23:32:35,747 - DataManager - INFO - Building PDF document: data\reports\2025-06-03\Coastal_Eluru_T0004_AP04AP4444_233235.pdf
2025-06-03 23:32:35 - ERROR - 2025-06-03 23:32:35,766 - DataManager - INFO - PDF created successfully: data\reports\2025-06-03\Coastal_Eluru_T0004_AP04AP4444_233235.pdf (2772 bytes)
2025-06-03 23:32:35 - ERROR - 2025-06-03 23:32:35,782 - DataManager - INFO - Auto-generated PDF: data\reports\2025-06-03\Coastal_Eluru_T0004_AP04AP4444_233235.pdf
2025-06-03 23:32:35 - ERROR - 2025-06-03 23:32:35,787 - DataManager - INFO - PDF saved to today's reports folder: data\reports\2025-06-03
2025-06-03 23:32:35 - ERROR - 2025-06-03 23:32:35,788 - DataManager - INFO - ✅ PDF auto-generated locally: data\reports\2025-06-03\Coastal_Eluru_T0004_AP04AP4444_233235.pdf
2025-06-03 23:32:35 - ERROR - 2025-06-03 23:32:35,790 - DataManager - INFO - ✅ OFFLINE-FIRST SAVE COMPLETED - Local CSV, JSON backup, and PDF generated
2025-06-03 23:32:35 - ERROR - 2025-06-03 23:32:35,798 - DataManager - INFO - 📂 PDF saved to today's reports folder: data\reports\2025-06-03
2025-06-03 23:32:35 - ERROR - 2025-06-03 23:32:35,800 - DataManager - INFO - 💡 Cloud backup available via Settings > Cloud Storage > Backup
2025-06-03 23:32:35 - ERROR - 2025-06-03 23:32:35,803 - DataManager - INFO - ==================================================
2025-06-03 23:32:35 - ERROR - 2025-06-03 23:32:35,804 - TharuniApp - INFO - ✅ Record T0004 saved successfully
2025-06-03 23:32:35 - PRINT - 📥 Queued record: T0004 (Queue size: 2)
2025-06-03 23:32:35 - PRINT - 📥 Added complete record to queue: T0004
2025-06-03 23:32:35 - PRINT - 🎫 TICKET FLOW DEBUG: Save result analysis:
2025-06-03 23:32:35 - PRINT -    - is_complete_record: True
2025-06-03 23:32:35 - PRINT -    - is_first_weighment_save: False
2025-06-03 23:32:35 - PRINT -    - is_update: True
2025-06-03 23:32:35 - PRINT - 🎫 TICKET FLOW DEBUG: Completing existing record - will NOT increment counter
2025-06-03 23:32:35 - PRINT - 🎫 TICKET FLOW DEBUG: NOT incrementing counter - ticket T0004 was already consumed
2025-06-03 23:32:35 - PRINT - 🎫 TICKET FLOW DEBUG: Second weighment completed for existing ticket T0004
2025-06-03 23:32:35 - ERROR - 2025-06-03 23:32:35,831 - TharuniApp - INFO - Removing T0004 from pending vehicles list
2025-06-03 23:32:35 - PRINT - 🚛 PENDING DEBUG: Attempting to remove ticket T0004 from pending list
2025-06-03 23:32:35 - ERROR - 2025-06-03 23:32:35,833 - PendingVehiclesPanel - INFO - Attempting to remove ticket T0004 from pending list
2025-06-03 23:32:35 - PRINT - 🚛 PENDING DEBUG: ✅ Removed ticket T0004 from pending list
2025-06-03 23:32:35 - ERROR - 2025-06-03 23:32:35,835 - PendingVehiclesPanel - INFO - Removed ticket T0004 from pending list
2025-06-03 23:32:35 - PRINT - 🎫 FORM DEBUG: Preparing for new ticket after completion
2025-06-03 23:32:35 - PRINT - Resetting all image paths
2025-06-03 23:32:35 - PRINT - Image status update: 1st=0/2, 2nd=0/2
2025-06-03 23:32:35 - PRINT - 🎫 FORM DEBUG: Reserving next ticket number...
2025-06-03 23:32:35 - PRINT - 🎫 CONFIG DEBUG: Reserving next ticket number...
2025-06-03 23:32:35 - PRINT - 🎫 CONFIG DEBUG: Current ticket counter value: 7
2025-06-03 23:32:35 - PRINT - 🎫 CONFIG DEBUG: Reserved ticket number: T0007
2025-06-03 23:32:35 - PRINT - 🎫 FORM DEBUG: Reserved ticket number: T0007
2025-06-03 23:32:35 - PRINT - 🎫 FORM DEBUG: New ticket number reserved after completion: T0007
2025-06-03 23:32:35 - PRINT - 🎫 FORM DEBUG: Form prepared for new ticket after completion - ticket: T0007
2025-06-03 23:32:35 - PRINT - 🎫 TICKET FLOW DEBUG: Generated next ticket number after completing T0004: T0007
2025-06-03 23:32:36 - ERROR - 2025-06-03 23:32:36,827 - DataManager - INFO - Successfully loaded 9 records from data\Coastal_Eluru_data.csv
2025-06-03 23:32:36 - ERROR - 2025-06-03 23:32:36,828 - DataManager - INFO - Returning all 9 records (no filter)
2025-06-03 23:32:36 - PRINT - 🚛 PENDING DEBUG: Refreshing pending vehicles list...
2025-06-03 23:32:36 - ERROR - 2025-06-03 23:32:36,830 - PendingVehiclesPanel - INFO - Refreshing pending vehicles list
2025-06-03 23:32:36 - ERROR - 2025-06-03 23:32:36,832 - DataManager - INFO - Successfully loaded 9 records from data\Coastal_Eluru_data.csv
2025-06-03 23:32:36 - PRINT - 🚛 PENDING DEBUG: Retrieved 9 total records
2025-06-03 23:32:36 - ERROR - 2025-06-03 23:32:36,833 - PendingVehiclesPanel - INFO - Retrieved 9 total records
2025-06-03 23:32:36 - PRINT - 🚛 PENDING DEBUG: Checking ticket T0031:
2025-06-03 23:32:36 - PRINT -    - first_weight: '32340.00' (has: True)
2025-06-03 23:32:36 - PRINT -    - first_timestamp: '03-06-2025 18:16:07' (has: True)
2025-06-03 23:32:36 - PRINT -    - second_weight: '14630.00' (has: True)
2025-06-03 23:32:36 - PRINT -    - second_timestamp: '03-06-2025 18:16:12' (has: True)
2025-06-03 23:32:36 - PRINT -    - has_first: True, missing_second: False
2025-06-03 23:32:36 - PRINT - 🚛 PENDING DEBUG: ⏭️  Skipped ticket T0031 - not pending
2025-06-03 23:32:36 - PRINT - 🚛 PENDING DEBUG: Checking ticket T0032:
2025-06-03 23:32:36 - PRINT -    - first_weight: '41900.00' (has: True)
2025-06-03 23:32:36 - PRINT -    - first_timestamp: '03-06-2025 18:40:02' (has: True)
2025-06-03 23:32:36 - PRINT -    - second_weight: '10350.00' (has: True)
2025-06-03 23:32:36 - PRINT -    - second_timestamp: '03-06-2025 18:40:19' (has: True)
2025-06-03 23:32:36 - PRINT -    - has_first: True, missing_second: False
2025-06-03 23:32:36 - PRINT - 🚛 PENDING DEBUG: ⏭️  Skipped ticket T0032 - not pending
2025-06-03 23:32:36 - PRINT - 🚛 PENDING DEBUG: Checking ticket T0033:
2025-06-03 23:32:36 - PRINT -    - first_weight: '21440.00' (has: True)
2025-06-03 23:32:36 - PRINT -    - first_timestamp: '03-06-2025 20:08:54' (has: True)
2025-06-03 23:32:36 - PRINT -    - second_weight: '8650.00' (has: True)
2025-06-03 23:32:36 - PRINT -    - second_timestamp: '03-06-2025 20:09:13' (has: True)
2025-06-03 23:32:36 - PRINT -    - has_first: True, missing_second: False
2025-06-03 23:32:36 - PRINT - 🚛 PENDING DEBUG: ⏭️  Skipped ticket T0033 - not pending
2025-06-03 23:32:36 - PRINT - 🚛 PENDING DEBUG: Checking ticket T0001:
2025-06-03 23:32:36 - PRINT -    - first_weight: '18310.00' (has: True)
2025-06-03 23:32:36 - PRINT -    - first_timestamp: '03-06-2025 20:11:03' (has: True)
2025-06-03 23:32:36 - PRINT -    - second_weight: '6050.00' (has: True)
2025-06-03 23:32:36 - PRINT -    - second_timestamp: '03-06-2025 20:12:07' (has: True)
2025-06-03 23:32:36 - PRINT -    - has_first: True, missing_second: False
2025-06-03 23:32:36 - PRINT - 🚛 PENDING DEBUG: ⏭️  Skipped ticket T0001 - not pending
2025-06-03 23:32:36 - PRINT - 🚛 PENDING DEBUG: Checking ticket T0002:
2025-06-03 23:32:36 - PRINT -    - first_weight: '15970.00' (has: True)
2025-06-03 23:32:36 - PRINT -    - first_timestamp: '03-06-2025 20:11:22' (has: True)
2025-06-03 23:32:36 - PRINT -    - second_weight: '5320.00' (has: True)
2025-06-03 23:32:36 - PRINT -    - second_timestamp: '03-06-2025 20:12:18' (has: True)
2025-06-03 23:32:36 - PRINT -    - has_first: True, missing_second: False
2025-06-03 23:32:36 - PRINT - 🚛 PENDING DEBUG: ⏭️  Skipped ticket T0002 - not pending
2025-06-03 23:32:36 - PRINT - 🚛 PENDING DEBUG: Checking ticket T0003:
2025-06-03 23:32:36 - PRINT -    - first_weight: '29910.00' (has: True)
2025-06-03 23:32:36 - PRINT -    - first_timestamp: '03-06-2025 20:11:44' (has: True)
2025-06-03 23:32:36 - PRINT -    - second_weight: '12080.00' (has: True)
2025-06-03 23:32:36 - PRINT -    - second_timestamp: '03-06-2025 20:11:54' (has: True)
2025-06-03 23:32:36 - PRINT -    - has_first: True, missing_second: False
2025-06-03 23:32:36 - PRINT - 🚛 PENDING DEBUG: ⏭️  Skipped ticket T0003 - not pending
2025-06-03 23:32:36 - PRINT - 🚛 PENDING DEBUG: Checking ticket T0004:
2025-06-03 23:32:36 - PRINT -    - first_weight: '16410.00' (has: True)
2025-06-03 23:32:36 - PRINT -    - first_timestamp: '03-06-2025 23:31:40' (has: True)
2025-06-03 23:32:36 - PRINT -    - second_weight: '12100.00' (has: True)
2025-06-03 23:32:36 - PRINT -    - second_timestamp: '03-06-2025 23:32:31' (has: True)
2025-06-03 23:32:36 - PRINT -    - has_first: True, missing_second: False
2025-06-03 23:32:36 - PRINT - 🚛 PENDING DEBUG: ⏭️  Skipped ticket T0004 - not pending
2025-06-03 23:32:36 - PRINT - 🚛 PENDING DEBUG: Checking ticket T0005:
2025-06-03 23:32:36 - PRINT -    - first_weight: '28940.00' (has: True)
2025-06-03 23:32:36 - PRINT -    - first_timestamp: '03-06-2025 23:31:54' (has: True)
2025-06-03 23:32:36 - PRINT -    - second_weight: '' (has: False)
2025-06-03 23:32:36 - PRINT -    - second_timestamp: '' (has: False)
2025-06-03 23:32:36 - PRINT -    - has_first: True, missing_second: True
2025-06-03 23:32:36 - PRINT - 🚛 PENDING DEBUG: ✅ Added to pending: T0005
2025-06-03 23:32:36 - ERROR - 2025-06-03 23:32:36,898 - PendingVehiclesPanel - INFO - Added to pending: T0005
2025-06-03 23:32:36 - PRINT - 🚛 PENDING DEBUG: Checking ticket T0006:
2025-06-03 23:32:36 - PRINT -    - first_weight: '18740.00' (has: True)
2025-06-03 23:32:36 - PRINT -    - first_timestamp: '03-06-2025 23:32:13' (has: True)
2025-06-03 23:32:36 - PRINT -    - second_weight: '8380.00' (has: True)
2025-06-03 23:32:36 - PRINT -    - second_timestamp: '03-06-2025 23:32:18' (has: True)
2025-06-03 23:32:36 - PRINT -    - has_first: True, missing_second: False
2025-06-03 23:32:36 - PRINT - 🚛 PENDING DEBUG: ⏭️  Skipped ticket T0006 - not pending
2025-06-03 23:32:36 - PRINT - 🚛 PENDING DEBUG: Found 1 pending records
2025-06-03 23:32:36 - ERROR - 2025-06-03 23:32:36,909 - PendingVehiclesPanel - INFO - Found 1 pending records
2025-06-03 23:32:36 - PRINT - 🚛 PENDING DEBUG: Added to treeview: T0005 - AP04AP4444
2025-06-03 23:32:36 - PRINT - 🚛 PENDING DEBUG: ✅ Successfully refreshed pending list with 1 items
2025-06-03 23:32:36 - ERROR - 2025-06-03 23:32:36,913 - PendingVehiclesPanel - INFO - Successfully refreshed pending list with 1 items
2025-06-03 23:32:36 - PRINT - 🎫 TICKET FLOW DEBUG: Save operation completed successfully
2025-06-03 23:32:36 - ERROR - 2025-06-03 23:32:36,915 - TharuniApp - INFO - SAVE RECORD OPERATION COMPLETED SUCCESSFULLY WITH SMART TICKET FLOW
2025-06-03 23:32:36 - PRINT - 🎫 TICKET FLOW DEBUG: ==================================================
2025-06-03 23:32:36 - ERROR - 2025-06-03 23:32:36,917 - TharuniApp - INFO - ==================================================
2025-06-03 23:32:41 - ERROR - 2025-06-03 23:32:41,459 - PendingVehiclesPanel - INFO - Double-clicked on ticket: T0005
2025-06-03 23:32:41 - ERROR - 2025-06-03 23:32:41,463 - TharuniApp - INFO - Loading pending vehicle: T0005
2025-06-03 23:32:41 - ERROR - 2025-06-03 23:32:41,468 - DataManager - INFO - Successfully loaded 9 records from data\Coastal_Eluru_data.csv
2025-06-03 23:32:41 - ERROR - 2025-06-03 23:32:41,469 - DataManager - INFO - Filtered 9 records to 1 using filter: 't0005'
2025-06-03 23:32:41 - ERROR - 2025-06-03 23:32:41,472 - DataManager - INFO - CSV structure is up to date
2025-06-03 23:32:41 - ERROR - 2025-06-03 23:32:41,473 - DataManager - INFO - Data context set to: Agency='Coastal', Site='Eluru'
2025-06-03 23:32:41 - ERROR - 2025-06-03 23:32:41,474 - DataManager - INFO - Data file: data\Coastal_Eluru_data.csv
2025-06-03 23:32:41 - PRINT - Updated data context: Coastal_Eluru
2025-06-03 23:32:41 - PRINT - Loading images from record for ticket: T0005
2025-06-03 23:32:41 - PRINT - Loaded image paths:
2025-06-03 23:32:41 - PRINT -   First front: None
2025-06-03 23:32:41 - PRINT -   First back: None
2025-06-03 23:32:41 - PRINT -   Second front: None
2025-06-03 23:32:41 - PRINT -   Second back: None
2025-06-03 23:32:41 - PRINT - Image status update: 1st=0/2, 2nd=0/2
2025-06-03 23:32:41 - ERROR - 2025-06-03 23:32:41,483 - TharuniApp - INFO - Successfully loaded pending ticket: T0005
2025-06-03 23:32:43 - ERROR - 2025-06-03 23:32:43,658 - urllib3.connectionpool - WARNING - Retrying (Retry(total=2, connect=None, read=None, redirect=None, status=None)) after connection broken by 'NameResolutionError("<urllib3.connection.HTTPSConnection object at 0x000001EF43D91D10>: Failed to resolve 'oauth2.googleapis.com' ([Errno 11001] getaddrinfo failed)")': /token
2025-06-03 23:32:43 - ERROR - 2025-06-03 23:32:43,659 - urllib3.connectionpool - WARNING - Retrying (Retry(total=1, connect=None, read=None, redirect=None, status=None)) after connection broken by 'NameResolutionError("<urllib3.connection.HTTPSConnection object at 0x000001EF43D91BD0>: Failed to resolve 'oauth2.googleapis.com' ([Errno 11001] getaddrinfo failed)")': /token
2025-06-03 23:32:43 - ERROR - 2025-06-03 23:32:43,661 - urllib3.connectionpool - WARNING - Retrying (Retry(total=0, connect=None, read=None, redirect=None, status=None)) after connection broken by 'NameResolutionError("<urllib3.connection.HTTPSConnection object at 0x000001EF43D91950>: Failed to resolve 'oauth2.googleapis.com' ([Errno 11001] getaddrinfo failed)")': /token
2025-06-03 23:32:43 - PRINT - Capture weight called
2025-06-03 23:32:43 - PRINT - Checking test mode...
2025-06-03 23:32:43 - PRINT - Could not find main app after 8 attempts
2025-06-03 23:32:43 - PRINT - Creating new SettingsStorage instance
2025-06-03 23:32:43 - PRINT - Reading weighbridge settings from: data\app_settings.json
2025-06-03 23:32:43 - PRINT - Loaded weighbridge settings: {'com_port': '', 'baud_rate': 2400, 'data_bits': 8, 'parity': 'None', 'stop_bits': 1.0, 'test_mode': True}
2025-06-03 23:32:43 - PRINT - Test mode from settings storage: True
2025-06-03 23:32:43 - PRINT - Test mode is enabled - generating random weight
2025-06-03 23:32:43 - PRINT - Generating weight for second weighment
2025-06-03 23:32:43 - PRINT - Second weighment - generated: 11154.429580771302
2025-06-03 23:32:43 - PRINT - Generated random weight: 11150.0 kg
2025-06-03 23:32:43 - PRINT - Processing captured weight: 11150.0
2025-06-03 23:32:43 - PRINT - Checking test mode...
2025-06-03 23:32:43 - PRINT - Could not find main app after 8 attempts
2025-06-03 23:32:43 - PRINT - Creating new SettingsStorage instance
2025-06-03 23:32:43 - PRINT - Reading weighbridge settings from: data\app_settings.json
2025-06-03 23:32:43 - PRINT - Loaded weighbridge settings: {'com_port': '', 'baud_rate': 2400, 'data_bits': 8, 'parity': 'None', 'stop_bits': 1.0, 'test_mode': True}
2025-06-03 23:32:43 - PRINT - Test mode from settings storage: True
2025-06-03 23:32:46 - ERROR - 2025-06-03 23:32:46,970 - TharuniApp - INFO - ==================================================
2025-06-03 23:32:46 - ERROR - 2025-06-03 23:32:46,971 - TharuniApp - INFO - SAVE RECORD OPERATION STARTED WITH SMART TICKET FLOW
2025-06-03 23:32:46 - ERROR - 2025-06-03 23:32:46,972 - FormValidator - INFO - Starting comprehensive form validation
2025-06-03 23:32:46 - ERROR - 2025-06-03 23:32:46,973 - FormValidator - INFO - Validating basic fields
2025-06-03 23:32:46 - ERROR - 2025-06-03 23:32:46,974 - FormValidator - INFO - Field values: ticket='T0005', vehicle='AP04AP4444', agency='Coastal'
2025-06-03 23:32:46 - ERROR - 2025-06-03 23:32:46,975 - FormValidator - INFO - Basic validation passed
2025-06-03 23:32:46 - ERROR - 2025-06-03 23:32:46,976 - FormValidator - INFO - Validating weighment data
2025-06-03 23:32:46 - ERROR - 2025-06-03 23:32:46,977 - FormValidator - INFO - Weighment data: first_weight='28940.00', first_timestamp='03-06-2025 23:31:54', second_weight='11150.00', second_timestamp='03-06-2025 23:32:43'
2025-06-03 23:32:46 - ERROR - 2025-06-03 23:32:46,979 - FormValidator - INFO - Weighment validation passed
2025-06-03 23:32:46 - ERROR - 2025-06-03 23:32:46,980 - FormValidator - INFO - Validating images for second weighment
2025-06-03 23:32:46 - ERROR - 2025-06-03 23:32:46,981 - FormValidator - INFO - Images validation for second: front=False, back=False
2025-06-03 23:32:48 - ERROR - 2025-06-03 23:32:48,182 - FormValidator - INFO - User chose to continue without images
2025-06-03 23:32:48 - ERROR - 2025-06-03 23:32:48,183 - FormValidator - INFO - Form validation passed successfully
2025-06-03 23:32:48 - PRINT - Get all image filenames returning: {'first_front_image': '', 'first_back_image': '', 'second_front_image': '', 'second_back_image': ''}
2025-06-03 23:32:48 - PRINT - DEBUG - User name var: 'admin'
2025-06-03 23:32:48 - PRINT - DEBUG - Site incharge var: 'Vishnu'
2025-06-03 23:32:48 - PRINT - DEBUG - Net weight var: '17790.00'
2025-06-03 23:32:48 - PRINT - DEBUG - Final data user_name: 'admin'
2025-06-03 23:32:48 - PRINT - DEBUG - Final data site_incharge: 'Vishnu'
2025-06-03 23:32:48 - PRINT - DEBUG - Final data net_weight: '17790.00'
2025-06-03 23:32:48 - PRINT - 🎫 TICKET FLOW DEBUG: Starting save for ticket: T0005
2025-06-03 23:32:48 - ERROR - 2025-06-03 23:32:48,196 - TharuniApp - INFO - Saving record for ticket: T0005
2025-06-03 23:32:48 - ERROR - 2025-06-03 23:32:48,197 - DataManager - INFO - Successfully loaded 9 records from data\Coastal_Eluru_data.csv
2025-06-03 23:32:48 - ERROR - 2025-06-03 23:32:48,198 - DataManager - INFO - Filtered 9 records to 1 using filter: 't0005'
2025-06-03 23:32:48 - PRINT - 🎫 TICKET FLOW DEBUG: This is an UPDATE to existing ticket: T0005
2025-06-03 23:32:48 - ERROR - 2025-06-03 23:32:48,200 - TharuniApp - INFO - Updating existing record: T0005
2025-06-03 23:32:48 - ERROR - 2025-06-03 23:32:48,201 - TharuniApp - INFO - Calling data_manager.save_record for T0005
2025-06-03 23:32:48 - ERROR - 2025-06-03 23:32:48,202 - DataManager - INFO - ==================================================
2025-06-03 23:32:48 - ERROR - 2025-06-03 23:32:48,203 - DataManager - INFO - STARTING OFFLINE-FIRST RECORD SAVE
2025-06-03 23:32:48 - ERROR - 2025-06-03 23:32:48,205 - DataManager - INFO - Input data keys: ['date', 'time', 'site_name', 'agency_name', 'material', 'ticket_no', 'vehicle_no', 'transfer_party_name', 'first_weight', 'first_timestamp', 'second_weight', 'second_timestamp', 'net_weight', 'material_type', 'first_front_image', 'first_back_image', 'second_front_image', 'second_back_image', 'site_incharge', 'user_name']
2025-06-03 23:32:48 - ERROR - 2025-06-03 23:32:48,207 - DataManager - INFO - Net weight calculated: 28940.0 - 11150.0 = 17790.00
2025-06-03 23:32:48 - ERROR - 2025-06-03 23:32:48,208 - DataManager - INFO - Using data file: data\Coastal_Eluru_data.csv
2025-06-03 23:32:48 - ERROR - 2025-06-03 23:32:48,209 - DataManager - INFO - Successfully loaded 9 records from data\Coastal_Eluru_data.csv
2025-06-03 23:32:48 - ERROR - 2025-06-03 23:32:48,210 - DataManager - INFO - Filtered 9 records to 1 using filter: 't0005'
2025-06-03 23:32:48 - ERROR - 2025-06-03 23:32:48,211 - DataManager - INFO - Updating existing record: T0005
2025-06-03 23:32:48 - ERROR - 2025-06-03 23:32:48,212 - DataManager - INFO - Updating record T0005 in data\Coastal_Eluru_data.csv
2025-06-03 23:32:48 - ERROR - 2025-06-03 23:32:48,213 - DataManager - INFO - Read 9 records from CSV
2025-06-03 23:32:48 - ERROR - 2025-06-03 23:32:48,214 - DataManager - INFO - Found record to update at index 7
2025-06-03 23:32:48 - ERROR - 2025-06-03 23:32:48,215 - DataManager - INFO - Updated record data: ['03-06-2025', '23:32:48', 'Eluru', 'Coastal', 'Inert', 'T0005', 'AP04AP4444', 'Coromandel', '28940.00', '03-06-2025 23:31:54', '11150.00', '03-06-2025 23:32:43', '17790.00', 'Inert', '', '', '', '', 'Vishnu', 'admin']
2025-06-03 23:32:48 - ERROR - 2025-06-03 23:32:48,218 - DataManager - INFO - ✅ Record T0005 updated in data\Coastal_Eluru_data.csv
2025-06-03 23:32:48 - ERROR - 2025-06-03 23:32:48,219 - DataManager - INFO - ✅ Record T0005 saved to local CSV successfully
2025-06-03 23:32:48 - ERROR - 2025-06-03 23:32:48,222 - DataManager - INFO - Weighment analysis:
2025-06-03 23:32:48 - ERROR - 2025-06-03 23:32:48,223 - DataManager - INFO -   - Has first weighment: True
2025-06-03 23:32:48 - ERROR - 2025-06-03 23:32:48,225 - DataManager - INFO -   - Has second weighment: True
2025-06-03 23:32:48 - ERROR - 2025-06-03 23:32:48,226 - DataManager - INFO -   - Is first weighment save: False
2025-06-03 23:32:48 - ERROR - 2025-06-03 23:32:48,228 - DataManager - INFO -   - Is complete record: True
2025-06-03 23:32:48 - ERROR - 2025-06-03 23:32:48,229 - DataManager - INFO -   - Is update: True
2025-06-03 23:32:48 - ERROR - 2025-06-03 23:32:48,230 - DataManager - INFO - Complete record detected - saving JSON backup locally...
2025-06-03 23:32:48 - ERROR - 2025-06-03 23:32:48,245 - DataManager - INFO - ✅ JSON backup saved: data\json_backups\2025-06-03\T0005_Coastal_Eluru_233248.json
2025-06-03 23:32:48 - ERROR - 2025-06-03 23:32:48,247 - DataManager - INFO - ✅ JSON backup saved locally for T0005
2025-06-03 23:32:48 - ERROR - 2025-06-03 23:32:48,248 - DataManager - INFO - Complete record detected for ticket T0005 - generating PDF locally...
2025-06-03 23:32:48 - ERROR - 2025-06-03 23:32:48,249 - DataManager - INFO - Today's reports folder ensured: data\reports\2025-06-03
2025-06-03 23:32:48 - ERROR - 2025-06-03 23:32:48,250 - DataManager - INFO - Reports will be saved to: data\reports\2025-06-03
2025-06-03 23:32:48 - ERROR - 2025-06-03 23:32:48,251 - DataManager - INFO - Today's reports folder ensured: data\reports\2025-06-03
2025-06-03 23:32:48 - ERROR - 2025-06-03 23:32:48,255 - DataManager - INFO - SIMPLE TEST - Net display: '17790.00 kg'
2025-06-03 23:32:48 - ERROR - 2025-06-03 23:32:48,257 - DataManager - INFO - Building PDF document: data\reports\2025-06-03\Coastal_Eluru_T0005_AP04AP4444_233248.pdf
2025-06-03 23:32:48 - ERROR - 2025-06-03 23:32:48,266 - DataManager - INFO - PDF created successfully: data\reports\2025-06-03\Coastal_Eluru_T0005_AP04AP4444_233248.pdf (2773 bytes)
2025-06-03 23:32:48 - ERROR - 2025-06-03 23:32:48,267 - DataManager - INFO - Auto-generated PDF: data\reports\2025-06-03\Coastal_Eluru_T0005_AP04AP4444_233248.pdf
2025-06-03 23:32:48 - ERROR - 2025-06-03 23:32:48,268 - DataManager - INFO - PDF saved to today's reports folder: data\reports\2025-06-03
2025-06-03 23:32:48 - ERROR - 2025-06-03 23:32:48,270 - DataManager - INFO - ✅ PDF auto-generated locally: data\reports\2025-06-03\Coastal_Eluru_T0005_AP04AP4444_233248.pdf
2025-06-03 23:32:48 - ERROR - 2025-06-03 23:32:48,271 - DataManager - INFO - ✅ OFFLINE-FIRST SAVE COMPLETED - Local CSV, JSON backup, and PDF generated
2025-06-03 23:32:48 - ERROR - 2025-06-03 23:32:48,273 - DataManager - INFO - 📂 PDF saved to today's reports folder: data\reports\2025-06-03
2025-06-03 23:32:48 - ERROR - 2025-06-03 23:32:48,275 - DataManager - INFO - 💡 Cloud backup available via Settings > Cloud Storage > Backup
2025-06-03 23:32:48 - ERROR - 2025-06-03 23:32:48,276 - DataManager - INFO - ==================================================
2025-06-03 23:32:48 - ERROR - 2025-06-03 23:32:48,277 - TharuniApp - INFO - ✅ Record T0005 saved successfully
2025-06-03 23:32:48 - PRINT - 📥 Queued record: T0005 (Queue size: 3)
2025-06-03 23:32:48 - PRINT - 📥 Added complete record to queue: T0005
2025-06-03 23:32:48 - PRINT - 🎫 TICKET FLOW DEBUG: Save result analysis:
2025-06-03 23:32:48 - PRINT -    - is_complete_record: True
2025-06-03 23:32:48 - PRINT -    - is_first_weighment_save: False
2025-06-03 23:32:48 - PRINT -    - is_update: True
2025-06-03 23:32:48 - PRINT - 🎫 TICKET FLOW DEBUG: Completing existing record - will NOT increment counter
2025-06-03 23:32:48 - PRINT - 🎫 TICKET FLOW DEBUG: NOT incrementing counter - ticket T0005 was already consumed
2025-06-03 23:32:48 - PRINT - 🎫 TICKET FLOW DEBUG: Second weighment completed for existing ticket T0005
2025-06-03 23:32:48 - ERROR - 2025-06-03 23:32:48,288 - TharuniApp - INFO - Removing T0005 from pending vehicles list
2025-06-03 23:32:48 - PRINT - 🚛 PENDING DEBUG: Attempting to remove ticket T0005 from pending list
2025-06-03 23:32:48 - ERROR - 2025-06-03 23:32:48,291 - PendingVehiclesPanel - INFO - Attempting to remove ticket T0005 from pending list
2025-06-03 23:32:48 - PRINT - 🚛 PENDING DEBUG: ✅ Removed ticket T0005 from pending list
2025-06-03 23:32:48 - ERROR - 2025-06-03 23:32:48,294 - PendingVehiclesPanel - INFO - Removed ticket T0005 from pending list
2025-06-03 23:32:48 - PRINT - 🎫 FORM DEBUG: Preparing for new ticket after completion
2025-06-03 23:32:48 - PRINT - Resetting all image paths
2025-06-03 23:32:48 - PRINT - Image status update: 1st=0/2, 2nd=0/2
2025-06-03 23:32:48 - PRINT - 🎫 FORM DEBUG: Reserving next ticket number...
2025-06-03 23:32:48 - PRINT - 🎫 CONFIG DEBUG: Reserving next ticket number...
2025-06-03 23:32:48 - PRINT - 🎫 CONFIG DEBUG: Current ticket counter value: 7
2025-06-03 23:32:48 - PRINT - 🎫 CONFIG DEBUG: Reserved ticket number: T0007
2025-06-03 23:32:48 - PRINT - 🎫 FORM DEBUG: Reserved ticket number: T0007
2025-06-03 23:32:48 - PRINT - 🎫 FORM DEBUG: New ticket number reserved after completion: T0007
2025-06-03 23:32:48 - PRINT - 🎫 FORM DEBUG: Form prepared for new ticket after completion - ticket: T0007
2025-06-03 23:32:48 - PRINT - 🎫 TICKET FLOW DEBUG: Generated next ticket number after completing T0005: T0007
2025-06-03 23:32:49 - ERROR - 2025-06-03 23:32:49,609 - DataManager - INFO - Successfully loaded 9 records from data\Coastal_Eluru_data.csv
2025-06-03 23:32:49 - ERROR - 2025-06-03 23:32:49,610 - DataManager - INFO - Returning all 9 records (no filter)
2025-06-03 23:32:49 - PRINT - 🚛 PENDING DEBUG: Refreshing pending vehicles list...
2025-06-03 23:32:49 - ERROR - 2025-06-03 23:32:49,613 - PendingVehiclesPanel - INFO - Refreshing pending vehicles list
2025-06-03 23:32:49 - ERROR - 2025-06-03 23:32:49,614 - DataManager - INFO - Successfully loaded 9 records from data\Coastal_Eluru_data.csv
2025-06-03 23:32:49 - PRINT - 🚛 PENDING DEBUG: Retrieved 9 total records
2025-06-03 23:32:49 - ERROR - 2025-06-03 23:32:49,616 - PendingVehiclesPanel - INFO - Retrieved 9 total records
2025-06-03 23:32:49 - PRINT - 🚛 PENDING DEBUG: Checking ticket T0031:
2025-06-03 23:32:49 - PRINT -    - first_weight: '32340.00' (has: True)
2025-06-03 23:32:49 - PRINT -    - first_timestamp: '03-06-2025 18:16:07' (has: True)
2025-06-03 23:32:49 - PRINT -    - second_weight: '14630.00' (has: True)
2025-06-03 23:32:49 - PRINT -    - second_timestamp: '03-06-2025 18:16:12' (has: True)
2025-06-03 23:32:49 - PRINT -    - has_first: True, missing_second: False
2025-06-03 23:32:49 - PRINT - 🚛 PENDING DEBUG: ⏭️  Skipped ticket T0031 - not pending
2025-06-03 23:32:49 - PRINT - 🚛 PENDING DEBUG: Checking ticket T0032:
2025-06-03 23:32:49 - PRINT -    - first_weight: '41900.00' (has: True)
2025-06-03 23:32:49 - PRINT -    - first_timestamp: '03-06-2025 18:40:02' (has: True)
2025-06-03 23:32:49 - PRINT -    - second_weight: '10350.00' (has: True)
2025-06-03 23:32:49 - PRINT -    - second_timestamp: '03-06-2025 18:40:19' (has: True)
2025-06-03 23:32:49 - PRINT -    - has_first: True, missing_second: False
2025-06-03 23:32:49 - PRINT - 🚛 PENDING DEBUG: ⏭️  Skipped ticket T0032 - not pending
2025-06-03 23:32:49 - PRINT - 🚛 PENDING DEBUG: Checking ticket T0033:
2025-06-03 23:32:49 - PRINT -    - first_weight: '21440.00' (has: True)
2025-06-03 23:32:49 - PRINT -    - first_timestamp: '03-06-2025 20:08:54' (has: True)
2025-06-03 23:32:49 - PRINT -    - second_weight: '8650.00' (has: True)
2025-06-03 23:32:49 - PRINT -    - second_timestamp: '03-06-2025 20:09:13' (has: True)
2025-06-03 23:32:49 - PRINT -    - has_first: True, missing_second: False
2025-06-03 23:32:49 - PRINT - 🚛 PENDING DEBUG: ⏭️  Skipped ticket T0033 - not pending
2025-06-03 23:32:49 - PRINT - 🚛 PENDING DEBUG: Checking ticket T0001:
2025-06-03 23:32:49 - PRINT -    - first_weight: '18310.00' (has: True)
2025-06-03 23:32:49 - PRINT -    - first_timestamp: '03-06-2025 20:11:03' (has: True)
2025-06-03 23:32:49 - PRINT -    - second_weight: '6050.00' (has: True)
2025-06-03 23:32:49 - PRINT -    - second_timestamp: '03-06-2025 20:12:07' (has: True)
2025-06-03 23:32:49 - PRINT -    - has_first: True, missing_second: False
2025-06-03 23:32:49 - PRINT - 🚛 PENDING DEBUG: ⏭️  Skipped ticket T0001 - not pending
2025-06-03 23:32:49 - PRINT - 🚛 PENDING DEBUG: Checking ticket T0002:
2025-06-03 23:32:49 - PRINT -    - first_weight: '15970.00' (has: True)
2025-06-03 23:32:49 - PRINT -    - first_timestamp: '03-06-2025 20:11:22' (has: True)
2025-06-03 23:32:49 - PRINT -    - second_weight: '5320.00' (has: True)
2025-06-03 23:32:49 - PRINT -    - second_timestamp: '03-06-2025 20:12:18' (has: True)
2025-06-03 23:32:49 - PRINT -    - has_first: True, missing_second: False
2025-06-03 23:32:49 - PRINT - 🚛 PENDING DEBUG: ⏭️  Skipped ticket T0002 - not pending
2025-06-03 23:32:49 - PRINT - 🚛 PENDING DEBUG: Checking ticket T0003:
2025-06-03 23:32:49 - PRINT -    - first_weight: '29910.00' (has: True)
2025-06-03 23:32:49 - PRINT -    - first_timestamp: '03-06-2025 20:11:44' (has: True)
2025-06-03 23:32:49 - PRINT -    - second_weight: '12080.00' (has: True)
2025-06-03 23:32:49 - PRINT -    - second_timestamp: '03-06-2025 20:11:54' (has: True)
2025-06-03 23:32:49 - PRINT -    - has_first: True, missing_second: False
2025-06-03 23:32:49 - PRINT - 🚛 PENDING DEBUG: ⏭️  Skipped ticket T0003 - not pending
2025-06-03 23:32:49 - PRINT - 🚛 PENDING DEBUG: Checking ticket T0004:
2025-06-03 23:32:49 - PRINT -    - first_weight: '16410.00' (has: True)
2025-06-03 23:32:49 - PRINT -    - first_timestamp: '03-06-2025 23:31:40' (has: True)
2025-06-03 23:32:49 - PRINT -    - second_weight: '12100.00' (has: True)
2025-06-03 23:32:49 - PRINT -    - second_timestamp: '03-06-2025 23:32:31' (has: True)
2025-06-03 23:32:49 - PRINT -    - has_first: True, missing_second: False
2025-06-03 23:32:49 - PRINT - 🚛 PENDING DEBUG: ⏭️  Skipped ticket T0004 - not pending
2025-06-03 23:32:49 - PRINT - 🚛 PENDING DEBUG: Checking ticket T0005:
2025-06-03 23:32:49 - PRINT -    - first_weight: '28940.00' (has: True)
2025-06-03 23:32:49 - PRINT -    - first_timestamp: '03-06-2025 23:31:54' (has: True)
2025-06-03 23:32:49 - PRINT -    - second_weight: '11150.00' (has: True)
2025-06-03 23:32:49 - PRINT -    - second_timestamp: '03-06-2025 23:32:43' (has: True)
2025-06-03 23:32:49 - PRINT -    - has_first: True, missing_second: False
2025-06-03 23:32:49 - PRINT - 🚛 PENDING DEBUG: ⏭️  Skipped ticket T0005 - not pending
2025-06-03 23:32:49 - PRINT - 🚛 PENDING DEBUG: Checking ticket T0006:
2025-06-03 23:32:49 - PRINT -    - first_weight: '18740.00' (has: True)
2025-06-03 23:32:49 - PRINT -    - first_timestamp: '03-06-2025 23:32:13' (has: True)
2025-06-03 23:32:49 - PRINT -    - second_weight: '8380.00' (has: True)
2025-06-03 23:32:49 - PRINT -    - second_timestamp: '03-06-2025 23:32:18' (has: True)
2025-06-03 23:32:49 - PRINT -    - has_first: True, missing_second: False
2025-06-03 23:32:49 - PRINT - 🚛 PENDING DEBUG: ⏭️  Skipped ticket T0006 - not pending
2025-06-03 23:32:49 - PRINT - 🚛 PENDING DEBUG: Found 0 pending records
2025-06-03 23:32:49 - ERROR - 2025-06-03 23:32:49,684 - PendingVehiclesPanel - INFO - Found 0 pending records
2025-06-03 23:32:49 - PRINT - 🚛 PENDING DEBUG: ✅ Successfully refreshed pending list with 0 items
2025-06-03 23:32:49 - ERROR - 2025-06-03 23:32:49,686 - PendingVehiclesPanel - INFO - Successfully refreshed pending list with 0 items
2025-06-03 23:32:49 - PRINT - 🎫 TICKET FLOW DEBUG: Save operation completed successfully
2025-06-03 23:32:49 - ERROR - 2025-06-03 23:32:49,689 - TharuniApp - INFO - SAVE RECORD OPERATION COMPLETED SUCCESSFULLY WITH SMART TICKET FLOW
2025-06-03 23:32:49 - PRINT - 🎫 TICKET FLOW DEBUG: ==================================================
2025-06-03 23:32:49 - ERROR - 2025-06-03 23:32:49,692 - TharuniApp - INFO - ==================================================
2025-06-03 23:32:56 - ERROR - 2025-06-03 23:32:56,334 - urllib3.connectionpool - WARNING - Retrying (Retry(total=2, connect=None, read=None, redirect=None, status=None)) after connection broken by 'NameResolutionError("<urllib3.connection.HTTPSConnection object at 0x000001EF43D93B10>: Failed to resolve 'oauth2.googleapis.com' ([Errno 11001] getaddrinfo failed)")': /token
2025-06-03 23:32:56 - ERROR - 2025-06-03 23:32:56,336 - urllib3.connectionpool - WARNING - Retrying (Retry(total=1, connect=None, read=None, redirect=None, status=None)) after connection broken by 'NameResolutionError("<urllib3.connection.HTTPSConnection object at 0x000001EF43D939D0>: Failed to resolve 'oauth2.googleapis.com' ([Errno 11001] getaddrinfo failed)")': /token
2025-06-03 23:32:56 - ERROR - 2025-06-03 23:32:56,337 - urllib3.connectionpool - WARNING - Retrying (Retry(total=0, connect=None, read=None, redirect=None, status=None)) after connection broken by 'NameResolutionError("<urllib3.connection.HTTPSConnection object at 0x000001EF43D93750>: Failed to resolve 'oauth2.googleapis.com' ([Errno 11001] getaddrinfo failed)")': /token
2025-06-03 23:33:30 - PRINT - 🚛 PENDING DEBUG: Refreshing pending vehicles list...
2025-06-03 23:33:30 - ERROR - 2025-06-03 23:33:30,955 - PendingVehiclesPanel - INFO - Refreshing pending vehicles list
2025-06-03 23:33:30 - ERROR - 2025-06-03 23:33:30,959 - DataManager - INFO - Successfully loaded 9 records from data\Coastal_Eluru_data.csv
2025-06-03 23:33:30 - PRINT - 🚛 PENDING DEBUG: Retrieved 9 total records
2025-06-03 23:33:30 - ERROR - 2025-06-03 23:33:30,961 - PendingVehiclesPanel - INFO - Retrieved 9 total records
2025-06-03 23:33:30 - PRINT - 🚛 PENDING DEBUG: Checking ticket T0031:
2025-06-03 23:33:30 - PRINT -    - first_weight: '32340.00' (has: True)
2025-06-03 23:33:30 - PRINT -    - first_timestamp: '03-06-2025 18:16:07' (has: True)
2025-06-03 23:33:30 - PRINT -    - second_weight: '14630.00' (has: True)
2025-06-03 23:33:30 - PRINT -    - second_timestamp: '03-06-2025 18:16:12' (has: True)
2025-06-03 23:33:30 - PRINT -    - has_first: True, missing_second: False
2025-06-03 23:33:30 - PRINT - 🚛 PENDING DEBUG: ⏭️  Skipped ticket T0031 - not pending
2025-06-03 23:33:30 - PRINT - 🚛 PENDING DEBUG: Checking ticket T0032:
2025-06-03 23:33:30 - PRINT -    - first_weight: '41900.00' (has: True)
2025-06-03 23:33:30 - PRINT -    - first_timestamp: '03-06-2025 18:40:02' (has: True)
2025-06-03 23:33:30 - PRINT -    - second_weight: '10350.00' (has: True)
2025-06-03 23:33:30 - PRINT -    - second_timestamp: '03-06-2025 18:40:19' (has: True)
2025-06-03 23:33:30 - PRINT -    - has_first: True, missing_second: False
2025-06-03 23:33:30 - PRINT - 🚛 PENDING DEBUG: ⏭️  Skipped ticket T0032 - not pending
2025-06-03 23:33:30 - PRINT - 🚛 PENDING DEBUG: Checking ticket T0033:
2025-06-03 23:33:30 - PRINT -    - first_weight: '21440.00' (has: True)
2025-06-03 23:33:30 - PRINT -    - first_timestamp: '03-06-2025 20:08:54' (has: True)
2025-06-03 23:33:30 - PRINT -    - second_weight: '8650.00' (has: True)
2025-06-03 23:33:30 - PRINT -    - second_timestamp: '03-06-2025 20:09:13' (has: True)
2025-06-03 23:33:30 - PRINT -    - has_first: True, missing_second: False
2025-06-03 23:33:30 - PRINT - 🚛 PENDING DEBUG: ⏭️  Skipped ticket T0033 - not pending
2025-06-03 23:33:30 - PRINT - 🚛 PENDING DEBUG: Checking ticket T0001:
2025-06-03 23:33:30 - PRINT -    - first_weight: '18310.00' (has: True)
2025-06-03 23:33:30 - PRINT -    - first_timestamp: '03-06-2025 20:11:03' (has: True)
2025-06-03 23:33:30 - PRINT -    - second_weight: '6050.00' (has: True)
2025-06-03 23:33:30 - PRINT -    - second_timestamp: '03-06-2025 20:12:07' (has: True)
2025-06-03 23:33:30 - PRINT -    - has_first: True, missing_second: False
2025-06-03 23:33:30 - PRINT - 🚛 PENDING DEBUG: ⏭️  Skipped ticket T0001 - not pending
2025-06-03 23:33:30 - PRINT - 🚛 PENDING DEBUG: Checking ticket T0002:
2025-06-03 23:33:30 - PRINT -    - first_weight: '15970.00' (has: True)
2025-06-03 23:33:30 - PRINT -    - first_timestamp: '03-06-2025 20:11:22' (has: True)
2025-06-03 23:33:30 - PRINT -    - second_weight: '5320.00' (has: True)
2025-06-03 23:33:30 - PRINT -    - second_timestamp: '03-06-2025 20:12:18' (has: True)
2025-06-03 23:33:30 - PRINT -    - has_first: True, missing_second: False
2025-06-03 23:33:30 - PRINT - 🚛 PENDING DEBUG: ⏭️  Skipped ticket T0002 - not pending
2025-06-03 23:33:30 - PRINT - 🚛 PENDING DEBUG: Checking ticket T0003:
2025-06-03 23:33:30 - PRINT -    - first_weight: '29910.00' (has: True)
2025-06-03 23:33:30 - PRINT -    - first_timestamp: '03-06-2025 20:11:44' (has: True)
2025-06-03 23:33:30 - PRINT -    - second_weight: '12080.00' (has: True)
2025-06-03 23:33:30 - PRINT -    - second_timestamp: '03-06-2025 20:11:54' (has: True)
2025-06-03 23:33:31 - PRINT -    - has_first: True, missing_second: False
2025-06-03 23:33:31 - PRINT - 🚛 PENDING DEBUG: ⏭️  Skipped ticket T0003 - not pending
2025-06-03 23:33:31 - PRINT - 🚛 PENDING DEBUG: Checking ticket T0004:
2025-06-03 23:33:31 - PRINT -    - first_weight: '16410.00' (has: True)
2025-06-03 23:33:31 - PRINT -    - first_timestamp: '03-06-2025 23:31:40' (has: True)
2025-06-03 23:33:31 - PRINT -    - second_weight: '12100.00' (has: True)
2025-06-03 23:33:31 - PRINT -    - second_timestamp: '03-06-2025 23:32:31' (has: True)
2025-06-03 23:33:31 - PRINT -    - has_first: True, missing_second: False
2025-06-03 23:33:31 - PRINT - 🚛 PENDING DEBUG: ⏭️  Skipped ticket T0004 - not pending
2025-06-03 23:33:31 - PRINT - 🚛 PENDING DEBUG: Checking ticket T0005:
2025-06-03 23:33:31 - PRINT -    - first_weight: '28940.00' (has: True)
2025-06-03 23:33:31 - PRINT -    - first_timestamp: '03-06-2025 23:31:54' (has: True)
2025-06-03 23:33:31 - PRINT -    - second_weight: '11150.00' (has: True)
2025-06-03 23:33:31 - PRINT -    - second_timestamp: '03-06-2025 23:32:43' (has: True)
2025-06-03 23:33:31 - PRINT -    - has_first: True, missing_second: False
2025-06-03 23:33:31 - PRINT - 🚛 PENDING DEBUG: ⏭️  Skipped ticket T0005 - not pending
2025-06-03 23:33:31 - PRINT - 🚛 PENDING DEBUG: Checking ticket T0006:
2025-06-03 23:33:31 - PRINT -    - first_weight: '18740.00' (has: True)
2025-06-03 23:33:31 - PRINT -    - first_timestamp: '03-06-2025 23:32:13' (has: True)
2025-06-03 23:33:31 - PRINT -    - second_weight: '8380.00' (has: True)
2025-06-03 23:33:31 - PRINT -    - second_timestamp: '03-06-2025 23:32:18' (has: True)
2025-06-03 23:33:31 - PRINT -    - has_first: True, missing_second: False
2025-06-03 23:33:31 - PRINT - 🚛 PENDING DEBUG: ⏭️  Skipped ticket T0006 - not pending
2025-06-03 23:33:31 - PRINT - 🚛 PENDING DEBUG: Found 0 pending records
2025-06-03 23:33:31 - ERROR - 2025-06-03 23:33:31,021 - PendingVehiclesPanel - INFO - Found 0 pending records
2025-06-03 23:33:31 - PRINT - 🚛 PENDING DEBUG: ✅ Successfully refreshed pending list with 0 items
2025-06-03 23:33:31 - ERROR - 2025-06-03 23:33:31,022 - PendingVehiclesPanel - INFO - Successfully refreshed pending list with 0 items
2025-06-03 23:33:31 - ERROR - 2025-06-03 23:33:31,024 - DataManager - INFO - Created new daily folder: data\reports\03-06
2025-06-03 23:33:31 - PRINT - 🔄 Connectivity changed: 🌐 ONLINE
2025-06-03 23:33:31 - PRINT - 🔄 Connectivity status changed: 🌐 Online
2025-06-03 23:33:31 - PRINT - 🌐 Internet connection detected - starting FAST sync
2025-06-03 23:33:32 - PRINT - ⏳ Sync already in progress, skipping
2025-06-03 23:33:32 - PRINT - ℹ️ Fast sync not started (already running or queue empty)
2025-06-03 23:33:40 - PRINT - ✅ Successfully connected to GCS bucket: advitia-weighbridge-data
2025-06-03 23:33:40 - ERROR - 2025-06-03 23:33:40,064 - DataManager - INFO - Cloud storage initialized on demand
2025-06-03 23:33:40 - PRINT - ✅ Saved JSON record as Coastal/Eluru/2025-06-03/json_backups/Coastal/Eluru/T0006/20250603_233340.json
2025-06-03 23:33:40 - ERROR - 2025-06-03 23:33:40,451 - DataManager - INFO - Record T0006 successfully saved to cloud at Coastal/Eluru/T0006/20250603_233340.json
2025-06-03 23:33:40 - ERROR - 2025-06-03 23:33:40,452 - DataManager - INFO - No images found to upload for ticket T0006
2025-06-03 23:33:40 - PRINT - ✅ 1/1: T0006 (0/0 images)
2025-06-03 23:33:40 - PRINT - 🗑️ Batch removing 1 successful items from queue...
2025-06-03 23:33:40 - PRINT - 🗑️ Batch removed 1 items from queue (Queue size: 2)
2025-06-03 23:33:40 - PRINT - ⚡ FAST SYNC COMPLETED in 78.70s:
2025-06-03 23:33:40 - PRINT -    ✅ Synced: 1 records
2025-06-03 23:33:40 - PRINT -    🖼️ Images: 0
2025-06-03 23:33:40 - PRINT -    ❌ Failed: 0
2025-06-03 23:33:40 - PRINT -    📋 Remaining: 2
2025-06-03 23:33:40 - PRINT -    📊 Speed: 0.0 records/sec
2025-06-03 23:33:40 - PRINT - 🎉 Successfully synced 1 records to cloud in 78.70s!
2025-06-03 23:33:40 - PRINT - ⚠️ 2 items remain in queue (will retry on next connectivity)
2025-06-03 23:33:40 - PRINT - 🏁 Fast sync process completed
2025-06-03 23:34:31 - PRINT - 🚛 PENDING DEBUG: Refreshing pending vehicles list...
2025-06-03 23:34:31 - ERROR - 2025-06-03 23:34:31,030 - PendingVehiclesPanel - INFO - Refreshing pending vehicles list
2025-06-03 23:34:31 - ERROR - 2025-06-03 23:34:31,036 - DataManager - INFO - Successfully loaded 9 records from data\Coastal_Eluru_data.csv
2025-06-03 23:34:31 - PRINT - 🚛 PENDING DEBUG: Retrieved 9 total records
2025-06-03 23:34:31 - ERROR - 2025-06-03 23:34:31,044 - PendingVehiclesPanel - INFO - Retrieved 9 total records
2025-06-03 23:34:31 - PRINT - 🚛 PENDING DEBUG: Checking ticket T0031:
2025-06-03 23:34:31 - PRINT -    - first_weight: '32340.00' (has: True)
2025-06-03 23:34:31 - PRINT -    - first_timestamp: '03-06-2025 18:16:07' (has: True)
2025-06-03 23:34:31 - PRINT -    - second_weight: '14630.00' (has: True)
2025-06-03 23:34:31 - PRINT -    - second_timestamp: '03-06-2025 18:16:12' (has: True)
2025-06-03 23:34:31 - PRINT -    - has_first: True, missing_second: False
2025-06-03 23:34:31 - PRINT - 🚛 PENDING DEBUG: ⏭️  Skipped ticket T0031 - not pending
2025-06-03 23:34:31 - PRINT - 🚛 PENDING DEBUG: Checking ticket T0032:
2025-06-03 23:34:31 - PRINT -    - first_weight: '41900.00' (has: True)
2025-06-03 23:34:31 - PRINT -    - first_timestamp: '03-06-2025 18:40:02' (has: True)
2025-06-03 23:34:31 - PRINT -    - second_weight: '10350.00' (has: True)
2025-06-03 23:34:31 - PRINT -    - second_timestamp: '03-06-2025 18:40:19' (has: True)
2025-06-03 23:34:31 - PRINT -    - has_first: True, missing_second: False
2025-06-03 23:34:31 - PRINT - 🚛 PENDING DEBUG: ⏭️  Skipped ticket T0032 - not pending
2025-06-03 23:34:31 - PRINT - 🚛 PENDING DEBUG: Checking ticket T0033:
2025-06-03 23:34:31 - PRINT -    - first_weight: '21440.00' (has: True)
2025-06-03 23:34:31 - PRINT -    - first_timestamp: '03-06-2025 20:08:54' (has: True)
2025-06-03 23:34:31 - PRINT -    - second_weight: '8650.00' (has: True)
2025-06-03 23:34:31 - PRINT -    - second_timestamp: '03-06-2025 20:09:13' (has: True)
2025-06-03 23:34:31 - PRINT -    - has_first: True, missing_second: False
2025-06-03 23:34:31 - PRINT - 🚛 PENDING DEBUG: ⏭️  Skipped ticket T0033 - not pending
2025-06-03 23:34:31 - PRINT - 🚛 PENDING DEBUG: Checking ticket T0001:
2025-06-03 23:34:31 - PRINT -    - first_weight: '18310.00' (has: True)
2025-06-03 23:34:31 - PRINT -    - first_timestamp: '03-06-2025 20:11:03' (has: True)
2025-06-03 23:34:31 - PRINT -    - second_weight: '6050.00' (has: True)
2025-06-03 23:34:31 - PRINT -    - second_timestamp: '03-06-2025 20:12:07' (has: True)
2025-06-03 23:34:31 - PRINT -    - has_first: True, missing_second: False
2025-06-03 23:34:31 - PRINT - 🚛 PENDING DEBUG: ⏭️  Skipped ticket T0001 - not pending
2025-06-03 23:34:31 - PRINT - 🚛 PENDING DEBUG: Checking ticket T0002:
2025-06-03 23:34:31 - PRINT -    - first_weight: '15970.00' (has: True)
2025-06-03 23:34:31 - PRINT -    - first_timestamp: '03-06-2025 20:11:22' (has: True)
2025-06-03 23:34:31 - PRINT -    - second_weight: '5320.00' (has: True)
2025-06-03 23:34:31 - PRINT -    - second_timestamp: '03-06-2025 20:12:18' (has: True)
2025-06-03 23:34:31 - PRINT -    - has_first: True, missing_second: False
2025-06-03 23:34:31 - PRINT - 🚛 PENDING DEBUG: ⏭️  Skipped ticket T0002 - not pending
2025-06-03 23:34:31 - PRINT - 🚛 PENDING DEBUG: Checking ticket T0003:
2025-06-03 23:34:31 - PRINT -    - first_weight: '29910.00' (has: True)
2025-06-03 23:34:31 - PRINT -    - first_timestamp: '03-06-2025 20:11:44' (has: True)
2025-06-03 23:34:31 - PRINT -    - second_weight: '12080.00' (has: True)
2025-06-03 23:34:31 - PRINT -    - second_timestamp: '03-06-2025 20:11:54' (has: True)
2025-06-03 23:34:31 - PRINT -    - has_first: True, missing_second: False
2025-06-03 23:34:31 - PRINT - 🚛 PENDING DEBUG: ⏭️  Skipped ticket T0003 - not pending
2025-06-03 23:34:31 - PRINT - 🚛 PENDING DEBUG: Checking ticket T0004:
2025-06-03 23:34:31 - PRINT -    - first_weight: '16410.00' (has: True)
2025-06-03 23:34:31 - PRINT -    - first_timestamp: '03-06-2025 23:31:40' (has: True)
2025-06-03 23:34:31 - PRINT -    - second_weight: '12100.00' (has: True)
2025-06-03 23:34:31 - PRINT -    - second_timestamp: '03-06-2025 23:32:31' (has: True)
2025-06-03 23:34:31 - PRINT -    - has_first: True, missing_second: False
2025-06-03 23:34:31 - PRINT - 🚛 PENDING DEBUG: ⏭️  Skipped ticket T0004 - not pending
2025-06-03 23:34:31 - PRINT - 🚛 PENDING DEBUG: Checking ticket T0005:
2025-06-03 23:34:31 - PRINT -    - first_weight: '28940.00' (has: True)
2025-06-03 23:34:31 - PRINT -    - first_timestamp: '03-06-2025 23:31:54' (has: True)
2025-06-03 23:34:31 - PRINT -    - second_weight: '11150.00' (has: True)
2025-06-03 23:34:31 - PRINT -    - second_timestamp: '03-06-2025 23:32:43' (has: True)
2025-06-03 23:34:31 - PRINT -    - has_first: True, missing_second: False
2025-06-03 23:34:31 - PRINT - 🚛 PENDING DEBUG: ⏭️  Skipped ticket T0005 - not pending
2025-06-03 23:34:31 - PRINT - 🚛 PENDING DEBUG: Checking ticket T0006:
2025-06-03 23:34:31 - PRINT -    - first_weight: '18740.00' (has: True)
2025-06-03 23:34:31 - PRINT -    - first_timestamp: '03-06-2025 23:32:13' (has: True)
2025-06-03 23:34:31 - PRINT -    - second_weight: '8380.00' (has: True)
2025-06-03 23:34:31 - PRINT -    - second_timestamp: '03-06-2025 23:32:18' (has: True)
2025-06-03 23:34:31 - PRINT -    - has_first: True, missing_second: False
2025-06-03 23:34:31 - PRINT - 🚛 PENDING DEBUG: ⏭️  Skipped ticket T0006 - not pending
2025-06-03 23:34:31 - PRINT - 🚛 PENDING DEBUG: Found 0 pending records
2025-06-03 23:34:31 - ERROR - 2025-06-03 23:34:31,160 - PendingVehiclesPanel - INFO - Found 0 pending records
2025-06-03 23:34:31 - PRINT - 🚛 PENDING DEBUG: ✅ Successfully refreshed pending list with 0 items
2025-06-03 23:34:31 - ERROR - 2025-06-03 23:34:31,162 - PendingVehiclesPanel - INFO - Successfully refreshed pending list with 0 items
2025-06-03 23:35:31 - PRINT - 🚛 PENDING DEBUG: Refreshing pending vehicles list...
2025-06-03 23:35:31 - ERROR - 2025-06-03 23:35:31,175 - PendingVehiclesPanel - INFO - Refreshing pending vehicles list
2025-06-03 23:35:31 - ERROR - 2025-06-03 23:35:31,177 - DataManager - INFO - Successfully loaded 9 records from data\Coastal_Eluru_data.csv
2025-06-03 23:35:31 - PRINT - 🚛 PENDING DEBUG: Retrieved 9 total records
2025-06-03 23:35:31 - ERROR - 2025-06-03 23:35:31,180 - PendingVehiclesPanel - INFO - Retrieved 9 total records
2025-06-03 23:35:31 - PRINT - 🚛 PENDING DEBUG: Checking ticket T0031:
2025-06-03 23:35:31 - PRINT -    - first_weight: '32340.00' (has: True)
2025-06-03 23:35:31 - PRINT -    - first_timestamp: '03-06-2025 18:16:07' (has: True)
2025-06-03 23:35:31 - PRINT -    - second_weight: '14630.00' (has: True)
2025-06-03 23:35:31 - PRINT -    - second_timestamp: '03-06-2025 18:16:12' (has: True)
2025-06-03 23:35:31 - PRINT -    - has_first: True, missing_second: False
2025-06-03 23:35:31 - PRINT - 🚛 PENDING DEBUG: ⏭️  Skipped ticket T0031 - not pending
2025-06-03 23:35:31 - PRINT - 🚛 PENDING DEBUG: Checking ticket T0032:
2025-06-03 23:35:31 - PRINT -    - first_weight: '41900.00' (has: True)
2025-06-03 23:35:31 - PRINT -    - first_timestamp: '03-06-2025 18:40:02' (has: True)
2025-06-03 23:35:31 - PRINT -    - second_weight: '10350.00' (has: True)
2025-06-03 23:35:31 - PRINT -    - second_timestamp: '03-06-2025 18:40:19' (has: True)
2025-06-03 23:35:31 - PRINT -    - has_first: True, missing_second: False
2025-06-03 23:35:31 - PRINT - 🚛 PENDING DEBUG: ⏭️  Skipped ticket T0032 - not pending
2025-06-03 23:35:31 - PRINT - 🚛 PENDING DEBUG: Checking ticket T0033:
2025-06-03 23:35:31 - PRINT -    - first_weight: '21440.00' (has: True)
2025-06-03 23:35:31 - PRINT -    - first_timestamp: '03-06-2025 20:08:54' (has: True)
2025-06-03 23:35:31 - PRINT -    - second_weight: '8650.00' (has: True)
2025-06-03 23:35:31 - PRINT -    - second_timestamp: '03-06-2025 20:09:13' (has: True)
2025-06-03 23:35:31 - PRINT -    - has_first: True, missing_second: False
2025-06-03 23:35:31 - PRINT - 🚛 PENDING DEBUG: ⏭️  Skipped ticket T0033 - not pending
2025-06-03 23:35:31 - PRINT - 🚛 PENDING DEBUG: Checking ticket T0001:
2025-06-03 23:35:31 - PRINT -    - first_weight: '18310.00' (has: True)
2025-06-03 23:35:31 - PRINT -    - first_timestamp: '03-06-2025 20:11:03' (has: True)
2025-06-03 23:35:31 - PRINT -    - second_weight: '6050.00' (has: True)
2025-06-03 23:35:31 - PRINT -    - second_timestamp: '03-06-2025 20:12:07' (has: True)
2025-06-03 23:35:31 - PRINT -    - has_first: True, missing_second: False
2025-06-03 23:35:31 - PRINT - 🚛 PENDING DEBUG: ⏭️  Skipped ticket T0001 - not pending
2025-06-03 23:35:31 - PRINT - 🚛 PENDING DEBUG: Checking ticket T0002:
2025-06-03 23:35:31 - PRINT -    - first_weight: '15970.00' (has: True)
2025-06-03 23:35:31 - PRINT -    - first_timestamp: '03-06-2025 20:11:22' (has: True)
2025-06-03 23:35:31 - PRINT -    - second_weight: '5320.00' (has: True)
2025-06-03 23:35:31 - PRINT -    - second_timestamp: '03-06-2025 20:12:18' (has: True)
2025-06-03 23:35:31 - PRINT -    - has_first: True, missing_second: False
2025-06-03 23:35:31 - PRINT - 🚛 PENDING DEBUG: ⏭️  Skipped ticket T0002 - not pending
2025-06-03 23:35:31 - PRINT - 🚛 PENDING DEBUG: Checking ticket T0003:
2025-06-03 23:35:31 - PRINT -    - first_weight: '29910.00' (has: True)
2025-06-03 23:35:31 - PRINT -    - first_timestamp: '03-06-2025 20:11:44' (has: True)
2025-06-03 23:35:31 - PRINT -    - second_weight: '12080.00' (has: True)
2025-06-03 23:35:31 - PRINT -    - second_timestamp: '03-06-2025 20:11:54' (has: True)
2025-06-03 23:35:31 - PRINT -    - has_first: True, missing_second: False
2025-06-03 23:35:31 - PRINT - 🚛 PENDING DEBUG: ⏭️  Skipped ticket T0003 - not pending
2025-06-03 23:35:31 - PRINT - 🚛 PENDING DEBUG: Checking ticket T0004:
2025-06-03 23:35:31 - PRINT -    - first_weight: '16410.00' (has: True)
2025-06-03 23:35:31 - PRINT -    - first_timestamp: '03-06-2025 23:31:40' (has: True)
2025-06-03 23:35:31 - PRINT -    - second_weight: '12100.00' (has: True)
2025-06-03 23:35:31 - PRINT -    - second_timestamp: '03-06-2025 23:32:31' (has: True)
2025-06-03 23:35:31 - PRINT -    - has_first: True, missing_second: False
2025-06-03 23:35:31 - PRINT - 🚛 PENDING DEBUG: ⏭️  Skipped ticket T0004 - not pending
2025-06-03 23:35:31 - PRINT - 🚛 PENDING DEBUG: Checking ticket T0005:
2025-06-03 23:35:31 - PRINT -    - first_weight: '28940.00' (has: True)
2025-06-03 23:35:31 - PRINT -    - first_timestamp: '03-06-2025 23:31:54' (has: True)
2025-06-03 23:35:31 - PRINT -    - second_weight: '11150.00' (has: True)
2025-06-03 23:35:31 - PRINT -    - second_timestamp: '03-06-2025 23:32:43' (has: True)
2025-06-03 23:35:31 - PRINT -    - has_first: True, missing_second: False
2025-06-03 23:35:31 - PRINT - 🚛 PENDING DEBUG: ⏭️  Skipped ticket T0005 - not pending
2025-06-03 23:35:31 - PRINT - 🚛 PENDING DEBUG: Checking ticket T0006:
2025-06-03 23:35:31 - PRINT -    - first_weight: '18740.00' (has: True)
2025-06-03 23:35:31 - PRINT -    - first_timestamp: '03-06-2025 23:32:13' (has: True)
2025-06-03 23:35:31 - PRINT -    - second_weight: '8380.00' (has: True)
2025-06-03 23:35:31 - PRINT -    - second_timestamp: '03-06-2025 23:32:18' (has: True)
2025-06-03 23:35:31 - PRINT -    - has_first: True, missing_second: False
2025-06-03 23:35:31 - PRINT - 🚛 PENDING DEBUG: ⏭️  Skipped ticket T0006 - not pending
2025-06-03 23:35:31 - PRINT - 🚛 PENDING DEBUG: Found 0 pending records
2025-06-03 23:35:31 - ERROR - 2025-06-03 23:35:31,246 - PendingVehiclesPanel - INFO - Found 0 pending records
2025-06-03 23:35:31 - PRINT - 🚛 PENDING DEBUG: ✅ Successfully refreshed pending list with 0 items
2025-06-03 23:35:31 - ERROR - 2025-06-03 23:35:31,247 - PendingVehiclesPanel - INFO - Successfully refreshed pending list with 0 items
2025-06-03 23:35:49 - PRINT - 🚛 PENDING DEBUG: Refreshing pending vehicles list...
2025-06-03 23:35:49 - ERROR - 2025-06-03 23:35:49,159 - PendingVehiclesPanel - INFO - Refreshing pending vehicles list
2025-06-03 23:35:49 - ERROR - 2025-06-03 23:35:49,161 - DataManager - INFO - Successfully loaded 9 records from data\Coastal_Eluru_data.csv
2025-06-03 23:35:49 - PRINT - 🚛 PENDING DEBUG: Retrieved 9 total records
2025-06-03 23:35:49 - ERROR - 2025-06-03 23:35:49,165 - PendingVehiclesPanel - INFO - Retrieved 9 total records
2025-06-03 23:35:49 - PRINT - 🚛 PENDING DEBUG: Checking ticket T0031:
2025-06-03 23:35:49 - PRINT -    - first_weight: '32340.00' (has: True)
2025-06-03 23:35:49 - PRINT -    - first_timestamp: '03-06-2025 18:16:07' (has: True)
2025-06-03 23:35:49 - PRINT -    - second_weight: '14630.00' (has: True)
2025-06-03 23:35:49 - PRINT -    - second_timestamp: '03-06-2025 18:16:12' (has: True)
2025-06-03 23:35:49 - PRINT -    - has_first: True, missing_second: False
2025-06-03 23:35:49 - PRINT - 🚛 PENDING DEBUG: ⏭️  Skipped ticket T0031 - not pending
2025-06-03 23:35:49 - PRINT - 🚛 PENDING DEBUG: Checking ticket T0032:
2025-06-03 23:35:49 - PRINT -    - first_weight: '41900.00' (has: True)
2025-06-03 23:35:49 - PRINT -    - first_timestamp: '03-06-2025 18:40:02' (has: True)
2025-06-03 23:35:49 - PRINT -    - second_weight: '10350.00' (has: True)
2025-06-03 23:35:49 - PRINT -    - second_timestamp: '03-06-2025 18:40:19' (has: True)
2025-06-03 23:35:49 - PRINT -    - has_first: True, missing_second: False
2025-06-03 23:35:49 - PRINT - 🚛 PENDING DEBUG: ⏭️  Skipped ticket T0032 - not pending
2025-06-03 23:35:49 - PRINT - 🚛 PENDING DEBUG: Checking ticket T0033:
2025-06-03 23:35:49 - PRINT -    - first_weight: '21440.00' (has: True)
2025-06-03 23:35:49 - PRINT -    - first_timestamp: '03-06-2025 20:08:54' (has: True)
2025-06-03 23:35:49 - PRINT -    - second_weight: '8650.00' (has: True)
2025-06-03 23:35:49 - PRINT -    - second_timestamp: '03-06-2025 20:09:13' (has: True)
2025-06-03 23:35:49 - PRINT -    - has_first: True, missing_second: False
2025-06-03 23:35:49 - PRINT - 🚛 PENDING DEBUG: ⏭️  Skipped ticket T0033 - not pending
2025-06-03 23:35:49 - PRINT - 🚛 PENDING DEBUG: Checking ticket T0001:
2025-06-03 23:35:49 - PRINT -    - first_weight: '18310.00' (has: True)
2025-06-03 23:35:49 - PRINT -    - first_timestamp: '03-06-2025 20:11:03' (has: True)
2025-06-03 23:35:49 - PRINT -    - second_weight: '6050.00' (has: True)
2025-06-03 23:35:49 - PRINT -    - second_timestamp: '03-06-2025 20:12:07' (has: True)
2025-06-03 23:35:49 - PRINT -    - has_first: True, missing_second: False
2025-06-03 23:35:49 - PRINT - 🚛 PENDING DEBUG: ⏭️  Skipped ticket T0001 - not pending
2025-06-03 23:35:49 - PRINT - 🚛 PENDING DEBUG: Checking ticket T0002:
2025-06-03 23:35:49 - PRINT -    - first_weight: '15970.00' (has: True)
2025-06-03 23:35:49 - PRINT -    - first_timestamp: '03-06-2025 20:11:22' (has: True)
2025-06-03 23:35:49 - PRINT -    - second_weight: '5320.00' (has: True)
2025-06-03 23:35:49 - PRINT -    - second_timestamp: '03-06-2025 20:12:18' (has: True)
2025-06-03 23:35:49 - PRINT -    - has_first: True, missing_second: False
2025-06-03 23:35:49 - PRINT - 🚛 PENDING DEBUG: ⏭️  Skipped ticket T0002 - not pending
2025-06-03 23:35:49 - PRINT - 🚛 PENDING DEBUG: Checking ticket T0003:
2025-06-03 23:35:49 - PRINT -    - first_weight: '29910.00' (has: True)
2025-06-03 23:35:49 - PRINT -    - first_timestamp: '03-06-2025 20:11:44' (has: True)
2025-06-03 23:35:49 - PRINT -    - second_weight: '12080.00' (has: True)
2025-06-03 23:35:49 - PRINT -    - second_timestamp: '03-06-2025 20:11:54' (has: True)
2025-06-03 23:35:49 - PRINT -    - has_first: True, missing_second: False
2025-06-03 23:35:49 - PRINT - 🚛 PENDING DEBUG: ⏭️  Skipped ticket T0003 - not pending
2025-06-03 23:35:49 - PRINT - 🚛 PENDING DEBUG: Checking ticket T0004:
2025-06-03 23:35:49 - PRINT -    - first_weight: '16410.00' (has: True)
2025-06-03 23:35:49 - PRINT -    - first_timestamp: '03-06-2025 23:31:40' (has: True)
2025-06-03 23:35:49 - PRINT -    - second_weight: '12100.00' (has: True)
2025-06-03 23:35:49 - PRINT -    - second_timestamp: '03-06-2025 23:32:31' (has: True)
2025-06-03 23:35:49 - PRINT -    - has_first: True, missing_second: False
2025-06-03 23:35:49 - PRINT - 🚛 PENDING DEBUG: ⏭️  Skipped ticket T0004 - not pending
2025-06-03 23:35:49 - PRINT - 🚛 PENDING DEBUG: Checking ticket T0005:
2025-06-03 23:35:49 - PRINT -    - first_weight: '28940.00' (has: True)
2025-06-03 23:35:49 - PRINT -    - first_timestamp: '03-06-2025 23:31:54' (has: True)
2025-06-03 23:35:49 - PRINT -    - second_weight: '11150.00' (has: True)
2025-06-03 23:35:49 - PRINT -    - second_timestamp: '03-06-2025 23:32:43' (has: True)
2025-06-03 23:35:49 - PRINT -    - has_first: True, missing_second: False
2025-06-03 23:35:49 - PRINT - 🚛 PENDING DEBUG: ⏭️  Skipped ticket T0005 - not pending
2025-06-03 23:35:49 - PRINT - 🚛 PENDING DEBUG: Checking ticket T0006:
2025-06-03 23:35:49 - PRINT -    - first_weight: '18740.00' (has: True)
2025-06-03 23:35:49 - PRINT -    - first_timestamp: '03-06-2025 23:32:13' (has: True)
2025-06-03 23:35:49 - PRINT -    - second_weight: '8380.00' (has: True)
2025-06-03 23:35:49 - PRINT -    - second_timestamp: '03-06-2025 23:32:18' (has: True)
2025-06-03 23:35:49 - PRINT -    - has_first: True, missing_second: False
2025-06-03 23:35:49 - PRINT - 🚛 PENDING DEBUG: ⏭️  Skipped ticket T0006 - not pending
2025-06-03 23:35:49 - PRINT - 🚛 PENDING DEBUG: Found 0 pending records
2025-06-03 23:35:49 - ERROR - 2025-06-03 23:35:49,241 - PendingVehiclesPanel - INFO - Found 0 pending records
2025-06-03 23:35:49 - PRINT - 🚛 PENDING DEBUG: ✅ Successfully refreshed pending list with 0 items
2025-06-03 23:35:49 - ERROR - 2025-06-03 23:35:49,244 - PendingVehiclesPanel - INFO - Successfully refreshed pending list with 0 items
2025-06-03 23:35:50 - PRINT - 🚛 PENDING DEBUG: Refreshing pending vehicles list...
2025-06-03 23:35:50 - ERROR - 2025-06-03 23:35:50,402 - PendingVehiclesPanel - INFO - Refreshing pending vehicles list
2025-06-03 23:35:50 - ERROR - 2025-06-03 23:35:50,405 - DataManager - INFO - Successfully loaded 9 records from data\Coastal_Eluru_data.csv
2025-06-03 23:35:50 - PRINT - 🚛 PENDING DEBUG: Retrieved 9 total records
2025-06-03 23:35:50 - ERROR - 2025-06-03 23:35:50,409 - PendingVehiclesPanel - INFO - Retrieved 9 total records
2025-06-03 23:35:50 - PRINT - 🚛 PENDING DEBUG: Checking ticket T0031:
2025-06-03 23:35:50 - PRINT -    - first_weight: '32340.00' (has: True)
2025-06-03 23:35:50 - PRINT -    - first_timestamp: '03-06-2025 18:16:07' (has: True)
2025-06-03 23:35:50 - PRINT -    - second_weight: '14630.00' (has: True)
2025-06-03 23:35:50 - PRINT -    - second_timestamp: '03-06-2025 18:16:12' (has: True)
2025-06-03 23:35:50 - PRINT -    - has_first: True, missing_second: False
2025-06-03 23:35:50 - PRINT - 🚛 PENDING DEBUG: ⏭️  Skipped ticket T0031 - not pending
2025-06-03 23:35:50 - PRINT - 🚛 PENDING DEBUG: Checking ticket T0032:
2025-06-03 23:35:50 - PRINT -    - first_weight: '41900.00' (has: True)
2025-06-03 23:35:50 - PRINT -    - first_timestamp: '03-06-2025 18:40:02' (has: True)
2025-06-03 23:35:50 - PRINT -    - second_weight: '10350.00' (has: True)
2025-06-03 23:35:50 - PRINT -    - second_timestamp: '03-06-2025 18:40:19' (has: True)
2025-06-03 23:35:50 - PRINT -    - has_first: True, missing_second: False
2025-06-03 23:35:50 - PRINT - 🚛 PENDING DEBUG: ⏭️  Skipped ticket T0032 - not pending
2025-06-03 23:35:50 - PRINT - 🚛 PENDING DEBUG: Checking ticket T0033:
2025-06-03 23:35:50 - PRINT -    - first_weight: '21440.00' (has: True)
2025-06-03 23:35:50 - PRINT -    - first_timestamp: '03-06-2025 20:08:54' (has: True)
2025-06-03 23:35:50 - PRINT -    - second_weight: '8650.00' (has: True)
2025-06-03 23:35:50 - PRINT -    - second_timestamp: '03-06-2025 20:09:13' (has: True)
2025-06-03 23:35:50 - PRINT -    - has_first: True, missing_second: False
2025-06-03 23:35:50 - PRINT - 🚛 PENDING DEBUG: ⏭️  Skipped ticket T0033 - not pending
2025-06-03 23:35:50 - PRINT - 🚛 PENDING DEBUG: Checking ticket T0001:
2025-06-03 23:35:50 - PRINT -    - first_weight: '18310.00' (has: True)
2025-06-03 23:35:50 - PRINT -    - first_timestamp: '03-06-2025 20:11:03' (has: True)
2025-06-03 23:35:50 - PRINT -    - second_weight: '6050.00' (has: True)
2025-06-03 23:35:50 - PRINT -    - second_timestamp: '03-06-2025 20:12:07' (has: True)
2025-06-03 23:35:50 - PRINT -    - has_first: True, missing_second: False
2025-06-03 23:35:50 - PRINT - 🚛 PENDING DEBUG: ⏭️  Skipped ticket T0001 - not pending
2025-06-03 23:35:50 - PRINT - 🚛 PENDING DEBUG: Checking ticket T0002:
2025-06-03 23:35:50 - PRINT -    - first_weight: '15970.00' (has: True)
2025-06-03 23:35:50 - PRINT -    - first_timestamp: '03-06-2025 20:11:22' (has: True)
2025-06-03 23:35:50 - PRINT -    - second_weight: '5320.00' (has: True)
2025-06-03 23:35:50 - PRINT -    - second_timestamp: '03-06-2025 20:12:18' (has: True)
2025-06-03 23:35:50 - PRINT -    - has_first: True, missing_second: False
2025-06-03 23:35:50 - PRINT - 🚛 PENDING DEBUG: ⏭️  Skipped ticket T0002 - not pending
2025-06-03 23:35:50 - PRINT - 🚛 PENDING DEBUG: Checking ticket T0003:
2025-06-03 23:35:50 - PRINT -    - first_weight: '29910.00' (has: True)
2025-06-03 23:35:50 - PRINT -    - first_timestamp: '03-06-2025 20:11:44' (has: True)
2025-06-03 23:35:50 - PRINT -    - second_weight: '12080.00' (has: True)
2025-06-03 23:35:50 - PRINT -    - second_timestamp: '03-06-2025 20:11:54' (has: True)
2025-06-03 23:35:50 - PRINT -    - has_first: True, missing_second: False
2025-06-03 23:35:50 - PRINT - 🚛 PENDING DEBUG: ⏭️  Skipped ticket T0003 - not pending
2025-06-03 23:35:50 - PRINT - 🚛 PENDING DEBUG: Checking ticket T0004:
2025-06-03 23:35:50 - PRINT -    - first_weight: '16410.00' (has: True)
2025-06-03 23:35:50 - PRINT -    - first_timestamp: '03-06-2025 23:31:40' (has: True)
2025-06-03 23:35:50 - PRINT -    - second_weight: '12100.00' (has: True)
2025-06-03 23:35:50 - PRINT -    - second_timestamp: '03-06-2025 23:32:31' (has: True)
2025-06-03 23:35:50 - PRINT -    - has_first: True, missing_second: False
2025-06-03 23:35:50 - PRINT - 🚛 PENDING DEBUG: ⏭️  Skipped ticket T0004 - not pending
2025-06-03 23:35:50 - PRINT - 🚛 PENDING DEBUG: Checking ticket T0005:
2025-06-03 23:35:50 - PRINT -    - first_weight: '28940.00' (has: True)
2025-06-03 23:35:50 - PRINT -    - first_timestamp: '03-06-2025 23:31:54' (has: True)
2025-06-03 23:35:50 - PRINT -    - second_weight: '11150.00' (has: True)
2025-06-03 23:35:50 - PRINT -    - second_timestamp: '03-06-2025 23:32:43' (has: True)
2025-06-03 23:35:50 - PRINT -    - has_first: True, missing_second: False
2025-06-03 23:35:50 - PRINT - 🚛 PENDING DEBUG: ⏭️  Skipped ticket T0005 - not pending
2025-06-03 23:35:50 - PRINT - 🚛 PENDING DEBUG: Checking ticket T0006:
2025-06-03 23:35:50 - PRINT -    - first_weight: '18740.00' (has: True)
2025-06-03 23:35:50 - PRINT -    - first_timestamp: '03-06-2025 23:32:13' (has: True)
2025-06-03 23:35:50 - PRINT -    - second_weight: '8380.00' (has: True)
2025-06-03 23:35:50 - PRINT -    - second_timestamp: '03-06-2025 23:32:18' (has: True)
2025-06-03 23:35:50 - PRINT -    - has_first: True, missing_second: False
2025-06-03 23:35:50 - PRINT - 🚛 PENDING DEBUG: ⏭️  Skipped ticket T0006 - not pending
2025-06-03 23:35:50 - PRINT - 🚛 PENDING DEBUG: Found 0 pending records
2025-06-03 23:35:50 - ERROR - 2025-06-03 23:35:50,483 - PendingVehiclesPanel - INFO - Found 0 pending records
2025-06-03 23:35:50 - PRINT - 🚛 PENDING DEBUG: ✅ Successfully refreshed pending list with 0 items
2025-06-03 23:35:50 - ERROR - 2025-06-03 23:35:50,486 - PendingVehiclesPanel - INFO - Successfully refreshed pending list with 0 items
2025-06-03 23:35:50 - PRINT - 🚛 PENDING DEBUG: Refreshing pending vehicles list...
2025-06-03 23:35:50 - ERROR - 2025-06-03 23:35:50,737 - PendingVehiclesPanel - INFO - Refreshing pending vehicles list
2025-06-03 23:35:50 - ERROR - 2025-06-03 23:35:50,738 - DataManager - INFO - Successfully loaded 9 records from data\Coastal_Eluru_data.csv
2025-06-03 23:35:50 - PRINT - 🚛 PENDING DEBUG: Retrieved 9 total records
2025-06-03 23:35:50 - ERROR - 2025-06-03 23:35:50,740 - PendingVehiclesPanel - INFO - Retrieved 9 total records
2025-06-03 23:35:50 - PRINT - 🚛 PENDING DEBUG: Checking ticket T0031:
2025-06-03 23:35:50 - PRINT -    - first_weight: '32340.00' (has: True)
2025-06-03 23:35:50 - PRINT -    - first_timestamp: '03-06-2025 18:16:07' (has: True)
2025-06-03 23:35:50 - PRINT -    - second_weight: '14630.00' (has: True)
2025-06-03 23:35:50 - PRINT -    - second_timestamp: '03-06-2025 18:16:12' (has: True)
2025-06-03 23:35:50 - PRINT -    - has_first: True, missing_second: False
2025-06-03 23:35:50 - PRINT - 🚛 PENDING DEBUG: ⏭️  Skipped ticket T0031 - not pending
2025-06-03 23:35:50 - PRINT - 🚛 PENDING DEBUG: Checking ticket T0032:
2025-06-03 23:35:50 - PRINT -    - first_weight: '41900.00' (has: True)
2025-06-03 23:35:50 - PRINT -    - first_timestamp: '03-06-2025 18:40:02' (has: True)
2025-06-03 23:35:50 - PRINT -    - second_weight: '10350.00' (has: True)
2025-06-03 23:35:50 - PRINT -    - second_timestamp: '03-06-2025 18:40:19' (has: True)
2025-06-03 23:35:50 - PRINT -    - has_first: True, missing_second: False
2025-06-03 23:35:50 - PRINT - 🚛 PENDING DEBUG: ⏭️  Skipped ticket T0032 - not pending
2025-06-03 23:35:50 - PRINT - 🚛 PENDING DEBUG: Checking ticket T0033:
2025-06-03 23:35:50 - PRINT -    - first_weight: '21440.00' (has: True)
2025-06-03 23:35:50 - PRINT -    - first_timestamp: '03-06-2025 20:08:54' (has: True)
2025-06-03 23:35:50 - PRINT -    - second_weight: '8650.00' (has: True)
2025-06-03 23:35:50 - PRINT -    - second_timestamp: '03-06-2025 20:09:13' (has: True)
2025-06-03 23:35:50 - PRINT -    - has_first: True, missing_second: False
2025-06-03 23:35:50 - PRINT - 🚛 PENDING DEBUG: ⏭️  Skipped ticket T0033 - not pending
2025-06-03 23:35:50 - PRINT - 🚛 PENDING DEBUG: Checking ticket T0001:
2025-06-03 23:35:50 - PRINT -    - first_weight: '18310.00' (has: True)
2025-06-03 23:35:50 - PRINT -    - first_timestamp: '03-06-2025 20:11:03' (has: True)
2025-06-03 23:35:50 - PRINT -    - second_weight: '6050.00' (has: True)
2025-06-03 23:35:50 - PRINT -    - second_timestamp: '03-06-2025 20:12:07' (has: True)
2025-06-03 23:35:50 - PRINT -    - has_first: True, missing_second: False
2025-06-03 23:35:50 - PRINT - 🚛 PENDING DEBUG: ⏭️  Skipped ticket T0001 - not pending
2025-06-03 23:35:50 - PRINT - 🚛 PENDING DEBUG: Checking ticket T0002:
2025-06-03 23:35:50 - PRINT -    - first_weight: '15970.00' (has: True)
2025-06-03 23:35:50 - PRINT -    - first_timestamp: '03-06-2025 20:11:22' (has: True)
2025-06-03 23:35:50 - PRINT -    - second_weight: '5320.00' (has: True)
2025-06-03 23:35:50 - PRINT -    - second_timestamp: '03-06-2025 20:12:18' (has: True)
2025-06-03 23:35:50 - PRINT -    - has_first: True, missing_second: False
2025-06-03 23:35:50 - PRINT - 🚛 PENDING DEBUG: ⏭️  Skipped ticket T0002 - not pending
2025-06-03 23:35:50 - PRINT - 🚛 PENDING DEBUG: Checking ticket T0003:
2025-06-03 23:35:50 - PRINT -    - first_weight: '29910.00' (has: True)
2025-06-03 23:35:50 - PRINT -    - first_timestamp: '03-06-2025 20:11:44' (has: True)
2025-06-03 23:35:50 - PRINT -    - second_weight: '12080.00' (has: True)
2025-06-03 23:35:50 - PRINT -    - second_timestamp: '03-06-2025 20:11:54' (has: True)
2025-06-03 23:35:50 - PRINT -    - has_first: True, missing_second: False
2025-06-03 23:35:50 - PRINT - 🚛 PENDING DEBUG: ⏭️  Skipped ticket T0003 - not pending
2025-06-03 23:35:50 - PRINT - 🚛 PENDING DEBUG: Checking ticket T0004:
2025-06-03 23:35:50 - PRINT -    - first_weight: '16410.00' (has: True)
2025-06-03 23:35:50 - PRINT -    - first_timestamp: '03-06-2025 23:31:40' (has: True)
2025-06-03 23:35:50 - PRINT -    - second_weight: '12100.00' (has: True)
2025-06-03 23:35:50 - PRINT -    - second_timestamp: '03-06-2025 23:32:31' (has: True)
2025-06-03 23:35:50 - PRINT -    - has_first: True, missing_second: False
2025-06-03 23:35:50 - PRINT - 🚛 PENDING DEBUG: ⏭️  Skipped ticket T0004 - not pending
2025-06-03 23:35:50 - PRINT - 🚛 PENDING DEBUG: Checking ticket T0005:
2025-06-03 23:35:50 - PRINT -    - first_weight: '28940.00' (has: True)
2025-06-03 23:35:50 - PRINT -    - first_timestamp: '03-06-2025 23:31:54' (has: True)
2025-06-03 23:35:50 - PRINT -    - second_weight: '11150.00' (has: True)
2025-06-03 23:35:50 - PRINT -    - second_timestamp: '03-06-2025 23:32:43' (has: True)
2025-06-03 23:35:50 - PRINT -    - has_first: True, missing_second: False
2025-06-03 23:35:50 - PRINT - 🚛 PENDING DEBUG: ⏭️  Skipped ticket T0005 - not pending
2025-06-03 23:35:50 - PRINT - 🚛 PENDING DEBUG: Checking ticket T0006:
2025-06-03 23:35:50 - PRINT -    - first_weight: '18740.00' (has: True)
2025-06-03 23:35:50 - PRINT -    - first_timestamp: '03-06-2025 23:32:13' (has: True)
2025-06-03 23:35:50 - PRINT -    - second_weight: '8380.00' (has: True)
2025-06-03 23:35:50 - PRINT -    - second_timestamp: '03-06-2025 23:32:18' (has: True)
2025-06-03 23:35:50 - PRINT -    - has_first: True, missing_second: False
2025-06-03 23:35:50 - PRINT - 🚛 PENDING DEBUG: ⏭️  Skipped ticket T0006 - not pending
2025-06-03 23:35:50 - PRINT - 🚛 PENDING DEBUG: Found 0 pending records
2025-06-03 23:35:50 - ERROR - 2025-06-03 23:35:50,805 - PendingVehiclesPanel - INFO - Found 0 pending records
2025-06-03 23:35:50 - PRINT - 🚛 PENDING DEBUG: ✅ Successfully refreshed pending list with 0 items
2025-06-03 23:35:50 - ERROR - 2025-06-03 23:35:50,807 - PendingVehiclesPanel - INFO - Successfully refreshed pending list with 0 items
2025-06-03 23:36:05 - PRINT - ✅ Found data_manager from direct reference
2025-06-03 23:36:05 - ERROR - 2025-06-03 23:36:05,979 - DataManager - INFO - Found 114 JSON backup files for bulk upload
2025-06-03 23:36:06 - PRINT - ✅ Saved JSON record as Tharuni/Guntur/2025-06-03/json_backups/T0002_Tharuni_Guntur.json
2025-06-03 23:36:06 - ERROR - 2025-06-03 23:36:06,464 - DataManager - INFO - ✅ Processed JSON backup: T0002_Tharuni_Guntur_211239.json
2025-06-03 23:36:06 - PRINT - ✅ Saved JSON record as Tharuni/Guntur/2025-06-03/json_backups/T0003_Tharuni_Guntur.json
2025-06-03 23:36:06 - ERROR - 2025-06-03 23:36:06,854 - DataManager - INFO - ✅ Processed JSON backup: T0003_Tharuni_Guntur_212042.json
2025-06-03 23:36:07 - PRINT - ✅ Saved JSON record as Tharuni/Guntur/2025-06-03/json_backups/T0004_Tharuni_Guntur.json
2025-06-03 23:36:07 - ERROR - 2025-06-03 23:36:07,160 - DataManager - INFO - ✅ Processed JSON backup: T0004_Tharuni_Guntur_214248.json
2025-06-03 23:36:07 - PRINT - ✅ Saved JSON record as Tharuni/Guntur/2025-06-03/json_backups/T0005_Tharuni_Guntur.json
2025-06-03 23:36:07 - ERROR - 2025-06-03 23:36:07,454 - DataManager - INFO - ✅ Processed JSON backup: T0005_Tharuni_Guntur_214703.json
2025-06-03 23:36:07 - PRINT - ✅ Saved JSON record as Tharuni/Guntur/2025-06-03/json_backups/T0006_Tharuni_Guntur.json
2025-06-03 23:36:07 - ERROR - 2025-06-03 23:36:07,766 - DataManager - INFO - ✅ Processed JSON backup: T0006_Tharuni_Guntur_215228.json
2025-06-03 23:36:08 - PRINT - ✅ Saved JSON record as Tharuni/Guntur/2025-06-03/json_backups/T0007_Tharuni_Guntur.json
2025-06-03 23:36:08 - ERROR - 2025-06-03 23:36:08,058 - DataManager - INFO - ✅ Processed JSON backup: T0007_Tharuni_Guntur_220413.json
2025-06-03 23:36:08 - PRINT - ✅ Saved JSON record as Tharuni/Guntur/2025-06-03/json_backups/T0008_Tharuni_Guntur.json
2025-06-03 23:36:08 - ERROR - 2025-06-03 23:36:08,362 - DataManager - INFO - ✅ Processed JSON backup: T0008_Tharuni_Guntur_221138.json
2025-06-03 23:36:08 - PRINT - ✅ Saved JSON record as Tharuni/Guntur/2025-06-03/json_backups/T0009_Tharuni_Guntur.json
2025-06-03 23:36:08 - ERROR - 2025-06-03 23:36:08,655 - DataManager - INFO - ✅ Processed JSON backup: T0009_Tharuni_Guntur_221746.json
2025-06-03 23:36:08 - PRINT - ✅ Saved JSON record as Tharuni/Guntur/2025-06-03/json_backups/T0010_Tharuni_Guntur.json
2025-06-03 23:36:08 - ERROR - 2025-06-03 23:36:08,959 - DataManager - INFO - ✅ Processed JSON backup: T0010_Tharuni_Guntur_222608.json
2025-06-03 23:36:09 - PRINT - ✅ Saved JSON record as Tharuni/Guntur/2025-06-03/json_backups/T0011_Tharuni_Guntur.json
2025-06-03 23:36:09 - ERROR - 2025-06-03 23:36:09,249 - DataManager - INFO - ✅ Processed JSON backup: T0011_Tharuni_Guntur_230418.json
2025-06-03 23:36:09 - PRINT - ✅ Saved JSON record as Tharuni/Guntur/2025-06-03/json_backups/T0012_Tharuni_Guntur.json
2025-06-03 23:36:09 - ERROR - 2025-06-03 23:36:09,532 - DataManager - INFO - ✅ Processed JSON backup: T0012_Tharuni_Guntur_232426.json
2025-06-03 23:36:09 - PRINT - ✅ Saved JSON record as Tharuni/Guntur/2025-06-03/json_backups/T0013_Tharuni_Guntur.json
2025-06-03 23:36:09 - ERROR - 2025-06-03 23:36:09,819 - DataManager - INFO - ✅ Processed JSON backup: T0013_Tharuni_Guntur_232629.json
2025-06-03 23:36:10 - PRINT - ✅ Saved JSON record as Tharuni/Guntur/2025-06-03/json_backups/T0014_Tharuni_Guntur.json
2025-06-03 23:36:10 - ERROR - 2025-06-03 23:36:10,116 - DataManager - INFO - ✅ Processed JSON backup: T0014_Tharuni_Guntur_233046.json
2025-06-03 23:36:10 - PRINT - ✅ Saved JSON record as Tharuni/Guntur/2025-06-03/json_backups/T0015_Tharuni_Guntur.json
2025-06-03 23:36:10 - ERROR - 2025-06-03 23:36:10,434 - DataManager - INFO - ✅ Processed JSON backup: T0015_Tharuni_Guntur_233500.json
2025-06-03 23:36:10 - PRINT - ✅ Saved JSON record as Tharuni/Guntur/2025-06-03/json_backups/T0016_Tharuni_Guntur.json
2025-06-03 23:36:10 - ERROR - 2025-06-03 23:36:10,723 - DataManager - INFO - ✅ Processed JSON backup: T0016_Tharuni_Guntur_233910.json
2025-06-03 23:36:11 - PRINT - ✅ Saved JSON record as Tharuni/Guntur/2025-06-03/json_backups/T0017_Tharuni_Guntur.json
2025-06-03 23:36:11 - ERROR - 2025-06-03 23:36:11,035 - DataManager - INFO - ✅ Processed JSON backup: T0017_Tharuni_Guntur_234531.json
2025-06-03 23:36:11 - PRINT - ✅ Saved JSON record as Tharuni/Guntur/2025-06-03/json_backups/T0018_Tharuni_Guntur.json
2025-06-03 23:36:11 - ERROR - 2025-06-03 23:36:11,319 - DataManager - INFO - ✅ Processed JSON backup: T0018_Tharuni_Guntur_235358.json
2025-06-03 23:36:11 - PRINT - ✅ Saved JSON record as Tharuni/Guntur/2025-06-03/json_backups/T0019_Tharuni_Guntur.json
2025-06-03 23:36:11 - ERROR - 2025-06-03 23:36:11,609 - DataManager - INFO - ✅ Processed JSON backup: T0019_Tharuni_Guntur_235500.json
2025-06-03 23:36:11 - PRINT - ✅ Saved JSON record as Tharuni/Guntur/2025-06-03/json_backups/T0020_Tharuni_Guntur.json
2025-06-03 23:36:11 - ERROR - 2025-06-03 23:36:11,898 - DataManager - INFO - ✅ Processed JSON backup: T0020_Tharuni_Guntur_235617.json
2025-06-03 23:36:12 - PRINT - ✅ Saved JSON record as Tharuni/Guntur/2025-06-03/json_backups/T0021_Tharuni_Guntur.json
2025-06-03 23:36:12 - ERROR - 2025-06-03 23:36:12,197 - DataManager - INFO - ✅ Processed JSON backup: T0021_Tharuni_Guntur_000306.json
2025-06-03 23:36:12 - PRINT - ✅ Saved JSON record as Tharuni/Guntur/2025-06-03/json_backups/T0022_Tharuni_Guntur.json
2025-06-03 23:36:12 - ERROR - 2025-06-03 23:36:12,473 - DataManager - INFO - ✅ Processed JSON backup: T0022_Tharuni_Guntur_000513.json
2025-06-03 23:36:12 - PRINT - ✅ Saved JSON record as Tharuni/Guntur/2025-06-03/json_backups/T0023_Tharuni_Guntur.json
2025-06-03 23:36:12 - ERROR - 2025-06-03 23:36:12,765 - DataManager - INFO - ✅ Processed JSON backup: T0023_Tharuni_Guntur_001027.json
2025-06-03 23:36:13 - PRINT - ✅ Saved JSON record as Tharuni/Guntur/2025-06-03/json_backups/T0024_Tharuni_Guntur.json
2025-06-03 23:36:13 - ERROR - 2025-06-03 23:36:13,056 - DataManager - INFO - ✅ Processed JSON backup: T0024_Tharuni_Guntur_001251.json
2025-06-03 23:36:13 - PRINT - ✅ Saved JSON record as Tharuni/Guntur/2025-06-03/json_backups/T0025_Tharuni_Guntur.json
2025-06-03 23:36:13 - ERROR - 2025-06-03 23:36:13,358 - DataManager - INFO - ✅ Processed JSON backup: T0025_Tharuni_Guntur_001643.json
2025-06-03 23:36:13 - PRINT - ✅ Saved JSON record as Tharuni/Guntur/2025-06-03/json_backups/T0026_Tharuni_Guntur.json
2025-06-03 23:36:13 - ERROR - 2025-06-03 23:36:13,650 - DataManager - INFO - ✅ Processed JSON backup: T0026_Tharuni_Guntur_001921.json
2025-06-03 23:36:13 - PRINT - ✅ Saved JSON record as Tharuni/Guntur/2025-06-03/json_backups/T0027_Tharuni_Guntur.json
2025-06-03 23:36:13 - ERROR - 2025-06-03 23:36:13,934 - DataManager - INFO - ✅ Processed JSON backup: T0027_Tharuni_Guntur_012944.json
2025-06-03 23:36:14 - PRINT - ✅ Saved JSON record as Tharuni/Guntur/2025-06-03/json_backups/T0028_Tharuni_Guntur.json
2025-06-03 23:36:14 - ERROR - 2025-06-03 23:36:14,237 - DataManager - INFO - ✅ Processed JSON backup: T0028_Tharuni_Guntur_055441.json
2025-06-03 23:36:14 - PRINT - ✅ Saved JSON record as Tharuni/Guntur/2025-06-03/json_backups/T0029_Tharuni_Guntur.json
2025-06-03 23:36:14 - ERROR - 2025-06-03 23:36:14,518 - DataManager - INFO - ✅ Processed JSON backup: T0029_Tharuni_Guntur_060421.json
2025-06-03 23:36:14 - PRINT - ✅ Saved JSON record as Tharuni/Guntur/2025-06-03/json_backups/T0030_Tharuni_Guntur.json
2025-06-03 23:36:14 - ERROR - 2025-06-03 23:36:14,815 - DataManager - INFO - ✅ Processed JSON backup: T0030_Tharuni_Guntur_060643.json
2025-06-03 23:36:15 - PRINT - ✅ Saved JSON record as Tharuni/Guntur/2025-06-03/json_backups/T0031_Tharuni_Guntur.json
2025-06-03 23:36:15 - ERROR - 2025-06-03 23:36:15,110 - DataManager - INFO - ✅ Processed JSON backup: T0031_Tharuni_Guntur_060810.json
2025-06-03 23:36:15 - PRINT - ✅ Saved JSON record as Tharuni/Guntur/2025-06-03/json_backups/T0032_Tharuni_Guntur.json
2025-06-03 23:36:15 - ERROR - 2025-06-03 23:36:15,396 - DataManager - INFO - ✅ Processed JSON backup: T0032_Tharuni_Guntur_061021.json
2025-06-03 23:36:15 - PRINT - ✅ Saved JSON record as Tharuni/Guntur/2025-06-03/json_backups/T0033_Tharuni_Guntur.json
2025-06-03 23:36:15 - ERROR - 2025-06-03 23:36:15,692 - DataManager - INFO - ✅ Processed JSON backup: T0033_Tharuni_Guntur_061236.json
2025-06-03 23:36:15 - PRINT - ✅ Saved JSON record as Tharuni/Guntur/2025-06-03/json_backups/T0034_Tharuni_Guntur.json
2025-06-03 23:36:15 - ERROR - 2025-06-03 23:36:15,971 - DataManager - INFO - ✅ Processed JSON backup: T0034_Tharuni_Guntur_062057.json
2025-06-03 23:36:16 - PRINT - ✅ Saved JSON record as Tharuni/Guntur/2025-06-03/json_backups/T0035_Tharuni_Guntur.json
2025-06-03 23:36:16 - ERROR - 2025-06-03 23:36:16,253 - DataManager - INFO - ✅ Processed JSON backup: T0035_Tharuni_Guntur_062248.json
2025-06-03 23:36:16 - PRINT - ✅ Saved JSON record as Tharuni/Guntur/2025-06-03/json_backups/T0036_Tharuni_Guntur.json
2025-06-03 23:36:16 - ERROR - 2025-06-03 23:36:16,551 - DataManager - INFO - ✅ Processed JSON backup: T0036_Tharuni_Guntur_062818.json
2025-06-03 23:36:16 - PRINT - ✅ Saved JSON record as Tharuni/Guntur/2025-06-03/json_backups/T0037_Tharuni_Guntur.json
2025-06-03 23:36:16 - ERROR - 2025-06-03 23:36:16,833 - DataManager - INFO - ✅ Processed JSON backup: T0037_Tharuni_Guntur_062952.json
2025-06-03 23:36:17 - PRINT - ✅ Saved JSON record as Tharuni/Guntur/2025-06-03/json_backups/T0038_Tharuni_Guntur.json
2025-06-03 23:36:17 - ERROR - 2025-06-03 23:36:17,230 - DataManager - INFO - ✅ Processed JSON backup: T0038_Tharuni_Guntur_063402.json
2025-06-03 23:36:18 - PRINT - ✅ Saved JSON record as Tharuni/Guntur/2025-06-03/json_backups/T0039_Tharuni_Guntur.json
2025-06-03 23:36:18 - ERROR - 2025-06-03 23:36:18,232 - DataManager - INFO - ✅ Processed JSON backup: T0039_Tharuni_Guntur_063853.json
2025-06-03 23:36:18 - PRINT - ✅ Saved JSON record as Tharuni/Guntur/2025-06-03/json_backups/T0040_Tharuni_Guntur.json
2025-06-03 23:36:18 - ERROR - 2025-06-03 23:36:18,663 - DataManager - INFO - ✅ Processed JSON backup: T0040_Tharuni_Guntur_065731.json
2025-06-03 23:36:18 - PRINT - ✅ Saved JSON record as Tharuni/Guntur/2025-06-03/json_backups/T0041_Tharuni_Guntur.json
2025-06-03 23:36:18 - ERROR - 2025-06-03 23:36:18,943 - DataManager - INFO - ✅ Processed JSON backup: T0041_Tharuni_Guntur_070323.json
2025-06-03 23:36:19 - PRINT - ✅ Saved JSON record as Tharuni/Guntur/2025-06-03/json_backups/T0042_Tharuni_Guntur.json
2025-06-03 23:36:19 - ERROR - 2025-06-03 23:36:19,252 - DataManager - INFO - ✅ Processed JSON backup: T0042_Tharuni_Guntur_191017.json
2025-06-03 23:36:19 - PRINT - ✅ Saved JSON record as Tharuni/Guntur/2025-06-03/json_backups/T0043_Tharuni_Guntur.json
2025-06-03 23:36:19 - ERROR - 2025-06-03 23:36:19,526 - DataManager - INFO - ✅ Processed JSON backup: T0043_Tharuni_Guntur_192238.json
2025-06-03 23:36:19 - PRINT - ✅ Saved JSON record as Tharuni/Guntur/2025-06-03/json_backups/T0044_Tharuni_Guntur.json
2025-06-03 23:36:19 - ERROR - 2025-06-03 23:36:19,823 - DataManager - INFO - ✅ Processed JSON backup: T0044_Tharuni_Guntur_192552.json
2025-06-03 23:36:20 - PRINT - ✅ Saved JSON record as Tharuni/Guntur/2025-06-03/json_backups/T0045_Tharuni_Guntur.json
2025-06-03 23:36:20 - ERROR - 2025-06-03 23:36:20,134 - DataManager - INFO - ✅ Processed JSON backup: T0045_Tharuni_Guntur_193508.json
2025-06-03 23:36:20 - PRINT - ✅ Saved JSON record as Tharuni/Guntur/2025-06-03/json_backups/T0046_Tharuni_Guntur.json
2025-06-03 23:36:20 - ERROR - 2025-06-03 23:36:20,424 - DataManager - INFO - ✅ Processed JSON backup: T0046_Tharuni_Guntur_194822.json
2025-06-03 23:36:20 - PRINT - ✅ Saved JSON record as Tharuni/Guntur/2025-06-03/json_backups/T0047_Tharuni_Guntur.json
2025-06-03 23:36:20 - ERROR - 2025-06-03 23:36:20,746 - DataManager - INFO - ✅ Processed JSON backup: T0047_Tharuni_Guntur_200057.json
2025-06-03 23:36:21 - PRINT - ✅ Saved JSON record as Tharuni/Guntur/2025-06-03/json_backups/T0048_Tharuni_Guntur.json
2025-06-03 23:36:21 - ERROR - 2025-06-03 23:36:21,044 - DataManager - INFO - ✅ Processed JSON backup: T0048_Tharuni_Guntur_201650.json
2025-06-03 23:36:21 - PRINT - ✅ Saved JSON record as Tharuni/Guntur/2025-06-03/json_backups/T0049_Tharuni_Guntur.json
2025-06-03 23:36:21 - ERROR - 2025-06-03 23:36:21,331 - DataManager - INFO - ✅ Processed JSON backup: T0049_Tharuni_Guntur_202559.json
2025-06-03 23:36:21 - PRINT - ✅ Saved JSON record as Tharuni/Guntur/2025-06-03/json_backups/T0050_Tharuni_Guntur.json
2025-06-03 23:36:21 - ERROR - 2025-06-03 23:36:21,608 - DataManager - INFO - ✅ Processed JSON backup: T0050_Tharuni_Guntur_203256.json
2025-06-03 23:36:21 - PRINT - ✅ Saved JSON record as Tharuni/Guntur/2025-06-03/json_backups/T0051_Tharuni_Guntur.json
2025-06-03 23:36:21 - ERROR - 2025-06-03 23:36:21,888 - DataManager - INFO - ✅ Processed JSON backup: T0051_Tharuni_Guntur_210648.json
2025-06-03 23:36:22 - PRINT - ✅ Saved JSON record as Tharuni/Guntur/2025-06-03/json_backups/T0052_Tharuni_Guntur.json
2025-06-03 23:36:22 - ERROR - 2025-06-03 23:36:22,182 - DataManager - INFO - ✅ Processed JSON backup: T0052_Tharuni_Guntur_212805.json
2025-06-03 23:36:22 - PRINT - ✅ Saved JSON record as Tharuni/Guntur/2025-06-03/json_backups/T0053_Tharuni_Guntur.json
2025-06-03 23:36:22 - ERROR - 2025-06-03 23:36:22,473 - DataManager - INFO - ✅ Processed JSON backup: T0053_Tharuni_Guntur_212920.json
2025-06-03 23:36:22 - PRINT - ✅ Saved JSON record as Tharuni/Guntur/2025-06-03/json_backups/T0054_Tharuni_Guntur.json
2025-06-03 23:36:22 - ERROR - 2025-06-03 23:36:22,783 - DataManager - INFO - ✅ Processed JSON backup: T0054_Tharuni_Guntur_213154.json
2025-06-03 23:36:23 - PRINT - ✅ Saved JSON record as Tharuni/Guntur/2025-06-03/json_backups/T0055_Tharuni_Guntur.json
2025-06-03 23:36:23 - ERROR - 2025-06-03 23:36:23,050 - DataManager - INFO - ✅ Processed JSON backup: T0055_Tharuni_Guntur_222710.json
2025-06-03 23:36:23 - PRINT - ✅ Saved JSON record as Tharuni/Guntur/2025-06-03/json_backups/T0056_Tharuni_Guntur.json
2025-06-03 23:36:23 - ERROR - 2025-06-03 23:36:23,328 - DataManager - INFO - ✅ Processed JSON backup: T0056_Tharuni_Guntur_181519.json
2025-06-03 23:36:23 - PRINT - ✅ Saved JSON record as Tharuni/Guntur/2025-06-03/json_backups/T0057_Tharuni_Guntur.json
2025-06-03 23:36:23 - ERROR - 2025-06-03 23:36:23,625 - DataManager - INFO - ✅ Processed JSON backup: T0057_Tharuni_Guntur_184405.json
2025-06-03 23:36:23 - PRINT - ✅ Saved JSON record as Tharuni/Guntur/2025-06-03/json_backups/T0058_Tharuni_Guntur.json
2025-06-03 23:36:23 - ERROR - 2025-06-03 23:36:23,902 - DataManager - INFO - ✅ Processed JSON backup: T0058_Tharuni_Guntur_184700.json
2025-06-03 23:36:24 - PRINT - ✅ Saved JSON record as Tharuni/Guntur/2025-06-03/json_backups/T0059_Tharuni_Guntur.json
2025-06-03 23:36:24 - ERROR - 2025-06-03 23:36:24,190 - DataManager - INFO - ✅ Processed JSON backup: T0059_Tharuni_Guntur_192456.json
2025-06-03 23:36:24 - PRINT - ✅ Saved JSON record as Tharuni/Guntur/2025-06-03/json_backups/T0060_Tharuni_Guntur.json
2025-06-03 23:36:24 - ERROR - 2025-06-03 23:36:24,462 - DataManager - INFO - ✅ Processed JSON backup: T0060_Tharuni_Guntur_192615.json
2025-06-03 23:36:24 - PRINT - ✅ Saved JSON record as Tharuni/Guntur/2025-06-03/json_backups/T0061_Tharuni_Guntur.json
2025-06-03 23:36:24 - ERROR - 2025-06-03 23:36:24,736 - DataManager - INFO - ✅ Processed JSON backup: T0061_Tharuni_Guntur_195025.json
2025-06-03 23:36:25 - PRINT - ✅ Saved JSON record as Tharuni/Guntur/2025-06-03/json_backups/T0061_Tharuni_Guntur.json
2025-06-03 23:36:25 - ERROR - 2025-06-03 23:36:25,105 - DataManager - INFO - ✅ Processed JSON backup: T0061_Tharuni_Guntur_195553.json
2025-06-03 23:36:25 - PRINT - ✅ Saved JSON record as Tharuni/Guntur/2025-06-03/json_backups/T0061_Tharuni_Guntur.json
2025-06-03 23:36:25 - ERROR - 2025-06-03 23:36:25,473 - DataManager - INFO - ✅ Processed JSON backup: T0061_Tharuni_Guntur_200217.json
2025-06-03 23:36:25 - PRINT - ✅ Saved JSON record as Tharuni/Guntur/2025-06-03/json_backups/T0061_Tharuni_Guntur.json
2025-06-03 23:36:25 - ERROR - 2025-06-03 23:36:25,861 - DataManager - INFO - ✅ Processed JSON backup: T0061_Tharuni_Guntur_200240.json
2025-06-03 23:36:26 - PRINT - ✅ Saved JSON record as Tharuni/Guntur/2025-06-03/json_backups/T0061_Tharuni_Guntur.json
2025-06-03 23:36:26 - ERROR - 2025-06-03 23:36:26,228 - DataManager - INFO - ✅ Processed JSON backup: T0061_Tharuni_Guntur_201417.json
2025-06-03 23:36:26 - PRINT - ✅ Saved JSON record as Tharuni/Guntur/2025-06-03/json_backups/T0061_Tharuni_Guntur.json
2025-06-03 23:36:26 - ERROR - 2025-06-03 23:36:26,599 - DataManager - INFO - ✅ Processed JSON backup: T0061_Tharuni_Guntur_203003.json
2025-06-03 23:36:26 - PRINT - ✅ Saved JSON record as Tharuni/Guntur/2025-06-03/json_backups/T0061_Tharuni_Guntur.json
2025-06-03 23:36:26 - ERROR - 2025-06-03 23:36:26,992 - DataManager - INFO - ✅ Processed JSON backup: T0061_Tharuni_Guntur_212355.json
2025-06-03 23:36:27 - PRINT - ✅ Saved JSON record as Tharuni/Guntur/2025-06-03/json_backups/T0061_Tharuni_Guntur.json
2025-06-03 23:36:27 - ERROR - 2025-06-03 23:36:27,347 - DataManager - INFO - ✅ Processed JSON backup: T0061_Tharuni_Guntur_213011.json
2025-06-03 23:36:27 - PRINT - ✅ Saved JSON record as Tharuni/Guntur/2025-06-03/json_backups/T0061_Tharuni_Guntur.json
2025-06-03 23:36:27 - ERROR - 2025-06-03 23:36:27,715 - DataManager - INFO - ✅ Processed JSON backup: T0061_Tharuni_Guntur_213712.json
2025-06-03 23:36:28 - PRINT - ✅ Saved JSON record as Coastal/Eluru/2025-06-03/json_backups/T0001_Coastal_Eluru.json
2025-06-03 23:36:28 - ERROR - 2025-06-03 23:36:28,026 - DataManager - INFO - ✅ Processed JSON backup: T0001_Coastal_Eluru_201211.json
2025-06-03 23:36:28 - PRINT - ✅ Saved JSON record as Tharuni/Guntur/2025-06-03/json_backups/T0001_Tharuni_Guntur.json
2025-06-03 23:36:28 - ERROR - 2025-06-03 23:36:28,403 - DataManager - INFO - ✅ Processed JSON backup: T0001_Tharuni_Guntur_004103.json
2025-06-03 23:36:28 - PRINT - ✅ Saved JSON record as Coastal/Eluru/2025-06-03/json_backups/T0002_Coastal_Eluru.json
2025-06-03 23:36:28 - ERROR - 2025-06-03 23:36:28,702 - DataManager - INFO - ✅ Processed JSON backup: T0002_Coastal_Eluru_201223.json
2025-06-03 23:36:29 - PRINT - ✅ Saved JSON record as Tharuni/Guntur/2025-06-03/json_backups/T0002_Tharuni_Guntur.json
2025-06-03 23:36:29 - ERROR - 2025-06-03 23:36:29,084 - DataManager - INFO - ✅ Processed JSON backup: T0002_Tharuni_Guntur_004306.json
2025-06-03 23:36:29 - PRINT - ✅ Saved JSON record as Coastal/Eluru/2025-06-03/json_backups/T0003_Coastal_Eluru.json
2025-06-03 23:36:29 - ERROR - 2025-06-03 23:36:29,368 - DataManager - INFO - ✅ Processed JSON backup: T0003_Coastal_Eluru_201158.json
2025-06-03 23:36:29 - PRINT - ✅ Saved JSON record as Tharuni/Guntur/2025-06-03/json_backups/T0003_Tharuni_Guntur.json
2025-06-03 23:36:29 - ERROR - 2025-06-03 23:36:29,736 - DataManager - INFO - ✅ Processed JSON backup: T0003_Tharuni_Guntur_010543.json
2025-06-03 23:36:30 - PRINT - ✅ Saved JSON record as Tharuni/Guntur/2025-06-03/json_backups/T0003_Tharuni_Guntur.json
2025-06-03 23:36:30 - ERROR - 2025-06-03 23:36:30,111 - DataManager - INFO - ✅ Processed JSON backup: T0003_Tharuni_Guntur_013442.json
2025-06-03 23:36:30 - PRINT - ✅ Saved JSON record as Tharuni/Guntur/2025-06-03/json_backups/T0003_Tharuni_Guntur.json
2025-06-03 23:36:30 - ERROR - 2025-06-03 23:36:30,505 - DataManager - INFO - ✅ Processed JSON backup: T0003_Tharuni_Guntur_014137.json
2025-06-03 23:36:30 - PRINT - ✅ Saved JSON record as Coastal/Eluru/2025-06-03/json_backups/T0004_Coastal_Eluru.json
2025-06-03 23:36:30 - ERROR - 2025-06-03 23:36:30,793 - DataManager - INFO - ✅ Processed JSON backup: T0004_Coastal_Eluru_233235.json
2025-06-03 23:36:31 - PRINT - ✅ Saved JSON record as Tharuni/Guntur/2025-06-03/json_backups/T0004_Tharuni_Guntur.json
2025-06-03 23:36:31 - ERROR - 2025-06-03 23:36:31,157 - DataManager - INFO - ✅ Processed JSON backup: T0004_Tharuni_Guntur_014118.json
2025-06-03 23:36:31 - PRINT - ✅ Saved JSON record as Coastal/Eluru/2025-06-03/json_backups/T0005_Coastal_Eluru.json
2025-06-03 23:36:31 - ERROR - 2025-06-03 23:36:31,443 - DataManager - INFO - ✅ Processed JSON backup: T0005_Coastal_Eluru_233248.json
2025-06-03 23:36:31 - PRINT - ✅ Saved JSON record as Tharuni/Guntur/2025-06-03/json_backups/T0005_Tharuni_Guntur.json
2025-06-03 23:36:31 - ERROR - 2025-06-03 23:36:31,850 - DataManager - INFO - ✅ Processed JSON backup: T0005_Tharuni_Guntur_014102.json
2025-06-03 23:36:32 - PRINT - ✅ Saved JSON record as Coastal/Eluru/2025-06-03/json_backups/T0006_Coastal_Eluru.json
2025-06-03 23:36:32 - ERROR - 2025-06-03 23:36:32,123 - DataManager - INFO - ✅ Processed JSON backup: T0006_Coastal_Eluru_233221.json
2025-06-03 23:36:32 - PRINT - ✅ Saved JSON record as Tharuni/Guntur/2025-06-03/json_backups/T0008_Tharuni_Guntur.json
2025-06-03 23:36:32 - ERROR - 2025-06-03 23:36:32,490 - DataManager - INFO - ✅ Processed JSON backup: T0008_Tharuni_Guntur_014831.json
2025-06-03 23:36:32 - PRINT - ✅ Saved JSON record as Tharuni/Guntur/2025-06-03/json_backups/T0009_Tharuni_Guntur.json
2025-06-03 23:36:32 - ERROR - 2025-06-03 23:36:32,894 - DataManager - INFO - ✅ Processed JSON backup: T0009_Tharuni_Guntur_014813.json
2025-06-03 23:36:33 - PRINT - ✅ Saved JSON record as Tharuni/Guntur/2025-06-03/json_backups/T0010_Tharuni_Guntur.json
2025-06-03 23:36:33 - ERROR - 2025-06-03 23:36:33,285 - DataManager - INFO - ✅ Processed JSON backup: T0010_Tharuni_Guntur_014852.json
2025-06-03 23:36:33 - PRINT - ✅ Saved JSON record as Tharuni/Guntur/2025-06-03/json_backups/T0011_Tharuni_Guntur.json
2025-06-03 23:36:33 - ERROR - 2025-06-03 23:36:33,664 - DataManager - INFO - ✅ Processed JSON backup: T0011_Tharuni_Guntur_014957.json
2025-06-03 23:36:34 - PRINT - ✅ Saved JSON record as Tharuni/Guntur/2025-06-03/json_backups/T0012_Tharuni_Guntur.json
2025-06-03 23:36:34 - ERROR - 2025-06-03 23:36:34,040 - DataManager - INFO - ✅ Processed JSON backup: T0012_Tharuni_Guntur_014945.json
2025-06-03 23:36:34 - PRINT - ✅ Saved JSON record as Tharuni/Guntur/2025-06-03/json_backups/T0013_Tharuni_Guntur.json
2025-06-03 23:36:34 - ERROR - 2025-06-03 23:36:34,422 - DataManager - INFO - ✅ Processed JSON backup: T0013_Tharuni_Guntur_023313.json
2025-06-03 23:36:34 - PRINT - ✅ Saved JSON record as Tharuni/Guntur/2025-06-03/json_backups/T0014_Tharuni_Guntur.json
2025-06-03 23:36:34 - ERROR - 2025-06-03 23:36:34,801 - DataManager - INFO - ✅ Processed JSON backup: T0014_Tharuni_Guntur_023254.json
2025-06-03 23:36:35 - PRINT - ✅ Saved JSON record as Tharuni/Guntur/2025-06-03/json_backups/T0015_Tharuni_Guntur.json
2025-06-03 23:36:35 - ERROR - 2025-06-03 23:36:35,198 - DataManager - INFO - ✅ Processed JSON backup: T0015_Tharuni_Guntur_024445.json
2025-06-03 23:36:35 - PRINT - ✅ Saved JSON record as Tharuni/Guntur/2025-06-03/json_backups/T0016_Tharuni_Guntur.json
2025-06-03 23:36:35 - ERROR - 2025-06-03 23:36:35,572 - DataManager - INFO - ✅ Processed JSON backup: T0016_Tharuni_Guntur_025144.json
2025-06-03 23:36:35 - PRINT - ✅ Saved JSON record as Tharuni/Guntur/2025-06-03/json_backups/T0017_Tharuni_Guntur.json
2025-06-03 23:36:35 - ERROR - 2025-06-03 23:36:35,957 - DataManager - INFO - ✅ Processed JSON backup: T0017_Tharuni_Guntur_025131.json
2025-06-03 23:36:36 - PRINT - ✅ Saved JSON record as Tharuni/Guntur/2025-06-03/json_backups/T0018_Tharuni_Guntur.json
2025-06-03 23:36:36 - ERROR - 2025-06-03 23:36:36,336 - DataManager - INFO - ✅ Processed JSON backup: T0018_Tharuni_Guntur_160140.json
2025-06-03 23:36:36 - PRINT - ✅ Saved JSON record as Tharuni/Guntur/2025-06-03/json_backups/T0019_Tharuni_Guntur.json
2025-06-03 23:36:36 - ERROR - 2025-06-03 23:36:36,711 - DataManager - INFO - ✅ Processed JSON backup: T0019_Tharuni_Guntur_160421.json
2025-06-03 23:36:37 - PRINT - ✅ Saved JSON record as Tharuni/Guntur/2025-06-03/json_backups/T0020_Tharuni_Guntur.json
2025-06-03 23:36:37 - ERROR - 2025-06-03 23:36:37,122 - DataManager - INFO - ✅ Processed JSON backup: T0020_Tharuni_Guntur_160434.json
2025-06-03 23:36:37 - PRINT - ✅ Saved JSON record as Tharuni/Guntur/2025-06-03/json_backups/T0021_Tharuni_Guntur.json
2025-06-03 23:36:37 - ERROR - 2025-06-03 23:36:37,487 - DataManager - INFO - ✅ Processed JSON backup: T0021_Tharuni_Guntur_160449.json
2025-06-03 23:36:37 - PRINT - ✅ Saved JSON record as Tharuni/Guntur/2025-06-03/json_backups/T0022_Tharuni_Guntur.json
2025-06-03 23:36:37 - ERROR - 2025-06-03 23:36:37,860 - DataManager - INFO - ✅ Processed JSON backup: T0022_Tharuni_Guntur_160355.json
2025-06-03 23:36:38 - PRINT - ✅ Saved JSON record as Tharuni/Guntur/2025-06-03/json_backups/T0023_Tharuni_Guntur.json
2025-06-03 23:36:38 - ERROR - 2025-06-03 23:36:38,221 - DataManager - INFO - ✅ Processed JSON backup: T0023_Tharuni_Guntur_161916.json
2025-06-03 23:36:38 - PRINT - ✅ Saved JSON record as Tharuni/Guntur/2025-06-03/json_backups/T0024_Tharuni_Guntur.json
2025-06-03 23:36:38 - ERROR - 2025-06-03 23:36:38,577 - DataManager - INFO - ✅ Processed JSON backup: T0024_Tharuni_Guntur_161930.json
2025-06-03 23:36:38 - PRINT - ✅ Saved JSON record as Tharuni/Guntur/2025-06-03/json_backups/T0025_Tharuni_Guntur.json
2025-06-03 23:36:38 - ERROR - 2025-06-03 23:36:38,967 - DataManager - INFO - ✅ Processed JSON backup: T0025_Tharuni_Guntur_161900.json
2025-06-03 23:36:39 - PRINT - ✅ Saved JSON record as Tharuni/Guntur/2025-06-03/json_backups/T0026_Tharuni_Guntur.json
2025-06-03 23:36:39 - ERROR - 2025-06-03 23:36:39,416 - DataManager - INFO - ✅ Processed JSON backup: T0026_Tharuni_Guntur_162501.json
2025-06-03 23:36:39 - PRINT - ✅ Saved JSON record as Tharuni/Guntur/2025-06-03/json_backups/T0027_Tharuni_Guntur.json
2025-06-03 23:36:39 - ERROR - 2025-06-03 23:36:39,796 - DataManager - INFO - ✅ Processed JSON backup: T0027_Tharuni_Guntur_162647.json
2025-06-03 23:36:40 - PRINT - ✅ Saved JSON record as Tharuni/Guntur/2025-06-03/json_backups/T0028_Tharuni_Guntur.json
2025-06-03 23:36:40 - ERROR - 2025-06-03 23:36:40,150 - DataManager - INFO - ✅ Processed JSON backup: T0028_Tharuni_Guntur_162935.json
2025-06-03 23:36:40 - PRINT - ✅ Saved JSON record as Tharuni/Guntur/2025-06-03/json_backups/T0029_Tharuni_Guntur.json
2025-06-03 23:36:40 - ERROR - 2025-06-03 23:36:40,534 - DataManager - INFO - ✅ Processed JSON backup: T0029_Tharuni_Guntur_165329.json
2025-06-03 23:36:40 - PRINT - ✅ Saved JSON record as Tharuni/Guntur/2025-06-03/json_backups/T0030_Tharuni_Guntur.json
2025-06-03 23:36:40 - ERROR - 2025-06-03 23:36:40,894 - DataManager - INFO - ✅ Processed JSON backup: T0030_Tharuni_Guntur_170059.json
2025-06-03 23:36:41 - PRINT - ✅ Saved JSON record as Coastal/Eluru/2025-06-03/json_backups/T0031_Coastal_Eluru.json
2025-06-03 23:36:41 - ERROR - 2025-06-03 23:36:41,215 - DataManager - INFO - ✅ Processed JSON backup: T0031_Coastal_Eluru_181617.json
2025-06-03 23:36:41 - PRINT - ✅ Saved JSON record as Coastal/Eluru/2025-06-03/json_backups/T0032_Coastal_Eluru.json
2025-06-03 23:36:41 - ERROR - 2025-06-03 23:36:41,510 - DataManager - INFO - ✅ Processed JSON backup: T0032_Coastal_Eluru_184025.json
2025-06-03 23:36:41 - PRINT - ✅ Saved JSON record as Coastal/Eluru/2025-06-03/json_backups/T0033_Coastal_Eluru.json
2025-06-03 23:36:41 - ERROR - 2025-06-03 23:36:41,792 - DataManager - INFO - ✅ Processed JSON backup: T0033_Coastal_Eluru_184904.json
2025-06-03 23:36:42 - PRINT - ✅ Saved JSON record as Coastal/Eluru/2025-06-03/json_backups/T0033_Coastal_Eluru.json
2025-06-03 23:36:42 - ERROR - 2025-06-03 23:36:42,180 - DataManager - INFO - ✅ Processed JSON backup: T0033_Coastal_Eluru_185930.json
2025-06-03 23:36:42 - PRINT - ✅ Saved JSON record as Coastal/Eluru/2025-06-03/json_backups/T0033_Coastal_Eluru.json
2025-06-03 23:36:42 - ERROR - 2025-06-03 23:36:42,586 - DataManager - INFO - ✅ Processed JSON backup: T0033_Coastal_Eluru_190441.json
2025-06-03 23:36:42 - PRINT - ✅ Saved JSON record as Coastal/Eluru/2025-06-03/json_backups/T0033_Coastal_Eluru.json
2025-06-03 23:36:42 - ERROR - 2025-06-03 23:36:42,981 - DataManager - INFO - ✅ Processed JSON backup: T0033_Coastal_Eluru_190914.json
2025-06-03 23:36:43 - PRINT - ✅ Saved JSON record as Coastal/Eluru/2025-06-03/json_backups/T0033_Coastal_Eluru.json
2025-06-03 23:36:43 - ERROR - 2025-06-03 23:36:43,351 - DataManager - INFO - ✅ Processed JSON backup: T0033_Coastal_Eluru_191241.json
2025-06-03 23:36:43 - PRINT - ✅ Saved JSON record as Coastal/Eluru/2025-06-03/json_backups/T0033_Coastal_Eluru.json
2025-06-03 23:36:43 - ERROR - 2025-06-03 23:36:43,725 - DataManager - INFO - ✅ Processed JSON backup: T0033_Coastal_Eluru_191518.json
2025-06-03 23:36:44 - PRINT - ✅ Saved JSON record as Coastal/Eluru/2025-06-03/json_backups/T0033_Coastal_Eluru.json
2025-06-03 23:36:44 - ERROR - 2025-06-03 23:36:44,098 - DataManager - INFO - ✅ Processed JSON backup: T0033_Coastal_Eluru_192748.json
2025-06-03 23:36:44 - PRINT - ✅ Saved JSON record as Coastal/Eluru/2025-06-03/json_backups/T0033_Coastal_Eluru.json
2025-06-03 23:36:44 - ERROR - 2025-06-03 23:36:44,470 - DataManager - INFO - ✅ Processed JSON backup: T0033_Coastal_Eluru_200917.json
2025-06-03 23:36:44 - ERROR - 2025-06-03 23:36:44,471 - DataManager - INFO - Successfully loaded 9 records from data\Coastal_Eluru_data.csv
2025-06-03 23:36:44 - PRINT - Found 9 complete records out of 9 total records
2025-06-03 23:36:44 - PRINT - 
🚀 Starting comprehensive backup for Coastal - Eluru
2025-06-03 23:36:44 - PRINT - 📅 Date: 2025-06-03
2025-06-03 23:36:44 - PRINT - 📁 Data folder: data
2025-06-03 23:36:44 - PRINT - ☁️  Cloud structure: Coastal/Eluru/2025-06-03/[images|json_backups|reports]/
2025-06-03 23:36:44 - PRINT - ================================================================================
2025-06-03 23:36:44 - PRINT - 
1️⃣  IMAGES BACKUP
2025-06-03 23:36:44 - PRINT - 🔍 Looking for images in: C:\Users\saait\Downloads\adex_nonlogin\advexe-fa064e14cc2125900dc230b01018a938253408bf\data\images
2025-06-03 23:36:44 - PRINT - 🖼️  Starting images backup to: Coastal/Eluru/2025-06-03/images/
2025-06-03 23:36:44 - PRINT - 📊 Images backup completed: 0/0 files uploaded
2025-06-03 23:36:44 - PRINT -    📊 Images: 0/0 files uploaded
2025-06-03 23:36:44 - PRINT - 
2️⃣  JSON BACKUPS
2025-06-03 23:36:44 - PRINT - 🔍 Looking for JSON backups in: C:\Users\saait\Downloads\adex_nonlogin\advexe-fa064e14cc2125900dc230b01018a938253408bf\data\json_backups
2025-06-03 23:36:44 - PRINT - 📄 Starting JSON backups backup to: Coastal/Eluru/2025-06-03/json_backups/
2025-06-03 23:36:44 - PRINT -    ⏭️  Skipping unchanged: 2025-05-29\T0002_Tharuni_Guntur_211239.json (already backed up)
2025-06-03 23:36:44 - PRINT -    ⏭️  Skipping unchanged: 2025-05-29\T0003_Tharuni_Guntur_212042.json (already backed up)
2025-06-03 23:36:44 - PRINT -    ⏭️  Skipping unchanged: 2025-05-29\T0004_Tharuni_Guntur_214248.json (already backed up)
2025-06-03 23:36:44 - PRINT -    ⏭️  Skipping unchanged: 2025-05-29\T0005_Tharuni_Guntur_214703.json (already backed up)
2025-06-03 23:36:44 - PRINT -    ⏭️  Skipping unchanged: 2025-05-29\T0006_Tharuni_Guntur_215228.json (already backed up)
2025-06-03 23:36:44 - PRINT -    ⏭️  Skipping unchanged: 2025-05-29\T0007_Tharuni_Guntur_220413.json (already backed up)
2025-06-03 23:36:44 - PRINT -    ⏭️  Skipping unchanged: 2025-05-29\T0008_Tharuni_Guntur_221138.json (already backed up)
2025-06-03 23:36:44 - PRINT -    ⏭️  Skipping unchanged: 2025-05-29\T0009_Tharuni_Guntur_221746.json (already backed up)
2025-06-03 23:36:44 - PRINT -    ⏭️  Skipping unchanged: 2025-05-29\T0010_Tharuni_Guntur_222608.json (already backed up)
2025-06-03 23:36:44 - PRINT -    ⏭️  Skipping unchanged: 2025-05-29\T0011_Tharuni_Guntur_230418.json (already backed up)
2025-06-03 23:36:44 - PRINT -    ⏭️  Skipping unchanged: 2025-05-29\T0012_Tharuni_Guntur_232426.json (already backed up)
2025-06-03 23:36:44 - PRINT -    ⏭️  Skipping unchanged: 2025-05-29\T0013_Tharuni_Guntur_232629.json (already backed up)
2025-06-03 23:36:44 - PRINT -    ⏭️  Skipping unchanged: 2025-05-29\T0014_Tharuni_Guntur_233046.json (already backed up)
2025-06-03 23:36:44 - PRINT -    ⏭️  Skipping unchanged: 2025-05-29\T0015_Tharuni_Guntur_233500.json (already backed up)
2025-06-03 23:36:44 - PRINT -    ⏭️  Skipping unchanged: 2025-05-29\T0016_Tharuni_Guntur_233910.json (already backed up)
2025-06-03 23:36:44 - PRINT -    ⏭️  Skipping unchanged: 2025-05-29\T0017_Tharuni_Guntur_234531.json (already backed up)
2025-06-03 23:36:44 - PRINT -    ⏭️  Skipping unchanged: 2025-05-29\T0018_Tharuni_Guntur_235358.json (already backed up)
2025-06-03 23:36:44 - PRINT -    ⏭️  Skipping unchanged: 2025-05-29\T0019_Tharuni_Guntur_235500.json (already backed up)
2025-06-03 23:36:44 - PRINT -    ⏭️  Skipping unchanged: 2025-05-29\T0020_Tharuni_Guntur_235617.json (already backed up)
2025-06-03 23:36:44 - PRINT -    ⏭️  Skipping unchanged: 2025-05-30\T0021_Tharuni_Guntur_000306.json (already backed up)
2025-06-03 23:36:44 - PRINT -    ⏭️  Skipping unchanged: 2025-05-30\T0022_Tharuni_Guntur_000513.json (already backed up)
2025-06-03 23:36:44 - PRINT -    ⏭️  Skipping unchanged: 2025-05-30\T0023_Tharuni_Guntur_001027.json (already backed up)
2025-06-03 23:36:44 - PRINT -    ⏭️  Skipping unchanged: 2025-05-30\T0024_Tharuni_Guntur_001251.json (already backed up)
2025-06-03 23:36:44 - PRINT -    ⏭️  Skipping unchanged: 2025-05-30\T0025_Tharuni_Guntur_001643.json (already backed up)
2025-06-03 23:36:44 - PRINT -    ⏭️  Skipping unchanged: 2025-05-30\T0026_Tharuni_Guntur_001921.json (already backed up)
2025-06-03 23:36:44 - PRINT -    ⏭️  Skipping unchanged: 2025-05-30\T0027_Tharuni_Guntur_012944.json (already backed up)
2025-06-03 23:36:44 - PRINT -    ⏭️  Skipping unchanged: 2025-05-30\T0028_Tharuni_Guntur_055441.json (already backed up)
2025-06-03 23:36:44 - PRINT -    ⏭️  Skipping unchanged: 2025-05-30\T0029_Tharuni_Guntur_060421.json (already backed up)
2025-06-03 23:36:44 - PRINT -    ⏭️  Skipping unchanged: 2025-05-30\T0030_Tharuni_Guntur_060643.json (already backed up)
2025-06-03 23:36:44 - PRINT -    ⏭️  Skipping unchanged: 2025-05-30\T0031_Tharuni_Guntur_060810.json (already backed up)
2025-06-03 23:36:44 - PRINT -    ⏭️  Skipping unchanged: 2025-05-30\T0032_Tharuni_Guntur_061021.json (already backed up)
2025-06-03 23:36:44 - PRINT -    ⏭️  Skipping unchanged: 2025-05-30\T0033_Tharuni_Guntur_061236.json (already backed up)
2025-06-03 23:36:44 - PRINT -    ⏭️  Skipping unchanged: 2025-05-30\T0034_Tharuni_Guntur_062057.json (already backed up)
2025-06-03 23:36:44 - PRINT -    ⏭️  Skipping unchanged: 2025-05-30\T0035_Tharuni_Guntur_062248.json (already backed up)
2025-06-03 23:36:44 - PRINT -    ⏭️  Skipping unchanged: 2025-05-30\T0036_Tharuni_Guntur_062818.json (already backed up)
2025-06-03 23:36:44 - PRINT -    ⏭️  Skipping unchanged: 2025-05-30\T0037_Tharuni_Guntur_062952.json (already backed up)
2025-06-03 23:36:44 - PRINT -    ⏭️  Skipping unchanged: 2025-05-30\T0038_Tharuni_Guntur_063402.json (already backed up)
2025-06-03 23:36:44 - PRINT -    ⏭️  Skipping unchanged: 2025-05-30\T0039_Tharuni_Guntur_063853.json (already backed up)
2025-06-03 23:36:44 - PRINT -    ⏭️  Skipping unchanged: 2025-05-30\T0040_Tharuni_Guntur_065731.json (already backed up)
2025-06-03 23:36:44 - PRINT -    ⏭️  Skipping unchanged: 2025-05-30\T0041_Tharuni_Guntur_070323.json (already backed up)
2025-06-03 23:36:44 - PRINT -    ⏭️  Skipping unchanged: 2025-05-30\T0042_Tharuni_Guntur_191017.json (already backed up)
2025-06-03 23:36:44 - PRINT -    ⏭️  Skipping unchanged: 2025-05-30\T0043_Tharuni_Guntur_192238.json (already backed up)
2025-06-03 23:36:44 - PRINT -    ⏭️  Skipping unchanged: 2025-05-30\T0044_Tharuni_Guntur_192552.json (already backed up)
2025-06-03 23:36:44 - PRINT -    ⏭️  Skipping unchanged: 2025-05-30\T0045_Tharuni_Guntur_193508.json (already backed up)
2025-06-03 23:36:44 - PRINT -    ⏭️  Skipping unchanged: 2025-05-30\T0046_Tharuni_Guntur_194822.json (already backed up)
2025-06-03 23:36:44 - PRINT -    ⏭️  Skipping unchanged: 2025-05-30\T0047_Tharuni_Guntur_200057.json (already backed up)
2025-06-03 23:36:44 - PRINT -    ⏭️  Skipping unchanged: 2025-05-30\T0048_Tharuni_Guntur_201650.json (already backed up)
2025-06-03 23:36:44 - PRINT -    ⏭️  Skipping unchanged: 2025-05-30\T0049_Tharuni_Guntur_202559.json (already backed up)
2025-06-03 23:36:44 - PRINT -    ⏭️  Skipping unchanged: 2025-05-30\T0050_Tharuni_Guntur_203256.json (already backed up)
2025-06-03 23:36:44 - PRINT -    ⏭️  Skipping unchanged: 2025-05-30\T0051_Tharuni_Guntur_210648.json (already backed up)
2025-06-03 23:36:44 - PRINT -    ⏭️  Skipping unchanged: 2025-05-30\T0052_Tharuni_Guntur_212805.json (already backed up)
2025-06-03 23:36:44 - PRINT -    ⏭️  Skipping unchanged: 2025-05-30\T0053_Tharuni_Guntur_212920.json (already backed up)
2025-06-03 23:36:44 - PRINT -    ⏭️  Skipping unchanged: 2025-05-30\T0054_Tharuni_Guntur_213154.json (already backed up)
2025-06-03 23:36:44 - PRINT -    ⏭️  Skipping unchanged: 2025-05-30\T0055_Tharuni_Guntur_222710.json (already backed up)
2025-06-03 23:36:44 - PRINT -    ⏭️  Skipping unchanged: 2025-06-02\T0056_Tharuni_Guntur_181519.json (already backed up)
2025-06-03 23:36:44 - PRINT -    ⏭️  Skipping unchanged: 2025-06-02\T0057_Tharuni_Guntur_184405.json (already backed up)
2025-06-03 23:36:44 - PRINT -    ⏭️  Skipping unchanged: 2025-06-02\T0058_Tharuni_Guntur_184700.json (already backed up)
2025-06-03 23:36:44 - PRINT -    ⏭️  Skipping unchanged: 2025-06-02\T0059_Tharuni_Guntur_192456.json (already backed up)
2025-06-03 23:36:44 - PRINT -    ⏭️  Skipping unchanged: 2025-06-02\T0060_Tharuni_Guntur_192615.json (already backed up)
2025-06-03 23:36:44 - PRINT -    ⏭️  Skipping unchanged: 2025-06-02\T0061_Tharuni_Guntur_195025.json (already backed up)
2025-06-03 23:36:44 - PRINT -    ⏭️  Skipping unchanged: 2025-06-02\T0061_Tharuni_Guntur_195553.json (already backed up)
2025-06-03 23:36:44 - PRINT -    ⏭️  Skipping unchanged: 2025-06-02\T0061_Tharuni_Guntur_200217.json (already backed up)
2025-06-03 23:36:44 - PRINT -    ⏭️  Skipping unchanged: 2025-06-02\T0061_Tharuni_Guntur_200240.json (already backed up)
2025-06-03 23:36:44 - PRINT -    ⏭️  Skipping unchanged: 2025-06-02\T0061_Tharuni_Guntur_201417.json (already backed up)
2025-06-03 23:36:44 - PRINT -    ⏭️  Skipping unchanged: 2025-06-02\T0061_Tharuni_Guntur_203003.json (already backed up)
2025-06-03 23:36:44 - PRINT -    ⏭️  Skipping unchanged: 2025-06-02\T0061_Tharuni_Guntur_212355.json (already backed up)
2025-06-03 23:36:44 - PRINT -    ⏭️  Skipping unchanged: 2025-06-02\T0061_Tharuni_Guntur_213011.json (already backed up)
2025-06-03 23:36:44 - PRINT -    ⏭️  Skipping unchanged: 2025-06-02\T0061_Tharuni_Guntur_213712.json (already backed up)
2025-06-03 23:36:44 - PRINT -    ✅ Uploaded: 2025-06-03\T0001_Coastal_Eluru_201211.json
2025-06-03 23:36:44 - PRINT -    ⏭️  Skipping unchanged: 2025-06-03\T0001_Tharuni_Guntur_004103.json (already backed up)
2025-06-03 23:36:45 - PRINT -    ✅ Uploaded: 2025-06-03\T0002_Coastal_Eluru_201223.json
2025-06-03 23:36:45 - PRINT -    ⏭️  Skipping unchanged: 2025-06-03\T0002_Tharuni_Guntur_004306.json (already backed up)
2025-06-03 23:36:45 - PRINT -    ✅ Uploaded: 2025-06-03\T0003_Coastal_Eluru_201158.json
2025-06-03 23:36:45 - PRINT -    ⏭️  Skipping unchanged: 2025-06-03\T0003_Tharuni_Guntur_010543.json (already backed up)
2025-06-03 23:36:45 - PRINT -    ⏭️  Skipping unchanged: 2025-06-03\T0003_Tharuni_Guntur_013442.json (already backed up)
2025-06-03 23:36:45 - PRINT -    ⏭️  Skipping unchanged: 2025-06-03\T0003_Tharuni_Guntur_014137.json (already backed up)
2025-06-03 23:36:45 - PRINT -    ✅ Uploaded: 2025-06-03\T0004_Coastal_Eluru_233235.json
2025-06-03 23:36:45 - PRINT -    ⏭️  Skipping unchanged: 2025-06-03\T0004_Tharuni_Guntur_014118.json (already backed up)
2025-06-03 23:36:45 - PRINT -    ✅ Uploaded: 2025-06-03\T0005_Coastal_Eluru_233248.json
2025-06-03 23:36:45 - PRINT -    ⏭️  Skipping unchanged: 2025-06-03\T0005_Tharuni_Guntur_014102.json (already backed up)
2025-06-03 23:36:46 - PRINT -    ✅ Uploaded: 2025-06-03\T0006_Coastal_Eluru_233221.json
2025-06-03 23:36:46 - PRINT -    ⏭️  Skipping unchanged: 2025-06-03\T0008_Tharuni_Guntur_014831.json (already backed up)
2025-06-03 23:36:46 - PRINT -    ⏭️  Skipping unchanged: 2025-06-03\T0009_Tharuni_Guntur_014813.json (already backed up)
2025-06-03 23:36:46 - PRINT -    ⏭️  Skipping unchanged: 2025-06-03\T0010_Tharuni_Guntur_014852.json (already backed up)
2025-06-03 23:36:46 - PRINT -    ⏭️  Skipping unchanged: 2025-06-03\T0011_Tharuni_Guntur_014957.json (already backed up)
2025-06-03 23:36:46 - PRINT -    ⏭️  Skipping unchanged: 2025-06-03\T0012_Tharuni_Guntur_014945.json (already backed up)
2025-06-03 23:36:46 - PRINT -    ⏭️  Skipping unchanged: 2025-06-03\T0013_Tharuni_Guntur_023313.json (already backed up)
2025-06-03 23:36:46 - PRINT -    ⏭️  Skipping unchanged: 2025-06-03\T0014_Tharuni_Guntur_023254.json (already backed up)
2025-06-03 23:36:46 - PRINT -    ✅ Uploaded: 2025-06-03\T0015_Tharuni_Guntur_024445.json
2025-06-03 23:36:46 - PRINT -    ✅ Uploaded: 2025-06-03\T0016_Tharuni_Guntur_025144.json
2025-06-03 23:36:46 - PRINT -    ✅ Uploaded: 2025-06-03\T0017_Tharuni_Guntur_025131.json
2025-06-03 23:36:47 - PRINT -    ✅ Uploaded: 2025-06-03\T0018_Tharuni_Guntur_160140.json
2025-06-03 23:36:47 - PRINT -    ✅ Uploaded: 2025-06-03\T0019_Tharuni_Guntur_160421.json
2025-06-03 23:36:47 - PRINT -    ✅ Uploaded: 2025-06-03\T0020_Tharuni_Guntur_160434.json
2025-06-03 23:36:47 - PRINT -    ✅ Uploaded: 2025-06-03\T0021_Tharuni_Guntur_160449.json
2025-06-03 23:36:48 - PRINT -    ✅ Uploaded: 2025-06-03\T0022_Tharuni_Guntur_160355.json
2025-06-03 23:36:48 - PRINT -    ✅ Uploaded: 2025-06-03\T0023_Tharuni_Guntur_161916.json
2025-06-03 23:36:48 - PRINT -    ✅ Uploaded: 2025-06-03\T0024_Tharuni_Guntur_161930.json
2025-06-03 23:36:48 - PRINT -    ✅ Uploaded: 2025-06-03\T0025_Tharuni_Guntur_161900.json
2025-06-03 23:36:49 - PRINT -    ✅ Uploaded: 2025-06-03\T0026_Tharuni_Guntur_162501.json
2025-06-03 23:36:49 - PRINT -    ✅ Uploaded: 2025-06-03\T0027_Tharuni_Guntur_162647.json
2025-06-03 23:36:49 - PRINT -    ✅ Uploaded: 2025-06-03\T0028_Tharuni_Guntur_162935.json
2025-06-03 23:36:50 - PRINT -    ✅ Uploaded: 2025-06-03\T0029_Tharuni_Guntur_165329.json
2025-06-03 23:36:50 - PRINT -    ✅ Uploaded: 2025-06-03\T0030_Tharuni_Guntur_170059.json
2025-06-03 23:36:50 - PRINT -    ✅ Uploaded: 2025-06-03\T0031_Coastal_Eluru_181617.json
2025-06-03 23:36:50 - PRINT -    ✅ Uploaded: 2025-06-03\T0032_Coastal_Eluru_184025.json
2025-06-03 23:36:51 - PRINT -    ✅ Uploaded: 2025-06-03\T0033_Coastal_Eluru_184904.json
2025-06-03 23:36:51 - PRINT -    ✅ Uploaded: 2025-06-03\T0033_Coastal_Eluru_185930.json
2025-06-03 23:36:51 - PRINT -    ✅ Uploaded: 2025-06-03\T0033_Coastal_Eluru_190441.json
2025-06-03 23:36:51 - PRINT -    ✅ Uploaded: 2025-06-03\T0033_Coastal_Eluru_190914.json
2025-06-03 23:36:52 - PRINT -    ✅ Uploaded: 2025-06-03\T0033_Coastal_Eluru_191241.json
2025-06-03 23:36:52 - PRINT -    ✅ Uploaded: 2025-06-03\T0033_Coastal_Eluru_191518.json
2025-06-03 23:36:52 - PRINT -    ✅ Uploaded: 2025-06-03\T0033_Coastal_Eluru_192748.json
2025-06-03 23:36:52 - PRINT -    ✅ Uploaded: 2025-06-03\T0033_Coastal_Eluru_200917.json
2025-06-03 23:36:52 - PRINT - 📊 JSON backups completed: 32/114 files uploaded
2025-06-03 23:36:52 - PRINT -    📊 JSON backups: 32/114 files uploaded
2025-06-03 23:36:52 - PRINT - 
3️⃣  REPORTS BACKUP
2025-06-03 23:36:52 - PRINT - 🔍 Looking for reports in: C:\Users\saait\Downloads\adex_nonlogin\advexe-fa064e14cc2125900dc230b01018a938253408bf\data\reports\2025-06-03
2025-06-03 23:36:52 - PRINT - 📊 Starting reports backup to: Coastal/Eluru/2025-06-03/reports/
2025-06-03 23:36:53 - PRINT -    ✅ Uploaded: app_2025-06-03.log
2025-06-03 23:36:53 - PRINT -    ✅ Uploaded: Coastal_Eluru_T0001_AP04AP4444_201211.pdf
2025-06-03 23:36:53 - PRINT -    ✅ Uploaded: Coastal_Eluru_T0002_AP04AP4444_201223.pdf
2025-06-03 23:36:54 - PRINT -    ✅ Uploaded: Coastal_Eluru_T0003_AP04AP4444_201158.pdf
2025-06-03 23:36:54 - PRINT -    ✅ Uploaded: Coastal_Eluru_T0004_AP04AP4444_233235.pdf
2025-06-03 23:36:54 - PRINT -    ✅ Uploaded: Coastal_Eluru_T0005_AP04AP4444_233248.pdf
2025-06-03 23:36:54 - PRINT -    ✅ Uploaded: Coastal_Eluru_T0006_AP04AP4444_233221.pdf
2025-06-03 23:36:55 - PRINT -    ✅ Uploaded: Coastal_Eluru_T0031_AP04AP4444_181617.pdf
2025-06-03 23:36:55 - PRINT -    ✅ Uploaded: Coastal_Eluru_T0032_AP04AP4444_184025.pdf
2025-06-03 23:36:55 - PRINT -    ✅ Uploaded: Coastal_Eluru_T0033_AP02TV0202_185930.pdf
2025-06-03 23:36:56 - PRINT -    ✅ Uploaded: Coastal_Eluru_T0033_AP02TV0202_190441.pdf
2025-06-03 23:36:56 - PRINT -    ✅ Uploaded: Coastal_Eluru_T0033_AP02TV0202_190914.pdf
2025-06-03 23:36:56 - PRINT -    ✅ Uploaded: Coastal_Eluru_T0033_AP04AP4444_184904.pdf
2025-06-03 23:36:56 - PRINT -    ✅ Uploaded: Coastal_Eluru_T0033_AP04AP4444_191241.pdf
2025-06-03 23:36:57 - PRINT -    ✅ Uploaded: Coastal_Eluru_T0033_AP04AP4444_191518.pdf
2025-06-03 23:36:57 - PRINT -    ✅ Uploaded: Coastal_Eluru_T0033_AP04AP4444_192748.pdf
2025-06-03 23:36:57 - PRINT -    ✅ Uploaded: Coastal_Eluru_T0033_AP04AP4444_200917.pdf
2025-06-03 23:36:57 - PRINT -    ✅ Uploaded: coimbined_app_2025-06-03.log
2025-06-03 23:36:58 - PRINT -    ✅ Uploaded: coimbined_combined_2025-06-03.log
2025-06-03 23:36:59 - PRINT -    ✅ Uploaded: coimbined_prints_2025-06-03.log
2025-06-03 23:36:59 - PRINT -    ⏭️  Skipping unchanged: Tharuni_Guntur_T0001_AP01JA0101_004103.pdf (already backed up)
2025-06-03 23:36:59 - PRINT -    ⏭️  Skipping unchanged: Tharuni_Guntur_T0002_AP01JA0101_004306.pdf (already backed up)
2025-06-03 23:36:59 - PRINT -    ⏭️  Skipping unchanged: Tharuni_Guntur_T0003_AP08EL0455_010543.pdf (already backed up)
2025-06-03 23:36:59 - PRINT -    ⏭️  Skipping unchanged: Tharuni_Guntur_T0003_TS08EL0455_013442.pdf (already backed up)
2025-06-03 23:36:59 - PRINT -    ⏭️  Skipping unchanged: Tharuni_Guntur_T0003_TS08EL0455_014137.pdf (already backed up)
2025-06-03 23:36:59 - PRINT -    ⏭️  Skipping unchanged: Tharuni_Guntur_T0004_AP01JA0101_014118.pdf (already backed up)
2025-06-03 23:36:59 - PRINT -    ⏭️  Skipping unchanged: Tharuni_Guntur_T0005_TS08EL0455_014102.pdf (already backed up)
2025-06-03 23:36:59 - PRINT -    ⏭️  Skipping unchanged: Tharuni_Guntur_T0008_TS08EL0455_014831.pdf (already backed up)
2025-06-03 23:36:59 - PRINT -    ⏭️  Skipping unchanged: Tharuni_Guntur_T0009_AP01JA0101_014813.pdf (already backed up)
2025-06-03 23:36:59 - PRINT -    ⏭️  Skipping unchanged: Tharuni_Guntur_T0010_TS08EL0455_014852.pdf (already backed up)
2025-06-03 23:36:59 - PRINT -    ⏭️  Skipping unchanged: Tharuni_Guntur_T0011_AP01JA0101_014957.pdf (already backed up)
2025-06-03 23:36:59 - PRINT -    ⏭️  Skipping unchanged: Tharuni_Guntur_T0012_AP01JA0101_014945.pdf (already backed up)
2025-06-03 23:36:59 - PRINT -    ⏭️  Skipping unchanged: Tharuni_Guntur_T0013_TS08EL0455_023313.pdf (already backed up)
2025-06-03 23:36:59 - PRINT -    ⏭️  Skipping unchanged: Tharuni_Guntur_T0014_AP01JA0101_023254.pdf (already backed up)
2025-06-03 23:36:59 - PRINT -    ✅ Uploaded: Tharuni_Guntur_T0015_TS08EL0455_024445.pdf
2025-06-03 23:37:00 - PRINT -    ✅ Uploaded: Tharuni_Guntur_T0016_TS08EL0455_025144.pdf
2025-06-03 23:37:00 - PRINT -    ✅ Uploaded: Tharuni_Guntur_T0017_AP01JA0101_025131.pdf
2025-06-03 23:37:00 - PRINT -    ✅ Uploaded: Tharuni_Guntur_T0018_AO07GT0123_160140.pdf
2025-06-03 23:37:01 - PRINT -    ✅ Uploaded: Tharuni_Guntur_T0019_AP02AN2020_160421.pdf
2025-06-03 23:37:01 - PRINT -    ✅ Uploaded: Tharuni_Guntur_T0020_AP20AN2020_160434.pdf
2025-06-03 23:37:01 - PRINT -    ✅ Uploaded: Tharuni_Guntur_T0021_AP21KR2121_160449.pdf
2025-06-03 23:37:02 - PRINT -    ✅ Uploaded: Tharuni_Guntur_T0022_AP22AP2222_160355.pdf
2025-06-03 23:37:02 - PRINT -    ✅ Uploaded: Tharuni_Guntur_T0023_AP02AN2020_161916.pdf
2025-06-03 23:37:02 - PRINT -    ✅ Uploaded: Tharuni_Guntur_T0024_AO07GT0123_161930.pdf
2025-06-03 23:37:02 - PRINT -    ✅ Uploaded: Tharuni_Guntur_T0025_AP22AP2222_161900.pdf
2025-06-03 23:37:03 - PRINT -    ✅ Uploaded: Tharuni_Guntur_T0026_AO07GT0123_162501.pdf
2025-06-03 23:37:03 - PRINT -    ✅ Uploaded: Tharuni_Guntur_T0027_AO07GT0123_162647.pdf
2025-06-03 23:37:03 - PRINT -    ✅ Uploaded: Tharuni_Guntur_T0028_TS08EL0455_162935.pdf
2025-06-03 23:37:04 - PRINT -    ✅ Uploaded: Tharuni_Guntur_T0029_AO07GT0123_165329.pdf
2025-06-03 23:37:04 - PRINT -    ✅ Uploaded: Tharuni_Guntur_T0030_TS08EL0455_170059.pdf
2025-06-03 23:37:04 - PRINT -    ✅ Uploaded: weighbridge_2025-06-03.log
2025-06-03 23:37:04 - PRINT - 📊 Reports backup completed: 37/51 files uploaded
2025-06-03 23:37:04 - PRINT -    📊 Reports: 37/51 files uploaded
2025-06-03 23:37:04 - PRINT - 
================================================================================
2025-06-03 23:37:04 - PRINT - 🎯 BACKUP COMPLETED for Coastal - Eluru
2025-06-03 23:37:04 - PRINT - ⏱️  Duration: 20.0 seconds
2025-06-03 23:37:04 - PRINT - 📊 Total files: 69/165 uploaded
2025-06-03 23:37:04 - PRINT - 🖼️  Images: 0/0
2025-06-03 23:37:04 - PRINT - 📄 JSON: 32/114
2025-06-03 23:37:04 - PRINT - 📊 Reports: 37/51
2025-06-03 23:37:04 - PRINT - ✅ SUCCESS! All files backed up to cloud
2025-06-03 23:37:04 - PRINT - ☁️  Cloud location: gs://advitia-weighbridge-data/
2025-06-03 23:37:04 - PRINT -    📁 images: Coastal/Eluru/2025-06-03/images/
2025-06-03 23:37:04 - PRINT -    📁 json_backups: Coastal/Eluru/2025-06-03/json_backups/
2025-06-03 23:37:04 - PRINT -    📁 reports: Coastal/Eluru/2025-06-03/reports/
2025-06-03 23:37:04 - PRINT - ================================================================================
2025-06-03 23:37:04 - PRINT - Backup completed:
2025-06-03 23:37:04 - PRINT - Error during comprehensive backup: 'records_uploaded'
2025-06-03 23:37:04 - PRINT - 🚛 PENDING DEBUG: Refreshing pending vehicles list...
2025-06-03 23:37:04 - ERROR - 2025-06-03 23:37:04,532 - PendingVehiclesPanel - INFO - Refreshing pending vehicles list
2025-06-03 23:37:04 - ERROR - 2025-06-03 23:37:04,533 - DataManager - INFO - Successfully loaded 9 records from data\Coastal_Eluru_data.csv
2025-06-03 23:37:04 - PRINT - 🚛 PENDING DEBUG: Retrieved 9 total records
2025-06-03 23:37:04 - ERROR - 2025-06-03 23:37:04,536 - PendingVehiclesPanel - INFO - Retrieved 9 total records
2025-06-03 23:37:04 - PRINT - 🚛 PENDING DEBUG: Checking ticket T0031:
2025-06-03 23:37:04 - PRINT -    - first_weight: '32340.00' (has: True)
2025-06-03 23:37:04 - PRINT -    - first_timestamp: '03-06-2025 18:16:07' (has: True)
2025-06-03 23:37:04 - PRINT -    - second_weight: '14630.00' (has: True)
2025-06-03 23:37:04 - PRINT -    - second_timestamp: '03-06-2025 18:16:12' (has: True)
2025-06-03 23:37:04 - PRINT -    - has_first: True, missing_second: False
2025-06-03 23:37:04 - PRINT - 🚛 PENDING DEBUG: ⏭️  Skipped ticket T0031 - not pending
2025-06-03 23:37:04 - PRINT - 🚛 PENDING DEBUG: Checking ticket T0032:
2025-06-03 23:37:04 - PRINT -    - first_weight: '41900.00' (has: True)
2025-06-03 23:37:04 - PRINT -    - first_timestamp: '03-06-2025 18:40:02' (has: True)
2025-06-03 23:37:04 - PRINT -    - second_weight: '10350.00' (has: True)
2025-06-03 23:37:04 - PRINT -    - second_timestamp: '03-06-2025 18:40:19' (has: True)
2025-06-03 23:37:04 - PRINT -    - has_first: True, missing_second: False
2025-06-03 23:37:04 - PRINT - 🚛 PENDING DEBUG: ⏭️  Skipped ticket T0032 - not pending
2025-06-03 23:37:04 - PRINT - 🚛 PENDING DEBUG: Checking ticket T0033:
2025-06-03 23:37:04 - PRINT -    - first_weight: '21440.00' (has: True)
2025-06-03 23:37:04 - PRINT -    - first_timestamp: '03-06-2025 20:08:54' (has: True)
2025-06-03 23:37:04 - PRINT -    - second_weight: '8650.00' (has: True)
2025-06-03 23:37:04 - PRINT -    - second_timestamp: '03-06-2025 20:09:13' (has: True)
2025-06-03 23:37:04 - PRINT -    - has_first: True, missing_second: False
2025-06-03 23:37:04 - PRINT - 🚛 PENDING DEBUG: ⏭️  Skipped ticket T0033 - not pending
2025-06-03 23:37:04 - PRINT - 🚛 PENDING DEBUG: Checking ticket T0001:
2025-06-03 23:37:04 - PRINT -    - first_weight: '18310.00' (has: True)
2025-06-03 23:37:04 - PRINT -    - first_timestamp: '03-06-2025 20:11:03' (has: True)
2025-06-03 23:37:04 - PRINT -    - second_weight: '6050.00' (has: True)
2025-06-03 23:37:04 - PRINT -    - second_timestamp: '03-06-2025 20:12:07' (has: True)
2025-06-03 23:37:04 - PRINT -    - has_first: True, missing_second: False
2025-06-03 23:37:04 - PRINT - 🚛 PENDING DEBUG: ⏭️  Skipped ticket T0001 - not pending
2025-06-03 23:37:04 - PRINT - 🚛 PENDING DEBUG: Checking ticket T0002:
2025-06-03 23:37:04 - PRINT -    - first_weight: '15970.00' (has: True)
2025-06-03 23:37:04 - PRINT -    - first_timestamp: '03-06-2025 20:11:22' (has: True)
2025-06-03 23:37:04 - PRINT -    - second_weight: '5320.00' (has: True)
2025-06-03 23:37:04 - PRINT -    - second_timestamp: '03-06-2025 20:12:18' (has: True)
2025-06-03 23:37:04 - PRINT -    - has_first: True, missing_second: False
2025-06-03 23:37:04 - PRINT - 🚛 PENDING DEBUG: ⏭️  Skipped ticket T0002 - not pending
2025-06-03 23:37:04 - PRINT - 🚛 PENDING DEBUG: Checking ticket T0003:
2025-06-03 23:37:04 - PRINT -    - first_weight: '29910.00' (has: True)
2025-06-03 23:37:04 - PRINT -    - first_timestamp: '03-06-2025 20:11:44' (has: True)
2025-06-03 23:37:04 - PRINT -    - second_weight: '12080.00' (has: True)
2025-06-03 23:37:04 - PRINT -    - second_timestamp: '03-06-2025 20:11:54' (has: True)
2025-06-03 23:37:04 - PRINT -    - has_first: True, missing_second: False
2025-06-03 23:37:04 - PRINT - 🚛 PENDING DEBUG: ⏭️  Skipped ticket T0003 - not pending
2025-06-03 23:37:04 - PRINT - 🚛 PENDING DEBUG: Checking ticket T0004:
2025-06-03 23:37:04 - PRINT -    - first_weight: '16410.00' (has: True)
2025-06-03 23:37:04 - PRINT -    - first_timestamp: '03-06-2025 23:31:40' (has: True)
2025-06-03 23:37:04 - PRINT -    - second_weight: '12100.00' (has: True)
2025-06-03 23:37:04 - PRINT -    - second_timestamp: '03-06-2025 23:32:31' (has: True)
2025-06-03 23:37:04 - PRINT -    - has_first: True, missing_second: False
2025-06-03 23:37:04 - PRINT - 🚛 PENDING DEBUG: ⏭️  Skipped ticket T0004 - not pending
2025-06-03 23:37:04 - PRINT - 🚛 PENDING DEBUG: Checking ticket T0005:
2025-06-03 23:37:04 - PRINT -    - first_weight: '28940.00' (has: True)
2025-06-03 23:37:04 - PRINT -    - first_timestamp: '03-06-2025 23:31:54' (has: True)
2025-06-03 23:37:04 - PRINT -    - second_weight: '11150.00' (has: True)
2025-06-03 23:37:04 - PRINT -    - second_timestamp: '03-06-2025 23:32:43' (has: True)
2025-06-03 23:37:04 - PRINT -    - has_first: True, missing_second: False
2025-06-03 23:37:04 - PRINT - 🚛 PENDING DEBUG: ⏭️  Skipped ticket T0005 - not pending
2025-06-03 23:37:04 - PRINT - 🚛 PENDING DEBUG: Checking ticket T0006:
2025-06-03 23:37:04 - PRINT -    - first_weight: '18740.00' (has: True)
2025-06-03 23:37:04 - PRINT -    - first_timestamp: '03-06-2025 23:32:13' (has: True)
2025-06-03 23:37:04 - PRINT -    - second_weight: '8380.00' (has: True)
2025-06-03 23:37:04 - PRINT -    - second_timestamp: '03-06-2025 23:32:18' (has: True)
2025-06-03 23:37:04 - PRINT -    - has_first: True, missing_second: False
2025-06-03 23:37:04 - PRINT - 🚛 PENDING DEBUG: ⏭️  Skipped ticket T0006 - not pending
2025-06-03 23:37:04 - PRINT - 🚛 PENDING DEBUG: Found 0 pending records
2025-06-03 23:37:04 - ERROR - 2025-06-03 23:37:04,597 - PendingVehiclesPanel - INFO - Found 0 pending records
2025-06-03 23:37:04 - PRINT - 🚛 PENDING DEBUG: ✅ Successfully refreshed pending list with 0 items
2025-06-03 23:37:04 - ERROR - 2025-06-03 23:37:04,598 - PendingVehiclesPanel - INFO - Successfully refreshed pending list with 0 items
2025-06-03 23:37:14 - PRINT - ✅ Found data_manager from direct reference
2025-06-03 23:37:14 - ERROR - 2025-06-03 23:37:14,910 - DataManager - INFO - Found 114 JSON backup files for bulk upload
2025-06-03 23:38:04 - PRINT - 🚛 PENDING DEBUG: Refreshing pending vehicles list...
2025-06-03 23:38:04 - ERROR - 2025-06-03 23:38:04,615 - PendingVehiclesPanel - INFO - Refreshing pending vehicles list
2025-06-03 23:38:04 - ERROR - 2025-06-03 23:38:04,617 - DataManager - INFO - Successfully loaded 9 records from data\Coastal_Eluru_data.csv
2025-06-03 23:38:04 - PRINT - 🚛 PENDING DEBUG: Retrieved 9 total records
2025-06-03 23:38:04 - ERROR - 2025-06-03 23:38:04,619 - PendingVehiclesPanel - INFO - Retrieved 9 total records
2025-06-03 23:38:04 - PRINT - 🚛 PENDING DEBUG: Checking ticket T0031:
2025-06-03 23:38:04 - PRINT -    - first_weight: '32340.00' (has: True)
2025-06-03 23:38:04 - PRINT -    - first_timestamp: '03-06-2025 18:16:07' (has: True)
2025-06-03 23:38:04 - PRINT -    - second_weight: '14630.00' (has: True)
2025-06-03 23:38:04 - PRINT -    - second_timestamp: '03-06-2025 18:16:12' (has: True)
2025-06-03 23:38:04 - PRINT -    - has_first: True, missing_second: False
2025-06-03 23:38:04 - PRINT - 🚛 PENDING DEBUG: ⏭️  Skipped ticket T0031 - not pending
2025-06-03 23:38:04 - PRINT - 🚛 PENDING DEBUG: Checking ticket T0032:
2025-06-03 23:38:04 - PRINT -    - first_weight: '41900.00' (has: True)
2025-06-03 23:38:04 - PRINT -    - first_timestamp: '03-06-2025 18:40:02' (has: True)
2025-06-03 23:38:04 - PRINT -    - second_weight: '10350.00' (has: True)
2025-06-03 23:38:04 - PRINT -    - second_timestamp: '03-06-2025 18:40:19' (has: True)
2025-06-03 23:38:04 - PRINT -    - has_first: True, missing_second: False
2025-06-03 23:38:04 - PRINT - 🚛 PENDING DEBUG: ⏭️  Skipped ticket T0032 - not pending
2025-06-03 23:38:04 - PRINT - 🚛 PENDING DEBUG: Checking ticket T0033:
2025-06-03 23:38:04 - PRINT -    - first_weight: '21440.00' (has: True)
2025-06-03 23:38:04 - PRINT -    - first_timestamp: '03-06-2025 20:08:54' (has: True)
2025-06-03 23:38:04 - PRINT -    - second_weight: '8650.00' (has: True)
2025-06-03 23:38:04 - PRINT -    - second_timestamp: '03-06-2025 20:09:13' (has: True)
2025-06-03 23:38:04 - PRINT -    - has_first: True, missing_second: False
2025-06-03 23:38:04 - PRINT - 🚛 PENDING DEBUG: ⏭️  Skipped ticket T0033 - not pending
2025-06-03 23:38:04 - PRINT - 🚛 PENDING DEBUG: Checking ticket T0001:
2025-06-03 23:38:04 - PRINT -    - first_weight: '18310.00' (has: True)
2025-06-03 23:38:04 - PRINT -    - first_timestamp: '03-06-2025 20:11:03' (has: True)
2025-06-03 23:38:04 - PRINT -    - second_weight: '6050.00' (has: True)
2025-06-03 23:38:04 - PRINT -    - second_timestamp: '03-06-2025 20:12:07' (has: True)
2025-06-03 23:38:04 - PRINT -    - has_first: True, missing_second: False
2025-06-03 23:38:04 - PRINT - 🚛 PENDING DEBUG: ⏭️  Skipped ticket T0001 - not pending
2025-06-03 23:38:04 - PRINT - 🚛 PENDING DEBUG: Checking ticket T0002:
2025-06-03 23:38:04 - PRINT -    - first_weight: '15970.00' (has: True)
2025-06-03 23:38:04 - PRINT -    - first_timestamp: '03-06-2025 20:11:22' (has: True)
2025-06-03 23:38:04 - PRINT -    - second_weight: '5320.00' (has: True)
2025-06-03 23:38:04 - PRINT -    - second_timestamp: '03-06-2025 20:12:18' (has: True)
2025-06-03 23:38:04 - PRINT -    - has_first: True, missing_second: False
2025-06-03 23:38:04 - PRINT - 🚛 PENDING DEBUG: ⏭️  Skipped ticket T0002 - not pending
2025-06-03 23:38:04 - PRINT - 🚛 PENDING DEBUG: Checking ticket T0003:
2025-06-03 23:38:04 - PRINT -    - first_weight: '29910.00' (has: True)
2025-06-03 23:38:04 - PRINT -    - first_timestamp: '03-06-2025 20:11:44' (has: True)
2025-06-03 23:38:04 - PRINT -    - second_weight: '12080.00' (has: True)
2025-06-03 23:38:04 - PRINT -    - second_timestamp: '03-06-2025 20:11:54' (has: True)
2025-06-03 23:38:04 - PRINT -    - has_first: True, missing_second: False
2025-06-03 23:38:04 - PRINT - 🚛 PENDING DEBUG: ⏭️  Skipped ticket T0003 - not pending
2025-06-03 23:38:04 - PRINT - 🚛 PENDING DEBUG: Checking ticket T0004:
2025-06-03 23:38:04 - PRINT -    - first_weight: '16410.00' (has: True)
2025-06-03 23:38:04 - PRINT -    - first_timestamp: '03-06-2025 23:31:40' (has: True)
2025-06-03 23:38:04 - PRINT -    - second_weight: '12100.00' (has: True)
2025-06-03 23:38:04 - PRINT -    - second_timestamp: '03-06-2025 23:32:31' (has: True)
2025-06-03 23:38:04 - PRINT -    - has_first: True, missing_second: False
2025-06-03 23:38:04 - PRINT - 🚛 PENDING DEBUG: ⏭️  Skipped ticket T0004 - not pending
2025-06-03 23:38:04 - PRINT - 🚛 PENDING DEBUG: Checking ticket T0005:
2025-06-03 23:38:04 - PRINT -    - first_weight: '28940.00' (has: True)
2025-06-03 23:38:04 - PRINT -    - first_timestamp: '03-06-2025 23:31:54' (has: True)
2025-06-03 23:38:04 - PRINT -    - second_weight: '11150.00' (has: True)
2025-06-03 23:38:04 - PRINT -    - second_timestamp: '03-06-2025 23:32:43' (has: True)
2025-06-03 23:38:04 - PRINT -    - has_first: True, missing_second: False
2025-06-03 23:38:04 - PRINT - 🚛 PENDING DEBUG: ⏭️  Skipped ticket T0005 - not pending
2025-06-03 23:38:04 - PRINT - 🚛 PENDING DEBUG: Checking ticket T0006:
2025-06-03 23:38:04 - PRINT -    - first_weight: '18740.00' (has: True)
2025-06-03 23:38:04 - PRINT -    - first_timestamp: '03-06-2025 23:32:13' (has: True)
2025-06-03 23:38:04 - PRINT -    - second_weight: '8380.00' (has: True)
2025-06-03 23:38:04 - PRINT -    - second_timestamp: '03-06-2025 23:32:18' (has: True)
2025-06-03 23:38:04 - PRINT -    - has_first: True, missing_second: False
2025-06-03 23:38:04 - PRINT - 🚛 PENDING DEBUG: ⏭️  Skipped ticket T0006 - not pending
2025-06-03 23:38:04 - PRINT - 🚛 PENDING DEBUG: Found 0 pending records
2025-06-03 23:38:04 - ERROR - 2025-06-03 23:38:04,687 - PendingVehiclesPanel - INFO - Found 0 pending records
2025-06-03 23:38:04 - PRINT - 🚛 PENDING DEBUG: ✅ Successfully refreshed pending list with 0 items
2025-06-03 23:38:04 - ERROR - 2025-06-03 23:38:04,689 - PendingVehiclesPanel - INFO - Successfully refreshed pending list with 0 items
2025-06-03 23:39:04 - PRINT - 🚛 PENDING DEBUG: Refreshing pending vehicles list...
2025-06-03 23:39:04 - ERROR - 2025-06-03 23:39:04,702 - PendingVehiclesPanel - INFO - Refreshing pending vehicles list
2025-06-03 23:39:04 - ERROR - 2025-06-03 23:39:04,704 - DataManager - INFO - Successfully loaded 9 records from data\Coastal_Eluru_data.csv
2025-06-03 23:39:04 - PRINT - 🚛 PENDING DEBUG: Retrieved 9 total records
2025-06-03 23:39:04 - ERROR - 2025-06-03 23:39:04,706 - PendingVehiclesPanel - INFO - Retrieved 9 total records
2025-06-03 23:39:04 - PRINT - 🚛 PENDING DEBUG: Checking ticket T0031:
2025-06-03 23:39:04 - PRINT -    - first_weight: '32340.00' (has: True)
2025-06-03 23:39:04 - PRINT -    - first_timestamp: '03-06-2025 18:16:07' (has: True)
2025-06-03 23:39:04 - PRINT -    - second_weight: '14630.00' (has: True)
2025-06-03 23:39:04 - PRINT -    - second_timestamp: '03-06-2025 18:16:12' (has: True)
2025-06-03 23:39:04 - PRINT -    - has_first: True, missing_second: False
2025-06-03 23:39:04 - PRINT - 🚛 PENDING DEBUG: ⏭️  Skipped ticket T0031 - not pending
2025-06-03 23:39:04 - PRINT - 🚛 PENDING DEBUG: Checking ticket T0032:
2025-06-03 23:39:04 - PRINT -    - first_weight: '41900.00' (has: True)
2025-06-03 23:39:04 - PRINT -    - first_timestamp: '03-06-2025 18:40:02' (has: True)
2025-06-03 23:39:04 - PRINT -    - second_weight: '10350.00' (has: True)
2025-06-03 23:39:04 - PRINT -    - second_timestamp: '03-06-2025 18:40:19' (has: True)
2025-06-03 23:39:04 - PRINT -    - has_first: True, missing_second: False
2025-06-03 23:39:04 - PRINT - 🚛 PENDING DEBUG: ⏭️  Skipped ticket T0032 - not pending
2025-06-03 23:39:04 - PRINT - 🚛 PENDING DEBUG: Checking ticket T0033:
2025-06-03 23:39:04 - PRINT -    - first_weight: '21440.00' (has: True)
2025-06-03 23:39:04 - PRINT -    - first_timestamp: '03-06-2025 20:08:54' (has: True)
2025-06-03 23:39:04 - PRINT -    - second_weight: '8650.00' (has: True)
2025-06-03 23:39:04 - PRINT -    - second_timestamp: '03-06-2025 20:09:13' (has: True)
2025-06-03 23:39:04 - PRINT -    - has_first: True, missing_second: False
2025-06-03 23:39:04 - PRINT - 🚛 PENDING DEBUG: ⏭️  Skipped ticket T0033 - not pending
2025-06-03 23:39:04 - PRINT - 🚛 PENDING DEBUG: Checking ticket T0001:
2025-06-03 23:39:04 - PRINT -    - first_weight: '18310.00' (has: True)
2025-06-03 23:39:04 - PRINT -    - first_timestamp: '03-06-2025 20:11:03' (has: True)
2025-06-03 23:39:04 - PRINT -    - second_weight: '6050.00' (has: True)
2025-06-03 23:39:04 - PRINT -    - second_timestamp: '03-06-2025 20:12:07' (has: True)
2025-06-03 23:39:04 - PRINT -    - has_first: True, missing_second: False
2025-06-03 23:39:04 - PRINT - 🚛 PENDING DEBUG: ⏭️  Skipped ticket T0001 - not pending
2025-06-03 23:39:04 - PRINT - 🚛 PENDING DEBUG: Checking ticket T0002:
2025-06-03 23:39:04 - PRINT -    - first_weight: '15970.00' (has: True)
2025-06-03 23:39:04 - PRINT -    - first_timestamp: '03-06-2025 20:11:22' (has: True)
2025-06-03 23:39:04 - PRINT -    - second_weight: '5320.00' (has: True)
2025-06-03 23:39:04 - PRINT -    - second_timestamp: '03-06-2025 20:12:18' (has: True)
2025-06-03 23:39:04 - PRINT -    - has_first: True, missing_second: False
2025-06-03 23:39:04 - PRINT - 🚛 PENDING DEBUG: ⏭️  Skipped ticket T0002 - not pending
2025-06-03 23:39:04 - PRINT - 🚛 PENDING DEBUG: Checking ticket T0003:
2025-06-03 23:39:04 - PRINT -    - first_weight: '29910.00' (has: True)
2025-06-03 23:39:04 - PRINT -    - first_timestamp: '03-06-2025 20:11:44' (has: True)
2025-06-03 23:39:04 - PRINT -    - second_weight: '12080.00' (has: True)
2025-06-03 23:39:04 - PRINT -    - second_timestamp: '03-06-2025 20:11:54' (has: True)
2025-06-03 23:39:04 - PRINT -    - has_first: True, missing_second: False
2025-06-03 23:39:04 - PRINT - 🚛 PENDING DEBUG: ⏭️  Skipped ticket T0003 - not pending
2025-06-03 23:39:04 - PRINT - 🚛 PENDING DEBUG: Checking ticket T0004:
2025-06-03 23:39:04 - PRINT -    - first_weight: '16410.00' (has: True)
2025-06-03 23:39:04 - PRINT -    - first_timestamp: '03-06-2025 23:31:40' (has: True)
2025-06-03 23:39:04 - PRINT -    - second_weight: '12100.00' (has: True)
2025-06-03 23:39:04 - PRINT -    - second_timestamp: '03-06-2025 23:32:31' (has: True)
2025-06-03 23:39:04 - PRINT -    - has_first: True, missing_second: False
2025-06-03 23:39:04 - PRINT - 🚛 PENDING DEBUG: ⏭️  Skipped ticket T0004 - not pending
2025-06-03 23:39:04 - PRINT - 🚛 PENDING DEBUG: Checking ticket T0005:
2025-06-03 23:39:04 - PRINT -    - first_weight: '28940.00' (has: True)
2025-06-03 23:39:04 - PRINT -    - first_timestamp: '03-06-2025 23:31:54' (has: True)
2025-06-03 23:39:04 - PRINT -    - second_weight: '11150.00' (has: True)
2025-06-03 23:39:04 - PRINT -    - second_timestamp: '03-06-2025 23:32:43' (has: True)
2025-06-03 23:39:04 - PRINT -    - has_first: True, missing_second: False
2025-06-03 23:39:04 - PRINT - 🚛 PENDING DEBUG: ⏭️  Skipped ticket T0005 - not pending
2025-06-03 23:39:04 - PRINT - 🚛 PENDING DEBUG: Checking ticket T0006:
2025-06-03 23:39:04 - PRINT -    - first_weight: '18740.00' (has: True)
2025-06-03 23:39:04 - PRINT -    - first_timestamp: '03-06-2025 23:32:13' (has: True)
2025-06-03 23:39:04 - PRINT -    - second_weight: '8380.00' (has: True)
2025-06-03 23:39:04 - PRINT -    - second_timestamp: '03-06-2025 23:32:18' (has: True)
2025-06-03 23:39:04 - PRINT -    - has_first: True, missing_second: False
2025-06-03 23:39:04 - PRINT - 🚛 PENDING DEBUG: ⏭️  Skipped ticket T0006 - not pending
2025-06-03 23:39:04 - PRINT - 🚛 PENDING DEBUG: Found 0 pending records
2025-06-03 23:39:04 - ERROR - 2025-06-03 23:39:04,824 - PendingVehiclesPanel - INFO - Found 0 pending records
2025-06-03 23:39:04 - PRINT - 🚛 PENDING DEBUG: ✅ Successfully refreshed pending list with 0 items
2025-06-03 23:39:04 - ERROR - 2025-06-03 23:39:04,825 - PendingVehiclesPanel - INFO - Successfully refreshed pending list with 0 items
2025-06-03 23:40:04 - PRINT - 🚛 PENDING DEBUG: Refreshing pending vehicles list...
2025-06-03 23:40:04 - ERROR - 2025-06-03 23:40:04,829 - PendingVehiclesPanel - INFO - Refreshing pending vehicles list
2025-06-03 23:40:04 - ERROR - 2025-06-03 23:40:04,830 - DataManager - INFO - Successfully loaded 9 records from data\Coastal_Eluru_data.csv
2025-06-03 23:40:04 - PRINT - 🚛 PENDING DEBUG: Retrieved 9 total records
2025-06-03 23:40:04 - ERROR - 2025-06-03 23:40:04,832 - PendingVehiclesPanel - INFO - Retrieved 9 total records
2025-06-03 23:40:04 - PRINT - 🚛 PENDING DEBUG: Checking ticket T0031:
2025-06-03 23:40:04 - PRINT -    - first_weight: '32340.00' (has: True)
2025-06-03 23:40:04 - PRINT -    - first_timestamp: '03-06-2025 18:16:07' (has: True)
2025-06-03 23:40:04 - PRINT -    - second_weight: '14630.00' (has: True)
2025-06-03 23:40:04 - PRINT -    - second_timestamp: '03-06-2025 18:16:12' (has: True)
2025-06-03 23:40:04 - PRINT -    - has_first: True, missing_second: False
2025-06-03 23:40:04 - PRINT - 🚛 PENDING DEBUG: ⏭️  Skipped ticket T0031 - not pending
2025-06-03 23:40:04 - PRINT - 🚛 PENDING DEBUG: Checking ticket T0032:
2025-06-03 23:40:04 - PRINT -    - first_weight: '41900.00' (has: True)
2025-06-03 23:40:04 - PRINT -    - first_timestamp: '03-06-2025 18:40:02' (has: True)
2025-06-03 23:40:04 - PRINT -    - second_weight: '10350.00' (has: True)
2025-06-03 23:40:04 - PRINT -    - second_timestamp: '03-06-2025 18:40:19' (has: True)
2025-06-03 23:40:04 - PRINT -    - has_first: True, missing_second: False
2025-06-03 23:40:04 - PRINT - 🚛 PENDING DEBUG: ⏭️  Skipped ticket T0032 - not pending
2025-06-03 23:40:04 - PRINT - 🚛 PENDING DEBUG: Checking ticket T0033:
2025-06-03 23:40:04 - PRINT -    - first_weight: '21440.00' (has: True)
2025-06-03 23:40:04 - PRINT -    - first_timestamp: '03-06-2025 20:08:54' (has: True)
2025-06-03 23:40:04 - PRINT -    - second_weight: '8650.00' (has: True)
2025-06-03 23:40:04 - PRINT -    - second_timestamp: '03-06-2025 20:09:13' (has: True)
2025-06-03 23:40:04 - PRINT -    - has_first: True, missing_second: False
2025-06-03 23:40:04 - PRINT - 🚛 PENDING DEBUG: ⏭️  Skipped ticket T0033 - not pending
2025-06-03 23:40:04 - PRINT - 🚛 PENDING DEBUG: Checking ticket T0001:
2025-06-03 23:40:04 - PRINT -    - first_weight: '18310.00' (has: True)
2025-06-03 23:40:04 - PRINT -    - first_timestamp: '03-06-2025 20:11:03' (has: True)
2025-06-03 23:40:04 - PRINT -    - second_weight: '6050.00' (has: True)
2025-06-03 23:40:04 - PRINT -    - second_timestamp: '03-06-2025 20:12:07' (has: True)
2025-06-03 23:40:04 - PRINT -    - has_first: True, missing_second: False
2025-06-03 23:40:04 - PRINT - 🚛 PENDING DEBUG: ⏭️  Skipped ticket T0001 - not pending
2025-06-03 23:40:04 - PRINT - 🚛 PENDING DEBUG: Checking ticket T0002:
2025-06-03 23:40:04 - PRINT -    - first_weight: '15970.00' (has: True)
2025-06-03 23:40:04 - PRINT -    - first_timestamp: '03-06-2025 20:11:22' (has: True)
2025-06-03 23:40:04 - PRINT -    - second_weight: '5320.00' (has: True)
2025-06-03 23:40:04 - PRINT -    - second_timestamp: '03-06-2025 20:12:18' (has: True)
2025-06-03 23:40:04 - PRINT -    - has_first: True, missing_second: False
2025-06-03 23:40:04 - PRINT - 🚛 PENDING DEBUG: ⏭️  Skipped ticket T0002 - not pending
2025-06-03 23:40:04 - PRINT - 🚛 PENDING DEBUG: Checking ticket T0003:
2025-06-03 23:40:04 - PRINT -    - first_weight: '29910.00' (has: True)
2025-06-03 23:40:04 - PRINT -    - first_timestamp: '03-06-2025 20:11:44' (has: True)
2025-06-03 23:40:04 - PRINT -    - second_weight: '12080.00' (has: True)
2025-06-03 23:40:04 - PRINT -    - second_timestamp: '03-06-2025 20:11:54' (has: True)
2025-06-03 23:40:04 - PRINT -    - has_first: True, missing_second: False
2025-06-03 23:40:04 - PRINT - 🚛 PENDING DEBUG: ⏭️  Skipped ticket T0003 - not pending
2025-06-03 23:40:04 - PRINT - 🚛 PENDING DEBUG: Checking ticket T0004:
2025-06-03 23:40:04 - PRINT -    - first_weight: '16410.00' (has: True)
2025-06-03 23:40:04 - PRINT -    - first_timestamp: '03-06-2025 23:31:40' (has: True)
2025-06-03 23:40:04 - PRINT -    - second_weight: '12100.00' (has: True)
2025-06-03 23:40:04 - PRINT -    - second_timestamp: '03-06-2025 23:32:31' (has: True)
2025-06-03 23:40:04 - PRINT -    - has_first: True, missing_second: False
2025-06-03 23:40:04 - PRINT - 🚛 PENDING DEBUG: ⏭️  Skipped ticket T0004 - not pending
2025-06-03 23:40:04 - PRINT - 🚛 PENDING DEBUG: Checking ticket T0005:
2025-06-03 23:40:04 - PRINT -    - first_weight: '28940.00' (has: True)
2025-06-03 23:40:04 - PRINT -    - first_timestamp: '03-06-2025 23:31:54' (has: True)
2025-06-03 23:40:04 - PRINT -    - second_weight: '11150.00' (has: True)
2025-06-03 23:40:04 - PRINT -    - second_timestamp: '03-06-2025 23:32:43' (has: True)
2025-06-03 23:40:04 - PRINT -    - has_first: True, missing_second: False
2025-06-03 23:40:04 - PRINT - 🚛 PENDING DEBUG: ⏭️  Skipped ticket T0005 - not pending
2025-06-03 23:40:04 - PRINT - 🚛 PENDING DEBUG: Checking ticket T0006:
2025-06-03 23:40:04 - PRINT -    - first_weight: '18740.00' (has: True)
2025-06-03 23:40:04 - PRINT -    - first_timestamp: '03-06-2025 23:32:13' (has: True)
2025-06-03 23:40:04 - PRINT -    - second_weight: '8380.00' (has: True)
2025-06-03 23:40:04 - PRINT -    - second_timestamp: '03-06-2025 23:32:18' (has: True)
2025-06-03 23:40:04 - PRINT -    - has_first: True, missing_second: False
2025-06-03 23:40:04 - PRINT - 🚛 PENDING DEBUG: ⏭️  Skipped ticket T0006 - not pending
2025-06-03 23:40:04 - PRINT - 🚛 PENDING DEBUG: Found 0 pending records
2025-06-03 23:40:04 - ERROR - 2025-06-03 23:40:04,913 - PendingVehiclesPanel - INFO - Found 0 pending records
2025-06-03 23:40:04 - PRINT - 🚛 PENDING DEBUG: ✅ Successfully refreshed pending list with 0 items
2025-06-03 23:40:04 - ERROR - 2025-06-03 23:40:04,915 - PendingVehiclesPanel - INFO - Successfully refreshed pending list with 0 items
2025-06-03 23:41:04 - PRINT - 🚛 PENDING DEBUG: Refreshing pending vehicles list...
2025-06-03 23:41:04 - ERROR - 2025-06-03 23:41:04,924 - PendingVehiclesPanel - INFO - Refreshing pending vehicles list
2025-06-03 23:41:04 - ERROR - 2025-06-03 23:41:04,926 - DataManager - INFO - Successfully loaded 9 records from data\Coastal_Eluru_data.csv
2025-06-03 23:41:04 - PRINT - 🚛 PENDING DEBUG: Retrieved 9 total records
2025-06-03 23:41:04 - ERROR - 2025-06-03 23:41:04,930 - PendingVehiclesPanel - INFO - Retrieved 9 total records
2025-06-03 23:41:04 - PRINT - 🚛 PENDING DEBUG: Checking ticket T0031:
2025-06-03 23:41:04 - PRINT -    - first_weight: '32340.00' (has: True)
2025-06-03 23:41:04 - PRINT -    - first_timestamp: '03-06-2025 18:16:07' (has: True)
2025-06-03 23:41:04 - PRINT -    - second_weight: '14630.00' (has: True)
2025-06-03 23:41:04 - PRINT -    - second_timestamp: '03-06-2025 18:16:12' (has: True)
2025-06-03 23:41:04 - PRINT -    - has_first: True, missing_second: False
2025-06-03 23:41:04 - PRINT - 🚛 PENDING DEBUG: ⏭️  Skipped ticket T0031 - not pending
2025-06-03 23:41:04 - PRINT - 🚛 PENDING DEBUG: Checking ticket T0032:
2025-06-03 23:41:04 - PRINT -    - first_weight: '41900.00' (has: True)
2025-06-03 23:41:04 - PRINT -    - first_timestamp: '03-06-2025 18:40:02' (has: True)
2025-06-03 23:41:04 - PRINT -    - second_weight: '10350.00' (has: True)
2025-06-03 23:41:04 - PRINT -    - second_timestamp: '03-06-2025 18:40:19' (has: True)
2025-06-03 23:41:04 - PRINT -    - has_first: True, missing_second: False
2025-06-03 23:41:04 - PRINT - 🚛 PENDING DEBUG: ⏭️  Skipped ticket T0032 - not pending
2025-06-03 23:41:04 - PRINT - 🚛 PENDING DEBUG: Checking ticket T0033:
2025-06-03 23:41:04 - PRINT -    - first_weight: '21440.00' (has: True)
2025-06-03 23:41:04 - PRINT -    - first_timestamp: '03-06-2025 20:08:54' (has: True)
2025-06-03 23:41:04 - PRINT -    - second_weight: '8650.00' (has: True)
2025-06-03 23:41:04 - PRINT -    - second_timestamp: '03-06-2025 20:09:13' (has: True)
2025-06-03 23:41:04 - PRINT -    - has_first: True, missing_second: False
2025-06-03 23:41:04 - PRINT - 🚛 PENDING DEBUG: ⏭️  Skipped ticket T0033 - not pending
2025-06-03 23:41:04 - PRINT - 🚛 PENDING DEBUG: Checking ticket T0001:
2025-06-03 23:41:04 - PRINT -    - first_weight: '18310.00' (has: True)
2025-06-03 23:41:04 - PRINT -    - first_timestamp: '03-06-2025 20:11:03' (has: True)
2025-06-03 23:41:04 - PRINT -    - second_weight: '6050.00' (has: True)
2025-06-03 23:41:04 - PRINT -    - second_timestamp: '03-06-2025 20:12:07' (has: True)
2025-06-03 23:41:04 - PRINT -    - has_first: True, missing_second: False
2025-06-03 23:41:04 - PRINT - 🚛 PENDING DEBUG: ⏭️  Skipped ticket T0001 - not pending
2025-06-03 23:41:04 - PRINT - 🚛 PENDING DEBUG: Checking ticket T0002:
2025-06-03 23:41:04 - PRINT -    - first_weight: '15970.00' (has: True)
2025-06-03 23:41:04 - PRINT -    - first_timestamp: '03-06-2025 20:11:22' (has: True)
2025-06-03 23:41:04 - PRINT -    - second_weight: '5320.00' (has: True)
2025-06-03 23:41:04 - PRINT -    - second_timestamp: '03-06-2025 20:12:18' (has: True)
2025-06-03 23:41:04 - PRINT -    - has_first: True, missing_second: False
2025-06-03 23:41:04 - PRINT - 🚛 PENDING DEBUG: ⏭️  Skipped ticket T0002 - not pending
2025-06-03 23:41:04 - PRINT - 🚛 PENDING DEBUG: Checking ticket T0003:
2025-06-03 23:41:04 - PRINT -    - first_weight: '29910.00' (has: True)
2025-06-03 23:41:04 - PRINT -    - first_timestamp: '03-06-2025 20:11:44' (has: True)
2025-06-03 23:41:04 - PRINT -    - second_weight: '12080.00' (has: True)
2025-06-03 23:41:04 - PRINT -    - second_timestamp: '03-06-2025 20:11:54' (has: True)
2025-06-03 23:41:04 - PRINT -    - has_first: True, missing_second: False
2025-06-03 23:41:04 - PRINT - 🚛 PENDING DEBUG: ⏭️  Skipped ticket T0003 - not pending
2025-06-03 23:41:04 - PRINT - 🚛 PENDING DEBUG: Checking ticket T0004:
2025-06-03 23:41:04 - PRINT -    - first_weight: '16410.00' (has: True)
2025-06-03 23:41:04 - PRINT -    - first_timestamp: '03-06-2025 23:31:40' (has: True)
2025-06-03 23:41:04 - PRINT -    - second_weight: '12100.00' (has: True)
2025-06-03 23:41:04 - PRINT -    - second_timestamp: '03-06-2025 23:32:31' (has: True)
2025-06-03 23:41:04 - PRINT -    - has_first: True, missing_second: False
2025-06-03 23:41:04 - PRINT - 🚛 PENDING DEBUG: ⏭️  Skipped ticket T0004 - not pending
2025-06-03 23:41:04 - PRINT - 🚛 PENDING DEBUG: Checking ticket T0005:
2025-06-03 23:41:04 - PRINT -    - first_weight: '28940.00' (has: True)
2025-06-03 23:41:04 - PRINT -    - first_timestamp: '03-06-2025 23:31:54' (has: True)
2025-06-03 23:41:04 - PRINT -    - second_weight: '11150.00' (has: True)
2025-06-03 23:41:04 - PRINT -    - second_timestamp: '03-06-2025 23:32:43' (has: True)
2025-06-03 23:41:05 - PRINT -    - has_first: True, missing_second: False
2025-06-03 23:41:05 - PRINT - 🚛 PENDING DEBUG: ⏭️  Skipped ticket T0005 - not pending
2025-06-03 23:41:05 - PRINT - 🚛 PENDING DEBUG: Checking ticket T0006:
2025-06-03 23:41:05 - PRINT -    - first_weight: '18740.00' (has: True)
2025-06-03 23:41:05 - PRINT -    - first_timestamp: '03-06-2025 23:32:13' (has: True)
2025-06-03 23:41:05 - PRINT -    - second_weight: '8380.00' (has: True)
2025-06-03 23:41:05 - PRINT -    - second_timestamp: '03-06-2025 23:32:18' (has: True)
2025-06-03 23:41:05 - PRINT -    - has_first: True, missing_second: False
2025-06-03 23:41:05 - PRINT - 🚛 PENDING DEBUG: ⏭️  Skipped ticket T0006 - not pending
2025-06-03 23:41:05 - PRINT - 🚛 PENDING DEBUG: Found 0 pending records
2025-06-03 23:41:05 - ERROR - 2025-06-03 23:41:05,014 - PendingVehiclesPanel - INFO - Found 0 pending records
2025-06-03 23:41:05 - PRINT - 🚛 PENDING DEBUG: ✅ Successfully refreshed pending list with 0 items
2025-06-03 23:41:05 - ERROR - 2025-06-03 23:41:05,016 - PendingVehiclesPanel - INFO - Successfully refreshed pending list with 0 items
2025-06-03 23:42:05 - PRINT - 🚛 PENDING DEBUG: Refreshing pending vehicles list...
2025-06-03 23:42:05 - ERROR - 2025-06-03 23:42:05,029 - PendingVehiclesPanel - INFO - Refreshing pending vehicles list
2025-06-03 23:42:05 - ERROR - 2025-06-03 23:42:05,031 - DataManager - INFO - Successfully loaded 9 records from data\Coastal_Eluru_data.csv
2025-06-03 23:42:05 - PRINT - 🚛 PENDING DEBUG: Retrieved 9 total records
2025-06-03 23:42:05 - ERROR - 2025-06-03 23:42:05,036 - PendingVehiclesPanel - INFO - Retrieved 9 total records
2025-06-03 23:42:05 - PRINT - 🚛 PENDING DEBUG: Checking ticket T0031:
2025-06-03 23:42:05 - PRINT -    - first_weight: '32340.00' (has: True)
2025-06-03 23:42:05 - PRINT -    - first_timestamp: '03-06-2025 18:16:07' (has: True)
2025-06-03 23:42:05 - PRINT -    - second_weight: '14630.00' (has: True)
2025-06-03 23:42:05 - PRINT -    - second_timestamp: '03-06-2025 18:16:12' (has: True)
2025-06-03 23:42:05 - PRINT -    - has_first: True, missing_second: False
2025-06-03 23:42:05 - PRINT - 🚛 PENDING DEBUG: ⏭️  Skipped ticket T0031 - not pending
2025-06-03 23:42:05 - PRINT - 🚛 PENDING DEBUG: Checking ticket T0032:
2025-06-03 23:42:05 - PRINT -    - first_weight: '41900.00' (has: True)
2025-06-03 23:42:05 - PRINT -    - first_timestamp: '03-06-2025 18:40:02' (has: True)
2025-06-03 23:42:05 - PRINT -    - second_weight: '10350.00' (has: True)
2025-06-03 23:42:05 - PRINT -    - second_timestamp: '03-06-2025 18:40:19' (has: True)
2025-06-03 23:42:05 - PRINT -    - has_first: True, missing_second: False
2025-06-03 23:42:05 - PRINT - 🚛 PENDING DEBUG: ⏭️  Skipped ticket T0032 - not pending
2025-06-03 23:42:05 - PRINT - 🚛 PENDING DEBUG: Checking ticket T0033:
2025-06-03 23:42:05 - PRINT -    - first_weight: '21440.00' (has: True)
2025-06-03 23:42:05 - PRINT -    - first_timestamp: '03-06-2025 20:08:54' (has: True)
2025-06-03 23:42:05 - PRINT -    - second_weight: '8650.00' (has: True)
2025-06-03 23:42:05 - PRINT -    - second_timestamp: '03-06-2025 20:09:13' (has: True)
2025-06-03 23:42:05 - PRINT -    - has_first: True, missing_second: False
2025-06-03 23:42:05 - PRINT - 🚛 PENDING DEBUG: ⏭️  Skipped ticket T0033 - not pending
2025-06-03 23:42:05 - PRINT - 🚛 PENDING DEBUG: Checking ticket T0001:
2025-06-03 23:42:05 - PRINT -    - first_weight: '18310.00' (has: True)
2025-06-03 23:42:05 - PRINT -    - first_timestamp: '03-06-2025 20:11:03' (has: True)
2025-06-03 23:42:05 - PRINT -    - second_weight: '6050.00' (has: True)
2025-06-03 23:42:05 - PRINT -    - second_timestamp: '03-06-2025 20:12:07' (has: True)
2025-06-03 23:42:05 - PRINT -    - has_first: True, missing_second: False
2025-06-03 23:42:05 - PRINT - 🚛 PENDING DEBUG: ⏭️  Skipped ticket T0001 - not pending
2025-06-03 23:42:05 - PRINT - 🚛 PENDING DEBUG: Checking ticket T0002:
2025-06-03 23:42:05 - PRINT -    - first_weight: '15970.00' (has: True)
2025-06-03 23:42:05 - PRINT -    - first_timestamp: '03-06-2025 20:11:22' (has: True)
2025-06-03 23:42:05 - PRINT -    - second_weight: '5320.00' (has: True)
2025-06-03 23:42:05 - PRINT -    - second_timestamp: '03-06-2025 20:12:18' (has: True)
2025-06-03 23:42:05 - PRINT -    - has_first: True, missing_second: False
2025-06-03 23:42:05 - PRINT - 🚛 PENDING DEBUG: ⏭️  Skipped ticket T0002 - not pending
2025-06-03 23:42:05 - PRINT - 🚛 PENDING DEBUG: Checking ticket T0003:
2025-06-03 23:42:05 - PRINT -    - first_weight: '29910.00' (has: True)
2025-06-03 23:42:05 - PRINT -    - first_timestamp: '03-06-2025 20:11:44' (has: True)
2025-06-03 23:42:05 - PRINT -    - second_weight: '12080.00' (has: True)
2025-06-03 23:42:05 - PRINT -    - second_timestamp: '03-06-2025 20:11:54' (has: True)
2025-06-03 23:42:05 - PRINT -    - has_first: True, missing_second: False
2025-06-03 23:42:05 - PRINT - 🚛 PENDING DEBUG: ⏭️  Skipped ticket T0003 - not pending
2025-06-03 23:42:05 - PRINT - 🚛 PENDING DEBUG: Checking ticket T0004:
2025-06-03 23:42:05 - PRINT -    - first_weight: '16410.00' (has: True)
2025-06-03 23:42:05 - PRINT -    - first_timestamp: '03-06-2025 23:31:40' (has: True)
2025-06-03 23:42:05 - PRINT -    - second_weight: '12100.00' (has: True)
2025-06-03 23:42:05 - PRINT -    - second_timestamp: '03-06-2025 23:32:31' (has: True)
2025-06-03 23:42:05 - PRINT -    - has_first: True, missing_second: False
2025-06-03 23:42:05 - PRINT - 🚛 PENDING DEBUG: ⏭️  Skipped ticket T0004 - not pending
2025-06-03 23:42:05 - PRINT - 🚛 PENDING DEBUG: Checking ticket T0005:
2025-06-03 23:42:05 - PRINT -    - first_weight: '28940.00' (has: True)
2025-06-03 23:42:05 - PRINT -    - first_timestamp: '03-06-2025 23:31:54' (has: True)
2025-06-03 23:42:05 - PRINT -    - second_weight: '11150.00' (has: True)
2025-06-03 23:42:05 - PRINT -    - second_timestamp: '03-06-2025 23:32:43' (has: True)
2025-06-03 23:42:05 - PRINT -    - has_first: True, missing_second: False
2025-06-03 23:42:05 - PRINT - 🚛 PENDING DEBUG: ⏭️  Skipped ticket T0005 - not pending
2025-06-03 23:42:05 - PRINT - 🚛 PENDING DEBUG: Checking ticket T0006:
2025-06-03 23:42:05 - PRINT -    - first_weight: '18740.00' (has: True)
2025-06-03 23:42:05 - PRINT -    - first_timestamp: '03-06-2025 23:32:13' (has: True)
2025-06-03 23:42:05 - PRINT -    - second_weight: '8380.00' (has: True)
2025-06-03 23:42:05 - PRINT -    - second_timestamp: '03-06-2025 23:32:18' (has: True)
2025-06-03 23:42:05 - PRINT -    - has_first: True, missing_second: False
2025-06-03 23:42:05 - PRINT - 🚛 PENDING DEBUG: ⏭️  Skipped ticket T0006 - not pending
2025-06-03 23:42:05 - PRINT - 🚛 PENDING DEBUG: Found 0 pending records
2025-06-03 23:42:05 - ERROR - 2025-06-03 23:42:05,114 - PendingVehiclesPanel - INFO - Found 0 pending records
2025-06-03 23:42:05 - PRINT - 🚛 PENDING DEBUG: ✅ Successfully refreshed pending list with 0 items
2025-06-03 23:42:05 - ERROR - 2025-06-03 23:42:05,116 - PendingVehiclesPanel - INFO - Successfully refreshed pending list with 0 items
2025-06-03 23:42:35 - PRINT - Saving settings on close...
2025-06-03 23:42:35 - PRINT - Saving weighbridge settings to: data\app_settings.json
2025-06-03 23:42:35 - PRINT - Settings to save: {'com_port': '', 'baud_rate': 2400, 'data_bits': 8, 'parity': 'None', 'stop_bits': 1.0, 'test_mode': True}
2025-06-03 23:42:35 - PRINT - Weighbridge settings saved successfully
2025-06-03 23:42:35 - PRINT - Weighbridge settings with test mode saved successfully
2025-06-03 23:42:35 - PRINT - Saving camera settings: {'front_camera_type': 'USB', 'front_camera_index': 0, 'front_rtsp_username': '', 'front_rtsp_password': '', 'front_rtsp_ip': '', 'front_rtsp_port': '554', 'front_rtsp_endpoint': '/stream1', 'front_http_username': '', 'front_http_password': '', 'front_http_ip': '', 'front_http_port': '80', 'front_http_endpoint': '/mjpeg', 'back_camera_type': 'USB', 'back_camera_index': 1, 'back_rtsp_username': '', 'back_rtsp_password': '', 'back_rtsp_ip': '', 'back_rtsp_port': '554', 'back_rtsp_endpoint': '/stream1', 'back_http_username': '', 'back_http_password': '', 'back_http_ip': '', 'back_http_port': '80', 'back_http_endpoint': '/mjpeg'}
2025-06-03 23:42:35 - PRINT - Saving camera settings to: data\app_settings.json
2025-06-03 23:42:35 - PRINT - Camera settings to save: {'front_camera_type': 'USB', 'front_camera_index': 0, 'front_rtsp_username': '', 'front_rtsp_password': '', 'front_rtsp_ip': '', 'front_rtsp_port': '554', 'front_rtsp_endpoint': '/stream1', 'front_http_username': '', 'front_http_password': '', 'front_http_ip': '', 'front_http_port': '80', 'front_http_endpoint': '/mjpeg', 'back_camera_type': 'USB', 'back_camera_index': 1, 'back_rtsp_username': '', 'back_rtsp_password': '', 'back_rtsp_ip': '', 'back_rtsp_port': '554', 'back_rtsp_endpoint': '/stream1', 'back_http_username': '', 'back_http_password': '', 'back_http_ip': '', 'back_http_port': '80', 'back_http_endpoint': '/mjpeg'}
2025-06-03 23:42:35 - PRINT - Camera settings saved successfully
2025-06-03 23:42:35 - PRINT - Camera settings saved to file
2025-06-03 23:42:35 - ERROR - 2025-06-03 23:42:35,857 - TharuniApp - INFO - Updating camera settings: {'front_camera_type': 'USB', 'front_camera_index': 0, 'front_rtsp_username': '', 'front_rtsp_password': '', 'front_rtsp_ip': '', 'front_rtsp_port': '554', 'front_rtsp_endpoint': '/stream1', 'front_http_username': '', 'front_http_password': '', 'front_http_ip': '', 'front_http_port': '80', 'front_http_endpoint': '/mjpeg', 'back_camera_type': 'USB', 'back_camera_index': 1, 'back_rtsp_username': '', 'back_rtsp_password': '', 'back_rtsp_ip': '', 'back_rtsp_port': '554', 'back_rtsp_endpoint': '/stream1', 'back_http_username': '', 'back_http_password': '', 'back_http_ip': '', 'back_http_port': '80', 'back_http_endpoint': '/mjpeg'}
2025-06-03 23:42:35 - PRINT - Updating robust camera settings: {'front_camera_type': 'USB', 'front_camera_index': 0, 'front_rtsp_username': '', 'front_rtsp_password': '', 'front_rtsp_ip': '', 'front_rtsp_port': '554', 'front_rtsp_endpoint': '/stream1', 'front_http_username': '', 'front_http_password': '', 'front_http_ip': '', 'front_http_port': '80', 'front_http_endpoint': '/mjpeg', 'back_camera_type': 'USB', 'back_camera_index': 1, 'back_rtsp_username': '', 'back_rtsp_password': '', 'back_rtsp_ip': '', 'back_rtsp_port': '554', 'back_rtsp_endpoint': '/stream1', 'back_http_username': '', 'back_http_password': '', 'back_http_ip': '', 'back_http_port': '80', 'back_http_endpoint': '/mjpeg'}
2025-06-03 23:42:35 - PRINT - Camera settings updated for robust feed system
2025-06-03 23:42:35 - PRINT - Saving camera settings to: data\app_settings.json
2025-06-03 23:42:35 - PRINT - Camera settings to save: {'front_camera_type': 'USB', 'front_camera_index': 0, 'front_rtsp_username': '', 'front_rtsp_password': '', 'front_rtsp_ip': '', 'front_rtsp_port': '554', 'front_rtsp_endpoint': '/stream1', 'front_http_username': '', 'front_http_password': '', 'front_http_ip': '', 'front_http_port': '80', 'front_http_endpoint': '/mjpeg', 'back_camera_type': 'USB', 'back_camera_index': 1, 'back_rtsp_username': '', 'back_rtsp_password': '', 'back_rtsp_ip': '', 'back_rtsp_port': '554', 'back_rtsp_endpoint': '/stream1', 'back_http_username': '', 'back_http_password': '', 'back_http_ip': '', 'back_http_port': '80', 'back_http_endpoint': '/mjpeg'}
2025-06-03 23:42:35 - PRINT - Camera settings saved successfully
2025-06-03 23:42:35 - ERROR - 2025-06-03 23:42:35,866 - TharuniApp - INFO - Camera settings saved for persistence
2025-06-03 23:42:35 - PRINT - Disconnected from weighbridge
2025-06-03 23:42:35 - PRINT - Settings saved on close
2025-06-03 23:42:38 - PRINT - 📋 Unified logging initialized:
2025-06-03 23:42:38 - PRINT -    📄 Combined log: logs\combined_combined_2025-06-03.log
2025-06-03 23:42:38 - PRINT -    🖨️  Print log: logs\combined_prints_2025-06-03.log
2025-06-03 23:42:38 - PRINT -    📱 App log: logs\combined_app_2025-06-03.log
2025-06-03 23:42:38 - ERROR - 2025-06-03 23:42:38,150 - TharuniApp - INFO - ============================================================
2025-06-03 23:42:38 - ERROR - 2025-06-03 23:42:38,151 - TharuniApp - INFO - APPLICATION STARTUP
2025-06-03 23:42:38 - ERROR - 2025-06-03 23:42:38,152 - TharuniApp - INFO - ============================================================
2025-06-03 23:42:38 - PRINT - 📁 Unified folder structure initialized:
2025-06-03 23:42:38 - PRINT -    • Data: data
2025-06-03 23:42:38 - PRINT -    • Images: data\images
2025-06-03 23:42:38 - PRINT -    • Reports: data\reports
2025-06-03 23:42:38 - PRINT -    • JSON Backups: data\json_backups
2025-06-03 23:42:38 - PRINT - 🔒 OFFLINE-FIRST MODE ENABLED
2025-06-03 23:42:38 - PRINT -    • Records and PDFs saved locally first
2025-06-03 23:42:38 - PRINT -    • JSON backups created for complete records
2025-06-03 23:42:38 - PRINT -    • Cloud backup available via Settings > Backup
2025-06-03 23:42:38 - PRINT -    • No internet connection delays during regular saves
2025-06-03 23:42:38 - PRINT -    • Today's reports folder: data\reports\2025-06-03
2025-06-03 23:42:38 - PRINT -    • Today's JSON backups folder: data\json_backups\2025-06-03
2025-06-03 23:42:38 - PRINT -    • Auto cleanup: Keep 10 days, check every 1 day(s)
2025-06-03 23:42:38 - ERROR - 2025-06-03 23:42:38,165 - TharuniApp - INFO - Configuration setup completed
2025-06-03 23:42:38 - ERROR - 2025-06-03 23:42:38,167 - DataManager - INFO - DataManager initialized with OFFLINE-FIRST approach + JSON local storage
2025-06-03 23:42:38 - ERROR - 2025-06-03 23:42:38,168 - DataManager - INFO - CSV structure is up to date
2025-06-03 23:42:38 - ERROR - 2025-06-03 23:42:38,169 - DataManager - INFO - Daily PDF folder structure ready:
2025-06-03 23:42:38 - ERROR - 2025-06-03 23:42:38,170 - DataManager - INFO -   Base reports folder: data\reports
2025-06-03 23:42:38 - ERROR - 2025-06-03 23:42:38,172 - DataManager - INFO -   Today's folder: data\reports\2025-06-03
2025-06-03 23:42:38 - ERROR - 2025-06-03 23:42:38,174 - DataManager - INFO - Data file: data\weighbridge_data.csv
2025-06-03 23:42:38 - ERROR - 2025-06-03 23:42:38,175 - DataManager - INFO - Reports folder: data\reports
2025-06-03 23:42:38 - ERROR - 2025-06-03 23:42:38,176 - DataManager - INFO - JSON backup folder: data\json_backups
2025-06-03 23:42:38 - ERROR - 2025-06-03 23:42:38,177 - DataManager - INFO - PDF folder: data\reports\2025-06-03
2025-06-03 23:42:38 - ERROR - 2025-06-03 23:42:38,178 - DataManager - INFO - Cloud storage will only be initialized when backup is requested
2025-06-03 23:42:38 - ERROR - 2025-06-03 23:42:38,179 - TharuniApp - INFO - Data manager initialized
2025-06-03 23:42:38 - ERROR - 2025-06-03 23:42:38,182 - TharuniApp - INFO - Settings storage initialized
2025-06-03 23:42:38 - PRINT - Reading weighbridge settings from: data\app_settings.json
2025-06-03 23:42:38 - PRINT - Loaded weighbridge settings: {'com_port': '', 'baud_rate': 2400, 'data_bits': 8, 'parity': 'None', 'stop_bits': 1.0, 'test_mode': True}
2025-06-03 23:42:38 - PRINT - Reading camera settings from: data\app_settings.json
2025-06-03 23:42:38 - PRINT - Loaded camera settings: {'front_camera_type': 'USB', 'front_camera_index': 0, 'front_rtsp_username': '', 'front_rtsp_password': '', 'front_rtsp_ip': '', 'front_rtsp_port': '554', 'front_rtsp_endpoint': '/stream1', 'front_http_username': '', 'front_http_password': '', 'front_http_ip': '', 'front_http_port': '80', 'front_http_endpoint': '/mjpeg', 'back_camera_type': 'USB', 'back_camera_index': 1, 'back_rtsp_username': '', 'back_rtsp_password': '', 'back_rtsp_ip': '', 'back_rtsp_port': '554', 'back_rtsp_endpoint': '/stream1', 'back_http_username': '', 'back_http_password': '', 'back_http_ip': '', 'back_http_port': '80', 'back_http_endpoint': '/mjpeg'}
2025-06-03 23:42:38 - PRINT - Settings integrity check passed
2025-06-03 23:42:38 - ERROR - 2025-06-03 23:42:38,190 - TharuniApp - INFO - UI styles initialized
2025-06-03 23:42:38 - ERROR - 2025-06-03 23:42:38,191 - TharuniApp - INFO - Starting user authentication
2025-06-04 00:24:14 - ERROR - 2025-06-04 00:24:14,501 - TharuniApp - INFO - Authentication successful: admin
2025-06-04 00:24:14 - ERROR - 2025-06-04 00:24:14,503 - TharuniApp - INFO - User logged in: admin (Role: admin)
2025-06-04 00:24:14 - ERROR - 2025-06-04 00:24:14,504 - TharuniApp - INFO - Setting up data context
2025-06-04 00:24:14 - ERROR - 2025-06-04 00:24:14,507 - DataManager - INFO - CSV structure is up to date
2025-06-04 00:24:14 - ERROR - 2025-06-04 00:24:14,510 - DataManager - INFO - Data context set to: Agency='Coastal', Site='Eluru'
2025-06-04 00:24:14 - ERROR - 2025-06-04 00:24:14,512 - DataManager - INFO - Data file: data\Coastal_Eluru_data.csv
2025-06-04 00:24:14 - ERROR - 2025-06-04 00:24:14,514 - TharuniApp - INFO - Data context initialized: Agency='Coastal', Site='Eluru'
2025-06-04 00:24:14 - ERROR - 2025-06-04 00:24:14,515 - TharuniApp - INFO - Data will be saved to: data\Coastal_Eluru_data.csv
2025-06-04 00:24:14 - ERROR - 2025-06-04 00:24:14,516 - TharuniApp - INFO - PDFs will be saved to: data\reports\2025-06-03
2025-06-04 00:24:14 - ERROR - 2025-06-04 00:24:14,517 - TharuniApp - INFO - Creating application widgets
2025-06-04 00:24:14 - ERROR - 2025-06-04 00:24:14,527 - TharuniApp - INFO - Creating main panel
2025-06-04 00:24:14 - PRINT - 🎫 FORM DEBUG: Reserving next ticket number...
2025-06-04 00:24:14 - PRINT - 🎫 CONFIG DEBUG: Reserving next ticket number...
2025-06-04 00:24:14 - PRINT - 🎫 CONFIG DEBUG: Current ticket counter value: 7
2025-06-04 00:24:14 - PRINT - 🎫 CONFIG DEBUG: Reserved ticket number: T0007
2025-06-04 00:24:14 - PRINT - 🎫 FORM DEBUG: Reserved ticket number: T0007
2025-06-04 00:24:14 - ERROR - 2025-06-04 00:24:14,537 - FormValidator - INFO - FormValidator initialized
2025-06-04 00:24:14 - PRINT - ImageHandler initialized
2025-06-04 00:24:14 - ERROR - 2025-06-04 00:24:14,549 - DataManager - INFO - Successfully loaded 9 records from data\Coastal_Eluru_data.csv
2025-06-04 00:24:14 - PRINT - 🔍 Detecting available USB cameras...
2025-06-04 00:24:14 - PRINT - Error detecting cameras: type object 'RobustCameraView' has no attribute 'detect_available_cameras'
2025-06-04 00:24:14 - PRINT - Reading camera settings from: data\app_settings.json
2025-06-04 00:24:14 - PRINT - Loaded camera settings: {'front_camera_type': 'USB', 'front_camera_index': 0, 'front_rtsp_username': '', 'front_rtsp_password': '', 'front_rtsp_ip': '', 'front_rtsp_port': '554', 'front_rtsp_endpoint': '/stream1', 'front_http_username': '', 'front_http_password': '', 'front_http_ip': '', 'front_http_port': '80', 'front_http_endpoint': '/mjpeg', 'back_camera_type': 'USB', 'back_camera_index': 1, 'back_rtsp_username': '', 'back_rtsp_password': '', 'back_rtsp_ip': '', 'back_rtsp_port': '554', 'back_rtsp_endpoint': '/stream1', 'back_http_username': '', 'back_http_password': '', 'back_http_ip': '', 'back_http_port': '80', 'back_http_endpoint': '/mjpeg'}
2025-06-04 00:24:14 - PRINT - Front camera configured for USB index: 0
2025-06-04 00:24:14 - PRINT - Back camera configured for USB index: 1
2025-06-04 00:24:14 - PRINT - Camera settings loaded and applied to robust feed system
2025-06-04 00:24:15 - ERROR - 2025-06-04 00:24:15,141 - DataManager - INFO - Successfully loaded 9 records from data\Coastal_Eluru_data.csv
2025-06-04 00:24:15 - ERROR - 2025-06-04 00:24:15,142 - TharuniApp - INFO - Main form created
2025-06-04 00:24:15 - ERROR - 2025-06-04 00:24:15,145 - DataManager - INFO - CSV structure is up to date
2025-06-04 00:24:15 - ERROR - 2025-06-04 00:24:15,146 - DataManager - INFO - Data context set to: Agency='Coastal', Site='Eluru'
2025-06-04 00:24:15 - ERROR - 2025-06-04 00:24:15,146 - DataManager - INFO - Data file: data\Coastal_Eluru_data.csv
2025-06-04 00:24:15 - PRINT - Updated data context: Coastal_Eluru
2025-06-04 00:24:15 - ERROR - 2025-06-04 00:24:15,149 - DataManager - INFO - CSV structure is up to date
2025-06-04 00:24:15 - ERROR - 2025-06-04 00:24:15,150 - DataManager - INFO - Data context set to: Agency='Coastal', Site='Eluru'
2025-06-04 00:24:15 - ERROR - 2025-06-04 00:24:15,151 - DataManager - INFO - Data file: data\Coastal_Eluru_data.csv
2025-06-04 00:24:15 - PRINT - Updated data context: Coastal_Eluru
2025-06-04 00:24:15 - ERROR - 2025-06-04 00:24:15,154 - DataManager - INFO - CSV structure is up to date
2025-06-04 00:24:15 - ERROR - 2025-06-04 00:24:15,155 - DataManager - INFO - Data context set to: Agency='Coastal', Site='Eluru'
2025-06-04 00:24:15 - ERROR - 2025-06-04 00:24:15,157 - DataManager - INFO - Data file: data\Coastal_Eluru_data.csv
2025-06-04 00:24:15 - PRINT - Updated data context: Coastal_Eluru
2025-06-04 00:24:15 - ERROR - 2025-06-04 00:24:15,159 - PendingVehiclesPanel - INFO - PendingVehiclesPanel initialized
2025-06-04 00:24:15 - PRINT - 🚛 PENDING DEBUG: Refreshing pending vehicles list...
2025-06-04 00:24:15 - ERROR - 2025-06-04 00:24:15,167 - PendingVehiclesPanel - INFO - Refreshing pending vehicles list
2025-06-04 00:24:15 - ERROR - 2025-06-04 00:24:15,168 - DataManager - INFO - Successfully loaded 9 records from data\Coastal_Eluru_data.csv
2025-06-04 00:24:15 - PRINT - 🚛 PENDING DEBUG: Retrieved 9 total records
2025-06-04 00:24:15 - ERROR - 2025-06-04 00:24:15,170 - PendingVehiclesPanel - INFO - Retrieved 9 total records
2025-06-04 00:24:15 - PRINT - 🚛 PENDING DEBUG: Checking ticket T0031:
2025-06-04 00:24:15 - PRINT -    - first_weight: '32340.00' (has: True)
2025-06-04 00:24:15 - PRINT -    - first_timestamp: '03-06-2025 18:16:07' (has: True)
2025-06-04 00:24:15 - PRINT -    - second_weight: '14630.00' (has: True)
2025-06-04 00:24:15 - PRINT -    - second_timestamp: '03-06-2025 18:16:12' (has: True)
2025-06-04 00:24:15 - PRINT -    - has_first: True, missing_second: False
2025-06-04 00:24:15 - PRINT - 🚛 PENDING DEBUG: ⏭️  Skipped ticket T0031 - not pending
2025-06-04 00:24:15 - PRINT - 🚛 PENDING DEBUG: Checking ticket T0032:
2025-06-04 00:24:15 - PRINT -    - first_weight: '41900.00' (has: True)
2025-06-04 00:24:15 - PRINT -    - first_timestamp: '03-06-2025 18:40:02' (has: True)
2025-06-04 00:24:15 - PRINT -    - second_weight: '10350.00' (has: True)
2025-06-04 00:24:15 - PRINT -    - second_timestamp: '03-06-2025 18:40:19' (has: True)
2025-06-04 00:24:15 - PRINT -    - has_first: True, missing_second: False
2025-06-04 00:24:15 - PRINT - 🚛 PENDING DEBUG: ⏭️  Skipped ticket T0032 - not pending
2025-06-04 00:24:15 - PRINT - 🚛 PENDING DEBUG: Checking ticket T0033:
2025-06-04 00:24:15 - PRINT -    - first_weight: '21440.00' (has: True)
2025-06-04 00:24:15 - PRINT -    - first_timestamp: '03-06-2025 20:08:54' (has: True)
2025-06-04 00:24:15 - PRINT -    - second_weight: '8650.00' (has: True)
2025-06-04 00:24:15 - PRINT -    - second_timestamp: '03-06-2025 20:09:13' (has: True)
2025-06-04 00:24:15 - PRINT -    - has_first: True, missing_second: False
2025-06-04 00:24:15 - PRINT - 🚛 PENDING DEBUG: ⏭️  Skipped ticket T0033 - not pending
2025-06-04 00:24:15 - PRINT - 🚛 PENDING DEBUG: Checking ticket T0001:
2025-06-04 00:24:15 - PRINT -    - first_weight: '18310.00' (has: True)
2025-06-04 00:24:15 - PRINT -    - first_timestamp: '03-06-2025 20:11:03' (has: True)
2025-06-04 00:24:15 - PRINT -    - second_weight: '6050.00' (has: True)
2025-06-04 00:24:15 - PRINT -    - second_timestamp: '03-06-2025 20:12:07' (has: True)
2025-06-04 00:24:15 - PRINT -    - has_first: True, missing_second: False
2025-06-04 00:24:15 - PRINT - 🚛 PENDING DEBUG: ⏭️  Skipped ticket T0001 - not pending
2025-06-04 00:24:15 - PRINT - 🚛 PENDING DEBUG: Checking ticket T0002:
2025-06-04 00:24:15 - PRINT -    - first_weight: '15970.00' (has: True)
2025-06-04 00:24:15 - PRINT -    - first_timestamp: '03-06-2025 20:11:22' (has: True)
2025-06-04 00:24:15 - PRINT -    - second_weight: '5320.00' (has: True)
2025-06-04 00:24:15 - PRINT -    - second_timestamp: '03-06-2025 20:12:18' (has: True)
2025-06-04 00:24:15 - PRINT -    - has_first: True, missing_second: False
2025-06-04 00:24:15 - PRINT - 🚛 PENDING DEBUG: ⏭️  Skipped ticket T0002 - not pending
2025-06-04 00:24:15 - PRINT - 🚛 PENDING DEBUG: Checking ticket T0003:
2025-06-04 00:24:15 - PRINT -    - first_weight: '29910.00' (has: True)
2025-06-04 00:24:15 - PRINT -    - first_timestamp: '03-06-2025 20:11:44' (has: True)
2025-06-04 00:24:15 - PRINT -    - second_weight: '12080.00' (has: True)
2025-06-04 00:24:15 - PRINT -    - second_timestamp: '03-06-2025 20:11:54' (has: True)
2025-06-04 00:24:15 - PRINT -    - has_first: True, missing_second: False
2025-06-04 00:24:15 - PRINT - 🚛 PENDING DEBUG: ⏭️  Skipped ticket T0003 - not pending
2025-06-04 00:24:15 - PRINT - 🚛 PENDING DEBUG: Checking ticket T0004:
2025-06-04 00:24:15 - PRINT -    - first_weight: '16410.00' (has: True)
2025-06-04 00:24:15 - PRINT -    - first_timestamp: '03-06-2025 23:31:40' (has: True)
2025-06-04 00:24:15 - PRINT -    - second_weight: '12100.00' (has: True)
2025-06-04 00:24:15 - PRINT -    - second_timestamp: '03-06-2025 23:32:31' (has: True)
2025-06-04 00:24:15 - PRINT -    - has_first: True, missing_second: False
2025-06-04 00:24:15 - PRINT - 🚛 PENDING DEBUG: ⏭️  Skipped ticket T0004 - not pending
2025-06-04 00:24:15 - PRINT - 🚛 PENDING DEBUG: Checking ticket T0005:
2025-06-04 00:24:15 - PRINT -    - first_weight: '28940.00' (has: True)
2025-06-04 00:24:15 - PRINT -    - first_timestamp: '03-06-2025 23:31:54' (has: True)
2025-06-04 00:24:15 - PRINT -    - second_weight: '11150.00' (has: True)
2025-06-04 00:24:15 - PRINT -    - second_timestamp: '03-06-2025 23:32:43' (has: True)
2025-06-04 00:24:15 - PRINT -    - has_first: True, missing_second: False
2025-06-04 00:24:15 - PRINT - 🚛 PENDING DEBUG: ⏭️  Skipped ticket T0005 - not pending
2025-06-04 00:24:15 - PRINT - 🚛 PENDING DEBUG: Checking ticket T0006:
2025-06-04 00:24:15 - PRINT -    - first_weight: '18740.00' (has: True)
2025-06-04 00:24:15 - PRINT -    - first_timestamp: '03-06-2025 23:32:13' (has: True)
2025-06-04 00:24:15 - PRINT -    - second_weight: '8380.00' (has: True)
2025-06-04 00:24:15 - PRINT -    - second_timestamp: '03-06-2025 23:32:18' (has: True)
2025-06-04 00:24:15 - PRINT -    - has_first: True, missing_second: False
2025-06-04 00:24:15 - PRINT - 🚛 PENDING DEBUG: ⏭️  Skipped ticket T0006 - not pending
2025-06-04 00:24:15 - PRINT - 🚛 PENDING DEBUG: Found 0 pending records
2025-06-04 00:24:15 - ERROR - 2025-06-04 00:24:15,231 - PendingVehiclesPanel - INFO - Found 0 pending records
2025-06-04 00:24:15 - PRINT - 🚛 PENDING DEBUG: ✅ Successfully refreshed pending list with 0 items
2025-06-04 00:24:15 - ERROR - 2025-06-04 00:24:15,232 - PendingVehiclesPanel - INFO - Successfully refreshed pending list with 0 items
2025-06-04 00:24:15 - ERROR - 2025-06-04 00:24:15,233 - TharuniApp - INFO - Pending vehicles panel created
2025-06-04 00:24:15 - ERROR - 2025-06-04 00:24:15,500 - TharuniApp - INFO - Main panel creation completed
2025-06-04 00:24:15 - ERROR - 2025-06-04 00:24:15,510 - TharuniApp - INFO - Summary panel created
2025-06-04 00:24:15 - PRINT - ❌ Could not find data_manager anywhere
2025-06-04 00:24:15 - PRINT - Available attributes in self:
2025-06-04 00:24:15 - PRINT - ['data_bits_var', 'find_data_manager']
2025-06-04 00:24:15 - PRINT - Loading saved settings...
2025-06-04 00:24:15 - PRINT - Reading weighbridge settings from: data\app_settings.json
2025-06-04 00:24:15 - PRINT - Loaded weighbridge settings: {'com_port': '', 'baud_rate': 2400, 'data_bits': 8, 'parity': 'None', 'stop_bits': 1.0, 'test_mode': True}
2025-06-04 00:24:15 - PRINT - WeighbridgeManager test mode set to: True
2025-06-04 00:24:15 - PRINT - Applied test mode True to weighbridge manager
2025-06-04 00:24:15 - PRINT - Loaded weighbridge settings with test mode: True
2025-06-04 00:24:15 - PRINT - Reading camera settings from: data\app_settings.json
2025-06-04 00:24:15 - PRINT - Loaded camera settings: {'front_camera_type': 'USB', 'front_camera_index': 0, 'front_rtsp_username': '', 'front_rtsp_password': '', 'front_rtsp_ip': '', 'front_rtsp_port': '554', 'front_rtsp_endpoint': '/stream1', 'front_http_username': '', 'front_http_password': '', 'front_http_ip': '', 'front_http_port': '80', 'front_http_endpoint': '/mjpeg', 'back_camera_type': 'USB', 'back_camera_index': 1, 'back_rtsp_username': '', 'back_rtsp_password': '', 'back_rtsp_ip': '', 'back_rtsp_port': '554', 'back_rtsp_endpoint': '/stream1', 'back_http_username': '', 'back_http_password': '', 'back_http_ip': '', 'back_http_port': '80', 'back_http_endpoint': '/mjpeg'}
2025-06-04 00:24:15 - PRINT - Loading camera settings: {'front_camera_type': 'USB', 'front_camera_index': 0, 'front_rtsp_username': '', 'front_rtsp_password': '', 'front_rtsp_ip': '', 'front_rtsp_port': '554', 'front_rtsp_endpoint': '/stream1', 'front_http_username': '', 'front_http_password': '', 'front_http_ip': '', 'front_http_port': '80', 'front_http_endpoint': '/mjpeg', 'back_camera_type': 'USB', 'back_camera_index': 1, 'back_rtsp_username': '', 'back_rtsp_password': '', 'back_rtsp_ip': '', 'back_rtsp_port': '554', 'back_rtsp_endpoint': '/stream1', 'back_http_username': '', 'back_http_password': '', 'back_http_ip': '', 'back_http_port': '80', 'back_http_endpoint': '/mjpeg'}
2025-06-04 00:24:15 - PRINT - Camera settings loaded successfully
2025-06-04 00:24:15 - PRINT - All settings loaded successfully
2025-06-04 00:24:15 - ERROR - 2025-06-04 00:24:15,776 - TharuniApp - INFO - ✅ Data manager reference set in settings panel
2025-06-04 00:24:15 - ERROR - 2025-06-04 00:24:15,777 - TharuniApp - INFO - Widget creation completed successfully
2025-06-04 00:24:15 - PRINT - 🚛 PENDING DEBUG: Refreshing pending vehicles list...
2025-06-04 00:24:15 - ERROR - 2025-06-04 00:24:15,780 - PendingVehiclesPanel - INFO - Refreshing pending vehicles list
2025-06-04 00:24:15 - ERROR - 2025-06-04 00:24:15,782 - DataManager - INFO - Successfully loaded 9 records from data\Coastal_Eluru_data.csv
2025-06-04 00:24:15 - PRINT - 🚛 PENDING DEBUG: Retrieved 9 total records
2025-06-04 00:24:15 - ERROR - 2025-06-04 00:24:15,783 - PendingVehiclesPanel - INFO - Retrieved 9 total records
2025-06-04 00:24:15 - PRINT - 🚛 PENDING DEBUG: Checking ticket T0031:
2025-06-04 00:24:15 - PRINT -    - first_weight: '32340.00' (has: True)
2025-06-04 00:24:15 - PRINT -    - first_timestamp: '03-06-2025 18:16:07' (has: True)
2025-06-04 00:24:15 - PRINT -    - second_weight: '14630.00' (has: True)
2025-06-04 00:24:15 - PRINT -    - second_timestamp: '03-06-2025 18:16:12' (has: True)
2025-06-04 00:24:15 - PRINT -    - has_first: True, missing_second: False
2025-06-04 00:24:15 - PRINT - 🚛 PENDING DEBUG: ⏭️  Skipped ticket T0031 - not pending
2025-06-04 00:24:15 - PRINT - 🚛 PENDING DEBUG: Checking ticket T0032:
2025-06-04 00:24:15 - PRINT -    - first_weight: '41900.00' (has: True)
2025-06-04 00:24:15 - PRINT -    - first_timestamp: '03-06-2025 18:40:02' (has: True)
2025-06-04 00:24:15 - PRINT -    - second_weight: '10350.00' (has: True)
2025-06-04 00:24:15 - PRINT -    - second_timestamp: '03-06-2025 18:40:19' (has: True)
2025-06-04 00:24:15 - PRINT -    - has_first: True, missing_second: False
2025-06-04 00:24:15 - PRINT - 🚛 PENDING DEBUG: ⏭️  Skipped ticket T0032 - not pending
2025-06-04 00:24:15 - PRINT - 🚛 PENDING DEBUG: Checking ticket T0033:
2025-06-04 00:24:15 - PRINT -    - first_weight: '21440.00' (has: True)
2025-06-04 00:24:15 - PRINT -    - first_timestamp: '03-06-2025 20:08:54' (has: True)
2025-06-04 00:24:15 - PRINT -    - second_weight: '8650.00' (has: True)
2025-06-04 00:24:15 - PRINT -    - second_timestamp: '03-06-2025 20:09:13' (has: True)
2025-06-04 00:24:15 - PRINT -    - has_first: True, missing_second: False
2025-06-04 00:24:15 - PRINT - 🚛 PENDING DEBUG: ⏭️  Skipped ticket T0033 - not pending
2025-06-04 00:24:15 - PRINT - 🚛 PENDING DEBUG: Checking ticket T0001:
2025-06-04 00:24:15 - PRINT -    - first_weight: '18310.00' (has: True)
2025-06-04 00:24:15 - PRINT -    - first_timestamp: '03-06-2025 20:11:03' (has: True)
2025-06-04 00:24:15 - PRINT -    - second_weight: '6050.00' (has: True)
2025-06-04 00:24:15 - PRINT -    - second_timestamp: '03-06-2025 20:12:07' (has: True)
2025-06-04 00:24:15 - PRINT -    - has_first: True, missing_second: False
2025-06-04 00:24:15 - PRINT - 🚛 PENDING DEBUG: ⏭️  Skipped ticket T0001 - not pending
2025-06-04 00:24:15 - PRINT - 🚛 PENDING DEBUG: Checking ticket T0002:
2025-06-04 00:24:15 - PRINT -    - first_weight: '15970.00' (has: True)
2025-06-04 00:24:15 - PRINT -    - first_timestamp: '03-06-2025 20:11:22' (has: True)
2025-06-04 00:24:15 - PRINT -    - second_weight: '5320.00' (has: True)
2025-06-04 00:24:15 - PRINT -    - second_timestamp: '03-06-2025 20:12:18' (has: True)
2025-06-04 00:24:15 - PRINT -    - has_first: True, missing_second: False
2025-06-04 00:24:15 - PRINT - 🚛 PENDING DEBUG: ⏭️  Skipped ticket T0002 - not pending
2025-06-04 00:24:15 - PRINT - 🚛 PENDING DEBUG: Checking ticket T0003:
2025-06-04 00:24:15 - PRINT -    - first_weight: '29910.00' (has: True)
2025-06-04 00:24:15 - PRINT -    - first_timestamp: '03-06-2025 20:11:44' (has: True)
2025-06-04 00:24:15 - PRINT -    - second_weight: '12080.00' (has: True)
2025-06-04 00:24:15 - PRINT -    - second_timestamp: '03-06-2025 20:11:54' (has: True)
2025-06-04 00:24:15 - PRINT -    - has_first: True, missing_second: False
2025-06-04 00:24:15 - PRINT - 🚛 PENDING DEBUG: ⏭️  Skipped ticket T0003 - not pending
2025-06-04 00:24:15 - PRINT - 🚛 PENDING DEBUG: Checking ticket T0004:
2025-06-04 00:24:15 - PRINT -    - first_weight: '16410.00' (has: True)
2025-06-04 00:24:15 - PRINT -    - first_timestamp: '03-06-2025 23:31:40' (has: True)
2025-06-04 00:24:15 - PRINT -    - second_weight: '12100.00' (has: True)
2025-06-04 00:24:15 - PRINT -    - second_timestamp: '03-06-2025 23:32:31' (has: True)
2025-06-04 00:24:15 - PRINT -    - has_first: True, missing_second: False
2025-06-04 00:24:15 - PRINT - 🚛 PENDING DEBUG: ⏭️  Skipped ticket T0004 - not pending
2025-06-04 00:24:15 - PRINT - 🚛 PENDING DEBUG: Checking ticket T0005:
2025-06-04 00:24:15 - PRINT -    - first_weight: '28940.00' (has: True)
2025-06-04 00:24:15 - PRINT -    - first_timestamp: '03-06-2025 23:31:54' (has: True)
2025-06-04 00:24:15 - PRINT -    - second_weight: '11150.00' (has: True)
2025-06-04 00:24:15 - PRINT -    - second_timestamp: '03-06-2025 23:32:43' (has: True)
2025-06-04 00:24:15 - PRINT -    - has_first: True, missing_second: False
2025-06-04 00:24:15 - PRINT - 🚛 PENDING DEBUG: ⏭️  Skipped ticket T0005 - not pending
2025-06-04 00:24:15 - PRINT - 🚛 PENDING DEBUG: Checking ticket T0006:
2025-06-04 00:24:15 - PRINT -    - first_weight: '18740.00' (has: True)
2025-06-04 00:24:15 - PRINT -    - first_timestamp: '03-06-2025 23:32:13' (has: True)
2025-06-04 00:24:15 - PRINT -    - second_weight: '8380.00' (has: True)
2025-06-04 00:24:15 - PRINT -    - second_timestamp: '03-06-2025 23:32:18' (has: True)
2025-06-04 00:24:15 - PRINT -    - has_first: True, missing_second: False
2025-06-04 00:24:15 - PRINT - 🚛 PENDING DEBUG: ⏭️  Skipped ticket T0006 - not pending
2025-06-04 00:24:15 - PRINT - 🚛 PENDING DEBUG: Found 0 pending records
2025-06-04 00:24:15 - ERROR - 2025-06-04 00:24:15,850 - PendingVehiclesPanel - INFO - Found 0 pending records
2025-06-04 00:24:15 - PRINT - 🚛 PENDING DEBUG: ✅ Successfully refreshed pending list with 0 items
2025-06-04 00:24:15 - ERROR - 2025-06-04 00:24:15,851 - PendingVehiclesPanel - INFO - Successfully refreshed pending list with 0 items
2025-06-04 00:24:15 - ERROR - 2025-06-04 00:24:15,855 - DataManager - INFO - Created new daily folder: data\reports\04-06
2025-06-04 00:24:15 - PRINT - 📂 Loaded 2 items from queue file
2025-06-04 00:24:15 - PRINT - 📥 Queue initialized with 2 items
2025-06-04 00:24:15 - PRINT - 🚀 Fast sync manager initialized with parallel processing
2025-06-04 00:24:15 - PRINT - 🔍 Connectivity checker started (silent mode)
2025-06-04 00:24:15 - PRINT - 🎛️ Enhanced connectivity UI initialized with fast sync (silent mode)
2025-06-04 00:24:15 - PRINT - ✅ Enhanced FAST connectivity added to app
2025-06-04 00:24:15 - PRINT - 🔄 Connectivity changed: 🌐 ONLINE
2025-06-04 00:24:15 - ERROR - 2025-06-04 00:24:15,874 - TharuniApp - INFO - Application initialization completed successfully
2025-06-04 00:24:16 - PRINT - 🔄 Connectivity status changed: 🌐 Online
2025-06-04 00:24:16 - PRINT - 🌐 Internet connection detected - starting ENHANCED FAST SYNC for 2 items
2025-06-04 00:24:16 - PRINT - 🔥 Starting enhanced sync for 2 items
2025-06-04 00:24:16 - PRINT - 🔥 Starting ENHANCED FAST SYNC to FLUSH ALL 2 items from queue
2025-06-04 00:24:16 - PRINT - 🔥 ENHANCED FAST SYNC: FLUSHING ENTIRE QUEUE...
2025-06-04 00:24:16 - PRINT - 🚀 Enhanced sync started - will check if queue is empty in 30 seconds
2025-06-04 00:24:16 - PRINT - ⚡ Processing batch of 2 items with 5 parallel workers...
2025-06-04 00:24:16 - ERROR - 2025-06-04 00:24:16,785 - TharuniApp - INFO - Ensuring settings persistence...
2025-06-04 00:24:16 - PRINT - Reading weighbridge settings from: data\app_settings.json
2025-06-04 00:24:16 - PRINT - Loaded weighbridge settings: {'com_port': '', 'baud_rate': 2400, 'data_bits': 8, 'parity': 'None', 'stop_bits': 1.0, 'test_mode': True}
2025-06-04 00:24:16 - PRINT - Reading camera settings from: data\app_settings.json
2025-06-04 00:24:16 - PRINT - Loaded camera settings: {'front_camera_type': 'USB', 'front_camera_index': 0, 'front_rtsp_username': '', 'front_rtsp_password': '', 'front_rtsp_ip': '', 'front_rtsp_port': '554', 'front_rtsp_endpoint': '/stream1', 'front_http_username': '', 'front_http_password': '', 'front_http_ip': '', 'front_http_port': '80', 'front_http_endpoint': '/mjpeg', 'back_camera_type': 'USB', 'back_camera_index': 1, 'back_rtsp_username': '', 'back_rtsp_password': '', 'back_rtsp_ip': '', 'back_rtsp_port': '554', 'back_rtsp_endpoint': '/stream1', 'back_http_username': '', 'back_http_password': '', 'back_http_ip': '', 'back_http_port': '80', 'back_http_endpoint': '/mjpeg'}
2025-06-04 00:24:16 - PRINT - Settings integrity check passed
2025-06-04 00:24:16 - PRINT - Reading weighbridge settings from: data\app_settings.json
2025-06-04 00:24:16 - PRINT - Loaded weighbridge settings: {'com_port': '', 'baud_rate': 2400, 'data_bits': 8, 'parity': 'None', 'stop_bits': 1.0, 'test_mode': True}
2025-06-04 00:24:16 - ERROR - 2025-06-04 00:24:16,818 - TharuniApp - INFO - Settings persistence check completed
2025-06-04 00:24:16 - PRINT - ✅ Successfully connected to GCS bucket: advitia-weighbridge-data
2025-06-04 00:24:16 - ERROR - 2025-06-04 00:24:16,994 - DataManager - INFO - Cloud storage initialized on demand
2025-06-04 00:24:17 - PRINT - ✅ Saved JSON record as Coastal/Eluru/2025-06-04/json_backups/Coastal/Eluru/T0004/20250604_002416.json
2025-06-04 00:24:17 - ERROR - 2025-06-04 00:24:17,388 - DataManager - INFO - Record T0004 successfully saved to cloud at Coastal/Eluru/T0004/20250604_002416.json
2025-06-04 00:24:17 - ERROR - 2025-06-04 00:24:17,389 - DataManager - INFO - No images found to upload for ticket T0004
2025-06-04 00:24:17 - PRINT - ✅ 1/2: T0004 (0/0 images)
2025-06-04 00:24:17 - PRINT - ✅ Saved JSON record as Coastal/Eluru/2025-06-04/json_backups/Coastal/Eluru/T0005/20250604_002417.json
2025-06-04 00:24:17 - ERROR - 2025-06-04 00:24:17,466 - DataManager - INFO - Record T0005 successfully saved to cloud at Coastal/Eluru/T0005/20250604_002417.json
2025-06-04 00:24:17 - ERROR - 2025-06-04 00:24:17,467 - DataManager - INFO - No images found to upload for ticket T0005
2025-06-04 00:24:17 - PRINT - ✅ 2/2: T0005 (0/0 images)
2025-06-04 00:24:17 - PRINT - 🗑️ Batch removing 2 successful items from queue...
2025-06-04 00:24:17 - PRINT - 🗑️ Batch removed 2 items from queue (Queue size: 0)
2025-06-04 00:24:17 - PRINT - 📊 Batch complete: 2 synced, 0 failed, 0 remaining
2025-06-04 00:24:17 - PRINT - 📭 Queue is now empty - sync complete!
2025-06-04 00:24:17 - PRINT - 🔥 ENHANCED FAST SYNC COMPLETED in 0.95s:
2025-06-04 00:24:17 - PRINT -    ✅ Total Synced: 2 records
2025-06-04 00:24:17 - PRINT -    🖼️ Total Images: 0
2025-06-04 00:24:17 - PRINT -    ❌ Total Failed: 0
2025-06-04 00:24:17 - PRINT -    📋 Remaining: 0
2025-06-04 00:24:17 - PRINT -    📊 Average Speed: 2.1 records/sec
2025-06-04 00:24:17 - PRINT - 🎉 QUEUE FLUSHED! Successfully synced 2 records to cloud in 0.95s!
2025-06-04 00:24:17 - PRINT - 🏆 QUEUE IS NOW COMPLETELY EMPTY!
2025-06-04 00:24:17 - PRINT - 🏁 Enhanced fast sync process completed
2025-06-04 00:24:26 - ERROR - 2025-06-04 00:24:26,827 - DataManager - INFO - Successfully loaded 9 records from data\Coastal_Eluru_data.csv
2025-06-04 00:24:26 - ERROR - 2025-06-04 00:24:26,836 - DataManager - INFO - Successfully loaded 9 records from data\Coastal_Eluru_data.csv
2025-06-04 00:24:26 - ERROR - 2025-06-04 00:24:26,838 - DataManager - INFO - Successfully loaded 9 records from data\Coastal_Eluru_data.csv
2025-06-04 00:24:27 - ERROR - 2025-06-04 00:24:27,319 - DataManager - INFO - Successfully loaded 9 records from data\Coastal_Eluru_data.csv
2025-06-04 00:24:27 - ERROR - 2025-06-04 00:24:27,322 - DataManager - INFO - Successfully loaded 9 records from data\Coastal_Eluru_data.csv
2025-06-04 00:24:28 - PRINT - Capture weight called
2025-06-04 00:24:28 - PRINT - Checking test mode...
2025-06-04 00:24:28 - PRINT - Could not find main app after 8 attempts
2025-06-04 00:24:28 - PRINT - Creating new SettingsStorage instance
2025-06-04 00:24:28 - PRINT - Reading weighbridge settings from: data\app_settings.json
2025-06-04 00:24:28 - PRINT - Loaded weighbridge settings: {'com_port': '', 'baud_rate': 2400, 'data_bits': 8, 'parity': 'None', 'stop_bits': 1.0, 'test_mode': True}
2025-06-04 00:24:28 - PRINT - Test mode from settings storage: True
2025-06-04 00:24:28 - PRINT - Test mode is enabled - generating random weight
2025-06-04 00:24:28 - PRINT - Generating weight for first weighment
2025-06-04 00:24:28 - PRINT - First weighment - generated: 21912.363268020126
2025-06-04 00:24:28 - PRINT - Generated random weight: 21910.0 kg
2025-06-04 00:24:28 - PRINT - Processing captured weight: 21910.0
2025-06-04 00:24:28 - PRINT - Checking test mode...
2025-06-04 00:24:28 - PRINT - Could not find main app after 8 attempts
2025-06-04 00:24:28 - PRINT - Creating new SettingsStorage instance
2025-06-04 00:24:28 - PRINT - Reading weighbridge settings from: data\app_settings.json
2025-06-04 00:24:28 - PRINT - Loaded weighbridge settings: {'com_port': '', 'baud_rate': 2400, 'data_bits': 8, 'parity': 'None', 'stop_bits': 1.0, 'test_mode': True}
2025-06-04 00:24:28 - PRINT - Test mode from settings storage: True
2025-06-04 00:24:29 - ERROR - 2025-06-04 00:24:29,134 - DataManager - INFO - Successfully loaded 9 records from data\Coastal_Eluru_data.csv
2025-06-04 00:24:29 - ERROR - 2025-06-04 00:24:29,135 - DataManager - INFO - Successfully loaded 9 records from data\Coastal_Eluru_data.csv
2025-06-04 00:24:31 - ERROR - 2025-06-04 00:24:31,323 - TharuniApp - INFO - ==================================================
2025-06-04 00:24:31 - ERROR - 2025-06-04 00:24:31,325 - TharuniApp - INFO - SAVE RECORD OPERATION STARTED WITH SMART TICKET FLOW
2025-06-04 00:24:31 - ERROR - 2025-06-04 00:24:31,327 - FormValidator - INFO - Starting comprehensive form validation
2025-06-04 00:24:31 - ERROR - 2025-06-04 00:24:31,329 - FormValidator - INFO - Validating basic fields
2025-06-04 00:24:31 - ERROR - 2025-06-04 00:24:31,331 - FormValidator - INFO - Field values: ticket='T0007', vehicle='AP04AP4444', agency='Coastal'
2025-06-04 00:24:31 - ERROR - 2025-06-04 00:24:31,333 - FormValidator - INFO - Basic validation passed
2025-06-04 00:24:31 - ERROR - 2025-06-04 00:24:31,334 - FormValidator - INFO - Validating weighment data
2025-06-04 00:24:31 - ERROR - 2025-06-04 00:24:31,335 - FormValidator - INFO - Weighment data: first_weight='21910.00', first_timestamp='04-06-2025 00:24:28', second_weight='', second_timestamp=''
2025-06-04 00:24:31 - ERROR - 2025-06-04 00:24:31,336 - FormValidator - INFO - Weighment validation passed
2025-06-04 00:24:31 - ERROR - 2025-06-04 00:24:31,338 - FormValidator - INFO - Validating images for second weighment
2025-06-04 00:24:31 - ERROR - 2025-06-04 00:24:31,339 - FormValidator - INFO - Images validation for second: front=False, back=False
2025-06-04 00:24:32 - ERROR - 2025-06-04 00:24:32,339 - DataManager - INFO - Successfully loaded 9 records from data\Coastal_Eluru_data.csv
2025-06-04 00:24:32 - ERROR - 2025-06-04 00:24:32,340 - DataManager - INFO - Successfully loaded 9 records from data\Coastal_Eluru_data.csv
2025-06-04 00:24:32 - ERROR - 2025-06-04 00:24:32,346 - FormValidator - INFO - User chose to continue without images
2025-06-04 00:24:32 - ERROR - 2025-06-04 00:24:32,347 - FormValidator - INFO - Form validation passed successfully
2025-06-04 00:24:32 - PRINT - Get all image filenames returning: {'first_front_image': '', 'first_back_image': '', 'second_front_image': '', 'second_back_image': ''}
2025-06-04 00:24:32 - PRINT - DEBUG - User name var: 'admin'
2025-06-04 00:24:32 - PRINT - DEBUG - Site incharge var: 'Vishnu'
2025-06-04 00:24:32 - PRINT - DEBUG - Net weight var: ''
2025-06-04 00:24:32 - PRINT - DEBUG - Final data user_name: 'admin'
2025-06-04 00:24:32 - PRINT - DEBUG - Final data site_incharge: 'Vishnu'
2025-06-04 00:24:32 - PRINT - DEBUG - Final data net_weight: ''
2025-06-04 00:24:32 - PRINT - 🎫 TICKET FLOW DEBUG: Starting save for ticket: T0007
2025-06-04 00:24:32 - ERROR - 2025-06-04 00:24:32,360 - TharuniApp - INFO - Saving record for ticket: T0007
2025-06-04 00:24:32 - ERROR - 2025-06-04 00:24:32,361 - DataManager - INFO - Successfully loaded 9 records from data\Coastal_Eluru_data.csv
2025-06-04 00:24:32 - ERROR - 2025-06-04 00:24:32,362 - DataManager - INFO - Filtered 9 records to 0 using filter: 't0007'
2025-06-04 00:24:32 - PRINT - 🎫 TICKET FLOW DEBUG: This is a NEW record: T0007
2025-06-04 00:24:32 - ERROR - 2025-06-04 00:24:32,364 - TharuniApp - INFO - Adding new record: T0007
2025-06-04 00:24:32 - ERROR - 2025-06-04 00:24:32,365 - TharuniApp - INFO - Calling data_manager.save_record for T0007
2025-06-04 00:24:32 - ERROR - 2025-06-04 00:24:32,366 - DataManager - INFO - ==================================================
2025-06-04 00:24:32 - ERROR - 2025-06-04 00:24:32,367 - DataManager - INFO - STARTING OFFLINE-FIRST RECORD SAVE
2025-06-04 00:24:32 - ERROR - 2025-06-04 00:24:32,368 - DataManager - INFO - Input data keys: ['date', 'time', 'site_name', 'agency_name', 'material', 'ticket_no', 'vehicle_no', 'transfer_party_name', 'first_weight', 'first_timestamp', 'second_weight', 'second_timestamp', 'net_weight', 'material_type', 'first_front_image', 'first_back_image', 'second_front_image', 'second_back_image', 'site_incharge', 'user_name']
2025-06-04 00:24:32 - ERROR - 2025-06-04 00:24:32,370 - DataManager - INFO - Net weight cleared - incomplete weighments
2025-06-04 00:24:32 - ERROR - 2025-06-04 00:24:32,372 - DataManager - INFO - Using data file: data\Coastal_Eluru_data.csv
2025-06-04 00:24:32 - ERROR - 2025-06-04 00:24:32,373 - DataManager - INFO - Successfully loaded 9 records from data\Coastal_Eluru_data.csv
2025-06-04 00:24:32 - ERROR - 2025-06-04 00:24:32,375 - DataManager - INFO - Filtered 9 records to 0 using filter: 't0007'
2025-06-04 00:24:32 - ERROR - 2025-06-04 00:24:32,376 - DataManager - INFO - Adding new record: T0007
2025-06-04 00:24:32 - ERROR - 2025-06-04 00:24:32,377 - DataManager - INFO - Adding new record to CSV
2025-06-04 00:24:32 - ERROR - 2025-06-04 00:24:32,378 - DataManager - INFO - Record data: ['04-06-2025', '00:24:32', 'Eluru', 'Coastal', 'Inert', 'T0007', 'AP04AP4444', 'Coromandel', '21910.00', '04-06-2025 00:24:28', '', '', '', 'Inert', '', '', '', '', 'Vishnu', 'admin']
2025-06-04 00:24:32 - ERROR - 2025-06-04 00:24:32,379 - DataManager - INFO - ✅ New record added to data\Coastal_Eluru_data.csv
2025-06-04 00:24:32 - ERROR - 2025-06-04 00:24:32,380 - DataManager - INFO - ✅ Record T0007 saved to local CSV successfully
2025-06-04 00:24:32 - ERROR - 2025-06-04 00:24:32,381 - DataManager - INFO - Weighment analysis:
2025-06-04 00:24:32 - ERROR - 2025-06-04 00:24:32,382 - DataManager - INFO -   - Has first weighment: True
2025-06-04 00:24:32 - ERROR - 2025-06-04 00:24:32,383 - DataManager - INFO -   - Has second weighment: False
2025-06-04 00:24:32 - ERROR - 2025-06-04 00:24:32,384 - DataManager - INFO -   - Is first weighment save: True
2025-06-04 00:24:32 - ERROR - 2025-06-04 00:24:32,385 - DataManager - INFO -   - Is complete record: False
2025-06-04 00:24:32 - ERROR - 2025-06-04 00:24:32,387 - DataManager - INFO -   - Is update: False
2025-06-04 00:24:32 - ERROR - 2025-06-04 00:24:32,389 - DataManager - INFO - ✅ OFFLINE-FIRST SAVE COMPLETED - Local CSV, JSON backup, and PDF generated
2025-06-04 00:24:32 - ERROR - 2025-06-04 00:24:32,391 - DataManager - INFO - 💡 Cloud backup available via Settings > Cloud Storage > Backup
2025-06-04 00:24:32 - ERROR - 2025-06-04 00:24:32,392 - DataManager - INFO - ==================================================
2025-06-04 00:24:32 - ERROR - 2025-06-04 00:24:32,393 - TharuniApp - INFO - ✅ Record T0007 saved successfully
2025-06-04 00:24:32 - PRINT - ⏭️ Skipping incomplete record: T0007
2025-06-04 00:24:32 - PRINT - 🎫 TICKET FLOW DEBUG: Save result analysis:
2025-06-04 00:24:32 - PRINT -    - is_complete_record: False
2025-06-04 00:24:32 - PRINT -    - is_first_weighment_save: True
2025-06-04 00:24:32 - PRINT -    - is_update: False
2025-06-04 00:24:32 - PRINT - 🎫 TICKET FLOW DEBUG: NEW record - will increment counter
2025-06-04 00:24:32 - PRINT - 🎫 TICKET FLOW DEBUG: INCREMENTING ticket counter after save of T0007
2025-06-04 00:24:32 - PRINT - 🎫 FORM DEBUG: Committing current ticket number: T0007
2025-06-04 00:24:32 - PRINT - 🎫 CONFIG DEBUG: Committing ticket number increment...
2025-06-04 00:24:32 - PRINT - 🎫 CONFIG DEBUG: Incrementing counter from 7 to 8
2025-06-04 00:24:32 - PRINT - 🎫 CONFIG DEBUG: ✅ Committed ticket number: T0007, next will be: T0008
2025-06-04 00:24:32 - PRINT - 🎫 FORM DEBUG: ✅ Successfully committed ticket number: T0007
2025-06-04 00:24:32 - PRINT - 🎫 TICKET FLOW DEBUG: ✅ Ticket counter incremented from T0007
2025-06-04 00:24:32 - PRINT - 🎫 TICKET FLOW DEBUG: First weighment saved for NEW ticket T0007
2025-06-04 00:24:32 - PRINT - 🎫 FORM DEBUG: Preparing for next vehicle after first weighment
2025-06-04 00:24:32 - PRINT - Resetting all image paths
2025-06-04 00:24:32 - PRINT - Image status update: 1st=0/2, 2nd=0/2
2025-06-04 00:24:32 - PRINT - 🎫 FORM DEBUG: Reserving next ticket number...
2025-06-04 00:24:32 - PRINT - 🎫 CONFIG DEBUG: Reserving next ticket number...
2025-06-04 00:24:32 - PRINT - 🎫 CONFIG DEBUG: Current ticket counter value: 8
2025-06-04 00:24:32 - PRINT - 🎫 CONFIG DEBUG: Reserved ticket number: T0008
2025-06-04 00:24:32 - PRINT - 🎫 FORM DEBUG: Reserved ticket number: T0008
2025-06-04 00:24:32 - PRINT - 🎫 FORM DEBUG: New ticket number reserved: T0008
2025-06-04 00:24:32 - PRINT - 🎫 FORM DEBUG: Form prepared for next vehicle - new ticket: T0008
2025-06-04 00:24:32 - PRINT - 🎫 TICKET FLOW DEBUG: Generated next ticket number: T0008
2025-06-04 00:24:34 - ERROR - 2025-06-04 00:24:34,248 - DataManager - INFO - Successfully loaded 10 records from data\Coastal_Eluru_data.csv
2025-06-04 00:24:34 - ERROR - 2025-06-04 00:24:34,249 - DataManager - INFO - Successfully loaded 10 records from data\Coastal_Eluru_data.csv
2025-06-04 00:24:34 - ERROR - 2025-06-04 00:24:34,254 - DataManager - INFO - Successfully loaded 10 records from data\Coastal_Eluru_data.csv
2025-06-04 00:24:34 - ERROR - 2025-06-04 00:24:34,256 - DataManager - INFO - Returning all 10 records (no filter)
2025-06-04 00:24:34 - PRINT - 🚛 PENDING DEBUG: Refreshing pending vehicles list...
2025-06-04 00:24:34 - ERROR - 2025-06-04 00:24:34,259 - PendingVehiclesPanel - INFO - Refreshing pending vehicles list
2025-06-04 00:24:34 - ERROR - 2025-06-04 00:24:34,260 - DataManager - INFO - Successfully loaded 10 records from data\Coastal_Eluru_data.csv
2025-06-04 00:24:34 - PRINT - 🚛 PENDING DEBUG: Retrieved 10 total records
2025-06-04 00:24:34 - ERROR - 2025-06-04 00:24:34,262 - PendingVehiclesPanel - INFO - Retrieved 10 total records
2025-06-04 00:24:34 - PRINT - 🚛 PENDING DEBUG: Checking ticket T0031:
2025-06-04 00:24:34 - PRINT -    - first_weight: '32340.00' (has: True)
2025-06-04 00:24:34 - PRINT -    - first_timestamp: '03-06-2025 18:16:07' (has: True)
2025-06-04 00:24:34 - PRINT -    - second_weight: '14630.00' (has: True)
2025-06-04 00:24:34 - PRINT -    - second_timestamp: '03-06-2025 18:16:12' (has: True)
2025-06-04 00:24:34 - PRINT -    - has_first: True, missing_second: False
2025-06-04 00:24:34 - PRINT - 🚛 PENDING DEBUG: ⏭️  Skipped ticket T0031 - not pending
2025-06-04 00:24:34 - PRINT - 🚛 PENDING DEBUG: Checking ticket T0032:
2025-06-04 00:24:34 - PRINT -    - first_weight: '41900.00' (has: True)
2025-06-04 00:24:34 - PRINT -    - first_timestamp: '03-06-2025 18:40:02' (has: True)
2025-06-04 00:24:34 - PRINT -    - second_weight: '10350.00' (has: True)
2025-06-04 00:24:34 - PRINT -    - second_timestamp: '03-06-2025 18:40:19' (has: True)
2025-06-04 00:24:34 - PRINT -    - has_first: True, missing_second: False
2025-06-04 00:24:34 - PRINT - 🚛 PENDING DEBUG: ⏭️  Skipped ticket T0032 - not pending
2025-06-04 00:24:34 - PRINT - 🚛 PENDING DEBUG: Checking ticket T0033:
2025-06-04 00:24:34 - PRINT -    - first_weight: '21440.00' (has: True)
2025-06-04 00:24:34 - PRINT -    - first_timestamp: '03-06-2025 20:08:54' (has: True)
2025-06-04 00:24:34 - PRINT -    - second_weight: '8650.00' (has: True)
2025-06-04 00:24:34 - PRINT -    - second_timestamp: '03-06-2025 20:09:13' (has: True)
2025-06-04 00:24:34 - PRINT -    - has_first: True, missing_second: False
2025-06-04 00:24:34 - PRINT - 🚛 PENDING DEBUG: ⏭️  Skipped ticket T0033 - not pending
2025-06-04 00:24:34 - PRINT - 🚛 PENDING DEBUG: Checking ticket T0001:
2025-06-04 00:24:34 - PRINT -    - first_weight: '18310.00' (has: True)
2025-06-04 00:24:34 - PRINT -    - first_timestamp: '03-06-2025 20:11:03' (has: True)
2025-06-04 00:24:34 - PRINT -    - second_weight: '6050.00' (has: True)
2025-06-04 00:24:34 - PRINT -    - second_timestamp: '03-06-2025 20:12:07' (has: True)
2025-06-04 00:24:34 - PRINT -    - has_first: True, missing_second: False
2025-06-04 00:24:34 - PRINT - 🚛 PENDING DEBUG: ⏭️  Skipped ticket T0001 - not pending
2025-06-04 00:24:34 - PRINT - 🚛 PENDING DEBUG: Checking ticket T0002:
2025-06-04 00:24:34 - PRINT -    - first_weight: '15970.00' (has: True)
2025-06-04 00:24:34 - PRINT -    - first_timestamp: '03-06-2025 20:11:22' (has: True)
2025-06-04 00:24:34 - PRINT -    - second_weight: '5320.00' (has: True)
2025-06-04 00:24:34 - PRINT -    - second_timestamp: '03-06-2025 20:12:18' (has: True)
2025-06-04 00:24:34 - PRINT -    - has_first: True, missing_second: False
2025-06-04 00:24:34 - PRINT - 🚛 PENDING DEBUG: ⏭️  Skipped ticket T0002 - not pending
2025-06-04 00:24:34 - PRINT - 🚛 PENDING DEBUG: Checking ticket T0003:
2025-06-04 00:24:34 - PRINT -    - first_weight: '29910.00' (has: True)
2025-06-04 00:24:34 - PRINT -    - first_timestamp: '03-06-2025 20:11:44' (has: True)
2025-06-04 00:24:34 - PRINT -    - second_weight: '12080.00' (has: True)
2025-06-04 00:24:34 - PRINT -    - second_timestamp: '03-06-2025 20:11:54' (has: True)
2025-06-04 00:24:34 - PRINT -    - has_first: True, missing_second: False
2025-06-04 00:24:34 - PRINT - 🚛 PENDING DEBUG: ⏭️  Skipped ticket T0003 - not pending
2025-06-04 00:24:34 - PRINT - 🚛 PENDING DEBUG: Checking ticket T0004:
2025-06-04 00:24:34 - PRINT -    - first_weight: '16410.00' (has: True)
2025-06-04 00:24:34 - PRINT -    - first_timestamp: '03-06-2025 23:31:40' (has: True)
2025-06-04 00:24:34 - PRINT -    - second_weight: '12100.00' (has: True)
2025-06-04 00:24:34 - PRINT -    - second_timestamp: '03-06-2025 23:32:31' (has: True)
2025-06-04 00:24:34 - PRINT -    - has_first: True, missing_second: False
2025-06-04 00:24:34 - PRINT - 🚛 PENDING DEBUG: ⏭️  Skipped ticket T0004 - not pending
2025-06-04 00:24:34 - PRINT - 🚛 PENDING DEBUG: Checking ticket T0005:
2025-06-04 00:24:34 - PRINT -    - first_weight: '28940.00' (has: True)
2025-06-04 00:24:34 - PRINT -    - first_timestamp: '03-06-2025 23:31:54' (has: True)
2025-06-04 00:24:34 - PRINT -    - second_weight: '11150.00' (has: True)
2025-06-04 00:24:34 - PRINT -    - second_timestamp: '03-06-2025 23:32:43' (has: True)
2025-06-04 00:24:34 - PRINT -    - has_first: True, missing_second: False
2025-06-04 00:24:34 - PRINT - 🚛 PENDING DEBUG: ⏭️  Skipped ticket T0005 - not pending
2025-06-04 00:24:34 - PRINT - 🚛 PENDING DEBUG: Checking ticket T0006:
2025-06-04 00:24:34 - PRINT -    - first_weight: '18740.00' (has: True)
2025-06-04 00:24:34 - PRINT -    - first_timestamp: '03-06-2025 23:32:13' (has: True)
2025-06-04 00:24:34 - PRINT -    - second_weight: '8380.00' (has: True)
2025-06-04 00:24:34 - PRINT -    - second_timestamp: '03-06-2025 23:32:18' (has: True)
2025-06-04 00:24:34 - PRINT -    - has_first: True, missing_second: False
2025-06-04 00:24:34 - PRINT - 🚛 PENDING DEBUG: ⏭️  Skipped ticket T0006 - not pending
2025-06-04 00:24:34 - PRINT - 🚛 PENDING DEBUG: Checking ticket T0007:
2025-06-04 00:24:34 - PRINT -    - first_weight: '21910.00' (has: True)
2025-06-04 00:24:34 - PRINT -    - first_timestamp: '04-06-2025 00:24:28' (has: True)
2025-06-04 00:24:34 - PRINT -    - second_weight: '' (has: False)
2025-06-04 00:24:34 - PRINT -    - second_timestamp: '' (has: False)
2025-06-04 00:24:34 - PRINT -    - has_first: True, missing_second: True
2025-06-04 00:24:34 - PRINT - 🚛 PENDING DEBUG: ✅ Added to pending: T0007
2025-06-04 00:24:34 - ERROR - 2025-06-04 00:24:34,358 - PendingVehiclesPanel - INFO - Added to pending: T0007
2025-06-04 00:24:34 - PRINT - 🚛 PENDING DEBUG: Found 1 pending records
2025-06-04 00:24:34 - ERROR - 2025-06-04 00:24:34,361 - PendingVehiclesPanel - INFO - Found 1 pending records
2025-06-04 00:24:34 - PRINT - 🚛 PENDING DEBUG: Added to treeview: T0007 - AP04AP4444
2025-06-04 00:24:34 - PRINT - 🚛 PENDING DEBUG: ✅ Successfully refreshed pending list with 1 items
2025-06-04 00:24:34 - ERROR - 2025-06-04 00:24:34,364 - PendingVehiclesPanel - INFO - Successfully refreshed pending list with 1 items
2025-06-04 00:24:34 - PRINT - 🎫 TICKET FLOW DEBUG: Save operation completed successfully
2025-06-04 00:24:34 - ERROR - 2025-06-04 00:24:34,366 - TharuniApp - INFO - SAVE RECORD OPERATION COMPLETED SUCCESSFULLY WITH SMART TICKET FLOW
2025-06-04 00:24:34 - PRINT - 🎫 TICKET FLOW DEBUG: ==================================================
2025-06-04 00:24:34 - ERROR - 2025-06-04 00:24:34,368 - TharuniApp - INFO - ==================================================
2025-06-04 00:24:38 - ERROR - 2025-06-04 00:24:38,553 - DataManager - INFO - Successfully loaded 10 records from data\Coastal_Eluru_data.csv
2025-06-04 00:24:38 - ERROR - 2025-06-04 00:24:38,559 - DataManager - INFO - Successfully loaded 10 records from data\Coastal_Eluru_data.csv
2025-06-04 00:24:41 - ERROR - 2025-06-04 00:24:41,936 - DataManager - INFO - Successfully loaded 10 records from data\Coastal_Eluru_data.csv
2025-06-04 00:24:42 - ERROR - 2025-06-04 00:24:42,957 - DataManager - INFO - Successfully loaded 10 records from data\Coastal_Eluru_data.csv
2025-06-04 00:24:42 - ERROR - 2025-06-04 00:24:42,960 - DataManager - INFO - Successfully loaded 10 records from data\Coastal_Eluru_data.csv
2025-06-04 00:24:44 - ERROR - 2025-06-04 00:24:44,617 - DataManager - INFO - CSV structure is up to date
2025-06-04 00:24:44 - ERROR - 2025-06-04 00:24:44,619 - DataManager - INFO - Data context set to: Agency='Coastal', Site='Eluru'
2025-06-04 00:24:44 - ERROR - 2025-06-04 00:24:44,621 - DataManager - INFO - Data file: data\Coastal_Eluru_data.csv
2025-06-04 00:24:44 - PRINT - Updated data context: Coastal_Eluru
2025-06-04 00:24:45 - PRINT - Capture weight called
2025-06-04 00:24:45 - PRINT - Checking test mode...
2025-06-04 00:24:45 - PRINT - Could not find main app after 8 attempts
2025-06-04 00:24:45 - PRINT - Creating new SettingsStorage instance
2025-06-04 00:24:45 - PRINT - Reading weighbridge settings from: data\app_settings.json
2025-06-04 00:24:45 - PRINT - Loaded weighbridge settings: {'com_port': '', 'baud_rate': 2400, 'data_bits': 8, 'parity': 'None', 'stop_bits': 1.0, 'test_mode': True}
2025-06-04 00:24:45 - PRINT - Test mode from settings storage: True
2025-06-04 00:24:45 - PRINT - Test mode is enabled - generating random weight
2025-06-04 00:24:45 - PRINT - Generating weight for first weighment
2025-06-04 00:24:45 - PRINT - First weighment - generated: 21848.16131744741
2025-06-04 00:24:45 - PRINT - Generated random weight: 21850.0 kg
2025-06-04 00:24:45 - PRINT - Processing captured weight: 21850.0
2025-06-04 00:24:45 - PRINT - Checking test mode...
2025-06-04 00:24:45 - PRINT - Could not find main app after 8 attempts
2025-06-04 00:24:45 - PRINT - Creating new SettingsStorage instance
2025-06-04 00:24:45 - PRINT - Reading weighbridge settings from: data\app_settings.json
2025-06-04 00:24:45 - PRINT - Loaded weighbridge settings: {'com_port': '', 'baud_rate': 2400, 'data_bits': 8, 'parity': 'None', 'stop_bits': 1.0, 'test_mode': True}
2025-06-04 00:24:45 - PRINT - Test mode from settings storage: True
2025-06-04 00:24:46 - PRINT - 🔄 Connectivity changed: 📴 OFFLINE
2025-06-04 00:24:46 - PRINT - 🔄 Connectivity status changed: 📴 Offline
2025-06-04 00:24:46 - PRINT - 📴 Internet connection lost - will queue records offline
2025-06-04 00:24:46 - PRINT - 📴 Lost internet connection during sync
2025-06-04 00:24:49 - ERROR - 2025-06-04 00:24:49,118 - TharuniApp - INFO - ==================================================
2025-06-04 00:24:49 - ERROR - 2025-06-04 00:24:49,120 - TharuniApp - INFO - SAVE RECORD OPERATION STARTED WITH SMART TICKET FLOW
2025-06-04 00:24:49 - ERROR - 2025-06-04 00:24:49,121 - FormValidator - INFO - Starting comprehensive form validation
2025-06-04 00:24:49 - ERROR - 2025-06-04 00:24:49,122 - FormValidator - INFO - Validating basic fields
2025-06-04 00:24:49 - ERROR - 2025-06-04 00:24:49,123 - FormValidator - INFO - Field values: ticket='T0008', vehicle='AP04AP4444', agency='Coastal'
2025-06-04 00:24:49 - ERROR - 2025-06-04 00:24:49,124 - FormValidator - INFO - Basic validation passed
2025-06-04 00:24:49 - ERROR - 2025-06-04 00:24:49,125 - FormValidator - INFO - Validating weighment data
2025-06-04 00:24:49 - ERROR - 2025-06-04 00:24:49,126 - FormValidator - INFO - Weighment data: first_weight='21850.00', first_timestamp='04-06-2025 00:24:45', second_weight='', second_timestamp=''
2025-06-04 00:24:49 - ERROR - 2025-06-04 00:24:49,127 - FormValidator - INFO - Weighment validation passed
2025-06-04 00:24:49 - ERROR - 2025-06-04 00:24:49,128 - FormValidator - INFO - Validating images for second weighment
2025-06-04 00:24:49 - ERROR - 2025-06-04 00:24:49,129 - FormValidator - INFO - Images validation for second: front=False, back=False
2025-06-04 00:24:49 - ERROR - 2025-06-04 00:24:49,940 - FormValidator - INFO - User chose to continue without images
2025-06-04 00:24:49 - ERROR - 2025-06-04 00:24:49,941 - FormValidator - INFO - Form validation passed successfully
2025-06-04 00:24:49 - PRINT - Get all image filenames returning: {'first_front_image': '', 'first_back_image': '', 'second_front_image': '', 'second_back_image': ''}
2025-06-04 00:24:49 - PRINT - DEBUG - User name var: 'admin'
2025-06-04 00:24:49 - PRINT - DEBUG - Site incharge var: 'Vishnu'
2025-06-04 00:24:49 - PRINT - DEBUG - Net weight var: ''
2025-06-04 00:24:49 - PRINT - DEBUG - Final data user_name: 'admin'
2025-06-04 00:24:49 - PRINT - DEBUG - Final data site_incharge: 'Vishnu'
2025-06-04 00:24:49 - PRINT - DEBUG - Final data net_weight: ''
2025-06-04 00:24:49 - PRINT - 🎫 TICKET FLOW DEBUG: Starting save for ticket: T0008
2025-06-04 00:24:49 - ERROR - 2025-06-04 00:24:49,950 - TharuniApp - INFO - Saving record for ticket: T0008
2025-06-04 00:24:49 - ERROR - 2025-06-04 00:24:49,953 - DataManager - INFO - Successfully loaded 10 records from data\Coastal_Eluru_data.csv
2025-06-04 00:24:49 - ERROR - 2025-06-04 00:24:49,955 - DataManager - INFO - Filtered 10 records to 0 using filter: 't0008'
2025-06-04 00:24:49 - PRINT - 🎫 TICKET FLOW DEBUG: This is a NEW record: T0008
2025-06-04 00:24:49 - ERROR - 2025-06-04 00:24:49,957 - TharuniApp - INFO - Adding new record: T0008
2025-06-04 00:24:49 - ERROR - 2025-06-04 00:24:49,958 - TharuniApp - INFO - Calling data_manager.save_record for T0008
2025-06-04 00:24:49 - ERROR - 2025-06-04 00:24:49,958 - DataManager - INFO - ==================================================
2025-06-04 00:24:49 - ERROR - 2025-06-04 00:24:49,959 - DataManager - INFO - STARTING OFFLINE-FIRST RECORD SAVE
2025-06-04 00:24:49 - ERROR - 2025-06-04 00:24:49,960 - DataManager - INFO - Input data keys: ['date', 'time', 'site_name', 'agency_name', 'material', 'ticket_no', 'vehicle_no', 'transfer_party_name', 'first_weight', 'first_timestamp', 'second_weight', 'second_timestamp', 'net_weight', 'material_type', 'first_front_image', 'first_back_image', 'second_front_image', 'second_back_image', 'site_incharge', 'user_name']
2025-06-04 00:24:49 - ERROR - 2025-06-04 00:24:49,961 - DataManager - INFO - Net weight cleared - incomplete weighments
2025-06-04 00:24:49 - ERROR - 2025-06-04 00:24:49,962 - DataManager - INFO - Using data file: data\Coastal_Eluru_data.csv
2025-06-04 00:24:49 - ERROR - 2025-06-04 00:24:49,963 - DataManager - INFO - Successfully loaded 10 records from data\Coastal_Eluru_data.csv
2025-06-04 00:24:49 - ERROR - 2025-06-04 00:24:49,964 - DataManager - INFO - Filtered 10 records to 0 using filter: 't0008'
2025-06-04 00:24:49 - ERROR - 2025-06-04 00:24:49,967 - DataManager - INFO - Adding new record: T0008
2025-06-04 00:24:49 - ERROR - 2025-06-04 00:24:49,968 - DataManager - INFO - Adding new record to CSV
2025-06-04 00:24:49 - ERROR - 2025-06-04 00:24:49,969 - DataManager - INFO - Record data: ['04-06-2025', '00:24:49', 'Eluru', 'Coastal', 'Inert', 'T0008', 'AP04AP4444', 'Coromandel', '21850.00', '04-06-2025 00:24:45', '', '', '', 'Inert', '', '', '', '', 'Vishnu', 'admin']
2025-06-04 00:24:49 - ERROR - 2025-06-04 00:24:49,971 - DataManager - INFO - ✅ New record added to data\Coastal_Eluru_data.csv
2025-06-04 00:24:49 - ERROR - 2025-06-04 00:24:49,972 - DataManager - INFO - ✅ Record T0008 saved to local CSV successfully
2025-06-04 00:24:49 - ERROR - 2025-06-04 00:24:49,973 - DataManager - INFO - Weighment analysis:
2025-06-04 00:24:49 - ERROR - 2025-06-04 00:24:49,974 - DataManager - INFO -   - Has first weighment: True
2025-06-04 00:24:49 - ERROR - 2025-06-04 00:24:49,975 - DataManager - INFO -   - Has second weighment: False
2025-06-04 00:24:49 - ERROR - 2025-06-04 00:24:49,976 - DataManager - INFO -   - Is first weighment save: True
2025-06-04 00:24:49 - ERROR - 2025-06-04 00:24:49,977 - DataManager - INFO -   - Is complete record: False
2025-06-04 00:24:49 - ERROR - 2025-06-04 00:24:49,978 - DataManager - INFO -   - Is update: False
2025-06-04 00:24:49 - ERROR - 2025-06-04 00:24:49,978 - DataManager - INFO - ✅ OFFLINE-FIRST SAVE COMPLETED - Local CSV, JSON backup, and PDF generated
2025-06-04 00:24:49 - ERROR - 2025-06-04 00:24:49,979 - DataManager - INFO - 💡 Cloud backup available via Settings > Cloud Storage > Backup
2025-06-04 00:24:49 - ERROR - 2025-06-04 00:24:49,980 - DataManager - INFO - ==================================================
2025-06-04 00:24:49 - ERROR - 2025-06-04 00:24:49,982 - TharuniApp - INFO - ✅ Record T0008 saved successfully
2025-06-04 00:24:49 - PRINT - ⏭️ Skipping incomplete record: T0008
2025-06-04 00:24:49 - PRINT - 🎫 TICKET FLOW DEBUG: Save result analysis:
2025-06-04 00:24:49 - PRINT -    - is_complete_record: False
2025-06-04 00:24:49 - PRINT -    - is_first_weighment_save: True
2025-06-04 00:24:49 - PRINT -    - is_update: False
2025-06-04 00:24:49 - PRINT - 🎫 TICKET FLOW DEBUG: NEW record - will increment counter
2025-06-04 00:24:49 - PRINT - 🎫 TICKET FLOW DEBUG: INCREMENTING ticket counter after save of T0008
2025-06-04 00:24:49 - PRINT - 🎫 FORM DEBUG: Committing current ticket number: T0008
2025-06-04 00:24:49 - PRINT - 🎫 CONFIG DEBUG: Committing ticket number increment...
2025-06-04 00:24:49 - PRINT - 🎫 CONFIG DEBUG: Incrementing counter from 8 to 9
2025-06-04 00:24:49 - PRINT - 🎫 CONFIG DEBUG: ✅ Committed ticket number: T0008, next will be: T0009
2025-06-04 00:24:50 - PRINT - 🎫 FORM DEBUG: ✅ Successfully committed ticket number: T0008
2025-06-04 00:24:50 - PRINT - 🎫 TICKET FLOW DEBUG: ✅ Ticket counter incremented from T0008
2025-06-04 00:24:50 - PRINT - 🎫 TICKET FLOW DEBUG: First weighment saved for NEW ticket T0008
2025-06-04 00:24:50 - PRINT - 🎫 FORM DEBUG: Preparing for next vehicle after first weighment
2025-06-04 00:24:50 - PRINT - Resetting all image paths
2025-06-04 00:24:50 - PRINT - Image status update: 1st=0/2, 2nd=0/2
2025-06-04 00:24:50 - PRINT - 🎫 FORM DEBUG: Reserving next ticket number...
2025-06-04 00:24:50 - PRINT - 🎫 CONFIG DEBUG: Reserving next ticket number...
2025-06-04 00:24:50 - PRINT - 🎫 CONFIG DEBUG: Current ticket counter value: 9
2025-06-04 00:24:50 - PRINT - 🎫 CONFIG DEBUG: Reserved ticket number: T0009
2025-06-04 00:24:50 - PRINT - 🎫 FORM DEBUG: Reserved ticket number: T0009
2025-06-04 00:24:50 - PRINT - 🎫 FORM DEBUG: New ticket number reserved: T0009
2025-06-04 00:24:50 - PRINT - 🎫 FORM DEBUG: Form prepared for next vehicle - new ticket: T0009
2025-06-04 00:24:50 - PRINT - 🎫 TICKET FLOW DEBUG: Generated next ticket number: T0009
2025-06-04 00:24:51 - ERROR - 2025-06-04 00:24:51,011 - DataManager - INFO - Successfully loaded 11 records from data\Coastal_Eluru_data.csv
2025-06-04 00:24:51 - ERROR - 2025-06-04 00:24:51,012 - DataManager - INFO - Returning all 11 records (no filter)
2025-06-04 00:24:51 - PRINT - 🚛 PENDING DEBUG: Refreshing pending vehicles list...
2025-06-04 00:24:51 - ERROR - 2025-06-04 00:24:51,014 - PendingVehiclesPanel - INFO - Refreshing pending vehicles list
2025-06-04 00:24:51 - ERROR - 2025-06-04 00:24:51,016 - DataManager - INFO - Successfully loaded 11 records from data\Coastal_Eluru_data.csv
2025-06-04 00:24:51 - PRINT - 🚛 PENDING DEBUG: Retrieved 11 total records
2025-06-04 00:24:51 - ERROR - 2025-06-04 00:24:51,018 - PendingVehiclesPanel - INFO - Retrieved 11 total records
2025-06-04 00:24:51 - PRINT - 🚛 PENDING DEBUG: Checking ticket T0031:
2025-06-04 00:24:51 - PRINT -    - first_weight: '32340.00' (has: True)
2025-06-04 00:24:51 - PRINT -    - first_timestamp: '03-06-2025 18:16:07' (has: True)
2025-06-04 00:24:51 - PRINT -    - second_weight: '14630.00' (has: True)
2025-06-04 00:24:51 - PRINT -    - second_timestamp: '03-06-2025 18:16:12' (has: True)
2025-06-04 00:24:51 - PRINT -    - has_first: True, missing_second: False
2025-06-04 00:24:51 - PRINT - 🚛 PENDING DEBUG: ⏭️  Skipped ticket T0031 - not pending
2025-06-04 00:24:51 - PRINT - 🚛 PENDING DEBUG: Checking ticket T0032:
2025-06-04 00:24:51 - PRINT -    - first_weight: '41900.00' (has: True)
2025-06-04 00:24:51 - PRINT -    - first_timestamp: '03-06-2025 18:40:02' (has: True)
2025-06-04 00:24:51 - PRINT -    - second_weight: '10350.00' (has: True)
2025-06-04 00:24:51 - PRINT -    - second_timestamp: '03-06-2025 18:40:19' (has: True)
2025-06-04 00:24:51 - PRINT -    - has_first: True, missing_second: False
2025-06-04 00:24:51 - PRINT - 🚛 PENDING DEBUG: ⏭️  Skipped ticket T0032 - not pending
2025-06-04 00:24:51 - PRINT - 🚛 PENDING DEBUG: Checking ticket T0033:
2025-06-04 00:24:51 - PRINT -    - first_weight: '21440.00' (has: True)
2025-06-04 00:24:51 - PRINT -    - first_timestamp: '03-06-2025 20:08:54' (has: True)
2025-06-04 00:24:51 - PRINT -    - second_weight: '8650.00' (has: True)
2025-06-04 00:24:51 - PRINT -    - second_timestamp: '03-06-2025 20:09:13' (has: True)
2025-06-04 00:24:51 - PRINT -    - has_first: True, missing_second: False
2025-06-04 00:24:51 - PRINT - 🚛 PENDING DEBUG: ⏭️  Skipped ticket T0033 - not pending
2025-06-04 00:24:51 - PRINT - 🚛 PENDING DEBUG: Checking ticket T0001:
2025-06-04 00:24:51 - PRINT -    - first_weight: '18310.00' (has: True)
2025-06-04 00:24:51 - PRINT -    - first_timestamp: '03-06-2025 20:11:03' (has: True)
2025-06-04 00:24:51 - PRINT -    - second_weight: '6050.00' (has: True)
2025-06-04 00:24:51 - PRINT -    - second_timestamp: '03-06-2025 20:12:07' (has: True)
2025-06-04 00:24:51 - PRINT -    - has_first: True, missing_second: False
2025-06-04 00:24:51 - PRINT - 🚛 PENDING DEBUG: ⏭️  Skipped ticket T0001 - not pending
2025-06-04 00:24:51 - PRINT - 🚛 PENDING DEBUG: Checking ticket T0002:
2025-06-04 00:24:51 - PRINT -    - first_weight: '15970.00' (has: True)
2025-06-04 00:24:51 - PRINT -    - first_timestamp: '03-06-2025 20:11:22' (has: True)
2025-06-04 00:24:51 - PRINT -    - second_weight: '5320.00' (has: True)
2025-06-04 00:24:51 - PRINT -    - second_timestamp: '03-06-2025 20:12:18' (has: True)
2025-06-04 00:24:51 - PRINT -    - has_first: True, missing_second: False
2025-06-04 00:24:51 - PRINT - 🚛 PENDING DEBUG: ⏭️  Skipped ticket T0002 - not pending
2025-06-04 00:24:51 - PRINT - 🚛 PENDING DEBUG: Checking ticket T0003:
2025-06-04 00:24:51 - PRINT -    - first_weight: '29910.00' (has: True)
2025-06-04 00:24:51 - PRINT -    - first_timestamp: '03-06-2025 20:11:44' (has: True)
2025-06-04 00:24:51 - PRINT -    - second_weight: '12080.00' (has: True)
2025-06-04 00:24:51 - PRINT -    - second_timestamp: '03-06-2025 20:11:54' (has: True)
2025-06-04 00:24:51 - PRINT -    - has_first: True, missing_second: False
2025-06-04 00:24:51 - PRINT - 🚛 PENDING DEBUG: ⏭️  Skipped ticket T0003 - not pending
2025-06-04 00:24:51 - PRINT - 🚛 PENDING DEBUG: Checking ticket T0004:
2025-06-04 00:24:51 - PRINT -    - first_weight: '16410.00' (has: True)
2025-06-04 00:24:51 - PRINT -    - first_timestamp: '03-06-2025 23:31:40' (has: True)
2025-06-04 00:24:51 - PRINT -    - second_weight: '12100.00' (has: True)
2025-06-04 00:24:51 - PRINT -    - second_timestamp: '03-06-2025 23:32:31' (has: True)
2025-06-04 00:24:51 - PRINT -    - has_first: True, missing_second: False
2025-06-04 00:24:51 - PRINT - 🚛 PENDING DEBUG: ⏭️  Skipped ticket T0004 - not pending
2025-06-04 00:24:51 - PRINT - 🚛 PENDING DEBUG: Checking ticket T0005:
2025-06-04 00:24:51 - PRINT -    - first_weight: '28940.00' (has: True)
2025-06-04 00:24:51 - PRINT -    - first_timestamp: '03-06-2025 23:31:54' (has: True)
2025-06-04 00:24:51 - PRINT -    - second_weight: '11150.00' (has: True)
2025-06-04 00:24:51 - PRINT -    - second_timestamp: '03-06-2025 23:32:43' (has: True)
2025-06-04 00:24:51 - PRINT -    - has_first: True, missing_second: False
2025-06-04 00:24:51 - PRINT - 🚛 PENDING DEBUG: ⏭️  Skipped ticket T0005 - not pending
2025-06-04 00:24:51 - PRINT - 🚛 PENDING DEBUG: Checking ticket T0006:
2025-06-04 00:24:51 - PRINT -    - first_weight: '18740.00' (has: True)
2025-06-04 00:24:51 - PRINT -    - first_timestamp: '03-06-2025 23:32:13' (has: True)
2025-06-04 00:24:51 - PRINT -    - second_weight: '8380.00' (has: True)
2025-06-04 00:24:51 - PRINT -    - second_timestamp: '03-06-2025 23:32:18' (has: True)
2025-06-04 00:24:51 - PRINT -    - has_first: True, missing_second: False
2025-06-04 00:24:51 - PRINT - 🚛 PENDING DEBUG: ⏭️  Skipped ticket T0006 - not pending
2025-06-04 00:24:51 - PRINT - 🚛 PENDING DEBUG: Checking ticket T0007:
2025-06-04 00:24:51 - PRINT -    - first_weight: '21910.00' (has: True)
2025-06-04 00:24:51 - PRINT -    - first_timestamp: '04-06-2025 00:24:28' (has: True)
2025-06-04 00:24:51 - PRINT -    - second_weight: '' (has: False)
2025-06-04 00:24:51 - PRINT -    - second_timestamp: '' (has: False)
2025-06-04 00:24:51 - PRINT -    - has_first: True, missing_second: True
2025-06-04 00:24:51 - PRINT - 🚛 PENDING DEBUG: ✅ Added to pending: T0007
2025-06-04 00:24:51 - ERROR - 2025-06-04 00:24:51,089 - PendingVehiclesPanel - INFO - Added to pending: T0007
2025-06-04 00:24:51 - PRINT - 🚛 PENDING DEBUG: Checking ticket T0008:
2025-06-04 00:24:51 - PRINT -    - first_weight: '21850.00' (has: True)
2025-06-04 00:24:51 - PRINT -    - first_timestamp: '04-06-2025 00:24:45' (has: True)
2025-06-04 00:24:51 - PRINT -    - second_weight: '' (has: False)
2025-06-04 00:24:51 - PRINT -    - second_timestamp: '' (has: False)
2025-06-04 00:24:51 - PRINT -    - has_first: True, missing_second: True
2025-06-04 00:24:51 - PRINT - 🚛 PENDING DEBUG: ✅ Added to pending: T0008
2025-06-04 00:24:51 - ERROR - 2025-06-04 00:24:51,095 - PendingVehiclesPanel - INFO - Added to pending: T0008
2025-06-04 00:24:51 - PRINT - 🚛 PENDING DEBUG: Found 2 pending records
2025-06-04 00:24:51 - ERROR - 2025-06-04 00:24:51,097 - PendingVehiclesPanel - INFO - Found 2 pending records
2025-06-04 00:24:51 - PRINT - 🚛 PENDING DEBUG: Added to treeview: T0008 - AP04AP4444
2025-06-04 00:24:51 - PRINT - 🚛 PENDING DEBUG: Added to treeview: T0007 - AP04AP4444
2025-06-04 00:24:51 - PRINT - 🚛 PENDING DEBUG: ✅ Successfully refreshed pending list with 2 items
2025-06-04 00:24:51 - ERROR - 2025-06-04 00:24:51,103 - PendingVehiclesPanel - INFO - Successfully refreshed pending list with 2 items
2025-06-04 00:24:51 - PRINT - 🎫 TICKET FLOW DEBUG: Save operation completed successfully
2025-06-04 00:24:51 - ERROR - 2025-06-04 00:24:51,105 - TharuniApp - INFO - SAVE RECORD OPERATION COMPLETED SUCCESSFULLY WITH SMART TICKET FLOW
2025-06-04 00:24:51 - PRINT - 🎫 TICKET FLOW DEBUG: ==================================================
2025-06-04 00:24:51 - ERROR - 2025-06-04 00:24:51,107 - TharuniApp - INFO - ==================================================
2025-06-04 00:24:59 - ERROR - 2025-06-04 00:24:59,971 - DataManager - INFO - CSV structure is up to date
2025-06-04 00:24:59 - ERROR - 2025-06-04 00:24:59,973 - DataManager - INFO - Data context set to: Agency='Coastal', Site='Eluru'
2025-06-04 00:24:59 - ERROR - 2025-06-04 00:24:59,975 - DataManager - INFO - Data file: data\Coastal_Eluru_data.csv
2025-06-04 00:24:59 - PRINT - Updated data context: Coastal_Eluru
2025-06-04 00:25:00 - ERROR - 2025-06-04 00:25:00,969 - DataManager - INFO - Successfully loaded 11 records from data\Coastal_Eluru_data.csv
2025-06-04 00:25:00 - ERROR - 2025-06-04 00:25:00,977 - DataManager - INFO - Successfully loaded 11 records from data\Coastal_Eluru_data.csv
2025-06-04 00:25:00 - ERROR - 2025-06-04 00:25:00,979 - DataManager - INFO - Successfully loaded 11 records from data\Coastal_Eluru_data.csv
2025-06-04 00:25:01 - ERROR - 2025-06-04 00:25:01,437 - DataManager - INFO - Successfully loaded 11 records from data\Coastal_Eluru_data.csv
2025-06-04 00:25:01 - ERROR - 2025-06-04 00:25:01,440 - DataManager - INFO - Successfully loaded 11 records from data\Coastal_Eluru_data.csv
2025-06-04 00:25:02 - PRINT - Capture weight called
2025-06-04 00:25:02 - PRINT - Checking test mode...
2025-06-04 00:25:02 - PRINT - Could not find main app after 8 attempts
2025-06-04 00:25:02 - PRINT - Creating new SettingsStorage instance
2025-06-04 00:25:02 - PRINT - Reading weighbridge settings from: data\app_settings.json
2025-06-04 00:25:02 - PRINT - Loaded weighbridge settings: {'com_port': '', 'baud_rate': 2400, 'data_bits': 8, 'parity': 'None', 'stop_bits': 1.0, 'test_mode': True}
2025-06-04 00:25:02 - PRINT - Test mode from settings storage: True
2025-06-04 00:25:02 - PRINT - Test mode is enabled - generating random weight
2025-06-04 00:25:02 - PRINT - Generating weight for first weighment
2025-06-04 00:25:02 - PRINT - First weighment - generated: 26090.954502935496
2025-06-04 00:25:02 - PRINT - Generated random weight: 26090.0 kg
2025-06-04 00:25:02 - PRINT - Processing captured weight: 26090.0
2025-06-04 00:25:02 - PRINT - Checking test mode...
2025-06-04 00:25:02 - PRINT - Could not find main app after 8 attempts
2025-06-04 00:25:02 - PRINT - Creating new SettingsStorage instance
2025-06-04 00:25:02 - PRINT - Reading weighbridge settings from: data\app_settings.json
2025-06-04 00:25:02 - PRINT - Loaded weighbridge settings: {'com_port': '', 'baud_rate': 2400, 'data_bits': 8, 'parity': 'None', 'stop_bits': 1.0, 'test_mode': True}
2025-06-04 00:25:02 - PRINT - Test mode from settings storage: True
2025-06-04 00:25:03 - ERROR - 2025-06-04 00:25:03,400 - DataManager - INFO - Successfully loaded 11 records from data\Coastal_Eluru_data.csv
2025-06-04 00:25:03 - ERROR - 2025-06-04 00:25:03,401 - DataManager - INFO - Successfully loaded 11 records from data\Coastal_Eluru_data.csv
2025-06-04 00:25:06 - ERROR - 2025-06-04 00:25:06,327 - TharuniApp - INFO - ==================================================
2025-06-04 00:25:06 - ERROR - 2025-06-04 00:25:06,329 - TharuniApp - INFO - SAVE RECORD OPERATION STARTED WITH SMART TICKET FLOW
2025-06-04 00:25:06 - ERROR - 2025-06-04 00:25:06,331 - FormValidator - INFO - Starting comprehensive form validation
2025-06-04 00:25:06 - ERROR - 2025-06-04 00:25:06,333 - FormValidator - INFO - Validating basic fields
2025-06-04 00:25:06 - ERROR - 2025-06-04 00:25:06,335 - FormValidator - INFO - Field values: ticket='T0009', vehicle='AP04AP4444', agency='Coastal'
2025-06-04 00:25:06 - ERROR - 2025-06-04 00:25:06,337 - FormValidator - INFO - Basic validation passed
2025-06-04 00:25:06 - ERROR - 2025-06-04 00:25:06,339 - FormValidator - INFO - Validating weighment data
2025-06-04 00:25:06 - ERROR - 2025-06-04 00:25:06,342 - FormValidator - INFO - Weighment data: first_weight='26090.00', first_timestamp='04-06-2025 00:25:02', second_weight='', second_timestamp=''
2025-06-04 00:25:06 - ERROR - 2025-06-04 00:25:06,344 - FormValidator - INFO - Weighment validation passed
2025-06-04 00:25:06 - ERROR - 2025-06-04 00:25:06,346 - FormValidator - INFO - Validating images for second weighment
2025-06-04 00:25:06 - ERROR - 2025-06-04 00:25:06,348 - FormValidator - INFO - Images validation for second: front=False, back=False
2025-06-04 00:25:07 - ERROR - 2025-06-04 00:25:07,537 - DataManager - INFO - Successfully loaded 11 records from data\Coastal_Eluru_data.csv
2025-06-04 00:25:07 - ERROR - 2025-06-04 00:25:07,539 - DataManager - INFO - Successfully loaded 11 records from data\Coastal_Eluru_data.csv
2025-06-04 00:25:07 - ERROR - 2025-06-04 00:25:07,543 - FormValidator - INFO - User chose to continue without images
2025-06-04 00:25:07 - ERROR - 2025-06-04 00:25:07,544 - FormValidator - INFO - Form validation passed successfully
2025-06-04 00:25:07 - PRINT - Get all image filenames returning: {'first_front_image': '', 'first_back_image': '', 'second_front_image': '', 'second_back_image': ''}
2025-06-04 00:25:07 - PRINT - DEBUG - User name var: 'admin'
2025-06-04 00:25:07 - PRINT - DEBUG - Site incharge var: 'Vishnu'
2025-06-04 00:25:07 - PRINT - DEBUG - Net weight var: ''
2025-06-04 00:25:07 - PRINT - DEBUG - Final data user_name: 'admin'
2025-06-04 00:25:07 - PRINT - DEBUG - Final data site_incharge: 'Vishnu'
2025-06-04 00:25:07 - PRINT - DEBUG - Final data net_weight: ''
2025-06-04 00:25:07 - PRINT - 🎫 TICKET FLOW DEBUG: Starting save for ticket: T0009
2025-06-04 00:25:07 - ERROR - 2025-06-04 00:25:07,555 - TharuniApp - INFO - Saving record for ticket: T0009
2025-06-04 00:25:07 - ERROR - 2025-06-04 00:25:07,556 - DataManager - INFO - Successfully loaded 11 records from data\Coastal_Eluru_data.csv
2025-06-04 00:25:07 - ERROR - 2025-06-04 00:25:07,557 - DataManager - INFO - Filtered 11 records to 0 using filter: 't0009'
2025-06-04 00:25:07 - PRINT - 🎫 TICKET FLOW DEBUG: This is a NEW record: T0009
2025-06-04 00:25:07 - ERROR - 2025-06-04 00:25:07,559 - TharuniApp - INFO - Adding new record: T0009
2025-06-04 00:25:07 - ERROR - 2025-06-04 00:25:07,560 - TharuniApp - INFO - Calling data_manager.save_record for T0009
2025-06-04 00:25:07 - ERROR - 2025-06-04 00:25:07,561 - DataManager - INFO - ==================================================
2025-06-04 00:25:07 - ERROR - 2025-06-04 00:25:07,562 - DataManager - INFO - STARTING OFFLINE-FIRST RECORD SAVE
2025-06-04 00:25:07 - ERROR - 2025-06-04 00:25:07,564 - DataManager - INFO - Input data keys: ['date', 'time', 'site_name', 'agency_name', 'material', 'ticket_no', 'vehicle_no', 'transfer_party_name', 'first_weight', 'first_timestamp', 'second_weight', 'second_timestamp', 'net_weight', 'material_type', 'first_front_image', 'first_back_image', 'second_front_image', 'second_back_image', 'site_incharge', 'user_name']
2025-06-04 00:25:07 - ERROR - 2025-06-04 00:25:07,565 - DataManager - INFO - Net weight cleared - incomplete weighments
2025-06-04 00:25:07 - ERROR - 2025-06-04 00:25:07,566 - DataManager - INFO - Using data file: data\Coastal_Eluru_data.csv
2025-06-04 00:25:07 - ERROR - 2025-06-04 00:25:07,567 - DataManager - INFO - Successfully loaded 11 records from data\Coastal_Eluru_data.csv
2025-06-04 00:25:07 - ERROR - 2025-06-04 00:25:07,568 - DataManager - INFO - Filtered 11 records to 0 using filter: 't0009'
2025-06-04 00:25:07 - ERROR - 2025-06-04 00:25:07,569 - DataManager - INFO - Adding new record: T0009
2025-06-04 00:25:07 - ERROR - 2025-06-04 00:25:07,570 - DataManager - INFO - Adding new record to CSV
2025-06-04 00:25:07 - ERROR - 2025-06-04 00:25:07,571 - DataManager - INFO - Record data: ['04-06-2025', '00:25:07', 'Eluru', 'Coastal', 'Inert', 'T0009', 'AP04AP4444', 'Coromandel', '26090.00', '04-06-2025 00:25:02', '', '', '', 'Inert', '', '', '', '', 'Vishnu', 'admin']
2025-06-04 00:25:07 - ERROR - 2025-06-04 00:25:07,573 - DataManager - INFO - ✅ New record added to data\Coastal_Eluru_data.csv
2025-06-04 00:25:07 - ERROR - 2025-06-04 00:25:07,573 - DataManager - INFO - ✅ Record T0009 saved to local CSV successfully
2025-06-04 00:25:07 - ERROR - 2025-06-04 00:25:07,574 - DataManager - INFO - Weighment analysis:
2025-06-04 00:25:07 - ERROR - 2025-06-04 00:25:07,575 - DataManager - INFO -   - Has first weighment: True
2025-06-04 00:25:07 - ERROR - 2025-06-04 00:25:07,576 - DataManager - INFO -   - Has second weighment: False
2025-06-04 00:25:07 - ERROR - 2025-06-04 00:25:07,577 - DataManager - INFO -   - Is first weighment save: True
2025-06-04 00:25:07 - ERROR - 2025-06-04 00:25:07,579 - DataManager - INFO -   - Is complete record: False
2025-06-04 00:25:07 - ERROR - 2025-06-04 00:25:07,581 - DataManager - INFO -   - Is update: False
2025-06-04 00:25:07 - ERROR - 2025-06-04 00:25:07,583 - DataManager - INFO - ✅ OFFLINE-FIRST SAVE COMPLETED - Local CSV, JSON backup, and PDF generated
2025-06-04 00:25:07 - ERROR - 2025-06-04 00:25:07,584 - DataManager - INFO - 💡 Cloud backup available via Settings > Cloud Storage > Backup
2025-06-04 00:25:07 - ERROR - 2025-06-04 00:25:07,585 - DataManager - INFO - ==================================================
2025-06-04 00:25:07 - ERROR - 2025-06-04 00:25:07,586 - TharuniApp - INFO - ✅ Record T0009 saved successfully
2025-06-04 00:25:07 - PRINT - ⏭️ Skipping incomplete record: T0009
2025-06-04 00:25:07 - PRINT - 🎫 TICKET FLOW DEBUG: Save result analysis:
2025-06-04 00:25:07 - PRINT -    - is_complete_record: False
2025-06-04 00:25:07 - PRINT -    - is_first_weighment_save: True
2025-06-04 00:25:07 - PRINT -    - is_update: False
2025-06-04 00:25:07 - PRINT - 🎫 TICKET FLOW DEBUG: NEW record - will increment counter
2025-06-04 00:25:07 - PRINT - 🎫 TICKET FLOW DEBUG: INCREMENTING ticket counter after save of T0009
2025-06-04 00:25:07 - PRINT - 🎫 FORM DEBUG: Committing current ticket number: T0009
2025-06-04 00:25:07 - PRINT - 🎫 CONFIG DEBUG: Committing ticket number increment...
2025-06-04 00:25:07 - PRINT - 🎫 CONFIG DEBUG: Incrementing counter from 9 to 10
2025-06-04 00:25:07 - PRINT - 🎫 CONFIG DEBUG: ✅ Committed ticket number: T0009, next will be: T0010
2025-06-04 00:25:07 - PRINT - 🎫 FORM DEBUG: ✅ Successfully committed ticket number: T0009
2025-06-04 00:25:07 - PRINT - 🎫 TICKET FLOW DEBUG: ✅ Ticket counter incremented from T0009
2025-06-04 00:25:07 - PRINT - 🎫 TICKET FLOW DEBUG: First weighment saved for NEW ticket T0009
2025-06-04 00:25:07 - PRINT - 🎫 FORM DEBUG: Preparing for next vehicle after first weighment
2025-06-04 00:25:07 - PRINT - Resetting all image paths
2025-06-04 00:25:07 - PRINT - Image status update: 1st=0/2, 2nd=0/2
2025-06-04 00:25:07 - PRINT - 🎫 FORM DEBUG: Reserving next ticket number...
2025-06-04 00:25:07 - PRINT - 🎫 CONFIG DEBUG: Reserving next ticket number...
2025-06-04 00:25:07 - PRINT - 🎫 CONFIG DEBUG: Current ticket counter value: 10
2025-06-04 00:25:07 - PRINT - 🎫 CONFIG DEBUG: Reserved ticket number: T0010
2025-06-04 00:25:07 - PRINT - 🎫 FORM DEBUG: Reserved ticket number: T0010
2025-06-04 00:25:07 - PRINT - 🎫 FORM DEBUG: New ticket number reserved: T0010
2025-06-04 00:25:07 - PRINT - 🎫 FORM DEBUG: Form prepared for next vehicle - new ticket: T0010
2025-06-04 00:25:07 - PRINT - 🎫 TICKET FLOW DEBUG: Generated next ticket number: T0010
2025-06-04 00:25:08 - ERROR - 2025-06-04 00:25:08,596 - DataManager - INFO - Successfully loaded 12 records from data\Coastal_Eluru_data.csv
2025-06-04 00:25:08 - ERROR - 2025-06-04 00:25:08,599 - DataManager - INFO - Successfully loaded 12 records from data\Coastal_Eluru_data.csv
2025-06-04 00:25:08 - ERROR - 2025-06-04 00:25:08,605 - DataManager - INFO - Successfully loaded 12 records from data\Coastal_Eluru_data.csv
2025-06-04 00:25:08 - ERROR - 2025-06-04 00:25:08,606 - DataManager - INFO - Returning all 12 records (no filter)
2025-06-04 00:25:08 - PRINT - 🚛 PENDING DEBUG: Refreshing pending vehicles list...
2025-06-04 00:25:08 - ERROR - 2025-06-04 00:25:08,609 - PendingVehiclesPanel - INFO - Refreshing pending vehicles list
2025-06-04 00:25:08 - ERROR - 2025-06-04 00:25:08,610 - DataManager - INFO - Successfully loaded 12 records from data\Coastal_Eluru_data.csv
2025-06-04 00:25:08 - PRINT - 🚛 PENDING DEBUG: Retrieved 12 total records
2025-06-04 00:25:08 - ERROR - 2025-06-04 00:25:08,612 - PendingVehiclesPanel - INFO - Retrieved 12 total records
2025-06-04 00:25:08 - PRINT - 🚛 PENDING DEBUG: Checking ticket T0031:
2025-06-04 00:25:08 - PRINT -    - first_weight: '32340.00' (has: True)
2025-06-04 00:25:08 - PRINT -    - first_timestamp: '03-06-2025 18:16:07' (has: True)
2025-06-04 00:25:08 - PRINT -    - second_weight: '14630.00' (has: True)
2025-06-04 00:25:08 - PRINT -    - second_timestamp: '03-06-2025 18:16:12' (has: True)
2025-06-04 00:25:08 - PRINT -    - has_first: True, missing_second: False
2025-06-04 00:25:08 - PRINT - 🚛 PENDING DEBUG: ⏭️  Skipped ticket T0031 - not pending
2025-06-04 00:25:08 - PRINT - 🚛 PENDING DEBUG: Checking ticket T0032:
2025-06-04 00:25:08 - PRINT -    - first_weight: '41900.00' (has: True)
2025-06-04 00:25:08 - PRINT -    - first_timestamp: '03-06-2025 18:40:02' (has: True)
2025-06-04 00:25:08 - PRINT -    - second_weight: '10350.00' (has: True)
2025-06-04 00:25:08 - PRINT -    - second_timestamp: '03-06-2025 18:40:19' (has: True)
2025-06-04 00:25:08 - PRINT -    - has_first: True, missing_second: False
2025-06-04 00:25:08 - PRINT - 🚛 PENDING DEBUG: ⏭️  Skipped ticket T0032 - not pending
2025-06-04 00:25:08 - PRINT - 🚛 PENDING DEBUG: Checking ticket T0033:
2025-06-04 00:25:08 - PRINT -    - first_weight: '21440.00' (has: True)
2025-06-04 00:25:08 - PRINT -    - first_timestamp: '03-06-2025 20:08:54' (has: True)
2025-06-04 00:25:08 - PRINT -    - second_weight: '8650.00' (has: True)
2025-06-04 00:25:08 - PRINT -    - second_timestamp: '03-06-2025 20:09:13' (has: True)
2025-06-04 00:25:08 - PRINT -    - has_first: True, missing_second: False
2025-06-04 00:25:08 - PRINT - 🚛 PENDING DEBUG: ⏭️  Skipped ticket T0033 - not pending
2025-06-04 00:25:08 - PRINT - 🚛 PENDING DEBUG: Checking ticket T0001:
2025-06-04 00:25:08 - PRINT -    - first_weight: '18310.00' (has: True)
2025-06-04 00:25:08 - PRINT -    - first_timestamp: '03-06-2025 20:11:03' (has: True)
2025-06-04 00:25:08 - PRINT -    - second_weight: '6050.00' (has: True)
2025-06-04 00:25:08 - PRINT -    - second_timestamp: '03-06-2025 20:12:07' (has: True)
2025-06-04 00:25:08 - PRINT -    - has_first: True, missing_second: False
2025-06-04 00:25:08 - PRINT - 🚛 PENDING DEBUG: ⏭️  Skipped ticket T0001 - not pending
2025-06-04 00:25:08 - PRINT - 🚛 PENDING DEBUG: Checking ticket T0002:
2025-06-04 00:25:08 - PRINT -    - first_weight: '15970.00' (has: True)
2025-06-04 00:25:08 - PRINT -    - first_timestamp: '03-06-2025 20:11:22' (has: True)
2025-06-04 00:25:08 - PRINT -    - second_weight: '5320.00' (has: True)
2025-06-04 00:25:08 - PRINT -    - second_timestamp: '03-06-2025 20:12:18' (has: True)
2025-06-04 00:25:08 - PRINT -    - has_first: True, missing_second: False
2025-06-04 00:25:08 - PRINT - 🚛 PENDING DEBUG: ⏭️  Skipped ticket T0002 - not pending
2025-06-04 00:25:08 - PRINT - 🚛 PENDING DEBUG: Checking ticket T0003:
2025-06-04 00:25:08 - PRINT -    - first_weight: '29910.00' (has: True)
2025-06-04 00:25:08 - PRINT -    - first_timestamp: '03-06-2025 20:11:44' (has: True)
2025-06-04 00:25:08 - PRINT -    - second_weight: '12080.00' (has: True)
2025-06-04 00:25:08 - PRINT -    - second_timestamp: '03-06-2025 20:11:54' (has: True)
2025-06-04 00:25:08 - PRINT -    - has_first: True, missing_second: False
2025-06-04 00:25:08 - PRINT - 🚛 PENDING DEBUG: ⏭️  Skipped ticket T0003 - not pending
2025-06-04 00:25:08 - PRINT - 🚛 PENDING DEBUG: Checking ticket T0004:
2025-06-04 00:25:08 - PRINT -    - first_weight: '16410.00' (has: True)
2025-06-04 00:25:08 - PRINT -    - first_timestamp: '03-06-2025 23:31:40' (has: True)
2025-06-04 00:25:08 - PRINT -    - second_weight: '12100.00' (has: True)
2025-06-04 00:25:08 - PRINT -    - second_timestamp: '03-06-2025 23:32:31' (has: True)
2025-06-04 00:25:08 - PRINT -    - has_first: True, missing_second: False
2025-06-04 00:25:08 - PRINT - 🚛 PENDING DEBUG: ⏭️  Skipped ticket T0004 - not pending
2025-06-04 00:25:08 - PRINT - 🚛 PENDING DEBUG: Checking ticket T0005:
2025-06-04 00:25:08 - PRINT -    - first_weight: '28940.00' (has: True)
2025-06-04 00:25:08 - PRINT -    - first_timestamp: '03-06-2025 23:31:54' (has: True)
2025-06-04 00:25:08 - PRINT -    - second_weight: '11150.00' (has: True)
2025-06-04 00:25:08 - PRINT -    - second_timestamp: '03-06-2025 23:32:43' (has: True)
2025-06-04 00:25:08 - PRINT -    - has_first: True, missing_second: False
2025-06-04 00:25:08 - PRINT - 🚛 PENDING DEBUG: ⏭️  Skipped ticket T0005 - not pending
2025-06-04 00:25:08 - PRINT - 🚛 PENDING DEBUG: Checking ticket T0006:
2025-06-04 00:25:08 - PRINT -    - first_weight: '18740.00' (has: True)
2025-06-04 00:25:08 - PRINT -    - first_timestamp: '03-06-2025 23:32:13' (has: True)
2025-06-04 00:25:08 - PRINT -    - second_weight: '8380.00' (has: True)
2025-06-04 00:25:08 - PRINT -    - second_timestamp: '03-06-2025 23:32:18' (has: True)
2025-06-04 00:25:08 - PRINT -    - has_first: True, missing_second: False
2025-06-04 00:25:08 - PRINT - 🚛 PENDING DEBUG: ⏭️  Skipped ticket T0006 - not pending
2025-06-04 00:25:08 - PRINT - 🚛 PENDING DEBUG: Checking ticket T0007:
2025-06-04 00:25:08 - PRINT -    - first_weight: '21910.00' (has: True)
2025-06-04 00:25:08 - PRINT -    - first_timestamp: '04-06-2025 00:24:28' (has: True)
2025-06-04 00:25:08 - PRINT -    - second_weight: '' (has: False)
2025-06-04 00:25:08 - PRINT -    - second_timestamp: '' (has: False)
2025-06-04 00:25:08 - PRINT -    - has_first: True, missing_second: True
2025-06-04 00:25:08 - PRINT - 🚛 PENDING DEBUG: ✅ Added to pending: T0007
2025-06-04 00:25:08 - ERROR - 2025-06-04 00:25:08,728 - PendingVehiclesPanel - INFO - Added to pending: T0007
2025-06-04 00:25:08 - PRINT - 🚛 PENDING DEBUG: Checking ticket T0008:
2025-06-04 00:25:08 - PRINT -    - first_weight: '21850.00' (has: True)
2025-06-04 00:25:08 - PRINT -    - first_timestamp: '04-06-2025 00:24:45' (has: True)
2025-06-04 00:25:08 - PRINT -    - second_weight: '' (has: False)
2025-06-04 00:25:08 - PRINT -    - second_timestamp: '' (has: False)
2025-06-04 00:25:08 - PRINT -    - has_first: True, missing_second: True
2025-06-04 00:25:08 - PRINT - 🚛 PENDING DEBUG: ✅ Added to pending: T0008
2025-06-04 00:25:08 - ERROR - 2025-06-04 00:25:08,737 - PendingVehiclesPanel - INFO - Added to pending: T0008
2025-06-04 00:25:08 - PRINT - 🚛 PENDING DEBUG: Checking ticket T0009:
2025-06-04 00:25:08 - PRINT -    - first_weight: '26090.00' (has: True)
2025-06-04 00:25:08 - PRINT -    - first_timestamp: '04-06-2025 00:25:02' (has: True)
2025-06-04 00:25:08 - PRINT -    - second_weight: '' (has: False)
2025-06-04 00:25:08 - PRINT -    - second_timestamp: '' (has: False)
2025-06-04 00:25:08 - PRINT -    - has_first: True, missing_second: True
2025-06-04 00:25:08 - PRINT - 🚛 PENDING DEBUG: ✅ Added to pending: T0009
2025-06-04 00:25:08 - ERROR - 2025-06-04 00:25:08,744 - PendingVehiclesPanel - INFO - Added to pending: T0009
2025-06-04 00:25:08 - PRINT - 🚛 PENDING DEBUG: Found 3 pending records
2025-06-04 00:25:08 - ERROR - 2025-06-04 00:25:08,747 - PendingVehiclesPanel - INFO - Found 3 pending records
2025-06-04 00:25:08 - PRINT - 🚛 PENDING DEBUG: Added to treeview: T0009 - AP04AP4444
2025-06-04 00:25:08 - PRINT - 🚛 PENDING DEBUG: Added to treeview: T0008 - AP04AP4444
2025-06-04 00:25:08 - PRINT - 🚛 PENDING DEBUG: Added to treeview: T0007 - AP04AP4444
2025-06-04 00:25:08 - PRINT - 🚛 PENDING DEBUG: ✅ Successfully refreshed pending list with 3 items
2025-06-04 00:25:08 - ERROR - 2025-06-04 00:25:08,753 - PendingVehiclesPanel - INFO - Successfully refreshed pending list with 3 items
2025-06-04 00:25:08 - PRINT - 🎫 TICKET FLOW DEBUG: Save operation completed successfully
2025-06-04 00:25:08 - ERROR - 2025-06-04 00:25:08,755 - TharuniApp - INFO - SAVE RECORD OPERATION COMPLETED SUCCESSFULLY WITH SMART TICKET FLOW
2025-06-04 00:25:08 - PRINT - 🎫 TICKET FLOW DEBUG: ==================================================
2025-06-04 00:25:08 - ERROR - 2025-06-04 00:25:08,757 - TharuniApp - INFO - ==================================================
2025-06-04 00:25:14 - ERROR - 2025-06-04 00:25:14,883 - PendingVehiclesPanel - INFO - Double-clicked on ticket: T0009
2025-06-04 00:25:14 - ERROR - 2025-06-04 00:25:14,887 - TharuniApp - INFO - Loading pending vehicle: T0009
2025-06-04 00:25:14 - ERROR - 2025-06-04 00:25:14,892 - DataManager - INFO - Successfully loaded 12 records from data\Coastal_Eluru_data.csv
2025-06-04 00:25:14 - ERROR - 2025-06-04 00:25:14,894 - DataManager - INFO - Filtered 12 records to 1 using filter: 't0009'
2025-06-04 00:25:14 - ERROR - 2025-06-04 00:25:14,896 - DataManager - INFO - CSV structure is up to date
2025-06-04 00:25:14 - ERROR - 2025-06-04 00:25:14,897 - DataManager - INFO - Data context set to: Agency='Coastal', Site='Eluru'
2025-06-04 00:25:14 - ERROR - 2025-06-04 00:25:14,898 - DataManager - INFO - Data file: data\Coastal_Eluru_data.csv
2025-06-04 00:25:14 - PRINT - Updated data context: Coastal_Eluru
2025-06-04 00:25:14 - PRINT - Loading images from record for ticket: T0009
2025-06-04 00:25:14 - PRINT - Loaded image paths:
2025-06-04 00:25:14 - PRINT -   First front: None
2025-06-04 00:25:14 - PRINT -   First back: None
2025-06-04 00:25:14 - PRINT -   Second front: None
2025-06-04 00:25:14 - PRINT -   Second back: None
2025-06-04 00:25:14 - PRINT - Image status update: 1st=0/2, 2nd=0/2
2025-06-04 00:25:14 - ERROR - 2025-06-04 00:25:14,908 - TharuniApp - INFO - Successfully loaded pending ticket: T0009
2025-06-04 00:25:15 - PRINT - 🚛 PENDING DEBUG: Refreshing pending vehicles list...
2025-06-04 00:25:15 - ERROR - 2025-06-04 00:25:15,869 - PendingVehiclesPanel - INFO - Refreshing pending vehicles list
2025-06-04 00:25:15 - ERROR - 2025-06-04 00:25:15,873 - DataManager - INFO - Successfully loaded 12 records from data\Coastal_Eluru_data.csv
2025-06-04 00:25:15 - PRINT - 🚛 PENDING DEBUG: Retrieved 12 total records
2025-06-04 00:25:15 - ERROR - 2025-06-04 00:25:15,875 - PendingVehiclesPanel - INFO - Retrieved 12 total records
2025-06-04 00:25:15 - PRINT - 🚛 PENDING DEBUG: Checking ticket T0031:
2025-06-04 00:25:15 - PRINT -    - first_weight: '32340.00' (has: True)
2025-06-04 00:25:15 - PRINT -    - first_timestamp: '03-06-2025 18:16:07' (has: True)
2025-06-04 00:25:15 - PRINT -    - second_weight: '14630.00' (has: True)
2025-06-04 00:25:15 - PRINT -    - second_timestamp: '03-06-2025 18:16:12' (has: True)
2025-06-04 00:25:15 - PRINT -    - has_first: True, missing_second: False
2025-06-04 00:25:15 - PRINT - 🚛 PENDING DEBUG: ⏭️  Skipped ticket T0031 - not pending
2025-06-04 00:25:15 - PRINT - 🚛 PENDING DEBUG: Checking ticket T0032:
2025-06-04 00:25:15 - PRINT -    - first_weight: '41900.00' (has: True)
2025-06-04 00:25:15 - PRINT -    - first_timestamp: '03-06-2025 18:40:02' (has: True)
2025-06-04 00:25:15 - PRINT -    - second_weight: '10350.00' (has: True)
2025-06-04 00:25:15 - PRINT -    - second_timestamp: '03-06-2025 18:40:19' (has: True)
2025-06-04 00:25:15 - PRINT -    - has_first: True, missing_second: False
2025-06-04 00:25:15 - PRINT - 🚛 PENDING DEBUG: ⏭️  Skipped ticket T0032 - not pending
2025-06-04 00:25:15 - PRINT - 🚛 PENDING DEBUG: Checking ticket T0033:
2025-06-04 00:25:15 - PRINT -    - first_weight: '21440.00' (has: True)
2025-06-04 00:25:15 - PRINT -    - first_timestamp: '03-06-2025 20:08:54' (has: True)
2025-06-04 00:25:15 - PRINT -    - second_weight: '8650.00' (has: True)
2025-06-04 00:25:15 - PRINT -    - second_timestamp: '03-06-2025 20:09:13' (has: True)
2025-06-04 00:25:15 - PRINT -    - has_first: True, missing_second: False
2025-06-04 00:25:15 - PRINT - 🚛 PENDING DEBUG: ⏭️  Skipped ticket T0033 - not pending
2025-06-04 00:25:15 - PRINT - 🚛 PENDING DEBUG: Checking ticket T0001:
2025-06-04 00:25:15 - PRINT -    - first_weight: '18310.00' (has: True)
2025-06-04 00:25:15 - PRINT -    - first_timestamp: '03-06-2025 20:11:03' (has: True)
2025-06-04 00:25:15 - PRINT -    - second_weight: '6050.00' (has: True)
2025-06-04 00:25:15 - PRINT -    - second_timestamp: '03-06-2025 20:12:07' (has: True)
2025-06-04 00:25:15 - PRINT -    - has_first: True, missing_second: False
2025-06-04 00:25:15 - PRINT - 🚛 PENDING DEBUG: ⏭️  Skipped ticket T0001 - not pending
2025-06-04 00:25:15 - PRINT - 🚛 PENDING DEBUG: Checking ticket T0002:
2025-06-04 00:25:15 - PRINT -    - first_weight: '15970.00' (has: True)
2025-06-04 00:25:15 - PRINT -    - first_timestamp: '03-06-2025 20:11:22' (has: True)
2025-06-04 00:25:15 - PRINT -    - second_weight: '5320.00' (has: True)
2025-06-04 00:25:15 - PRINT -    - second_timestamp: '03-06-2025 20:12:18' (has: True)
2025-06-04 00:25:15 - PRINT -    - has_first: True, missing_second: False
2025-06-04 00:25:15 - PRINT - 🚛 PENDING DEBUG: ⏭️  Skipped ticket T0002 - not pending
2025-06-04 00:25:15 - PRINT - 🚛 PENDING DEBUG: Checking ticket T0003:
2025-06-04 00:25:15 - PRINT -    - first_weight: '29910.00' (has: True)
2025-06-04 00:25:15 - PRINT -    - first_timestamp: '03-06-2025 20:11:44' (has: True)
2025-06-04 00:25:15 - PRINT -    - second_weight: '12080.00' (has: True)
2025-06-04 00:25:15 - PRINT -    - second_timestamp: '03-06-2025 20:11:54' (has: True)
2025-06-04 00:25:15 - PRINT -    - has_first: True, missing_second: False
2025-06-04 00:25:15 - PRINT - 🚛 PENDING DEBUG: ⏭️  Skipped ticket T0003 - not pending
2025-06-04 00:25:15 - PRINT - 🚛 PENDING DEBUG: Checking ticket T0004:
2025-06-04 00:25:15 - PRINT -    - first_weight: '16410.00' (has: True)
2025-06-04 00:25:15 - PRINT -    - first_timestamp: '03-06-2025 23:31:40' (has: True)
2025-06-04 00:25:15 - PRINT -    - second_weight: '12100.00' (has: True)
2025-06-04 00:25:15 - PRINT -    - second_timestamp: '03-06-2025 23:32:31' (has: True)
2025-06-04 00:25:15 - PRINT -    - has_first: True, missing_second: False
2025-06-04 00:25:15 - PRINT - 🚛 PENDING DEBUG: ⏭️  Skipped ticket T0004 - not pending
2025-06-04 00:25:15 - PRINT - 🚛 PENDING DEBUG: Checking ticket T0005:
2025-06-04 00:25:15 - PRINT -    - first_weight: '28940.00' (has: True)
2025-06-04 00:25:15 - PRINT -    - first_timestamp: '03-06-2025 23:31:54' (has: True)
2025-06-04 00:25:15 - PRINT -    - second_weight: '11150.00' (has: True)
2025-06-04 00:25:15 - PRINT -    - second_timestamp: '03-06-2025 23:32:43' (has: True)
2025-06-04 00:25:15 - PRINT -    - has_first: True, missing_second: False
2025-06-04 00:25:15 - PRINT - 🚛 PENDING DEBUG: ⏭️  Skipped ticket T0005 - not pending
2025-06-04 00:25:15 - PRINT - 🚛 PENDING DEBUG: Checking ticket T0006:
2025-06-04 00:25:15 - PRINT -    - first_weight: '18740.00' (has: True)
2025-06-04 00:25:15 - PRINT -    - first_timestamp: '03-06-2025 23:32:13' (has: True)
2025-06-04 00:25:15 - PRINT -    - second_weight: '8380.00' (has: True)
2025-06-04 00:25:15 - PRINT -    - second_timestamp: '03-06-2025 23:32:18' (has: True)
2025-06-04 00:25:15 - PRINT -    - has_first: True, missing_second: False
2025-06-04 00:25:15 - PRINT - 🚛 PENDING DEBUG: ⏭️  Skipped ticket T0006 - not pending
2025-06-04 00:25:15 - PRINT - 🚛 PENDING DEBUG: Checking ticket T0007:
2025-06-04 00:25:15 - PRINT -    - first_weight: '21910.00' (has: True)
2025-06-04 00:25:15 - PRINT -    - first_timestamp: '04-06-2025 00:24:28' (has: True)
2025-06-04 00:25:15 - PRINT -    - second_weight: '' (has: False)
2025-06-04 00:25:15 - PRINT -    - second_timestamp: '' (has: False)
2025-06-04 00:25:15 - PRINT -    - has_first: True, missing_second: True
2025-06-04 00:25:15 - PRINT - 🚛 PENDING DEBUG: ✅ Added to pending: T0007
2025-06-04 00:25:15 - ERROR - 2025-06-04 00:25:15,942 - PendingVehiclesPanel - INFO - Added to pending: T0007
2025-06-04 00:25:15 - PRINT - 🚛 PENDING DEBUG: Checking ticket T0008:
2025-06-04 00:25:15 - PRINT -    - first_weight: '21850.00' (has: True)
2025-06-04 00:25:15 - PRINT -    - first_timestamp: '04-06-2025 00:24:45' (has: True)
2025-06-04 00:25:15 - PRINT -    - second_weight: '' (has: False)
2025-06-04 00:25:15 - PRINT -    - second_timestamp: '' (has: False)
2025-06-04 00:25:15 - PRINT -    - has_first: True, missing_second: True
2025-06-04 00:25:15 - PRINT - 🚛 PENDING DEBUG: ✅ Added to pending: T0008
2025-06-04 00:25:15 - ERROR - 2025-06-04 00:25:15,950 - PendingVehiclesPanel - INFO - Added to pending: T0008
2025-06-04 00:25:15 - PRINT - 🚛 PENDING DEBUG: Checking ticket T0009:
2025-06-04 00:25:15 - PRINT -    - first_weight: '26090.00' (has: True)
2025-06-04 00:25:15 - PRINT -    - first_timestamp: '04-06-2025 00:25:02' (has: True)
2025-06-04 00:25:15 - PRINT -    - second_weight: '' (has: False)
2025-06-04 00:25:15 - PRINT -    - second_timestamp: '' (has: False)
2025-06-04 00:25:15 - PRINT -    - has_first: True, missing_second: True
2025-06-04 00:25:15 - PRINT - 🚛 PENDING DEBUG: ✅ Added to pending: T0009
2025-06-04 00:25:15 - ERROR - 2025-06-04 00:25:15,957 - PendingVehiclesPanel - INFO - Added to pending: T0009
2025-06-04 00:25:15 - PRINT - 🚛 PENDING DEBUG: Found 3 pending records
2025-06-04 00:25:15 - ERROR - 2025-06-04 00:25:15,958 - PendingVehiclesPanel - INFO - Found 3 pending records
2025-06-04 00:25:15 - PRINT - 🚛 PENDING DEBUG: Added to treeview: T0009 - AP04AP4444
2025-06-04 00:25:15 - PRINT - 🚛 PENDING DEBUG: Added to treeview: T0008 - AP04AP4444
2025-06-04 00:25:15 - PRINT - 🚛 PENDING DEBUG: Added to treeview: T0007 - AP04AP4444
2025-06-04 00:25:15 - PRINT - 🚛 PENDING DEBUG: ✅ Successfully refreshed pending list with 3 items
2025-06-04 00:25:15 - ERROR - 2025-06-04 00:25:15,965 - PendingVehiclesPanel - INFO - Successfully refreshed pending list with 3 items
2025-06-04 00:25:16 - PRINT - Capture weight called
2025-06-04 00:25:16 - PRINT - Checking test mode...
2025-06-04 00:25:16 - PRINT - Could not find main app after 8 attempts
2025-06-04 00:25:16 - PRINT - Creating new SettingsStorage instance
2025-06-04 00:25:16 - PRINT - Reading weighbridge settings from: data\app_settings.json
2025-06-04 00:25:16 - PRINT - Loaded weighbridge settings: {'com_port': '', 'baud_rate': 2400, 'data_bits': 8, 'parity': 'None', 'stop_bits': 1.0, 'test_mode': True}
2025-06-04 00:25:16 - PRINT - Test mode from settings storage: True
2025-06-04 00:25:16 - PRINT - Test mode is enabled - generating random weight
2025-06-04 00:25:16 - PRINT - Generating weight for second weighment
2025-06-04 00:25:16 - PRINT - Second weighment - generated: 9332.33296591945
2025-06-04 00:25:16 - PRINT - Generated random weight: 9330.0 kg
2025-06-04 00:25:16 - PRINT - Processing captured weight: 9330.0
2025-06-04 00:25:16 - PRINT - Checking test mode...
2025-06-04 00:25:16 - PRINT - Could not find main app after 8 attempts
2025-06-04 00:25:16 - PRINT - Creating new SettingsStorage instance
2025-06-04 00:25:16 - PRINT - Reading weighbridge settings from: data\app_settings.json
2025-06-04 00:25:16 - PRINT - Loaded weighbridge settings: {'com_port': '', 'baud_rate': 2400, 'data_bits': 8, 'parity': 'None', 'stop_bits': 1.0, 'test_mode': True}
2025-06-04 00:25:16 - PRINT - Test mode from settings storage: True
2025-06-04 00:25:38 - PRINT - === SAVE FRONT IMAGE CALLED ===
2025-06-04 00:25:38 - PRINT - Captured image provided: True
2025-06-04 00:25:38 - ERROR - 2025-06-04 00:25:38,247 - FormValidator - INFO - Vehicle validation passed: AP04AP4444
2025-06-04 00:25:38 - PRINT - Weighment status - First: True, Second: True
2025-06-04 00:25:38 - PRINT - Both weighments completed - images for SECOND weighment
2025-06-04 00:25:38 - PRINT - FIXED: Saving 2nd weighment front image (based on actual weighment status)
2025-06-04 00:25:38 - PRINT - Image shape: (480, 640, 3)
2025-06-04 00:25:38 - PRINT - Generated filename: Eluru_AP04AP4444_20250604_002538_2nd_front.jpg
2025-06-04 00:25:38 - PRINT - Adding watermark...
2025-06-04 00:25:38 - PRINT - Saving to: data\images\Eluru_AP04AP4444_20250604_002538_2nd_front.jpg
2025-06-04 00:25:38 - PRINT - cv2.imwrite returned: True
2025-06-04 00:25:38 - PRINT - File created successfully, size: 80205 bytes
2025-06-04 00:25:38 - PRINT - Set second_front_image_path: data\images\Eluru_AP04AP4444_20250604_002538_2nd_front.jpg
2025-06-04 00:25:38 - PRINT - Image status update: 1st=0/2, 2nd=1/2
2025-06-04 00:25:38 - PRINT - ✅ 2nd weighment front image saved successfully: Eluru_AP04AP4444_20250604_002538_2nd_front.jpg
2025-06-04 00:25:41 - ERROR - 2025-06-04 00:25:41,365 - TharuniApp - INFO - ==================================================
2025-06-04 00:25:41 - ERROR - 2025-06-04 00:25:41,367 - TharuniApp - INFO - SAVE RECORD OPERATION STARTED WITH SMART TICKET FLOW
2025-06-04 00:25:41 - ERROR - 2025-06-04 00:25:41,369 - FormValidator - INFO - Starting comprehensive form validation
2025-06-04 00:25:41 - ERROR - 2025-06-04 00:25:41,371 - FormValidator - INFO - Validating basic fields
2025-06-04 00:25:41 - ERROR - 2025-06-04 00:25:41,373 - FormValidator - INFO - Field values: ticket='T0009', vehicle='AP04AP4444', agency='Coastal'
2025-06-04 00:25:41 - ERROR - 2025-06-04 00:25:41,376 - FormValidator - INFO - Basic validation passed
2025-06-04 00:25:41 - ERROR - 2025-06-04 00:25:41,378 - FormValidator - INFO - Validating weighment data
2025-06-04 00:25:41 - ERROR - 2025-06-04 00:25:41,380 - FormValidator - INFO - Weighment data: first_weight='26090.00', first_timestamp='04-06-2025 00:25:02', second_weight='9330.00', second_timestamp='04-06-2025 00:25:16'
2025-06-04 00:25:41 - ERROR - 2025-06-04 00:25:41,382 - FormValidator - INFO - Weighment validation passed
2025-06-04 00:25:41 - ERROR - 2025-06-04 00:25:41,384 - FormValidator - INFO - Validating images for second weighment
2025-06-04 00:25:41 - ERROR - 2025-06-04 00:25:41,387 - FormValidator - INFO - Images validation for second: front=True, back=False
2025-06-04 00:25:41 - ERROR - 2025-06-04 00:25:41,391 - FormValidator - INFO - Form validation passed successfully
2025-06-04 00:25:41 - PRINT - Get all image filenames returning: {'first_front_image': '', 'first_back_image': '', 'second_front_image': 'Eluru_AP04AP4444_20250604_002538_2nd_front.jpg', 'second_back_image': ''}
2025-06-04 00:25:41 - PRINT - DEBUG - User name var: 'admin'
2025-06-04 00:25:41 - PRINT - DEBUG - Site incharge var: 'Vishnu'
2025-06-04 00:25:41 - PRINT - DEBUG - Net weight var: '16760.00'
2025-06-04 00:25:41 - PRINT - DEBUG - Final data user_name: 'admin'
2025-06-04 00:25:41 - PRINT - DEBUG - Final data site_incharge: 'Vishnu'
2025-06-04 00:25:41 - PRINT - DEBUG - Final data net_weight: '16760.00'
2025-06-04 00:25:41 - PRINT - 🎫 TICKET FLOW DEBUG: Starting save for ticket: T0009
2025-06-04 00:25:41 - ERROR - 2025-06-04 00:25:41,404 - TharuniApp - INFO - Saving record for ticket: T0009
2025-06-04 00:25:41 - ERROR - 2025-06-04 00:25:41,406 - DataManager - INFO - Successfully loaded 12 records from data\Coastal_Eluru_data.csv
2025-06-04 00:25:41 - ERROR - 2025-06-04 00:25:41,407 - DataManager - INFO - Filtered 12 records to 1 using filter: 't0009'
2025-06-04 00:25:41 - PRINT - 🎫 TICKET FLOW DEBUG: This is an UPDATE to existing ticket: T0009
2025-06-04 00:25:41 - ERROR - 2025-06-04 00:25:41,410 - TharuniApp - INFO - Updating existing record: T0009
2025-06-04 00:25:41 - ERROR - 2025-06-04 00:25:41,411 - TharuniApp - INFO - Calling data_manager.save_record for T0009
2025-06-04 00:25:41 - ERROR - 2025-06-04 00:25:41,412 - DataManager - INFO - ==================================================
2025-06-04 00:25:41 - ERROR - 2025-06-04 00:25:41,412 - DataManager - INFO - STARTING OFFLINE-FIRST RECORD SAVE
2025-06-04 00:25:41 - ERROR - 2025-06-04 00:25:41,413 - DataManager - INFO - Input data keys: ['date', 'time', 'site_name', 'agency_name', 'material', 'ticket_no', 'vehicle_no', 'transfer_party_name', 'first_weight', 'first_timestamp', 'second_weight', 'second_timestamp', 'net_weight', 'material_type', 'first_front_image', 'first_back_image', 'second_front_image', 'second_back_image', 'site_incharge', 'user_name']
2025-06-04 00:25:41 - ERROR - 2025-06-04 00:25:41,414 - DataManager - INFO - Net weight calculated: 26090.0 - 9330.0 = 16760.00
2025-06-04 00:25:41 - ERROR - 2025-06-04 00:25:41,415 - DataManager - INFO - Using data file: data\Coastal_Eluru_data.csv
2025-06-04 00:25:41 - ERROR - 2025-06-04 00:25:41,417 - DataManager - INFO - Successfully loaded 12 records from data\Coastal_Eluru_data.csv
2025-06-04 00:25:41 - ERROR - 2025-06-04 00:25:41,418 - DataManager - INFO - Filtered 12 records to 1 using filter: 't0009'
2025-06-04 00:25:41 - ERROR - 2025-06-04 00:25:41,418 - DataManager - INFO - Updating existing record: T0009
2025-06-04 00:25:41 - ERROR - 2025-06-04 00:25:41,419 - DataManager - INFO - Updating record T0009 in data\Coastal_Eluru_data.csv
2025-06-04 00:25:41 - ERROR - 2025-06-04 00:25:41,421 - DataManager - INFO - Read 12 records from CSV
2025-06-04 00:25:41 - ERROR - 2025-06-04 00:25:41,422 - DataManager - INFO - Found record to update at index 11
2025-06-04 00:25:41 - ERROR - 2025-06-04 00:25:41,424 - DataManager - INFO - Updated record data: ['04-06-2025', '00:25:41', 'Eluru', 'Coastal', 'Inert', 'T0009', 'AP04AP4444', 'Coromandel', '26090.00', '04-06-2025 00:25:02', '9330.00', '04-06-2025 00:25:16', '16760.00', 'Inert', '', '', 'Eluru_AP04AP4444_20250604_002538_2nd_front.jpg', '', 'Vishnu', 'admin']
2025-06-04 00:25:41 - ERROR - 2025-06-04 00:25:41,427 - DataManager - INFO - ✅ Record T0009 updated in data\Coastal_Eluru_data.csv
2025-06-04 00:25:41 - ERROR - 2025-06-04 00:25:41,428 - DataManager - INFO - ✅ Record T0009 saved to local CSV successfully
2025-06-04 00:25:41 - ERROR - 2025-06-04 00:25:41,429 - DataManager - INFO - Weighment analysis:
2025-06-04 00:25:41 - ERROR - 2025-06-04 00:25:41,430 - DataManager - INFO -   - Has first weighment: True
2025-06-04 00:25:41 - ERROR - 2025-06-04 00:25:41,431 - DataManager - INFO -   - Has second weighment: True
2025-06-04 00:25:41 - ERROR - 2025-06-04 00:25:41,432 - DataManager - INFO -   - Is first weighment save: False
2025-06-04 00:25:41 - ERROR - 2025-06-04 00:25:41,433 - DataManager - INFO -   - Is complete record: True
2025-06-04 00:25:41 - ERROR - 2025-06-04 00:25:41,434 - DataManager - INFO -   - Is update: True
2025-06-04 00:25:41 - ERROR - 2025-06-04 00:25:41,435 - DataManager - INFO - Complete record detected - saving JSON backup locally...
2025-06-04 00:25:41 - ERROR - 2025-06-04 00:25:41,436 - DataManager - INFO - Created new daily JSON folder: data\json_backups\2025-06-04
2025-06-04 00:25:41 - ERROR - 2025-06-04 00:25:41,438 - DataManager - INFO - ✅ JSON backup saved: data\json_backups\2025-06-04\T0009_Coastal_Eluru_002541.json
2025-06-04 00:25:41 - ERROR - 2025-06-04 00:25:41,439 - DataManager - INFO - ✅ JSON backup saved locally for T0009
2025-06-04 00:25:41 - ERROR - 2025-06-04 00:25:41,441 - DataManager - INFO - Complete record detected for ticket T0009 - generating PDF locally...
2025-06-04 00:25:41 - ERROR - 2025-06-04 00:25:41,442 - DataManager - INFO - Today's reports folder ensured: data\reports\2025-06-04
2025-06-04 00:25:41 - ERROR - 2025-06-04 00:25:41,443 - DataManager - INFO - Reports will be saved to: data\reports\2025-06-04
2025-06-04 00:25:41 - ERROR - 2025-06-04 00:25:41,445 - DataManager - INFO - Today's reports folder ensured: data\reports\2025-06-04
2025-06-04 00:25:41 - ERROR - 2025-06-04 00:25:41,448 - DataManager - INFO - SIMPLE TEST - Net display: '16760.00 kg'
2025-06-04 00:25:41 - ERROR - 2025-06-04 00:25:41,469 - DataManager - WARNING - Watermark error: cannot access local variable 'site' where it is not associated with a value, using image without watermark
2025-06-04 00:25:41 - ERROR - 2025-06-04 00:25:41,481 - DataManager - INFO - Building PDF document: data\reports\2025-06-04\Coastal_Eluru_T0009_AP04AP4444_002541.pdf
2025-06-04 00:25:41 - ERROR - 2025-06-04 00:25:41,504 - DataManager - INFO - PDF created successfully: data\reports\2025-06-04\Coastal_Eluru_T0009_AP04AP4444_002541.pdf (50241 bytes)
2025-06-04 00:25:41 - ERROR - 2025-06-04 00:25:41,506 - DataManager - INFO - Auto-generated PDF: data\reports\2025-06-04\Coastal_Eluru_T0009_AP04AP4444_002541.pdf
2025-06-04 00:25:41 - ERROR - 2025-06-04 00:25:41,507 - DataManager - INFO - PDF saved to today's reports folder: data\reports\2025-06-04
2025-06-04 00:25:41 - ERROR - 2025-06-04 00:25:41,508 - DataManager - INFO - ✅ PDF auto-generated locally: data\reports\2025-06-04\Coastal_Eluru_T0009_AP04AP4444_002541.pdf
2025-06-04 00:25:41 - ERROR - 2025-06-04 00:25:41,510 - DataManager - INFO - ✅ OFFLINE-FIRST SAVE COMPLETED - Local CSV, JSON backup, and PDF generated
2025-06-04 00:25:41 - ERROR - 2025-06-04 00:25:41,511 - DataManager - INFO - 📂 PDF saved to today's reports folder: data\reports\2025-06-04
2025-06-04 00:25:41 - ERROR - 2025-06-04 00:25:41,512 - DataManager - INFO - 💡 Cloud backup available via Settings > Cloud Storage > Backup
2025-06-04 00:25:41 - ERROR - 2025-06-04 00:25:41,513 - DataManager - INFO - ==================================================
2025-06-04 00:25:41 - ERROR - 2025-06-04 00:25:41,515 - TharuniApp - INFO - ✅ Record T0009 saved successfully
2025-06-04 00:25:41 - PRINT - 📥 Queued record: T0009 (Queue size: 1)
2025-06-04 00:25:41 - PRINT - 📥 Added complete record to queue: T0009
2025-06-04 00:25:41 - PRINT - 🎫 TICKET FLOW DEBUG: Save result analysis:
2025-06-04 00:25:41 - PRINT -    - is_complete_record: True
2025-06-04 00:25:41 - PRINT -    - is_first_weighment_save: False
2025-06-04 00:25:41 - PRINT -    - is_update: True
2025-06-04 00:25:41 - PRINT - 🎫 TICKET FLOW DEBUG: Completing existing record - will NOT increment counter
2025-06-04 00:25:41 - PRINT - 🎫 TICKET FLOW DEBUG: NOT incrementing counter - ticket T0009 was already consumed
2025-06-04 00:25:41 - PRINT - 🎫 TICKET FLOW DEBUG: Second weighment completed for existing ticket T0009
2025-06-04 00:25:41 - ERROR - 2025-06-04 00:25:41,528 - TharuniApp - INFO - Removing T0009 from pending vehicles list
2025-06-04 00:25:41 - PRINT - 🚛 PENDING DEBUG: Attempting to remove ticket T0009 from pending list
2025-06-04 00:25:41 - ERROR - 2025-06-04 00:25:41,529 - PendingVehiclesPanel - INFO - Attempting to remove ticket T0009 from pending list
2025-06-04 00:25:41 - PRINT - 🚛 PENDING DEBUG: ✅ Removed ticket T0009 from pending list
2025-06-04 00:25:41 - ERROR - 2025-06-04 00:25:41,531 - PendingVehiclesPanel - INFO - Removed ticket T0009 from pending list
2025-06-04 00:25:41 - PRINT - 🎫 FORM DEBUG: Preparing for new ticket after completion
2025-06-04 00:25:41 - PRINT - Resetting all image paths
2025-06-04 00:25:41 - PRINT - Image status update: 1st=0/2, 2nd=0/2
2025-06-04 00:25:43 - PRINT - 🎫 FORM DEBUG: Reserving next ticket number...
2025-06-04 00:25:43 - PRINT - 🎫 CONFIG DEBUG: Reserving next ticket number...
2025-06-04 00:25:43 - PRINT - 🎫 CONFIG DEBUG: Current ticket counter value: 10
2025-06-04 00:25:43 - PRINT - 🎫 CONFIG DEBUG: Reserved ticket number: T0010
2025-06-04 00:25:43 - PRINT - 🎫 FORM DEBUG: Reserved ticket number: T0010
2025-06-04 00:25:43 - PRINT - 🎫 FORM DEBUG: New ticket number reserved after completion: T0010
2025-06-04 00:25:43 - PRINT - 🎫 FORM DEBUG: Form prepared for new ticket after completion - ticket: T0010
2025-06-04 00:25:43 - PRINT - 🎫 TICKET FLOW DEBUG: Generated next ticket number after completing T0009: T0010
2025-06-04 00:25:45 - ERROR - 2025-06-04 00:25:45,330 - DataManager - INFO - Successfully loaded 12 records from data\Coastal_Eluru_data.csv
2025-06-04 00:25:45 - ERROR - 2025-06-04 00:25:45,331 - DataManager - INFO - Returning all 12 records (no filter)
2025-06-04 00:25:45 - PRINT - 🚛 PENDING DEBUG: Refreshing pending vehicles list...
2025-06-04 00:25:45 - ERROR - 2025-06-04 00:25:45,334 - PendingVehiclesPanel - INFO - Refreshing pending vehicles list
2025-06-04 00:25:45 - ERROR - 2025-06-04 00:25:45,335 - DataManager - INFO - Successfully loaded 12 records from data\Coastal_Eluru_data.csv
2025-06-04 00:25:45 - PRINT - 🚛 PENDING DEBUG: Retrieved 12 total records
2025-06-04 00:25:45 - ERROR - 2025-06-04 00:25:45,336 - PendingVehiclesPanel - INFO - Retrieved 12 total records
2025-06-04 00:25:45 - PRINT - 🚛 PENDING DEBUG: Checking ticket T0031:
2025-06-04 00:25:45 - PRINT -    - first_weight: '32340.00' (has: True)
2025-06-04 00:25:45 - PRINT -    - first_timestamp: '03-06-2025 18:16:07' (has: True)
2025-06-04 00:25:45 - PRINT -    - second_weight: '14630.00' (has: True)
2025-06-04 00:25:45 - PRINT -    - second_timestamp: '03-06-2025 18:16:12' (has: True)
2025-06-04 00:25:45 - PRINT -    - has_first: True, missing_second: False
2025-06-04 00:25:45 - PRINT - 🚛 PENDING DEBUG: ⏭️  Skipped ticket T0031 - not pending
2025-06-04 00:25:45 - PRINT - 🚛 PENDING DEBUG: Checking ticket T0032:
2025-06-04 00:25:45 - PRINT -    - first_weight: '41900.00' (has: True)
2025-06-04 00:25:45 - PRINT -    - first_timestamp: '03-06-2025 18:40:02' (has: True)
2025-06-04 00:25:45 - PRINT -    - second_weight: '10350.00' (has: True)
2025-06-04 00:25:45 - PRINT -    - second_timestamp: '03-06-2025 18:40:19' (has: True)
2025-06-04 00:25:45 - PRINT -    - has_first: True, missing_second: False
2025-06-04 00:25:45 - PRINT - 🚛 PENDING DEBUG: ⏭️  Skipped ticket T0032 - not pending
2025-06-04 00:25:45 - PRINT - 🚛 PENDING DEBUG: Checking ticket T0033:
2025-06-04 00:25:45 - PRINT -    - first_weight: '21440.00' (has: True)
2025-06-04 00:25:45 - PRINT -    - first_timestamp: '03-06-2025 20:08:54' (has: True)
2025-06-04 00:25:45 - PRINT -    - second_weight: '8650.00' (has: True)
2025-06-04 00:25:45 - PRINT -    - second_timestamp: '03-06-2025 20:09:13' (has: True)
2025-06-04 00:25:45 - PRINT -    - has_first: True, missing_second: False
2025-06-04 00:25:45 - PRINT - 🚛 PENDING DEBUG: ⏭️  Skipped ticket T0033 - not pending
2025-06-04 00:25:45 - PRINT - 🚛 PENDING DEBUG: Checking ticket T0001:
2025-06-04 00:25:45 - PRINT -    - first_weight: '18310.00' (has: True)
2025-06-04 00:25:45 - PRINT -    - first_timestamp: '03-06-2025 20:11:03' (has: True)
2025-06-04 00:25:45 - PRINT -    - second_weight: '6050.00' (has: True)
2025-06-04 00:25:45 - PRINT -    - second_timestamp: '03-06-2025 20:12:07' (has: True)
2025-06-04 00:25:45 - PRINT -    - has_first: True, missing_second: False
2025-06-04 00:25:45 - PRINT - 🚛 PENDING DEBUG: ⏭️  Skipped ticket T0001 - not pending
2025-06-04 00:25:45 - PRINT - 🚛 PENDING DEBUG: Checking ticket T0002:
2025-06-04 00:25:45 - PRINT -    - first_weight: '15970.00' (has: True)
2025-06-04 00:25:45 - PRINT -    - first_timestamp: '03-06-2025 20:11:22' (has: True)
2025-06-04 00:25:45 - PRINT -    - second_weight: '5320.00' (has: True)
2025-06-04 00:25:45 - PRINT -    - second_timestamp: '03-06-2025 20:12:18' (has: True)
2025-06-04 00:25:45 - PRINT -    - has_first: True, missing_second: False
2025-06-04 00:25:45 - PRINT - 🚛 PENDING DEBUG: ⏭️  Skipped ticket T0002 - not pending
2025-06-04 00:25:45 - PRINT - 🚛 PENDING DEBUG: Checking ticket T0003:
2025-06-04 00:25:45 - PRINT -    - first_weight: '29910.00' (has: True)
2025-06-04 00:25:45 - PRINT -    - first_timestamp: '03-06-2025 20:11:44' (has: True)
2025-06-04 00:25:45 - PRINT -    - second_weight: '12080.00' (has: True)
2025-06-04 00:25:45 - PRINT -    - second_timestamp: '03-06-2025 20:11:54' (has: True)
2025-06-04 00:25:45 - PRINT -    - has_first: True, missing_second: False
2025-06-04 00:25:45 - PRINT - 🚛 PENDING DEBUG: ⏭️  Skipped ticket T0003 - not pending
2025-06-04 00:25:45 - PRINT - 🚛 PENDING DEBUG: Checking ticket T0004:
2025-06-04 00:25:45 - PRINT -    - first_weight: '16410.00' (has: True)
2025-06-04 00:25:45 - PRINT -    - first_timestamp: '03-06-2025 23:31:40' (has: True)
2025-06-04 00:25:45 - PRINT -    - second_weight: '12100.00' (has: True)
2025-06-04 00:25:45 - PRINT -    - second_timestamp: '03-06-2025 23:32:31' (has: True)
2025-06-04 00:25:45 - PRINT -    - has_first: True, missing_second: False
2025-06-04 00:25:45 - PRINT - 🚛 PENDING DEBUG: ⏭️  Skipped ticket T0004 - not pending
2025-06-04 00:25:45 - PRINT - 🚛 PENDING DEBUG: Checking ticket T0005:
2025-06-04 00:25:45 - PRINT -    - first_weight: '28940.00' (has: True)
2025-06-04 00:25:45 - PRINT -    - first_timestamp: '03-06-2025 23:31:54' (has: True)
2025-06-04 00:25:45 - PRINT -    - second_weight: '11150.00' (has: True)
2025-06-04 00:25:45 - PRINT -    - second_timestamp: '03-06-2025 23:32:43' (has: True)
2025-06-04 00:25:45 - PRINT -    - has_first: True, missing_second: False
2025-06-04 00:25:45 - PRINT - 🚛 PENDING DEBUG: ⏭️  Skipped ticket T0005 - not pending
2025-06-04 00:25:45 - PRINT - 🚛 PENDING DEBUG: Checking ticket T0006:
2025-06-04 00:25:45 - PRINT -    - first_weight: '18740.00' (has: True)
2025-06-04 00:25:45 - PRINT -    - first_timestamp: '03-06-2025 23:32:13' (has: True)
2025-06-04 00:25:45 - PRINT -    - second_weight: '8380.00' (has: True)
2025-06-04 00:25:45 - PRINT -    - second_timestamp: '03-06-2025 23:32:18' (has: True)
2025-06-04 00:25:45 - PRINT -    - has_first: True, missing_second: False
2025-06-04 00:25:45 - PRINT - 🚛 PENDING DEBUG: ⏭️  Skipped ticket T0006 - not pending
2025-06-04 00:25:45 - PRINT - 🚛 PENDING DEBUG: Checking ticket T0007:
2025-06-04 00:25:45 - PRINT -    - first_weight: '21910.00' (has: True)
2025-06-04 00:25:45 - PRINT -    - first_timestamp: '04-06-2025 00:24:28' (has: True)
2025-06-04 00:25:45 - PRINT -    - second_weight: '' (has: False)
2025-06-04 00:25:45 - PRINT -    - second_timestamp: '' (has: False)
2025-06-04 00:25:45 - PRINT -    - has_first: True, missing_second: True
2025-06-04 00:25:45 - PRINT - 🚛 PENDING DEBUG: ✅ Added to pending: T0007
2025-06-04 00:25:45 - ERROR - 2025-06-04 00:25:45,425 - PendingVehiclesPanel - INFO - Added to pending: T0007
2025-06-04 00:25:45 - PRINT - 🚛 PENDING DEBUG: Checking ticket T0008:
2025-06-04 00:25:45 - PRINT -    - first_weight: '21850.00' (has: True)
2025-06-04 00:25:45 - PRINT -    - first_timestamp: '04-06-2025 00:24:45' (has: True)
2025-06-04 00:25:45 - PRINT -    - second_weight: '' (has: False)
2025-06-04 00:25:45 - PRINT -    - second_timestamp: '' (has: False)
2025-06-04 00:25:45 - PRINT -    - has_first: True, missing_second: True
2025-06-04 00:25:45 - PRINT - 🚛 PENDING DEBUG: ✅ Added to pending: T0008
2025-06-04 00:25:45 - ERROR - 2025-06-04 00:25:45,433 - PendingVehiclesPanel - INFO - Added to pending: T0008
2025-06-04 00:25:45 - PRINT - 🚛 PENDING DEBUG: Checking ticket T0009:
2025-06-04 00:25:45 - PRINT -    - first_weight: '26090.00' (has: True)
2025-06-04 00:25:45 - PRINT -    - first_timestamp: '04-06-2025 00:25:02' (has: True)
2025-06-04 00:25:45 - PRINT -    - second_weight: '9330.00' (has: True)
2025-06-04 00:25:45 - PRINT -    - second_timestamp: '04-06-2025 00:25:16' (has: True)
2025-06-04 00:25:45 - PRINT -    - has_first: True, missing_second: False
2025-06-04 00:25:45 - PRINT - 🚛 PENDING DEBUG: ⏭️  Skipped ticket T0009 - not pending
2025-06-04 00:25:45 - PRINT - 🚛 PENDING DEBUG: Found 2 pending records
2025-06-04 00:25:45 - ERROR - 2025-06-04 00:25:45,444 - PendingVehiclesPanel - INFO - Found 2 pending records
2025-06-04 00:25:45 - PRINT - 🚛 PENDING DEBUG: Added to treeview: T0008 - AP04AP4444
2025-06-04 00:25:45 - PRINT - 🚛 PENDING DEBUG: Added to treeview: T0007 - AP04AP4444
2025-06-04 00:25:45 - PRINT - 🚛 PENDING DEBUG: ✅ Successfully refreshed pending list with 2 items
2025-06-04 00:25:45 - ERROR - 2025-06-04 00:25:45,448 - PendingVehiclesPanel - INFO - Successfully refreshed pending list with 2 items
2025-06-04 00:25:45 - PRINT - 🎫 TICKET FLOW DEBUG: Save operation completed successfully
2025-06-04 00:25:45 - ERROR - 2025-06-04 00:25:45,450 - TharuniApp - INFO - SAVE RECORD OPERATION COMPLETED SUCCESSFULLY WITH SMART TICKET FLOW
2025-06-04 00:25:45 - PRINT - 🎫 TICKET FLOW DEBUG: ==================================================
2025-06-04 00:25:45 - ERROR - 2025-06-04 00:25:45,452 - TharuniApp - INFO - ==================================================
2025-06-04 00:25:53 - ERROR - 2025-06-04 00:25:53,889 - PendingVehiclesPanel - INFO - Double-clicked on ticket: T0008
2025-06-04 00:25:53 - ERROR - 2025-06-04 00:25:53,892 - TharuniApp - INFO - Loading pending vehicle: T0008
2025-06-04 00:25:53 - ERROR - 2025-06-04 00:25:53,897 - DataManager - INFO - Successfully loaded 12 records from data\Coastal_Eluru_data.csv
2025-06-04 00:25:53 - ERROR - 2025-06-04 00:25:53,901 - DataManager - INFO - Filtered 12 records to 1 using filter: 't0008'
2025-06-04 00:25:53 - ERROR - 2025-06-04 00:25:53,905 - DataManager - INFO - CSV structure is up to date
2025-06-04 00:25:53 - ERROR - 2025-06-04 00:25:53,907 - DataManager - INFO - Data context set to: Agency='Coastal', Site='Eluru'
2025-06-04 00:25:53 - ERROR - 2025-06-04 00:25:53,908 - DataManager - INFO - Data file: data\Coastal_Eluru_data.csv
2025-06-04 00:25:53 - PRINT - Updated data context: Coastal_Eluru
2025-06-04 00:25:53 - PRINT - Loading images from record for ticket: T0008
2025-06-04 00:25:53 - PRINT - Loaded image paths:
2025-06-04 00:25:53 - PRINT -   First front: None
2025-06-04 00:25:53 - PRINT -   First back: None
2025-06-04 00:25:53 - PRINT -   Second front: None
2025-06-04 00:25:53 - PRINT -   Second back: None
2025-06-04 00:25:53 - PRINT - Image status update: 1st=0/2, 2nd=0/2
2025-06-04 00:25:53 - ERROR - 2025-06-04 00:25:53,917 - TharuniApp - INFO - Successfully loaded pending ticket: T0008
2025-06-04 00:25:57 - PRINT - Capture weight called
2025-06-04 00:25:57 - PRINT - Checking test mode...
2025-06-04 00:25:57 - PRINT - Could not find main app after 8 attempts
2025-06-04 00:25:57 - PRINT - Creating new SettingsStorage instance
2025-06-04 00:25:57 - PRINT - Reading weighbridge settings from: data\app_settings.json
2025-06-04 00:25:57 - PRINT - Loaded weighbridge settings: {'com_port': '', 'baud_rate': 2400, 'data_bits': 8, 'parity': 'None', 'stop_bits': 1.0, 'test_mode': True}
2025-06-04 00:25:57 - PRINT - Test mode from settings storage: True
2025-06-04 00:25:57 - PRINT - Test mode is enabled - generating random weight
2025-06-04 00:25:57 - PRINT - Generating weight for second weighment
2025-06-04 00:25:57 - PRINT - Second weighment - generated: 10738.408341609036
2025-06-04 00:25:57 - PRINT - Generated random weight: 10740.0 kg
2025-06-04 00:25:57 - PRINT - Processing captured weight: 10740.0
2025-06-04 00:25:57 - PRINT - Checking test mode...
2025-06-04 00:25:57 - PRINT - Could not find main app after 8 attempts
2025-06-04 00:25:57 - PRINT - Creating new SettingsStorage instance
2025-06-04 00:25:57 - PRINT - Reading weighbridge settings from: data\app_settings.json
2025-06-04 00:25:57 - PRINT - Loaded weighbridge settings: {'com_port': '', 'baud_rate': 2400, 'data_bits': 8, 'parity': 'None', 'stop_bits': 1.0, 'test_mode': True}
2025-06-04 00:25:57 - PRINT - Test mode from settings storage: True
2025-06-04 00:26:02 - PRINT - === SAVE FRONT IMAGE CALLED ===
2025-06-04 00:26:02 - PRINT - Captured image provided: True
2025-06-04 00:26:02 - ERROR - 2025-06-04 00:26:02,058 - FormValidator - INFO - Vehicle validation passed: AP04AP4444
2025-06-04 00:26:02 - PRINT - Weighment status - First: True, Second: True
2025-06-04 00:26:02 - PRINT - Both weighments completed - images for SECOND weighment
2025-06-04 00:26:02 - PRINT - FIXED: Saving 2nd weighment front image (based on actual weighment status)
2025-06-04 00:26:02 - PRINT - Image shape: (480, 640, 3)
2025-06-04 00:26:02 - PRINT - Generated filename: Eluru_AP04AP4444_20250604_002602_2nd_front.jpg
2025-06-04 00:26:02 - PRINT - Adding watermark...
2025-06-04 00:26:02 - PRINT - Saving to: data\images\Eluru_AP04AP4444_20250604_002602_2nd_front.jpg
2025-06-04 00:26:02 - PRINT - cv2.imwrite returned: True
2025-06-04 00:26:02 - PRINT - File created successfully, size: 79718 bytes
2025-06-04 00:26:02 - PRINT - Set second_front_image_path: data\images\Eluru_AP04AP4444_20250604_002602_2nd_front.jpg
2025-06-04 00:26:02 - PRINT - Image status update: 1st=0/2, 2nd=1/2
2025-06-04 00:26:02 - PRINT - ✅ 2nd weighment front image saved successfully: Eluru_AP04AP4444_20250604_002602_2nd_front.jpg
2025-06-04 00:26:04 - ERROR - 2025-06-04 00:26:04,004 - TharuniApp - INFO - ==================================================
2025-06-04 00:26:04 - ERROR - 2025-06-04 00:26:04,005 - TharuniApp - INFO - SAVE RECORD OPERATION STARTED WITH SMART TICKET FLOW
2025-06-04 00:26:04 - ERROR - 2025-06-04 00:26:04,006 - FormValidator - INFO - Starting comprehensive form validation
2025-06-04 00:26:04 - ERROR - 2025-06-04 00:26:04,007 - FormValidator - INFO - Validating basic fields
2025-06-04 00:26:04 - ERROR - 2025-06-04 00:26:04,008 - FormValidator - INFO - Field values: ticket='T0008', vehicle='AP04AP4444', agency='Coastal'
2025-06-04 00:26:04 - ERROR - 2025-06-04 00:26:04,009 - FormValidator - INFO - Basic validation passed
2025-06-04 00:26:04 - ERROR - 2025-06-04 00:26:04,011 - FormValidator - INFO - Validating weighment data
2025-06-04 00:26:04 - ERROR - 2025-06-04 00:26:04,012 - FormValidator - INFO - Weighment data: first_weight='21850.00', first_timestamp='04-06-2025 00:24:45', second_weight='10740.00', second_timestamp='04-06-2025 00:25:57'
2025-06-04 00:26:04 - ERROR - 2025-06-04 00:26:04,014 - FormValidator - INFO - Weighment validation passed
2025-06-04 00:26:04 - ERROR - 2025-06-04 00:26:04,015 - FormValidator - INFO - Validating images for second weighment
2025-06-04 00:26:04 - ERROR - 2025-06-04 00:26:04,016 - FormValidator - INFO - Images validation for second: front=True, back=False
2025-06-04 00:26:04 - ERROR - 2025-06-04 00:26:04,018 - FormValidator - INFO - Form validation passed successfully
2025-06-04 00:26:04 - PRINT - Get all image filenames returning: {'first_front_image': '', 'first_back_image': '', 'second_front_image': 'Eluru_AP04AP4444_20250604_002602_2nd_front.jpg', 'second_back_image': ''}
2025-06-04 00:26:04 - PRINT - DEBUG - User name var: 'admin'
2025-06-04 00:26:04 - PRINT - DEBUG - Site incharge var: 'Vishnu'
2025-06-04 00:26:04 - PRINT - DEBUG - Net weight var: '11110.00'
2025-06-04 00:26:04 - PRINT - DEBUG - Final data user_name: 'admin'
2025-06-04 00:26:04 - PRINT - DEBUG - Final data site_incharge: 'Vishnu'
2025-06-04 00:26:04 - PRINT - DEBUG - Final data net_weight: '11110.00'
2025-06-04 00:26:04 - PRINT - 🎫 TICKET FLOW DEBUG: Starting save for ticket: T0008
2025-06-04 00:26:04 - ERROR - 2025-06-04 00:26:04,028 - TharuniApp - INFO - Saving record for ticket: T0008
2025-06-04 00:26:04 - ERROR - 2025-06-04 00:26:04,029 - DataManager - INFO - Successfully loaded 12 records from data\Coastal_Eluru_data.csv
2025-06-04 00:26:04 - ERROR - 2025-06-04 00:26:04,031 - DataManager - INFO - Filtered 12 records to 1 using filter: 't0008'
2025-06-04 00:26:04 - PRINT - 🎫 TICKET FLOW DEBUG: This is an UPDATE to existing ticket: T0008
2025-06-04 00:26:04 - ERROR - 2025-06-04 00:26:04,032 - TharuniApp - INFO - Updating existing record: T0008
2025-06-04 00:26:04 - ERROR - 2025-06-04 00:26:04,034 - TharuniApp - INFO - Calling data_manager.save_record for T0008
2025-06-04 00:26:04 - ERROR - 2025-06-04 00:26:04,036 - DataManager - INFO - ==================================================
2025-06-04 00:26:04 - ERROR - 2025-06-04 00:26:04,037 - DataManager - INFO - STARTING OFFLINE-FIRST RECORD SAVE
2025-06-04 00:26:04 - ERROR - 2025-06-04 00:26:04,039 - DataManager - INFO - Input data keys: ['date', 'time', 'site_name', 'agency_name', 'material', 'ticket_no', 'vehicle_no', 'transfer_party_name', 'first_weight', 'first_timestamp', 'second_weight', 'second_timestamp', 'net_weight', 'material_type', 'first_front_image', 'first_back_image', 'second_front_image', 'second_back_image', 'site_incharge', 'user_name']
2025-06-04 00:26:04 - ERROR - 2025-06-04 00:26:04,040 - DataManager - INFO - Net weight calculated: 21850.0 - 10740.0 = 11110.00
2025-06-04 00:26:04 - ERROR - 2025-06-04 00:26:04,041 - DataManager - INFO - Using data file: data\Coastal_Eluru_data.csv
2025-06-04 00:26:04 - ERROR - 2025-06-04 00:26:04,042 - DataManager - INFO - Successfully loaded 12 records from data\Coastal_Eluru_data.csv
2025-06-04 00:26:04 - ERROR - 2025-06-04 00:26:04,044 - DataManager - INFO - Filtered 12 records to 1 using filter: 't0008'
2025-06-04 00:26:04 - ERROR - 2025-06-04 00:26:04,045 - DataManager - INFO - Updating existing record: T0008
2025-06-04 00:26:04 - ERROR - 2025-06-04 00:26:04,046 - DataManager - INFO - Updating record T0008 in data\Coastal_Eluru_data.csv
2025-06-04 00:26:04 - ERROR - 2025-06-04 00:26:04,047 - DataManager - INFO - Read 12 records from CSV
2025-06-04 00:26:04 - ERROR - 2025-06-04 00:26:04,048 - DataManager - INFO - Found record to update at index 10
2025-06-04 00:26:04 - ERROR - 2025-06-04 00:26:04,049 - DataManager - INFO - Updated record data: ['04-06-2025', '00:26:04', 'Eluru', 'Coastal', 'Inert', 'T0008', 'AP04AP4444', 'Coromandel', '21850.00', '04-06-2025 00:24:45', '10740.00', '04-06-2025 00:25:57', '11110.00', 'Inert', '', '', 'Eluru_AP04AP4444_20250604_002602_2nd_front.jpg', '', 'Vishnu', 'admin']
2025-06-04 00:26:04 - ERROR - 2025-06-04 00:26:04,054 - DataManager - INFO - ✅ Record T0008 updated in data\Coastal_Eluru_data.csv
2025-06-04 00:26:04 - ERROR - 2025-06-04 00:26:04,055 - DataManager - INFO - ✅ Record T0008 saved to local CSV successfully
2025-06-04 00:26:04 - ERROR - 2025-06-04 00:26:04,056 - DataManager - INFO - Weighment analysis:
2025-06-04 00:26:04 - ERROR - 2025-06-04 00:26:04,057 - DataManager - INFO -   - Has first weighment: True
2025-06-04 00:26:04 - ERROR - 2025-06-04 00:26:04,059 - DataManager - INFO -   - Has second weighment: True
2025-06-04 00:26:04 - ERROR - 2025-06-04 00:26:04,060 - DataManager - INFO -   - Is first weighment save: False
2025-06-04 00:26:04 - ERROR - 2025-06-04 00:26:04,061 - DataManager - INFO -   - Is complete record: True
2025-06-04 00:26:04 - ERROR - 2025-06-04 00:26:04,062 - DataManager - INFO -   - Is update: True
2025-06-04 00:26:04 - ERROR - 2025-06-04 00:26:04,063 - DataManager - INFO - Complete record detected - saving JSON backup locally...
2025-06-04 00:26:04 - ERROR - 2025-06-04 00:26:04,065 - DataManager - INFO - ✅ JSON backup saved: data\json_backups\2025-06-04\T0008_Coastal_Eluru_002604.json
2025-06-04 00:26:04 - ERROR - 2025-06-04 00:26:04,067 - DataManager - INFO - ✅ JSON backup saved locally for T0008
2025-06-04 00:26:04 - ERROR - 2025-06-04 00:26:04,069 - DataManager - INFO - Complete record detected for ticket T0008 - generating PDF locally...
2025-06-04 00:26:04 - ERROR - 2025-06-04 00:26:04,071 - DataManager - INFO - Today's reports folder ensured: data\reports\2025-06-04
2025-06-04 00:26:04 - ERROR - 2025-06-04 00:26:04,072 - DataManager - INFO - Reports will be saved to: data\reports\2025-06-04
2025-06-04 00:26:04 - ERROR - 2025-06-04 00:26:04,074 - DataManager - INFO - Today's reports folder ensured: data\reports\2025-06-04
2025-06-04 00:26:04 - ERROR - 2025-06-04 00:26:04,076 - DataManager - INFO - SIMPLE TEST - Net display: '11110.00 kg'
2025-06-04 00:26:04 - ERROR - 2025-06-04 00:26:04,092 - DataManager - WARNING - Watermark error: cannot access local variable 'site' where it is not associated with a value, using image without watermark
2025-06-04 00:26:04 - ERROR - 2025-06-04 00:26:04,107 - DataManager - INFO - Building PDF document: data\reports\2025-06-04\Coastal_Eluru_T0008_AP04AP4444_002604.pdf
2025-06-04 00:26:04 - ERROR - 2025-06-04 00:26:04,143 - DataManager - INFO - PDF created successfully: data\reports\2025-06-04\Coastal_Eluru_T0008_AP04AP4444_002604.pdf (50103 bytes)
2025-06-04 00:26:04 - ERROR - 2025-06-04 00:26:04,144 - DataManager - INFO - Auto-generated PDF: data\reports\2025-06-04\Coastal_Eluru_T0008_AP04AP4444_002604.pdf
2025-06-04 00:26:04 - ERROR - 2025-06-04 00:26:04,145 - DataManager - INFO - PDF saved to today's reports folder: data\reports\2025-06-04
2025-06-04 00:26:04 - ERROR - 2025-06-04 00:26:04,146 - DataManager - INFO - ✅ PDF auto-generated locally: data\reports\2025-06-04\Coastal_Eluru_T0008_AP04AP4444_002604.pdf
2025-06-04 00:26:04 - ERROR - 2025-06-04 00:26:04,148 - DataManager - INFO - ✅ OFFLINE-FIRST SAVE COMPLETED - Local CSV, JSON backup, and PDF generated
2025-06-04 00:26:04 - ERROR - 2025-06-04 00:26:04,149 - DataManager - INFO - 📂 PDF saved to today's reports folder: data\reports\2025-06-04
2025-06-04 00:26:04 - ERROR - 2025-06-04 00:26:04,151 - DataManager - INFO - 💡 Cloud backup available via Settings > Cloud Storage > Backup
2025-06-04 00:26:04 - ERROR - 2025-06-04 00:26:04,153 - DataManager - INFO - ==================================================
2025-06-04 00:26:04 - ERROR - 2025-06-04 00:26:04,155 - TharuniApp - INFO - ✅ Record T0008 saved successfully
2025-06-04 00:26:04 - PRINT - 📥 Queued record: T0008 (Queue size: 2)
2025-06-04 00:26:04 - PRINT - 📥 Added complete record to queue: T0008
2025-06-04 00:26:04 - PRINT - 🎫 TICKET FLOW DEBUG: Save result analysis:
2025-06-04 00:26:04 - PRINT -    - is_complete_record: True
2025-06-04 00:26:04 - PRINT -    - is_first_weighment_save: False
2025-06-04 00:26:04 - PRINT -    - is_update: True
2025-06-04 00:26:04 - PRINT - 🎫 TICKET FLOW DEBUG: Completing existing record - will NOT increment counter
2025-06-04 00:26:04 - PRINT - 🎫 TICKET FLOW DEBUG: NOT incrementing counter - ticket T0008 was already consumed
2025-06-04 00:26:04 - PRINT - 🎫 TICKET FLOW DEBUG: Second weighment completed for existing ticket T0008
2025-06-04 00:26:04 - ERROR - 2025-06-04 00:26:04,169 - TharuniApp - INFO - Removing T0008 from pending vehicles list
2025-06-04 00:26:04 - PRINT - 🚛 PENDING DEBUG: Attempting to remove ticket T0008 from pending list
2025-06-04 00:26:04 - ERROR - 2025-06-04 00:26:04,172 - PendingVehiclesPanel - INFO - Attempting to remove ticket T0008 from pending list
2025-06-04 00:26:04 - PRINT - 🚛 PENDING DEBUG: ✅ Removed ticket T0008 from pending list
2025-06-04 00:26:04 - ERROR - 2025-06-04 00:26:04,174 - PendingVehiclesPanel - INFO - Removed ticket T0008 from pending list
2025-06-04 00:26:04 - PRINT - 🎫 FORM DEBUG: Preparing for new ticket after completion
2025-06-04 00:26:04 - PRINT - Resetting all image paths
2025-06-04 00:26:04 - PRINT - Image status update: 1st=0/2, 2nd=0/2
2025-06-04 00:26:07 - PRINT - 🎫 FORM DEBUG: Reserving next ticket number...
2025-06-04 00:26:07 - PRINT - 🎫 CONFIG DEBUG: Reserving next ticket number...
2025-06-04 00:26:07 - PRINT - 🎫 CONFIG DEBUG: Current ticket counter value: 10
2025-06-04 00:26:07 - PRINT - 🎫 CONFIG DEBUG: Reserved ticket number: T0010
2025-06-04 00:26:07 - PRINT - 🎫 FORM DEBUG: Reserved ticket number: T0010
2025-06-04 00:26:07 - PRINT - 🎫 FORM DEBUG: New ticket number reserved after completion: T0010
2025-06-04 00:26:07 - PRINT - 🎫 FORM DEBUG: Form prepared for new ticket after completion - ticket: T0010
2025-06-04 00:26:07 - PRINT - 🎫 TICKET FLOW DEBUG: Generated next ticket number after completing T0008: T0010
2025-06-04 00:26:08 - ERROR - 2025-06-04 00:26:08,939 - DataManager - INFO - Successfully loaded 12 records from data\Coastal_Eluru_data.csv
2025-06-04 00:26:08 - ERROR - 2025-06-04 00:26:08,940 - DataManager - INFO - Returning all 12 records (no filter)
2025-06-04 00:26:08 - PRINT - 🚛 PENDING DEBUG: Refreshing pending vehicles list...
2025-06-04 00:26:08 - ERROR - 2025-06-04 00:26:08,942 - PendingVehiclesPanel - INFO - Refreshing pending vehicles list
2025-06-04 00:26:08 - ERROR - 2025-06-04 00:26:08,943 - DataManager - INFO - Successfully loaded 12 records from data\Coastal_Eluru_data.csv
2025-06-04 00:26:08 - PRINT - 🚛 PENDING DEBUG: Retrieved 12 total records
2025-06-04 00:26:08 - ERROR - 2025-06-04 00:26:08,945 - PendingVehiclesPanel - INFO - Retrieved 12 total records
2025-06-04 00:26:08 - PRINT - 🚛 PENDING DEBUG: Checking ticket T0031:
2025-06-04 00:26:08 - PRINT -    - first_weight: '32340.00' (has: True)
2025-06-04 00:26:08 - PRINT -    - first_timestamp: '03-06-2025 18:16:07' (has: True)
2025-06-04 00:26:08 - PRINT -    - second_weight: '14630.00' (has: True)
2025-06-04 00:26:08 - PRINT -    - second_timestamp: '03-06-2025 18:16:12' (has: True)
2025-06-04 00:26:08 - PRINT -    - has_first: True, missing_second: False
2025-06-04 00:26:08 - PRINT - 🚛 PENDING DEBUG: ⏭️  Skipped ticket T0031 - not pending
2025-06-04 00:26:08 - PRINT - 🚛 PENDING DEBUG: Checking ticket T0032:
2025-06-04 00:26:08 - PRINT -    - first_weight: '41900.00' (has: True)
2025-06-04 00:26:08 - PRINT -    - first_timestamp: '03-06-2025 18:40:02' (has: True)
2025-06-04 00:26:08 - PRINT -    - second_weight: '10350.00' (has: True)
2025-06-04 00:26:08 - PRINT -    - second_timestamp: '03-06-2025 18:40:19' (has: True)
2025-06-04 00:26:08 - PRINT -    - has_first: True, missing_second: False
2025-06-04 00:26:08 - PRINT - 🚛 PENDING DEBUG: ⏭️  Skipped ticket T0032 - not pending
2025-06-04 00:26:08 - PRINT - 🚛 PENDING DEBUG: Checking ticket T0033:
2025-06-04 00:26:08 - PRINT -    - first_weight: '21440.00' (has: True)
2025-06-04 00:26:08 - PRINT -    - first_timestamp: '03-06-2025 20:08:54' (has: True)
2025-06-04 00:26:08 - PRINT -    - second_weight: '8650.00' (has: True)
2025-06-04 00:26:08 - PRINT -    - second_timestamp: '03-06-2025 20:09:13' (has: True)
2025-06-04 00:26:08 - PRINT -    - has_first: True, missing_second: False
2025-06-04 00:26:08 - PRINT - 🚛 PENDING DEBUG: ⏭️  Skipped ticket T0033 - not pending
2025-06-04 00:26:08 - PRINT - 🚛 PENDING DEBUG: Checking ticket T0001:
2025-06-04 00:26:08 - PRINT -    - first_weight: '18310.00' (has: True)
2025-06-04 00:26:08 - PRINT -    - first_timestamp: '03-06-2025 20:11:03' (has: True)
2025-06-04 00:26:08 - PRINT -    - second_weight: '6050.00' (has: True)
2025-06-04 00:26:08 - PRINT -    - second_timestamp: '03-06-2025 20:12:07' (has: True)
2025-06-04 00:26:08 - PRINT -    - has_first: True, missing_second: False
2025-06-04 00:26:08 - PRINT - 🚛 PENDING DEBUG: ⏭️  Skipped ticket T0001 - not pending
2025-06-04 00:26:08 - PRINT - 🚛 PENDING DEBUG: Checking ticket T0002:
2025-06-04 00:26:08 - PRINT -    - first_weight: '15970.00' (has: True)
2025-06-04 00:26:08 - PRINT -    - first_timestamp: '03-06-2025 20:11:22' (has: True)
2025-06-04 00:26:08 - PRINT -    - second_weight: '5320.00' (has: True)
2025-06-04 00:26:08 - PRINT -    - second_timestamp: '03-06-2025 20:12:18' (has: True)
2025-06-04 00:26:08 - PRINT -    - has_first: True, missing_second: False
2025-06-04 00:26:08 - PRINT - 🚛 PENDING DEBUG: ⏭️  Skipped ticket T0002 - not pending
2025-06-04 00:26:08 - PRINT - 🚛 PENDING DEBUG: Checking ticket T0003:
2025-06-04 00:26:08 - PRINT -    - first_weight: '29910.00' (has: True)
2025-06-04 00:26:08 - PRINT -    - first_timestamp: '03-06-2025 20:11:44' (has: True)
2025-06-04 00:26:08 - PRINT -    - second_weight: '12080.00' (has: True)
2025-06-04 00:26:08 - PRINT -    - second_timestamp: '03-06-2025 20:11:54' (has: True)
2025-06-04 00:26:08 - PRINT -    - has_first: True, missing_second: False
2025-06-04 00:26:08 - PRINT - 🚛 PENDING DEBUG: ⏭️  Skipped ticket T0003 - not pending
2025-06-04 00:26:08 - PRINT - 🚛 PENDING DEBUG: Checking ticket T0004:
2025-06-04 00:26:09 - PRINT -    - first_weight: '16410.00' (has: True)
2025-06-04 00:26:09 - PRINT -    - first_timestamp: '03-06-2025 23:31:40' (has: True)
2025-06-04 00:26:09 - PRINT -    - second_weight: '12100.00' (has: True)
2025-06-04 00:26:09 - PRINT -    - second_timestamp: '03-06-2025 23:32:31' (has: True)
2025-06-04 00:26:09 - PRINT -    - has_first: True, missing_second: False
2025-06-04 00:26:09 - PRINT - 🚛 PENDING DEBUG: ⏭️  Skipped ticket T0004 - not pending
2025-06-04 00:26:09 - PRINT - 🚛 PENDING DEBUG: Checking ticket T0005:
2025-06-04 00:26:09 - PRINT -    - first_weight: '28940.00' (has: True)
2025-06-04 00:26:09 - PRINT -    - first_timestamp: '03-06-2025 23:31:54' (has: True)
2025-06-04 00:26:09 - PRINT -    - second_weight: '11150.00' (has: True)
2025-06-04 00:26:09 - PRINT -    - second_timestamp: '03-06-2025 23:32:43' (has: True)
2025-06-04 00:26:09 - PRINT -    - has_first: True, missing_second: False
2025-06-04 00:26:09 - PRINT - 🚛 PENDING DEBUG: ⏭️  Skipped ticket T0005 - not pending
2025-06-04 00:26:09 - PRINT - 🚛 PENDING DEBUG: Checking ticket T0006:
2025-06-04 00:26:09 - PRINT -    - first_weight: '18740.00' (has: True)
2025-06-04 00:26:09 - PRINT -    - first_timestamp: '03-06-2025 23:32:13' (has: True)
2025-06-04 00:26:09 - PRINT -    - second_weight: '8380.00' (has: True)
2025-06-04 00:26:09 - PRINT -    - second_timestamp: '03-06-2025 23:32:18' (has: True)
2025-06-04 00:26:09 - PRINT -    - has_first: True, missing_second: False
2025-06-04 00:26:09 - PRINT - 🚛 PENDING DEBUG: ⏭️  Skipped ticket T0006 - not pending
2025-06-04 00:26:09 - PRINT - 🚛 PENDING DEBUG: Checking ticket T0007:
2025-06-04 00:26:09 - PRINT -    - first_weight: '21910.00' (has: True)
2025-06-04 00:26:09 - PRINT -    - first_timestamp: '04-06-2025 00:24:28' (has: True)
2025-06-04 00:26:09 - PRINT -    - second_weight: '' (has: False)
2025-06-04 00:26:09 - PRINT -    - second_timestamp: '' (has: False)
2025-06-04 00:26:09 - PRINT -    - has_first: True, missing_second: True
2025-06-04 00:26:09 - PRINT - 🚛 PENDING DEBUG: ✅ Added to pending: T0007
2025-06-04 00:26:09 - ERROR - 2025-06-04 00:26:09,040 - PendingVehiclesPanel - INFO - Added to pending: T0007
2025-06-04 00:26:09 - PRINT - 🚛 PENDING DEBUG: Checking ticket T0008:
2025-06-04 00:26:09 - PRINT -    - first_weight: '21850.00' (has: True)
2025-06-04 00:26:09 - PRINT -    - first_timestamp: '04-06-2025 00:24:45' (has: True)
2025-06-04 00:26:09 - PRINT -    - second_weight: '10740.00' (has: True)
2025-06-04 00:26:09 - PRINT -    - second_timestamp: '04-06-2025 00:25:57' (has: True)
2025-06-04 00:26:09 - PRINT -    - has_first: True, missing_second: False
2025-06-04 00:26:09 - PRINT - 🚛 PENDING DEBUG: ⏭️  Skipped ticket T0008 - not pending
2025-06-04 00:26:09 - PRINT - 🚛 PENDING DEBUG: Checking ticket T0009:
2025-06-04 00:26:09 - PRINT -    - first_weight: '26090.00' (has: True)
2025-06-04 00:26:09 - PRINT -    - first_timestamp: '04-06-2025 00:25:02' (has: True)
2025-06-04 00:26:09 - PRINT -    - second_weight: '9330.00' (has: True)
2025-06-04 00:26:09 - PRINT -    - second_timestamp: '04-06-2025 00:25:16' (has: True)
2025-06-04 00:26:09 - PRINT -    - has_first: True, missing_second: False
2025-06-04 00:26:09 - PRINT - 🚛 PENDING DEBUG: ⏭️  Skipped ticket T0009 - not pending
2025-06-04 00:26:09 - PRINT - 🚛 PENDING DEBUG: Found 1 pending records
2025-06-04 00:26:09 - ERROR - 2025-06-04 00:26:09,063 - PendingVehiclesPanel - INFO - Found 1 pending records
2025-06-04 00:26:09 - PRINT - 🚛 PENDING DEBUG: Added to treeview: T0007 - AP04AP4444
2025-06-04 00:26:09 - PRINT - 🚛 PENDING DEBUG: ✅ Successfully refreshed pending list with 1 items
2025-06-04 00:26:09 - ERROR - 2025-06-04 00:26:09,066 - PendingVehiclesPanel - INFO - Successfully refreshed pending list with 1 items
2025-06-04 00:26:09 - PRINT - 🎫 TICKET FLOW DEBUG: Save operation completed successfully
2025-06-04 00:26:09 - ERROR - 2025-06-04 00:26:09,071 - TharuniApp - INFO - SAVE RECORD OPERATION COMPLETED SUCCESSFULLY WITH SMART TICKET FLOW
2025-06-04 00:26:09 - PRINT - 🎫 TICKET FLOW DEBUG: ==================================================
2025-06-04 00:26:09 - ERROR - 2025-06-04 00:26:09,074 - TharuniApp - INFO - ==================================================
2025-06-04 00:26:11 - ERROR - 2025-06-04 00:26:11,734 - PendingVehiclesPanel - INFO - Double-clicked on ticket: T0007
2025-06-04 00:26:11 - ERROR - 2025-06-04 00:26:11,738 - TharuniApp - INFO - Loading pending vehicle: T0007
2025-06-04 00:26:11 - ERROR - 2025-06-04 00:26:11,744 - DataManager - INFO - Successfully loaded 12 records from data\Coastal_Eluru_data.csv
2025-06-04 00:26:11 - ERROR - 2025-06-04 00:26:11,749 - DataManager - INFO - Filtered 12 records to 1 using filter: 't0007'
2025-06-04 00:26:11 - ERROR - 2025-06-04 00:26:11,751 - DataManager - INFO - CSV structure is up to date
2025-06-04 00:26:11 - ERROR - 2025-06-04 00:26:11,752 - DataManager - INFO - Data context set to: Agency='Coastal', Site='Eluru'
2025-06-04 00:26:11 - ERROR - 2025-06-04 00:26:11,753 - DataManager - INFO - Data file: data\Coastal_Eluru_data.csv
2025-06-04 00:26:11 - PRINT - Updated data context: Coastal_Eluru
2025-06-04 00:26:11 - PRINT - Loading images from record for ticket: T0007
2025-06-04 00:26:11 - PRINT - Loaded image paths:
2025-06-04 00:26:11 - PRINT -   First front: None
2025-06-04 00:26:11 - PRINT -   First back: None
2025-06-04 00:26:11 - PRINT -   Second front: None
2025-06-04 00:26:11 - PRINT -   Second back: None
2025-06-04 00:26:11 - PRINT - Image status update: 1st=0/2, 2nd=0/2
2025-06-04 00:26:11 - ERROR - 2025-06-04 00:26:11,762 - TharuniApp - INFO - Successfully loaded pending ticket: T0007
2025-06-04 00:26:14 - PRINT - Capture weight called
2025-06-04 00:26:14 - PRINT - Checking test mode...
2025-06-04 00:26:14 - PRINT - Could not find main app after 8 attempts
2025-06-04 00:26:14 - PRINT - Creating new SettingsStorage instance
2025-06-04 00:26:14 - PRINT - Reading weighbridge settings from: data\app_settings.json
2025-06-04 00:26:14 - PRINT - Loaded weighbridge settings: {'com_port': '', 'baud_rate': 2400, 'data_bits': 8, 'parity': 'None', 'stop_bits': 1.0, 'test_mode': True}
2025-06-04 00:26:14 - PRINT - Test mode from settings storage: True
2025-06-04 00:26:14 - PRINT - Test mode is enabled - generating random weight
2025-06-04 00:26:14 - PRINT - Generating weight for second weighment
2025-06-04 00:26:14 - PRINT - Second weighment - generated: 8429.477500830688
2025-06-04 00:26:14 - PRINT - Generated random weight: 8430.0 kg
2025-06-04 00:26:14 - PRINT - Processing captured weight: 8430.0
2025-06-04 00:26:14 - PRINT - Checking test mode...
2025-06-04 00:26:14 - PRINT - Could not find main app after 8 attempts
2025-06-04 00:26:14 - PRINT - Creating new SettingsStorage instance
2025-06-04 00:26:14 - PRINT - Reading weighbridge settings from: data\app_settings.json
2025-06-04 00:26:14 - PRINT - Loaded weighbridge settings: {'com_port': '', 'baud_rate': 2400, 'data_bits': 8, 'parity': 'None', 'stop_bits': 1.0, 'test_mode': True}
2025-06-04 00:26:14 - PRINT - Test mode from settings storage: True
2025-06-04 00:26:15 - PRINT - 🚛 PENDING DEBUG: Refreshing pending vehicles list...
2025-06-04 00:26:15 - ERROR - 2025-06-04 00:26:15,978 - PendingVehiclesPanel - INFO - Refreshing pending vehicles list
2025-06-04 00:26:15 - ERROR - 2025-06-04 00:26:15,984 - DataManager - INFO - Successfully loaded 12 records from data\Coastal_Eluru_data.csv
2025-06-04 00:26:15 - PRINT - 🚛 PENDING DEBUG: Retrieved 12 total records
2025-06-04 00:26:15 - ERROR - 2025-06-04 00:26:15,993 - PendingVehiclesPanel - INFO - Retrieved 12 total records
2025-06-04 00:26:15 - PRINT - 🚛 PENDING DEBUG: Checking ticket T0031:
2025-06-04 00:26:15 - PRINT -    - first_weight: '32340.00' (has: True)
2025-06-04 00:26:16 - PRINT -    - first_timestamp: '03-06-2025 18:16:07' (has: True)
2025-06-04 00:26:16 - PRINT -    - second_weight: '14630.00' (has: True)
2025-06-04 00:26:16 - PRINT -    - second_timestamp: '03-06-2025 18:16:12' (has: True)
2025-06-04 00:26:16 - PRINT -    - has_first: True, missing_second: False
2025-06-04 00:26:16 - PRINT - 🚛 PENDING DEBUG: ⏭️  Skipped ticket T0031 - not pending
2025-06-04 00:26:16 - PRINT - 🚛 PENDING DEBUG: Checking ticket T0032:
2025-06-04 00:26:16 - PRINT -    - first_weight: '41900.00' (has: True)
2025-06-04 00:26:16 - PRINT -    - first_timestamp: '03-06-2025 18:40:02' (has: True)
2025-06-04 00:26:16 - PRINT -    - second_weight: '10350.00' (has: True)
2025-06-04 00:26:16 - PRINT -    - second_timestamp: '03-06-2025 18:40:19' (has: True)
2025-06-04 00:26:16 - PRINT -    - has_first: True, missing_second: False
2025-06-04 00:26:16 - PRINT - 🚛 PENDING DEBUG: ⏭️  Skipped ticket T0032 - not pending
2025-06-04 00:26:16 - PRINT - 🚛 PENDING DEBUG: Checking ticket T0033:
2025-06-04 00:26:16 - PRINT -    - first_weight: '21440.00' (has: True)
2025-06-04 00:26:16 - PRINT -    - first_timestamp: '03-06-2025 20:08:54' (has: True)
2025-06-04 00:26:16 - PRINT -    - second_weight: '8650.00' (has: True)
2025-06-04 00:26:16 - PRINT -    - second_timestamp: '03-06-2025 20:09:13' (has: True)
2025-06-04 00:26:16 - PRINT -    - has_first: True, missing_second: False
2025-06-04 00:26:16 - PRINT - 🚛 PENDING DEBUG: ⏭️  Skipped ticket T0033 - not pending
2025-06-04 00:26:16 - PRINT - 🚛 PENDING DEBUG: Checking ticket T0001:
2025-06-04 00:26:16 - PRINT -    - first_weight: '18310.00' (has: True)
2025-06-04 00:26:16 - PRINT -    - first_timestamp: '03-06-2025 20:11:03' (has: True)
2025-06-04 00:26:16 - PRINT -    - second_weight: '6050.00' (has: True)
2025-06-04 00:26:16 - PRINT -    - second_timestamp: '03-06-2025 20:12:07' (has: True)
2025-06-04 00:26:16 - PRINT -    - has_first: True, missing_second: False
2025-06-04 00:26:16 - PRINT - 🚛 PENDING DEBUG: ⏭️  Skipped ticket T0001 - not pending
2025-06-04 00:26:16 - PRINT - 🚛 PENDING DEBUG: Checking ticket T0002:
2025-06-04 00:26:16 - PRINT -    - first_weight: '15970.00' (has: True)
2025-06-04 00:26:16 - PRINT -    - first_timestamp: '03-06-2025 20:11:22' (has: True)
2025-06-04 00:26:16 - PRINT -    - second_weight: '5320.00' (has: True)
2025-06-04 00:26:16 - PRINT -    - second_timestamp: '03-06-2025 20:12:18' (has: True)
2025-06-04 00:26:16 - PRINT -    - has_first: True, missing_second: False
2025-06-04 00:26:16 - PRINT - 🚛 PENDING DEBUG: ⏭️  Skipped ticket T0002 - not pending
2025-06-04 00:26:16 - PRINT - 🚛 PENDING DEBUG: Checking ticket T0003:
2025-06-04 00:26:16 - PRINT -    - first_weight: '29910.00' (has: True)
2025-06-04 00:26:16 - PRINT -    - first_timestamp: '03-06-2025 20:11:44' (has: True)
2025-06-04 00:26:16 - PRINT -    - second_weight: '12080.00' (has: True)
2025-06-04 00:26:16 - PRINT -    - second_timestamp: '03-06-2025 20:11:54' (has: True)
2025-06-04 00:26:16 - PRINT -    - has_first: True, missing_second: False
2025-06-04 00:26:16 - PRINT - 🚛 PENDING DEBUG: ⏭️  Skipped ticket T0003 - not pending
2025-06-04 00:26:16 - PRINT - 🚛 PENDING DEBUG: Checking ticket T0004:
2025-06-04 00:26:16 - PRINT -    - first_weight: '16410.00' (has: True)
2025-06-04 00:26:16 - PRINT -    - first_timestamp: '03-06-2025 23:31:40' (has: True)
2025-06-04 00:26:16 - PRINT -    - second_weight: '12100.00' (has: True)
2025-06-04 00:26:16 - PRINT -    - second_timestamp: '03-06-2025 23:32:31' (has: True)
2025-06-04 00:26:16 - PRINT -    - has_first: True, missing_second: False
2025-06-04 00:26:16 - PRINT - 🚛 PENDING DEBUG: ⏭️  Skipped ticket T0004 - not pending
2025-06-04 00:26:16 - PRINT - 🚛 PENDING DEBUG: Checking ticket T0005:
2025-06-04 00:26:16 - PRINT -    - first_weight: '28940.00' (has: True)
2025-06-04 00:26:16 - PRINT -    - first_timestamp: '03-06-2025 23:31:54' (has: True)
2025-06-04 00:26:16 - PRINT -    - second_weight: '11150.00' (has: True)
2025-06-04 00:26:16 - PRINT -    - second_timestamp: '03-06-2025 23:32:43' (has: True)
2025-06-04 00:26:16 - PRINT -    - has_first: True, missing_second: False
2025-06-04 00:26:16 - PRINT - 🚛 PENDING DEBUG: ⏭️  Skipped ticket T0005 - not pending
2025-06-04 00:26:16 - PRINT - 🚛 PENDING DEBUG: Checking ticket T0006:
2025-06-04 00:26:16 - PRINT -    - first_weight: '18740.00' (has: True)
2025-06-04 00:26:16 - PRINT -    - first_timestamp: '03-06-2025 23:32:13' (has: True)
2025-06-04 00:26:16 - PRINT -    - second_weight: '8380.00' (has: True)
2025-06-04 00:26:16 - PRINT -    - second_timestamp: '03-06-2025 23:32:18' (has: True)
2025-06-04 00:26:16 - PRINT -    - has_first: True, missing_second: False
2025-06-04 00:26:16 - PRINT - 🚛 PENDING DEBUG: ⏭️  Skipped ticket T0006 - not pending
2025-06-04 00:26:16 - PRINT - 🚛 PENDING DEBUG: Checking ticket T0007:
2025-06-04 00:26:16 - PRINT -    - first_weight: '21910.00' (has: True)
2025-06-04 00:26:16 - PRINT -    - first_timestamp: '04-06-2025 00:24:28' (has: True)
2025-06-04 00:26:16 - PRINT -    - second_weight: '' (has: False)
2025-06-04 00:26:16 - PRINT -    - second_timestamp: '' (has: False)
2025-06-04 00:26:16 - PRINT -    - has_first: True, missing_second: True
2025-06-04 00:26:16 - PRINT - 🚛 PENDING DEBUG: ✅ Added to pending: T0007
2025-06-04 00:26:16 - ERROR - 2025-06-04 00:26:16,069 - PendingVehiclesPanel - INFO - Added to pending: T0007
2025-06-04 00:26:16 - PRINT - 🚛 PENDING DEBUG: Checking ticket T0008:
2025-06-04 00:26:16 - PRINT -    - first_weight: '21850.00' (has: True)
2025-06-04 00:26:16 - PRINT -    - first_timestamp: '04-06-2025 00:24:45' (has: True)
2025-06-04 00:26:16 - PRINT -    - second_weight: '10740.00' (has: True)
2025-06-04 00:26:16 - PRINT -    - second_timestamp: '04-06-2025 00:25:57' (has: True)
2025-06-04 00:26:16 - PRINT -    - has_first: True, missing_second: False
2025-06-04 00:26:16 - PRINT - 🚛 PENDING DEBUG: ⏭️  Skipped ticket T0008 - not pending
2025-06-04 00:26:16 - PRINT - 🚛 PENDING DEBUG: Checking ticket T0009:
2025-06-04 00:26:16 - PRINT -    - first_weight: '26090.00' (has: True)
2025-06-04 00:26:16 - PRINT -    - first_timestamp: '04-06-2025 00:25:02' (has: True)
2025-06-04 00:26:16 - PRINT -    - second_weight: '9330.00' (has: True)
2025-06-04 00:26:16 - PRINT -    - second_timestamp: '04-06-2025 00:25:16' (has: True)
2025-06-04 00:26:16 - PRINT -    - has_first: True, missing_second: False
2025-06-04 00:26:16 - PRINT - 🚛 PENDING DEBUG: ⏭️  Skipped ticket T0009 - not pending
2025-06-04 00:26:16 - PRINT - 🚛 PENDING DEBUG: Found 1 pending records
2025-06-04 00:26:16 - ERROR - 2025-06-04 00:26:16,083 - PendingVehiclesPanel - INFO - Found 1 pending records
2025-06-04 00:26:16 - PRINT - 🚛 PENDING DEBUG: Added to treeview: T0007 - AP04AP4444
2025-06-04 00:26:16 - PRINT - 🚛 PENDING DEBUG: ✅ Successfully refreshed pending list with 1 items
2025-06-04 00:26:16 - ERROR - 2025-06-04 00:26:16,086 - PendingVehiclesPanel - INFO - Successfully refreshed pending list with 1 items
2025-06-04 00:26:16 - ERROR - 2025-06-04 00:26:16,087 - DataManager - INFO - Created new daily folder: data\reports\04-06
2025-06-04 00:26:17 - ERROR - 2025-06-04 00:26:17,953 - TharuniApp - INFO - ==================================================
2025-06-04 00:26:17 - ERROR - 2025-06-04 00:26:17,955 - TharuniApp - INFO - SAVE RECORD OPERATION STARTED WITH SMART TICKET FLOW
2025-06-04 00:26:17 - ERROR - 2025-06-04 00:26:17,957 - FormValidator - INFO - Starting comprehensive form validation
2025-06-04 00:26:17 - ERROR - 2025-06-04 00:26:17,959 - FormValidator - INFO - Validating basic fields
2025-06-04 00:26:17 - ERROR - 2025-06-04 00:26:17,961 - FormValidator - INFO - Field values: ticket='T0007', vehicle='AP04AP4444', agency='Coastal'
2025-06-04 00:26:17 - ERROR - 2025-06-04 00:26:17,963 - FormValidator - INFO - Basic validation passed
2025-06-04 00:26:17 - ERROR - 2025-06-04 00:26:17,965 - FormValidator - INFO - Validating weighment data
2025-06-04 00:26:17 - ERROR - 2025-06-04 00:26:17,968 - FormValidator - INFO - Weighment data: first_weight='21910.00', first_timestamp='04-06-2025 00:24:28', second_weight='8430.00', second_timestamp='04-06-2025 00:26:14'
2025-06-04 00:26:17 - ERROR - 2025-06-04 00:26:17,970 - FormValidator - INFO - Weighment validation passed
2025-06-04 00:26:17 - ERROR - 2025-06-04 00:26:17,972 - FormValidator - INFO - Validating images for second weighment
2025-06-04 00:26:17 - ERROR - 2025-06-04 00:26:17,975 - FormValidator - INFO - Images validation for second: front=False, back=False
2025-06-04 00:26:18 - ERROR - 2025-06-04 00:26:18,984 - FormValidator - INFO - User chose to continue without images
2025-06-04 00:26:18 - ERROR - 2025-06-04 00:26:18,986 - FormValidator - INFO - Form validation passed successfully
2025-06-04 00:26:18 - PRINT - Get all image filenames returning: {'first_front_image': '', 'first_back_image': '', 'second_front_image': '', 'second_back_image': ''}
2025-06-04 00:26:18 - PRINT - DEBUG - User name var: 'admin'
2025-06-04 00:26:18 - PRINT - DEBUG - Site incharge var: 'Vishnu'
2025-06-04 00:26:18 - PRINT - DEBUG - Net weight var: '13480.00'
2025-06-04 00:26:18 - PRINT - DEBUG - Final data user_name: 'admin'
2025-06-04 00:26:18 - PRINT - DEBUG - Final data site_incharge: 'Vishnu'
2025-06-04 00:26:18 - PRINT - DEBUG - Final data net_weight: '13480.00'
2025-06-04 00:26:18 - PRINT - 🎫 TICKET FLOW DEBUG: Starting save for ticket: T0007
2025-06-04 00:26:18 - ERROR - 2025-06-04 00:26:18,995 - TharuniApp - INFO - Saving record for ticket: T0007
2025-06-04 00:26:18 - ERROR - 2025-06-04 00:26:18,996 - DataManager - INFO - Successfully loaded 12 records from data\Coastal_Eluru_data.csv
2025-06-04 00:26:18 - ERROR - 2025-06-04 00:26:18,998 - DataManager - INFO - Filtered 12 records to 1 using filter: 't0007'
2025-06-04 00:26:19 - PRINT - 🎫 TICKET FLOW DEBUG: This is an UPDATE to existing ticket: T0007
2025-06-04 00:26:19 - ERROR - 2025-06-04 00:26:19,001 - TharuniApp - INFO - Updating existing record: T0007
2025-06-04 00:26:19 - ERROR - 2025-06-04 00:26:19,002 - TharuniApp - INFO - Calling data_manager.save_record for T0007
2025-06-04 00:26:19 - ERROR - 2025-06-04 00:26:19,003 - DataManager - INFO - ==================================================
2025-06-04 00:26:19 - ERROR - 2025-06-04 00:26:19,004 - DataManager - INFO - STARTING OFFLINE-FIRST RECORD SAVE
2025-06-04 00:26:19 - ERROR - 2025-06-04 00:26:19,005 - DataManager - INFO - Input data keys: ['date', 'time', 'site_name', 'agency_name', 'material', 'ticket_no', 'vehicle_no', 'transfer_party_name', 'first_weight', 'first_timestamp', 'second_weight', 'second_timestamp', 'net_weight', 'material_type', 'first_front_image', 'first_back_image', 'second_front_image', 'second_back_image', 'site_incharge', 'user_name']
2025-06-04 00:26:19 - ERROR - 2025-06-04 00:26:19,006 - DataManager - INFO - Net weight calculated: 21910.0 - 8430.0 = 13480.00
2025-06-04 00:26:19 - ERROR - 2025-06-04 00:26:19,007 - DataManager - INFO - Using data file: data\Coastal_Eluru_data.csv
2025-06-04 00:26:19 - ERROR - 2025-06-04 00:26:19,008 - DataManager - INFO - Successfully loaded 12 records from data\Coastal_Eluru_data.csv
2025-06-04 00:26:19 - ERROR - 2025-06-04 00:26:19,009 - DataManager - INFO - Filtered 12 records to 1 using filter: 't0007'
2025-06-04 00:26:19 - ERROR - 2025-06-04 00:26:19,010 - DataManager - INFO - Updating existing record: T0007
2025-06-04 00:26:19 - ERROR - 2025-06-04 00:26:19,011 - DataManager - INFO - Updating record T0007 in data\Coastal_Eluru_data.csv
2025-06-04 00:26:19 - ERROR - 2025-06-04 00:26:19,013 - DataManager - INFO - Read 12 records from CSV
2025-06-04 00:26:19 - ERROR - 2025-06-04 00:26:19,014 - DataManager - INFO - Found record to update at index 9
2025-06-04 00:26:19 - ERROR - 2025-06-04 00:26:19,015 - DataManager - INFO - Updated record data: ['04-06-2025', '00:26:18', 'Eluru', 'Coastal', 'Inert', 'T0007', 'AP04AP4444', 'Coromandel', '21910.00', '04-06-2025 00:24:28', '8430.00', '04-06-2025 00:26:14', '13480.00', 'Inert', '', '', '', '', 'Vishnu', 'admin']
2025-06-04 00:26:19 - ERROR - 2025-06-04 00:26:19,020 - DataManager - INFO - ✅ Record T0007 updated in data\Coastal_Eluru_data.csv
2025-06-04 00:26:19 - ERROR - 2025-06-04 00:26:19,022 - DataManager - INFO - ✅ Record T0007 saved to local CSV successfully
2025-06-04 00:26:19 - ERROR - 2025-06-04 00:26:19,023 - DataManager - INFO - Weighment analysis:
2025-06-04 00:26:19 - ERROR - 2025-06-04 00:26:19,024 - DataManager - INFO -   - Has first weighment: True
2025-06-04 00:26:19 - ERROR - 2025-06-04 00:26:19,025 - DataManager - INFO -   - Has second weighment: True
2025-06-04 00:26:19 - ERROR - 2025-06-04 00:26:19,025 - DataManager - INFO -   - Is first weighment save: False
2025-06-04 00:26:19 - ERROR - 2025-06-04 00:26:19,026 - DataManager - INFO -   - Is complete record: True
2025-06-04 00:26:19 - ERROR - 2025-06-04 00:26:19,027 - DataManager - INFO -   - Is update: True
2025-06-04 00:26:19 - ERROR - 2025-06-04 00:26:19,028 - DataManager - INFO - Complete record detected - saving JSON backup locally...
2025-06-04 00:26:19 - ERROR - 2025-06-04 00:26:19,029 - DataManager - INFO - Created new daily JSON folder: data\json_backups\2025-06-04
2025-06-04 00:26:19 - ERROR - 2025-06-04 00:26:19,033 - DataManager - INFO - ✅ JSON backup saved: data\json_backups\2025-06-04\T0007_Coastal_Eluru_002619.json
2025-06-04 00:26:19 - ERROR - 2025-06-04 00:26:19,035 - DataManager - INFO - ✅ JSON backup saved locally for T0007
2025-06-04 00:26:19 - ERROR - 2025-06-04 00:26:19,036 - DataManager - INFO - Complete record detected for ticket T0007 - generating PDF locally...
2025-06-04 00:26:19 - ERROR - 2025-06-04 00:26:19,038 - DataManager - INFO - Today's reports folder ensured: data\reports\2025-06-04
2025-06-04 00:26:19 - ERROR - 2025-06-04 00:26:19,039 - DataManager - INFO - Reports will be saved to: data\reports\2025-06-04
2025-06-04 00:26:19 - ERROR - 2025-06-04 00:26:19,040 - DataManager - INFO - Today's reports folder ensured: data\reports\2025-06-04
2025-06-04 00:26:19 - ERROR - 2025-06-04 00:26:19,042 - DataManager - INFO - SIMPLE TEST - Net display: '13480.00 kg'
2025-06-04 00:26:19 - ERROR - 2025-06-04 00:26:19,044 - DataManager - INFO - Building PDF document: data\reports\2025-06-04\Coastal_Eluru_T0007_AP04AP4444_002619.pdf
2025-06-04 00:26:19 - ERROR - 2025-06-04 00:26:19,054 - DataManager - INFO - PDF created successfully: data\reports\2025-06-04\Coastal_Eluru_T0007_AP04AP4444_002619.pdf (2774 bytes)
2025-06-04 00:26:19 - ERROR - 2025-06-04 00:26:19,055 - DataManager - INFO - Auto-generated PDF: data\reports\2025-06-04\Coastal_Eluru_T0007_AP04AP4444_002619.pdf
2025-06-04 00:26:19 - ERROR - 2025-06-04 00:26:19,056 - DataManager - INFO - PDF saved to today's reports folder: data\reports\2025-06-04
2025-06-04 00:26:19 - ERROR - 2025-06-04 00:26:19,057 - DataManager - INFO - ✅ PDF auto-generated locally: data\reports\2025-06-04\Coastal_Eluru_T0007_AP04AP4444_002619.pdf
2025-06-04 00:26:19 - ERROR - 2025-06-04 00:26:19,058 - DataManager - INFO - ✅ OFFLINE-FIRST SAVE COMPLETED - Local CSV, JSON backup, and PDF generated
2025-06-04 00:26:19 - ERROR - 2025-06-04 00:26:19,059 - DataManager - INFO - 📂 PDF saved to today's reports folder: data\reports\2025-06-04
2025-06-04 00:26:19 - ERROR - 2025-06-04 00:26:19,060 - DataManager - INFO - 💡 Cloud backup available via Settings > Cloud Storage > Backup
2025-06-04 00:26:19 - ERROR - 2025-06-04 00:26:19,061 - DataManager - INFO - ==================================================
2025-06-04 00:26:19 - ERROR - 2025-06-04 00:26:19,062 - TharuniApp - INFO - ✅ Record T0007 saved successfully
2025-06-04 00:26:19 - PRINT - 📥 Queued record: T0007 (Queue size: 3)
2025-06-04 00:26:19 - PRINT - 📥 Added complete record to queue: T0007
2025-06-04 00:26:19 - PRINT - 🎫 TICKET FLOW DEBUG: Save result analysis:
2025-06-04 00:26:19 - PRINT -    - is_complete_record: True
2025-06-04 00:26:19 - PRINT -    - is_first_weighment_save: False
2025-06-04 00:26:19 - PRINT -    - is_update: True
2025-06-04 00:26:19 - PRINT - 🎫 TICKET FLOW DEBUG: Completing existing record - will NOT increment counter
2025-06-04 00:26:19 - PRINT - 🎫 TICKET FLOW DEBUG: NOT incrementing counter - ticket T0007 was already consumed
2025-06-04 00:26:19 - PRINT - 🎫 TICKET FLOW DEBUG: Second weighment completed for existing ticket T0007
2025-06-04 00:26:19 - ERROR - 2025-06-04 00:26:19,075 - TharuniApp - INFO - Removing T0007 from pending vehicles list
2025-06-04 00:26:19 - PRINT - 🚛 PENDING DEBUG: Attempting to remove ticket T0007 from pending list
2025-06-04 00:26:19 - ERROR - 2025-06-04 00:26:19,077 - PendingVehiclesPanel - INFO - Attempting to remove ticket T0007 from pending list
2025-06-04 00:26:19 - PRINT - 🚛 PENDING DEBUG: ✅ Removed ticket T0007 from pending list
2025-06-04 00:26:19 - ERROR - 2025-06-04 00:26:19,078 - PendingVehiclesPanel - INFO - Removed ticket T0007 from pending list
2025-06-04 00:26:19 - PRINT - 🎫 FORM DEBUG: Preparing for new ticket after completion
2025-06-04 00:26:19 - PRINT - Resetting all image paths
2025-06-04 00:26:19 - PRINT - Image status update: 1st=0/2, 2nd=0/2
2025-06-04 00:26:19 - PRINT - 🎫 FORM DEBUG: Reserving next ticket number...
2025-06-04 00:26:19 - PRINT - 🎫 CONFIG DEBUG: Reserving next ticket number...
2025-06-04 00:26:19 - PRINT - 🎫 CONFIG DEBUG: Current ticket counter value: 10
2025-06-04 00:26:19 - PRINT - 🎫 CONFIG DEBUG: Reserved ticket number: T0010
2025-06-04 00:26:19 - PRINT - 🎫 FORM DEBUG: Reserved ticket number: T0010
2025-06-04 00:26:19 - PRINT - 🎫 FORM DEBUG: New ticket number reserved after completion: T0010
2025-06-04 00:26:19 - PRINT - 🎫 FORM DEBUG: Form prepared for new ticket after completion - ticket: T0010
2025-06-04 00:26:19 - PRINT - 🎫 TICKET FLOW DEBUG: Generated next ticket number after completing T0007: T0010
2025-06-04 00:26:20 - ERROR - 2025-06-04 00:26:20,391 - DataManager - INFO - Successfully loaded 12 records from data\Coastal_Eluru_data.csv
2025-06-04 00:26:20 - ERROR - 2025-06-04 00:26:20,392 - DataManager - INFO - Returning all 12 records (no filter)
2025-06-04 00:26:20 - PRINT - 🚛 PENDING DEBUG: Refreshing pending vehicles list...
2025-06-04 00:26:20 - ERROR - 2025-06-04 00:26:20,394 - PendingVehiclesPanel - INFO - Refreshing pending vehicles list
2025-06-04 00:26:20 - ERROR - 2025-06-04 00:26:20,396 - DataManager - INFO - Successfully loaded 12 records from data\Coastal_Eluru_data.csv
2025-06-04 00:26:20 - PRINT - 🚛 PENDING DEBUG: Retrieved 12 total records
2025-06-04 00:26:20 - ERROR - 2025-06-04 00:26:20,398 - PendingVehiclesPanel - INFO - Retrieved 12 total records
2025-06-04 00:26:20 - PRINT - 🚛 PENDING DEBUG: Checking ticket T0031:
2025-06-04 00:26:20 - PRINT -    - first_weight: '32340.00' (has: True)
2025-06-04 00:26:20 - PRINT -    - first_timestamp: '03-06-2025 18:16:07' (has: True)
2025-06-04 00:26:20 - PRINT -    - second_weight: '14630.00' (has: True)
2025-06-04 00:26:20 - PRINT -    - second_timestamp: '03-06-2025 18:16:12' (has: True)
2025-06-04 00:26:20 - PRINT -    - has_first: True, missing_second: False
2025-06-04 00:26:20 - PRINT - 🚛 PENDING DEBUG: ⏭️  Skipped ticket T0031 - not pending
2025-06-04 00:26:20 - PRINT - 🚛 PENDING DEBUG: Checking ticket T0032:
2025-06-04 00:26:20 - PRINT -    - first_weight: '41900.00' (has: True)
2025-06-04 00:26:20 - PRINT -    - first_timestamp: '03-06-2025 18:40:02' (has: True)
2025-06-04 00:26:20 - PRINT -    - second_weight: '10350.00' (has: True)
2025-06-04 00:26:20 - PRINT -    - second_timestamp: '03-06-2025 18:40:19' (has: True)
2025-06-04 00:26:20 - PRINT -    - has_first: True, missing_second: False
2025-06-04 00:26:20 - PRINT - 🚛 PENDING DEBUG: ⏭️  Skipped ticket T0032 - not pending
2025-06-04 00:26:20 - PRINT - 🚛 PENDING DEBUG: Checking ticket T0033:
2025-06-04 00:26:20 - PRINT -    - first_weight: '21440.00' (has: True)
2025-06-04 00:26:20 - PRINT -    - first_timestamp: '03-06-2025 20:08:54' (has: True)
2025-06-04 00:26:20 - PRINT -    - second_weight: '8650.00' (has: True)
2025-06-04 00:26:20 - PRINT -    - second_timestamp: '03-06-2025 20:09:13' (has: True)
2025-06-04 00:26:20 - PRINT -    - has_first: True, missing_second: False
2025-06-04 00:26:20 - PRINT - 🚛 PENDING DEBUG: ⏭️  Skipped ticket T0033 - not pending
2025-06-04 00:26:20 - PRINT - 🚛 PENDING DEBUG: Checking ticket T0001:
2025-06-04 00:26:20 - PRINT -    - first_weight: '18310.00' (has: True)
2025-06-04 00:26:20 - PRINT -    - first_timestamp: '03-06-2025 20:11:03' (has: True)
2025-06-04 00:26:20 - PRINT -    - second_weight: '6050.00' (has: True)
2025-06-04 00:26:20 - PRINT -    - second_timestamp: '03-06-2025 20:12:07' (has: True)
2025-06-04 00:26:20 - PRINT -    - has_first: True, missing_second: False
2025-06-04 00:26:20 - PRINT - 🚛 PENDING DEBUG: ⏭️  Skipped ticket T0001 - not pending
2025-06-04 00:26:20 - PRINT - 🚛 PENDING DEBUG: Checking ticket T0002:
2025-06-04 00:26:20 - PRINT -    - first_weight: '15970.00' (has: True)
2025-06-04 00:26:20 - PRINT -    - first_timestamp: '03-06-2025 20:11:22' (has: True)
2025-06-04 00:26:20 - PRINT -    - second_weight: '5320.00' (has: True)
2025-06-04 00:26:20 - PRINT -    - second_timestamp: '03-06-2025 20:12:18' (has: True)
2025-06-04 00:26:20 - PRINT -    - has_first: True, missing_second: False
2025-06-04 00:26:20 - PRINT - 🚛 PENDING DEBUG: ⏭️  Skipped ticket T0002 - not pending
2025-06-04 00:26:20 - PRINT - 🚛 PENDING DEBUG: Checking ticket T0003:
2025-06-04 00:26:20 - PRINT -    - first_weight: '29910.00' (has: True)
2025-06-04 00:26:20 - PRINT -    - first_timestamp: '03-06-2025 20:11:44' (has: True)
2025-06-04 00:26:20 - PRINT -    - second_weight: '12080.00' (has: True)
2025-06-04 00:26:20 - PRINT -    - second_timestamp: '03-06-2025 20:11:54' (has: True)
2025-06-04 00:26:20 - PRINT -    - has_first: True, missing_second: False
2025-06-04 00:26:20 - PRINT - 🚛 PENDING DEBUG: ⏭️  Skipped ticket T0003 - not pending
2025-06-04 00:26:20 - PRINT - 🚛 PENDING DEBUG: Checking ticket T0004:
2025-06-04 00:26:20 - PRINT -    - first_weight: '16410.00' (has: True)
2025-06-04 00:26:20 - PRINT -    - first_timestamp: '03-06-2025 23:31:40' (has: True)
2025-06-04 00:26:20 - PRINT -    - second_weight: '12100.00' (has: True)
2025-06-04 00:26:20 - PRINT -    - second_timestamp: '03-06-2025 23:32:31' (has: True)
2025-06-04 00:26:20 - PRINT -    - has_first: True, missing_second: False
2025-06-04 00:26:20 - PRINT - 🚛 PENDING DEBUG: ⏭️  Skipped ticket T0004 - not pending
2025-06-04 00:26:20 - PRINT - 🚛 PENDING DEBUG: Checking ticket T0005:
2025-06-04 00:26:20 - PRINT -    - first_weight: '28940.00' (has: True)
2025-06-04 00:26:20 - PRINT -    - first_timestamp: '03-06-2025 23:31:54' (has: True)
2025-06-04 00:26:20 - PRINT -    - second_weight: '11150.00' (has: True)
2025-06-04 00:26:20 - PRINT -    - second_timestamp: '03-06-2025 23:32:43' (has: True)
2025-06-04 00:26:20 - PRINT -    - has_first: True, missing_second: False
2025-06-04 00:26:20 - PRINT - 🚛 PENDING DEBUG: ⏭️  Skipped ticket T0005 - not pending
2025-06-04 00:26:20 - PRINT - 🚛 PENDING DEBUG: Checking ticket T0006:
2025-06-04 00:26:20 - PRINT -    - first_weight: '18740.00' (has: True)
2025-06-04 00:26:20 - PRINT -    - first_timestamp: '03-06-2025 23:32:13' (has: True)
2025-06-04 00:26:20 - PRINT -    - second_weight: '8380.00' (has: True)
2025-06-04 00:26:20 - PRINT -    - second_timestamp: '03-06-2025 23:32:18' (has: True)
2025-06-04 00:26:20 - PRINT -    - has_first: True, missing_second: False
2025-06-04 00:26:20 - PRINT - 🚛 PENDING DEBUG: ⏭️  Skipped ticket T0006 - not pending
2025-06-04 00:26:20 - PRINT - 🚛 PENDING DEBUG: Checking ticket T0007:
2025-06-04 00:26:20 - PRINT -    - first_weight: '21910.00' (has: True)
2025-06-04 00:26:20 - PRINT -    - first_timestamp: '04-06-2025 00:24:28' (has: True)
2025-06-04 00:26:20 - PRINT -    - second_weight: '8430.00' (has: True)
2025-06-04 00:26:20 - PRINT -    - second_timestamp: '04-06-2025 00:26:14' (has: True)
2025-06-04 00:26:20 - PRINT -    - has_first: True, missing_second: False
2025-06-04 00:26:20 - PRINT - 🚛 PENDING DEBUG: ⏭️  Skipped ticket T0007 - not pending
2025-06-04 00:26:20 - PRINT - 🚛 PENDING DEBUG: Checking ticket T0008:
2025-06-04 00:26:20 - PRINT -    - first_weight: '21850.00' (has: True)
2025-06-04 00:26:20 - PRINT -    - first_timestamp: '04-06-2025 00:24:45' (has: True)
2025-06-04 00:26:20 - PRINT -    - second_weight: '10740.00' (has: True)
2025-06-04 00:26:20 - PRINT -    - second_timestamp: '04-06-2025 00:25:57' (has: True)
2025-06-04 00:26:20 - PRINT -    - has_first: True, missing_second: False
2025-06-04 00:26:20 - PRINT - 🚛 PENDING DEBUG: ⏭️  Skipped ticket T0008 - not pending
2025-06-04 00:26:20 - PRINT - 🚛 PENDING DEBUG: Checking ticket T0009:
2025-06-04 00:26:20 - PRINT -    - first_weight: '26090.00' (has: True)
2025-06-04 00:26:20 - PRINT -    - first_timestamp: '04-06-2025 00:25:02' (has: True)
2025-06-04 00:26:20 - PRINT -    - second_weight: '9330.00' (has: True)
2025-06-04 00:26:20 - PRINT -    - second_timestamp: '04-06-2025 00:25:16' (has: True)
2025-06-04 00:26:20 - PRINT -    - has_first: True, missing_second: False
2025-06-04 00:26:20 - PRINT - 🚛 PENDING DEBUG: ⏭️  Skipped ticket T0009 - not pending
2025-06-04 00:26:20 - PRINT - 🚛 PENDING DEBUG: Found 0 pending records
2025-06-04 00:26:20 - ERROR - 2025-06-04 00:26:20,510 - PendingVehiclesPanel - INFO - Found 0 pending records
2025-06-04 00:26:20 - PRINT - 🚛 PENDING DEBUG: ✅ Successfully refreshed pending list with 0 items
2025-06-04 00:26:20 - ERROR - 2025-06-04 00:26:20,513 - PendingVehiclesPanel - INFO - Successfully refreshed pending list with 0 items
2025-06-04 00:26:20 - PRINT - 🎫 TICKET FLOW DEBUG: Save operation completed successfully
2025-06-04 00:26:20 - ERROR - 2025-06-04 00:26:20,517 - TharuniApp - INFO - SAVE RECORD OPERATION COMPLETED SUCCESSFULLY WITH SMART TICKET FLOW
2025-06-04 00:26:20 - PRINT - 🎫 TICKET FLOW DEBUG: ==================================================
2025-06-04 00:26:20 - ERROR - 2025-06-04 00:26:20,521 - TharuniApp - INFO - ==================================================
2025-06-04 00:26:22 - ERROR - 2025-06-04 00:26:22,703 - TharuniApp - INFO - ==================================================
2025-06-04 00:26:22 - ERROR - 2025-06-04 00:26:22,705 - TharuniApp - INFO - SAVE RECORD OPERATION STARTED WITH SMART TICKET FLOW
2025-06-04 00:26:22 - ERROR - 2025-06-04 00:26:22,707 - FormValidator - INFO - Starting comprehensive form validation
2025-06-04 00:26:22 - ERROR - 2025-06-04 00:26:22,709 - FormValidator - INFO - Validating basic fields
2025-06-04 00:26:22 - ERROR - 2025-06-04 00:26:22,711 - FormValidator - INFO - Field values: ticket='T0010', vehicle='', agency=''
2025-06-04 00:26:22 - ERROR - 2025-06-04 00:26:22,713 - FormValidator - ERROR - Basic validation failed: Please fill in the following required fields: Vehicle No, Agency Name
2025-06-04 00:26:25 - ERROR - 2025-06-04 00:26:25,016 - TharuniApp - WARNING - Form validation failed - aborting save
2025-06-04 00:26:25 - PRINT - 🎫 TICKET FLOW DEBUG: ==================================================
2025-06-04 00:26:25 - ERROR - 2025-06-04 00:26:25,018 - TharuniApp - INFO - ==================================================
2025-06-04 00:27:16 - PRINT - 🚛 PENDING DEBUG: Refreshing pending vehicles list...
2025-06-04 00:27:16 - ERROR - 2025-06-04 00:27:16,100 - PendingVehiclesPanel - INFO - Refreshing pending vehicles list
2025-06-04 00:27:16 - ERROR - 2025-06-04 00:27:16,105 - DataManager - INFO - Successfully loaded 12 records from data\Coastal_Eluru_data.csv
2025-06-04 00:27:16 - PRINT - 🚛 PENDING DEBUG: Retrieved 12 total records
2025-06-04 00:27:16 - ERROR - 2025-06-04 00:27:16,107 - PendingVehiclesPanel - INFO - Retrieved 12 total records
2025-06-04 00:27:16 - PRINT - 🚛 PENDING DEBUG: Checking ticket T0031:
2025-06-04 00:27:16 - PRINT -    - first_weight: '32340.00' (has: True)
2025-06-04 00:27:16 - PRINT -    - first_timestamp: '03-06-2025 18:16:07' (has: True)
2025-06-04 00:27:16 - PRINT -    - second_weight: '14630.00' (has: True)
2025-06-04 00:27:16 - PRINT -    - second_timestamp: '03-06-2025 18:16:12' (has: True)
2025-06-04 00:27:16 - PRINT -    - has_first: True, missing_second: False
2025-06-04 00:27:16 - PRINT - 🚛 PENDING DEBUG: ⏭️  Skipped ticket T0031 - not pending
2025-06-04 00:27:16 - PRINT - 🚛 PENDING DEBUG: Checking ticket T0032:
2025-06-04 00:27:16 - PRINT -    - first_weight: '41900.00' (has: True)
2025-06-04 00:27:16 - PRINT -    - first_timestamp: '03-06-2025 18:40:02' (has: True)
2025-06-04 00:27:16 - PRINT -    - second_weight: '10350.00' (has: True)
2025-06-04 00:27:16 - PRINT -    - second_timestamp: '03-06-2025 18:40:19' (has: True)
2025-06-04 00:27:16 - PRINT -    - has_first: True, missing_second: False
2025-06-04 00:27:16 - PRINT - 🚛 PENDING DEBUG: ⏭️  Skipped ticket T0032 - not pending
2025-06-04 00:27:16 - PRINT - 🚛 PENDING DEBUG: Checking ticket T0033:
2025-06-04 00:27:16 - PRINT -    - first_weight: '21440.00' (has: True)
2025-06-04 00:27:16 - PRINT -    - first_timestamp: '03-06-2025 20:08:54' (has: True)
2025-06-04 00:27:16 - PRINT -    - second_weight: '8650.00' (has: True)
2025-06-04 00:27:16 - PRINT -    - second_timestamp: '03-06-2025 20:09:13' (has: True)
2025-06-04 00:27:16 - PRINT -    - has_first: True, missing_second: False
2025-06-04 00:27:16 - PRINT - 🚛 PENDING DEBUG: ⏭️  Skipped ticket T0033 - not pending
2025-06-04 00:27:16 - PRINT - 🚛 PENDING DEBUG: Checking ticket T0001:
2025-06-04 00:27:16 - PRINT -    - first_weight: '18310.00' (has: True)
2025-06-04 00:27:16 - PRINT -    - first_timestamp: '03-06-2025 20:11:03' (has: True)
2025-06-04 00:27:16 - PRINT -    - second_weight: '6050.00' (has: True)
2025-06-04 00:27:16 - PRINT -    - second_timestamp: '03-06-2025 20:12:07' (has: True)
2025-06-04 00:27:16 - PRINT -    - has_first: True, missing_second: False
2025-06-04 00:27:16 - PRINT - 🚛 PENDING DEBUG: ⏭️  Skipped ticket T0001 - not pending
2025-06-04 00:27:16 - PRINT - 🚛 PENDING DEBUG: Checking ticket T0002:
2025-06-04 00:27:16 - PRINT -    - first_weight: '15970.00' (has: True)
2025-06-04 00:27:16 - PRINT -    - first_timestamp: '03-06-2025 20:11:22' (has: True)
2025-06-04 00:27:16 - PRINT -    - second_weight: '5320.00' (has: True)
2025-06-04 00:27:16 - PRINT -    - second_timestamp: '03-06-2025 20:12:18' (has: True)
2025-06-04 00:27:16 - PRINT -    - has_first: True, missing_second: False
2025-06-04 00:27:16 - PRINT - 🚛 PENDING DEBUG: ⏭️  Skipped ticket T0002 - not pending
2025-06-04 00:27:16 - PRINT - 🚛 PENDING DEBUG: Checking ticket T0003:
2025-06-04 00:27:16 - PRINT -    - first_weight: '29910.00' (has: True)
2025-06-04 00:27:16 - PRINT -    - first_timestamp: '03-06-2025 20:11:44' (has: True)
2025-06-04 00:27:16 - PRINT -    - second_weight: '12080.00' (has: True)
2025-06-04 00:27:16 - PRINT -    - second_timestamp: '03-06-2025 20:11:54' (has: True)
2025-06-04 00:27:16 - PRINT -    - has_first: True, missing_second: False
2025-06-04 00:27:16 - PRINT - 🚛 PENDING DEBUG: ⏭️  Skipped ticket T0003 - not pending
2025-06-04 00:27:16 - PRINT - 🚛 PENDING DEBUG: Checking ticket T0004:
2025-06-04 00:27:16 - PRINT -    - first_weight: '16410.00' (has: True)
2025-06-04 00:27:16 - PRINT -    - first_timestamp: '03-06-2025 23:31:40' (has: True)
2025-06-04 00:27:16 - PRINT -    - second_weight: '12100.00' (has: True)
2025-06-04 00:27:16 - PRINT -    - second_timestamp: '03-06-2025 23:32:31' (has: True)
2025-06-04 00:27:16 - PRINT -    - has_first: True, missing_second: False
2025-06-04 00:27:16 - PRINT - 🚛 PENDING DEBUG: ⏭️  Skipped ticket T0004 - not pending
2025-06-04 00:27:16 - PRINT - 🚛 PENDING DEBUG: Checking ticket T0005:
2025-06-04 00:27:16 - PRINT -    - first_weight: '28940.00' (has: True)
2025-06-04 00:27:16 - PRINT -    - first_timestamp: '03-06-2025 23:31:54' (has: True)
2025-06-04 00:27:16 - PRINT -    - second_weight: '11150.00' (has: True)
2025-06-04 00:27:16 - PRINT -    - second_timestamp: '03-06-2025 23:32:43' (has: True)
2025-06-04 00:27:16 - PRINT -    - has_first: True, missing_second: False
2025-06-04 00:27:16 - PRINT - 🚛 PENDING DEBUG: ⏭️  Skipped ticket T0005 - not pending
2025-06-04 00:27:16 - PRINT - 🚛 PENDING DEBUG: Checking ticket T0006:
2025-06-04 00:27:16 - PRINT -    - first_weight: '18740.00' (has: True)
2025-06-04 00:27:16 - PRINT -    - first_timestamp: '03-06-2025 23:32:13' (has: True)
2025-06-04 00:27:16 - PRINT -    - second_weight: '8380.00' (has: True)
2025-06-04 00:27:16 - PRINT -    - second_timestamp: '03-06-2025 23:32:18' (has: True)
2025-06-04 00:27:16 - PRINT -    - has_first: True, missing_second: False
2025-06-04 00:27:16 - PRINT - 🚛 PENDING DEBUG: ⏭️  Skipped ticket T0006 - not pending
2025-06-04 00:27:16 - PRINT - 🚛 PENDING DEBUG: Checking ticket T0007:
2025-06-04 00:27:16 - PRINT -    - first_weight: '21910.00' (has: True)
2025-06-04 00:27:16 - PRINT -    - first_timestamp: '04-06-2025 00:24:28' (has: True)
2025-06-04 00:27:16 - PRINT -    - second_weight: '8430.00' (has: True)
2025-06-04 00:27:16 - PRINT -    - second_timestamp: '04-06-2025 00:26:14' (has: True)
2025-06-04 00:27:16 - PRINT -    - has_first: True, missing_second: False
2025-06-04 00:27:16 - PRINT - 🚛 PENDING DEBUG: ⏭️  Skipped ticket T0007 - not pending
2025-06-04 00:27:16 - PRINT - 🚛 PENDING DEBUG: Checking ticket T0008:
2025-06-04 00:27:16 - PRINT -    - first_weight: '21850.00' (has: True)
2025-06-04 00:27:16 - PRINT -    - first_timestamp: '04-06-2025 00:24:45' (has: True)
2025-06-04 00:27:16 - PRINT -    - second_weight: '10740.00' (has: True)
2025-06-04 00:27:16 - PRINT -    - second_timestamp: '04-06-2025 00:25:57' (has: True)
2025-06-04 00:27:16 - PRINT -    - has_first: True, missing_second: False
2025-06-04 00:27:16 - PRINT - 🚛 PENDING DEBUG: ⏭️  Skipped ticket T0008 - not pending
2025-06-04 00:27:16 - PRINT - 🚛 PENDING DEBUG: Checking ticket T0009:
2025-06-04 00:27:16 - PRINT -    - first_weight: '26090.00' (has: True)
2025-06-04 00:27:16 - PRINT -    - first_timestamp: '04-06-2025 00:25:02' (has: True)
2025-06-04 00:27:16 - PRINT -    - second_weight: '9330.00' (has: True)
2025-06-04 00:27:16 - PRINT -    - second_timestamp: '04-06-2025 00:25:16' (has: True)
2025-06-04 00:27:16 - PRINT -    - has_first: True, missing_second: False
2025-06-04 00:27:16 - PRINT - 🚛 PENDING DEBUG: ⏭️  Skipped ticket T0009 - not pending
2025-06-04 00:27:16 - PRINT - 🚛 PENDING DEBUG: Found 0 pending records
2025-06-04 00:27:16 - ERROR - 2025-06-04 00:27:16,192 - PendingVehiclesPanel - INFO - Found 0 pending records
2025-06-04 00:27:16 - PRINT - 🚛 PENDING DEBUG: ✅ Successfully refreshed pending list with 0 items
2025-06-04 00:27:16 - ERROR - 2025-06-04 00:27:16,195 - PendingVehiclesPanel - INFO - Successfully refreshed pending list with 0 items
2025-06-04 00:27:16 - ERROR - 2025-06-04 00:27:16,196 - DataManager - INFO - Created new daily folder: data\reports\04-06
2025-06-04 00:27:46 - PRINT - 🔄 Connectivity changed: 🌐 ONLINE
2025-06-04 00:27:46 - PRINT - 🔄 Connectivity status changed: 🌐 Online
2025-06-04 00:27:46 - PRINT - 🌐 Internet connection detected - starting ENHANCED FAST SYNC for 3 items
2025-06-04 00:27:46 - PRINT - 🔥 Starting enhanced sync for 3 items
2025-06-04 00:27:46 - PRINT - 🔥 Starting ENHANCED FAST SYNC to FLUSH ALL 3 items from queue
2025-06-04 00:27:46 - PRINT - 🔥 ENHANCED FAST SYNC: FLUSHING ENTIRE QUEUE...
2025-06-04 00:27:46 - PRINT - 🚀 Enhanced sync started - will check if queue is empty in 30 seconds
2025-06-04 00:27:46 - PRINT - ⚡ Processing batch of 3 items with 5 parallel workers...
2025-06-04 00:27:47 - PRINT - ✅ Saved JSON record as Coastal/Eluru/2025-06-04/json_backups/Coastal/Eluru/T0009/20250604_002746.json
2025-06-04 00:27:47 - PRINT - ✅ Saved JSON record as Coastal/Eluru/2025-06-04/json_backups/Coastal/Eluru/T0008/20250604_002746.json
2025-06-04 00:27:47 - PRINT - ✅ Saved JSON record as Coastal/Eluru/2025-06-04/json_backups/Coastal/Eluru/T0007/20250604_002746.json
2025-06-04 00:27:47 - ERROR - 2025-06-04 00:27:47,195 - DataManager - INFO - Record T0007 successfully saved to cloud at Coastal/Eluru/T0007/20250604_002746.json
2025-06-04 00:27:47 - ERROR - 2025-06-04 00:27:47,196 - DataManager - INFO - No images found to upload for ticket T0007
2025-06-04 00:27:47 - PRINT - ✅ 1/3: T0007 (0/0 images)
2025-06-04 00:27:47 - PRINT - ✅ Uploaded image data\images\Eluru_AP04AP4444_20250604_002538_2nd_front.jpg to Coastal/Eluru/2025-06-04/images/second_front_Eluru_AP04AP4444_20250604_002538_2nd_front.jpg
2025-06-04 00:27:47 - PRINT - ✅ Uploaded second_front image: Eluru_AP04AP4444_20250604_002538_2nd_front.jpg
2025-06-04 00:27:47 - ERROR - 2025-06-04 00:27:47,480 - DataManager - INFO - Record T0009 successfully saved to cloud at Coastal/Eluru/T0009/20250604_002746.json
2025-06-04 00:27:47 - ERROR - 2025-06-04 00:27:47,481 - DataManager - INFO - Uploaded 1/1 images for ticket T0009
2025-06-04 00:27:47 - PRINT - ✅ 2/3: T0009 (1/1 images)
2025-06-04 00:27:47 - PRINT - ✅ Uploaded image data\images\Eluru_AP04AP4444_20250604_002602_2nd_front.jpg to Coastal/Eluru/2025-06-04/images/second_front_Eluru_AP04AP4444_20250604_002602_2nd_front.jpg
2025-06-04 00:27:47 - PRINT - ✅ Uploaded second_front image: Eluru_AP04AP4444_20250604_002602_2nd_front.jpg
2025-06-04 00:27:47 - ERROR - 2025-06-04 00:27:47,620 - DataManager - INFO - Record T0008 successfully saved to cloud at Coastal/Eluru/T0008/20250604_002746.json
2025-06-04 00:27:47 - ERROR - 2025-06-04 00:27:47,621 - DataManager - INFO - Uploaded 1/1 images for ticket T0008
2025-06-04 00:27:47 - PRINT - ✅ 3/3: T0008 (1/1 images)
2025-06-04 00:27:47 - PRINT - 🗑️ Batch removing 3 successful items from queue...
2025-06-04 00:27:47 - PRINT - 🗑️ Batch removed 3 items from queue (Queue size: 0)
2025-06-04 00:27:47 - PRINT - 📊 Batch complete: 3 synced, 0 failed, 0 remaining
2025-06-04 00:27:47 - PRINT - 📭 Queue is now empty - sync complete!
2025-06-04 00:27:47 - PRINT - 🔥 ENHANCED FAST SYNC COMPLETED in 0.94s:
2025-06-04 00:27:47 - PRINT -    ✅ Total Synced: 3 records
2025-06-04 00:27:47 - PRINT -    🖼️ Total Images: 2
2025-06-04 00:27:47 - PRINT -    ❌ Total Failed: 0
2025-06-04 00:27:47 - PRINT -    📋 Remaining: 0
2025-06-04 00:27:47 - PRINT -    📊 Average Speed: 3.2 records/sec
2025-06-04 00:27:47 - PRINT - 🎉 QUEUE FLUSHED! Successfully synced 3 records to cloud in 0.94s!
2025-06-04 00:27:47 - PRINT - 🏆 QUEUE IS NOW COMPLETELY EMPTY!
2025-06-04 00:27:47 - PRINT - 🏁 Enhanced fast sync process completed
2025-06-04 00:28:13 - PRINT - ✅ Found data_manager from direct reference
2025-06-04 00:28:13 - ERROR - 2025-06-04 00:28:13,992 - DataManager - INFO - Found 117 JSON backup files for bulk upload
2025-06-04 00:28:14 - PRINT - ✅ Saved JSON record as Tharuni/Guntur/2025-06-04/json_backups/T0002_Tharuni_Guntur.json
2025-06-04 00:28:14 - ERROR - 2025-06-04 00:28:14,277 - DataManager - INFO - ✅ Processed JSON backup: T0002_Tharuni_Guntur_211239.json
2025-06-04 00:28:14 - PRINT - ✅ Saved JSON record as Tharuni/Guntur/2025-06-04/json_backups/T0003_Tharuni_Guntur.json
2025-06-04 00:28:14 - ERROR - 2025-06-04 00:28:14,563 - DataManager - INFO - ✅ Processed JSON backup: T0003_Tharuni_Guntur_212042.json
2025-06-04 00:28:14 - PRINT - ✅ Saved JSON record as Tharuni/Guntur/2025-06-04/json_backups/T0004_Tharuni_Guntur.json
2025-06-04 00:28:14 - ERROR - 2025-06-04 00:28:14,875 - DataManager - INFO - ✅ Processed JSON backup: T0004_Tharuni_Guntur_214248.json
2025-06-04 00:28:15 - PRINT - ✅ Saved JSON record as Tharuni/Guntur/2025-06-04/json_backups/T0005_Tharuni_Guntur.json
2025-06-04 00:28:15 - ERROR - 2025-06-04 00:28:15,157 - DataManager - INFO - ✅ Processed JSON backup: T0005_Tharuni_Guntur_214703.json
2025-06-04 00:28:15 - PRINT - ⏭️  Skipping duplicate JSON: T0006_Tharuni_Guntur.json (content already backed up)
2025-06-04 00:28:15 - ERROR - 2025-06-04 00:28:15,172 - DataManager - INFO - ✅ Processed JSON backup: T0006_Tharuni_Guntur_215228.json
2025-06-04 00:28:15 - PRINT - ⏭️  Skipping duplicate JSON: T0007_Tharuni_Guntur.json (content already backed up)
2025-06-04 00:28:15 - ERROR - 2025-06-04 00:28:15,179 - DataManager - INFO - ✅ Processed JSON backup: T0007_Tharuni_Guntur_220413.json
2025-06-04 00:28:15 - PRINT - ✅ Saved JSON record as Tharuni/Guntur/2025-06-04/json_backups/T0008_Tharuni_Guntur.json
2025-06-04 00:28:15 - ERROR - 2025-06-04 00:28:15,465 - DataManager - INFO - ✅ Processed JSON backup: T0008_Tharuni_Guntur_221138.json
2025-06-04 00:28:15 - PRINT - ✅ Saved JSON record as Tharuni/Guntur/2025-06-04/json_backups/T0009_Tharuni_Guntur.json
2025-06-04 00:28:15 - ERROR - 2025-06-04 00:28:15,749 - DataManager - INFO - ✅ Processed JSON backup: T0009_Tharuni_Guntur_221746.json
2025-06-04 00:28:16 - PRINT - ✅ Saved JSON record as Tharuni/Guntur/2025-06-04/json_backups/T0010_Tharuni_Guntur.json
2025-06-04 00:28:16 - ERROR - 2025-06-04 00:28:16,057 - DataManager - INFO - ✅ Processed JSON backup: T0010_Tharuni_Guntur_222608.json
2025-06-04 00:28:16 - PRINT - ✅ Saved JSON record as Tharuni/Guntur/2025-06-04/json_backups/T0011_Tharuni_Guntur.json
2025-06-04 00:28:16 - ERROR - 2025-06-04 00:28:16,345 - DataManager - INFO - ✅ Processed JSON backup: T0011_Tharuni_Guntur_230418.json
2025-06-04 00:28:16 - PRINT - ✅ Saved JSON record as Tharuni/Guntur/2025-06-04/json_backups/T0012_Tharuni_Guntur.json
2025-06-04 00:28:16 - ERROR - 2025-06-04 00:28:16,647 - DataManager - INFO - ✅ Processed JSON backup: T0012_Tharuni_Guntur_232426.json
2025-06-04 00:28:16 - PRINT - ✅ Saved JSON record as Tharuni/Guntur/2025-06-04/json_backups/T0013_Tharuni_Guntur.json
2025-06-04 00:28:16 - ERROR - 2025-06-04 00:28:16,920 - DataManager - INFO - ✅ Processed JSON backup: T0013_Tharuni_Guntur_232629.json
2025-06-04 00:28:17 - PRINT - ✅ Saved JSON record as Tharuni/Guntur/2025-06-04/json_backups/T0014_Tharuni_Guntur.json
2025-06-04 00:28:17 - ERROR - 2025-06-04 00:28:17,192 - DataManager - INFO - ✅ Processed JSON backup: T0014_Tharuni_Guntur_233046.json
2025-06-04 00:28:17 - PRINT - ✅ Saved JSON record as Tharuni/Guntur/2025-06-04/json_backups/T0015_Tharuni_Guntur.json
2025-06-04 00:28:17 - ERROR - 2025-06-04 00:28:17,485 - DataManager - INFO - ✅ Processed JSON backup: T0015_Tharuni_Guntur_233500.json
2025-06-04 00:28:17 - PRINT - ✅ Saved JSON record as Tharuni/Guntur/2025-06-04/json_backups/T0016_Tharuni_Guntur.json
2025-06-04 00:28:17 - ERROR - 2025-06-04 00:28:17,759 - DataManager - INFO - ✅ Processed JSON backup: T0016_Tharuni_Guntur_233910.json
2025-06-04 00:28:18 - PRINT - ✅ Saved JSON record as Tharuni/Guntur/2025-06-04/json_backups/T0017_Tharuni_Guntur.json
2025-06-04 00:28:18 - ERROR - 2025-06-04 00:28:18,044 - DataManager - INFO - ✅ Processed JSON backup: T0017_Tharuni_Guntur_234531.json
2025-06-04 00:28:18 - PRINT - ✅ Saved JSON record as Tharuni/Guntur/2025-06-04/json_backups/T0018_Tharuni_Guntur.json
2025-06-04 00:28:18 - ERROR - 2025-06-04 00:28:18,342 - DataManager - INFO - ✅ Processed JSON backup: T0018_Tharuni_Guntur_235358.json
2025-06-04 00:28:18 - PRINT - ✅ Saved JSON record as Tharuni/Guntur/2025-06-04/json_backups/T0019_Tharuni_Guntur.json
2025-06-04 00:28:18 - ERROR - 2025-06-04 00:28:18,672 - DataManager - INFO - ✅ Processed JSON backup: T0019_Tharuni_Guntur_235500.json
2025-06-04 00:28:18 - PRINT - ✅ Saved JSON record as Tharuni/Guntur/2025-06-04/json_backups/T0020_Tharuni_Guntur.json
2025-06-04 00:28:18 - ERROR - 2025-06-04 00:28:18,952 - DataManager - INFO - ✅ Processed JSON backup: T0020_Tharuni_Guntur_235617.json
2025-06-04 00:28:19 - PRINT - ✅ Saved JSON record as Tharuni/Guntur/2025-06-04/json_backups/T0021_Tharuni_Guntur.json
2025-06-04 00:28:19 - ERROR - 2025-06-04 00:28:19,223 - DataManager - INFO - ✅ Processed JSON backup: T0021_Tharuni_Guntur_000306.json
2025-06-04 00:28:19 - PRINT - ✅ Saved JSON record as Tharuni/Guntur/2025-06-04/json_backups/T0022_Tharuni_Guntur.json
2025-06-04 00:28:19 - ERROR - 2025-06-04 00:28:19,514 - DataManager - INFO - ✅ Processed JSON backup: T0022_Tharuni_Guntur_000513.json
2025-06-04 00:28:19 - PRINT - ✅ Saved JSON record as Tharuni/Guntur/2025-06-04/json_backups/T0023_Tharuni_Guntur.json
2025-06-04 00:28:19 - ERROR - 2025-06-04 00:28:19,786 - DataManager - INFO - ✅ Processed JSON backup: T0023_Tharuni_Guntur_001027.json
2025-06-04 00:28:20 - PRINT - ✅ Saved JSON record as Tharuni/Guntur/2025-06-04/json_backups/T0024_Tharuni_Guntur.json
2025-06-04 00:28:20 - ERROR - 2025-06-04 00:28:20,070 - DataManager - INFO - ✅ Processed JSON backup: T0024_Tharuni_Guntur_001251.json
2025-06-04 00:28:20 - PRINT - ✅ Saved JSON record as Tharuni/Guntur/2025-06-04/json_backups/T0025_Tharuni_Guntur.json
2025-06-04 00:28:20 - ERROR - 2025-06-04 00:28:20,346 - DataManager - INFO - ✅ Processed JSON backup: T0025_Tharuni_Guntur_001643.json
2025-06-04 00:28:20 - PRINT - ✅ Saved JSON record as Tharuni/Guntur/2025-06-04/json_backups/T0026_Tharuni_Guntur.json
2025-06-04 00:28:20 - ERROR - 2025-06-04 00:28:20,626 - DataManager - INFO - ✅ Processed JSON backup: T0026_Tharuni_Guntur_001921.json
2025-06-04 00:28:20 - PRINT - ✅ Saved JSON record as Tharuni/Guntur/2025-06-04/json_backups/T0027_Tharuni_Guntur.json
2025-06-04 00:28:20 - ERROR - 2025-06-04 00:28:20,895 - DataManager - INFO - ✅ Processed JSON backup: T0027_Tharuni_Guntur_012944.json
2025-06-04 00:28:21 - PRINT - ✅ Saved JSON record as Tharuni/Guntur/2025-06-04/json_backups/T0028_Tharuni_Guntur.json
2025-06-04 00:28:21 - ERROR - 2025-06-04 00:28:21,180 - DataManager - INFO - ✅ Processed JSON backup: T0028_Tharuni_Guntur_055441.json
2025-06-04 00:28:21 - PRINT - ✅ Saved JSON record as Tharuni/Guntur/2025-06-04/json_backups/T0029_Tharuni_Guntur.json
2025-06-04 00:28:21 - ERROR - 2025-06-04 00:28:21,510 - DataManager - INFO - ✅ Processed JSON backup: T0029_Tharuni_Guntur_060421.json
2025-06-04 00:28:21 - PRINT - ✅ Saved JSON record as Tharuni/Guntur/2025-06-04/json_backups/T0030_Tharuni_Guntur.json
2025-06-04 00:28:21 - ERROR - 2025-06-04 00:28:21,785 - DataManager - INFO - ✅ Processed JSON backup: T0030_Tharuni_Guntur_060643.json
2025-06-04 00:28:21 - PRINT - ⏭️  Skipping duplicate JSON: T0031_Tharuni_Guntur.json (content already backed up)
2025-06-04 00:28:21 - ERROR - 2025-06-04 00:28:21,799 - DataManager - INFO - ✅ Processed JSON backup: T0031_Tharuni_Guntur_060810.json
2025-06-04 00:28:21 - PRINT - ⏭️  Skipping duplicate JSON: T0032_Tharuni_Guntur.json (content already backed up)
2025-06-04 00:28:21 - ERROR - 2025-06-04 00:28:21,807 - DataManager - INFO - ✅ Processed JSON backup: T0032_Tharuni_Guntur_061021.json
2025-06-04 00:28:21 - PRINT - ⏭️  Skipping duplicate JSON: T0033_Tharuni_Guntur.json (content already backed up)
2025-06-04 00:28:21 - ERROR - 2025-06-04 00:28:21,813 - DataManager - INFO - ✅ Processed JSON backup: T0033_Tharuni_Guntur_061236.json
2025-06-04 00:28:21 - PRINT - ⏭️  Skipping duplicate JSON: T0034_Tharuni_Guntur.json (content already backed up)
2025-06-04 00:28:21 - ERROR - 2025-06-04 00:28:21,819 - DataManager - INFO - ✅ Processed JSON backup: T0034_Tharuni_Guntur_062057.json
2025-06-04 00:28:21 - PRINT - ⏭️  Skipping duplicate JSON: T0035_Tharuni_Guntur.json (content already backed up)
2025-06-04 00:28:21 - ERROR - 2025-06-04 00:28:21,825 - DataManager - INFO - ✅ Processed JSON backup: T0035_Tharuni_Guntur_062248.json
2025-06-04 00:28:21 - PRINT - ⏭️  Skipping duplicate JSON: T0036_Tharuni_Guntur.json (content already backed up)
2025-06-04 00:28:21 - ERROR - 2025-06-04 00:28:21,832 - DataManager - INFO - ✅ Processed JSON backup: T0036_Tharuni_Guntur_062818.json
2025-06-04 00:28:21 - PRINT - ⏭️  Skipping duplicate JSON: T0037_Tharuni_Guntur.json (content already backed up)
2025-06-04 00:28:21 - ERROR - 2025-06-04 00:28:21,837 - DataManager - INFO - ✅ Processed JSON backup: T0037_Tharuni_Guntur_062952.json
2025-06-04 00:28:21 - PRINT - ⏭️  Skipping duplicate JSON: T0038_Tharuni_Guntur.json (content already backed up)
2025-06-04 00:28:21 - ERROR - 2025-06-04 00:28:21,845 - DataManager - INFO - ✅ Processed JSON backup: T0038_Tharuni_Guntur_063402.json
2025-06-04 00:28:21 - PRINT - ⏭️  Skipping duplicate JSON: T0039_Tharuni_Guntur.json (content already backed up)
2025-06-04 00:28:21 - ERROR - 2025-06-04 00:28:21,851 - DataManager - INFO - ✅ Processed JSON backup: T0039_Tharuni_Guntur_063853.json
2025-06-04 00:28:21 - PRINT - ⏭️  Skipping duplicate JSON: T0040_Tharuni_Guntur.json (content already backed up)
2025-06-04 00:28:21 - ERROR - 2025-06-04 00:28:21,866 - DataManager - INFO - ✅ Processed JSON backup: T0040_Tharuni_Guntur_065731.json
2025-06-04 00:28:21 - PRINT - ⏭️  Skipping duplicate JSON: T0041_Tharuni_Guntur.json (content already backed up)
2025-06-04 00:28:21 - ERROR - 2025-06-04 00:28:21,881 - DataManager - INFO - ✅ Processed JSON backup: T0041_Tharuni_Guntur_070323.json
2025-06-04 00:28:21 - PRINT - ⏭️  Skipping duplicate JSON: T0042_Tharuni_Guntur.json (content already backed up)
2025-06-04 00:28:21 - ERROR - 2025-06-04 00:28:21,895 - DataManager - INFO - ✅ Processed JSON backup: T0042_Tharuni_Guntur_191017.json
2025-06-04 00:28:21 - PRINT - ⏭️  Skipping duplicate JSON: T0043_Tharuni_Guntur.json (content already backed up)
2025-06-04 00:28:21 - ERROR - 2025-06-04 00:28:21,908 - DataManager - INFO - ✅ Processed JSON backup: T0043_Tharuni_Guntur_192238.json
2025-06-04 00:28:21 - PRINT - ⏭️  Skipping duplicate JSON: T0044_Tharuni_Guntur.json (content already backed up)
2025-06-04 00:28:21 - ERROR - 2025-06-04 00:28:21,916 - DataManager - INFO - ✅ Processed JSON backup: T0044_Tharuni_Guntur_192552.json
2025-06-04 00:28:21 - PRINT - ⏭️  Skipping duplicate JSON: T0045_Tharuni_Guntur.json (content already backed up)
2025-06-04 00:28:21 - ERROR - 2025-06-04 00:28:21,921 - DataManager - INFO - ✅ Processed JSON backup: T0045_Tharuni_Guntur_193508.json
2025-06-04 00:28:21 - PRINT - ⏭️  Skipping duplicate JSON: T0046_Tharuni_Guntur.json (content already backed up)
2025-06-04 00:28:21 - ERROR - 2025-06-04 00:28:21,929 - DataManager - INFO - ✅ Processed JSON backup: T0046_Tharuni_Guntur_194822.json
2025-06-04 00:28:21 - PRINT - ⏭️  Skipping duplicate JSON: T0047_Tharuni_Guntur.json (content already backed up)
2025-06-04 00:28:21 - ERROR - 2025-06-04 00:28:21,935 - DataManager - INFO - ✅ Processed JSON backup: T0047_Tharuni_Guntur_200057.json
2025-06-04 00:28:21 - PRINT - ⏭️  Skipping duplicate JSON: T0048_Tharuni_Guntur.json (content already backed up)
2025-06-04 00:28:21 - ERROR - 2025-06-04 00:28:21,941 - DataManager - INFO - ✅ Processed JSON backup: T0048_Tharuni_Guntur_201650.json
2025-06-04 00:28:21 - PRINT - ⏭️  Skipping duplicate JSON: T0049_Tharuni_Guntur.json (content already backed up)
2025-06-04 00:28:21 - ERROR - 2025-06-04 00:28:21,949 - DataManager - INFO - ✅ Processed JSON backup: T0049_Tharuni_Guntur_202559.json
2025-06-04 00:28:21 - PRINT - ⏭️  Skipping duplicate JSON: T0050_Tharuni_Guntur.json (content already backed up)
2025-06-04 00:28:21 - ERROR - 2025-06-04 00:28:21,954 - DataManager - INFO - ✅ Processed JSON backup: T0050_Tharuni_Guntur_203256.json
2025-06-04 00:28:21 - PRINT - ⏭️  Skipping duplicate JSON: T0051_Tharuni_Guntur.json (content already backed up)
2025-06-04 00:28:21 - ERROR - 2025-06-04 00:28:21,962 - DataManager - INFO - ✅ Processed JSON backup: T0051_Tharuni_Guntur_210648.json
2025-06-04 00:28:21 - PRINT - ⏭️  Skipping duplicate JSON: T0052_Tharuni_Guntur.json (content already backed up)
2025-06-04 00:28:21 - ERROR - 2025-06-04 00:28:21,968 - DataManager - INFO - ✅ Processed JSON backup: T0052_Tharuni_Guntur_212805.json
2025-06-04 00:28:21 - PRINT - ⏭️  Skipping duplicate JSON: T0053_Tharuni_Guntur.json (content already backed up)
2025-06-04 00:28:21 - ERROR - 2025-06-04 00:28:21,974 - DataManager - INFO - ✅ Processed JSON backup: T0053_Tharuni_Guntur_212920.json
2025-06-04 00:28:21 - PRINT - ⏭️  Skipping duplicate JSON: T0054_Tharuni_Guntur.json (content already backed up)
2025-06-04 00:28:21 - ERROR - 2025-06-04 00:28:21,981 - DataManager - INFO - ✅ Processed JSON backup: T0054_Tharuni_Guntur_213154.json
2025-06-04 00:28:21 - PRINT - ⏭️  Skipping duplicate JSON: T0055_Tharuni_Guntur.json (content already backed up)
2025-06-04 00:28:21 - ERROR - 2025-06-04 00:28:21,987 - DataManager - INFO - ✅ Processed JSON backup: T0055_Tharuni_Guntur_222710.json
2025-06-04 00:28:22 - PRINT - ⏭️  Skipping duplicate JSON: T0056_Tharuni_Guntur.json (content already backed up)
2025-06-04 00:28:22 - ERROR - 2025-06-04 00:28:22,002 - DataManager - INFO - ✅ Processed JSON backup: T0056_Tharuni_Guntur_181519.json
2025-06-04 00:28:22 - PRINT - ⏭️  Skipping duplicate JSON: T0057_Tharuni_Guntur.json (content already backed up)
2025-06-04 00:28:22 - ERROR - 2025-06-04 00:28:22,008 - DataManager - INFO - ✅ Processed JSON backup: T0057_Tharuni_Guntur_184405.json
2025-06-04 00:28:22 - PRINT - ⏭️  Skipping duplicate JSON: T0058_Tharuni_Guntur.json (content already backed up)
2025-06-04 00:28:22 - ERROR - 2025-06-04 00:28:22,015 - DataManager - INFO - ✅ Processed JSON backup: T0058_Tharuni_Guntur_184700.json
2025-06-04 00:28:22 - PRINT - ⏭️  Skipping duplicate JSON: T0059_Tharuni_Guntur.json (content already backed up)
2025-06-04 00:28:22 - ERROR - 2025-06-04 00:28:22,021 - DataManager - INFO - ✅ Processed JSON backup: T0059_Tharuni_Guntur_192456.json
2025-06-04 00:28:22 - PRINT - ⏭️  Skipping duplicate JSON: T0060_Tharuni_Guntur.json (content already backed up)
2025-06-04 00:28:22 - ERROR - 2025-06-04 00:28:22,030 - DataManager - INFO - ✅ Processed JSON backup: T0060_Tharuni_Guntur_192615.json
2025-06-04 00:28:22 - PRINT - ✅ Saved JSON record as Tharuni/Guntur/2025-06-04/json_backups/T0061_Tharuni_Guntur.json
2025-06-04 00:28:22 - ERROR - 2025-06-04 00:28:22,303 - DataManager - INFO - ✅ Processed JSON backup: T0061_Tharuni_Guntur_195025.json
2025-06-04 00:28:22 - PRINT - ✅ Saved JSON record as Tharuni/Guntur/2025-06-04/json_backups/T0061_Tharuni_Guntur.json
2025-06-04 00:28:22 - ERROR - 2025-06-04 00:28:22,708 - DataManager - INFO - ✅ Processed JSON backup: T0061_Tharuni_Guntur_195553.json
2025-06-04 00:28:23 - PRINT - ✅ Saved JSON record as Tharuni/Guntur/2025-06-04/json_backups/T0061_Tharuni_Guntur.json
2025-06-04 00:28:23 - ERROR - 2025-06-04 00:28:23,087 - DataManager - INFO - ✅ Processed JSON backup: T0061_Tharuni_Guntur_200217.json
2025-06-04 00:28:23 - PRINT - ✅ Saved JSON record as Tharuni/Guntur/2025-06-04/json_backups/T0061_Tharuni_Guntur.json
2025-06-04 00:28:23 - ERROR - 2025-06-04 00:28:23,474 - DataManager - INFO - ✅ Processed JSON backup: T0061_Tharuni_Guntur_200240.json
2025-06-04 00:28:23 - PRINT - ✅ Saved JSON record as Tharuni/Guntur/2025-06-04/json_backups/T0061_Tharuni_Guntur.json
2025-06-04 00:28:23 - ERROR - 2025-06-04 00:28:23,844 - DataManager - INFO - ✅ Processed JSON backup: T0061_Tharuni_Guntur_201417.json
2025-06-04 00:28:24 - PRINT - ✅ Saved JSON record as Tharuni/Guntur/2025-06-04/json_backups/T0061_Tharuni_Guntur.json
2025-06-04 00:28:24 - ERROR - 2025-06-04 00:28:24,233 - DataManager - INFO - ✅ Processed JSON backup: T0061_Tharuni_Guntur_203003.json
2025-06-04 00:28:24 - PRINT - ✅ Saved JSON record as Tharuni/Guntur/2025-06-04/json_backups/T0061_Tharuni_Guntur.json
2025-06-04 00:28:24 - ERROR - 2025-06-04 00:28:24,604 - DataManager - INFO - ✅ Processed JSON backup: T0061_Tharuni_Guntur_212355.json
2025-06-04 00:28:24 - PRINT - ✅ Saved JSON record as Tharuni/Guntur/2025-06-04/json_backups/T0061_Tharuni_Guntur.json
2025-06-04 00:28:24 - ERROR - 2025-06-04 00:28:24,975 - DataManager - INFO - ✅ Processed JSON backup: T0061_Tharuni_Guntur_213011.json
2025-06-04 00:28:25 - PRINT - ✅ Saved JSON record as Tharuni/Guntur/2025-06-04/json_backups/T0061_Tharuni_Guntur.json
2025-06-04 00:28:25 - ERROR - 2025-06-04 00:28:25,373 - DataManager - INFO - ✅ Processed JSON backup: T0061_Tharuni_Guntur_213712.json
2025-06-04 00:28:25 - PRINT - ⏭️  Skipping duplicate JSON: T0001_Coastal_Eluru.json (content already backed up)
2025-06-04 00:28:25 - ERROR - 2025-06-04 00:28:25,389 - DataManager - INFO - ✅ Processed JSON backup: T0001_Coastal_Eluru_201211.json
2025-06-04 00:28:25 - PRINT - ⏭️  Skipping duplicate JSON: T0001_Tharuni_Guntur.json (content already backed up)
2025-06-04 00:28:25 - ERROR - 2025-06-04 00:28:25,395 - DataManager - INFO - ✅ Processed JSON backup: T0001_Tharuni_Guntur_004103.json
2025-06-04 00:28:25 - PRINT - ⏭️  Skipping duplicate JSON: T0002_Coastal_Eluru.json (content already backed up)
2025-06-04 00:28:25 - ERROR - 2025-06-04 00:28:25,401 - DataManager - INFO - ✅ Processed JSON backup: T0002_Coastal_Eluru_201223.json
2025-06-04 00:28:25 - PRINT - ✅ Saved JSON record as Tharuni/Guntur/2025-06-04/json_backups/T0002_Tharuni_Guntur.json
2025-06-04 00:28:25 - ERROR - 2025-06-04 00:28:25,773 - DataManager - INFO - ✅ Processed JSON backup: T0002_Tharuni_Guntur_004306.json
2025-06-04 00:28:25 - PRINT - ⏭️  Skipping duplicate JSON: T0003_Coastal_Eluru.json (content already backed up)
2025-06-04 00:28:25 - ERROR - 2025-06-04 00:28:25,795 - DataManager - INFO - ✅ Processed JSON backup: T0003_Coastal_Eluru_201158.json
2025-06-04 00:28:26 - PRINT - ✅ Saved JSON record as Tharuni/Guntur/2025-06-04/json_backups/T0003_Tharuni_Guntur.json
2025-06-04 00:28:26 - ERROR - 2025-06-04 00:28:26,152 - DataManager - INFO - ✅ Processed JSON backup: T0003_Tharuni_Guntur_010543.json
2025-06-04 00:28:26 - PRINT - ✅ Saved JSON record as Tharuni/Guntur/2025-06-04/json_backups/T0003_Tharuni_Guntur.json
2025-06-04 00:28:26 - ERROR - 2025-06-04 00:28:26,547 - DataManager - INFO - ✅ Processed JSON backup: T0003_Tharuni_Guntur_013442.json
2025-06-04 00:28:26 - PRINT - ✅ Saved JSON record as Tharuni/Guntur/2025-06-04/json_backups/T0003_Tharuni_Guntur.json
2025-06-04 00:28:26 - ERROR - 2025-06-04 00:28:26,943 - DataManager - INFO - ✅ Processed JSON backup: T0003_Tharuni_Guntur_014137.json
2025-06-04 00:28:26 - PRINT - ⏭️  Skipping duplicate JSON: T0004_Coastal_Eluru.json (content already backed up)
2025-06-04 00:28:26 - ERROR - 2025-06-04 00:28:26,957 - DataManager - INFO - ✅ Processed JSON backup: T0004_Coastal_Eluru_233235.json
2025-06-04 00:28:27 - PRINT - ✅ Saved JSON record as Tharuni/Guntur/2025-06-04/json_backups/T0004_Tharuni_Guntur.json
2025-06-04 00:28:27 - ERROR - 2025-06-04 00:28:27,314 - DataManager - INFO - ✅ Processed JSON backup: T0004_Tharuni_Guntur_014118.json
2025-06-04 00:28:27 - PRINT - ⏭️  Skipping duplicate JSON: T0005_Coastal_Eluru.json (content already backed up)
2025-06-04 00:28:27 - ERROR - 2025-06-04 00:28:27,329 - DataManager - INFO - ✅ Processed JSON backup: T0005_Coastal_Eluru_233248.json
2025-06-04 00:28:27 - PRINT - ✅ Saved JSON record as Tharuni/Guntur/2025-06-04/json_backups/T0005_Tharuni_Guntur.json
2025-06-04 00:28:27 - ERROR - 2025-06-04 00:28:27,686 - DataManager - INFO - ✅ Processed JSON backup: T0005_Tharuni_Guntur_014102.json
2025-06-04 00:28:27 - PRINT - ⏭️  Skipping duplicate JSON: T0006_Coastal_Eluru.json (content already backed up)
2025-06-04 00:28:27 - ERROR - 2025-06-04 00:28:27,701 - DataManager - INFO - ✅ Processed JSON backup: T0006_Coastal_Eluru_233221.json
2025-06-04 00:28:28 - PRINT - ✅ Saved JSON record as Tharuni/Guntur/2025-06-04/json_backups/T0008_Tharuni_Guntur.json
2025-06-04 00:28:28 - ERROR - 2025-06-04 00:28:28,097 - DataManager - INFO - ✅ Processed JSON backup: T0008_Tharuni_Guntur_014831.json
2025-06-04 00:28:28 - PRINT - ✅ Saved JSON record as Tharuni/Guntur/2025-06-04/json_backups/T0009_Tharuni_Guntur.json
2025-06-04 00:28:28 - ERROR - 2025-06-04 00:28:28,484 - DataManager - INFO - ✅ Processed JSON backup: T0009_Tharuni_Guntur_014813.json
2025-06-04 00:28:28 - PRINT - ✅ Saved JSON record as Tharuni/Guntur/2025-06-04/json_backups/T0010_Tharuni_Guntur.json
2025-06-04 00:28:28 - ERROR - 2025-06-04 00:28:28,863 - DataManager - INFO - ✅ Processed JSON backup: T0010_Tharuni_Guntur_014852.json
2025-06-04 00:28:29 - PRINT - ✅ Saved JSON record as Tharuni/Guntur/2025-06-04/json_backups/T0011_Tharuni_Guntur.json
2025-06-04 00:28:29 - ERROR - 2025-06-04 00:28:29,228 - DataManager - INFO - ✅ Processed JSON backup: T0011_Tharuni_Guntur_014957.json
2025-06-04 00:28:29 - PRINT - ✅ Saved JSON record as Tharuni/Guntur/2025-06-04/json_backups/T0012_Tharuni_Guntur.json
2025-06-04 00:28:29 - ERROR - 2025-06-04 00:28:29,589 - DataManager - INFO - ✅ Processed JSON backup: T0012_Tharuni_Guntur_014945.json
2025-06-04 00:28:29 - PRINT - ✅ Saved JSON record as Tharuni/Guntur/2025-06-04/json_backups/T0013_Tharuni_Guntur.json
2025-06-04 00:28:29 - ERROR - 2025-06-04 00:28:29,956 - DataManager - INFO - ✅ Processed JSON backup: T0013_Tharuni_Guntur_023313.json
2025-06-04 00:28:30 - PRINT - ✅ Saved JSON record as Tharuni/Guntur/2025-06-04/json_backups/T0014_Tharuni_Guntur.json
2025-06-04 00:28:30 - ERROR - 2025-06-04 00:28:30,317 - DataManager - INFO - ✅ Processed JSON backup: T0014_Tharuni_Guntur_023254.json
2025-06-04 00:28:30 - PRINT - ✅ Saved JSON record as Tharuni/Guntur/2025-06-04/json_backups/T0015_Tharuni_Guntur.json
2025-06-04 00:28:30 - ERROR - 2025-06-04 00:28:30,703 - DataManager - INFO - ✅ Processed JSON backup: T0015_Tharuni_Guntur_024445.json
2025-06-04 00:28:31 - PRINT - ✅ Saved JSON record as Tharuni/Guntur/2025-06-04/json_backups/T0016_Tharuni_Guntur.json
2025-06-04 00:28:31 - ERROR - 2025-06-04 00:28:31,097 - DataManager - INFO - ✅ Processed JSON backup: T0016_Tharuni_Guntur_025144.json
2025-06-04 00:28:31 - PRINT - ✅ Saved JSON record as Tharuni/Guntur/2025-06-04/json_backups/T0017_Tharuni_Guntur.json
2025-06-04 00:28:31 - ERROR - 2025-06-04 00:28:31,489 - DataManager - INFO - ✅ Processed JSON backup: T0017_Tharuni_Guntur_025131.json
2025-06-04 00:28:31 - PRINT - ✅ Saved JSON record as Tharuni/Guntur/2025-06-04/json_backups/T0018_Tharuni_Guntur.json
2025-06-04 00:28:31 - ERROR - 2025-06-04 00:28:31,858 - DataManager - INFO - ✅ Processed JSON backup: T0018_Tharuni_Guntur_160140.json
2025-06-04 00:28:32 - PRINT - ✅ Saved JSON record as Tharuni/Guntur/2025-06-04/json_backups/T0019_Tharuni_Guntur.json
2025-06-04 00:28:32 - ERROR - 2025-06-04 00:28:32,230 - DataManager - INFO - ✅ Processed JSON backup: T0019_Tharuni_Guntur_160421.json
2025-06-04 00:28:32 - PRINT - ✅ Saved JSON record as Tharuni/Guntur/2025-06-04/json_backups/T0020_Tharuni_Guntur.json
2025-06-04 00:28:32 - ERROR - 2025-06-04 00:28:32,604 - DataManager - INFO - ✅ Processed JSON backup: T0020_Tharuni_Guntur_160434.json
2025-06-04 00:28:32 - PRINT - ✅ Saved JSON record as Tharuni/Guntur/2025-06-04/json_backups/T0021_Tharuni_Guntur.json
2025-06-04 00:28:32 - ERROR - 2025-06-04 00:28:32,964 - DataManager - INFO - ✅ Processed JSON backup: T0021_Tharuni_Guntur_160449.json
2025-06-04 00:28:33 - PRINT - ✅ Saved JSON record as Tharuni/Guntur/2025-06-04/json_backups/T0022_Tharuni_Guntur.json
2025-06-04 00:28:33 - ERROR - 2025-06-04 00:28:33,352 - DataManager - INFO - ✅ Processed JSON backup: T0022_Tharuni_Guntur_160355.json
2025-06-04 00:28:33 - PRINT - ✅ Saved JSON record as Tharuni/Guntur/2025-06-04/json_backups/T0023_Tharuni_Guntur.json
2025-06-04 00:28:33 - ERROR - 2025-06-04 00:28:33,723 - DataManager - INFO - ✅ Processed JSON backup: T0023_Tharuni_Guntur_161916.json
2025-06-04 00:28:34 - PRINT - ✅ Saved JSON record as Tharuni/Guntur/2025-06-04/json_backups/T0024_Tharuni_Guntur.json
2025-06-04 00:28:34 - ERROR - 2025-06-04 00:28:34,073 - DataManager - INFO - ✅ Processed JSON backup: T0024_Tharuni_Guntur_161930.json
2025-06-04 00:28:34 - PRINT - ✅ Saved JSON record as Tharuni/Guntur/2025-06-04/json_backups/T0025_Tharuni_Guntur.json
2025-06-04 00:28:34 - ERROR - 2025-06-04 00:28:34,455 - DataManager - INFO - ✅ Processed JSON backup: T0025_Tharuni_Guntur_161900.json
2025-06-04 00:28:35 - PRINT - ✅ Saved JSON record as Tharuni/Guntur/2025-06-04/json_backups/T0026_Tharuni_Guntur.json
2025-06-04 00:28:35 - ERROR - 2025-06-04 00:28:35,649 - DataManager - INFO - ✅ Processed JSON backup: T0026_Tharuni_Guntur_162501.json
2025-06-04 00:28:36 - PRINT - ✅ Saved JSON record as Tharuni/Guntur/2025-06-04/json_backups/T0027_Tharuni_Guntur.json
2025-06-04 00:28:36 - ERROR - 2025-06-04 00:28:36,061 - DataManager - INFO - ✅ Processed JSON backup: T0027_Tharuni_Guntur_162647.json
2025-06-04 00:28:36 - PRINT - ✅ Saved JSON record as Tharuni/Guntur/2025-06-04/json_backups/T0028_Tharuni_Guntur.json
2025-06-04 00:28:36 - ERROR - 2025-06-04 00:28:36,469 - DataManager - INFO - ✅ Processed JSON backup: T0028_Tharuni_Guntur_162935.json
2025-06-04 00:28:36 - PRINT - ✅ Saved JSON record as Tharuni/Guntur/2025-06-04/json_backups/T0029_Tharuni_Guntur.json
2025-06-04 00:28:36 - ERROR - 2025-06-04 00:28:36,845 - DataManager - INFO - ✅ Processed JSON backup: T0029_Tharuni_Guntur_165329.json
2025-06-04 00:28:37 - PRINT - ✅ Saved JSON record as Tharuni/Guntur/2025-06-04/json_backups/T0030_Tharuni_Guntur.json
2025-06-04 00:28:37 - ERROR - 2025-06-04 00:28:37,207 - DataManager - INFO - ✅ Processed JSON backup: T0030_Tharuni_Guntur_170059.json
2025-06-04 00:28:37 - PRINT - ⏭️  Skipping duplicate JSON: T0031_Coastal_Eluru.json (content already backed up)
2025-06-04 00:28:37 - ERROR - 2025-06-04 00:28:37,222 - DataManager - INFO - ✅ Processed JSON backup: T0031_Coastal_Eluru_181617.json
2025-06-04 00:28:37 - PRINT - ⏭️  Skipping duplicate JSON: T0032_Coastal_Eluru.json (content already backed up)
2025-06-04 00:28:37 - ERROR - 2025-06-04 00:28:37,236 - DataManager - INFO - ✅ Processed JSON backup: T0032_Coastal_Eluru_184025.json
2025-06-04 00:28:37 - PRINT - ✅ Saved JSON record as Coastal/Eluru/2025-06-04/json_backups/T0033_Coastal_Eluru.json
2025-06-04 00:28:37 - ERROR - 2025-06-04 00:28:37,530 - DataManager - INFO - ✅ Processed JSON backup: T0033_Coastal_Eluru_184904.json
2025-06-04 00:28:37 - PRINT - ✅ Saved JSON record as Coastal/Eluru/2025-06-04/json_backups/T0033_Coastal_Eluru.json
2025-06-04 00:28:37 - ERROR - 2025-06-04 00:28:37,917 - DataManager - INFO - ✅ Processed JSON backup: T0033_Coastal_Eluru_185930.json
2025-06-04 00:28:38 - PRINT - ✅ Saved JSON record as Coastal/Eluru/2025-06-04/json_backups/T0033_Coastal_Eluru.json
2025-06-04 00:28:38 - ERROR - 2025-06-04 00:28:38,289 - DataManager - INFO - ✅ Processed JSON backup: T0033_Coastal_Eluru_190441.json
2025-06-04 00:28:38 - PRINT - ✅ Saved JSON record as Coastal/Eluru/2025-06-04/json_backups/T0033_Coastal_Eluru.json
2025-06-04 00:28:38 - ERROR - 2025-06-04 00:28:38,686 - DataManager - INFO - ✅ Processed JSON backup: T0033_Coastal_Eluru_190914.json
2025-06-04 00:28:39 - PRINT - ✅ Saved JSON record as Coastal/Eluru/2025-06-04/json_backups/T0033_Coastal_Eluru.json
2025-06-04 00:28:39 - ERROR - 2025-06-04 00:28:39,049 - DataManager - INFO - ✅ Processed JSON backup: T0033_Coastal_Eluru_191241.json
2025-06-04 00:28:39 - PRINT - ✅ Saved JSON record as Coastal/Eluru/2025-06-04/json_backups/T0033_Coastal_Eluru.json
2025-06-04 00:28:39 - ERROR - 2025-06-04 00:28:39,416 - DataManager - INFO - ✅ Processed JSON backup: T0033_Coastal_Eluru_191518.json
2025-06-04 00:28:39 - PRINT - ✅ Saved JSON record as Coastal/Eluru/2025-06-04/json_backups/T0033_Coastal_Eluru.json
2025-06-04 00:28:39 - ERROR - 2025-06-04 00:28:39,779 - DataManager - INFO - ✅ Processed JSON backup: T0033_Coastal_Eluru_192748.json
2025-06-04 00:28:40 - PRINT - ✅ Saved JSON record as Coastal/Eluru/2025-06-04/json_backups/T0033_Coastal_Eluru.json
2025-06-04 00:28:40 - ERROR - 2025-06-04 00:28:40,172 - DataManager - INFO - ✅ Processed JSON backup: T0033_Coastal_Eluru_200917.json
2025-06-04 00:28:40 - PRINT - ✅ Saved JSON record as Coastal/Eluru/2025-06-04/json_backups/T0007_Coastal_Eluru.json
2025-06-04 00:28:40 - ERROR - 2025-06-04 00:28:40,446 - DataManager - INFO - ✅ Processed JSON backup: T0007_Coastal_Eluru_002619.json
2025-06-04 00:28:40 - PRINT - ✅ Saved JSON record as Coastal/Eluru/2025-06-04/json_backups/T0008_Coastal_Eluru.json
2025-06-04 00:28:40 - ERROR - 2025-06-04 00:28:40,752 - DataManager - INFO - ✅ Processed JSON backup: T0008_Coastal_Eluru_002604.json
2025-06-04 00:28:41 - PRINT - ✅ Saved JSON record as Coastal/Eluru/2025-06-04/json_backups/T0009_Coastal_Eluru.json
2025-06-04 00:28:41 - ERROR - 2025-06-04 00:28:41,037 - DataManager - INFO - ✅ Processed JSON backup: T0009_Coastal_Eluru_002541.json
2025-06-04 00:28:41 - ERROR - 2025-06-04 00:28:41,038 - DataManager - INFO - Successfully loaded 12 records from data\Coastal_Eluru_data.csv
2025-06-04 00:28:41 - PRINT - Found 12 complete records out of 12 total records
2025-06-04 00:28:41 - PRINT - 
🚀 Starting comprehensive backup for Coastal - Eluru
2025-06-04 00:28:41 - PRINT - 📅 Date: 2025-06-04
2025-06-04 00:28:41 - PRINT - 📁 Data folder: data
2025-06-04 00:28:41 - PRINT - ☁️  Cloud structure: Coastal/Eluru/2025-06-04/[images|json_backups|reports]/
2025-06-04 00:28:41 - PRINT - ================================================================================
2025-06-04 00:28:41 - PRINT - 
1️⃣  IMAGES BACKUP
2025-06-04 00:28:41 - PRINT - 🔍 Looking for images in: C:\Users\saait\Downloads\adex_nonlogin\advexe-fa064e14cc2125900dc230b01018a938253408bf\data\images
2025-06-04 00:28:41 - PRINT - 🖼️  Starting images backup to: Coastal/Eluru/2025-06-04/images/
2025-06-04 00:28:41 - PRINT -    ✅ Uploaded: Eluru_AP04AP4444_20250604_002538_2nd_front.jpg
2025-06-04 00:28:41 - PRINT -    ⏭️  Skipping unchanged: Eluru_AP04AP4444_20250604_002602_2nd_front.jpg (already backed up)
2025-06-04 00:28:41 - PRINT - 📊 Images backup completed: 1/2 files uploaded
2025-06-04 00:28:41 - PRINT -    📊 Images: 1/2 files uploaded
2025-06-04 00:28:41 - PRINT - 
2️⃣  JSON BACKUPS
2025-06-04 00:28:41 - PRINT - 🔍 Looking for JSON backups in: C:\Users\saait\Downloads\adex_nonlogin\advexe-fa064e14cc2125900dc230b01018a938253408bf\data\json_backups
2025-06-04 00:28:41 - PRINT - 📄 Starting JSON backups backup to: Coastal/Eluru/2025-06-04/json_backups/
2025-06-04 00:28:41 - PRINT -    ⏭️  Skipping unchanged: 2025-05-29\T0002_Tharuni_Guntur_211239.json (already backed up)
2025-06-04 00:28:41 - PRINT -    ⏭️  Skipping unchanged: 2025-05-29\T0003_Tharuni_Guntur_212042.json (already backed up)
2025-06-04 00:28:41 - PRINT -    ⏭️  Skipping unchanged: 2025-05-29\T0004_Tharuni_Guntur_214248.json (already backed up)
2025-06-04 00:28:41 - PRINT -    ⏭️  Skipping unchanged: 2025-05-29\T0005_Tharuni_Guntur_214703.json (already backed up)
2025-06-04 00:28:41 - PRINT -    ⏭️  Skipping unchanged: 2025-05-29\T0006_Tharuni_Guntur_215228.json (already backed up)
2025-06-04 00:28:41 - PRINT -    ⏭️  Skipping unchanged: 2025-05-29\T0007_Tharuni_Guntur_220413.json (already backed up)
2025-06-04 00:28:41 - PRINT -    ⏭️  Skipping unchanged: 2025-05-29\T0008_Tharuni_Guntur_221138.json (already backed up)
2025-06-04 00:28:41 - PRINT -    ⏭️  Skipping unchanged: 2025-05-29\T0009_Tharuni_Guntur_221746.json (already backed up)
2025-06-04 00:28:41 - PRINT -    ⏭️  Skipping unchanged: 2025-05-29\T0010_Tharuni_Guntur_222608.json (already backed up)
2025-06-04 00:28:41 - PRINT -    ⏭️  Skipping unchanged: 2025-05-29\T0011_Tharuni_Guntur_230418.json (already backed up)
2025-06-04 00:28:41 - PRINT -    ⏭️  Skipping unchanged: 2025-05-29\T0012_Tharuni_Guntur_232426.json (already backed up)
2025-06-04 00:28:41 - PRINT -    ⏭️  Skipping unchanged: 2025-05-29\T0013_Tharuni_Guntur_232629.json (already backed up)
2025-06-04 00:28:41 - PRINT -    ⏭️  Skipping unchanged: 2025-05-29\T0014_Tharuni_Guntur_233046.json (already backed up)
2025-06-04 00:28:41 - PRINT -    ⏭️  Skipping unchanged: 2025-05-29\T0015_Tharuni_Guntur_233500.json (already backed up)
2025-06-04 00:28:41 - PRINT -    ⏭️  Skipping unchanged: 2025-05-29\T0016_Tharuni_Guntur_233910.json (already backed up)
2025-06-04 00:28:41 - PRINT -    ⏭️  Skipping unchanged: 2025-05-29\T0017_Tharuni_Guntur_234531.json (already backed up)
2025-06-04 00:28:41 - PRINT -    ⏭️  Skipping unchanged: 2025-05-29\T0018_Tharuni_Guntur_235358.json (already backed up)
2025-06-04 00:28:41 - PRINT -    ⏭️  Skipping unchanged: 2025-05-29\T0019_Tharuni_Guntur_235500.json (already backed up)
2025-06-04 00:28:41 - PRINT -    ⏭️  Skipping unchanged: 2025-05-29\T0020_Tharuni_Guntur_235617.json (already backed up)
2025-06-04 00:28:41 - PRINT -    ⏭️  Skipping unchanged: 2025-05-30\T0021_Tharuni_Guntur_000306.json (already backed up)
2025-06-04 00:28:41 - PRINT -    ⏭️  Skipping unchanged: 2025-05-30\T0022_Tharuni_Guntur_000513.json (already backed up)
2025-06-04 00:28:41 - PRINT -    ⏭️  Skipping unchanged: 2025-05-30\T0023_Tharuni_Guntur_001027.json (already backed up)
2025-06-04 00:28:41 - PRINT -    ⏭️  Skipping unchanged: 2025-05-30\T0024_Tharuni_Guntur_001251.json (already backed up)
2025-06-04 00:28:41 - PRINT -    ⏭️  Skipping unchanged: 2025-05-30\T0025_Tharuni_Guntur_001643.json (already backed up)
2025-06-04 00:28:41 - PRINT -    ⏭️  Skipping unchanged: 2025-05-30\T0026_Tharuni_Guntur_001921.json (already backed up)
2025-06-04 00:28:41 - PRINT -    ⏭️  Skipping unchanged: 2025-05-30\T0027_Tharuni_Guntur_012944.json (already backed up)
2025-06-04 00:28:41 - PRINT -    ⏭️  Skipping unchanged: 2025-05-30\T0028_Tharuni_Guntur_055441.json (already backed up)
2025-06-04 00:28:41 - PRINT -    ⏭️  Skipping unchanged: 2025-05-30\T0029_Tharuni_Guntur_060421.json (already backed up)
2025-06-04 00:28:41 - PRINT -    ⏭️  Skipping unchanged: 2025-05-30\T0030_Tharuni_Guntur_060643.json (already backed up)
2025-06-04 00:28:41 - PRINT -    ⏭️  Skipping unchanged: 2025-05-30\T0031_Tharuni_Guntur_060810.json (already backed up)
2025-06-04 00:28:41 - PRINT -    ⏭️  Skipping unchanged: 2025-05-30\T0032_Tharuni_Guntur_061021.json (already backed up)
2025-06-04 00:28:41 - PRINT -    ⏭️  Skipping unchanged: 2025-05-30\T0033_Tharuni_Guntur_061236.json (already backed up)
2025-06-04 00:28:41 - PRINT -    ⏭️  Skipping unchanged: 2025-05-30\T0034_Tharuni_Guntur_062057.json (already backed up)
2025-06-04 00:28:41 - PRINT -    ⏭️  Skipping unchanged: 2025-05-30\T0035_Tharuni_Guntur_062248.json (already backed up)
2025-06-04 00:28:41 - PRINT -    ⏭️  Skipping unchanged: 2025-05-30\T0036_Tharuni_Guntur_062818.json (already backed up)
2025-06-04 00:28:41 - PRINT -    ⏭️  Skipping unchanged: 2025-05-30\T0037_Tharuni_Guntur_062952.json (already backed up)
2025-06-04 00:28:41 - PRINT -    ⏭️  Skipping unchanged: 2025-05-30\T0038_Tharuni_Guntur_063402.json (already backed up)
2025-06-04 00:28:41 - PRINT -    ⏭️  Skipping unchanged: 2025-05-30\T0039_Tharuni_Guntur_063853.json (already backed up)
2025-06-04 00:28:41 - PRINT -    ⏭️  Skipping unchanged: 2025-05-30\T0040_Tharuni_Guntur_065731.json (already backed up)
2025-06-04 00:28:41 - PRINT -    ⏭️  Skipping unchanged: 2025-05-30\T0041_Tharuni_Guntur_070323.json (already backed up)
2025-06-04 00:28:41 - PRINT -    ⏭️  Skipping unchanged: 2025-05-30\T0042_Tharuni_Guntur_191017.json (already backed up)
2025-06-04 00:28:41 - PRINT -    ⏭️  Skipping unchanged: 2025-05-30\T0043_Tharuni_Guntur_192238.json (already backed up)
2025-06-04 00:28:41 - PRINT -    ⏭️  Skipping unchanged: 2025-05-30\T0044_Tharuni_Guntur_192552.json (already backed up)
2025-06-04 00:28:41 - PRINT -    ⏭️  Skipping unchanged: 2025-05-30\T0045_Tharuni_Guntur_193508.json (already backed up)
2025-06-04 00:28:41 - PRINT -    ⏭️  Skipping unchanged: 2025-05-30\T0046_Tharuni_Guntur_194822.json (already backed up)
2025-06-04 00:28:41 - PRINT -    ⏭️  Skipping unchanged: 2025-05-30\T0047_Tharuni_Guntur_200057.json (already backed up)
2025-06-04 00:28:41 - PRINT -    ⏭️  Skipping unchanged: 2025-05-30\T0048_Tharuni_Guntur_201650.json (already backed up)
2025-06-04 00:28:41 - PRINT -    ⏭️  Skipping unchanged: 2025-05-30\T0049_Tharuni_Guntur_202559.json (already backed up)
2025-06-04 00:28:41 - PRINT -    ⏭️  Skipping unchanged: 2025-05-30\T0050_Tharuni_Guntur_203256.json (already backed up)
2025-06-04 00:28:41 - PRINT -    ⏭️  Skipping unchanged: 2025-05-30\T0051_Tharuni_Guntur_210648.json (already backed up)
2025-06-04 00:28:41 - PRINT -    ⏭️  Skipping unchanged: 2025-05-30\T0052_Tharuni_Guntur_212805.json (already backed up)
2025-06-04 00:28:41 - PRINT -    ⏭️  Skipping unchanged: 2025-05-30\T0053_Tharuni_Guntur_212920.json (already backed up)
2025-06-04 00:28:41 - PRINT -    ⏭️  Skipping unchanged: 2025-05-30\T0054_Tharuni_Guntur_213154.json (already backed up)
2025-06-04 00:28:41 - PRINT -    ⏭️  Skipping unchanged: 2025-05-30\T0055_Tharuni_Guntur_222710.json (already backed up)
2025-06-04 00:28:41 - PRINT -    ⏭️  Skipping unchanged: 2025-06-02\T0056_Tharuni_Guntur_181519.json (already backed up)
2025-06-04 00:28:41 - PRINT -    ⏭️  Skipping unchanged: 2025-06-02\T0057_Tharuni_Guntur_184405.json (already backed up)
2025-06-04 00:28:41 - PRINT -    ⏭️  Skipping unchanged: 2025-06-02\T0058_Tharuni_Guntur_184700.json (already backed up)
2025-06-04 00:28:41 - PRINT -    ⏭️  Skipping unchanged: 2025-06-02\T0059_Tharuni_Guntur_192456.json (already backed up)
2025-06-04 00:28:41 - PRINT -    ⏭️  Skipping unchanged: 2025-06-02\T0060_Tharuni_Guntur_192615.json (already backed up)
2025-06-04 00:28:41 - PRINT -    ⏭️  Skipping unchanged: 2025-06-02\T0061_Tharuni_Guntur_195025.json (already backed up)
2025-06-04 00:28:41 - PRINT -    ⏭️  Skipping unchanged: 2025-06-02\T0061_Tharuni_Guntur_195553.json (already backed up)
2025-06-04 00:28:41 - PRINT -    ⏭️  Skipping unchanged: 2025-06-02\T0061_Tharuni_Guntur_200217.json (already backed up)
2025-06-04 00:28:41 - PRINT -    ⏭️  Skipping unchanged: 2025-06-02\T0061_Tharuni_Guntur_200240.json (already backed up)
2025-06-04 00:28:41 - PRINT -    ⏭️  Skipping unchanged: 2025-06-02\T0061_Tharuni_Guntur_201417.json (already backed up)
2025-06-04 00:28:41 - PRINT -    ⏭️  Skipping unchanged: 2025-06-02\T0061_Tharuni_Guntur_203003.json (already backed up)
2025-06-04 00:28:41 - PRINT -    ⏭️  Skipping unchanged: 2025-06-02\T0061_Tharuni_Guntur_212355.json (already backed up)
2025-06-04 00:28:41 - PRINT -    ⏭️  Skipping unchanged: 2025-06-02\T0061_Tharuni_Guntur_213011.json (already backed up)
2025-06-04 00:28:41 - PRINT -    ⏭️  Skipping unchanged: 2025-06-02\T0061_Tharuni_Guntur_213712.json (already backed up)
2025-06-04 00:28:41 - PRINT -    ⏭️  Skipping unchanged: 2025-06-03\T0001_Coastal_Eluru_201211.json (already backed up)
2025-06-04 00:28:41 - PRINT -    ⏭️  Skipping unchanged: 2025-06-03\T0001_Tharuni_Guntur_004103.json (already backed up)
2025-06-04 00:28:41 - PRINT -    ⏭️  Skipping unchanged: 2025-06-03\T0002_Coastal_Eluru_201223.json (already backed up)
2025-06-04 00:28:41 - PRINT -    ⏭️  Skipping unchanged: 2025-06-03\T0002_Tharuni_Guntur_004306.json (already backed up)
2025-06-04 00:28:41 - PRINT -    ⏭️  Skipping unchanged: 2025-06-03\T0003_Coastal_Eluru_201158.json (already backed up)
2025-06-04 00:28:41 - PRINT -    ⏭️  Skipping unchanged: 2025-06-03\T0003_Tharuni_Guntur_010543.json (already backed up)
2025-06-04 00:28:41 - PRINT -    ⏭️  Skipping unchanged: 2025-06-03\T0003_Tharuni_Guntur_013442.json (already backed up)
2025-06-04 00:28:41 - PRINT -    ⏭️  Skipping unchanged: 2025-06-03\T0003_Tharuni_Guntur_014137.json (already backed up)
2025-06-04 00:28:41 - PRINT -    ⏭️  Skipping unchanged: 2025-06-03\T0004_Coastal_Eluru_233235.json (already backed up)
2025-06-04 00:28:41 - PRINT -    ⏭️  Skipping unchanged: 2025-06-03\T0004_Tharuni_Guntur_014118.json (already backed up)
2025-06-04 00:28:41 - PRINT -    ⏭️  Skipping unchanged: 2025-06-03\T0005_Coastal_Eluru_233248.json (already backed up)
2025-06-04 00:28:41 - PRINT -    ⏭️  Skipping unchanged: 2025-06-03\T0005_Tharuni_Guntur_014102.json (already backed up)
2025-06-04 00:28:41 - PRINT -    ⏭️  Skipping unchanged: 2025-06-03\T0006_Coastal_Eluru_233221.json (already backed up)
2025-06-04 00:28:41 - PRINT -    ⏭️  Skipping unchanged: 2025-06-03\T0008_Tharuni_Guntur_014831.json (already backed up)
2025-06-04 00:28:41 - PRINT -    ⏭️  Skipping unchanged: 2025-06-03\T0009_Tharuni_Guntur_014813.json (already backed up)
2025-06-04 00:28:41 - PRINT -    ⏭️  Skipping unchanged: 2025-06-03\T0010_Tharuni_Guntur_014852.json (already backed up)
2025-06-04 00:28:41 - PRINT -    ⏭️  Skipping unchanged: 2025-06-03\T0011_Tharuni_Guntur_014957.json (already backed up)
2025-06-04 00:28:41 - PRINT -    ⏭️  Skipping unchanged: 2025-06-03\T0012_Tharuni_Guntur_014945.json (already backed up)
2025-06-04 00:28:41 - PRINT -    ⏭️  Skipping unchanged: 2025-06-03\T0013_Tharuni_Guntur_023313.json (already backed up)
2025-06-04 00:28:41 - PRINT -    ⏭️  Skipping unchanged: 2025-06-03\T0014_Tharuni_Guntur_023254.json (already backed up)
2025-06-04 00:28:41 - PRINT -    ⏭️  Skipping unchanged: 2025-06-03\T0015_Tharuni_Guntur_024445.json (already backed up)
2025-06-04 00:28:41 - PRINT -    ⏭️  Skipping unchanged: 2025-06-03\T0016_Tharuni_Guntur_025144.json (already backed up)
2025-06-04 00:28:41 - PRINT -    ⏭️  Skipping unchanged: 2025-06-03\T0017_Tharuni_Guntur_025131.json (already backed up)
2025-06-04 00:28:41 - PRINT -    ⏭️  Skipping unchanged: 2025-06-03\T0018_Tharuni_Guntur_160140.json (already backed up)
2025-06-04 00:28:41 - PRINT -    ⏭️  Skipping unchanged: 2025-06-03\T0019_Tharuni_Guntur_160421.json (already backed up)
2025-06-04 00:28:41 - PRINT -    ⏭️  Skipping unchanged: 2025-06-03\T0020_Tharuni_Guntur_160434.json (already backed up)
2025-06-04 00:28:41 - PRINT -    ⏭️  Skipping unchanged: 2025-06-03\T0021_Tharuni_Guntur_160449.json (already backed up)
2025-06-04 00:28:41 - PRINT -    ⏭️  Skipping unchanged: 2025-06-03\T0022_Tharuni_Guntur_160355.json (already backed up)
2025-06-04 00:28:41 - PRINT -    ⏭️  Skipping unchanged: 2025-06-03\T0023_Tharuni_Guntur_161916.json (already backed up)
2025-06-04 00:28:41 - PRINT -    ⏭️  Skipping unchanged: 2025-06-03\T0024_Tharuni_Guntur_161930.json (already backed up)
2025-06-04 00:28:41 - PRINT -    ⏭️  Skipping unchanged: 2025-06-03\T0025_Tharuni_Guntur_161900.json (already backed up)
2025-06-04 00:28:41 - PRINT -    ⏭️  Skipping unchanged: 2025-06-03\T0026_Tharuni_Guntur_162501.json (already backed up)
2025-06-04 00:28:41 - PRINT -    ⏭️  Skipping unchanged: 2025-06-03\T0027_Tharuni_Guntur_162647.json (already backed up)
2025-06-04 00:28:41 - PRINT -    ⏭️  Skipping unchanged: 2025-06-03\T0028_Tharuni_Guntur_162935.json (already backed up)
2025-06-04 00:28:41 - PRINT -    ⏭️  Skipping unchanged: 2025-06-03\T0029_Tharuni_Guntur_165329.json (already backed up)
2025-06-04 00:28:41 - PRINT -    ⏭️  Skipping unchanged: 2025-06-03\T0030_Tharuni_Guntur_170059.json (already backed up)
2025-06-04 00:28:41 - PRINT -    ⏭️  Skipping unchanged: 2025-06-03\T0031_Coastal_Eluru_181617.json (already backed up)
2025-06-04 00:28:41 - PRINT -    ⏭️  Skipping unchanged: 2025-06-03\T0032_Coastal_Eluru_184025.json (already backed up)
2025-06-04 00:28:41 - PRINT -    ⏭️  Skipping unchanged: 2025-06-03\T0033_Coastal_Eluru_184904.json (already backed up)
2025-06-04 00:28:41 - PRINT -    ⏭️  Skipping unchanged: 2025-06-03\T0033_Coastal_Eluru_185930.json (already backed up)
2025-06-04 00:28:41 - PRINT -    ⏭️  Skipping unchanged: 2025-06-03\T0033_Coastal_Eluru_190441.json (already backed up)
2025-06-04 00:28:41 - PRINT -    ⏭️  Skipping unchanged: 2025-06-03\T0033_Coastal_Eluru_190914.json (already backed up)
2025-06-04 00:28:41 - PRINT -    ⏭️  Skipping unchanged: 2025-06-03\T0033_Coastal_Eluru_191241.json (already backed up)
2025-06-04 00:28:41 - PRINT -    ⏭️  Skipping unchanged: 2025-06-03\T0033_Coastal_Eluru_191518.json (already backed up)
2025-06-04 00:28:41 - PRINT -    ⏭️  Skipping unchanged: 2025-06-03\T0033_Coastal_Eluru_192748.json (already backed up)
2025-06-04 00:28:41 - PRINT -    ⏭️  Skipping unchanged: 2025-06-03\T0033_Coastal_Eluru_200917.json (already backed up)
2025-06-04 00:28:41 - PRINT -    ✅ Uploaded: 2025-06-04\T0007_Coastal_Eluru_002619.json
2025-06-04 00:28:42 - PRINT -    ✅ Uploaded: 2025-06-04\T0008_Coastal_Eluru_002604.json
2025-06-04 00:28:42 - PRINT -    ✅ Uploaded: 2025-06-04\T0009_Coastal_Eluru_002541.json
2025-06-04 00:28:42 - PRINT - 📊 JSON backups completed: 3/117 files uploaded
2025-06-04 00:28:42 - PRINT -    📊 JSON backups: 3/117 files uploaded
2025-06-04 00:28:42 - PRINT - 
3️⃣  REPORTS BACKUP
2025-06-04 00:28:42 - PRINT - 🔍 Looking for reports in: C:\Users\saait\Downloads\adex_nonlogin\advexe-fa064e14cc2125900dc230b01018a938253408bf\data\reports\2025-06-04
2025-06-04 00:28:42 - PRINT - 📊 Starting reports backup to: Coastal/Eluru/2025-06-04/reports/
2025-06-04 00:28:42 - PRINT -    ✅ Uploaded: Coastal_Eluru_T0007_AP04AP4444_002619.pdf
2025-06-04 00:28:43 - PRINT -    ✅ Uploaded: Coastal_Eluru_T0008_AP04AP4444_002604.pdf
2025-06-04 00:28:43 - PRINT -    ✅ Uploaded: Coastal_Eluru_T0009_AP04AP4444_002541.pdf
2025-06-04 00:28:43 - PRINT - 📊 Reports backup completed: 3/3 files uploaded
2025-06-04 00:28:43 - PRINT -    📊 Reports: 3/3 files uploaded
2025-06-04 00:28:43 - PRINT - 
================================================================================
2025-06-04 00:28:43 - PRINT - 🎯 BACKUP COMPLETED for Coastal - Eluru
2025-06-04 00:28:43 - PRINT - ⏱️  Duration: 3.0 seconds
2025-06-04 00:28:43 - PRINT - 📊 Total files: 7/122 uploaded
2025-06-04 00:28:43 - PRINT - 🖼️  Images: 1/2
2025-06-04 00:28:43 - PRINT - 📄 JSON: 3/117
2025-06-04 00:28:44 - PRINT - 📊 Reports: 3/3
2025-06-04 00:28:44 - PRINT - ✅ SUCCESS! All files backed up to cloud
2025-06-04 00:28:44 - PRINT - ☁️  Cloud location: gs://advitia-weighbridge-data/
2025-06-04 00:28:44 - PRINT -    📁 images: Coastal/Eluru/2025-06-04/images/
2025-06-04 00:28:44 - PRINT -    📁 json_backups: Coastal/Eluru/2025-06-04/json_backups/
2025-06-04 00:28:44 - PRINT -    📁 reports: Coastal/Eluru/2025-06-04/reports/
2025-06-04 00:28:44 - PRINT - ================================================================================
2025-06-04 00:28:44 - PRINT - Backup completed:
2025-06-04 00:28:44 - PRINT - Error during comprehensive backup: 'records_uploaded'
2025-06-04 00:28:44 - PRINT - 🚛 PENDING DEBUG: Refreshing pending vehicles list...
2025-06-04 00:28:44 - ERROR - 2025-06-04 00:28:44,012 - PendingVehiclesPanel - INFO - Refreshing pending vehicles list
2025-06-04 00:28:44 - ERROR - 2025-06-04 00:28:44,014 - DataManager - INFO - Successfully loaded 12 records from data\Coastal_Eluru_data.csv
2025-06-04 00:28:44 - PRINT - 🚛 PENDING DEBUG: Retrieved 12 total records
2025-06-04 00:28:44 - ERROR - 2025-06-04 00:28:44,016 - PendingVehiclesPanel - INFO - Retrieved 12 total records
2025-06-04 00:28:44 - PRINT - 🚛 PENDING DEBUG: Checking ticket T0031:
2025-06-04 00:28:44 - PRINT -    - first_weight: '32340.00' (has: True)
2025-06-04 00:28:44 - PRINT -    - first_timestamp: '03-06-2025 18:16:07' (has: True)
2025-06-04 00:28:44 - PRINT -    - second_weight: '14630.00' (has: True)
2025-06-04 00:28:44 - PRINT -    - second_timestamp: '03-06-2025 18:16:12' (has: True)
2025-06-04 00:28:44 - PRINT -    - has_first: True, missing_second: False
2025-06-04 00:28:44 - PRINT - 🚛 PENDING DEBUG: ⏭️  Skipped ticket T0031 - not pending
2025-06-04 00:28:44 - PRINT - 🚛 PENDING DEBUG: Checking ticket T0032:
2025-06-04 00:28:44 - PRINT -    - first_weight: '41900.00' (has: True)
2025-06-04 00:28:44 - PRINT -    - first_timestamp: '03-06-2025 18:40:02' (has: True)
2025-06-04 00:28:44 - PRINT -    - second_weight: '10350.00' (has: True)
2025-06-04 00:28:44 - PRINT -    - second_timestamp: '03-06-2025 18:40:19' (has: True)
2025-06-04 00:28:44 - PRINT -    - has_first: True, missing_second: False
2025-06-04 00:28:44 - PRINT - 🚛 PENDING DEBUG: ⏭️  Skipped ticket T0032 - not pending
2025-06-04 00:28:44 - PRINT - 🚛 PENDING DEBUG: Checking ticket T0033:
2025-06-04 00:28:44 - PRINT -    - first_weight: '21440.00' (has: True)
2025-06-04 00:28:44 - PRINT -    - first_timestamp: '03-06-2025 20:08:54' (has: True)
2025-06-04 00:28:44 - PRINT -    - second_weight: '8650.00' (has: True)
2025-06-04 00:28:44 - PRINT -    - second_timestamp: '03-06-2025 20:09:13' (has: True)
2025-06-04 00:28:44 - PRINT -    - has_first: True, missing_second: False
2025-06-04 00:28:44 - PRINT - 🚛 PENDING DEBUG: ⏭️  Skipped ticket T0033 - not pending
2025-06-04 00:28:44 - PRINT - 🚛 PENDING DEBUG: Checking ticket T0001:
2025-06-04 00:28:44 - PRINT -    - first_weight: '18310.00' (has: True)
2025-06-04 00:28:44 - PRINT -    - first_timestamp: '03-06-2025 20:11:03' (has: True)
2025-06-04 00:28:44 - PRINT -    - second_weight: '6050.00' (has: True)
2025-06-04 00:28:44 - PRINT -    - second_timestamp: '03-06-2025 20:12:07' (has: True)
2025-06-04 00:28:44 - PRINT -    - has_first: True, missing_second: False
2025-06-04 00:28:44 - PRINT - 🚛 PENDING DEBUG: ⏭️  Skipped ticket T0001 - not pending
2025-06-04 00:28:44 - PRINT - 🚛 PENDING DEBUG: Checking ticket T0002:
2025-06-04 00:28:44 - PRINT -    - first_weight: '15970.00' (has: True)
2025-06-04 00:28:44 - PRINT -    - first_timestamp: '03-06-2025 20:11:22' (has: True)
2025-06-04 00:28:44 - PRINT -    - second_weight: '5320.00' (has: True)
2025-06-04 00:28:44 - PRINT -    - second_timestamp: '03-06-2025 20:12:18' (has: True)
2025-06-04 00:28:44 - PRINT -    - has_first: True, missing_second: False
2025-06-04 00:28:44 - PRINT - 🚛 PENDING DEBUG: ⏭️  Skipped ticket T0002 - not pending
2025-06-04 00:28:44 - PRINT - 🚛 PENDING DEBUG: Checking ticket T0003:
2025-06-04 00:28:44 - PRINT -    - first_weight: '29910.00' (has: True)
2025-06-04 00:28:44 - PRINT -    - first_timestamp: '03-06-2025 20:11:44' (has: True)
2025-06-04 00:28:44 - PRINT -    - second_weight: '12080.00' (has: True)
2025-06-04 00:28:44 - PRINT -    - second_timestamp: '03-06-2025 20:11:54' (has: True)
2025-06-04 00:28:44 - PRINT -    - has_first: True, missing_second: False
2025-06-04 00:28:44 - PRINT - 🚛 PENDING DEBUG: ⏭️  Skipped ticket T0003 - not pending
2025-06-04 00:28:44 - PRINT - 🚛 PENDING DEBUG: Checking ticket T0004:
2025-06-04 00:28:44 - PRINT -    - first_weight: '16410.00' (has: True)
2025-06-04 00:28:44 - PRINT -    - first_timestamp: '03-06-2025 23:31:40' (has: True)
2025-06-04 00:28:44 - PRINT -    - second_weight: '12100.00' (has: True)
2025-06-04 00:28:44 - PRINT -    - second_timestamp: '03-06-2025 23:32:31' (has: True)
2025-06-04 00:28:44 - PRINT -    - has_first: True, missing_second: False
2025-06-04 00:28:44 - PRINT - 🚛 PENDING DEBUG: ⏭️  Skipped ticket T0004 - not pending
2025-06-04 00:28:44 - PRINT - 🚛 PENDING DEBUG: Checking ticket T0005:
2025-06-04 00:28:44 - PRINT -    - first_weight: '28940.00' (has: True)
2025-06-04 00:28:44 - PRINT -    - first_timestamp: '03-06-2025 23:31:54' (has: True)
2025-06-04 00:28:44 - PRINT -    - second_weight: '11150.00' (has: True)
2025-06-04 00:28:44 - PRINT -    - second_timestamp: '03-06-2025 23:32:43' (has: True)
2025-06-04 00:28:44 - PRINT -    - has_first: True, missing_second: False
2025-06-04 00:28:44 - PRINT - 🚛 PENDING DEBUG: ⏭️  Skipped ticket T0005 - not pending
2025-06-04 00:28:44 - PRINT - 🚛 PENDING DEBUG: Checking ticket T0006:
2025-06-04 00:28:44 - PRINT -    - first_weight: '18740.00' (has: True)
2025-06-04 00:28:44 - PRINT -    - first_timestamp: '03-06-2025 23:32:13' (has: True)
2025-06-04 00:28:44 - PRINT -    - second_weight: '8380.00' (has: True)
2025-06-04 00:28:44 - PRINT -    - second_timestamp: '03-06-2025 23:32:18' (has: True)
2025-06-04 00:28:44 - PRINT -    - has_first: True, missing_second: False
2025-06-04 00:28:44 - PRINT - 🚛 PENDING DEBUG: ⏭️  Skipped ticket T0006 - not pending
2025-06-04 00:28:44 - PRINT - 🚛 PENDING DEBUG: Checking ticket T0007:
2025-06-04 00:28:44 - PRINT -    - first_weight: '21910.00' (has: True)
2025-06-04 00:28:44 - PRINT -    - first_timestamp: '04-06-2025 00:24:28' (has: True)
2025-06-04 00:28:44 - PRINT -    - second_weight: '8430.00' (has: True)
2025-06-04 00:28:44 - PRINT -    - second_timestamp: '04-06-2025 00:26:14' (has: True)
2025-06-04 00:28:44 - PRINT -    - has_first: True, missing_second: False
2025-06-04 00:28:44 - PRINT - 🚛 PENDING DEBUG: ⏭️  Skipped ticket T0007 - not pending
2025-06-04 00:28:44 - PRINT - 🚛 PENDING DEBUG: Checking ticket T0008:
2025-06-04 00:28:44 - PRINT -    - first_weight: '21850.00' (has: True)
2025-06-04 00:28:44 - PRINT -    - first_timestamp: '04-06-2025 00:24:45' (has: True)
2025-06-04 00:28:44 - PRINT -    - second_weight: '10740.00' (has: True)
2025-06-04 00:28:44 - PRINT -    - second_timestamp: '04-06-2025 00:25:57' (has: True)
2025-06-04 00:28:44 - PRINT -    - has_first: True, missing_second: False
2025-06-04 00:28:44 - PRINT - 🚛 PENDING DEBUG: ⏭️  Skipped ticket T0008 - not pending
2025-06-04 00:28:44 - PRINT - 🚛 PENDING DEBUG: Checking ticket T0009:
2025-06-04 00:28:44 - PRINT -    - first_weight: '26090.00' (has: True)
2025-06-04 00:28:44 - PRINT -    - first_timestamp: '04-06-2025 00:25:02' (has: True)
2025-06-04 00:28:44 - PRINT -    - second_weight: '9330.00' (has: True)
2025-06-04 00:28:44 - PRINT -    - second_timestamp: '04-06-2025 00:25:16' (has: True)
2025-06-04 00:28:44 - PRINT -    - has_first: True, missing_second: False
2025-06-04 00:28:44 - PRINT - 🚛 PENDING DEBUG: ⏭️  Skipped ticket T0009 - not pending
2025-06-04 00:28:44 - PRINT - 🚛 PENDING DEBUG: Found 0 pending records
2025-06-04 00:28:44 - ERROR - 2025-06-04 00:28:44,100 - PendingVehiclesPanel - INFO - Found 0 pending records
2025-06-04 00:28:44 - PRINT - 🚛 PENDING DEBUG: ✅ Successfully refreshed pending list with 0 items
2025-06-04 00:28:44 - ERROR - 2025-06-04 00:28:44,102 - PendingVehiclesPanel - INFO - Successfully refreshed pending list with 0 items
2025-06-04 00:28:44 - PRINT - 🏆 Queue is now empty - all items synced successfully!
2025-06-04 00:28:48 - PRINT - ✅ Found data_manager from direct reference
2025-06-04 00:28:48 - ERROR - 2025-06-04 00:28:48,594 - DataManager - INFO - Found 117 JSON backup files for bulk upload
2025-06-04 00:29:44 - PRINT - 🚛 PENDING DEBUG: Refreshing pending vehicles list...
2025-06-04 00:29:44 - ERROR - 2025-06-04 00:29:44,108 - PendingVehiclesPanel - INFO - Refreshing pending vehicles list
2025-06-04 00:29:44 - ERROR - 2025-06-04 00:29:44,113 - DataManager - INFO - Successfully loaded 12 records from data\Coastal_Eluru_data.csv
2025-06-04 00:29:44 - PRINT - 🚛 PENDING DEBUG: Retrieved 12 total records
2025-06-04 00:29:44 - ERROR - 2025-06-04 00:29:44,115 - PendingVehiclesPanel - INFO - Retrieved 12 total records
2025-06-04 00:29:44 - PRINT - 🚛 PENDING DEBUG: Checking ticket T0031:
2025-06-04 00:29:44 - PRINT -    - first_weight: '32340.00' (has: True)
2025-06-04 00:29:44 - PRINT -    - first_timestamp: '03-06-2025 18:16:07' (has: True)
2025-06-04 00:29:44 - PRINT -    - second_weight: '14630.00' (has: True)
2025-06-04 00:29:44 - PRINT -    - second_timestamp: '03-06-2025 18:16:12' (has: True)
2025-06-04 00:29:44 - PRINT -    - has_first: True, missing_second: False
2025-06-04 00:29:44 - PRINT - 🚛 PENDING DEBUG: ⏭️  Skipped ticket T0031 - not pending
2025-06-04 00:29:44 - PRINT - 🚛 PENDING DEBUG: Checking ticket T0032:
2025-06-04 00:29:44 - PRINT -    - first_weight: '41900.00' (has: True)
2025-06-04 00:29:44 - PRINT -    - first_timestamp: '03-06-2025 18:40:02' (has: True)
2025-06-04 00:29:44 - PRINT -    - second_weight: '10350.00' (has: True)
2025-06-04 00:29:44 - PRINT -    - second_timestamp: '03-06-2025 18:40:19' (has: True)
2025-06-04 00:29:44 - PRINT -    - has_first: True, missing_second: False
2025-06-04 00:29:44 - PRINT - 🚛 PENDING DEBUG: ⏭️  Skipped ticket T0032 - not pending
2025-06-04 00:29:44 - PRINT - 🚛 PENDING DEBUG: Checking ticket T0033:
2025-06-04 00:29:44 - PRINT -    - first_weight: '21440.00' (has: True)
2025-06-04 00:29:44 - PRINT -    - first_timestamp: '03-06-2025 20:08:54' (has: True)
2025-06-04 00:29:44 - PRINT -    - second_weight: '8650.00' (has: True)
2025-06-04 00:29:44 - PRINT -    - second_timestamp: '03-06-2025 20:09:13' (has: True)
2025-06-04 00:29:44 - PRINT -    - has_first: True, missing_second: False
2025-06-04 00:29:44 - PRINT - 🚛 PENDING DEBUG: ⏭️  Skipped ticket T0033 - not pending
2025-06-04 00:29:44 - PRINT - 🚛 PENDING DEBUG: Checking ticket T0001:
2025-06-04 00:29:44 - PRINT -    - first_weight: '18310.00' (has: True)
2025-06-04 00:29:44 - PRINT -    - first_timestamp: '03-06-2025 20:11:03' (has: True)
2025-06-04 00:29:44 - PRINT -    - second_weight: '6050.00' (has: True)
2025-06-04 00:29:44 - PRINT -    - second_timestamp: '03-06-2025 20:12:07' (has: True)
2025-06-04 00:29:44 - PRINT -    - has_first: True, missing_second: False
2025-06-04 00:29:44 - PRINT - 🚛 PENDING DEBUG: ⏭️  Skipped ticket T0001 - not pending
2025-06-04 00:29:44 - PRINT - 🚛 PENDING DEBUG: Checking ticket T0002:
2025-06-04 00:29:44 - PRINT -    - first_weight: '15970.00' (has: True)
2025-06-04 00:29:44 - PRINT -    - first_timestamp: '03-06-2025 20:11:22' (has: True)
2025-06-04 00:29:44 - PRINT -    - second_weight: '5320.00' (has: True)
2025-06-04 00:29:44 - PRINT -    - second_timestamp: '03-06-2025 20:12:18' (has: True)
2025-06-04 00:29:44 - PRINT -    - has_first: True, missing_second: False
2025-06-04 00:29:44 - PRINT - 🚛 PENDING DEBUG: ⏭️  Skipped ticket T0002 - not pending
2025-06-04 00:29:44 - PRINT - 🚛 PENDING DEBUG: Checking ticket T0003:
2025-06-04 00:29:44 - PRINT -    - first_weight: '29910.00' (has: True)
2025-06-04 00:29:44 - PRINT -    - first_timestamp: '03-06-2025 20:11:44' (has: True)
2025-06-04 00:29:44 - PRINT -    - second_weight: '12080.00' (has: True)
2025-06-04 00:29:44 - PRINT -    - second_timestamp: '03-06-2025 20:11:54' (has: True)
2025-06-04 00:29:44 - PRINT -    - has_first: True, missing_second: False
2025-06-04 00:29:44 - PRINT - 🚛 PENDING DEBUG: ⏭️  Skipped ticket T0003 - not pending
2025-06-04 00:29:44 - PRINT - 🚛 PENDING DEBUG: Checking ticket T0004:
2025-06-04 00:29:44 - PRINT -    - first_weight: '16410.00' (has: True)
2025-06-04 00:29:44 - PRINT -    - first_timestamp: '03-06-2025 23:31:40' (has: True)
2025-06-04 00:29:44 - PRINT -    - second_weight: '12100.00' (has: True)
2025-06-04 00:29:44 - PRINT -    - second_timestamp: '03-06-2025 23:32:31' (has: True)
2025-06-04 00:29:44 - PRINT -    - has_first: True, missing_second: False
2025-06-04 00:29:44 - PRINT - 🚛 PENDING DEBUG: ⏭️  Skipped ticket T0004 - not pending
2025-06-04 00:29:44 - PRINT - 🚛 PENDING DEBUG: Checking ticket T0005:
2025-06-04 00:29:44 - PRINT -    - first_weight: '28940.00' (has: True)
2025-06-04 00:29:44 - PRINT -    - first_timestamp: '03-06-2025 23:31:54' (has: True)
2025-06-04 00:29:44 - PRINT -    - second_weight: '11150.00' (has: True)
2025-06-04 00:29:44 - PRINT -    - second_timestamp: '03-06-2025 23:32:43' (has: True)
2025-06-04 00:29:44 - PRINT -    - has_first: True, missing_second: False
2025-06-04 00:29:44 - PRINT - 🚛 PENDING DEBUG: ⏭️  Skipped ticket T0005 - not pending
2025-06-04 00:29:44 - PRINT - 🚛 PENDING DEBUG: Checking ticket T0006:
2025-06-04 00:29:44 - PRINT -    - first_weight: '18740.00' (has: True)
2025-06-04 00:29:44 - PRINT -    - first_timestamp: '03-06-2025 23:32:13' (has: True)
2025-06-04 00:29:44 - PRINT -    - second_weight: '8380.00' (has: True)
2025-06-04 00:29:44 - PRINT -    - second_timestamp: '03-06-2025 23:32:18' (has: True)
2025-06-04 00:29:44 - PRINT -    - has_first: True, missing_second: False
2025-06-04 00:29:44 - PRINT - 🚛 PENDING DEBUG: ⏭️  Skipped ticket T0006 - not pending
2025-06-04 00:29:44 - PRINT - 🚛 PENDING DEBUG: Checking ticket T0007:
2025-06-04 00:29:44 - PRINT -    - first_weight: '21910.00' (has: True)
2025-06-04 00:29:44 - PRINT -    - first_timestamp: '04-06-2025 00:24:28' (has: True)
2025-06-04 00:29:44 - PRINT -    - second_weight: '8430.00' (has: True)
2025-06-04 00:29:44 - PRINT -    - second_timestamp: '04-06-2025 00:26:14' (has: True)
2025-06-04 00:29:44 - PRINT -    - has_first: True, missing_second: False
2025-06-04 00:29:44 - PRINT - 🚛 PENDING DEBUG: ⏭️  Skipped ticket T0007 - not pending
2025-06-04 00:29:44 - PRINT - 🚛 PENDING DEBUG: Checking ticket T0008:
2025-06-04 00:29:44 - PRINT -    - first_weight: '21850.00' (has: True)
2025-06-04 00:29:44 - PRINT -    - first_timestamp: '04-06-2025 00:24:45' (has: True)
2025-06-04 00:29:44 - PRINT -    - second_weight: '10740.00' (has: True)
2025-06-04 00:29:44 - PRINT -    - second_timestamp: '04-06-2025 00:25:57' (has: True)
2025-06-04 00:29:44 - PRINT -    - has_first: True, missing_second: False
2025-06-04 00:29:44 - PRINT - 🚛 PENDING DEBUG: ⏭️  Skipped ticket T0008 - not pending
2025-06-04 00:29:44 - PRINT - 🚛 PENDING DEBUG: Checking ticket T0009:
2025-06-04 00:29:44 - PRINT -    - first_weight: '26090.00' (has: True)
2025-06-04 00:29:44 - PRINT -    - first_timestamp: '04-06-2025 00:25:02' (has: True)
2025-06-04 00:29:44 - PRINT -    - second_weight: '9330.00' (has: True)
2025-06-04 00:29:44 - PRINT -    - second_timestamp: '04-06-2025 00:25:16' (has: True)
2025-06-04 00:29:44 - PRINT -    - has_first: True, missing_second: False
2025-06-04 00:29:44 - PRINT - 🚛 PENDING DEBUG: ⏭️  Skipped ticket T0009 - not pending
2025-06-04 00:29:44 - PRINT - 🚛 PENDING DEBUG: Found 0 pending records
2025-06-04 00:29:44 - ERROR - 2025-06-04 00:29:44,227 - PendingVehiclesPanel - INFO - Found 0 pending records
2025-06-04 00:29:44 - PRINT - 🚛 PENDING DEBUG: ✅ Successfully refreshed pending list with 0 items
2025-06-04 00:29:44 - ERROR - 2025-06-04 00:29:44,229 - PendingVehiclesPanel - INFO - Successfully refreshed pending list with 0 items
2025-06-04 00:29:57 - PRINT - Saving settings on close...
2025-06-04 00:29:57 - PRINT - Saving weighbridge settings to: data\app_settings.json
2025-06-04 00:29:57 - PRINT - Settings to save: {'com_port': '', 'baud_rate': 2400, 'data_bits': 8, 'parity': 'None', 'stop_bits': 1.0, 'test_mode': True}
2025-06-04 00:29:57 - PRINT - Weighbridge settings saved successfully
2025-06-04 00:29:57 - PRINT - Weighbridge settings with test mode saved successfully
2025-06-04 00:29:57 - PRINT - Saving camera settings: {'front_camera_type': 'USB', 'front_camera_index': 0, 'front_rtsp_username': '', 'front_rtsp_password': '', 'front_rtsp_ip': '', 'front_rtsp_port': '554', 'front_rtsp_endpoint': '/stream1', 'front_http_username': '', 'front_http_password': '', 'front_http_ip': '', 'front_http_port': '80', 'front_http_endpoint': '/mjpeg', 'back_camera_type': 'USB', 'back_camera_index': 1, 'back_rtsp_username': '', 'back_rtsp_password': '', 'back_rtsp_ip': '', 'back_rtsp_port': '554', 'back_rtsp_endpoint': '/stream1', 'back_http_username': '', 'back_http_password': '', 'back_http_ip': '', 'back_http_port': '80', 'back_http_endpoint': '/mjpeg'}
2025-06-04 00:29:57 - PRINT - Saving camera settings to: data\app_settings.json
2025-06-04 00:29:57 - PRINT - Camera settings to save: {'front_camera_type': 'USB', 'front_camera_index': 0, 'front_rtsp_username': '', 'front_rtsp_password': '', 'front_rtsp_ip': '', 'front_rtsp_port': '554', 'front_rtsp_endpoint': '/stream1', 'front_http_username': '', 'front_http_password': '', 'front_http_ip': '', 'front_http_port': '80', 'front_http_endpoint': '/mjpeg', 'back_camera_type': 'USB', 'back_camera_index': 1, 'back_rtsp_username': '', 'back_rtsp_password': '', 'back_rtsp_ip': '', 'back_rtsp_port': '554', 'back_rtsp_endpoint': '/stream1', 'back_http_username': '', 'back_http_password': '', 'back_http_ip': '', 'back_http_port': '80', 'back_http_endpoint': '/mjpeg'}
2025-06-04 00:29:57 - PRINT - Camera settings saved successfully
2025-06-04 00:29:57 - PRINT - Camera settings saved to file
2025-06-04 00:29:57 - ERROR - 2025-06-04 00:29:57,780 - TharuniApp - INFO - Updating camera settings: {'front_camera_type': 'USB', 'front_camera_index': 0, 'front_rtsp_username': '', 'front_rtsp_password': '', 'front_rtsp_ip': '', 'front_rtsp_port': '554', 'front_rtsp_endpoint': '/stream1', 'front_http_username': '', 'front_http_password': '', 'front_http_ip': '', 'front_http_port': '80', 'front_http_endpoint': '/mjpeg', 'back_camera_type': 'USB', 'back_camera_index': 1, 'back_rtsp_username': '', 'back_rtsp_password': '', 'back_rtsp_ip': '', 'back_rtsp_port': '554', 'back_rtsp_endpoint': '/stream1', 'back_http_username': '', 'back_http_password': '', 'back_http_ip': '', 'back_http_port': '80', 'back_http_endpoint': '/mjpeg'}
2025-06-04 00:29:57 - PRINT - Updating robust camera settings: {'front_camera_type': 'USB', 'front_camera_index': 0, 'front_rtsp_username': '', 'front_rtsp_password': '', 'front_rtsp_ip': '', 'front_rtsp_port': '554', 'front_rtsp_endpoint': '/stream1', 'front_http_username': '', 'front_http_password': '', 'front_http_ip': '', 'front_http_port': '80', 'front_http_endpoint': '/mjpeg', 'back_camera_type': 'USB', 'back_camera_index': 1, 'back_rtsp_username': '', 'back_rtsp_password': '', 'back_rtsp_ip': '', 'back_rtsp_port': '554', 'back_rtsp_endpoint': '/stream1', 'back_http_username': '', 'back_http_password': '', 'back_http_ip': '', 'back_http_port': '80', 'back_http_endpoint': '/mjpeg'}
2025-06-04 00:29:57 - PRINT - Camera settings updated for robust feed system
2025-06-04 00:29:57 - PRINT - Saving camera settings to: data\app_settings.json
2025-06-04 00:29:57 - PRINT - Camera settings to save: {'front_camera_type': 'USB', 'front_camera_index': 0, 'front_rtsp_username': '', 'front_rtsp_password': '', 'front_rtsp_ip': '', 'front_rtsp_port': '554', 'front_rtsp_endpoint': '/stream1', 'front_http_username': '', 'front_http_password': '', 'front_http_ip': '', 'front_http_port': '80', 'front_http_endpoint': '/mjpeg', 'back_camera_type': 'USB', 'back_camera_index': 1, 'back_rtsp_username': '', 'back_rtsp_password': '', 'back_rtsp_ip': '', 'back_rtsp_port': '554', 'back_rtsp_endpoint': '/stream1', 'back_http_username': '', 'back_http_password': '', 'back_http_ip': '', 'back_http_port': '80', 'back_http_endpoint': '/mjpeg'}
2025-06-04 00:29:57 - PRINT - Camera settings saved successfully
2025-06-04 00:29:57 - ERROR - 2025-06-04 00:29:57,791 - TharuniApp - INFO - Camera settings saved for persistence
2025-06-04 00:29:57 - PRINT - Disconnected from weighbridge
2025-06-04 00:29:57 - PRINT - Settings saved on close
