2025-06-09 09:00:02 - PRINT - 📋 Unified logging initialized:
2025-06-09 09:00:02 - PRINT -    📄 Combined log: logs\combined_combined_2025-06-09.log
2025-06-09 09:00:02 - PRINT -    🖨️  Print log: logs\combined_prints_2025-06-09.log
2025-06-09 09:00:02 - PRINT -    📱 App log: logs\combined_app_2025-06-09.log
2025-06-09 09:00:02 - ERROR - 2025-06-09 09:00:02,734 - TharuniApp - INFO - ============================================================
2025-06-09 09:00:02 - ERROR - 2025-06-09 09:00:02,736 - TharuniApp - INFO - APPLICATION STARTUP
2025-06-09 09:00:02 - ERROR - 2025-06-09 09:00:02,738 - TharuniApp - INFO - ============================================================
2025-06-09 09:00:02 - PRINT - 📁 Unified folder structure initialized:
2025-06-09 09:00:02 - PRINT -    • Data: data
2025-06-09 09:00:02 - PRINT -    • Images: data\images
2025-06-09 09:00:02 - PRINT -    • Reports: data\reports
2025-06-09 09:00:02 - PRINT -    • JSON Backups: data\json_backups
2025-06-09 09:00:02 - PRINT - ❌ Error initializing cloud storage: File dummy was not found.
2025-06-09 09:00:02 - PRINT - 🧹 Cleaning images folder older than 10 days...
2025-06-09 09:00:02 - PRINT - 🧹 Cleaning json_backups folder older than 10 days...
2025-06-09 09:00:02 - PRINT -   ✓ Deleted old file: README.txt
2025-06-09 09:00:02 - PRINT - 🧹 Cleaning reports folder older than 10 days...
2025-06-09 09:00:02 - PRINT -   ✓ Deleted 2025-05-29 (13 files)
2025-06-09 09:00:02 - PRINT -   ✓ Deleted 2025-05-30 (26 files)
2025-06-09 09:00:02 - PRINT - Error reading backup tracking: 'CloudStorageService' object has no attribute 'backup_tracking_file'
2025-06-09 09:00:02 - PRINT - Error saving backup tracking: 'CloudStorageService' object has no attribute 'backup_tracking_file'
2025-06-09 09:00:02 - PRINT - 🧹 Cleanup completed:
2025-06-09 09:00:02 - PRINT -    Files deleted: 40
2025-06-09 09:00:02 - PRINT -    Folders cleaned: 2
2025-06-09 09:00:02 - PRINT - 🧹 Auto cleanup completed: 40 files deleted
2025-06-09 09:00:02 - PRINT - 🔒 OFFLINE-FIRST MODE ENABLED
2025-06-09 09:00:02 - PRINT -    • Records and PDFs saved locally first
2025-06-09 09:00:02 - PRINT -    • JSON backups created for complete records
2025-06-09 09:00:02 - PRINT -    • Cloud backup available via Settings > Backup
2025-06-09 09:00:02 - PRINT -    • No internet connection delays during regular saves
2025-06-09 09:00:02 - PRINT -    • Today's reports folder: data\reports\2025-06-09
2025-06-09 09:00:02 - PRINT -    • Today's JSON backups folder: data\json_backups\2025-06-09
2025-06-09 09:00:02 - PRINT -    • Auto cleanup: Keep 10 days, check every 1 day(s)
2025-06-09 09:00:02 - ERROR - 2025-06-09 09:00:02,819 - TharuniApp - INFO - Configuration setup completed
2025-06-09 09:00:02 - ERROR - 2025-06-09 09:00:02,822 - DataManager - INFO - DataManager initialized with OFFLINE-FIRST approach + JSON local storage
2025-06-09 09:00:02 - ERROR - 2025-06-09 09:00:02,824 - DataManager - INFO - CSV structure is up to date
2025-06-09 09:00:02 - ERROR - 2025-06-09 09:00:02,826 - DataManager - INFO - Daily PDF folder structure ready:
2025-06-09 09:00:02 - ERROR - 2025-06-09 09:00:02,827 - DataManager - INFO -   Base reports folder: data\reports
2025-06-09 09:00:02 - ERROR - 2025-06-09 09:00:02,829 - DataManager - INFO -   Today's folder: data\reports\2025-06-09
2025-06-09 09:00:02 - ERROR - 2025-06-09 09:00:02,831 - DataManager - INFO - Data file: data\weighbridge_data.csv
2025-06-09 09:00:02 - ERROR - 2025-06-09 09:00:02,833 - DataManager - INFO - Reports folder: data\reports
2025-06-09 09:00:02 - ERROR - 2025-06-09 09:00:02,835 - DataManager - INFO - JSON backup folder: data\json_backups
2025-06-09 09:00:02 - ERROR - 2025-06-09 09:00:02,837 - DataManager - INFO - PDF folder: data\reports\2025-06-09
2025-06-09 09:00:02 - ERROR - 2025-06-09 09:00:02,839 - DataManager - INFO - Cloud storage will only be initialized when backup is requested
2025-06-09 09:00:02 - ERROR - 2025-06-09 09:00:02,841 - TharuniApp - INFO - Data manager initialized
2025-06-09 09:00:02 - ERROR - 2025-06-09 09:00:02,844 - TharuniApp - INFO - Settings storage initialized
2025-06-09 09:00:02 - PRINT - Reading weighbridge settings from: data\app_settings.json
2025-06-09 09:00:02 - PRINT - Loaded weighbridge settings: {'com_port': '', 'baud_rate': 2400, 'data_bits': 8, 'parity': 'None', 'stop_bits': 1.0, 'test_mode': True}
2025-06-09 09:00:02 - PRINT - Reading camera settings from: data\app_settings.json
2025-06-09 09:00:02 - PRINT - Loaded camera settings: {'front_camera_type': 'USB', 'front_camera_index': 0, 'front_rtsp_username': '', 'front_rtsp_password': '', 'front_rtsp_ip': '', 'front_rtsp_port': '554', 'front_rtsp_endpoint': '/stream1', 'front_http_username': '', 'front_http_password': '', 'front_http_ip': '', 'front_http_port': '80', 'front_http_endpoint': '/mjpeg', 'back_camera_type': 'USB', 'back_camera_index': 1, 'back_rtsp_username': '', 'back_rtsp_password': '', 'back_rtsp_ip': '', 'back_rtsp_port': '554', 'back_rtsp_endpoint': '/stream1', 'back_http_username': '', 'back_http_password': '', 'back_http_ip': '', 'back_http_port': '80', 'back_http_endpoint': '/mjpeg'}
2025-06-09 09:00:02 - PRINT - Settings integrity check passed
2025-06-09 09:00:02 - ERROR - 2025-06-09 09:00:02,855 - TharuniApp - INFO - UI styles initialized
2025-06-09 09:00:02 - ERROR - 2025-06-09 09:00:02,856 - TharuniApp - INFO - Starting user authentication
2025-06-09 09:00:10 - ERROR - 2025-06-09 09:00:10,135 - TharuniApp - INFO - Authentication canceled - exiting application
2025-06-09 09:00:10 - ERROR - 2025-06-09 09:00:10,140 - TharuniApp - INFO - User authentication failed or canceled - exiting
2025-06-09 21:45:31 - PRINT - 📋 Unified logging initialized:
2025-06-09 21:45:31 - PRINT -    📄 Combined log: logs\combined_combined_2025-06-09.log
2025-06-09 21:45:31 - PRINT -    🖨️  Print log: logs\combined_prints_2025-06-09.log
2025-06-09 21:45:31 - PRINT -    📱 App log: logs\combined_app_2025-06-09.log
2025-06-09 21:45:31 - ERROR - 2025-06-09 21:45:31,741 - TharuniApp - INFO - ============================================================
2025-06-09 21:45:31 - ERROR - 2025-06-09 21:45:31,743 - TharuniApp - INFO - APPLICATION STARTUP
2025-06-09 21:45:31 - ERROR - 2025-06-09 21:45:31,744 - TharuniApp - INFO - ============================================================
2025-06-09 21:45:31 - PRINT - 📁 Unified folder structure initialized:
2025-06-09 21:45:31 - PRINT -    • Data: data
2025-06-09 21:45:31 - PRINT -    • Images: data\images
2025-06-09 21:45:31 - PRINT -    • Reports: data\reports
2025-06-09 21:45:31 - PRINT -    • JSON Backups: data\json_backups
2025-06-09 21:45:31 - PRINT - 🔒 OFFLINE-FIRST MODE ENABLED
2025-06-09 21:45:31 - PRINT -    • Records and PDFs saved locally first
2025-06-09 21:45:31 - PRINT -    • JSON backups created for complete records
2025-06-09 21:45:31 - PRINT -    • Cloud backup available via Settings > Backup
2025-06-09 21:45:31 - PRINT -    • No internet connection delays during regular saves
2025-06-09 21:45:31 - PRINT -    • Today's reports folder: data\reports\2025-06-09
2025-06-09 21:45:31 - PRINT -    • Today's JSON backups folder: data\json_backups\2025-06-09
2025-06-09 21:45:31 - PRINT -    • Auto cleanup: Keep 10 days, check every 1 day(s)
2025-06-09 21:45:31 - ERROR - 2025-06-09 21:45:31,769 - TharuniApp - INFO - Configuration setup completed
2025-06-09 21:45:31 - ERROR - 2025-06-09 21:45:31,771 - DataManager - INFO - DataManager initialized with OFFLINE-FIRST approach + JSON local storage
2025-06-09 21:45:31 - ERROR - 2025-06-09 21:45:31,774 - DataManager - INFO - CSV structure is up to date
2025-06-09 21:45:31 - ERROR - 2025-06-09 21:45:31,777 - DataManager - INFO - Daily PDF folder structure ready:
2025-06-09 21:45:31 - ERROR - 2025-06-09 21:45:31,778 - DataManager - INFO -   Base reports folder: data\reports
2025-06-09 21:45:31 - ERROR - 2025-06-09 21:45:31,780 - DataManager - INFO -   Today's folder: data\reports\2025-06-09
2025-06-09 21:45:31 - ERROR - 2025-06-09 21:45:31,782 - DataManager - INFO - Data file: data\weighbridge_data.csv
2025-06-09 21:45:31 - ERROR - 2025-06-09 21:45:31,783 - DataManager - INFO - Reports folder: data\reports
2025-06-09 21:45:31 - ERROR - 2025-06-09 21:45:31,784 - DataManager - INFO - JSON backup folder: data\json_backups
2025-06-09 21:45:31 - ERROR - 2025-06-09 21:45:31,785 - DataManager - INFO - PDF folder: data\reports\2025-06-09
2025-06-09 21:45:31 - ERROR - 2025-06-09 21:45:31,786 - DataManager - INFO - Cloud storage will only be initialized when backup is requested
2025-06-09 21:45:31 - ERROR - 2025-06-09 21:45:31,787 - TharuniApp - INFO - Data manager initialized
2025-06-09 21:45:31 - ERROR - 2025-06-09 21:45:31,801 - TharuniApp - INFO - Settings storage initialized
2025-06-09 21:45:31 - PRINT - Reading weighbridge settings from: data\app_settings.json
2025-06-09 21:45:31 - PRINT - Loaded weighbridge settings: {'com_port': '', 'baud_rate': 2400, 'data_bits': 8, 'parity': 'None', 'stop_bits': 1.0, 'test_mode': True}
2025-06-09 21:45:31 - PRINT - Reading camera settings from: data\app_settings.json
2025-06-09 21:45:31 - PRINT - Loaded camera settings: {'front_camera_type': 'USB', 'front_camera_index': 0, 'front_rtsp_username': '', 'front_rtsp_password': '', 'front_rtsp_ip': '', 'front_rtsp_port': '554', 'front_rtsp_endpoint': '/stream1', 'front_http_username': '', 'front_http_password': '', 'front_http_ip': '', 'front_http_port': '80', 'front_http_endpoint': '/mjpeg', 'back_camera_type': 'USB', 'back_camera_index': 1, 'back_rtsp_username': '', 'back_rtsp_password': '', 'back_rtsp_ip': '', 'back_rtsp_port': '554', 'back_rtsp_endpoint': '/stream1', 'back_http_username': '', 'back_http_password': '', 'back_http_ip': '', 'back_http_port': '80', 'back_http_endpoint': '/mjpeg'}
2025-06-09 21:45:31 - PRINT - Settings integrity check passed
2025-06-09 21:45:31 - ERROR - 2025-06-09 21:45:31,809 - TharuniApp - INFO - UI styles initialized
2025-06-09 21:45:31 - ERROR - 2025-06-09 21:45:31,810 - TharuniApp - INFO - Starting user authentication
2025-06-09 21:45:47 - ERROR - 2025-06-09 21:45:47,864 - TharuniApp - INFO - Authentication successful: admin
2025-06-09 21:45:47 - ERROR - 2025-06-09 21:45:47,865 - TharuniApp - INFO - User logged in: admin (Role: admin)
2025-06-09 21:45:47 - ERROR - 2025-06-09 21:45:47,866 - TharuniApp - INFO - Setting up data context
2025-06-09 21:45:47 - ERROR - 2025-06-09 21:45:47,869 - DataManager - INFO - CSV structure is up to date
2025-06-09 21:45:47 - ERROR - 2025-06-09 21:45:47,871 - DataManager - INFO - Data context set to: Agency='Coastal', Site='Eluru'
2025-06-09 21:45:47 - ERROR - 2025-06-09 21:45:47,872 - DataManager - INFO - Data file: data\Coastal_Eluru_data.csv
2025-06-09 21:45:47 - ERROR - 2025-06-09 21:45:47,874 - TharuniApp - INFO - Data context initialized: Agency='Coastal', Site='Eluru'
2025-06-09 21:45:47 - ERROR - 2025-06-09 21:45:47,875 - TharuniApp - INFO - Data will be saved to: data\Coastal_Eluru_data.csv
2025-06-09 21:45:47 - ERROR - 2025-06-09 21:45:47,877 - TharuniApp - INFO - PDFs will be saved to: data\reports\2025-06-09
2025-06-09 21:45:47 - ERROR - 2025-06-09 21:45:47,878 - TharuniApp - INFO - Creating application widgets
2025-06-09 21:45:47 - ERROR - 2025-06-09 21:45:47,886 - TharuniApp - INFO - Creating main panel
2025-06-09 21:45:47 - PRINT - 🎫 FORM DEBUG: Reserving next ticket number...
2025-06-09 21:45:47 - PRINT - 🎫 CONFIG DEBUG: Reserving next ticket number...
2025-06-09 21:45:47 - PRINT - 🎫 CONFIG DEBUG: Current ticket counter value: 101
2025-06-09 21:45:47 - PRINT - 🎫 CONFIG DEBUG: Reserved ticket number: T0101
2025-06-09 21:45:47 - PRINT - 🎫 FORM DEBUG: Reserved ticket number: T0101
2025-06-09 21:45:47 - ERROR - 2025-06-09 21:45:47,898 - FormValidator - INFO - FormValidator initialized
2025-06-09 21:45:47 - PRINT - ImageHandler initialized
2025-06-09 21:45:47 - ERROR - 2025-06-09 21:45:47,908 - DataManager - INFO - Successfully loaded 12 records from data\Coastal_Eluru_data.csv
2025-06-09 21:45:48 - PRINT - 🔍 Detecting available USB cameras...
2025-06-09 21:45:48 - PRINT - Error detecting cameras: type object 'RobustCameraView' has no attribute 'detect_available_cameras'
2025-06-09 21:45:48 - PRINT - Reading camera settings from: data\app_settings.json
2025-06-09 21:45:48 - PRINT - Loaded camera settings: {'front_camera_type': 'USB', 'front_camera_index': 0, 'front_rtsp_username': '', 'front_rtsp_password': '', 'front_rtsp_ip': '', 'front_rtsp_port': '554', 'front_rtsp_endpoint': '/stream1', 'front_http_username': '', 'front_http_password': '', 'front_http_ip': '', 'front_http_port': '80', 'front_http_endpoint': '/mjpeg', 'back_camera_type': 'USB', 'back_camera_index': 1, 'back_rtsp_username': '', 'back_rtsp_password': '', 'back_rtsp_ip': '', 'back_rtsp_port': '554', 'back_rtsp_endpoint': '/stream1', 'back_http_username': '', 'back_http_password': '', 'back_http_ip': '', 'back_http_port': '80', 'back_http_endpoint': '/mjpeg'}
2025-06-09 21:45:48 - PRINT - Front camera configured for USB index: 0
2025-06-09 21:45:48 - PRINT - Back camera configured for USB index: 1
2025-06-09 21:45:48 - PRINT - Camera settings loaded and applied to robust feed system
2025-06-09 21:45:48 - ERROR - 2025-06-09 21:45:48,590 - DataManager - INFO - Successfully loaded 12 records from data\Coastal_Eluru_data.csv
2025-06-09 21:45:48 - ERROR - 2025-06-09 21:45:48,591 - TharuniApp - INFO - Main form created
2025-06-09 21:45:48 - ERROR - 2025-06-09 21:45:48,594 - DataManager - INFO - CSV structure is up to date
2025-06-09 21:45:48 - ERROR - 2025-06-09 21:45:48,595 - DataManager - INFO - Data context set to: Agency='Coastal', Site='Eluru'
2025-06-09 21:45:48 - ERROR - 2025-06-09 21:45:48,596 - DataManager - INFO - Data file: data\Coastal_Eluru_data.csv
2025-06-09 21:45:48 - PRINT - Updated data context: Coastal_Eluru
2025-06-09 21:45:48 - ERROR - 2025-06-09 21:45:48,599 - DataManager - INFO - CSV structure is up to date
2025-06-09 21:45:48 - ERROR - 2025-06-09 21:45:48,600 - DataManager - INFO - Data context set to: Agency='Coastal', Site='Eluru'
2025-06-09 21:45:48 - ERROR - 2025-06-09 21:45:48,601 - DataManager - INFO - Data file: data\Coastal_Eluru_data.csv
2025-06-09 21:45:48 - PRINT - Updated data context: Coastal_Eluru
2025-06-09 21:45:48 - ERROR - 2025-06-09 21:45:48,603 - DataManager - INFO - CSV structure is up to date
2025-06-09 21:45:48 - ERROR - 2025-06-09 21:45:48,605 - DataManager - INFO - Data context set to: Agency='Coastal', Site='Eluru'
2025-06-09 21:45:48 - ERROR - 2025-06-09 21:45:48,606 - DataManager - INFO - Data file: data\Coastal_Eluru_data.csv
2025-06-09 21:45:48 - PRINT - Updated data context: Coastal_Eluru
2025-06-09 21:45:48 - ERROR - 2025-06-09 21:45:48,608 - PendingVehiclesPanel - INFO - PendingVehiclesPanel initialized
2025-06-09 21:45:48 - PRINT - 🚛 PENDING DEBUG: Refreshing pending vehicles list...
2025-06-09 21:45:48 - ERROR - 2025-06-09 21:45:48,615 - PendingVehiclesPanel - INFO - Refreshing pending vehicles list
2025-06-09 21:45:48 - ERROR - 2025-06-09 21:45:48,617 - DataManager - INFO - Successfully loaded 12 records from data\Coastal_Eluru_data.csv
2025-06-09 21:45:48 - PRINT - 🚛 PENDING DEBUG: Retrieved 12 total records
2025-06-09 21:45:48 - ERROR - 2025-06-09 21:45:48,619 - PendingVehiclesPanel - INFO - Retrieved 12 total records
2025-06-09 21:45:48 - PRINT - 🚛 PENDING DEBUG: Checking ticket T0031:
2025-06-09 21:45:48 - PRINT -    - first_weight: '32340.00' (has: True)
2025-06-09 21:45:48 - PRINT -    - first_timestamp: '03-06-2025 18:16:07' (has: True)
2025-06-09 21:45:48 - PRINT -    - second_weight: '14630.00' (has: True)
2025-06-09 21:45:48 - PRINT -    - second_timestamp: '03-06-2025 18:16:12' (has: True)
2025-06-09 21:45:48 - PRINT -    - has_first: True, missing_second: False
2025-06-09 21:45:48 - PRINT - 🚛 PENDING DEBUG: ⏭️  Skipped ticket T0031 - not pending
2025-06-09 21:45:48 - PRINT - 🚛 PENDING DEBUG: Checking ticket T0032:
2025-06-09 21:45:48 - PRINT -    - first_weight: '41900.00' (has: True)
2025-06-09 21:45:48 - PRINT -    - first_timestamp: '03-06-2025 18:40:02' (has: True)
2025-06-09 21:45:48 - PRINT -    - second_weight: '10350.00' (has: True)
2025-06-09 21:45:48 - PRINT -    - second_timestamp: '03-06-2025 18:40:19' (has: True)
2025-06-09 21:45:48 - PRINT -    - has_first: True, missing_second: False
2025-06-09 21:45:48 - PRINT - 🚛 PENDING DEBUG: ⏭️  Skipped ticket T0032 - not pending
2025-06-09 21:45:48 - PRINT - 🚛 PENDING DEBUG: Checking ticket T0033:
2025-06-09 21:45:48 - PRINT -    - first_weight: '21440.00' (has: True)
2025-06-09 21:45:48 - PRINT -    - first_timestamp: '03-06-2025 20:08:54' (has: True)
2025-06-09 21:45:48 - PRINT -    - second_weight: '8650.00' (has: True)
2025-06-09 21:45:48 - PRINT -    - second_timestamp: '03-06-2025 20:09:13' (has: True)
2025-06-09 21:45:48 - PRINT -    - has_first: True, missing_second: False
2025-06-09 21:45:48 - PRINT - 🚛 PENDING DEBUG: ⏭️  Skipped ticket T0033 - not pending
2025-06-09 21:45:48 - PRINT - 🚛 PENDING DEBUG: Checking ticket T0001:
2025-06-09 21:45:48 - PRINT -    - first_weight: '18310.00' (has: True)
2025-06-09 21:45:48 - PRINT -    - first_timestamp: '03-06-2025 20:11:03' (has: True)
2025-06-09 21:45:48 - PRINT -    - second_weight: '6050.00' (has: True)
2025-06-09 21:45:48 - PRINT -    - second_timestamp: '03-06-2025 20:12:07' (has: True)
2025-06-09 21:45:48 - PRINT -    - has_first: True, missing_second: False
2025-06-09 21:45:48 - PRINT - 🚛 PENDING DEBUG: ⏭️  Skipped ticket T0001 - not pending
2025-06-09 21:45:48 - PRINT - 🚛 PENDING DEBUG: Checking ticket T0002:
2025-06-09 21:45:48 - PRINT -    - first_weight: '15970.00' (has: True)
2025-06-09 21:45:48 - PRINT -    - first_timestamp: '03-06-2025 20:11:22' (has: True)
2025-06-09 21:45:48 - PRINT -    - second_weight: '5320.00' (has: True)
2025-06-09 21:45:48 - PRINT -    - second_timestamp: '03-06-2025 20:12:18' (has: True)
2025-06-09 21:45:48 - PRINT -    - has_first: True, missing_second: False
2025-06-09 21:45:48 - PRINT - 🚛 PENDING DEBUG: ⏭️  Skipped ticket T0002 - not pending
2025-06-09 21:45:48 - PRINT - 🚛 PENDING DEBUG: Checking ticket T0003:
2025-06-09 21:45:48 - PRINT -    - first_weight: '29910.00' (has: True)
2025-06-09 21:45:48 - PRINT -    - first_timestamp: '03-06-2025 20:11:44' (has: True)
2025-06-09 21:45:48 - PRINT -    - second_weight: '12080.00' (has: True)
2025-06-09 21:45:48 - PRINT -    - second_timestamp: '03-06-2025 20:11:54' (has: True)
2025-06-09 21:45:48 - PRINT -    - has_first: True, missing_second: False
2025-06-09 21:45:48 - PRINT - 🚛 PENDING DEBUG: ⏭️  Skipped ticket T0003 - not pending
2025-06-09 21:45:48 - PRINT - 🚛 PENDING DEBUG: Checking ticket T0004:
2025-06-09 21:45:48 - PRINT -    - first_weight: '16410.00' (has: True)
2025-06-09 21:45:48 - PRINT -    - first_timestamp: '03-06-2025 23:31:40' (has: True)
2025-06-09 21:45:48 - PRINT -    - second_weight: '12100.00' (has: True)
2025-06-09 21:45:48 - PRINT -    - second_timestamp: '03-06-2025 23:32:31' (has: True)
2025-06-09 21:45:48 - PRINT -    - has_first: True, missing_second: False
2025-06-09 21:45:48 - PRINT - 🚛 PENDING DEBUG: ⏭️  Skipped ticket T0004 - not pending
2025-06-09 21:45:48 - PRINT - 🚛 PENDING DEBUG: Checking ticket T0005:
2025-06-09 21:45:48 - PRINT -    - first_weight: '28940.00' (has: True)
2025-06-09 21:45:48 - PRINT -    - first_timestamp: '03-06-2025 23:31:54' (has: True)
2025-06-09 21:45:48 - PRINT -    - second_weight: '11150.00' (has: True)
2025-06-09 21:45:48 - PRINT -    - second_timestamp: '03-06-2025 23:32:43' (has: True)
2025-06-09 21:45:48 - PRINT -    - has_first: True, missing_second: False
2025-06-09 21:45:48 - PRINT - 🚛 PENDING DEBUG: ⏭️  Skipped ticket T0005 - not pending
2025-06-09 21:45:48 - PRINT - 🚛 PENDING DEBUG: Checking ticket T0006:
2025-06-09 21:45:48 - PRINT -    - first_weight: '18740.00' (has: True)
2025-06-09 21:45:48 - PRINT -    - first_timestamp: '03-06-2025 23:32:13' (has: True)
2025-06-09 21:45:48 - PRINT -    - second_weight: '8380.00' (has: True)
2025-06-09 21:45:48 - PRINT -    - second_timestamp: '03-06-2025 23:32:18' (has: True)
2025-06-09 21:45:48 - PRINT -    - has_first: True, missing_second: False
2025-06-09 21:45:48 - PRINT - 🚛 PENDING DEBUG: ⏭️  Skipped ticket T0006 - not pending
2025-06-09 21:45:48 - PRINT - 🚛 PENDING DEBUG: Checking ticket T0007:
2025-06-09 21:45:48 - PRINT -    - first_weight: '21910.00' (has: True)
2025-06-09 21:45:48 - PRINT -    - first_timestamp: '04-06-2025 00:24:28' (has: True)
2025-06-09 21:45:48 - PRINT -    - second_weight: '8430.00' (has: True)
2025-06-09 21:45:48 - PRINT -    - second_timestamp: '04-06-2025 00:26:14' (has: True)
2025-06-09 21:45:48 - PRINT -    - has_first: True, missing_second: False
2025-06-09 21:45:48 - PRINT - 🚛 PENDING DEBUG: ⏭️  Skipped ticket T0007 - not pending
2025-06-09 21:45:48 - PRINT - 🚛 PENDING DEBUG: Checking ticket T0008:
2025-06-09 21:45:48 - PRINT -    - first_weight: '21850.00' (has: True)
2025-06-09 21:45:48 - PRINT -    - first_timestamp: '04-06-2025 00:24:45' (has: True)
2025-06-09 21:45:48 - PRINT -    - second_weight: '10740.00' (has: True)
2025-06-09 21:45:48 - PRINT -    - second_timestamp: '04-06-2025 00:25:57' (has: True)
2025-06-09 21:45:48 - PRINT -    - has_first: True, missing_second: False
2025-06-09 21:45:48 - PRINT - 🚛 PENDING DEBUG: ⏭️  Skipped ticket T0008 - not pending
2025-06-09 21:45:48 - PRINT - 🚛 PENDING DEBUG: Checking ticket T0009:
2025-06-09 21:45:48 - PRINT -    - first_weight: '26090.00' (has: True)
2025-06-09 21:45:48 - PRINT -    - first_timestamp: '04-06-2025 00:25:02' (has: True)
2025-06-09 21:45:48 - PRINT -    - second_weight: '9330.00' (has: True)
2025-06-09 21:45:48 - PRINT -    - second_timestamp: '04-06-2025 00:25:16' (has: True)
2025-06-09 21:45:48 - PRINT -    - has_first: True, missing_second: False
2025-06-09 21:45:48 - PRINT - 🚛 PENDING DEBUG: ⏭️  Skipped ticket T0009 - not pending
2025-06-09 21:45:48 - PRINT - 🚛 PENDING DEBUG: Found 0 pending records
2025-06-09 21:45:48 - ERROR - 2025-06-09 21:45:48,700 - PendingVehiclesPanel - INFO - Found 0 pending records
2025-06-09 21:45:48 - PRINT - 🚛 PENDING DEBUG: ✅ Successfully refreshed pending list with 0 items
2025-06-09 21:45:48 - ERROR - 2025-06-09 21:45:48,702 - PendingVehiclesPanel - INFO - Successfully refreshed pending list with 0 items
2025-06-09 21:45:48 - ERROR - 2025-06-09 21:45:48,703 - TharuniApp - INFO - Pending vehicles panel created
2025-06-09 21:45:48 - ERROR - 2025-06-09 21:45:48,908 - TharuniApp - INFO - Main panel creation completed
2025-06-09 21:45:48 - ERROR - 2025-06-09 21:45:48,915 - TharuniApp - INFO - Summary panel created
2025-06-09 21:45:48 - PRINT - ❌ Could not find data_manager anywhere
2025-06-09 21:45:48 - PRINT - Available attributes in self:
2025-06-09 21:45:48 - PRINT - ['data_bits_var', 'find_data_manager']
2025-06-09 21:45:49 - PRINT - Loading saved settings...
2025-06-09 21:45:49 - PRINT - Reading weighbridge settings from: data\app_settings.json
2025-06-09 21:45:49 - PRINT - Loaded weighbridge settings: {'com_port': '', 'baud_rate': 2400, 'data_bits': 8, 'parity': 'None', 'stop_bits': 1.0, 'test_mode': True}
2025-06-09 21:45:49 - PRINT - WeighbridgeManager test mode set to: True
2025-06-09 21:45:49 - PRINT - Applied test mode True to weighbridge manager
2025-06-09 21:45:49 - PRINT - Loaded weighbridge settings with test mode: True
2025-06-09 21:45:49 - PRINT - Reading camera settings from: data\app_settings.json
2025-06-09 21:45:49 - PRINT - Loaded camera settings: {'front_camera_type': 'USB', 'front_camera_index': 0, 'front_rtsp_username': '', 'front_rtsp_password': '', 'front_rtsp_ip': '', 'front_rtsp_port': '554', 'front_rtsp_endpoint': '/stream1', 'front_http_username': '', 'front_http_password': '', 'front_http_ip': '', 'front_http_port': '80', 'front_http_endpoint': '/mjpeg', 'back_camera_type': 'USB', 'back_camera_index': 1, 'back_rtsp_username': '', 'back_rtsp_password': '', 'back_rtsp_ip': '', 'back_rtsp_port': '554', 'back_rtsp_endpoint': '/stream1', 'back_http_username': '', 'back_http_password': '', 'back_http_ip': '', 'back_http_port': '80', 'back_http_endpoint': '/mjpeg'}
2025-06-09 21:45:49 - PRINT - Loading camera settings: {'front_camera_type': 'USB', 'front_camera_index': 0, 'front_rtsp_username': '', 'front_rtsp_password': '', 'front_rtsp_ip': '', 'front_rtsp_port': '554', 'front_rtsp_endpoint': '/stream1', 'front_http_username': '', 'front_http_password': '', 'front_http_ip': '', 'front_http_port': '80', 'front_http_endpoint': '/mjpeg', 'back_camera_type': 'USB', 'back_camera_index': 1, 'back_rtsp_username': '', 'back_rtsp_password': '', 'back_rtsp_ip': '', 'back_rtsp_port': '554', 'back_rtsp_endpoint': '/stream1', 'back_http_username': '', 'back_http_password': '', 'back_http_ip': '', 'back_http_port': '80', 'back_http_endpoint': '/mjpeg'}
2025-06-09 21:45:49 - PRINT - Camera settings loaded successfully
2025-06-09 21:45:49 - PRINT - All settings loaded successfully
2025-06-09 21:45:49 - ERROR - 2025-06-09 21:45:49,140 - TharuniApp - INFO - ✅ Data manager reference set in settings panel
2025-06-09 21:45:49 - ERROR - 2025-06-09 21:45:49,141 - TharuniApp - INFO - Widget creation completed successfully
2025-06-09 21:45:49 - PRINT - 🚛 PENDING DEBUG: Refreshing pending vehicles list...
2025-06-09 21:45:49 - ERROR - 2025-06-09 21:45:49,143 - PendingVehiclesPanel - INFO - Refreshing pending vehicles list
2025-06-09 21:45:49 - ERROR - 2025-06-09 21:45:49,145 - DataManager - INFO - Successfully loaded 12 records from data\Coastal_Eluru_data.csv
2025-06-09 21:45:49 - PRINT - 🚛 PENDING DEBUG: Retrieved 12 total records
2025-06-09 21:45:49 - ERROR - 2025-06-09 21:45:49,147 - PendingVehiclesPanel - INFO - Retrieved 12 total records
2025-06-09 21:45:49 - PRINT - 🚛 PENDING DEBUG: Checking ticket T0031:
2025-06-09 21:45:49 - PRINT -    - first_weight: '32340.00' (has: True)
2025-06-09 21:45:49 - PRINT -    - first_timestamp: '03-06-2025 18:16:07' (has: True)
2025-06-09 21:45:49 - PRINT -    - second_weight: '14630.00' (has: True)
2025-06-09 21:45:49 - PRINT -    - second_timestamp: '03-06-2025 18:16:12' (has: True)
2025-06-09 21:45:49 - PRINT -    - has_first: True, missing_second: False
2025-06-09 21:45:49 - PRINT - 🚛 PENDING DEBUG: ⏭️  Skipped ticket T0031 - not pending
2025-06-09 21:45:49 - PRINT - 🚛 PENDING DEBUG: Checking ticket T0032:
2025-06-09 21:45:49 - PRINT -    - first_weight: '41900.00' (has: True)
2025-06-09 21:45:49 - PRINT -    - first_timestamp: '03-06-2025 18:40:02' (has: True)
2025-06-09 21:45:49 - PRINT -    - second_weight: '10350.00' (has: True)
2025-06-09 21:45:49 - PRINT -    - second_timestamp: '03-06-2025 18:40:19' (has: True)
2025-06-09 21:45:49 - PRINT -    - has_first: True, missing_second: False
2025-06-09 21:45:49 - PRINT - 🚛 PENDING DEBUG: ⏭️  Skipped ticket T0032 - not pending
2025-06-09 21:45:49 - PRINT - 🚛 PENDING DEBUG: Checking ticket T0033:
2025-06-09 21:45:49 - PRINT -    - first_weight: '21440.00' (has: True)
2025-06-09 21:45:49 - PRINT -    - first_timestamp: '03-06-2025 20:08:54' (has: True)
2025-06-09 21:45:49 - PRINT -    - second_weight: '8650.00' (has: True)
2025-06-09 21:45:49 - PRINT -    - second_timestamp: '03-06-2025 20:09:13' (has: True)
2025-06-09 21:45:49 - PRINT -    - has_first: True, missing_second: False
2025-06-09 21:45:49 - PRINT - 🚛 PENDING DEBUG: ⏭️  Skipped ticket T0033 - not pending
2025-06-09 21:45:49 - PRINT - 🚛 PENDING DEBUG: Checking ticket T0001:
2025-06-09 21:45:49 - PRINT -    - first_weight: '18310.00' (has: True)
2025-06-09 21:45:49 - PRINT -    - first_timestamp: '03-06-2025 20:11:03' (has: True)
2025-06-09 21:45:49 - PRINT -    - second_weight: '6050.00' (has: True)
2025-06-09 21:45:49 - PRINT -    - second_timestamp: '03-06-2025 20:12:07' (has: True)
2025-06-09 21:45:49 - PRINT -    - has_first: True, missing_second: False
2025-06-09 21:45:49 - PRINT - 🚛 PENDING DEBUG: ⏭️  Skipped ticket T0001 - not pending
2025-06-09 21:45:49 - PRINT - 🚛 PENDING DEBUG: Checking ticket T0002:
2025-06-09 21:45:49 - PRINT -    - first_weight: '15970.00' (has: True)
2025-06-09 21:45:49 - PRINT -    - first_timestamp: '03-06-2025 20:11:22' (has: True)
2025-06-09 21:45:49 - PRINT -    - second_weight: '5320.00' (has: True)
2025-06-09 21:45:49 - PRINT -    - second_timestamp: '03-06-2025 20:12:18' (has: True)
2025-06-09 21:45:49 - PRINT -    - has_first: True, missing_second: False
2025-06-09 21:45:49 - PRINT - 🚛 PENDING DEBUG: ⏭️  Skipped ticket T0002 - not pending
2025-06-09 21:45:49 - PRINT - 🚛 PENDING DEBUG: Checking ticket T0003:
2025-06-09 21:45:49 - PRINT -    - first_weight: '29910.00' (has: True)
2025-06-09 21:45:49 - PRINT -    - first_timestamp: '03-06-2025 20:11:44' (has: True)
2025-06-09 21:45:49 - PRINT -    - second_weight: '12080.00' (has: True)
2025-06-09 21:45:49 - PRINT -    - second_timestamp: '03-06-2025 20:11:54' (has: True)
2025-06-09 21:45:49 - PRINT -    - has_first: True, missing_second: False
2025-06-09 21:45:49 - PRINT - 🚛 PENDING DEBUG: ⏭️  Skipped ticket T0003 - not pending
2025-06-09 21:45:49 - PRINT - 🚛 PENDING DEBUG: Checking ticket T0004:
2025-06-09 21:45:49 - PRINT -    - first_weight: '16410.00' (has: True)
2025-06-09 21:45:49 - PRINT -    - first_timestamp: '03-06-2025 23:31:40' (has: True)
2025-06-09 21:45:49 - PRINT -    - second_weight: '12100.00' (has: True)
2025-06-09 21:45:49 - PRINT -    - second_timestamp: '03-06-2025 23:32:31' (has: True)
2025-06-09 21:45:49 - PRINT -    - has_first: True, missing_second: False
2025-06-09 21:45:49 - PRINT - 🚛 PENDING DEBUG: ⏭️  Skipped ticket T0004 - not pending
2025-06-09 21:45:49 - PRINT - 🚛 PENDING DEBUG: Checking ticket T0005:
2025-06-09 21:45:49 - PRINT -    - first_weight: '28940.00' (has: True)
2025-06-09 21:45:49 - PRINT -    - first_timestamp: '03-06-2025 23:31:54' (has: True)
2025-06-09 21:45:49 - PRINT -    - second_weight: '11150.00' (has: True)
2025-06-09 21:45:49 - PRINT -    - second_timestamp: '03-06-2025 23:32:43' (has: True)
2025-06-09 21:45:49 - PRINT -    - has_first: True, missing_second: False
2025-06-09 21:45:49 - PRINT - 🚛 PENDING DEBUG: ⏭️  Skipped ticket T0005 - not pending
2025-06-09 21:45:49 - PRINT - 🚛 PENDING DEBUG: Checking ticket T0006:
2025-06-09 21:45:49 - PRINT -    - first_weight: '18740.00' (has: True)
2025-06-09 21:45:49 - PRINT -    - first_timestamp: '03-06-2025 23:32:13' (has: True)
2025-06-09 21:45:49 - PRINT -    - second_weight: '8380.00' (has: True)
2025-06-09 21:45:49 - PRINT -    - second_timestamp: '03-06-2025 23:32:18' (has: True)
2025-06-09 21:45:49 - PRINT -    - has_first: True, missing_second: False
2025-06-09 21:45:49 - PRINT - 🚛 PENDING DEBUG: ⏭️  Skipped ticket T0006 - not pending
2025-06-09 21:45:49 - PRINT - 🚛 PENDING DEBUG: Checking ticket T0007:
2025-06-09 21:45:49 - PRINT -    - first_weight: '21910.00' (has: True)
2025-06-09 21:45:49 - PRINT -    - first_timestamp: '04-06-2025 00:24:28' (has: True)
2025-06-09 21:45:49 - PRINT -    - second_weight: '8430.00' (has: True)
2025-06-09 21:45:49 - PRINT -    - second_timestamp: '04-06-2025 00:26:14' (has: True)
2025-06-09 21:45:49 - PRINT -    - has_first: True, missing_second: False
2025-06-09 21:45:49 - PRINT - 🚛 PENDING DEBUG: ⏭️  Skipped ticket T0007 - not pending
2025-06-09 21:45:49 - PRINT - 🚛 PENDING DEBUG: Checking ticket T0008:
2025-06-09 21:45:49 - PRINT -    - first_weight: '21850.00' (has: True)
2025-06-09 21:45:49 - PRINT -    - first_timestamp: '04-06-2025 00:24:45' (has: True)
2025-06-09 21:45:49 - PRINT -    - second_weight: '10740.00' (has: True)
2025-06-09 21:45:49 - PRINT -    - second_timestamp: '04-06-2025 00:25:57' (has: True)
2025-06-09 21:45:49 - PRINT -    - has_first: True, missing_second: False
2025-06-09 21:45:49 - PRINT - 🚛 PENDING DEBUG: ⏭️  Skipped ticket T0008 - not pending
2025-06-09 21:45:49 - PRINT - 🚛 PENDING DEBUG: Checking ticket T0009:
2025-06-09 21:45:49 - PRINT -    - first_weight: '26090.00' (has: True)
2025-06-09 21:45:49 - PRINT -    - first_timestamp: '04-06-2025 00:25:02' (has: True)
2025-06-09 21:45:49 - PRINT -    - second_weight: '9330.00' (has: True)
2025-06-09 21:45:49 - PRINT -    - second_timestamp: '04-06-2025 00:25:16' (has: True)
2025-06-09 21:45:49 - PRINT -    - has_first: True, missing_second: False
2025-06-09 21:45:49 - PRINT - 🚛 PENDING DEBUG: ⏭️  Skipped ticket T0009 - not pending
2025-06-09 21:45:49 - PRINT - 🚛 PENDING DEBUG: Found 0 pending records
2025-06-09 21:45:49 - ERROR - 2025-06-09 21:45:49,225 - PendingVehiclesPanel - INFO - Found 0 pending records
2025-06-09 21:45:49 - PRINT - 🚛 PENDING DEBUG: ✅ Successfully refreshed pending list with 0 items
2025-06-09 21:45:49 - ERROR - 2025-06-09 21:45:49,227 - PendingVehiclesPanel - INFO - Successfully refreshed pending list with 0 items
2025-06-09 21:45:49 - ERROR - 2025-06-09 21:45:49,228 - DataManager - INFO - Created new daily folder: data\reports\09-06
2025-06-09 21:45:49 - PRINT - 📂 Loaded 0 items from queue file
2025-06-09 21:45:49 - PRINT - 📥 Queue initialized with 0 items
2025-06-09 21:45:49 - PRINT - 🚀 Fast sync manager initialized with parallel processing
2025-06-09 21:45:49 - PRINT - 🔍 Connectivity checker started (silent mode)
2025-06-09 21:45:49 - PRINT - 🎛️ Enhanced connectivity UI initialized with fast sync (silent mode)
2025-06-09 21:45:49 - PRINT - 🔄 Connectivity changed: 🌐 ONLINE
2025-06-09 21:45:49 - PRINT - ✅ Enhanced FAST connectivity added to app
2025-06-09 21:45:49 - ERROR - 2025-06-09 21:45:49,241 - TharuniApp - INFO - Application initialization completed successfully
2025-06-09 21:45:49 - PRINT - 🔄 Connectivity status changed: 🌐 Online
2025-06-09 21:45:49 - PRINT - 🌐 Internet connection detected - queue is empty
2025-06-09 21:45:50 - ERROR - 2025-06-09 21:45:50,155 - TharuniApp - INFO - Ensuring settings persistence...
2025-06-09 21:45:50 - PRINT - Reading weighbridge settings from: data\app_settings.json
2025-06-09 21:45:50 - PRINT - Loaded weighbridge settings: {'com_port': '', 'baud_rate': 2400, 'data_bits': 8, 'parity': 'None', 'stop_bits': 1.0, 'test_mode': True}
2025-06-09 21:45:50 - PRINT - Reading camera settings from: data\app_settings.json
2025-06-09 21:45:50 - PRINT - Loaded camera settings: {'front_camera_type': 'USB', 'front_camera_index': 0, 'front_rtsp_username': '', 'front_rtsp_password': '', 'front_rtsp_ip': '', 'front_rtsp_port': '554', 'front_rtsp_endpoint': '/stream1', 'front_http_username': '', 'front_http_password': '', 'front_http_ip': '', 'front_http_port': '80', 'front_http_endpoint': '/mjpeg', 'back_camera_type': 'USB', 'back_camera_index': 1, 'back_rtsp_username': '', 'back_rtsp_password': '', 'back_rtsp_ip': '', 'back_rtsp_port': '554', 'back_rtsp_endpoint': '/stream1', 'back_http_username': '', 'back_http_password': '', 'back_http_ip': '', 'back_http_port': '80', 'back_http_endpoint': '/mjpeg'}
2025-06-09 21:45:50 - PRINT - Settings integrity check passed
2025-06-09 21:45:50 - PRINT - Reading weighbridge settings from: data\app_settings.json
2025-06-09 21:45:50 - PRINT - Loaded weighbridge settings: {'com_port': '', 'baud_rate': 2400, 'data_bits': 8, 'parity': 'None', 'stop_bits': 1.0, 'test_mode': True}
2025-06-09 21:45:50 - ERROR - 2025-06-09 21:45:50,175 - TharuniApp - INFO - Settings persistence check completed
2025-06-09 21:45:55 - ERROR - 2025-06-09 21:45:55,277 - DataManager - INFO - Successfully loaded 12 records from data\Coastal_Eluru_data.csv
2025-06-09 21:45:55 - ERROR - 2025-06-09 21:45:55,311 - DataManager - INFO - Successfully loaded 12 records from data\Coastal_Eluru_data.csv
2025-06-09 21:45:55 - ERROR - 2025-06-09 21:45:55,314 - DataManager - INFO - Successfully loaded 12 records from data\Coastal_Eluru_data.csv
2025-06-09 21:45:56 - ERROR - 2025-06-09 21:45:56,481 - DataManager - INFO - Successfully loaded 12 records from data\Coastal_Eluru_data.csv
2025-06-09 21:45:56 - ERROR - 2025-06-09 21:45:56,487 - DataManager - INFO - Successfully loaded 12 records from data\Coastal_Eluru_data.csv
2025-06-09 21:45:57 - PRINT - Capture weight called
2025-06-09 21:45:57 - PRINT - Checking test mode...
2025-06-09 21:45:57 - PRINT - Could not find main app after 8 attempts
2025-06-09 21:45:57 - PRINT - Creating new SettingsStorage instance
2025-06-09 21:45:57 - PRINT - Reading weighbridge settings from: data\app_settings.json
2025-06-09 21:45:57 - PRINT - Loaded weighbridge settings: {'com_port': '', 'baud_rate': 2400, 'data_bits': 8, 'parity': 'None', 'stop_bits': 1.0, 'test_mode': True}
2025-06-09 21:45:57 - PRINT - Test mode from settings storage: True
2025-06-09 21:45:57 - PRINT - Test mode is enabled - generating random weight
2025-06-09 21:45:57 - PRINT - Generating weight for first weighment
2025-06-09 21:45:57 - PRINT - First weighment - generated: 31470.008851118215
2025-06-09 21:45:57 - PRINT - Generated random weight: 31470.0 kg
2025-06-09 21:45:57 - PRINT - Processing captured weight: 31470.0
2025-06-09 21:45:57 - PRINT - Checking test mode...
2025-06-09 21:45:57 - PRINT - Could not find main app after 8 attempts
2025-06-09 21:45:57 - PRINT - Creating new SettingsStorage instance
2025-06-09 21:45:57 - PRINT - Reading weighbridge settings from: data\app_settings.json
2025-06-09 21:45:57 - PRINT - Loaded weighbridge settings: {'com_port': '', 'baud_rate': 2400, 'data_bits': 8, 'parity': 'None', 'stop_bits': 1.0, 'test_mode': True}
2025-06-09 21:45:57 - PRINT - Test mode from settings storage: True
2025-06-09 21:45:58 - ERROR - 2025-06-09 21:45:58,847 - DataManager - INFO - Successfully loaded 12 records from data\Coastal_Eluru_data.csv
2025-06-09 21:45:58 - ERROR - 2025-06-09 21:45:58,849 - DataManager - INFO - Successfully loaded 12 records from data\Coastal_Eluru_data.csv
2025-06-09 21:45:58 - ERROR - 2025-06-09 21:45:58,922 - DataManager - INFO - Successfully loaded 12 records from data\Coastal_Eluru_data.csv
2025-06-09 21:46:00 - PRINT - Capture weight called
2025-06-09 21:46:00 - PRINT - Checking test mode...
2025-06-09 21:46:00 - PRINT - Could not find main app after 8 attempts
2025-06-09 21:46:00 - PRINT - Creating new SettingsStorage instance
2025-06-09 21:46:00 - PRINT - Reading weighbridge settings from: data\app_settings.json
2025-06-09 21:46:00 - PRINT - Loaded weighbridge settings: {'com_port': '', 'baud_rate': 2400, 'data_bits': 8, 'parity': 'None', 'stop_bits': 1.0, 'test_mode': True}
2025-06-09 21:46:00 - PRINT - Test mode from settings storage: True
2025-06-09 21:46:00 - PRINT - Test mode is enabled - generating random weight
2025-06-09 21:46:00 - PRINT - Generating weight for second weighment
2025-06-09 21:46:00 - PRINT - Second weighment - generated: 9115.798133315471
2025-06-09 21:46:00 - PRINT - Generated random weight: 9120.0 kg
2025-06-09 21:46:00 - PRINT - Processing captured weight: 9120.0
2025-06-09 21:46:00 - PRINT - Checking test mode...
2025-06-09 21:46:00 - PRINT - Could not find main app after 8 attempts
2025-06-09 21:46:00 - PRINT - Creating new SettingsStorage instance
2025-06-09 21:46:00 - PRINT - Reading weighbridge settings from: data\app_settings.json
2025-06-09 21:46:00 - PRINT - Loaded weighbridge settings: {'com_port': '', 'baud_rate': 2400, 'data_bits': 8, 'parity': 'None', 'stop_bits': 1.0, 'test_mode': True}
2025-06-09 21:46:00 - PRINT - Test mode from settings storage: True
2025-06-09 21:46:00 - ERROR - 2025-06-09 21:46:00,898 - DataManager - INFO - Successfully loaded 12 records from data\Coastal_Eluru_data.csv
2025-06-09 21:46:00 - ERROR - 2025-06-09 21:46:00,900 - DataManager - INFO - Successfully loaded 12 records from data\Coastal_Eluru_data.csv
2025-06-09 21:46:00 - ERROR - 2025-06-09 21:46:00,992 - DataManager - INFO - Successfully loaded 12 records from data\Coastal_Eluru_data.csv
2025-06-09 21:46:03 - ERROR - 2025-06-09 21:46:03,796 - TharuniApp - INFO - ==================================================
2025-06-09 21:46:03 - ERROR - 2025-06-09 21:46:03,801 - TharuniApp - INFO - SAVE RECORD OPERATION STARTED WITH SMART TICKET FLOW
2025-06-09 21:46:03 - ERROR - 2025-06-09 21:46:03,805 - FormValidator - INFO - Starting comprehensive form validation
2025-06-09 21:46:03 - ERROR - 2025-06-09 21:46:03,809 - FormValidator - INFO - Validating basic fields
2025-06-09 21:46:03 - ERROR - 2025-06-09 21:46:03,812 - FormValidator - INFO - Field values: ticket='T0101', vehicle='AP04AP4444', agency='Coastal'
2025-06-09 21:46:03 - ERROR - 2025-06-09 21:46:03,813 - FormValidator - INFO - Basic validation passed
2025-06-09 21:46:03 - ERROR - 2025-06-09 21:46:03,815 - FormValidator - INFO - Validating weighment data
2025-06-09 21:46:03 - ERROR - 2025-06-09 21:46:03,816 - FormValidator - INFO - Weighment data: first_weight='31470.00', first_timestamp='09-06-2025 21:45:57', second_weight='9120.00', second_timestamp='09-06-2025 21:46:00'
2025-06-09 21:46:03 - ERROR - 2025-06-09 21:46:03,817 - FormValidator - INFO - Weighment validation passed
2025-06-09 21:46:03 - ERROR - 2025-06-09 21:46:03,819 - FormValidator - INFO - Validating images for second weighment
2025-06-09 21:46:03 - ERROR - 2025-06-09 21:46:03,820 - FormValidator - INFO - Images validation for second: front=False, back=False
2025-06-09 21:46:05 - ERROR - 2025-06-09 21:46:05,579 - DataManager - INFO - Successfully loaded 12 records from data\Coastal_Eluru_data.csv
2025-06-09 21:46:05 - ERROR - 2025-06-09 21:46:05,581 - DataManager - INFO - Successfully loaded 12 records from data\Coastal_Eluru_data.csv
2025-06-09 21:46:05 - ERROR - 2025-06-09 21:46:05,587 - FormValidator - INFO - User chose to continue without images
2025-06-09 21:46:05 - ERROR - 2025-06-09 21:46:05,588 - FormValidator - INFO - Form validation passed successfully
2025-06-09 21:46:05 - PRINT - Get all image filenames returning: {'first_front_image': '', 'first_back_image': '', 'second_front_image': '', 'second_back_image': ''}
2025-06-09 21:46:05 - PRINT - DEBUG - User name var: 'admin'
2025-06-09 21:46:05 - PRINT - DEBUG - Site incharge var: 'Vishnu'
2025-06-09 21:46:05 - PRINT - DEBUG - Net weight var: '22350.00'
2025-06-09 21:46:05 - PRINT - DEBUG - Final data user_name: 'admin'
2025-06-09 21:46:05 - PRINT - DEBUG - Final data site_incharge: 'Vishnu'
2025-06-09 21:46:05 - PRINT - DEBUG - Final data net_weight: '22350.00'
2025-06-09 21:46:05 - PRINT - 🎫 TICKET FLOW DEBUG: Starting save for ticket: T0101
2025-06-09 21:46:05 - ERROR - 2025-06-09 21:46:05,597 - TharuniApp - INFO - Saving record for ticket: T0101
2025-06-09 21:46:05 - ERROR - 2025-06-09 21:46:05,598 - DataManager - INFO - Successfully loaded 12 records from data\Coastal_Eluru_data.csv
2025-06-09 21:46:05 - ERROR - 2025-06-09 21:46:05,599 - DataManager - INFO - Filtered 12 records to 0 using filter: 't0101'
2025-06-09 21:46:05 - PRINT - 🎫 TICKET FLOW DEBUG: This is a NEW record: T0101
2025-06-09 21:46:05 - ERROR - 2025-06-09 21:46:05,601 - TharuniApp - INFO - Adding new record: T0101
2025-06-09 21:46:05 - ERROR - 2025-06-09 21:46:05,602 - TharuniApp - INFO - Calling data_manager.save_record for T0101
2025-06-09 21:46:05 - ERROR - 2025-06-09 21:46:05,603 - DataManager - INFO - ==================================================
2025-06-09 21:46:05 - ERROR - 2025-06-09 21:46:05,604 - DataManager - INFO - STARTING OFFLINE-FIRST RECORD SAVE
2025-06-09 21:46:05 - ERROR - 2025-06-09 21:46:05,605 - DataManager - INFO - Input data keys: ['date', 'time', 'site_name', 'agency_name', 'material', 'ticket_no', 'vehicle_no', 'transfer_party_name', 'first_weight', 'first_timestamp', 'second_weight', 'second_timestamp', 'net_weight', 'material_type', 'first_front_image', 'first_back_image', 'second_front_image', 'second_back_image', 'site_incharge', 'user_name']
2025-06-09 21:46:05 - ERROR - 2025-06-09 21:46:05,607 - DataManager - INFO - Net weight calculated: 31470.0 - 9120.0 = 22350.00
2025-06-09 21:46:05 - ERROR - 2025-06-09 21:46:05,608 - DataManager - INFO - Using data file: data\Coastal_Eluru_data.csv
2025-06-09 21:46:05 - ERROR - 2025-06-09 21:46:05,609 - DataManager - INFO - Successfully loaded 12 records from data\Coastal_Eluru_data.csv
2025-06-09 21:46:05 - ERROR - 2025-06-09 21:46:05,610 - DataManager - INFO - Filtered 12 records to 0 using filter: 't0101'
2025-06-09 21:46:05 - ERROR - 2025-06-09 21:46:05,611 - DataManager - INFO - Adding new record: T0101
2025-06-09 21:46:05 - ERROR - 2025-06-09 21:46:05,612 - DataManager - INFO - Adding new record to CSV
2025-06-09 21:46:05 - ERROR - 2025-06-09 21:46:05,613 - DataManager - INFO - Record data: ['09-06-2025', '21:46:05', 'Eluru', 'Coastal', 'Inert', 'T0101', 'AP04AP4444', 'Coromandel', '31470.00', '09-06-2025 21:45:57', '9120.00', '09-06-2025 21:46:00', '22350.00', 'Inert', '', '', '', '', 'Vishnu', 'admin']
2025-06-09 21:46:05 - ERROR - 2025-06-09 21:46:05,615 - DataManager - INFO - ✅ New record added to data\Coastal_Eluru_data.csv
2025-06-09 21:46:05 - ERROR - 2025-06-09 21:46:05,616 - DataManager - INFO - ✅ Record T0101 saved to local CSV successfully
2025-06-09 21:46:05 - ERROR - 2025-06-09 21:46:05,617 - DataManager - INFO - Weighment analysis:
2025-06-09 21:46:05 - ERROR - 2025-06-09 21:46:05,619 - DataManager - INFO -   - Has first weighment: True
2025-06-09 21:46:05 - ERROR - 2025-06-09 21:46:05,621 - DataManager - INFO -   - Has second weighment: True
2025-06-09 21:46:05 - ERROR - 2025-06-09 21:46:05,622 - DataManager - INFO -   - Is first weighment save: False
2025-06-09 21:46:05 - ERROR - 2025-06-09 21:46:05,623 - DataManager - INFO -   - Is complete record: True
2025-06-09 21:46:05 - ERROR - 2025-06-09 21:46:05,624 - DataManager - INFO -   - Is update: False
2025-06-09 21:46:05 - ERROR - 2025-06-09 21:46:05,624 - DataManager - INFO - Complete record detected - saving JSON backup locally...
2025-06-09 21:46:05 - ERROR - 2025-06-09 21:46:05,626 - DataManager - INFO - Created new daily JSON folder: data\json_backups\2025-06-09
2025-06-09 21:46:05 - ERROR - 2025-06-09 21:46:05,628 - DataManager - INFO - ✅ JSON backup saved: data\json_backups\2025-06-09\T0101_Coastal_Eluru_214605.json
2025-06-09 21:46:05 - ERROR - 2025-06-09 21:46:05,629 - DataManager - INFO - ✅ JSON backup saved locally for T0101
2025-06-09 21:46:05 - ERROR - 2025-06-09 21:46:05,630 - DataManager - INFO - Complete record detected for ticket T0101 - generating PDF locally...
2025-06-09 21:46:05 - ERROR - 2025-06-09 21:46:05,632 - DataManager - INFO - Today's reports folder ensured: data\reports\2025-06-09
2025-06-09 21:46:05 - ERROR - 2025-06-09 21:46:05,633 - DataManager - INFO - Reports will be saved to: data\reports\2025-06-09
2025-06-09 21:46:05 - ERROR - 2025-06-09 21:46:05,635 - DataManager - INFO - Today's reports folder ensured: data\reports\2025-06-09
2025-06-09 21:46:05 - ERROR - 2025-06-09 21:46:05,638 - DataManager - INFO - SIMPLE TEST - Net display: '22350.00 kg'
2025-06-09 21:46:05 - ERROR - 2025-06-09 21:46:05,640 - DataManager - INFO - Building PDF document: data\reports\2025-06-09\Coastal_Eluru_T0101_AP04AP4444_214605.pdf
2025-06-09 21:46:05 - ERROR - 2025-06-09 21:46:05,654 - DataManager - INFO - PDF created successfully: data\reports\2025-06-09\Coastal_Eluru_T0101_AP04AP4444_214605.pdf (2772 bytes)
2025-06-09 21:46:05 - ERROR - 2025-06-09 21:46:05,656 - DataManager - INFO - Auto-generated PDF: data\reports\2025-06-09\Coastal_Eluru_T0101_AP04AP4444_214605.pdf
2025-06-09 21:46:05 - ERROR - 2025-06-09 21:46:05,657 - DataManager - INFO - PDF saved to today's reports folder: data\reports\2025-06-09
2025-06-09 21:46:05 - ERROR - 2025-06-09 21:46:05,658 - DataManager - INFO - ✅ PDF auto-generated locally: data\reports\2025-06-09\Coastal_Eluru_T0101_AP04AP4444_214605.pdf
2025-06-09 21:46:05 - ERROR - 2025-06-09 21:46:05,659 - DataManager - INFO - ✅ OFFLINE-FIRST SAVE COMPLETED - Local CSV, JSON backup, and PDF generated
2025-06-09 21:46:05 - ERROR - 2025-06-09 21:46:05,660 - DataManager - INFO - 📂 PDF saved to today's reports folder: data\reports\2025-06-09
2025-06-09 21:46:05 - ERROR - 2025-06-09 21:46:05,661 - DataManager - INFO - 💡 Cloud backup available via Settings > Cloud Storage > Backup
2025-06-09 21:46:05 - ERROR - 2025-06-09 21:46:05,662 - DataManager - INFO - ==================================================
2025-06-09 21:46:05 - ERROR - 2025-06-09 21:46:05,663 - TharuniApp - INFO - ✅ Record T0101 saved successfully
2025-06-09 21:46:05 - PRINT - 📥 Queued record: T0101 (Queue size: 1)
2025-06-09 21:46:05 - PRINT - 📥 Added complete record to queue: T0101
2025-06-09 21:46:05 - PRINT - 🌐 Online - attempting immediate ENHANCED SYNC
2025-06-09 21:46:05 - PRINT - 🎫 TICKET FLOW DEBUG: Save result analysis:
2025-06-09 21:46:05 - PRINT -    - is_complete_record: True
2025-06-09 21:46:05 - PRINT -    - is_first_weighment_save: False
2025-06-09 21:46:05 - PRINT -    - is_update: False
2025-06-09 21:46:05 - PRINT - 🎫 TICKET FLOW DEBUG: NEW record - will increment counter
2025-06-09 21:46:05 - PRINT - 🎫 TICKET FLOW DEBUG: INCREMENTING ticket counter after save of T0101
2025-06-09 21:46:05 - PRINT - 🎫 FORM DEBUG: Committing current ticket number: T0101
2025-06-09 21:46:05 - PRINT - 🎫 CONFIG DEBUG: Committing ticket number increment...
2025-06-09 21:46:05 - PRINT - 🎫 CONFIG DEBUG: Incrementing counter from 101 to 102
2025-06-09 21:46:05 - PRINT - 🎫 CONFIG DEBUG: ✅ Committed ticket number: T0101, next will be: T0102
2025-06-09 21:46:05 - PRINT - 🎫 FORM DEBUG: ✅ Successfully committed ticket number: T0101
2025-06-09 21:46:05 - PRINT - 🎫 TICKET FLOW DEBUG: ✅ Ticket counter incremented from T0101
2025-06-09 21:46:05 - PRINT - 🎫 TICKET FLOW DEBUG: Complete record saved for NEW ticket T0101
2025-06-09 21:46:05 - PRINT - 🎫 FORM DEBUG: Preparing for new ticket after completion
2025-06-09 21:46:05 - PRINT - Resetting all image paths
2025-06-09 21:46:05 - PRINT - Image status update: 1st=0/2, 2nd=0/2
2025-06-09 21:46:05 - PRINT - 🎫 FORM DEBUG: Reserving next ticket number...
2025-06-09 21:46:05 - PRINT - 🎫 CONFIG DEBUG: Reserving next ticket number...
2025-06-09 21:46:05 - PRINT - 🎫 CONFIG DEBUG: Current ticket counter value: 102
2025-06-09 21:46:05 - PRINT - 🎫 CONFIG DEBUG: Reserved ticket number: T0102
2025-06-09 21:46:05 - PRINT - 🎫 FORM DEBUG: Reserved ticket number: T0102
2025-06-09 21:46:05 - PRINT - 🎫 FORM DEBUG: New ticket number reserved after completion: T0102
2025-06-09 21:46:05 - PRINT - 🎫 FORM DEBUG: Form prepared for new ticket after completion - ticket: T0102
2025-06-09 21:46:05 - PRINT - 🎫 TICKET FLOW DEBUG: Generated next ticket number: T0102
2025-06-09 21:46:06 - PRINT - 🔥 Starting enhanced sync for 1 items
2025-06-09 21:46:06 - PRINT - 🔥 Starting ENHANCED FAST SYNC to FLUSH ALL 1 items from queue
2025-06-09 21:46:06 - PRINT - 🔥 ENHANCED FAST SYNC: FLUSHING ENTIRE QUEUE...
2025-06-09 21:46:06 - PRINT - 🚀 Enhanced sync started - will check if queue is empty in 30 seconds
2025-06-09 21:46:06 - PRINT - ⚡ Processing batch of 1 items with 5 parallel workers...
2025-06-09 21:46:06 - PRINT - ❌ Error initializing cloud storage: File C:\Users\gcloud-credentials.json was not found.
2025-06-09 21:46:06 - ERROR - 2025-06-09 21:46:06,188 - DataManager - INFO - Cloud storage initialized on demand
2025-06-09 21:46:06 - PRINT - ❌ Cloud storage not connected
2025-06-09 21:46:06 - PRINT - 🏁 Enhanced fast sync process completed
2025-06-09 21:46:07 - ERROR - 2025-06-09 21:46:07,384 - DataManager - INFO - Successfully loaded 13 records from data\Coastal_Eluru_data.csv
2025-06-09 21:46:07 - ERROR - 2025-06-09 21:46:07,386 - DataManager - INFO - Successfully loaded 13 records from data\Coastal_Eluru_data.csv
2025-06-09 21:46:07 - ERROR - 2025-06-09 21:46:07,390 - DataManager - INFO - Successfully loaded 13 records from data\Coastal_Eluru_data.csv
2025-06-09 21:46:07 - ERROR - 2025-06-09 21:46:07,392 - DataManager - INFO - Returning all 13 records (no filter)
2025-06-09 21:46:07 - PRINT - 🚛 PENDING DEBUG: Refreshing pending vehicles list...
2025-06-09 21:46:07 - ERROR - 2025-06-09 21:46:07,395 - PendingVehiclesPanel - INFO - Refreshing pending vehicles list
2025-06-09 21:46:07 - ERROR - 2025-06-09 21:46:07,396 - DataManager - INFO - Successfully loaded 13 records from data\Coastal_Eluru_data.csv
2025-06-09 21:46:07 - PRINT - 🚛 PENDING DEBUG: Retrieved 13 total records
2025-06-09 21:46:07 - ERROR - 2025-06-09 21:46:07,398 - PendingVehiclesPanel - INFO - Retrieved 13 total records
2025-06-09 21:46:07 - PRINT - 🚛 PENDING DEBUG: Checking ticket T0031:
2025-06-09 21:46:07 - PRINT -    - first_weight: '32340.00' (has: True)
2025-06-09 21:46:07 - PRINT -    - first_timestamp: '03-06-2025 18:16:07' (has: True)
2025-06-09 21:46:07 - PRINT -    - second_weight: '14630.00' (has: True)
2025-06-09 21:46:07 - PRINT -    - second_timestamp: '03-06-2025 18:16:12' (has: True)
2025-06-09 21:46:07 - PRINT -    - has_first: True, missing_second: False
2025-06-09 21:46:07 - PRINT - 🚛 PENDING DEBUG: ⏭️  Skipped ticket T0031 - not pending
2025-06-09 21:46:07 - PRINT - 🚛 PENDING DEBUG: Checking ticket T0032:
2025-06-09 21:46:07 - PRINT -    - first_weight: '41900.00' (has: True)
2025-06-09 21:46:07 - PRINT -    - first_timestamp: '03-06-2025 18:40:02' (has: True)
2025-06-09 21:46:07 - PRINT -    - second_weight: '10350.00' (has: True)
2025-06-09 21:46:07 - PRINT -    - second_timestamp: '03-06-2025 18:40:19' (has: True)
2025-06-09 21:46:07 - PRINT -    - has_first: True, missing_second: False
2025-06-09 21:46:07 - PRINT - 🚛 PENDING DEBUG: ⏭️  Skipped ticket T0032 - not pending
2025-06-09 21:46:07 - PRINT - 🚛 PENDING DEBUG: Checking ticket T0033:
2025-06-09 21:46:07 - PRINT -    - first_weight: '21440.00' (has: True)
2025-06-09 21:46:07 - PRINT -    - first_timestamp: '03-06-2025 20:08:54' (has: True)
2025-06-09 21:46:07 - PRINT -    - second_weight: '8650.00' (has: True)
2025-06-09 21:46:07 - PRINT -    - second_timestamp: '03-06-2025 20:09:13' (has: True)
2025-06-09 21:46:07 - PRINT -    - has_first: True, missing_second: False
2025-06-09 21:46:07 - PRINT - 🚛 PENDING DEBUG: ⏭️  Skipped ticket T0033 - not pending
2025-06-09 21:46:07 - PRINT - 🚛 PENDING DEBUG: Checking ticket T0001:
2025-06-09 21:46:07 - PRINT -    - first_weight: '18310.00' (has: True)
2025-06-09 21:46:07 - PRINT -    - first_timestamp: '03-06-2025 20:11:03' (has: True)
2025-06-09 21:46:07 - PRINT -    - second_weight: '6050.00' (has: True)
2025-06-09 21:46:07 - PRINT -    - second_timestamp: '03-06-2025 20:12:07' (has: True)
2025-06-09 21:46:07 - PRINT -    - has_first: True, missing_second: False
2025-06-09 21:46:07 - PRINT - 🚛 PENDING DEBUG: ⏭️  Skipped ticket T0001 - not pending
2025-06-09 21:46:07 - PRINT - 🚛 PENDING DEBUG: Checking ticket T0002:
2025-06-09 21:46:07 - PRINT -    - first_weight: '15970.00' (has: True)
2025-06-09 21:46:07 - PRINT -    - first_timestamp: '03-06-2025 20:11:22' (has: True)
2025-06-09 21:46:07 - PRINT -    - second_weight: '5320.00' (has: True)
2025-06-09 21:46:07 - PRINT -    - second_timestamp: '03-06-2025 20:12:18' (has: True)
2025-06-09 21:46:07 - PRINT -    - has_first: True, missing_second: False
2025-06-09 21:46:07 - PRINT - 🚛 PENDING DEBUG: ⏭️  Skipped ticket T0002 - not pending
2025-06-09 21:46:07 - PRINT - 🚛 PENDING DEBUG: Checking ticket T0003:
2025-06-09 21:46:07 - PRINT -    - first_weight: '29910.00' (has: True)
2025-06-09 21:46:07 - PRINT -    - first_timestamp: '03-06-2025 20:11:44' (has: True)
2025-06-09 21:46:07 - PRINT -    - second_weight: '12080.00' (has: True)
2025-06-09 21:46:07 - PRINT -    - second_timestamp: '03-06-2025 20:11:54' (has: True)
2025-06-09 21:46:07 - PRINT -    - has_first: True, missing_second: False
2025-06-09 21:46:07 - PRINT - 🚛 PENDING DEBUG: ⏭️  Skipped ticket T0003 - not pending
2025-06-09 21:46:07 - PRINT - 🚛 PENDING DEBUG: Checking ticket T0004:
2025-06-09 21:46:07 - PRINT -    - first_weight: '16410.00' (has: True)
2025-06-09 21:46:07 - PRINT -    - first_timestamp: '03-06-2025 23:31:40' (has: True)
2025-06-09 21:46:07 - PRINT -    - second_weight: '12100.00' (has: True)
2025-06-09 21:46:07 - PRINT -    - second_timestamp: '03-06-2025 23:32:31' (has: True)
2025-06-09 21:46:07 - PRINT -    - has_first: True, missing_second: False
2025-06-09 21:46:07 - PRINT - 🚛 PENDING DEBUG: ⏭️  Skipped ticket T0004 - not pending
2025-06-09 21:46:07 - PRINT - 🚛 PENDING DEBUG: Checking ticket T0005:
2025-06-09 21:46:07 - PRINT -    - first_weight: '28940.00' (has: True)
2025-06-09 21:46:07 - PRINT -    - first_timestamp: '03-06-2025 23:31:54' (has: True)
2025-06-09 21:46:07 - PRINT -    - second_weight: '11150.00' (has: True)
2025-06-09 21:46:07 - PRINT -    - second_timestamp: '03-06-2025 23:32:43' (has: True)
2025-06-09 21:46:07 - PRINT -    - has_first: True, missing_second: False
2025-06-09 21:46:07 - PRINT - 🚛 PENDING DEBUG: ⏭️  Skipped ticket T0005 - not pending
2025-06-09 21:46:07 - PRINT - 🚛 PENDING DEBUG: Checking ticket T0006:
2025-06-09 21:46:07 - PRINT -    - first_weight: '18740.00' (has: True)
2025-06-09 21:46:07 - PRINT -    - first_timestamp: '03-06-2025 23:32:13' (has: True)
2025-06-09 21:46:07 - PRINT -    - second_weight: '8380.00' (has: True)
2025-06-09 21:46:07 - PRINT -    - second_timestamp: '03-06-2025 23:32:18' (has: True)
2025-06-09 21:46:07 - PRINT -    - has_first: True, missing_second: False
2025-06-09 21:46:07 - PRINT - 🚛 PENDING DEBUG: ⏭️  Skipped ticket T0006 - not pending
2025-06-09 21:46:07 - PRINT - 🚛 PENDING DEBUG: Checking ticket T0007:
2025-06-09 21:46:07 - PRINT -    - first_weight: '21910.00' (has: True)
2025-06-09 21:46:07 - PRINT -    - first_timestamp: '04-06-2025 00:24:28' (has: True)
2025-06-09 21:46:07 - PRINT -    - second_weight: '8430.00' (has: True)
2025-06-09 21:46:07 - PRINT -    - second_timestamp: '04-06-2025 00:26:14' (has: True)
2025-06-09 21:46:07 - PRINT -    - has_first: True, missing_second: False
2025-06-09 21:46:07 - PRINT - 🚛 PENDING DEBUG: ⏭️  Skipped ticket T0007 - not pending
2025-06-09 21:46:07 - PRINT - 🚛 PENDING DEBUG: Checking ticket T0008:
2025-06-09 21:46:07 - PRINT -    - first_weight: '21850.00' (has: True)
2025-06-09 21:46:07 - PRINT -    - first_timestamp: '04-06-2025 00:24:45' (has: True)
2025-06-09 21:46:07 - PRINT -    - second_weight: '10740.00' (has: True)
2025-06-09 21:46:07 - PRINT -    - second_timestamp: '04-06-2025 00:25:57' (has: True)
2025-06-09 21:46:07 - PRINT -    - has_first: True, missing_second: False
2025-06-09 21:46:07 - PRINT - 🚛 PENDING DEBUG: ⏭️  Skipped ticket T0008 - not pending
2025-06-09 21:46:07 - PRINT - 🚛 PENDING DEBUG: Checking ticket T0009:
2025-06-09 21:46:07 - PRINT -    - first_weight: '26090.00' (has: True)
2025-06-09 21:46:07 - PRINT -    - first_timestamp: '04-06-2025 00:25:02' (has: True)
2025-06-09 21:46:07 - PRINT -    - second_weight: '9330.00' (has: True)
2025-06-09 21:46:07 - PRINT -    - second_timestamp: '04-06-2025 00:25:16' (has: True)
2025-06-09 21:46:07 - PRINT -    - has_first: True, missing_second: False
2025-06-09 21:46:07 - PRINT - 🚛 PENDING DEBUG: ⏭️  Skipped ticket T0009 - not pending
2025-06-09 21:46:07 - PRINT - 🚛 PENDING DEBUG: Checking ticket T0101:
2025-06-09 21:46:07 - PRINT -    - first_weight: '31470.00' (has: True)
2025-06-09 21:46:07 - PRINT -    - first_timestamp: '09-06-2025 21:45:57' (has: True)
2025-06-09 21:46:07 - PRINT -    - second_weight: '9120.00' (has: True)
2025-06-09 21:46:07 - PRINT -    - second_timestamp: '09-06-2025 21:46:00' (has: True)
2025-06-09 21:46:07 - PRINT -    - has_first: True, missing_second: False
2025-06-09 21:46:07 - PRINT - 🚛 PENDING DEBUG: ⏭️  Skipped ticket T0101 - not pending
2025-06-09 21:46:07 - PRINT - 🚛 PENDING DEBUG: Found 0 pending records
2025-06-09 21:46:07 - ERROR - 2025-06-09 21:46:07,522 - PendingVehiclesPanel - INFO - Found 0 pending records
2025-06-09 21:46:07 - PRINT - 🚛 PENDING DEBUG: ✅ Successfully refreshed pending list with 0 items
2025-06-09 21:46:07 - ERROR - 2025-06-09 21:46:07,524 - PendingVehiclesPanel - INFO - Successfully refreshed pending list with 0 items
2025-06-09 21:46:07 - PRINT - 🎫 TICKET FLOW DEBUG: Save operation completed successfully
2025-06-09 21:46:07 - ERROR - 2025-06-09 21:46:07,527 - TharuniApp - INFO - SAVE RECORD OPERATION COMPLETED SUCCESSFULLY WITH SMART TICKET FLOW
2025-06-09 21:46:07 - PRINT - 🎫 TICKET FLOW DEBUG: ==================================================
2025-06-09 21:46:07 - ERROR - 2025-06-09 21:46:07,530 - TharuniApp - INFO - ==================================================
2025-06-09 21:46:12 - PRINT - ✅ Found data_manager from direct reference
2025-06-09 21:46:36 - PRINT - 🔄 Queue still has 1 items - starting another sync round
2025-06-09 21:46:37 - PRINT - 🔥 Starting enhanced sync for 1 items
2025-06-09 21:46:37 - PRINT - 🔥 Starting ENHANCED FAST SYNC to FLUSH ALL 1 items from queue
2025-06-09 21:46:37 - PRINT - 🔥 ENHANCED FAST SYNC: FLUSHING ENTIRE QUEUE...
2025-06-09 21:46:37 - PRINT - 🚀 Enhanced sync started - will check if queue is empty in 30 seconds
2025-06-09 21:46:37 - PRINT - ⚡ Processing batch of 1 items with 5 parallel workers...
2025-06-09 21:46:37 - PRINT - ❌ Cloud storage not connected
2025-06-09 21:46:37 - PRINT - 🏁 Enhanced fast sync process completed
2025-06-09 21:46:49 - PRINT - 🚛 PENDING DEBUG: Refreshing pending vehicles list...
2025-06-09 21:46:49 - ERROR - 2025-06-09 21:46:49,233 - PendingVehiclesPanel - INFO - Refreshing pending vehicles list
2025-06-09 21:46:49 - ERROR - 2025-06-09 21:46:49,235 - DataManager - INFO - Successfully loaded 13 records from data\Coastal_Eluru_data.csv
2025-06-09 21:46:49 - PRINT - 🚛 PENDING DEBUG: Retrieved 13 total records
2025-06-09 21:46:49 - ERROR - 2025-06-09 21:46:49,236 - PendingVehiclesPanel - INFO - Retrieved 13 total records
2025-06-09 21:46:49 - PRINT - 🚛 PENDING DEBUG: Checking ticket T0031:
2025-06-09 21:46:49 - PRINT -    - first_weight: '32340.00' (has: True)
2025-06-09 21:46:49 - PRINT -    - first_timestamp: '03-06-2025 18:16:07' (has: True)
2025-06-09 21:46:49 - PRINT -    - second_weight: '14630.00' (has: True)
2025-06-09 21:46:49 - PRINT -    - second_timestamp: '03-06-2025 18:16:12' (has: True)
2025-06-09 21:46:49 - PRINT -    - has_first: True, missing_second: False
2025-06-09 21:46:49 - PRINT - 🚛 PENDING DEBUG: ⏭️  Skipped ticket T0031 - not pending
2025-06-09 21:46:49 - PRINT - 🚛 PENDING DEBUG: Checking ticket T0032:
2025-06-09 21:46:49 - PRINT -    - first_weight: '41900.00' (has: True)
2025-06-09 21:46:49 - PRINT -    - first_timestamp: '03-06-2025 18:40:02' (has: True)
2025-06-09 21:46:49 - PRINT -    - second_weight: '10350.00' (has: True)
2025-06-09 21:46:49 - PRINT -    - second_timestamp: '03-06-2025 18:40:19' (has: True)
2025-06-09 21:46:49 - PRINT -    - has_first: True, missing_second: False
2025-06-09 21:46:49 - PRINT - 🚛 PENDING DEBUG: ⏭️  Skipped ticket T0032 - not pending
2025-06-09 21:46:49 - PRINT - 🚛 PENDING DEBUG: Checking ticket T0033:
2025-06-09 21:46:49 - PRINT -    - first_weight: '21440.00' (has: True)
2025-06-09 21:46:49 - PRINT -    - first_timestamp: '03-06-2025 20:08:54' (has: True)
2025-06-09 21:46:49 - PRINT -    - second_weight: '8650.00' (has: True)
2025-06-09 21:46:49 - PRINT -    - second_timestamp: '03-06-2025 20:09:13' (has: True)
2025-06-09 21:46:49 - PRINT -    - has_first: True, missing_second: False
2025-06-09 21:46:49 - PRINT - 🚛 PENDING DEBUG: ⏭️  Skipped ticket T0033 - not pending
2025-06-09 21:46:49 - PRINT - 🚛 PENDING DEBUG: Checking ticket T0001:
2025-06-09 21:46:49 - PRINT -    - first_weight: '18310.00' (has: True)
2025-06-09 21:46:49 - PRINT -    - first_timestamp: '03-06-2025 20:11:03' (has: True)
2025-06-09 21:46:49 - PRINT -    - second_weight: '6050.00' (has: True)
2025-06-09 21:46:49 - PRINT -    - second_timestamp: '03-06-2025 20:12:07' (has: True)
2025-06-09 21:46:49 - PRINT -    - has_first: True, missing_second: False
2025-06-09 21:46:49 - PRINT - 🚛 PENDING DEBUG: ⏭️  Skipped ticket T0001 - not pending
2025-06-09 21:46:49 - PRINT - 🚛 PENDING DEBUG: Checking ticket T0002:
2025-06-09 21:46:49 - PRINT -    - first_weight: '15970.00' (has: True)
2025-06-09 21:46:49 - PRINT -    - first_timestamp: '03-06-2025 20:11:22' (has: True)
2025-06-09 21:46:49 - PRINT -    - second_weight: '5320.00' (has: True)
2025-06-09 21:46:49 - PRINT -    - second_timestamp: '03-06-2025 20:12:18' (has: True)
2025-06-09 21:46:49 - PRINT -    - has_first: True, missing_second: False
2025-06-09 21:46:49 - PRINT - 🚛 PENDING DEBUG: ⏭️  Skipped ticket T0002 - not pending
2025-06-09 21:46:49 - PRINT - 🚛 PENDING DEBUG: Checking ticket T0003:
2025-06-09 21:46:49 - PRINT -    - first_weight: '29910.00' (has: True)
2025-06-09 21:46:49 - PRINT -    - first_timestamp: '03-06-2025 20:11:44' (has: True)
2025-06-09 21:46:49 - PRINT -    - second_weight: '12080.00' (has: True)
2025-06-09 21:46:49 - PRINT -    - second_timestamp: '03-06-2025 20:11:54' (has: True)
2025-06-09 21:46:49 - PRINT -    - has_first: True, missing_second: False
2025-06-09 21:46:49 - PRINT - 🚛 PENDING DEBUG: ⏭️  Skipped ticket T0003 - not pending
2025-06-09 21:46:49 - PRINT - 🚛 PENDING DEBUG: Checking ticket T0004:
2025-06-09 21:46:49 - PRINT -    - first_weight: '16410.00' (has: True)
2025-06-09 21:46:49 - PRINT -    - first_timestamp: '03-06-2025 23:31:40' (has: True)
2025-06-09 21:46:49 - PRINT -    - second_weight: '12100.00' (has: True)
2025-06-09 21:46:49 - PRINT -    - second_timestamp: '03-06-2025 23:32:31' (has: True)
2025-06-09 21:46:49 - PRINT -    - has_first: True, missing_second: False
2025-06-09 21:46:49 - PRINT - 🚛 PENDING DEBUG: ⏭️  Skipped ticket T0004 - not pending
2025-06-09 21:46:49 - PRINT - 🚛 PENDING DEBUG: Checking ticket T0005:
2025-06-09 21:46:49 - PRINT -    - first_weight: '28940.00' (has: True)
2025-06-09 21:46:49 - PRINT -    - first_timestamp: '03-06-2025 23:31:54' (has: True)
2025-06-09 21:46:49 - PRINT -    - second_weight: '11150.00' (has: True)
2025-06-09 21:46:49 - PRINT -    - second_timestamp: '03-06-2025 23:32:43' (has: True)
2025-06-09 21:46:49 - PRINT -    - has_first: True, missing_second: False
2025-06-09 21:46:49 - PRINT - 🚛 PENDING DEBUG: ⏭️  Skipped ticket T0005 - not pending
2025-06-09 21:46:49 - PRINT - 🚛 PENDING DEBUG: Checking ticket T0006:
2025-06-09 21:46:49 - PRINT -    - first_weight: '18740.00' (has: True)
2025-06-09 21:46:49 - PRINT -    - first_timestamp: '03-06-2025 23:32:13' (has: True)
2025-06-09 21:46:49 - PRINT -    - second_weight: '8380.00' (has: True)
2025-06-09 21:46:49 - PRINT -    - second_timestamp: '03-06-2025 23:32:18' (has: True)
2025-06-09 21:46:49 - PRINT -    - has_first: True, missing_second: False
2025-06-09 21:46:49 - PRINT - 🚛 PENDING DEBUG: ⏭️  Skipped ticket T0006 - not pending
2025-06-09 21:46:49 - PRINT - 🚛 PENDING DEBUG: Checking ticket T0007:
2025-06-09 21:46:49 - PRINT -    - first_weight: '21910.00' (has: True)
2025-06-09 21:46:49 - PRINT -    - first_timestamp: '04-06-2025 00:24:28' (has: True)
2025-06-09 21:46:49 - PRINT -    - second_weight: '8430.00' (has: True)
2025-06-09 21:46:49 - PRINT -    - second_timestamp: '04-06-2025 00:26:14' (has: True)
2025-06-09 21:46:49 - PRINT -    - has_first: True, missing_second: False
2025-06-09 21:46:49 - PRINT - 🚛 PENDING DEBUG: ⏭️  Skipped ticket T0007 - not pending
2025-06-09 21:46:49 - PRINT - 🚛 PENDING DEBUG: Checking ticket T0008:
2025-06-09 21:46:49 - PRINT -    - first_weight: '21850.00' (has: True)
2025-06-09 21:46:49 - PRINT -    - first_timestamp: '04-06-2025 00:24:45' (has: True)
2025-06-09 21:46:49 - PRINT -    - second_weight: '10740.00' (has: True)
2025-06-09 21:46:49 - PRINT -    - second_timestamp: '04-06-2025 00:25:57' (has: True)
2025-06-09 21:46:49 - PRINT -    - has_first: True, missing_second: False
2025-06-09 21:46:49 - PRINT - 🚛 PENDING DEBUG: ⏭️  Skipped ticket T0008 - not pending
2025-06-09 21:46:49 - PRINT - 🚛 PENDING DEBUG: Checking ticket T0009:
2025-06-09 21:46:49 - PRINT -    - first_weight: '26090.00' (has: True)
2025-06-09 21:46:49 - PRINT -    - first_timestamp: '04-06-2025 00:25:02' (has: True)
2025-06-09 21:46:49 - PRINT -    - second_weight: '9330.00' (has: True)
2025-06-09 21:46:49 - PRINT -    - second_timestamp: '04-06-2025 00:25:16' (has: True)
2025-06-09 21:46:49 - PRINT -    - has_first: True, missing_second: False
2025-06-09 21:46:49 - PRINT - 🚛 PENDING DEBUG: ⏭️  Skipped ticket T0009 - not pending
2025-06-09 21:46:49 - PRINT - 🚛 PENDING DEBUG: Checking ticket T0101:
2025-06-09 21:46:49 - PRINT -    - first_weight: '31470.00' (has: True)
2025-06-09 21:46:49 - PRINT -    - first_timestamp: '09-06-2025 21:45:57' (has: True)
2025-06-09 21:46:49 - PRINT -    - second_weight: '9120.00' (has: True)
2025-06-09 21:46:49 - PRINT -    - second_timestamp: '09-06-2025 21:46:00' (has: True)
2025-06-09 21:46:49 - PRINT -    - has_first: True, missing_second: False
2025-06-09 21:46:49 - PRINT - 🚛 PENDING DEBUG: ⏭️  Skipped ticket T0101 - not pending
2025-06-09 21:46:49 - PRINT - 🚛 PENDING DEBUG: Found 0 pending records
2025-06-09 21:46:49 - ERROR - 2025-06-09 21:46:49,333 - PendingVehiclesPanel - INFO - Found 0 pending records
2025-06-09 21:46:49 - PRINT - 🚛 PENDING DEBUG: ✅ Successfully refreshed pending list with 0 items
2025-06-09 21:46:49 - ERROR - 2025-06-09 21:46:49,334 - PendingVehiclesPanel - INFO - Successfully refreshed pending list with 0 items
2025-06-09 21:46:49 - ERROR - 2025-06-09 21:46:49,336 - DataManager - INFO - Created new daily folder: data\reports\09-06
2025-06-09 21:47:07 - PRINT - 🔄 Queue still has 1 items - starting another sync round
2025-06-09 21:47:08 - PRINT - 🔥 Starting enhanced sync for 1 items
2025-06-09 21:47:08 - PRINT - 🔥 Starting ENHANCED FAST SYNC to FLUSH ALL 1 items from queue
2025-06-09 21:47:08 - PRINT - 🔥 ENHANCED FAST SYNC: FLUSHING ENTIRE QUEUE...
2025-06-09 21:47:08 - PRINT - 🚀 Enhanced sync started - will check if queue is empty in 30 seconds
2025-06-09 21:47:08 - PRINT - ⚡ Processing batch of 1 items with 5 parallel workers...
2025-06-09 21:47:08 - PRINT - ❌ Cloud storage not connected
2025-06-09 21:47:08 - PRINT - 🏁 Enhanced fast sync process completed
2025-06-09 21:47:38 - PRINT - 🔄 Queue still has 1 items - starting another sync round
2025-06-09 21:47:39 - PRINT - 🔥 Starting enhanced sync for 1 items
2025-06-09 21:47:39 - PRINT - 🔥 Starting ENHANCED FAST SYNC to FLUSH ALL 1 items from queue
2025-06-09 21:47:39 - PRINT - 🔥 ENHANCED FAST SYNC: FLUSHING ENTIRE QUEUE...
2025-06-09 21:47:39 - PRINT - 🚀 Enhanced sync started - will check if queue is empty in 30 seconds
2025-06-09 21:47:39 - PRINT - ⚡ Processing batch of 1 items with 5 parallel workers...
2025-06-09 21:47:39 - PRINT - ❌ Cloud storage not connected
2025-06-09 21:47:39 - PRINT - 🏁 Enhanced fast sync process completed
2025-06-09 21:47:49 - PRINT - 🚛 PENDING DEBUG: Refreshing pending vehicles list...
2025-06-09 21:47:49 - ERROR - 2025-06-09 21:47:49,351 - PendingVehiclesPanel - INFO - Refreshing pending vehicles list
2025-06-09 21:47:49 - ERROR - 2025-06-09 21:47:49,355 - DataManager - INFO - Successfully loaded 13 records from data\Coastal_Eluru_data.csv
2025-06-09 21:47:49 - PRINT - 🚛 PENDING DEBUG: Retrieved 13 total records
2025-06-09 21:47:49 - ERROR - 2025-06-09 21:47:49,360 - PendingVehiclesPanel - INFO - Retrieved 13 total records
2025-06-09 21:47:49 - PRINT - 🚛 PENDING DEBUG: Checking ticket T0031:
2025-06-09 21:47:49 - PRINT -    - first_weight: '32340.00' (has: True)
2025-06-09 21:47:49 - PRINT -    - first_timestamp: '03-06-2025 18:16:07' (has: True)
2025-06-09 21:47:49 - PRINT -    - second_weight: '14630.00' (has: True)
2025-06-09 21:47:49 - PRINT -    - second_timestamp: '03-06-2025 18:16:12' (has: True)
2025-06-09 21:47:49 - PRINT -    - has_first: True, missing_second: False
2025-06-09 21:47:49 - PRINT - 🚛 PENDING DEBUG: ⏭️  Skipped ticket T0031 - not pending
2025-06-09 21:47:49 - PRINT - 🚛 PENDING DEBUG: Checking ticket T0032:
2025-06-09 21:47:49 - PRINT -    - first_weight: '41900.00' (has: True)
2025-06-09 21:47:49 - PRINT -    - first_timestamp: '03-06-2025 18:40:02' (has: True)
2025-06-09 21:47:49 - PRINT -    - second_weight: '10350.00' (has: True)
2025-06-09 21:47:49 - PRINT -    - second_timestamp: '03-06-2025 18:40:19' (has: True)
2025-06-09 21:47:49 - PRINT -    - has_first: True, missing_second: False
2025-06-09 21:47:49 - PRINT - 🚛 PENDING DEBUG: ⏭️  Skipped ticket T0032 - not pending
2025-06-09 21:47:49 - PRINT - 🚛 PENDING DEBUG: Checking ticket T0033:
2025-06-09 21:47:49 - PRINT -    - first_weight: '21440.00' (has: True)
2025-06-09 21:47:49 - PRINT -    - first_timestamp: '03-06-2025 20:08:54' (has: True)
2025-06-09 21:47:49 - PRINT -    - second_weight: '8650.00' (has: True)
2025-06-09 21:47:49 - PRINT -    - second_timestamp: '03-06-2025 20:09:13' (has: True)
2025-06-09 21:47:49 - PRINT -    - has_first: True, missing_second: False
2025-06-09 21:47:49 - PRINT - 🚛 PENDING DEBUG: ⏭️  Skipped ticket T0033 - not pending
2025-06-09 21:47:49 - PRINT - 🚛 PENDING DEBUG: Checking ticket T0001:
2025-06-09 21:47:49 - PRINT -    - first_weight: '18310.00' (has: True)
2025-06-09 21:47:49 - PRINT -    - first_timestamp: '03-06-2025 20:11:03' (has: True)
2025-06-09 21:47:49 - PRINT -    - second_weight: '6050.00' (has: True)
2025-06-09 21:47:49 - PRINT -    - second_timestamp: '03-06-2025 20:12:07' (has: True)
2025-06-09 21:47:49 - PRINT -    - has_first: True, missing_second: False
2025-06-09 21:47:49 - PRINT - 🚛 PENDING DEBUG: ⏭️  Skipped ticket T0001 - not pending
2025-06-09 21:47:49 - PRINT - 🚛 PENDING DEBUG: Checking ticket T0002:
2025-06-09 21:47:49 - PRINT -    - first_weight: '15970.00' (has: True)
2025-06-09 21:47:49 - PRINT -    - first_timestamp: '03-06-2025 20:11:22' (has: True)
2025-06-09 21:47:49 - PRINT -    - second_weight: '5320.00' (has: True)
2025-06-09 21:47:49 - PRINT -    - second_timestamp: '03-06-2025 20:12:18' (has: True)
2025-06-09 21:47:49 - PRINT -    - has_first: True, missing_second: False
2025-06-09 21:47:49 - PRINT - 🚛 PENDING DEBUG: ⏭️  Skipped ticket T0002 - not pending
2025-06-09 21:47:49 - PRINT - 🚛 PENDING DEBUG: Checking ticket T0003:
2025-06-09 21:47:49 - PRINT -    - first_weight: '29910.00' (has: True)
2025-06-09 21:47:49 - PRINT -    - first_timestamp: '03-06-2025 20:11:44' (has: True)
2025-06-09 21:47:49 - PRINT -    - second_weight: '12080.00' (has: True)
2025-06-09 21:47:49 - PRINT -    - second_timestamp: '03-06-2025 20:11:54' (has: True)
2025-06-09 21:47:49 - PRINT -    - has_first: True, missing_second: False
2025-06-09 21:47:49 - PRINT - 🚛 PENDING DEBUG: ⏭️  Skipped ticket T0003 - not pending
2025-06-09 21:47:49 - PRINT - 🚛 PENDING DEBUG: Checking ticket T0004:
2025-06-09 21:47:49 - PRINT -    - first_weight: '16410.00' (has: True)
2025-06-09 21:47:49 - PRINT -    - first_timestamp: '03-06-2025 23:31:40' (has: True)
2025-06-09 21:47:49 - PRINT -    - second_weight: '12100.00' (has: True)
2025-06-09 21:47:49 - PRINT -    - second_timestamp: '03-06-2025 23:32:31' (has: True)
2025-06-09 21:47:49 - PRINT -    - has_first: True, missing_second: False
2025-06-09 21:47:49 - PRINT - 🚛 PENDING DEBUG: ⏭️  Skipped ticket T0004 - not pending
2025-06-09 21:47:49 - PRINT - 🚛 PENDING DEBUG: Checking ticket T0005:
2025-06-09 21:47:49 - PRINT -    - first_weight: '28940.00' (has: True)
2025-06-09 21:47:49 - PRINT -    - first_timestamp: '03-06-2025 23:31:54' (has: True)
2025-06-09 21:47:49 - PRINT -    - second_weight: '11150.00' (has: True)
2025-06-09 21:47:49 - PRINT -    - second_timestamp: '03-06-2025 23:32:43' (has: True)
2025-06-09 21:47:49 - PRINT -    - has_first: True, missing_second: False
2025-06-09 21:47:49 - PRINT - 🚛 PENDING DEBUG: ⏭️  Skipped ticket T0005 - not pending
2025-06-09 21:47:49 - PRINT - 🚛 PENDING DEBUG: Checking ticket T0006:
2025-06-09 21:47:49 - PRINT -    - first_weight: '18740.00' (has: True)
2025-06-09 21:47:49 - PRINT -    - first_timestamp: '03-06-2025 23:32:13' (has: True)
2025-06-09 21:47:49 - PRINT -    - second_weight: '8380.00' (has: True)
2025-06-09 21:47:49 - PRINT -    - second_timestamp: '03-06-2025 23:32:18' (has: True)
2025-06-09 21:47:49 - PRINT -    - has_first: True, missing_second: False
2025-06-09 21:47:49 - PRINT - 🚛 PENDING DEBUG: ⏭️  Skipped ticket T0006 - not pending
2025-06-09 21:47:49 - PRINT - 🚛 PENDING DEBUG: Checking ticket T0007:
2025-06-09 21:47:49 - PRINT -    - first_weight: '21910.00' (has: True)
2025-06-09 21:47:49 - PRINT -    - first_timestamp: '04-06-2025 00:24:28' (has: True)
2025-06-09 21:47:49 - PRINT -    - second_weight: '8430.00' (has: True)
2025-06-09 21:47:49 - PRINT -    - second_timestamp: '04-06-2025 00:26:14' (has: True)
2025-06-09 21:47:49 - PRINT -    - has_first: True, missing_second: False
2025-06-09 21:47:49 - PRINT - 🚛 PENDING DEBUG: ⏭️  Skipped ticket T0007 - not pending
2025-06-09 21:47:49 - PRINT - 🚛 PENDING DEBUG: Checking ticket T0008:
2025-06-09 21:47:49 - PRINT -    - first_weight: '21850.00' (has: True)
2025-06-09 21:47:49 - PRINT -    - first_timestamp: '04-06-2025 00:24:45' (has: True)
2025-06-09 21:47:49 - PRINT -    - second_weight: '10740.00' (has: True)
2025-06-09 21:47:49 - PRINT -    - second_timestamp: '04-06-2025 00:25:57' (has: True)
2025-06-09 21:47:49 - PRINT -    - has_first: True, missing_second: False
2025-06-09 21:47:49 - PRINT - 🚛 PENDING DEBUG: ⏭️  Skipped ticket T0008 - not pending
2025-06-09 21:47:49 - PRINT - 🚛 PENDING DEBUG: Checking ticket T0009:
2025-06-09 21:47:49 - PRINT -    - first_weight: '26090.00' (has: True)
2025-06-09 21:47:49 - PRINT -    - first_timestamp: '04-06-2025 00:25:02' (has: True)
2025-06-09 21:47:49 - PRINT -    - second_weight: '9330.00' (has: True)
2025-06-09 21:47:49 - PRINT -    - second_timestamp: '04-06-2025 00:25:16' (has: True)
2025-06-09 21:47:49 - PRINT -    - has_first: True, missing_second: False
2025-06-09 21:47:49 - PRINT - 🚛 PENDING DEBUG: ⏭️  Skipped ticket T0009 - not pending
2025-06-09 21:47:49 - PRINT - 🚛 PENDING DEBUG: Checking ticket T0101:
2025-06-09 21:47:49 - PRINT -    - first_weight: '31470.00' (has: True)
2025-06-09 21:47:49 - PRINT -    - first_timestamp: '09-06-2025 21:45:57' (has: True)
2025-06-09 21:47:49 - PRINT -    - second_weight: '9120.00' (has: True)
2025-06-09 21:47:49 - PRINT -    - second_timestamp: '09-06-2025 21:46:00' (has: True)
2025-06-09 21:47:49 - PRINT -    - has_first: True, missing_second: False
2025-06-09 21:47:49 - PRINT - 🚛 PENDING DEBUG: ⏭️  Skipped ticket T0101 - not pending
2025-06-09 21:47:49 - PRINT - 🚛 PENDING DEBUG: Found 0 pending records
2025-06-09 21:47:49 - ERROR - 2025-06-09 21:47:49,533 - PendingVehiclesPanel - INFO - Found 0 pending records
2025-06-09 21:47:49 - PRINT - 🚛 PENDING DEBUG: ✅ Successfully refreshed pending list with 0 items
2025-06-09 21:47:49 - ERROR - 2025-06-09 21:47:49,536 - PendingVehiclesPanel - INFO - Successfully refreshed pending list with 0 items
2025-06-09 21:48:09 - PRINT - 🔄 Queue still has 1 items - starting another sync round
2025-06-09 21:48:10 - PRINT - 🔥 Starting enhanced sync for 1 items
2025-06-09 21:48:10 - PRINT - 🔥 Starting ENHANCED FAST SYNC to FLUSH ALL 1 items from queue
2025-06-09 21:48:10 - PRINT - 🔥 ENHANCED FAST SYNC: FLUSHING ENTIRE QUEUE...
2025-06-09 21:48:10 - PRINT - 🚀 Enhanced sync started - will check if queue is empty in 30 seconds
2025-06-09 21:48:10 - PRINT - ⚡ Processing batch of 1 items with 5 parallel workers...
2025-06-09 21:48:10 - PRINT - ❌ Cloud storage not connected
2025-06-09 21:48:10 - PRINT - 🏁 Enhanced fast sync process completed
2025-06-09 21:48:26 - PRINT - ✅ Found data_manager from direct reference
2025-06-09 21:48:40 - PRINT - 🔄 Queue still has 1 items - starting another sync round
2025-06-09 21:48:41 - PRINT - 🔥 Starting enhanced sync for 1 items
2025-06-09 21:48:41 - PRINT - 🔥 Starting ENHANCED FAST SYNC to FLUSH ALL 1 items from queue
2025-06-09 21:48:41 - PRINT - 🔥 ENHANCED FAST SYNC: FLUSHING ENTIRE QUEUE...
2025-06-09 21:48:41 - PRINT - 🚀 Enhanced sync started - will check if queue is empty in 30 seconds
2025-06-09 21:48:41 - PRINT - ⚡ Processing batch of 1 items with 5 parallel workers...
2025-06-09 21:48:41 - PRINT - ❌ Cloud storage not connected
2025-06-09 21:48:41 - PRINT - 🏁 Enhanced fast sync process completed
2025-06-09 21:48:49 - PRINT - 🚛 PENDING DEBUG: Refreshing pending vehicles list...
2025-06-09 21:48:49 - ERROR - 2025-06-09 21:48:49,542 - PendingVehiclesPanel - INFO - Refreshing pending vehicles list
2025-06-09 21:48:49 - ERROR - 2025-06-09 21:48:49,545 - DataManager - INFO - Successfully loaded 13 records from data\Coastal_Eluru_data.csv
2025-06-09 21:48:49 - PRINT - 🚛 PENDING DEBUG: Retrieved 13 total records
2025-06-09 21:48:49 - ERROR - 2025-06-09 21:48:49,552 - PendingVehiclesPanel - INFO - Retrieved 13 total records
2025-06-09 21:48:49 - PRINT - 🚛 PENDING DEBUG: Checking ticket T0031:
2025-06-09 21:48:49 - PRINT -    - first_weight: '32340.00' (has: True)
2025-06-09 21:48:49 - PRINT -    - first_timestamp: '03-06-2025 18:16:07' (has: True)
2025-06-09 21:48:49 - PRINT -    - second_weight: '14630.00' (has: True)
2025-06-09 21:48:49 - PRINT -    - second_timestamp: '03-06-2025 18:16:12' (has: True)
2025-06-09 21:48:49 - PRINT -    - has_first: True, missing_second: False
2025-06-09 21:48:49 - PRINT - 🚛 PENDING DEBUG: ⏭️  Skipped ticket T0031 - not pending
2025-06-09 21:48:49 - PRINT - 🚛 PENDING DEBUG: Checking ticket T0032:
2025-06-09 21:48:49 - PRINT -    - first_weight: '41900.00' (has: True)
2025-06-09 21:48:49 - PRINT -    - first_timestamp: '03-06-2025 18:40:02' (has: True)
2025-06-09 21:48:49 - PRINT -    - second_weight: '10350.00' (has: True)
2025-06-09 21:48:49 - PRINT -    - second_timestamp: '03-06-2025 18:40:19' (has: True)
2025-06-09 21:48:49 - PRINT -    - has_first: True, missing_second: False
2025-06-09 21:48:49 - PRINT - 🚛 PENDING DEBUG: ⏭️  Skipped ticket T0032 - not pending
2025-06-09 21:48:49 - PRINT - 🚛 PENDING DEBUG: Checking ticket T0033:
2025-06-09 21:48:49 - PRINT -    - first_weight: '21440.00' (has: True)
2025-06-09 21:48:49 - PRINT -    - first_timestamp: '03-06-2025 20:08:54' (has: True)
2025-06-09 21:48:49 - PRINT -    - second_weight: '8650.00' (has: True)
2025-06-09 21:48:49 - PRINT -    - second_timestamp: '03-06-2025 20:09:13' (has: True)
2025-06-09 21:48:49 - PRINT -    - has_first: True, missing_second: False
2025-06-09 21:48:49 - PRINT - 🚛 PENDING DEBUG: ⏭️  Skipped ticket T0033 - not pending
2025-06-09 21:48:49 - PRINT - 🚛 PENDING DEBUG: Checking ticket T0001:
2025-06-09 21:48:49 - PRINT -    - first_weight: '18310.00' (has: True)
2025-06-09 21:48:49 - PRINT -    - first_timestamp: '03-06-2025 20:11:03' (has: True)
2025-06-09 21:48:49 - PRINT -    - second_weight: '6050.00' (has: True)
2025-06-09 21:48:49 - PRINT -    - second_timestamp: '03-06-2025 20:12:07' (has: True)
2025-06-09 21:48:49 - PRINT -    - has_first: True, missing_second: False
2025-06-09 21:48:49 - PRINT - 🚛 PENDING DEBUG: ⏭️  Skipped ticket T0001 - not pending
2025-06-09 21:48:49 - PRINT - 🚛 PENDING DEBUG: Checking ticket T0002:
2025-06-09 21:48:49 - PRINT -    - first_weight: '15970.00' (has: True)
2025-06-09 21:48:49 - PRINT -    - first_timestamp: '03-06-2025 20:11:22' (has: True)
2025-06-09 21:48:49 - PRINT -    - second_weight: '5320.00' (has: True)
2025-06-09 21:48:49 - PRINT -    - second_timestamp: '03-06-2025 20:12:18' (has: True)
2025-06-09 21:48:49 - PRINT -    - has_first: True, missing_second: False
2025-06-09 21:48:49 - PRINT - 🚛 PENDING DEBUG: ⏭️  Skipped ticket T0002 - not pending
2025-06-09 21:48:49 - PRINT - 🚛 PENDING DEBUG: Checking ticket T0003:
2025-06-09 21:48:49 - PRINT -    - first_weight: '29910.00' (has: True)
2025-06-09 21:48:49 - PRINT -    - first_timestamp: '03-06-2025 20:11:44' (has: True)
2025-06-09 21:48:49 - PRINT -    - second_weight: '12080.00' (has: True)
2025-06-09 21:48:49 - PRINT -    - second_timestamp: '03-06-2025 20:11:54' (has: True)
2025-06-09 21:48:49 - PRINT -    - has_first: True, missing_second: False
2025-06-09 21:48:49 - PRINT - 🚛 PENDING DEBUG: ⏭️  Skipped ticket T0003 - not pending
2025-06-09 21:48:49 - PRINT - 🚛 PENDING DEBUG: Checking ticket T0004:
2025-06-09 21:48:49 - PRINT -    - first_weight: '16410.00' (has: True)
2025-06-09 21:48:49 - PRINT -    - first_timestamp: '03-06-2025 23:31:40' (has: True)
2025-06-09 21:48:49 - PRINT -    - second_weight: '12100.00' (has: True)
2025-06-09 21:48:49 - PRINT -    - second_timestamp: '03-06-2025 23:32:31' (has: True)
2025-06-09 21:48:49 - PRINT -    - has_first: True, missing_second: False
2025-06-09 21:48:49 - PRINT - 🚛 PENDING DEBUG: ⏭️  Skipped ticket T0004 - not pending
2025-06-09 21:48:49 - PRINT - 🚛 PENDING DEBUG: Checking ticket T0005:
2025-06-09 21:48:49 - PRINT -    - first_weight: '28940.00' (has: True)
2025-06-09 21:48:49 - PRINT -    - first_timestamp: '03-06-2025 23:31:54' (has: True)
2025-06-09 21:48:49 - PRINT -    - second_weight: '11150.00' (has: True)
2025-06-09 21:48:49 - PRINT -    - second_timestamp: '03-06-2025 23:32:43' (has: True)
2025-06-09 21:48:49 - PRINT -    - has_first: True, missing_second: False
2025-06-09 21:48:49 - PRINT - 🚛 PENDING DEBUG: ⏭️  Skipped ticket T0005 - not pending
2025-06-09 21:48:49 - PRINT - 🚛 PENDING DEBUG: Checking ticket T0006:
2025-06-09 21:48:49 - PRINT -    - first_weight: '18740.00' (has: True)
2025-06-09 21:48:49 - PRINT -    - first_timestamp: '03-06-2025 23:32:13' (has: True)
2025-06-09 21:48:49 - PRINT -    - second_weight: '8380.00' (has: True)
2025-06-09 21:48:49 - PRINT -    - second_timestamp: '03-06-2025 23:32:18' (has: True)
2025-06-09 21:48:49 - PRINT -    - has_first: True, missing_second: False
2025-06-09 21:48:49 - PRINT - 🚛 PENDING DEBUG: ⏭️  Skipped ticket T0006 - not pending
2025-06-09 21:48:49 - PRINT - 🚛 PENDING DEBUG: Checking ticket T0007:
2025-06-09 21:48:49 - PRINT -    - first_weight: '21910.00' (has: True)
2025-06-09 21:48:49 - PRINT -    - first_timestamp: '04-06-2025 00:24:28' (has: True)
2025-06-09 21:48:49 - PRINT -    - second_weight: '8430.00' (has: True)
2025-06-09 21:48:49 - PRINT -    - second_timestamp: '04-06-2025 00:26:14' (has: True)
2025-06-09 21:48:49 - PRINT -    - has_first: True, missing_second: False
2025-06-09 21:48:49 - PRINT - 🚛 PENDING DEBUG: ⏭️  Skipped ticket T0007 - not pending
2025-06-09 21:48:49 - PRINT - 🚛 PENDING DEBUG: Checking ticket T0008:
2025-06-09 21:48:49 - PRINT -    - first_weight: '21850.00' (has: True)
2025-06-09 21:48:49 - PRINT -    - first_timestamp: '04-06-2025 00:24:45' (has: True)
2025-06-09 21:48:49 - PRINT -    - second_weight: '10740.00' (has: True)
2025-06-09 21:48:49 - PRINT -    - second_timestamp: '04-06-2025 00:25:57' (has: True)
2025-06-09 21:48:49 - PRINT -    - has_first: True, missing_second: False
2025-06-09 21:48:49 - PRINT - 🚛 PENDING DEBUG: ⏭️  Skipped ticket T0008 - not pending
2025-06-09 21:48:49 - PRINT - 🚛 PENDING DEBUG: Checking ticket T0009:
2025-06-09 21:48:49 - PRINT -    - first_weight: '26090.00' (has: True)
2025-06-09 21:48:49 - PRINT -    - first_timestamp: '04-06-2025 00:25:02' (has: True)
2025-06-09 21:48:49 - PRINT -    - second_weight: '9330.00' (has: True)
2025-06-09 21:48:49 - PRINT -    - second_timestamp: '04-06-2025 00:25:16' (has: True)
2025-06-09 21:48:49 - PRINT -    - has_first: True, missing_second: False
2025-06-09 21:48:49 - PRINT - 🚛 PENDING DEBUG: ⏭️  Skipped ticket T0009 - not pending
2025-06-09 21:48:49 - PRINT - 🚛 PENDING DEBUG: Checking ticket T0101:
2025-06-09 21:48:49 - PRINT -    - first_weight: '31470.00' (has: True)
2025-06-09 21:48:49 - PRINT -    - first_timestamp: '09-06-2025 21:45:57' (has: True)
2025-06-09 21:48:49 - PRINT -    - second_weight: '9120.00' (has: True)
2025-06-09 21:48:49 - PRINT -    - second_timestamp: '09-06-2025 21:46:00' (has: True)
2025-06-09 21:48:49 - PRINT -    - has_first: True, missing_second: False
2025-06-09 21:48:49 - PRINT - 🚛 PENDING DEBUG: ⏭️  Skipped ticket T0101 - not pending
2025-06-09 21:48:49 - PRINT - 🚛 PENDING DEBUG: Found 0 pending records
2025-06-09 21:48:49 - ERROR - 2025-06-09 21:48:49,669 - PendingVehiclesPanel - INFO - Found 0 pending records
2025-06-09 21:48:49 - PRINT - 🚛 PENDING DEBUG: ✅ Successfully refreshed pending list with 0 items
2025-06-09 21:48:49 - ERROR - 2025-06-09 21:48:49,673 - PendingVehiclesPanel - INFO - Successfully refreshed pending list with 0 items
2025-06-09 21:49:11 - PRINT - 🔄 Queue still has 1 items - starting another sync round
2025-06-09 21:49:11 - PRINT - ✅ Found data_manager from direct reference
2025-06-09 21:49:12 - PRINT - 🔥 Starting enhanced sync for 1 items
2025-06-09 21:49:12 - PRINT - 🔥 Starting ENHANCED FAST SYNC to FLUSH ALL 1 items from queue
2025-06-09 21:49:12 - PRINT - 🔥 ENHANCED FAST SYNC: FLUSHING ENTIRE QUEUE...
2025-06-09 21:49:12 - PRINT - 🚀 Enhanced sync started - will check if queue is empty in 30 seconds
2025-06-09 21:49:12 - PRINT - ⚡ Processing batch of 1 items with 5 parallel workers...
2025-06-09 21:49:12 - PRINT - ❌ Cloud storage not connected
2025-06-09 21:49:12 - PRINT - 🏁 Enhanced fast sync process completed
2025-06-09 21:49:42 - PRINT - ✅ Found data_manager from direct reference
2025-06-09 21:49:42 - PRINT - 🔄 Queue still has 1 items - starting another sync round
2025-06-09 21:49:43 - PRINT - 🔥 Starting enhanced sync for 1 items
2025-06-09 21:49:43 - PRINT - 🔥 Starting ENHANCED FAST SYNC to FLUSH ALL 1 items from queue
2025-06-09 21:49:43 - PRINT - 🔥 ENHANCED FAST SYNC: FLUSHING ENTIRE QUEUE...
2025-06-09 21:49:43 - PRINT - 🚀 Enhanced sync started - will check if queue is empty in 30 seconds
2025-06-09 21:49:43 - PRINT - ⚡ Processing batch of 1 items with 5 parallel workers...
2025-06-09 21:49:43 - PRINT - ❌ Cloud storage not connected
2025-06-09 21:49:43 - PRINT - 🏁 Enhanced fast sync process completed
2025-06-09 21:49:47 - ERROR - Traceback (most recent call last):
2025-06-09 21:49:47 - ERROR -   File "C:\Users\saait\Downloads\adex_nonlogin\advexe-fa064e14cc2125900dc230b01018a938253408bf\advitia_app.py", line 1067, in <module>
    root.mainloop()
    ~~~~~~~~~~~~~^^
2025-06-09 21:49:47 - ERROR -   File "C:\Program Files\Python313\Lib\tkinter\__init__.py", line 1599, in mainloop
    self.tk.mainloop(n)
    ~~~~~~~~~~~~~~~~^^^
2025-06-09 21:49:47 - ERROR - KeyboardInterrupt
2025-06-09 21:49:51 - PRINT - 📋 Unified logging initialized:
2025-06-09 21:49:51 - PRINT -    📄 Combined log: logs\combined_combined_2025-06-09.log
2025-06-09 21:49:51 - PRINT -    🖨️  Print log: logs\combined_prints_2025-06-09.log
2025-06-09 21:49:51 - PRINT -    📱 App log: logs\combined_app_2025-06-09.log
2025-06-09 21:49:51 - ERROR - 2025-06-09 21:49:51,435 - TharuniApp - INFO - ============================================================
2025-06-09 21:49:51 - ERROR - 2025-06-09 21:49:51,436 - TharuniApp - INFO - APPLICATION STARTUP
2025-06-09 21:49:51 - ERROR - 2025-06-09 21:49:51,438 - TharuniApp - INFO - ============================================================
2025-06-09 21:49:51 - PRINT - 📁 Unified folder structure initialized:
2025-06-09 21:49:51 - PRINT -    • Data: data
2025-06-09 21:49:51 - PRINT -    • Images: data\images
2025-06-09 21:49:51 - PRINT -    • Reports: data\reports
2025-06-09 21:49:51 - PRINT -    • JSON Backups: data\json_backups
2025-06-09 21:49:51 - PRINT - 🔒 OFFLINE-FIRST MODE ENABLED
2025-06-09 21:49:51 - PRINT -    • Records and PDFs saved locally first
2025-06-09 21:49:51 - PRINT -    • JSON backups created for complete records
2025-06-09 21:49:51 - PRINT -    • Cloud backup available via Settings > Backup
2025-06-09 21:49:51 - PRINT -    • No internet connection delays during regular saves
2025-06-09 21:49:51 - PRINT -    • Today's reports folder: data\reports\2025-06-09
2025-06-09 21:49:51 - PRINT -    • Today's JSON backups folder: data\json_backups\2025-06-09
2025-06-09 21:49:51 - PRINT -    • Auto cleanup: Keep 10 days, check every 1 day(s)
2025-06-09 21:49:51 - ERROR - 2025-06-09 21:49:51,454 - TharuniApp - INFO - Configuration setup completed
2025-06-09 21:49:51 - ERROR - 2025-06-09 21:49:51,457 - DataManager - INFO - DataManager initialized with OFFLINE-FIRST approach + JSON local storage
2025-06-09 21:49:51 - ERROR - 2025-06-09 21:49:51,459 - DataManager - INFO - CSV structure is up to date
2025-06-09 21:49:51 - ERROR - 2025-06-09 21:49:51,462 - DataManager - INFO - Daily PDF folder structure ready:
2025-06-09 21:49:51 - ERROR - 2025-06-09 21:49:51,463 - DataManager - INFO -   Base reports folder: data\reports
2025-06-09 21:49:51 - ERROR - 2025-06-09 21:49:51,464 - DataManager - INFO -   Today's folder: data\reports\2025-06-09
2025-06-09 21:49:51 - ERROR - 2025-06-09 21:49:51,465 - DataManager - INFO - Data file: data\weighbridge_data.csv
2025-06-09 21:49:51 - ERROR - 2025-06-09 21:49:51,466 - DataManager - INFO - Reports folder: data\reports
2025-06-09 21:49:51 - ERROR - 2025-06-09 21:49:51,468 - DataManager - INFO - JSON backup folder: data\json_backups
2025-06-09 21:49:51 - ERROR - 2025-06-09 21:49:51,469 - DataManager - INFO - PDF folder: data\reports\2025-06-09
2025-06-09 21:49:51 - ERROR - 2025-06-09 21:49:51,470 - DataManager - INFO - Cloud storage will only be initialized when backup is requested
2025-06-09 21:49:51 - ERROR - 2025-06-09 21:49:51,471 - TharuniApp - INFO - Data manager initialized
2025-06-09 21:49:51 - ERROR - 2025-06-09 21:49:51,475 - TharuniApp - INFO - Settings storage initialized
2025-06-09 21:49:51 - PRINT - Reading weighbridge settings from: data\app_settings.json
2025-06-09 21:49:51 - PRINT - Loaded weighbridge settings: {'com_port': '', 'baud_rate': 2400, 'data_bits': 8, 'parity': 'None', 'stop_bits': 1.0, 'test_mode': True}
2025-06-09 21:49:51 - PRINT - Reading camera settings from: data\app_settings.json
2025-06-09 21:49:51 - PRINT - Loaded camera settings: {'front_camera_type': 'USB', 'front_camera_index': 0, 'front_rtsp_username': '', 'front_rtsp_password': '', 'front_rtsp_ip': '', 'front_rtsp_port': '554', 'front_rtsp_endpoint': '/stream1', 'front_http_username': '', 'front_http_password': '', 'front_http_ip': '', 'front_http_port': '80', 'front_http_endpoint': '/mjpeg', 'back_camera_type': 'USB', 'back_camera_index': 1, 'back_rtsp_username': '', 'back_rtsp_password': '', 'back_rtsp_ip': '', 'back_rtsp_port': '554', 'back_rtsp_endpoint': '/stream1', 'back_http_username': '', 'back_http_password': '', 'back_http_ip': '', 'back_http_port': '80', 'back_http_endpoint': '/mjpeg'}
2025-06-09 21:49:51 - PRINT - Settings integrity check passed
2025-06-09 21:49:51 - ERROR - 2025-06-09 21:49:51,483 - TharuniApp - INFO - UI styles initialized
2025-06-09 21:49:51 - ERROR - 2025-06-09 21:49:51,483 - TharuniApp - INFO - Starting user authentication
2025-06-09 21:49:54 - ERROR - 2025-06-09 21:49:54,144 - TharuniApp - INFO - Authentication successful: admin
2025-06-09 21:49:54 - ERROR - 2025-06-09 21:49:54,145 - TharuniApp - INFO - User logged in: admin (Role: admin)
2025-06-09 21:49:54 - ERROR - 2025-06-09 21:49:54,146 - TharuniApp - INFO - Setting up data context
2025-06-09 21:49:54 - ERROR - 2025-06-09 21:49:54,147 - DataManager - INFO - CSV structure is up to date
2025-06-09 21:49:54 - ERROR - 2025-06-09 21:49:54,148 - DataManager - INFO - Data context set to: Agency='Coastal', Site='Eluru'
2025-06-09 21:49:54 - ERROR - 2025-06-09 21:49:54,149 - DataManager - INFO - Data file: data\Coastal_Eluru_data.csv
2025-06-09 21:49:54 - ERROR - 2025-06-09 21:49:54,150 - TharuniApp - INFO - Data context initialized: Agency='Coastal', Site='Eluru'
2025-06-09 21:49:54 - ERROR - 2025-06-09 21:49:54,151 - TharuniApp - INFO - Data will be saved to: data\Coastal_Eluru_data.csv
2025-06-09 21:49:54 - ERROR - 2025-06-09 21:49:54,153 - TharuniApp - INFO - PDFs will be saved to: data\reports\2025-06-09
2025-06-09 21:49:54 - ERROR - 2025-06-09 21:49:54,154 - TharuniApp - INFO - Creating application widgets
2025-06-09 21:49:54 - ERROR - 2025-06-09 21:49:54,164 - TharuniApp - INFO - Creating main panel
2025-06-09 21:49:54 - PRINT - 🎫 FORM DEBUG: Reserving next ticket number...
2025-06-09 21:49:54 - PRINT - 🎫 CONFIG DEBUG: Reserving next ticket number...
2025-06-09 21:49:54 - PRINT - 🎫 CONFIG DEBUG: Current ticket counter value: 102
2025-06-09 21:49:54 - PRINT - 🎫 CONFIG DEBUG: Reserved ticket number: T0102
2025-06-09 21:49:54 - PRINT - 🎫 FORM DEBUG: Reserved ticket number: T0102
2025-06-09 21:49:54 - ERROR - 2025-06-09 21:49:54,175 - FormValidator - INFO - FormValidator initialized
2025-06-09 21:49:54 - PRINT - ImageHandler initialized
2025-06-09 21:49:54 - ERROR - 2025-06-09 21:49:54,183 - DataManager - INFO - Successfully loaded 13 records from data\Coastal_Eluru_data.csv
2025-06-09 21:49:54 - PRINT - 🔍 Detecting available USB cameras...
2025-06-09 21:49:54 - PRINT - Error detecting cameras: type object 'RobustCameraView' has no attribute 'detect_available_cameras'
2025-06-09 21:49:54 - PRINT - Reading camera settings from: data\app_settings.json
2025-06-09 21:49:54 - PRINT - Loaded camera settings: {'front_camera_type': 'USB', 'front_camera_index': 0, 'front_rtsp_username': '', 'front_rtsp_password': '', 'front_rtsp_ip': '', 'front_rtsp_port': '554', 'front_rtsp_endpoint': '/stream1', 'front_http_username': '', 'front_http_password': '', 'front_http_ip': '', 'front_http_port': '80', 'front_http_endpoint': '/mjpeg', 'back_camera_type': 'USB', 'back_camera_index': 1, 'back_rtsp_username': '', 'back_rtsp_password': '', 'back_rtsp_ip': '', 'back_rtsp_port': '554', 'back_rtsp_endpoint': '/stream1', 'back_http_username': '', 'back_http_password': '', 'back_http_ip': '', 'back_http_port': '80', 'back_http_endpoint': '/mjpeg'}
2025-06-09 21:49:54 - PRINT - Front camera configured for USB index: 0
2025-06-09 21:49:54 - PRINT - Back camera configured for USB index: 1
2025-06-09 21:49:54 - PRINT - Camera settings loaded and applied to robust feed system
2025-06-09 21:49:54 - ERROR - 2025-06-09 21:49:54,782 - DataManager - INFO - Successfully loaded 13 records from data\Coastal_Eluru_data.csv
2025-06-09 21:49:54 - ERROR - 2025-06-09 21:49:54,783 - TharuniApp - INFO - Main form created
2025-06-09 21:49:54 - ERROR - 2025-06-09 21:49:54,786 - DataManager - INFO - CSV structure is up to date
2025-06-09 21:49:54 - ERROR - 2025-06-09 21:49:54,787 - DataManager - INFO - Data context set to: Agency='Coastal', Site='Eluru'
2025-06-09 21:49:54 - ERROR - 2025-06-09 21:49:54,788 - DataManager - INFO - Data file: data\Coastal_Eluru_data.csv
2025-06-09 21:49:54 - PRINT - Updated data context: Coastal_Eluru
2025-06-09 21:49:54 - ERROR - 2025-06-09 21:49:54,790 - DataManager - INFO - CSV structure is up to date
2025-06-09 21:49:54 - ERROR - 2025-06-09 21:49:54,792 - DataManager - INFO - Data context set to: Agency='Coastal', Site='Eluru'
2025-06-09 21:49:54 - ERROR - 2025-06-09 21:49:54,794 - DataManager - INFO - Data file: data\Coastal_Eluru_data.csv
2025-06-09 21:49:54 - PRINT - Updated data context: Coastal_Eluru
2025-06-09 21:49:54 - ERROR - 2025-06-09 21:49:54,798 - DataManager - INFO - CSV structure is up to date
2025-06-09 21:49:54 - ERROR - 2025-06-09 21:49:54,799 - DataManager - INFO - Data context set to: Agency='Coastal', Site='Eluru'
2025-06-09 21:49:54 - ERROR - 2025-06-09 21:49:54,800 - DataManager - INFO - Data file: data\Coastal_Eluru_data.csv
2025-06-09 21:49:54 - PRINT - Updated data context: Coastal_Eluru
2025-06-09 21:49:54 - ERROR - 2025-06-09 21:49:54,802 - PendingVehiclesPanel - INFO - PendingVehiclesPanel initialized
2025-06-09 21:49:54 - PRINT - 🚛 PENDING DEBUG: Refreshing pending vehicles list...
2025-06-09 21:49:54 - ERROR - 2025-06-09 21:49:54,811 - PendingVehiclesPanel - INFO - Refreshing pending vehicles list
2025-06-09 21:49:54 - ERROR - 2025-06-09 21:49:54,813 - DataManager - INFO - Successfully loaded 13 records from data\Coastal_Eluru_data.csv
2025-06-09 21:49:54 - PRINT - 🚛 PENDING DEBUG: Retrieved 13 total records
2025-06-09 21:49:54 - ERROR - 2025-06-09 21:49:54,814 - PendingVehiclesPanel - INFO - Retrieved 13 total records
2025-06-09 21:49:54 - PRINT - 🚛 PENDING DEBUG: Checking ticket T0031:
2025-06-09 21:49:54 - PRINT -    - first_weight: '32340.00' (has: True)
2025-06-09 21:49:54 - PRINT -    - first_timestamp: '03-06-2025 18:16:07' (has: True)
2025-06-09 21:49:54 - PRINT -    - second_weight: '14630.00' (has: True)
2025-06-09 21:49:54 - PRINT -    - second_timestamp: '03-06-2025 18:16:12' (has: True)
2025-06-09 21:49:54 - PRINT -    - has_first: True, missing_second: False
2025-06-09 21:49:54 - PRINT - 🚛 PENDING DEBUG: ⏭️  Skipped ticket T0031 - not pending
2025-06-09 21:49:54 - PRINT - 🚛 PENDING DEBUG: Checking ticket T0032:
2025-06-09 21:49:54 - PRINT -    - first_weight: '41900.00' (has: True)
2025-06-09 21:49:54 - PRINT -    - first_timestamp: '03-06-2025 18:40:02' (has: True)
2025-06-09 21:49:54 - PRINT -    - second_weight: '10350.00' (has: True)
2025-06-09 21:49:54 - PRINT -    - second_timestamp: '03-06-2025 18:40:19' (has: True)
2025-06-09 21:49:54 - PRINT -    - has_first: True, missing_second: False
2025-06-09 21:49:54 - PRINT - 🚛 PENDING DEBUG: ⏭️  Skipped ticket T0032 - not pending
2025-06-09 21:49:54 - PRINT - 🚛 PENDING DEBUG: Checking ticket T0033:
2025-06-09 21:49:54 - PRINT -    - first_weight: '21440.00' (has: True)
2025-06-09 21:49:54 - PRINT -    - first_timestamp: '03-06-2025 20:08:54' (has: True)
2025-06-09 21:49:54 - PRINT -    - second_weight: '8650.00' (has: True)
2025-06-09 21:49:54 - PRINT -    - second_timestamp: '03-06-2025 20:09:13' (has: True)
2025-06-09 21:49:54 - PRINT -    - has_first: True, missing_second: False
2025-06-09 21:49:54 - PRINT - 🚛 PENDING DEBUG: ⏭️  Skipped ticket T0033 - not pending
2025-06-09 21:49:54 - PRINT - 🚛 PENDING DEBUG: Checking ticket T0001:
2025-06-09 21:49:54 - PRINT -    - first_weight: '18310.00' (has: True)
2025-06-09 21:49:54 - PRINT -    - first_timestamp: '03-06-2025 20:11:03' (has: True)
2025-06-09 21:49:54 - PRINT -    - second_weight: '6050.00' (has: True)
2025-06-09 21:49:54 - PRINT -    - second_timestamp: '03-06-2025 20:12:07' (has: True)
2025-06-09 21:49:54 - PRINT -    - has_first: True, missing_second: False
2025-06-09 21:49:54 - PRINT - 🚛 PENDING DEBUG: ⏭️  Skipped ticket T0001 - not pending
2025-06-09 21:49:54 - PRINT - 🚛 PENDING DEBUG: Checking ticket T0002:
2025-06-09 21:49:54 - PRINT -    - first_weight: '15970.00' (has: True)
2025-06-09 21:49:54 - PRINT -    - first_timestamp: '03-06-2025 20:11:22' (has: True)
2025-06-09 21:49:54 - PRINT -    - second_weight: '5320.00' (has: True)
2025-06-09 21:49:54 - PRINT -    - second_timestamp: '03-06-2025 20:12:18' (has: True)
2025-06-09 21:49:54 - PRINT -    - has_first: True, missing_second: False
2025-06-09 21:49:54 - PRINT - 🚛 PENDING DEBUG: ⏭️  Skipped ticket T0002 - not pending
2025-06-09 21:49:54 - PRINT - 🚛 PENDING DEBUG: Checking ticket T0003:
2025-06-09 21:49:54 - PRINT -    - first_weight: '29910.00' (has: True)
2025-06-09 21:49:54 - PRINT -    - first_timestamp: '03-06-2025 20:11:44' (has: True)
2025-06-09 21:49:54 - PRINT -    - second_weight: '12080.00' (has: True)
2025-06-09 21:49:54 - PRINT -    - second_timestamp: '03-06-2025 20:11:54' (has: True)
2025-06-09 21:49:54 - PRINT -    - has_first: True, missing_second: False
2025-06-09 21:49:54 - PRINT - 🚛 PENDING DEBUG: ⏭️  Skipped ticket T0003 - not pending
2025-06-09 21:49:54 - PRINT - 🚛 PENDING DEBUG: Checking ticket T0004:
2025-06-09 21:49:54 - PRINT -    - first_weight: '16410.00' (has: True)
2025-06-09 21:49:54 - PRINT -    - first_timestamp: '03-06-2025 23:31:40' (has: True)
2025-06-09 21:49:54 - PRINT -    - second_weight: '12100.00' (has: True)
2025-06-09 21:49:54 - PRINT -    - second_timestamp: '03-06-2025 23:32:31' (has: True)
2025-06-09 21:49:54 - PRINT -    - has_first: True, missing_second: False
2025-06-09 21:49:54 - PRINT - 🚛 PENDING DEBUG: ⏭️  Skipped ticket T0004 - not pending
2025-06-09 21:49:54 - PRINT - 🚛 PENDING DEBUG: Checking ticket T0005:
2025-06-09 21:49:54 - PRINT -    - first_weight: '28940.00' (has: True)
2025-06-09 21:49:54 - PRINT -    - first_timestamp: '03-06-2025 23:31:54' (has: True)
2025-06-09 21:49:54 - PRINT -    - second_weight: '11150.00' (has: True)
2025-06-09 21:49:54 - PRINT -    - second_timestamp: '03-06-2025 23:32:43' (has: True)
2025-06-09 21:49:54 - PRINT -    - has_first: True, missing_second: False
2025-06-09 21:49:54 - PRINT - 🚛 PENDING DEBUG: ⏭️  Skipped ticket T0005 - not pending
2025-06-09 21:49:54 - PRINT - 🚛 PENDING DEBUG: Checking ticket T0006:
2025-06-09 21:49:54 - PRINT -    - first_weight: '18740.00' (has: True)
2025-06-09 21:49:54 - PRINT -    - first_timestamp: '03-06-2025 23:32:13' (has: True)
2025-06-09 21:49:54 - PRINT -    - second_weight: '8380.00' (has: True)
2025-06-09 21:49:54 - PRINT -    - second_timestamp: '03-06-2025 23:32:18' (has: True)
2025-06-09 21:49:54 - PRINT -    - has_first: True, missing_second: False
2025-06-09 21:49:54 - PRINT - 🚛 PENDING DEBUG: ⏭️  Skipped ticket T0006 - not pending
2025-06-09 21:49:54 - PRINT - 🚛 PENDING DEBUG: Checking ticket T0007:
2025-06-09 21:49:54 - PRINT -    - first_weight: '21910.00' (has: True)
2025-06-09 21:49:54 - PRINT -    - first_timestamp: '04-06-2025 00:24:28' (has: True)
2025-06-09 21:49:54 - PRINT -    - second_weight: '8430.00' (has: True)
2025-06-09 21:49:54 - PRINT -    - second_timestamp: '04-06-2025 00:26:14' (has: True)
2025-06-09 21:49:54 - PRINT -    - has_first: True, missing_second: False
2025-06-09 21:49:54 - PRINT - 🚛 PENDING DEBUG: ⏭️  Skipped ticket T0007 - not pending
2025-06-09 21:49:54 - PRINT - 🚛 PENDING DEBUG: Checking ticket T0008:
2025-06-09 21:49:54 - PRINT -    - first_weight: '21850.00' (has: True)
2025-06-09 21:49:54 - PRINT -    - first_timestamp: '04-06-2025 00:24:45' (has: True)
2025-06-09 21:49:54 - PRINT -    - second_weight: '10740.00' (has: True)
2025-06-09 21:49:54 - PRINT -    - second_timestamp: '04-06-2025 00:25:57' (has: True)
2025-06-09 21:49:54 - PRINT -    - has_first: True, missing_second: False
2025-06-09 21:49:54 - PRINT - 🚛 PENDING DEBUG: ⏭️  Skipped ticket T0008 - not pending
2025-06-09 21:49:54 - PRINT - 🚛 PENDING DEBUG: Checking ticket T0009:
2025-06-09 21:49:54 - PRINT -    - first_weight: '26090.00' (has: True)
2025-06-09 21:49:54 - PRINT -    - first_timestamp: '04-06-2025 00:25:02' (has: True)
2025-06-09 21:49:54 - PRINT -    - second_weight: '9330.00' (has: True)
2025-06-09 21:49:54 - PRINT -    - second_timestamp: '04-06-2025 00:25:16' (has: True)
2025-06-09 21:49:54 - PRINT -    - has_first: True, missing_second: False
2025-06-09 21:49:54 - PRINT - 🚛 PENDING DEBUG: ⏭️  Skipped ticket T0009 - not pending
2025-06-09 21:49:54 - PRINT - 🚛 PENDING DEBUG: Checking ticket T0101:
2025-06-09 21:49:54 - PRINT -    - first_weight: '31470.00' (has: True)
2025-06-09 21:49:54 - PRINT -    - first_timestamp: '09-06-2025 21:45:57' (has: True)
2025-06-09 21:49:54 - PRINT -    - second_weight: '9120.00' (has: True)
2025-06-09 21:49:54 - PRINT -    - second_timestamp: '09-06-2025 21:46:00' (has: True)
2025-06-09 21:49:54 - PRINT -    - has_first: True, missing_second: False
2025-06-09 21:49:54 - PRINT - 🚛 PENDING DEBUG: ⏭️  Skipped ticket T0101 - not pending
2025-06-09 21:49:54 - PRINT - 🚛 PENDING DEBUG: Found 0 pending records
2025-06-09 21:49:54 - ERROR - 2025-06-09 21:49:54,911 - PendingVehiclesPanel - INFO - Found 0 pending records
2025-06-09 21:49:54 - PRINT - 🚛 PENDING DEBUG: ✅ Successfully refreshed pending list with 0 items
2025-06-09 21:49:54 - ERROR - 2025-06-09 21:49:54,914 - PendingVehiclesPanel - INFO - Successfully refreshed pending list with 0 items
2025-06-09 21:49:54 - ERROR - 2025-06-09 21:49:54,915 - TharuniApp - INFO - Pending vehicles panel created
2025-06-09 21:49:55 - ERROR - 2025-06-09 21:49:55,108 - TharuniApp - INFO - Main panel creation completed
2025-06-09 21:49:55 - ERROR - 2025-06-09 21:49:55,115 - TharuniApp - INFO - Summary panel created
2025-06-09 21:49:55 - PRINT - ❌ Could not find data_manager anywhere
2025-06-09 21:49:55 - PRINT - Available attributes in self:
2025-06-09 21:49:55 - PRINT - ['data_bits_var', 'find_data_manager']
2025-06-09 21:49:55 - PRINT - Loading saved settings...
2025-06-09 21:49:55 - PRINT - Reading weighbridge settings from: data\app_settings.json
2025-06-09 21:49:55 - PRINT - Loaded weighbridge settings: {'com_port': '', 'baud_rate': 2400, 'data_bits': 8, 'parity': 'None', 'stop_bits': 1.0, 'test_mode': True}
2025-06-09 21:49:55 - PRINT - WeighbridgeManager test mode set to: True
2025-06-09 21:49:55 - PRINT - Applied test mode True to weighbridge manager
2025-06-09 21:49:55 - PRINT - Loaded weighbridge settings with test mode: True
2025-06-09 21:49:55 - PRINT - Reading camera settings from: data\app_settings.json
2025-06-09 21:49:55 - PRINT - Loaded camera settings: {'front_camera_type': 'USB', 'front_camera_index': 0, 'front_rtsp_username': '', 'front_rtsp_password': '', 'front_rtsp_ip': '', 'front_rtsp_port': '554', 'front_rtsp_endpoint': '/stream1', 'front_http_username': '', 'front_http_password': '', 'front_http_ip': '', 'front_http_port': '80', 'front_http_endpoint': '/mjpeg', 'back_camera_type': 'USB', 'back_camera_index': 1, 'back_rtsp_username': '', 'back_rtsp_password': '', 'back_rtsp_ip': '', 'back_rtsp_port': '554', 'back_rtsp_endpoint': '/stream1', 'back_http_username': '', 'back_http_password': '', 'back_http_ip': '', 'back_http_port': '80', 'back_http_endpoint': '/mjpeg'}
2025-06-09 21:49:55 - PRINT - Loading camera settings: {'front_camera_type': 'USB', 'front_camera_index': 0, 'front_rtsp_username': '', 'front_rtsp_password': '', 'front_rtsp_ip': '', 'front_rtsp_port': '554', 'front_rtsp_endpoint': '/stream1', 'front_http_username': '', 'front_http_password': '', 'front_http_ip': '', 'front_http_port': '80', 'front_http_endpoint': '/mjpeg', 'back_camera_type': 'USB', 'back_camera_index': 1, 'back_rtsp_username': '', 'back_rtsp_password': '', 'back_rtsp_ip': '', 'back_rtsp_port': '554', 'back_rtsp_endpoint': '/stream1', 'back_http_username': '', 'back_http_password': '', 'back_http_ip': '', 'back_http_port': '80', 'back_http_endpoint': '/mjpeg'}
2025-06-09 21:49:55 - PRINT - Camera settings loaded successfully
2025-06-09 21:49:55 - PRINT - All settings loaded successfully
2025-06-09 21:49:55 - ERROR - 2025-06-09 21:49:55,361 - TharuniApp - INFO - ✅ Data manager reference set in settings panel
2025-06-09 21:49:55 - ERROR - 2025-06-09 21:49:55,363 - TharuniApp - INFO - Widget creation completed successfully
2025-06-09 21:49:55 - PRINT - 🚛 PENDING DEBUG: Refreshing pending vehicles list...
2025-06-09 21:49:55 - ERROR - 2025-06-09 21:49:55,366 - PendingVehiclesPanel - INFO - Refreshing pending vehicles list
2025-06-09 21:49:55 - ERROR - 2025-06-09 21:49:55,368 - DataManager - INFO - Successfully loaded 13 records from data\Coastal_Eluru_data.csv
2025-06-09 21:49:55 - PRINT - 🚛 PENDING DEBUG: Retrieved 13 total records
2025-06-09 21:49:55 - ERROR - 2025-06-09 21:49:55,370 - PendingVehiclesPanel - INFO - Retrieved 13 total records
2025-06-09 21:49:55 - PRINT - 🚛 PENDING DEBUG: Checking ticket T0031:
2025-06-09 21:49:55 - PRINT -    - first_weight: '32340.00' (has: True)
2025-06-09 21:49:55 - PRINT -    - first_timestamp: '03-06-2025 18:16:07' (has: True)
2025-06-09 21:49:55 - PRINT -    - second_weight: '14630.00' (has: True)
2025-06-09 21:49:55 - PRINT -    - second_timestamp: '03-06-2025 18:16:12' (has: True)
2025-06-09 21:49:55 - PRINT -    - has_first: True, missing_second: False
2025-06-09 21:49:55 - PRINT - 🚛 PENDING DEBUG: ⏭️  Skipped ticket T0031 - not pending
2025-06-09 21:49:55 - PRINT - 🚛 PENDING DEBUG: Checking ticket T0032:
2025-06-09 21:49:55 - PRINT -    - first_weight: '41900.00' (has: True)
2025-06-09 21:49:55 - PRINT -    - first_timestamp: '03-06-2025 18:40:02' (has: True)
2025-06-09 21:49:55 - PRINT -    - second_weight: '10350.00' (has: True)
2025-06-09 21:49:55 - PRINT -    - second_timestamp: '03-06-2025 18:40:19' (has: True)
2025-06-09 21:49:55 - PRINT -    - has_first: True, missing_second: False
2025-06-09 21:49:55 - PRINT - 🚛 PENDING DEBUG: ⏭️  Skipped ticket T0032 - not pending
2025-06-09 21:49:55 - PRINT - 🚛 PENDING DEBUG: Checking ticket T0033:
2025-06-09 21:49:55 - PRINT -    - first_weight: '21440.00' (has: True)
2025-06-09 21:49:55 - PRINT -    - first_timestamp: '03-06-2025 20:08:54' (has: True)
2025-06-09 21:49:55 - PRINT -    - second_weight: '8650.00' (has: True)
2025-06-09 21:49:55 - PRINT -    - second_timestamp: '03-06-2025 20:09:13' (has: True)
2025-06-09 21:49:55 - PRINT -    - has_first: True, missing_second: False
2025-06-09 21:49:55 - PRINT - 🚛 PENDING DEBUG: ⏭️  Skipped ticket T0033 - not pending
2025-06-09 21:49:55 - PRINT - 🚛 PENDING DEBUG: Checking ticket T0001:
2025-06-09 21:49:55 - PRINT -    - first_weight: '18310.00' (has: True)
2025-06-09 21:49:55 - PRINT -    - first_timestamp: '03-06-2025 20:11:03' (has: True)
2025-06-09 21:49:55 - PRINT -    - second_weight: '6050.00' (has: True)
2025-06-09 21:49:55 - PRINT -    - second_timestamp: '03-06-2025 20:12:07' (has: True)
2025-06-09 21:49:55 - PRINT -    - has_first: True, missing_second: False
2025-06-09 21:49:55 - PRINT - 🚛 PENDING DEBUG: ⏭️  Skipped ticket T0001 - not pending
2025-06-09 21:49:55 - PRINT - 🚛 PENDING DEBUG: Checking ticket T0002:
2025-06-09 21:49:55 - PRINT -    - first_weight: '15970.00' (has: True)
2025-06-09 21:49:55 - PRINT -    - first_timestamp: '03-06-2025 20:11:22' (has: True)
2025-06-09 21:49:55 - PRINT -    - second_weight: '5320.00' (has: True)
2025-06-09 21:49:55 - PRINT -    - second_timestamp: '03-06-2025 20:12:18' (has: True)
2025-06-09 21:49:55 - PRINT -    - has_first: True, missing_second: False
2025-06-09 21:49:55 - PRINT - 🚛 PENDING DEBUG: ⏭️  Skipped ticket T0002 - not pending
2025-06-09 21:49:55 - PRINT - 🚛 PENDING DEBUG: Checking ticket T0003:
2025-06-09 21:49:55 - PRINT -    - first_weight: '29910.00' (has: True)
2025-06-09 21:49:55 - PRINT -    - first_timestamp: '03-06-2025 20:11:44' (has: True)
2025-06-09 21:49:55 - PRINT -    - second_weight: '12080.00' (has: True)
2025-06-09 21:49:55 - PRINT -    - second_timestamp: '03-06-2025 20:11:54' (has: True)
2025-06-09 21:49:55 - PRINT -    - has_first: True, missing_second: False
2025-06-09 21:49:55 - PRINT - 🚛 PENDING DEBUG: ⏭️  Skipped ticket T0003 - not pending
2025-06-09 21:49:55 - PRINT - 🚛 PENDING DEBUG: Checking ticket T0004:
2025-06-09 21:49:55 - PRINT -    - first_weight: '16410.00' (has: True)
2025-06-09 21:49:55 - PRINT -    - first_timestamp: '03-06-2025 23:31:40' (has: True)
2025-06-09 21:49:55 - PRINT -    - second_weight: '12100.00' (has: True)
2025-06-09 21:49:55 - PRINT -    - second_timestamp: '03-06-2025 23:32:31' (has: True)
2025-06-09 21:49:55 - PRINT -    - has_first: True, missing_second: False
2025-06-09 21:49:55 - PRINT - 🚛 PENDING DEBUG: ⏭️  Skipped ticket T0004 - not pending
2025-06-09 21:49:55 - PRINT - 🚛 PENDING DEBUG: Checking ticket T0005:
2025-06-09 21:49:55 - PRINT -    - first_weight: '28940.00' (has: True)
2025-06-09 21:49:55 - PRINT -    - first_timestamp: '03-06-2025 23:31:54' (has: True)
2025-06-09 21:49:55 - PRINT -    - second_weight: '11150.00' (has: True)
2025-06-09 21:49:55 - PRINT -    - second_timestamp: '03-06-2025 23:32:43' (has: True)
2025-06-09 21:49:55 - PRINT -    - has_first: True, missing_second: False
2025-06-09 21:49:55 - PRINT - 🚛 PENDING DEBUG: ⏭️  Skipped ticket T0005 - not pending
2025-06-09 21:49:55 - PRINT - 🚛 PENDING DEBUG: Checking ticket T0006:
2025-06-09 21:49:55 - PRINT -    - first_weight: '18740.00' (has: True)
2025-06-09 21:49:55 - PRINT -    - first_timestamp: '03-06-2025 23:32:13' (has: True)
2025-06-09 21:49:55 - PRINT -    - second_weight: '8380.00' (has: True)
2025-06-09 21:49:55 - PRINT -    - second_timestamp: '03-06-2025 23:32:18' (has: True)
2025-06-09 21:49:55 - PRINT -    - has_first: True, missing_second: False
2025-06-09 21:49:55 - PRINT - 🚛 PENDING DEBUG: ⏭️  Skipped ticket T0006 - not pending
2025-06-09 21:49:55 - PRINT - 🚛 PENDING DEBUG: Checking ticket T0007:
2025-06-09 21:49:55 - PRINT -    - first_weight: '21910.00' (has: True)
2025-06-09 21:49:55 - PRINT -    - first_timestamp: '04-06-2025 00:24:28' (has: True)
2025-06-09 21:49:55 - PRINT -    - second_weight: '8430.00' (has: True)
2025-06-09 21:49:55 - PRINT -    - second_timestamp: '04-06-2025 00:26:14' (has: True)
2025-06-09 21:49:55 - PRINT -    - has_first: True, missing_second: False
2025-06-09 21:49:55 - PRINT - 🚛 PENDING DEBUG: ⏭️  Skipped ticket T0007 - not pending
2025-06-09 21:49:55 - PRINT - 🚛 PENDING DEBUG: Checking ticket T0008:
2025-06-09 21:49:55 - PRINT -    - first_weight: '21850.00' (has: True)
2025-06-09 21:49:55 - PRINT -    - first_timestamp: '04-06-2025 00:24:45' (has: True)
2025-06-09 21:49:55 - PRINT -    - second_weight: '10740.00' (has: True)
2025-06-09 21:49:55 - PRINT -    - second_timestamp: '04-06-2025 00:25:57' (has: True)
2025-06-09 21:49:55 - PRINT -    - has_first: True, missing_second: False
2025-06-09 21:49:55 - PRINT - 🚛 PENDING DEBUG: ⏭️  Skipped ticket T0008 - not pending
2025-06-09 21:49:55 - PRINT - 🚛 PENDING DEBUG: Checking ticket T0009:
2025-06-09 21:49:55 - PRINT -    - first_weight: '26090.00' (has: True)
2025-06-09 21:49:55 - PRINT -    - first_timestamp: '04-06-2025 00:25:02' (has: True)
2025-06-09 21:49:55 - PRINT -    - second_weight: '9330.00' (has: True)
2025-06-09 21:49:55 - PRINT -    - second_timestamp: '04-06-2025 00:25:16' (has: True)
2025-06-09 21:49:55 - PRINT -    - has_first: True, missing_second: False
2025-06-09 21:49:55 - PRINT - 🚛 PENDING DEBUG: ⏭️  Skipped ticket T0009 - not pending
2025-06-09 21:49:55 - PRINT - 🚛 PENDING DEBUG: Checking ticket T0101:
2025-06-09 21:49:55 - PRINT -    - first_weight: '31470.00' (has: True)
2025-06-09 21:49:55 - PRINT -    - first_timestamp: '09-06-2025 21:45:57' (has: True)
2025-06-09 21:49:55 - PRINT -    - second_weight: '9120.00' (has: True)
2025-06-09 21:49:55 - PRINT -    - second_timestamp: '09-06-2025 21:46:00' (has: True)
2025-06-09 21:49:55 - PRINT -    - has_first: True, missing_second: False
2025-06-09 21:49:55 - PRINT - 🚛 PENDING DEBUG: ⏭️  Skipped ticket T0101 - not pending
2025-06-09 21:49:55 - PRINT - 🚛 PENDING DEBUG: Found 0 pending records
2025-06-09 21:49:55 - ERROR - 2025-06-09 21:49:55,474 - PendingVehiclesPanel - INFO - Found 0 pending records
2025-06-09 21:49:55 - PRINT - 🚛 PENDING DEBUG: ✅ Successfully refreshed pending list with 0 items
2025-06-09 21:49:55 - ERROR - 2025-06-09 21:49:55,476 - PendingVehiclesPanel - INFO - Successfully refreshed pending list with 0 items
2025-06-09 21:49:55 - ERROR - 2025-06-09 21:49:55,478 - DataManager - INFO - Created new daily folder: data\reports\09-06
2025-06-09 21:49:55 - PRINT - 📂 Loaded 1 items from queue file
2025-06-09 21:49:55 - PRINT - 📥 Queue initialized with 1 items
2025-06-09 21:49:55 - PRINT - 🚀 Fast sync manager initialized with parallel processing
2025-06-09 21:49:55 - PRINT - 🔍 Connectivity checker started (silent mode)
2025-06-09 21:49:55 - PRINT - 🎛️ Enhanced connectivity UI initialized with fast sync (silent mode)
2025-06-09 21:49:55 - PRINT - 🔄 Connectivity changed: 🌐 ONLINE
2025-06-09 21:49:55 - PRINT - ✅ Enhanced FAST connectivity added to app
2025-06-09 21:49:55 - ERROR - 2025-06-09 21:49:55,497 - TharuniApp - INFO - Application initialization completed successfully
2025-06-09 21:49:55 - PRINT - 🔄 Connectivity status changed: 🌐 Online
2025-06-09 21:49:55 - PRINT - 🌐 Internet connection detected - starting ENHANCED FAST SYNC for 1 items
2025-06-09 21:49:56 - PRINT - 🔥 Starting enhanced sync for 1 items
2025-06-09 21:49:56 - PRINT - 🔥 Starting ENHANCED FAST SYNC to FLUSH ALL 1 items from queue
2025-06-09 21:49:56 - PRINT - 🔥 ENHANCED FAST SYNC: FLUSHING ENTIRE QUEUE...
2025-06-09 21:49:56 - PRINT - 🚀 Enhanced sync started - will check if queue is empty in 30 seconds
2025-06-09 21:49:56 - PRINT - ⚡ Processing batch of 1 items with 5 parallel workers...
2025-06-09 21:49:56 - ERROR - 2025-06-09 21:49:56,376 - TharuniApp - INFO - Ensuring settings persistence...
2025-06-09 21:49:56 - PRINT - Reading weighbridge settings from: data\app_settings.json
2025-06-09 21:49:56 - PRINT - Loaded weighbridge settings: {'com_port': '', 'baud_rate': 2400, 'data_bits': 8, 'parity': 'None', 'stop_bits': 1.0, 'test_mode': True}
2025-06-09 21:49:56 - PRINT - Reading camera settings from: data\app_settings.json
2025-06-09 21:49:56 - PRINT - Loaded camera settings: {'front_camera_type': 'USB', 'front_camera_index': 0, 'front_rtsp_username': '', 'front_rtsp_password': '', 'front_rtsp_ip': '', 'front_rtsp_port': '554', 'front_rtsp_endpoint': '/stream1', 'front_http_username': '', 'front_http_password': '', 'front_http_ip': '', 'front_http_port': '80', 'front_http_endpoint': '/mjpeg', 'back_camera_type': 'USB', 'back_camera_index': 1, 'back_rtsp_username': '', 'back_rtsp_password': '', 'back_rtsp_ip': '', 'back_rtsp_port': '554', 'back_rtsp_endpoint': '/stream1', 'back_http_username': '', 'back_http_password': '', 'back_http_ip': '', 'back_http_port': '80', 'back_http_endpoint': '/mjpeg'}
2025-06-09 21:49:56 - PRINT - Settings integrity check passed
2025-06-09 21:49:56 - PRINT - Reading weighbridge settings from: data\app_settings.json
2025-06-09 21:49:56 - PRINT - Loaded weighbridge settings: {'com_port': '', 'baud_rate': 2400, 'data_bits': 8, 'parity': 'None', 'stop_bits': 1.0, 'test_mode': True}
2025-06-09 21:49:56 - ERROR - 2025-06-09 21:49:56,391 - TharuniApp - INFO - Settings persistence check completed
2025-06-09 21:49:56 - PRINT - ✅ Successfully connected to GCS bucket: advitia-weighbridge-data
2025-06-09 21:49:56 - ERROR - 2025-06-09 21:49:56,724 - DataManager - INFO - Cloud storage initialized on demand
2025-06-09 21:49:57 - PRINT - ✅ Saved JSON record as Coastal/Eluru/2025-06-09/json_backups/Coastal/Eluru/T0101/20250609_214956.json
2025-06-09 21:49:57 - ERROR - 2025-06-09 21:49:57,118 - DataManager - INFO - Record T0101 successfully saved to cloud at Coastal/Eluru/T0101/20250609_214956.json
2025-06-09 21:49:57 - ERROR - 2025-06-09 21:49:57,120 - DataManager - INFO - No images found to upload for ticket T0101
2025-06-09 21:49:57 - PRINT - ✅ 1/1: T0101 (0/0 images)
2025-06-09 21:49:57 - PRINT - 🗑️ Batch removing 1 successful items from queue...
2025-06-09 21:49:57 - PRINT - 🗑️ Batch removed 1 items from queue (Queue size: 0)
2025-06-09 21:49:57 - PRINT - 📊 Batch complete: 1 synced, 0 failed, 0 remaining
2025-06-09 21:49:57 - PRINT - 📭 Queue is now empty - sync complete!
2025-06-09 21:49:57 - PRINT - 🔥 ENHANCED FAST SYNC COMPLETED in 0.99s:
2025-06-09 21:49:57 - PRINT -    ✅ Total Synced: 1 records
2025-06-09 21:49:57 - PRINT -    🖼️ Total Images: 0
2025-06-09 21:49:57 - PRINT -    ❌ Total Failed: 0
2025-06-09 21:49:57 - PRINT -    📋 Remaining: 0
2025-06-09 21:49:57 - PRINT -    📊 Average Speed: 1.0 records/sec
2025-06-09 21:49:57 - PRINT - 🎉 QUEUE FLUSHED! Successfully synced 1 records to cloud in 0.99s!
2025-06-09 21:49:57 - PRINT - 🏆 QUEUE IS NOW COMPLETELY EMPTY!
2025-06-09 21:49:57 - PRINT - 🏁 Enhanced fast sync process completed
2025-06-09 21:50:00 - PRINT - ✅ Found data_manager from direct reference
2025-06-09 21:50:01 - ERROR - 2025-06-09 21:50:01,142 - DataManager - INFO - Found 118 JSON backup files for bulk upload
2025-06-09 21:50:07 - PRINT - 🧹 Cleaning up connectivity resources
2025-06-09 21:50:07 - PRINT - 🛑 Stopping connectivity checker
2025-06-09 21:50:07 - PRINT - ✅ Connectivity cleanup completed
2025-06-09 21:50:07 - ERROR - 2025-06-09 21:50:07,913 - TharuniApp - INFO - Application closing - saving settings...
2025-06-09 21:50:07 - PRINT - Saving settings on close...
2025-06-09 21:50:07 - PRINT - Saving weighbridge settings to: data\app_settings.json
2025-06-09 21:50:07 - PRINT - Settings to save: {'com_port': '', 'baud_rate': 2400, 'data_bits': 8, 'parity': 'Even', 'stop_bits': 1.0, 'test_mode': True}
2025-06-09 21:50:07 - PRINT - Weighbridge settings saved successfully
2025-06-09 21:50:07 - PRINT - Weighbridge settings with test mode saved successfully
2025-06-09 21:50:07 - PRINT - Saving camera settings: {'front_camera_type': 'USB', 'front_camera_index': 0, 'front_rtsp_username': '', 'front_rtsp_password': '', 'front_rtsp_ip': '', 'front_rtsp_port': '554', 'front_rtsp_endpoint': '/stream1', 'front_http_username': '', 'front_http_password': '', 'front_http_ip': '', 'front_http_port': '80', 'front_http_endpoint': '/mjpeg', 'back_camera_type': 'USB', 'back_camera_index': 1, 'back_rtsp_username': '', 'back_rtsp_password': '', 'back_rtsp_ip': '', 'back_rtsp_port': '554', 'back_rtsp_endpoint': '/stream1', 'back_http_username': '', 'back_http_password': '', 'back_http_ip': '', 'back_http_port': '80', 'back_http_endpoint': '/mjpeg'}
2025-06-09 21:50:07 - PRINT - Saving camera settings to: data\app_settings.json
2025-06-09 21:50:07 - PRINT - Camera settings to save: {'front_camera_type': 'USB', 'front_camera_index': 0, 'front_rtsp_username': '', 'front_rtsp_password': '', 'front_rtsp_ip': '', 'front_rtsp_port': '554', 'front_rtsp_endpoint': '/stream1', 'front_http_username': '', 'front_http_password': '', 'front_http_ip': '', 'front_http_port': '80', 'front_http_endpoint': '/mjpeg', 'back_camera_type': 'USB', 'back_camera_index': 1, 'back_rtsp_username': '', 'back_rtsp_password': '', 'back_rtsp_ip': '', 'back_rtsp_port': '554', 'back_rtsp_endpoint': '/stream1', 'back_http_username': '', 'back_http_password': '', 'back_http_ip': '', 'back_http_port': '80', 'back_http_endpoint': '/mjpeg'}
2025-06-09 21:50:07 - PRINT - Camera settings saved successfully
2025-06-09 21:50:07 - PRINT - Camera settings saved to file
2025-06-09 21:50:07 - ERROR - 2025-06-09 21:50:07,940 - TharuniApp - INFO - Updating camera settings: {'front_camera_type': 'USB', 'front_camera_index': 0, 'front_rtsp_username': '', 'front_rtsp_password': '', 'front_rtsp_ip': '', 'front_rtsp_port': '554', 'front_rtsp_endpoint': '/stream1', 'front_http_username': '', 'front_http_password': '', 'front_http_ip': '', 'front_http_port': '80', 'front_http_endpoint': '/mjpeg', 'back_camera_type': 'USB', 'back_camera_index': 1, 'back_rtsp_username': '', 'back_rtsp_password': '', 'back_rtsp_ip': '', 'back_rtsp_port': '554', 'back_rtsp_endpoint': '/stream1', 'back_http_username': '', 'back_http_password': '', 'back_http_ip': '', 'back_http_port': '80', 'back_http_endpoint': '/mjpeg'}
2025-06-09 21:50:07 - PRINT - Updating robust camera settings: {'front_camera_type': 'USB', 'front_camera_index': 0, 'front_rtsp_username': '', 'front_rtsp_password': '', 'front_rtsp_ip': '', 'front_rtsp_port': '554', 'front_rtsp_endpoint': '/stream1', 'front_http_username': '', 'front_http_password': '', 'front_http_ip': '', 'front_http_port': '80', 'front_http_endpoint': '/mjpeg', 'back_camera_type': 'USB', 'back_camera_index': 1, 'back_rtsp_username': '', 'back_rtsp_password': '', 'back_rtsp_ip': '', 'back_rtsp_port': '554', 'back_rtsp_endpoint': '/stream1', 'back_http_username': '', 'back_http_password': '', 'back_http_ip': '', 'back_http_port': '80', 'back_http_endpoint': '/mjpeg'}
2025-06-09 21:50:07 - PRINT - Camera settings updated for robust feed system
2025-06-09 21:50:07 - PRINT - Saving camera settings to: data\app_settings.json
2025-06-09 21:50:07 - PRINT - Camera settings to save: {'front_camera_type': 'USB', 'front_camera_index': 0, 'front_rtsp_username': '', 'front_rtsp_password': '', 'front_rtsp_ip': '', 'front_rtsp_port': '554', 'front_rtsp_endpoint': '/stream1', 'front_http_username': '', 'front_http_password': '', 'front_http_ip': '', 'front_http_port': '80', 'front_http_endpoint': '/mjpeg', 'back_camera_type': 'USB', 'back_camera_index': 1, 'back_rtsp_username': '', 'back_rtsp_password': '', 'back_rtsp_ip': '', 'back_rtsp_port': '554', 'back_rtsp_endpoint': '/stream1', 'back_http_username': '', 'back_http_password': '', 'back_http_ip': '', 'back_http_port': '80', 'back_http_endpoint': '/mjpeg'}
2025-06-09 21:50:07 - PRINT - Camera settings saved successfully
2025-06-09 21:50:07 - ERROR - 2025-06-09 21:50:07,949 - TharuniApp - INFO - Camera settings saved for persistence
2025-06-09 21:50:07 - PRINT - Disconnected from weighbridge
2025-06-09 21:50:07 - PRINT - Settings saved on close
2025-06-09 21:50:07 - ERROR - 2025-06-09 21:50:07,953 - TharuniApp - INFO - ============================================================
2025-06-09 21:50:07 - ERROR - 2025-06-09 21:50:07,954 - TharuniApp - INFO - APPLICATION SHUTDOWN COMPLETED
2025-06-09 21:50:07 - ERROR - 2025-06-09 21:50:07,955 - TharuniApp - INFO - ============================================================
2025-06-09 21:50:15 - PRINT - 📋 Unified logging initialized:
2025-06-09 21:50:15 - PRINT -    📄 Combined log: logs\combined_combined_2025-06-09.log
2025-06-09 21:50:15 - PRINT -    🖨️  Print log: logs\combined_prints_2025-06-09.log
2025-06-09 21:50:15 - PRINT -    📱 App log: logs\combined_app_2025-06-09.log
2025-06-09 21:50:15 - ERROR - 2025-06-09 21:50:15,591 - TharuniApp - INFO - ============================================================
2025-06-09 21:50:15 - ERROR - 2025-06-09 21:50:15,592 - TharuniApp - INFO - APPLICATION STARTUP
2025-06-09 21:50:15 - ERROR - 2025-06-09 21:50:15,593 - TharuniApp - INFO - ============================================================
2025-06-09 21:50:15 - PRINT - 📁 Unified folder structure initialized:
2025-06-09 21:50:15 - PRINT -    • Data: data
2025-06-09 21:50:15 - PRINT -    • Images: data\images
2025-06-09 21:50:15 - PRINT -    • Reports: data\reports
2025-06-09 21:50:15 - PRINT -    • JSON Backups: data\json_backups
2025-06-09 21:50:15 - PRINT - 🔒 OFFLINE-FIRST MODE ENABLED
2025-06-09 21:50:15 - PRINT -    • Records and PDFs saved locally first
2025-06-09 21:50:15 - PRINT -    • JSON backups created for complete records
2025-06-09 21:50:15 - PRINT -    • Cloud backup available via Settings > Backup
2025-06-09 21:50:15 - PRINT -    • No internet connection delays during regular saves
2025-06-09 21:50:15 - PRINT -    • Today's reports folder: data\reports\2025-06-09
2025-06-09 21:50:15 - PRINT -    • Today's JSON backups folder: data\json_backups\2025-06-09
2025-06-09 21:50:15 - PRINT -    • Auto cleanup: Keep 10 days, check every 1 day(s)
2025-06-09 21:50:15 - ERROR - 2025-06-09 21:50:15,609 - TharuniApp - INFO - Configuration setup completed
2025-06-09 21:50:15 - ERROR - 2025-06-09 21:50:15,610 - DataManager - INFO - DataManager initialized with OFFLINE-FIRST approach + JSON local storage
2025-06-09 21:50:15 - ERROR - 2025-06-09 21:50:15,611 - DataManager - INFO - CSV structure is up to date
2025-06-09 21:50:15 - ERROR - 2025-06-09 21:50:15,613 - DataManager - INFO - Daily PDF folder structure ready:
2025-06-09 21:50:15 - ERROR - 2025-06-09 21:50:15,613 - DataManager - INFO -   Base reports folder: data\reports
2025-06-09 21:50:15 - ERROR - 2025-06-09 21:50:15,614 - DataManager - INFO -   Today's folder: data\reports\2025-06-09
2025-06-09 21:50:15 - ERROR - 2025-06-09 21:50:15,616 - DataManager - INFO - Data file: data\weighbridge_data.csv
2025-06-09 21:50:15 - ERROR - 2025-06-09 21:50:15,617 - DataManager - INFO - Reports folder: data\reports
2025-06-09 21:50:15 - ERROR - 2025-06-09 21:50:15,618 - DataManager - INFO - JSON backup folder: data\json_backups
2025-06-09 21:50:15 - ERROR - 2025-06-09 21:50:15,619 - DataManager - INFO - PDF folder: data\reports\2025-06-09
2025-06-09 21:50:15 - ERROR - 2025-06-09 21:50:15,621 - DataManager - INFO - Cloud storage will only be initialized when backup is requested
2025-06-09 21:50:15 - ERROR - 2025-06-09 21:50:15,622 - TharuniApp - INFO - Data manager initialized
2025-06-09 21:50:15 - ERROR - 2025-06-09 21:50:15,623 - TharuniApp - INFO - Settings storage initialized
2025-06-09 21:50:15 - PRINT - Reading weighbridge settings from: data\app_settings.json
2025-06-09 21:50:15 - PRINT - Loaded weighbridge settings: {'com_port': '', 'baud_rate': 2400, 'data_bits': 8, 'parity': 'Even', 'stop_bits': 1.0, 'test_mode': True}
2025-06-09 21:50:15 - PRINT - Reading camera settings from: data\app_settings.json
2025-06-09 21:50:15 - PRINT - Loaded camera settings: {'front_camera_type': 'USB', 'front_camera_index': 0, 'front_rtsp_username': '', 'front_rtsp_password': '', 'front_rtsp_ip': '', 'front_rtsp_port': '554', 'front_rtsp_endpoint': '/stream1', 'front_http_username': '', 'front_http_password': '', 'front_http_ip': '', 'front_http_port': '80', 'front_http_endpoint': '/mjpeg', 'back_camera_type': 'USB', 'back_camera_index': 1, 'back_rtsp_username': '', 'back_rtsp_password': '', 'back_rtsp_ip': '', 'back_rtsp_port': '554', 'back_rtsp_endpoint': '/stream1', 'back_http_username': '', 'back_http_password': '', 'back_http_ip': '', 'back_http_port': '80', 'back_http_endpoint': '/mjpeg'}
2025-06-09 21:50:15 - PRINT - Settings integrity check passed
2025-06-09 21:50:15 - ERROR - 2025-06-09 21:50:15,630 - TharuniApp - INFO - UI styles initialized
2025-06-09 21:50:15 - ERROR - 2025-06-09 21:50:15,631 - TharuniApp - INFO - Starting user authentication
2025-06-09 21:50:17 - ERROR - 2025-06-09 21:50:17,970 - TharuniApp - INFO - Authentication successful: admin
2025-06-09 21:50:17 - ERROR - 2025-06-09 21:50:17,972 - TharuniApp - INFO - User logged in: admin (Role: admin)
2025-06-09 21:50:17 - ERROR - 2025-06-09 21:50:17,973 - TharuniApp - INFO - Setting up data context
2025-06-09 21:50:17 - ERROR - 2025-06-09 21:50:17,974 - DataManager - INFO - CSV structure is up to date
2025-06-09 21:50:17 - ERROR - 2025-06-09 21:50:17,975 - DataManager - INFO - Data context set to: Agency='Coastal', Site='Eluru'
2025-06-09 21:50:17 - ERROR - 2025-06-09 21:50:17,976 - DataManager - INFO - Data file: data\Coastal_Eluru_data.csv
2025-06-09 21:50:17 - ERROR - 2025-06-09 21:50:17,977 - TharuniApp - INFO - Data context initialized: Agency='Coastal', Site='Eluru'
2025-06-09 21:50:17 - ERROR - 2025-06-09 21:50:17,978 - TharuniApp - INFO - Data will be saved to: data\Coastal_Eluru_data.csv
2025-06-09 21:50:17 - ERROR - 2025-06-09 21:50:17,979 - TharuniApp - INFO - PDFs will be saved to: data\reports\2025-06-09
2025-06-09 21:50:17 - ERROR - 2025-06-09 21:50:17,980 - TharuniApp - INFO - Creating application widgets
2025-06-09 21:50:17 - ERROR - 2025-06-09 21:50:17,990 - TharuniApp - INFO - Creating main panel
2025-06-09 21:50:17 - PRINT - 🎫 FORM DEBUG: Reserving next ticket number...
2025-06-09 21:50:17 - PRINT - 🎫 CONFIG DEBUG: Reserving next ticket number...
2025-06-09 21:50:17 - PRINT - 🎫 CONFIG DEBUG: Current ticket counter value: 102
2025-06-09 21:50:17 - PRINT - 🎫 CONFIG DEBUG: Reserved ticket number: T0102
2025-06-09 21:50:17 - PRINT - 🎫 FORM DEBUG: Reserved ticket number: T0102
2025-06-09 21:50:17 - ERROR - 2025-06-09 21:50:17,998 - FormValidator - INFO - FormValidator initialized
2025-06-09 21:50:17 - PRINT - ImageHandler initialized
2025-06-09 21:50:18 - ERROR - 2025-06-09 21:50:18,010 - DataManager - INFO - Successfully loaded 13 records from data\Coastal_Eluru_data.csv
2025-06-09 21:50:18 - PRINT - 🔍 Detecting available USB cameras...
2025-06-09 21:50:18 - PRINT - Error detecting cameras: type object 'RobustCameraView' has no attribute 'detect_available_cameras'
2025-06-09 21:50:18 - PRINT - Reading camera settings from: data\app_settings.json
2025-06-09 21:50:18 - PRINT - Loaded camera settings: {'front_camera_type': 'USB', 'front_camera_index': 0, 'front_rtsp_username': '', 'front_rtsp_password': '', 'front_rtsp_ip': '', 'front_rtsp_port': '554', 'front_rtsp_endpoint': '/stream1', 'front_http_username': '', 'front_http_password': '', 'front_http_ip': '', 'front_http_port': '80', 'front_http_endpoint': '/mjpeg', 'back_camera_type': 'USB', 'back_camera_index': 1, 'back_rtsp_username': '', 'back_rtsp_password': '', 'back_rtsp_ip': '', 'back_rtsp_port': '554', 'back_rtsp_endpoint': '/stream1', 'back_http_username': '', 'back_http_password': '', 'back_http_ip': '', 'back_http_port': '80', 'back_http_endpoint': '/mjpeg'}
2025-06-09 21:50:18 - PRINT - Front camera configured for USB index: 0
2025-06-09 21:50:18 - PRINT - Back camera configured for USB index: 1
2025-06-09 21:50:18 - PRINT - Camera settings loaded and applied to robust feed system
2025-06-09 21:50:18 - ERROR - 2025-06-09 21:50:18,625 - DataManager - INFO - Successfully loaded 13 records from data\Coastal_Eluru_data.csv
2025-06-09 21:50:18 - ERROR - 2025-06-09 21:50:18,626 - TharuniApp - INFO - Main form created
2025-06-09 21:50:18 - ERROR - 2025-06-09 21:50:18,628 - DataManager - INFO - CSV structure is up to date
2025-06-09 21:50:18 - ERROR - 2025-06-09 21:50:18,629 - DataManager - INFO - Data context set to: Agency='Coastal', Site='Eluru'
2025-06-09 21:50:18 - ERROR - 2025-06-09 21:50:18,630 - DataManager - INFO - Data file: data\Coastal_Eluru_data.csv
2025-06-09 21:50:18 - PRINT - Updated data context: Coastal_Eluru
2025-06-09 21:50:18 - ERROR - 2025-06-09 21:50:18,633 - DataManager - INFO - CSV structure is up to date
2025-06-09 21:50:18 - ERROR - 2025-06-09 21:50:18,635 - DataManager - INFO - Data context set to: Agency='Coastal', Site='Eluru'
2025-06-09 21:50:18 - ERROR - 2025-06-09 21:50:18,636 - DataManager - INFO - Data file: data\Coastal_Eluru_data.csv
2025-06-09 21:50:18 - PRINT - Updated data context: Coastal_Eluru
2025-06-09 21:50:18 - ERROR - 2025-06-09 21:50:18,638 - DataManager - INFO - CSV structure is up to date
2025-06-09 21:50:18 - ERROR - 2025-06-09 21:50:18,639 - DataManager - INFO - Data context set to: Agency='Coastal', Site='Eluru'
2025-06-09 21:50:18 - ERROR - 2025-06-09 21:50:18,640 - DataManager - INFO - Data file: data\Coastal_Eluru_data.csv
2025-06-09 21:50:18 - PRINT - Updated data context: Coastal_Eluru
2025-06-09 21:50:18 - ERROR - 2025-06-09 21:50:18,642 - PendingVehiclesPanel - INFO - PendingVehiclesPanel initialized
2025-06-09 21:50:18 - PRINT - 🚛 PENDING DEBUG: Refreshing pending vehicles list...
2025-06-09 21:50:18 - ERROR - 2025-06-09 21:50:18,650 - PendingVehiclesPanel - INFO - Refreshing pending vehicles list
2025-06-09 21:50:18 - ERROR - 2025-06-09 21:50:18,652 - DataManager - INFO - Successfully loaded 13 records from data\Coastal_Eluru_data.csv
2025-06-09 21:50:18 - PRINT - 🚛 PENDING DEBUG: Retrieved 13 total records
2025-06-09 21:50:18 - ERROR - 2025-06-09 21:50:18,654 - PendingVehiclesPanel - INFO - Retrieved 13 total records
2025-06-09 21:50:18 - PRINT - 🚛 PENDING DEBUG: Checking ticket T0031:
2025-06-09 21:50:18 - PRINT -    - first_weight: '32340.00' (has: True)
2025-06-09 21:50:18 - PRINT -    - first_timestamp: '03-06-2025 18:16:07' (has: True)
2025-06-09 21:50:18 - PRINT -    - second_weight: '14630.00' (has: True)
2025-06-09 21:50:18 - PRINT -    - second_timestamp: '03-06-2025 18:16:12' (has: True)
2025-06-09 21:50:18 - PRINT -    - has_first: True, missing_second: False
2025-06-09 21:50:18 - PRINT - 🚛 PENDING DEBUG: ⏭️  Skipped ticket T0031 - not pending
2025-06-09 21:50:18 - PRINT - 🚛 PENDING DEBUG: Checking ticket T0032:
2025-06-09 21:50:18 - PRINT -    - first_weight: '41900.00' (has: True)
2025-06-09 21:50:18 - PRINT -    - first_timestamp: '03-06-2025 18:40:02' (has: True)
2025-06-09 21:50:18 - PRINT -    - second_weight: '10350.00' (has: True)
2025-06-09 21:50:18 - PRINT -    - second_timestamp: '03-06-2025 18:40:19' (has: True)
2025-06-09 21:50:18 - PRINT -    - has_first: True, missing_second: False
2025-06-09 21:50:18 - PRINT - 🚛 PENDING DEBUG: ⏭️  Skipped ticket T0032 - not pending
2025-06-09 21:50:18 - PRINT - 🚛 PENDING DEBUG: Checking ticket T0033:
2025-06-09 21:50:18 - PRINT -    - first_weight: '21440.00' (has: True)
2025-06-09 21:50:18 - PRINT -    - first_timestamp: '03-06-2025 20:08:54' (has: True)
2025-06-09 21:50:18 - PRINT -    - second_weight: '8650.00' (has: True)
2025-06-09 21:50:18 - PRINT -    - second_timestamp: '03-06-2025 20:09:13' (has: True)
2025-06-09 21:50:18 - PRINT -    - has_first: True, missing_second: False
2025-06-09 21:50:18 - PRINT - 🚛 PENDING DEBUG: ⏭️  Skipped ticket T0033 - not pending
2025-06-09 21:50:18 - PRINT - 🚛 PENDING DEBUG: Checking ticket T0001:
2025-06-09 21:50:18 - PRINT -    - first_weight: '18310.00' (has: True)
2025-06-09 21:50:18 - PRINT -    - first_timestamp: '03-06-2025 20:11:03' (has: True)
2025-06-09 21:50:18 - PRINT -    - second_weight: '6050.00' (has: True)
2025-06-09 21:50:18 - PRINT -    - second_timestamp: '03-06-2025 20:12:07' (has: True)
2025-06-09 21:50:18 - PRINT -    - has_first: True, missing_second: False
2025-06-09 21:50:18 - PRINT - 🚛 PENDING DEBUG: ⏭️  Skipped ticket T0001 - not pending
2025-06-09 21:50:18 - PRINT - 🚛 PENDING DEBUG: Checking ticket T0002:
2025-06-09 21:50:18 - PRINT -    - first_weight: '15970.00' (has: True)
2025-06-09 21:50:18 - PRINT -    - first_timestamp: '03-06-2025 20:11:22' (has: True)
2025-06-09 21:50:18 - PRINT -    - second_weight: '5320.00' (has: True)
2025-06-09 21:50:18 - PRINT -    - second_timestamp: '03-06-2025 20:12:18' (has: True)
2025-06-09 21:50:18 - PRINT -    - has_first: True, missing_second: False
2025-06-09 21:50:18 - PRINT - 🚛 PENDING DEBUG: ⏭️  Skipped ticket T0002 - not pending
2025-06-09 21:50:18 - PRINT - 🚛 PENDING DEBUG: Checking ticket T0003:
2025-06-09 21:50:18 - PRINT -    - first_weight: '29910.00' (has: True)
2025-06-09 21:50:18 - PRINT -    - first_timestamp: '03-06-2025 20:11:44' (has: True)
2025-06-09 21:50:18 - PRINT -    - second_weight: '12080.00' (has: True)
2025-06-09 21:50:18 - PRINT -    - second_timestamp: '03-06-2025 20:11:54' (has: True)
2025-06-09 21:50:18 - PRINT -    - has_first: True, missing_second: False
2025-06-09 21:50:18 - PRINT - 🚛 PENDING DEBUG: ⏭️  Skipped ticket T0003 - not pending
2025-06-09 21:50:18 - PRINT - 🚛 PENDING DEBUG: Checking ticket T0004:
2025-06-09 21:50:18 - PRINT -    - first_weight: '16410.00' (has: True)
2025-06-09 21:50:18 - PRINT -    - first_timestamp: '03-06-2025 23:31:40' (has: True)
2025-06-09 21:50:18 - PRINT -    - second_weight: '12100.00' (has: True)
2025-06-09 21:50:18 - PRINT -    - second_timestamp: '03-06-2025 23:32:31' (has: True)
2025-06-09 21:50:18 - PRINT -    - has_first: True, missing_second: False
2025-06-09 21:50:18 - PRINT - 🚛 PENDING DEBUG: ⏭️  Skipped ticket T0004 - not pending
2025-06-09 21:50:18 - PRINT - 🚛 PENDING DEBUG: Checking ticket T0005:
2025-06-09 21:50:18 - PRINT -    - first_weight: '28940.00' (has: True)
2025-06-09 21:50:18 - PRINT -    - first_timestamp: '03-06-2025 23:31:54' (has: True)
2025-06-09 21:50:18 - PRINT -    - second_weight: '11150.00' (has: True)
2025-06-09 21:50:18 - PRINT -    - second_timestamp: '03-06-2025 23:32:43' (has: True)
2025-06-09 21:50:18 - PRINT -    - has_first: True, missing_second: False
2025-06-09 21:50:18 - PRINT - 🚛 PENDING DEBUG: ⏭️  Skipped ticket T0005 - not pending
2025-06-09 21:50:18 - PRINT - 🚛 PENDING DEBUG: Checking ticket T0006:
2025-06-09 21:50:18 - PRINT -    - first_weight: '18740.00' (has: True)
2025-06-09 21:50:18 - PRINT -    - first_timestamp: '03-06-2025 23:32:13' (has: True)
2025-06-09 21:50:18 - PRINT -    - second_weight: '8380.00' (has: True)
2025-06-09 21:50:18 - PRINT -    - second_timestamp: '03-06-2025 23:32:18' (has: True)
2025-06-09 21:50:18 - PRINT -    - has_first: True, missing_second: False
2025-06-09 21:50:18 - PRINT - 🚛 PENDING DEBUG: ⏭️  Skipped ticket T0006 - not pending
2025-06-09 21:50:18 - PRINT - 🚛 PENDING DEBUG: Checking ticket T0007:
2025-06-09 21:50:18 - PRINT -    - first_weight: '21910.00' (has: True)
2025-06-09 21:50:18 - PRINT -    - first_timestamp: '04-06-2025 00:24:28' (has: True)
2025-06-09 21:50:18 - PRINT -    - second_weight: '8430.00' (has: True)
2025-06-09 21:50:18 - PRINT -    - second_timestamp: '04-06-2025 00:26:14' (has: True)
2025-06-09 21:50:18 - PRINT -    - has_first: True, missing_second: False
2025-06-09 21:50:18 - PRINT - 🚛 PENDING DEBUG: ⏭️  Skipped ticket T0007 - not pending
2025-06-09 21:50:18 - PRINT - 🚛 PENDING DEBUG: Checking ticket T0008:
2025-06-09 21:50:18 - PRINT -    - first_weight: '21850.00' (has: True)
2025-06-09 21:50:18 - PRINT -    - first_timestamp: '04-06-2025 00:24:45' (has: True)
2025-06-09 21:50:18 - PRINT -    - second_weight: '10740.00' (has: True)
2025-06-09 21:50:18 - PRINT -    - second_timestamp: '04-06-2025 00:25:57' (has: True)
2025-06-09 21:50:18 - PRINT -    - has_first: True, missing_second: False
2025-06-09 21:50:18 - PRINT - 🚛 PENDING DEBUG: ⏭️  Skipped ticket T0008 - not pending
2025-06-09 21:50:18 - PRINT - 🚛 PENDING DEBUG: Checking ticket T0009:
2025-06-09 21:50:18 - PRINT -    - first_weight: '26090.00' (has: True)
2025-06-09 21:50:18 - PRINT -    - first_timestamp: '04-06-2025 00:25:02' (has: True)
2025-06-09 21:50:18 - PRINT -    - second_weight: '9330.00' (has: True)
2025-06-09 21:50:18 - PRINT -    - second_timestamp: '04-06-2025 00:25:16' (has: True)
2025-06-09 21:50:18 - PRINT -    - has_first: True, missing_second: False
2025-06-09 21:50:18 - PRINT - 🚛 PENDING DEBUG: ⏭️  Skipped ticket T0009 - not pending
2025-06-09 21:50:18 - PRINT - 🚛 PENDING DEBUG: Checking ticket T0101:
2025-06-09 21:50:18 - PRINT -    - first_weight: '31470.00' (has: True)
2025-06-09 21:50:18 - PRINT -    - first_timestamp: '09-06-2025 21:45:57' (has: True)
2025-06-09 21:50:18 - PRINT -    - second_weight: '9120.00' (has: True)
2025-06-09 21:50:18 - PRINT -    - second_timestamp: '09-06-2025 21:46:00' (has: True)
2025-06-09 21:50:18 - PRINT -    - has_first: True, missing_second: False
2025-06-09 21:50:18 - PRINT - 🚛 PENDING DEBUG: ⏭️  Skipped ticket T0101 - not pending
2025-06-09 21:50:18 - PRINT - 🚛 PENDING DEBUG: Found 0 pending records
2025-06-09 21:50:18 - ERROR - 2025-06-09 21:50:18,740 - PendingVehiclesPanel - INFO - Found 0 pending records
2025-06-09 21:50:18 - PRINT - 🚛 PENDING DEBUG: ✅ Successfully refreshed pending list with 0 items
2025-06-09 21:50:18 - ERROR - 2025-06-09 21:50:18,742 - PendingVehiclesPanel - INFO - Successfully refreshed pending list with 0 items
2025-06-09 21:50:18 - ERROR - 2025-06-09 21:50:18,743 - TharuniApp - INFO - Pending vehicles panel created
2025-06-09 21:50:18 - ERROR - 2025-06-09 21:50:18,946 - TharuniApp - INFO - Main panel creation completed
2025-06-09 21:50:18 - ERROR - 2025-06-09 21:50:18,955 - TharuniApp - INFO - Summary panel created
2025-06-09 21:50:19 - PRINT - ❌ Could not find data_manager anywhere
2025-06-09 21:50:19 - PRINT - Available attributes in self:
2025-06-09 21:50:19 - PRINT - ['data_bits_var', 'find_data_manager']
2025-06-09 21:50:19 - PRINT - Loading saved settings...
2025-06-09 21:50:19 - PRINT - Reading weighbridge settings from: data\app_settings.json
2025-06-09 21:50:19 - PRINT - Loaded weighbridge settings: {'com_port': '', 'baud_rate': 2400, 'data_bits': 8, 'parity': 'Even', 'stop_bits': 1.0, 'test_mode': True}
2025-06-09 21:50:19 - PRINT - WeighbridgeManager test mode set to: True
2025-06-09 21:50:19 - PRINT - Applied test mode True to weighbridge manager
2025-06-09 21:50:19 - PRINT - Loaded weighbridge settings with test mode: True
2025-06-09 21:50:19 - PRINT - Reading camera settings from: data\app_settings.json
2025-06-09 21:50:19 - PRINT - Loaded camera settings: {'front_camera_type': 'USB', 'front_camera_index': 0, 'front_rtsp_username': '', 'front_rtsp_password': '', 'front_rtsp_ip': '', 'front_rtsp_port': '554', 'front_rtsp_endpoint': '/stream1', 'front_http_username': '', 'front_http_password': '', 'front_http_ip': '', 'front_http_port': '80', 'front_http_endpoint': '/mjpeg', 'back_camera_type': 'USB', 'back_camera_index': 1, 'back_rtsp_username': '', 'back_rtsp_password': '', 'back_rtsp_ip': '', 'back_rtsp_port': '554', 'back_rtsp_endpoint': '/stream1', 'back_http_username': '', 'back_http_password': '', 'back_http_ip': '', 'back_http_port': '80', 'back_http_endpoint': '/mjpeg'}
2025-06-09 21:50:19 - PRINT - Loading camera settings: {'front_camera_type': 'USB', 'front_camera_index': 0, 'front_rtsp_username': '', 'front_rtsp_password': '', 'front_rtsp_ip': '', 'front_rtsp_port': '554', 'front_rtsp_endpoint': '/stream1', 'front_http_username': '', 'front_http_password': '', 'front_http_ip': '', 'front_http_port': '80', 'front_http_endpoint': '/mjpeg', 'back_camera_type': 'USB', 'back_camera_index': 1, 'back_rtsp_username': '', 'back_rtsp_password': '', 'back_rtsp_ip': '', 'back_rtsp_port': '554', 'back_rtsp_endpoint': '/stream1', 'back_http_username': '', 'back_http_password': '', 'back_http_ip': '', 'back_http_port': '80', 'back_http_endpoint': '/mjpeg'}
2025-06-09 21:50:19 - PRINT - Camera settings loaded successfully
2025-06-09 21:50:19 - PRINT - All settings loaded successfully
2025-06-09 21:50:19 - ERROR - 2025-06-09 21:50:19,195 - TharuniApp - INFO - ✅ Data manager reference set in settings panel
2025-06-09 21:50:19 - ERROR - 2025-06-09 21:50:19,197 - TharuniApp - INFO - Widget creation completed successfully
2025-06-09 21:50:19 - PRINT - 🚛 PENDING DEBUG: Refreshing pending vehicles list...
2025-06-09 21:50:19 - ERROR - 2025-06-09 21:50:19,200 - PendingVehiclesPanel - INFO - Refreshing pending vehicles list
2025-06-09 21:50:19 - ERROR - 2025-06-09 21:50:19,202 - DataManager - INFO - Successfully loaded 13 records from data\Coastal_Eluru_data.csv
2025-06-09 21:50:19 - PRINT - 🚛 PENDING DEBUG: Retrieved 13 total records
2025-06-09 21:50:19 - ERROR - 2025-06-09 21:50:19,204 - PendingVehiclesPanel - INFO - Retrieved 13 total records
2025-06-09 21:50:19 - PRINT - 🚛 PENDING DEBUG: Checking ticket T0031:
2025-06-09 21:50:19 - PRINT -    - first_weight: '32340.00' (has: True)
2025-06-09 21:50:19 - PRINT -    - first_timestamp: '03-06-2025 18:16:07' (has: True)
2025-06-09 21:50:19 - PRINT -    - second_weight: '14630.00' (has: True)
2025-06-09 21:50:19 - PRINT -    - second_timestamp: '03-06-2025 18:16:12' (has: True)
2025-06-09 21:50:19 - PRINT -    - has_first: True, missing_second: False
2025-06-09 21:50:19 - PRINT - 🚛 PENDING DEBUG: ⏭️  Skipped ticket T0031 - not pending
2025-06-09 21:50:19 - PRINT - 🚛 PENDING DEBUG: Checking ticket T0032:
2025-06-09 21:50:19 - PRINT -    - first_weight: '41900.00' (has: True)
2025-06-09 21:50:19 - PRINT -    - first_timestamp: '03-06-2025 18:40:02' (has: True)
2025-06-09 21:50:19 - PRINT -    - second_weight: '10350.00' (has: True)
2025-06-09 21:50:19 - PRINT -    - second_timestamp: '03-06-2025 18:40:19' (has: True)
2025-06-09 21:50:19 - PRINT -    - has_first: True, missing_second: False
2025-06-09 21:50:19 - PRINT - 🚛 PENDING DEBUG: ⏭️  Skipped ticket T0032 - not pending
2025-06-09 21:50:19 - PRINT - 🚛 PENDING DEBUG: Checking ticket T0033:
2025-06-09 21:50:19 - PRINT -    - first_weight: '21440.00' (has: True)
2025-06-09 21:50:19 - PRINT -    - first_timestamp: '03-06-2025 20:08:54' (has: True)
2025-06-09 21:50:19 - PRINT -    - second_weight: '8650.00' (has: True)
2025-06-09 21:50:19 - PRINT -    - second_timestamp: '03-06-2025 20:09:13' (has: True)
2025-06-09 21:50:19 - PRINT -    - has_first: True, missing_second: False
2025-06-09 21:50:19 - PRINT - 🚛 PENDING DEBUG: ⏭️  Skipped ticket T0033 - not pending
2025-06-09 21:50:19 - PRINT - 🚛 PENDING DEBUG: Checking ticket T0001:
2025-06-09 21:50:19 - PRINT -    - first_weight: '18310.00' (has: True)
2025-06-09 21:50:19 - PRINT -    - first_timestamp: '03-06-2025 20:11:03' (has: True)
2025-06-09 21:50:19 - PRINT -    - second_weight: '6050.00' (has: True)
2025-06-09 21:50:19 - PRINT -    - second_timestamp: '03-06-2025 20:12:07' (has: True)
2025-06-09 21:50:19 - PRINT -    - has_first: True, missing_second: False
2025-06-09 21:50:19 - PRINT - 🚛 PENDING DEBUG: ⏭️  Skipped ticket T0001 - not pending
2025-06-09 21:50:19 - PRINT - 🚛 PENDING DEBUG: Checking ticket T0002:
2025-06-09 21:50:19 - PRINT -    - first_weight: '15970.00' (has: True)
2025-06-09 21:50:19 - PRINT -    - first_timestamp: '03-06-2025 20:11:22' (has: True)
2025-06-09 21:50:19 - PRINT -    - second_weight: '5320.00' (has: True)
2025-06-09 21:50:19 - PRINT -    - second_timestamp: '03-06-2025 20:12:18' (has: True)
2025-06-09 21:50:19 - PRINT -    - has_first: True, missing_second: False
2025-06-09 21:50:19 - PRINT - 🚛 PENDING DEBUG: ⏭️  Skipped ticket T0002 - not pending
2025-06-09 21:50:19 - PRINT - 🚛 PENDING DEBUG: Checking ticket T0003:
2025-06-09 21:50:19 - PRINT -    - first_weight: '29910.00' (has: True)
2025-06-09 21:50:19 - PRINT -    - first_timestamp: '03-06-2025 20:11:44' (has: True)
2025-06-09 21:50:19 - PRINT -    - second_weight: '12080.00' (has: True)
2025-06-09 21:50:19 - PRINT -    - second_timestamp: '03-06-2025 20:11:54' (has: True)
2025-06-09 21:50:19 - PRINT -    - has_first: True, missing_second: False
2025-06-09 21:50:19 - PRINT - 🚛 PENDING DEBUG: ⏭️  Skipped ticket T0003 - not pending
2025-06-09 21:50:19 - PRINT - 🚛 PENDING DEBUG: Checking ticket T0004:
2025-06-09 21:50:19 - PRINT -    - first_weight: '16410.00' (has: True)
2025-06-09 21:50:19 - PRINT -    - first_timestamp: '03-06-2025 23:31:40' (has: True)
2025-06-09 21:50:19 - PRINT -    - second_weight: '12100.00' (has: True)
2025-06-09 21:50:19 - PRINT -    - second_timestamp: '03-06-2025 23:32:31' (has: True)
2025-06-09 21:50:19 - PRINT -    - has_first: True, missing_second: False
2025-06-09 21:50:19 - PRINT - 🚛 PENDING DEBUG: ⏭️  Skipped ticket T0004 - not pending
2025-06-09 21:50:19 - PRINT - 🚛 PENDING DEBUG: Checking ticket T0005:
2025-06-09 21:50:19 - PRINT -    - first_weight: '28940.00' (has: True)
2025-06-09 21:50:19 - PRINT -    - first_timestamp: '03-06-2025 23:31:54' (has: True)
2025-06-09 21:50:19 - PRINT -    - second_weight: '11150.00' (has: True)
2025-06-09 21:50:19 - PRINT -    - second_timestamp: '03-06-2025 23:32:43' (has: True)
2025-06-09 21:50:19 - PRINT -    - has_first: True, missing_second: False
2025-06-09 21:50:19 - PRINT - 🚛 PENDING DEBUG: ⏭️  Skipped ticket T0005 - not pending
2025-06-09 21:50:19 - PRINT - 🚛 PENDING DEBUG: Checking ticket T0006:
2025-06-09 21:50:19 - PRINT -    - first_weight: '18740.00' (has: True)
2025-06-09 21:50:19 - PRINT -    - first_timestamp: '03-06-2025 23:32:13' (has: True)
2025-06-09 21:50:19 - PRINT -    - second_weight: '8380.00' (has: True)
2025-06-09 21:50:19 - PRINT -    - second_timestamp: '03-06-2025 23:32:18' (has: True)
2025-06-09 21:50:19 - PRINT -    - has_first: True, missing_second: False
2025-06-09 21:50:19 - PRINT - 🚛 PENDING DEBUG: ⏭️  Skipped ticket T0006 - not pending
2025-06-09 21:50:19 - PRINT - 🚛 PENDING DEBUG: Checking ticket T0007:
2025-06-09 21:50:19 - PRINT -    - first_weight: '21910.00' (has: True)
2025-06-09 21:50:19 - PRINT -    - first_timestamp: '04-06-2025 00:24:28' (has: True)
2025-06-09 21:50:19 - PRINT -    - second_weight: '8430.00' (has: True)
2025-06-09 21:50:19 - PRINT -    - second_timestamp: '04-06-2025 00:26:14' (has: True)
2025-06-09 21:50:19 - PRINT -    - has_first: True, missing_second: False
2025-06-09 21:50:19 - PRINT - 🚛 PENDING DEBUG: ⏭️  Skipped ticket T0007 - not pending
2025-06-09 21:50:19 - PRINT - 🚛 PENDING DEBUG: Checking ticket T0008:
2025-06-09 21:50:19 - PRINT -    - first_weight: '21850.00' (has: True)
2025-06-09 21:50:19 - PRINT -    - first_timestamp: '04-06-2025 00:24:45' (has: True)
2025-06-09 21:50:19 - PRINT -    - second_weight: '10740.00' (has: True)
2025-06-09 21:50:19 - PRINT -    - second_timestamp: '04-06-2025 00:25:57' (has: True)
2025-06-09 21:50:19 - PRINT -    - has_first: True, missing_second: False
2025-06-09 21:50:19 - PRINT - 🚛 PENDING DEBUG: ⏭️  Skipped ticket T0008 - not pending
2025-06-09 21:50:19 - PRINT - 🚛 PENDING DEBUG: Checking ticket T0009:
2025-06-09 21:50:19 - PRINT -    - first_weight: '26090.00' (has: True)
2025-06-09 21:50:19 - PRINT -    - first_timestamp: '04-06-2025 00:25:02' (has: True)
2025-06-09 21:50:19 - PRINT -    - second_weight: '9330.00' (has: True)
2025-06-09 21:50:19 - PRINT -    - second_timestamp: '04-06-2025 00:25:16' (has: True)
2025-06-09 21:50:19 - PRINT -    - has_first: True, missing_second: False
2025-06-09 21:50:19 - PRINT - 🚛 PENDING DEBUG: ⏭️  Skipped ticket T0009 - not pending
2025-06-09 21:50:19 - PRINT - 🚛 PENDING DEBUG: Checking ticket T0101:
2025-06-09 21:50:19 - PRINT -    - first_weight: '31470.00' (has: True)
2025-06-09 21:50:19 - PRINT -    - first_timestamp: '09-06-2025 21:45:57' (has: True)
2025-06-09 21:50:19 - PRINT -    - second_weight: '9120.00' (has: True)
2025-06-09 21:50:19 - PRINT -    - second_timestamp: '09-06-2025 21:46:00' (has: True)
2025-06-09 21:50:19 - PRINT -    - has_first: True, missing_second: False
2025-06-09 21:50:19 - PRINT - 🚛 PENDING DEBUG: ⏭️  Skipped ticket T0101 - not pending
2025-06-09 21:50:19 - PRINT - 🚛 PENDING DEBUG: Found 0 pending records
2025-06-09 21:50:19 - ERROR - 2025-06-09 21:50:19,289 - PendingVehiclesPanel - INFO - Found 0 pending records
2025-06-09 21:50:19 - PRINT - 🚛 PENDING DEBUG: ✅ Successfully refreshed pending list with 0 items
2025-06-09 21:50:19 - ERROR - 2025-06-09 21:50:19,291 - PendingVehiclesPanel - INFO - Successfully refreshed pending list with 0 items
2025-06-09 21:50:19 - ERROR - 2025-06-09 21:50:19,292 - DataManager - INFO - Created new daily folder: data\reports\09-06
2025-06-09 21:50:19 - PRINT - 📂 Loaded 0 items from queue file
2025-06-09 21:50:19 - PRINT - 📥 Queue initialized with 0 items
2025-06-09 21:50:19 - PRINT - 🚀 Fast sync manager initialized with parallel processing
2025-06-09 21:50:19 - PRINT - 🔍 Connectivity checker started (silent mode)
2025-06-09 21:50:19 - PRINT - 🎛️ Enhanced connectivity UI initialized with fast sync (silent mode)
2025-06-09 21:50:19 - PRINT - ✅ Enhanced FAST connectivity added to app
2025-06-09 21:50:19 - PRINT - 🔄 Connectivity changed: 🌐 ONLINE
2025-06-09 21:50:19 - ERROR - 2025-06-09 21:50:19,300 - TharuniApp - INFO - Application initialization completed successfully
2025-06-09 21:50:19 - PRINT - 🔄 Connectivity status changed: 🌐 Online
2025-06-09 21:50:19 - PRINT - 🌐 Internet connection detected - queue is empty
2025-06-09 21:50:20 - ERROR - 2025-06-09 21:50:20,208 - TharuniApp - INFO - Ensuring settings persistence...
2025-06-09 21:50:20 - PRINT - Reading weighbridge settings from: data\app_settings.json
2025-06-09 21:50:20 - PRINT - Loaded weighbridge settings: {'com_port': '', 'baud_rate': 2400, 'data_bits': 8, 'parity': 'Even', 'stop_bits': 1.0, 'test_mode': True}
2025-06-09 21:50:20 - PRINT - Reading camera settings from: data\app_settings.json
2025-06-09 21:50:20 - PRINT - Loaded camera settings: {'front_camera_type': 'USB', 'front_camera_index': 0, 'front_rtsp_username': '', 'front_rtsp_password': '', 'front_rtsp_ip': '', 'front_rtsp_port': '554', 'front_rtsp_endpoint': '/stream1', 'front_http_username': '', 'front_http_password': '', 'front_http_ip': '', 'front_http_port': '80', 'front_http_endpoint': '/mjpeg', 'back_camera_type': 'USB', 'back_camera_index': 1, 'back_rtsp_username': '', 'back_rtsp_password': '', 'back_rtsp_ip': '', 'back_rtsp_port': '554', 'back_rtsp_endpoint': '/stream1', 'back_http_username': '', 'back_http_password': '', 'back_http_ip': '', 'back_http_port': '80', 'back_http_endpoint': '/mjpeg'}
2025-06-09 21:50:20 - PRINT - Settings integrity check passed
2025-06-09 21:50:20 - PRINT - Reading weighbridge settings from: data\app_settings.json
2025-06-09 21:50:20 - PRINT - Loaded weighbridge settings: {'com_port': '', 'baud_rate': 2400, 'data_bits': 8, 'parity': 'Even', 'stop_bits': 1.0, 'test_mode': True}
2025-06-09 21:50:20 - ERROR - 2025-06-09 21:50:20,239 - TharuniApp - INFO - Settings persistence check completed
2025-06-09 21:50:23 - PRINT - ✅ Found data_manager from direct reference
2025-06-09 21:50:23 - PRINT - ✅ Successfully connected to GCS bucket: advitia-weighbridge-data
2025-06-09 21:50:23 - ERROR - 2025-06-09 21:50:23,880 - DataManager - INFO - Cloud storage initialized on demand
2025-06-09 21:50:24 - ERROR - 2025-06-09 21:50:24,160 - DataManager - INFO - Found 118 JSON backup files for bulk upload
2025-06-09 21:50:27 - PRINT - ✅ Found data_manager from direct reference
2025-06-09 21:50:27 - ERROR - 2025-06-09 21:50:27,624 - DataManager - INFO - Found 118 JSON backup files for bulk upload
2025-06-09 21:50:27 - PRINT - ✅ Saved JSON record as Tharuni/Guntur/2025-06-09/json_backups/T0002_Tharuni_Guntur.json
2025-06-09 21:50:27 - ERROR - 2025-06-09 21:50:27,955 - DataManager - INFO - ✅ Processed JSON backup: T0002_Tharuni_Guntur_211239.json
2025-06-09 21:50:28 - PRINT - ✅ Saved JSON record as Tharuni/Guntur/2025-06-09/json_backups/T0003_Tharuni_Guntur.json
2025-06-09 21:50:28 - ERROR - 2025-06-09 21:50:28,237 - DataManager - INFO - ✅ Processed JSON backup: T0003_Tharuni_Guntur_212042.json
2025-06-09 21:50:28 - PRINT - ✅ Saved JSON record as Tharuni/Guntur/2025-06-09/json_backups/T0004_Tharuni_Guntur.json
2025-06-09 21:50:28 - ERROR - 2025-06-09 21:50:28,524 - DataManager - INFO - ✅ Processed JSON backup: T0004_Tharuni_Guntur_214248.json
2025-06-09 21:50:28 - PRINT - ✅ Saved JSON record as Tharuni/Guntur/2025-06-09/json_backups/T0005_Tharuni_Guntur.json
2025-06-09 21:50:28 - ERROR - 2025-06-09 21:50:28,805 - DataManager - INFO - ✅ Processed JSON backup: T0005_Tharuni_Guntur_214703.json
2025-06-09 21:50:28 - PRINT - ⏭️  Skipping duplicate JSON: T0006_Tharuni_Guntur.json (content already backed up)
2025-06-09 21:50:28 - ERROR - 2025-06-09 21:50:28,830 - DataManager - INFO - ✅ Processed JSON backup: T0006_Tharuni_Guntur_215228.json
2025-06-09 21:50:28 - PRINT - ⏭️  Skipping duplicate JSON: T0007_Tharuni_Guntur.json (content already backed up)
2025-06-09 21:50:28 - ERROR - 2025-06-09 21:50:28,837 - DataManager - INFO - ✅ Processed JSON backup: T0007_Tharuni_Guntur_220413.json
2025-06-09 21:50:29 - PRINT - ✅ Saved JSON record as Tharuni/Guntur/2025-06-09/json_backups/T0008_Tharuni_Guntur.json
2025-06-09 21:50:29 - ERROR - 2025-06-09 21:50:29,118 - DataManager - INFO - ✅ Processed JSON backup: T0008_Tharuni_Guntur_221138.json
2025-06-09 21:50:29 - PRINT - ✅ Saved JSON record as Tharuni/Guntur/2025-06-09/json_backups/T0009_Tharuni_Guntur.json
2025-06-09 21:50:29 - ERROR - 2025-06-09 21:50:29,577 - DataManager - INFO - ✅ Processed JSON backup: T0009_Tharuni_Guntur_221746.json
2025-06-09 21:50:29 - PRINT - ✅ Saved JSON record as Tharuni/Guntur/2025-06-09/json_backups/T0010_Tharuni_Guntur.json
2025-06-09 21:50:29 - ERROR - 2025-06-09 21:50:29,877 - DataManager - INFO - ✅ Processed JSON backup: T0010_Tharuni_Guntur_222608.json
2025-06-09 21:50:30 - PRINT - ✅ Saved JSON record as Tharuni/Guntur/2025-06-09/json_backups/T0011_Tharuni_Guntur.json
2025-06-09 21:50:30 - ERROR - 2025-06-09 21:50:30,168 - DataManager - INFO - ✅ Processed JSON backup: T0011_Tharuni_Guntur_230418.json
2025-06-09 21:50:30 - PRINT - ✅ Saved JSON record as Tharuni/Guntur/2025-06-09/json_backups/T0012_Tharuni_Guntur.json
2025-06-09 21:50:30 - ERROR - 2025-06-09 21:50:30,484 - DataManager - INFO - ✅ Processed JSON backup: T0012_Tharuni_Guntur_232426.json
2025-06-09 21:50:30 - PRINT - ✅ Saved JSON record as Tharuni/Guntur/2025-06-09/json_backups/T0013_Tharuni_Guntur.json
2025-06-09 21:50:30 - ERROR - 2025-06-09 21:50:30,759 - DataManager - INFO - ✅ Processed JSON backup: T0013_Tharuni_Guntur_232629.json
2025-06-09 21:50:31 - PRINT - ✅ Saved JSON record as Tharuni/Guntur/2025-06-09/json_backups/T0014_Tharuni_Guntur.json
2025-06-09 21:50:31 - ERROR - 2025-06-09 21:50:31,057 - DataManager - INFO - ✅ Processed JSON backup: T0014_Tharuni_Guntur_233046.json
2025-06-09 21:50:31 - PRINT - ✅ Saved JSON record as Tharuni/Guntur/2025-06-09/json_backups/T0015_Tharuni_Guntur.json
2025-06-09 21:50:31 - ERROR - 2025-06-09 21:50:31,355 - DataManager - INFO - ✅ Processed JSON backup: T0015_Tharuni_Guntur_233500.json
2025-06-09 21:50:31 - PRINT - ✅ Saved JSON record as Tharuni/Guntur/2025-06-09/json_backups/T0016_Tharuni_Guntur.json
2025-06-09 21:50:31 - ERROR - 2025-06-09 21:50:31,647 - DataManager - INFO - ✅ Processed JSON backup: T0016_Tharuni_Guntur_233910.json
2025-06-09 21:50:31 - PRINT - ✅ Saved JSON record as Tharuni/Guntur/2025-06-09/json_backups/T0017_Tharuni_Guntur.json
2025-06-09 21:50:31 - ERROR - 2025-06-09 21:50:31,917 - DataManager - INFO - ✅ Processed JSON backup: T0017_Tharuni_Guntur_234531.json
2025-06-09 21:50:32 - PRINT - ✅ Saved JSON record as Tharuni/Guntur/2025-06-09/json_backups/T0018_Tharuni_Guntur.json
2025-06-09 21:50:32 - ERROR - 2025-06-09 21:50:32,193 - DataManager - INFO - ✅ Processed JSON backup: T0018_Tharuni_Guntur_235358.json
2025-06-09 21:50:32 - PRINT - ✅ Saved JSON record as Tharuni/Guntur/2025-06-09/json_backups/T0019_Tharuni_Guntur.json
2025-06-09 21:50:32 - ERROR - 2025-06-09 21:50:32,489 - DataManager - INFO - ✅ Processed JSON backup: T0019_Tharuni_Guntur_235500.json
2025-06-09 21:50:32 - PRINT - ✅ Saved JSON record as Tharuni/Guntur/2025-06-09/json_backups/T0020_Tharuni_Guntur.json
2025-06-09 21:50:32 - ERROR - 2025-06-09 21:50:32,773 - DataManager - INFO - ✅ Processed JSON backup: T0020_Tharuni_Guntur_235617.json
2025-06-09 21:50:33 - PRINT - ✅ Saved JSON record as Tharuni/Guntur/2025-06-09/json_backups/T0021_Tharuni_Guntur.json
2025-06-09 21:50:33 - ERROR - 2025-06-09 21:50:33,051 - DataManager - INFO - ✅ Processed JSON backup: T0021_Tharuni_Guntur_000306.json
2025-06-09 21:50:33 - PRINT - ✅ Saved JSON record as Tharuni/Guntur/2025-06-09/json_backups/T0022_Tharuni_Guntur.json
2025-06-09 21:50:33 - ERROR - 2025-06-09 21:50:33,448 - DataManager - INFO - ✅ Processed JSON backup: T0022_Tharuni_Guntur_000513.json
2025-06-09 21:50:33 - PRINT - ✅ Saved JSON record as Tharuni/Guntur/2025-06-09/json_backups/T0023_Tharuni_Guntur.json
2025-06-09 21:50:33 - ERROR - 2025-06-09 21:50:33,729 - DataManager - INFO - ✅ Processed JSON backup: T0023_Tharuni_Guntur_001027.json
2025-06-09 21:50:34 - PRINT - ✅ Saved JSON record as Tharuni/Guntur/2025-06-09/json_backups/T0024_Tharuni_Guntur.json
2025-06-09 21:50:34 - ERROR - 2025-06-09 21:50:34,016 - DataManager - INFO - ✅ Processed JSON backup: T0024_Tharuni_Guntur_001251.json
2025-06-09 21:50:34 - PRINT - ✅ Saved JSON record as Tharuni/Guntur/2025-06-09/json_backups/T0025_Tharuni_Guntur.json
2025-06-09 21:50:34 - ERROR - 2025-06-09 21:50:34,292 - DataManager - INFO - ✅ Processed JSON backup: T0025_Tharuni_Guntur_001643.json
2025-06-09 21:50:34 - PRINT - ✅ Saved JSON record as Tharuni/Guntur/2025-06-09/json_backups/T0026_Tharuni_Guntur.json
2025-06-09 21:50:34 - ERROR - 2025-06-09 21:50:34,572 - DataManager - INFO - ✅ Processed JSON backup: T0026_Tharuni_Guntur_001921.json
2025-06-09 21:50:34 - PRINT - ✅ Saved JSON record as Tharuni/Guntur/2025-06-09/json_backups/T0027_Tharuni_Guntur.json
2025-06-09 21:50:34 - ERROR - 2025-06-09 21:50:34,858 - DataManager - INFO - ✅ Processed JSON backup: T0027_Tharuni_Guntur_012944.json
2025-06-09 21:50:35 - PRINT - ✅ Saved JSON record as Tharuni/Guntur/2025-06-09/json_backups/T0028_Tharuni_Guntur.json
2025-06-09 21:50:35 - ERROR - 2025-06-09 21:50:35,140 - DataManager - INFO - ✅ Processed JSON backup: T0028_Tharuni_Guntur_055441.json
2025-06-09 21:50:35 - PRINT - ✅ Saved JSON record as Tharuni/Guntur/2025-06-09/json_backups/T0029_Tharuni_Guntur.json
2025-06-09 21:50:35 - ERROR - 2025-06-09 21:50:35,411 - DataManager - INFO - ✅ Processed JSON backup: T0029_Tharuni_Guntur_060421.json
2025-06-09 21:50:35 - PRINT - ✅ Saved JSON record as Tharuni/Guntur/2025-06-09/json_backups/T0030_Tharuni_Guntur.json
2025-06-09 21:50:35 - ERROR - 2025-06-09 21:50:35,695 - DataManager - INFO - ✅ Processed JSON backup: T0030_Tharuni_Guntur_060643.json
2025-06-09 21:50:35 - PRINT - ⏭️  Skipping duplicate JSON: T0031_Tharuni_Guntur.json (content already backed up)
2025-06-09 21:50:35 - ERROR - 2025-06-09 21:50:35,712 - DataManager - INFO - ✅ Processed JSON backup: T0031_Tharuni_Guntur_060810.json
2025-06-09 21:50:35 - PRINT - ⏭️  Skipping duplicate JSON: T0032_Tharuni_Guntur.json (content already backed up)
2025-06-09 21:50:35 - ERROR - 2025-06-09 21:50:35,719 - DataManager - INFO - ✅ Processed JSON backup: T0032_Tharuni_Guntur_061021.json
2025-06-09 21:50:35 - PRINT - ⏭️  Skipping duplicate JSON: T0033_Tharuni_Guntur.json (content already backed up)
2025-06-09 21:50:35 - ERROR - 2025-06-09 21:50:35,725 - DataManager - INFO - ✅ Processed JSON backup: T0033_Tharuni_Guntur_061236.json
2025-06-09 21:50:35 - PRINT - ⏭️  Skipping duplicate JSON: T0034_Tharuni_Guntur.json (content already backed up)
2025-06-09 21:50:35 - ERROR - 2025-06-09 21:50:35,739 - DataManager - INFO - ✅ Processed JSON backup: T0034_Tharuni_Guntur_062057.json
2025-06-09 21:50:35 - PRINT - ⏭️  Skipping duplicate JSON: T0035_Tharuni_Guntur.json (content already backed up)
2025-06-09 21:50:35 - ERROR - 2025-06-09 21:50:35,753 - DataManager - INFO - ✅ Processed JSON backup: T0035_Tharuni_Guntur_062248.json
2025-06-09 21:50:35 - PRINT - ⏭️  Skipping duplicate JSON: T0036_Tharuni_Guntur.json (content already backed up)
2025-06-09 21:50:35 - ERROR - 2025-06-09 21:50:35,760 - DataManager - INFO - ✅ Processed JSON backup: T0036_Tharuni_Guntur_062818.json
2025-06-09 21:50:35 - PRINT - ⏭️  Skipping duplicate JSON: T0037_Tharuni_Guntur.json (content already backed up)
2025-06-09 21:50:35 - ERROR - 2025-06-09 21:50:35,774 - DataManager - INFO - ✅ Processed JSON backup: T0037_Tharuni_Guntur_062952.json
2025-06-09 21:50:35 - PRINT - ⏭️  Skipping duplicate JSON: T0038_Tharuni_Guntur.json (content already backed up)
2025-06-09 21:50:35 - ERROR - 2025-06-09 21:50:35,780 - DataManager - INFO - ✅ Processed JSON backup: T0038_Tharuni_Guntur_063402.json
2025-06-09 21:50:35 - PRINT - ⏭️  Skipping duplicate JSON: T0039_Tharuni_Guntur.json (content already backed up)
2025-06-09 21:50:35 - ERROR - 2025-06-09 21:50:35,788 - DataManager - INFO - ✅ Processed JSON backup: T0039_Tharuni_Guntur_063853.json
2025-06-09 21:50:35 - PRINT - ⏭️  Skipping duplicate JSON: T0040_Tharuni_Guntur.json (content already backed up)
2025-06-09 21:50:35 - ERROR - 2025-06-09 21:50:35,802 - DataManager - INFO - ✅ Processed JSON backup: T0040_Tharuni_Guntur_065731.json
2025-06-09 21:50:35 - PRINT - ⏭️  Skipping duplicate JSON: T0041_Tharuni_Guntur.json (content already backed up)
2025-06-09 21:50:35 - ERROR - 2025-06-09 21:50:35,808 - DataManager - INFO - ✅ Processed JSON backup: T0041_Tharuni_Guntur_070323.json
2025-06-09 21:50:35 - PRINT - ⏭️  Skipping duplicate JSON: T0042_Tharuni_Guntur.json (content already backed up)
2025-06-09 21:50:35 - ERROR - 2025-06-09 21:50:35,823 - DataManager - INFO - ✅ Processed JSON backup: T0042_Tharuni_Guntur_191017.json
2025-06-09 21:50:35 - PRINT - ⏭️  Skipping duplicate JSON: T0043_Tharuni_Guntur.json (content already backed up)
2025-06-09 21:50:35 - ERROR - 2025-06-09 21:50:35,837 - DataManager - INFO - ✅ Processed JSON backup: T0043_Tharuni_Guntur_192238.json
2025-06-09 21:50:35 - PRINT - ⏭️  Skipping duplicate JSON: T0044_Tharuni_Guntur.json (content already backed up)
2025-06-09 21:50:35 - ERROR - 2025-06-09 21:50:35,851 - DataManager - INFO - ✅ Processed JSON backup: T0044_Tharuni_Guntur_192552.json
2025-06-09 21:50:35 - PRINT - ⏭️  Skipping duplicate JSON: T0045_Tharuni_Guntur.json (content already backed up)
2025-06-09 21:50:35 - ERROR - 2025-06-09 21:50:35,866 - DataManager - INFO - ✅ Processed JSON backup: T0045_Tharuni_Guntur_193508.json
2025-06-09 21:50:35 - PRINT - ⏭️  Skipping duplicate JSON: T0046_Tharuni_Guntur.json (content already backed up)
2025-06-09 21:50:35 - ERROR - 2025-06-09 21:50:35,879 - DataManager - INFO - ✅ Processed JSON backup: T0046_Tharuni_Guntur_194822.json
2025-06-09 21:50:35 - PRINT - ⏭️  Skipping duplicate JSON: T0047_Tharuni_Guntur.json (content already backed up)
2025-06-09 21:50:35 - ERROR - 2025-06-09 21:50:35,893 - DataManager - INFO - ✅ Processed JSON backup: T0047_Tharuni_Guntur_200057.json
2025-06-09 21:50:35 - PRINT - ⏭️  Skipping duplicate JSON: T0048_Tharuni_Guntur.json (content already backed up)
2025-06-09 21:50:35 - ERROR - 2025-06-09 21:50:35,901 - DataManager - INFO - ✅ Processed JSON backup: T0048_Tharuni_Guntur_201650.json
2025-06-09 21:50:35 - PRINT - ⏭️  Skipping duplicate JSON: T0049_Tharuni_Guntur.json (content already backed up)
2025-06-09 21:50:35 - ERROR - 2025-06-09 21:50:35,914 - DataManager - INFO - ✅ Processed JSON backup: T0049_Tharuni_Guntur_202559.json
2025-06-09 21:50:35 - PRINT - ⏭️  Skipping duplicate JSON: T0050_Tharuni_Guntur.json (content already backed up)
2025-06-09 21:50:35 - ERROR - 2025-06-09 21:50:35,928 - DataManager - INFO - ✅ Processed JSON backup: T0050_Tharuni_Guntur_203256.json
2025-06-09 21:50:35 - PRINT - ⏭️  Skipping duplicate JSON: T0051_Tharuni_Guntur.json (content already backed up)
2025-06-09 21:50:35 - ERROR - 2025-06-09 21:50:35,942 - DataManager - INFO - ✅ Processed JSON backup: T0051_Tharuni_Guntur_210648.json
2025-06-09 21:50:35 - PRINT - ⏭️  Skipping duplicate JSON: T0052_Tharuni_Guntur.json (content already backed up)
2025-06-09 21:50:35 - ERROR - 2025-06-09 21:50:35,956 - DataManager - INFO - ✅ Processed JSON backup: T0052_Tharuni_Guntur_212805.json
2025-06-09 21:50:35 - PRINT - ⏭️  Skipping duplicate JSON: T0053_Tharuni_Guntur.json (content already backed up)
2025-06-09 21:50:35 - ERROR - 2025-06-09 21:50:35,970 - DataManager - INFO - ✅ Processed JSON backup: T0053_Tharuni_Guntur_212920.json
2025-06-09 21:50:35 - PRINT - ⏭️  Skipping duplicate JSON: T0054_Tharuni_Guntur.json (content already backed up)
2025-06-09 21:50:35 - ERROR - 2025-06-09 21:50:35,984 - DataManager - INFO - ✅ Processed JSON backup: T0054_Tharuni_Guntur_213154.json
2025-06-09 21:50:35 - PRINT - ⏭️  Skipping duplicate JSON: T0055_Tharuni_Guntur.json (content already backed up)
2025-06-09 21:50:35 - ERROR - 2025-06-09 21:50:35,990 - DataManager - INFO - ✅ Processed JSON backup: T0055_Tharuni_Guntur_222710.json
2025-06-09 21:50:36 - PRINT - ⏭️  Skipping duplicate JSON: T0056_Tharuni_Guntur.json (content already backed up)
2025-06-09 21:50:36 - ERROR - 2025-06-09 21:50:36,004 - DataManager - INFO - ✅ Processed JSON backup: T0056_Tharuni_Guntur_181519.json
2025-06-09 21:50:36 - PRINT - ⏭️  Skipping duplicate JSON: T0057_Tharuni_Guntur.json (content already backed up)
2025-06-09 21:50:36 - ERROR - 2025-06-09 21:50:36,010 - DataManager - INFO - ✅ Processed JSON backup: T0057_Tharuni_Guntur_184405.json
2025-06-09 21:50:36 - PRINT - ⏭️  Skipping duplicate JSON: T0058_Tharuni_Guntur.json (content already backed up)
2025-06-09 21:50:36 - ERROR - 2025-06-09 21:50:36,017 - DataManager - INFO - ✅ Processed JSON backup: T0058_Tharuni_Guntur_184700.json
2025-06-09 21:50:36 - PRINT - ⏭️  Skipping duplicate JSON: T0059_Tharuni_Guntur.json (content already backed up)
2025-06-09 21:50:36 - ERROR - 2025-06-09 21:50:36,029 - DataManager - INFO - ✅ Processed JSON backup: T0059_Tharuni_Guntur_192456.json
2025-06-09 21:50:36 - PRINT - ⏭️  Skipping duplicate JSON: T0060_Tharuni_Guntur.json (content already backed up)
2025-06-09 21:50:36 - ERROR - 2025-06-09 21:50:36,044 - DataManager - INFO - ✅ Processed JSON backup: T0060_Tharuni_Guntur_192615.json
2025-06-09 21:50:36 - PRINT - ✅ Saved JSON record as Tharuni/Guntur/2025-06-09/json_backups/T0061_Tharuni_Guntur.json
2025-06-09 21:50:36 - ERROR - 2025-06-09 21:50:36,310 - DataManager - INFO - ✅ Processed JSON backup: T0061_Tharuni_Guntur_195025.json
2025-06-09 21:50:36 - PRINT - ✅ Saved JSON record as Tharuni/Guntur/2025-06-09/json_backups/T0061_Tharuni_Guntur.json
2025-06-09 21:50:36 - ERROR - 2025-06-09 21:50:36,700 - DataManager - INFO - ✅ Processed JSON backup: T0061_Tharuni_Guntur_195553.json
2025-06-09 21:50:37 - PRINT - ✅ Saved JSON record as Tharuni/Guntur/2025-06-09/json_backups/T0061_Tharuni_Guntur.json
2025-06-09 21:50:37 - ERROR - 2025-06-09 21:50:37,086 - DataManager - INFO - ✅ Processed JSON backup: T0061_Tharuni_Guntur_200217.json
2025-06-09 21:50:37 - PRINT - ✅ Saved JSON record as Tharuni/Guntur/2025-06-09/json_backups/T0061_Tharuni_Guntur.json
2025-06-09 21:50:37 - ERROR - 2025-06-09 21:50:37,431 - DataManager - INFO - ✅ Processed JSON backup: T0061_Tharuni_Guntur_200240.json
2025-06-09 21:50:37 - PRINT - ✅ Saved JSON record as Tharuni/Guntur/2025-06-09/json_backups/T0061_Tharuni_Guntur.json
2025-06-09 21:50:37 - ERROR - 2025-06-09 21:50:37,799 - DataManager - INFO - ✅ Processed JSON backup: T0061_Tharuni_Guntur_201417.json
2025-06-09 21:50:38 - PRINT - ✅ Saved JSON record as Tharuni/Guntur/2025-06-09/json_backups/T0061_Tharuni_Guntur.json
2025-06-09 21:50:38 - ERROR - 2025-06-09 21:50:38,173 - DataManager - INFO - ✅ Processed JSON backup: T0061_Tharuni_Guntur_203003.json
2025-06-09 21:50:38 - PRINT - ✅ Saved JSON record as Tharuni/Guntur/2025-06-09/json_backups/T0061_Tharuni_Guntur.json
2025-06-09 21:50:38 - ERROR - 2025-06-09 21:50:38,528 - DataManager - INFO - ✅ Processed JSON backup: T0061_Tharuni_Guntur_212355.json
2025-06-09 21:50:38 - PRINT - ✅ Saved JSON record as Tharuni/Guntur/2025-06-09/json_backups/T0061_Tharuni_Guntur.json
2025-06-09 21:50:38 - ERROR - 2025-06-09 21:50:38,887 - DataManager - INFO - ✅ Processed JSON backup: T0061_Tharuni_Guntur_213011.json
2025-06-09 21:50:39 - PRINT - ✅ Saved JSON record as Tharuni/Guntur/2025-06-09/json_backups/T0061_Tharuni_Guntur.json
2025-06-09 21:50:39 - ERROR - 2025-06-09 21:50:39,266 - DataManager - INFO - ✅ Processed JSON backup: T0061_Tharuni_Guntur_213712.json
2025-06-09 21:50:39 - PRINT - ⏭️  Skipping duplicate JSON: T0001_Coastal_Eluru.json (content already backed up)
2025-06-09 21:50:39 - ERROR - 2025-06-09 21:50:39,292 - DataManager - INFO - ✅ Processed JSON backup: T0001_Coastal_Eluru_201211.json
2025-06-09 21:50:39 - PRINT - ⏭️  Skipping duplicate JSON: T0001_Tharuni_Guntur.json (content already backed up)
2025-06-09 21:50:39 - ERROR - 2025-06-09 21:50:39,305 - DataManager - INFO - ✅ Processed JSON backup: T0001_Tharuni_Guntur_004103.json
2025-06-09 21:50:39 - PRINT - ⏭️  Skipping duplicate JSON: T0002_Coastal_Eluru.json (content already backed up)
2025-06-09 21:50:39 - ERROR - 2025-06-09 21:50:39,319 - DataManager - INFO - ✅ Processed JSON backup: T0002_Coastal_Eluru_201223.json
2025-06-09 21:50:39 - PRINT - ✅ Saved JSON record as Tharuni/Guntur/2025-06-09/json_backups/T0002_Tharuni_Guntur.json
2025-06-09 21:50:39 - ERROR - 2025-06-09 21:50:39,689 - DataManager - INFO - ✅ Processed JSON backup: T0002_Tharuni_Guntur_004306.json
2025-06-09 21:50:39 - PRINT - ⏭️  Skipping duplicate JSON: T0003_Coastal_Eluru.json (content already backed up)
2025-06-09 21:50:39 - ERROR - 2025-06-09 21:50:39,716 - DataManager - INFO - ✅ Processed JSON backup: T0003_Coastal_Eluru_201158.json
2025-06-09 21:50:40 - PRINT - ✅ Saved JSON record as Tharuni/Guntur/2025-06-09/json_backups/T0003_Tharuni_Guntur.json
2025-06-09 21:50:40 - ERROR - 2025-06-09 21:50:40,076 - DataManager - INFO - ✅ Processed JSON backup: T0003_Tharuni_Guntur_010543.json
2025-06-09 21:50:40 - PRINT - ✅ Saved JSON record as Tharuni/Guntur/2025-06-09/json_backups/T0003_Tharuni_Guntur.json
2025-06-09 21:50:40 - ERROR - 2025-06-09 21:50:40,460 - DataManager - INFO - ✅ Processed JSON backup: T0003_Tharuni_Guntur_013442.json
2025-06-09 21:50:40 - PRINT - ✅ Saved JSON record as Tharuni/Guntur/2025-06-09/json_backups/T0003_Tharuni_Guntur.json
2025-06-09 21:50:40 - ERROR - 2025-06-09 21:50:40,830 - DataManager - INFO - ✅ Processed JSON backup: T0003_Tharuni_Guntur_014137.json
2025-06-09 21:50:40 - PRINT - ⏭️  Skipping duplicate JSON: T0004_Coastal_Eluru.json (content already backed up)
2025-06-09 21:50:40 - ERROR - 2025-06-09 21:50:40,855 - DataManager - INFO - ✅ Processed JSON backup: T0004_Coastal_Eluru_233235.json
2025-06-09 21:50:41 - PRINT - ✅ Saved JSON record as Tharuni/Guntur/2025-06-09/json_backups/T0004_Tharuni_Guntur.json
2025-06-09 21:50:41 - ERROR - 2025-06-09 21:50:41,212 - DataManager - INFO - ✅ Processed JSON backup: T0004_Tharuni_Guntur_014118.json
2025-06-09 21:50:41 - PRINT - ⏭️  Skipping duplicate JSON: T0005_Coastal_Eluru.json (content already backed up)
2025-06-09 21:50:41 - ERROR - 2025-06-09 21:50:41,228 - DataManager - INFO - ✅ Processed JSON backup: T0005_Coastal_Eluru_233248.json
2025-06-09 21:50:41 - PRINT - ✅ Saved JSON record as Tharuni/Guntur/2025-06-09/json_backups/T0005_Tharuni_Guntur.json
2025-06-09 21:50:41 - ERROR - 2025-06-09 21:50:41,594 - DataManager - INFO - ✅ Processed JSON backup: T0005_Tharuni_Guntur_014102.json
2025-06-09 21:50:41 - PRINT - ⏭️  Skipping duplicate JSON: T0006_Coastal_Eluru.json (content already backed up)
2025-06-09 21:50:41 - ERROR - 2025-06-09 21:50:41,618 - DataManager - INFO - ✅ Processed JSON backup: T0006_Coastal_Eluru_233221.json
2025-06-09 21:50:41 - PRINT - ✅ Saved JSON record as Tharuni/Guntur/2025-06-09/json_backups/T0008_Tharuni_Guntur.json
2025-06-09 21:50:41 - ERROR - 2025-06-09 21:50:41,964 - DataManager - INFO - ✅ Processed JSON backup: T0008_Tharuni_Guntur_014831.json
2025-06-09 21:50:42 - PRINT - ✅ Saved JSON record as Tharuni/Guntur/2025-06-09/json_backups/T0009_Tharuni_Guntur.json
2025-06-09 21:50:42 - ERROR - 2025-06-09 21:50:42,413 - DataManager - INFO - ✅ Processed JSON backup: T0009_Tharuni_Guntur_014813.json
2025-06-09 21:50:42 - PRINT - ✅ Saved JSON record as Tharuni/Guntur/2025-06-09/json_backups/T0010_Tharuni_Guntur.json
2025-06-09 21:50:42 - ERROR - 2025-06-09 21:50:42,783 - DataManager - INFO - ✅ Processed JSON backup: T0010_Tharuni_Guntur_014852.json
2025-06-09 21:50:43 - PRINT - ✅ Saved JSON record as Tharuni/Guntur/2025-06-09/json_backups/T0011_Tharuni_Guntur.json
2025-06-09 21:50:43 - ERROR - 2025-06-09 21:50:43,150 - DataManager - INFO - ✅ Processed JSON backup: T0011_Tharuni_Guntur_014957.json
2025-06-09 21:50:43 - PRINT - ✅ Saved JSON record as Tharuni/Guntur/2025-06-09/json_backups/T0012_Tharuni_Guntur.json
2025-06-09 21:50:43 - ERROR - 2025-06-09 21:50:43,515 - DataManager - INFO - ✅ Processed JSON backup: T0012_Tharuni_Guntur_014945.json
2025-06-09 21:50:43 - PRINT - ✅ Saved JSON record as Tharuni/Guntur/2025-06-09/json_backups/T0013_Tharuni_Guntur.json
2025-06-09 21:50:43 - ERROR - 2025-06-09 21:50:43,898 - DataManager - INFO - ✅ Processed JSON backup: T0013_Tharuni_Guntur_023313.json
2025-06-09 21:50:44 - PRINT - ✅ Saved JSON record as Tharuni/Guntur/2025-06-09/json_backups/T0014_Tharuni_Guntur.json
2025-06-09 21:50:44 - ERROR - 2025-06-09 21:50:44,283 - DataManager - INFO - ✅ Processed JSON backup: T0014_Tharuni_Guntur_023254.json
2025-06-09 21:50:44 - PRINT - ✅ Saved JSON record as Tharuni/Guntur/2025-06-09/json_backups/T0015_Tharuni_Guntur.json
2025-06-09 21:50:44 - ERROR - 2025-06-09 21:50:44,655 - DataManager - INFO - ✅ Processed JSON backup: T0015_Tharuni_Guntur_024445.json
2025-06-09 21:50:45 - PRINT - ✅ Saved JSON record as Tharuni/Guntur/2025-06-09/json_backups/T0016_Tharuni_Guntur.json
2025-06-09 21:50:45 - ERROR - 2025-06-09 21:50:45,040 - DataManager - INFO - ✅ Processed JSON backup: T0016_Tharuni_Guntur_025144.json
2025-06-09 21:50:45 - PRINT - ✅ Saved JSON record as Tharuni/Guntur/2025-06-09/json_backups/T0017_Tharuni_Guntur.json
2025-06-09 21:50:45 - ERROR - 2025-06-09 21:50:45,406 - DataManager - INFO - ✅ Processed JSON backup: T0017_Tharuni_Guntur_025131.json
2025-06-09 21:50:45 - PRINT - ✅ Saved JSON record as Tharuni/Guntur/2025-06-09/json_backups/T0018_Tharuni_Guntur.json
2025-06-09 21:50:45 - ERROR - 2025-06-09 21:50:45,778 - DataManager - INFO - ✅ Processed JSON backup: T0018_Tharuni_Guntur_160140.json
2025-06-09 21:50:46 - PRINT - ✅ Saved JSON record as Tharuni/Guntur/2025-06-09/json_backups/T0019_Tharuni_Guntur.json
2025-06-09 21:50:46 - ERROR - 2025-06-09 21:50:46,172 - DataManager - INFO - ✅ Processed JSON backup: T0019_Tharuni_Guntur_160421.json
2025-06-09 21:50:46 - PRINT - ✅ Saved JSON record as Tharuni/Guntur/2025-06-09/json_backups/T0020_Tharuni_Guntur.json
2025-06-09 21:50:46 - ERROR - 2025-06-09 21:50:46,540 - DataManager - INFO - ✅ Processed JSON backup: T0020_Tharuni_Guntur_160434.json
2025-06-09 21:50:46 - PRINT - ✅ Saved JSON record as Tharuni/Guntur/2025-06-09/json_backups/T0021_Tharuni_Guntur.json
2025-06-09 21:50:46 - ERROR - 2025-06-09 21:50:46,905 - DataManager - INFO - ✅ Processed JSON backup: T0021_Tharuni_Guntur_160449.json
2025-06-09 21:50:47 - PRINT - ✅ Saved JSON record as Tharuni/Guntur/2025-06-09/json_backups/T0022_Tharuni_Guntur.json
2025-06-09 21:50:47 - ERROR - 2025-06-09 21:50:47,297 - DataManager - INFO - ✅ Processed JSON backup: T0022_Tharuni_Guntur_160355.json
2025-06-09 21:50:47 - PRINT - ✅ Saved JSON record as Tharuni/Guntur/2025-06-09/json_backups/T0023_Tharuni_Guntur.json
2025-06-09 21:50:47 - ERROR - 2025-06-09 21:50:47,670 - DataManager - INFO - ✅ Processed JSON backup: T0023_Tharuni_Guntur_161916.json
2025-06-09 21:50:48 - PRINT - ✅ Saved JSON record as Tharuni/Guntur/2025-06-09/json_backups/T0024_Tharuni_Guntur.json
2025-06-09 21:50:48 - ERROR - 2025-06-09 21:50:48,043 - DataManager - INFO - ✅ Processed JSON backup: T0024_Tharuni_Guntur_161930.json
2025-06-09 21:50:48 - PRINT - ✅ Saved JSON record as Tharuni/Guntur/2025-06-09/json_backups/T0025_Tharuni_Guntur.json
2025-06-09 21:50:48 - ERROR - 2025-06-09 21:50:48,411 - DataManager - INFO - ✅ Processed JSON backup: T0025_Tharuni_Guntur_161900.json
2025-06-09 21:50:48 - PRINT - ✅ Saved JSON record as Tharuni/Guntur/2025-06-09/json_backups/T0026_Tharuni_Guntur.json
2025-06-09 21:50:48 - ERROR - 2025-06-09 21:50:48,787 - DataManager - INFO - ✅ Processed JSON backup: T0026_Tharuni_Guntur_162501.json
2025-06-09 21:50:49 - PRINT - ✅ Saved JSON record as Tharuni/Guntur/2025-06-09/json_backups/T0027_Tharuni_Guntur.json
2025-06-09 21:50:49 - ERROR - 2025-06-09 21:50:49,156 - DataManager - INFO - ✅ Processed JSON backup: T0027_Tharuni_Guntur_162647.json
2025-06-09 21:50:49 - PRINT - ✅ Saved JSON record as Tharuni/Guntur/2025-06-09/json_backups/T0028_Tharuni_Guntur.json
2025-06-09 21:50:49 - ERROR - 2025-06-09 21:50:49,513 - DataManager - INFO - ✅ Processed JSON backup: T0028_Tharuni_Guntur_162935.json
2025-06-09 21:50:49 - PRINT - ✅ Saved JSON record as Tharuni/Guntur/2025-06-09/json_backups/T0029_Tharuni_Guntur.json
2025-06-09 21:50:49 - ERROR - 2025-06-09 21:50:49,893 - DataManager - INFO - ✅ Processed JSON backup: T0029_Tharuni_Guntur_165329.json
2025-06-09 21:50:50 - PRINT - ✅ Saved JSON record as Tharuni/Guntur/2025-06-09/json_backups/T0030_Tharuni_Guntur.json
2025-06-09 21:50:50 - ERROR - 2025-06-09 21:50:50,273 - DataManager - INFO - ✅ Processed JSON backup: T0030_Tharuni_Guntur_170059.json
2025-06-09 21:50:50 - PRINT - ⏭️  Skipping duplicate JSON: T0031_Coastal_Eluru.json (content already backed up)
2025-06-09 21:50:50 - ERROR - 2025-06-09 21:50:50,291 - DataManager - INFO - ✅ Processed JSON backup: T0031_Coastal_Eluru_181617.json
2025-06-09 21:50:50 - PRINT - ⏭️  Skipping duplicate JSON: T0032_Coastal_Eluru.json (content already backed up)
2025-06-09 21:50:50 - ERROR - 2025-06-09 21:50:50,304 - DataManager - INFO - ✅ Processed JSON backup: T0032_Coastal_Eluru_184025.json
2025-06-09 21:50:50 - PRINT - ✅ Saved JSON record as Coastal/Eluru/2025-06-09/json_backups/T0033_Coastal_Eluru.json
2025-06-09 21:50:50 - ERROR - 2025-06-09 21:50:50,579 - DataManager - INFO - ✅ Processed JSON backup: T0033_Coastal_Eluru_184904.json
2025-06-09 21:50:50 - PRINT - ✅ Saved JSON record as Coastal/Eluru/2025-06-09/json_backups/T0033_Coastal_Eluru.json
2025-06-09 21:50:50 - ERROR - 2025-06-09 21:50:50,943 - DataManager - INFO - ✅ Processed JSON backup: T0033_Coastal_Eluru_185930.json
2025-06-09 21:50:51 - PRINT - ✅ Saved JSON record as Coastal/Eluru/2025-06-09/json_backups/T0033_Coastal_Eluru.json
2025-06-09 21:50:51 - ERROR - 2025-06-09 21:50:51,309 - DataManager - INFO - ✅ Processed JSON backup: T0033_Coastal_Eluru_190441.json
2025-06-09 21:50:51 - PRINT - ✅ Saved JSON record as Coastal/Eluru/2025-06-09/json_backups/T0033_Coastal_Eluru.json
2025-06-09 21:50:51 - ERROR - 2025-06-09 21:50:51,679 - DataManager - INFO - ✅ Processed JSON backup: T0033_Coastal_Eluru_190914.json
2025-06-09 21:50:52 - PRINT - ✅ Saved JSON record as Coastal/Eluru/2025-06-09/json_backups/T0033_Coastal_Eluru.json
2025-06-09 21:50:52 - ERROR - 2025-06-09 21:50:52,057 - DataManager - INFO - ✅ Processed JSON backup: T0033_Coastal_Eluru_191241.json
2025-06-09 21:50:52 - PRINT - ✅ Saved JSON record as Coastal/Eluru/2025-06-09/json_backups/T0033_Coastal_Eluru.json
2025-06-09 21:50:52 - ERROR - 2025-06-09 21:50:52,423 - DataManager - INFO - ✅ Processed JSON backup: T0033_Coastal_Eluru_191518.json
2025-06-09 21:50:52 - PRINT - ✅ Saved JSON record as Coastal/Eluru/2025-06-09/json_backups/T0033_Coastal_Eluru.json
2025-06-09 21:50:52 - ERROR - 2025-06-09 21:50:52,797 - DataManager - INFO - ✅ Processed JSON backup: T0033_Coastal_Eluru_192748.json
2025-06-09 21:50:53 - PRINT - ✅ Saved JSON record as Coastal/Eluru/2025-06-09/json_backups/T0033_Coastal_Eluru.json
2025-06-09 21:50:53 - ERROR - 2025-06-09 21:50:53,166 - DataManager - INFO - ✅ Processed JSON backup: T0033_Coastal_Eluru_200917.json
2025-06-09 21:50:53 - PRINT - ⏭️  Skipping duplicate JSON: T0007_Coastal_Eluru.json (content already backed up)
2025-06-09 21:50:53 - ERROR - 2025-06-09 21:50:53,184 - DataManager - INFO - ✅ Processed JSON backup: T0007_Coastal_Eluru_002619.json
2025-06-09 21:50:53 - PRINT - ⏭️  Skipping duplicate JSON: T0008_Coastal_Eluru.json (content already backed up)
2025-06-09 21:50:53 - ERROR - 2025-06-09 21:50:53,191 - DataManager - INFO - ✅ Processed JSON backup: T0008_Coastal_Eluru_002604.json
2025-06-09 21:50:53 - PRINT - ⏭️  Skipping duplicate JSON: T0009_Coastal_Eluru.json (content already backed up)
2025-06-09 21:50:53 - ERROR - 2025-06-09 21:50:53,205 - DataManager - INFO - ✅ Processed JSON backup: T0009_Coastal_Eluru_002541.json
2025-06-09 21:50:53 - PRINT - ✅ Saved JSON record as Coastal/Eluru/2025-06-09/json_backups/T0101_Coastal_Eluru.json
2025-06-09 21:50:53 - ERROR - 2025-06-09 21:50:53,476 - DataManager - INFO - ✅ Processed JSON backup: T0101_Coastal_Eluru_214605.json
2025-06-09 21:50:53 - ERROR - 2025-06-09 21:50:53,477 - DataManager - INFO - Successfully loaded 13 records from data\Coastal_Eluru_data.csv
2025-06-09 21:50:53 - PRINT - Found 13 complete records out of 13 total records
2025-06-09 21:50:53 - PRINT - 
🚀 Starting comprehensive backup for Coastal - Eluru
2025-06-09 21:50:53 - PRINT - 📅 Date: 2025-06-09
2025-06-09 21:50:53 - PRINT - 📁 Data folder: data
2025-06-09 21:50:53 - PRINT - ☁️  Cloud structure: Coastal/Eluru/2025-06-09/[images|json_backups|reports]/
2025-06-09 21:50:53 - PRINT - ================================================================================
2025-06-09 21:50:53 - PRINT - 
1️⃣  IMAGES BACKUP
2025-06-09 21:50:53 - PRINT - 🔍 Looking for images in: C:\Users\saait\Downloads\adex_nonlogin\advexe-fa064e14cc2125900dc230b01018a938253408bf\data\images
2025-06-09 21:50:53 - PRINT - 🖼️  Starting images backup to: Coastal/Eluru/2025-06-09/images/
2025-06-09 21:50:53 - PRINT -    ⏭️  Skipping unchanged: Eluru_AP04AP4444_20250604_002538_2nd_front.jpg (already backed up)
2025-06-09 21:50:53 - PRINT -    ⏭️  Skipping unchanged: Eluru_AP04AP4444_20250604_002602_2nd_front.jpg (already backed up)
2025-06-09 21:50:53 - PRINT - 📊 Images backup completed: 0/2 files uploaded
2025-06-09 21:50:53 - PRINT -    📊 Images: 0/2 files uploaded
2025-06-09 21:50:53 - PRINT - 
2️⃣  JSON BACKUPS
2025-06-09 21:50:53 - PRINT - 🔍 Looking for JSON backups in: C:\Users\saait\Downloads\adex_nonlogin\advexe-fa064e14cc2125900dc230b01018a938253408bf\data\json_backups
2025-06-09 21:50:53 - PRINT - 📄 Starting JSON backups backup to: Coastal/Eluru/2025-06-09/json_backups/
2025-06-09 21:50:53 - PRINT -    ⏭️  Skipping unchanged: 2025-05-29\T0002_Tharuni_Guntur_211239.json (already backed up)
2025-06-09 21:50:53 - PRINT -    ⏭️  Skipping unchanged: 2025-05-29\T0003_Tharuni_Guntur_212042.json (already backed up)
2025-06-09 21:50:53 - PRINT -    ⏭️  Skipping unchanged: 2025-05-29\T0004_Tharuni_Guntur_214248.json (already backed up)
2025-06-09 21:50:53 - PRINT -    ⏭️  Skipping unchanged: 2025-05-29\T0005_Tharuni_Guntur_214703.json (already backed up)
2025-06-09 21:50:53 - PRINT -    ⏭️  Skipping unchanged: 2025-05-29\T0006_Tharuni_Guntur_215228.json (already backed up)
2025-06-09 21:50:53 - PRINT -    ⏭️  Skipping unchanged: 2025-05-29\T0007_Tharuni_Guntur_220413.json (already backed up)
2025-06-09 21:50:53 - PRINT -    ⏭️  Skipping unchanged: 2025-05-29\T0008_Tharuni_Guntur_221138.json (already backed up)
2025-06-09 21:50:53 - PRINT -    ⏭️  Skipping unchanged: 2025-05-29\T0009_Tharuni_Guntur_221746.json (already backed up)
2025-06-09 21:50:53 - PRINT -    ⏭️  Skipping unchanged: 2025-05-29\T0010_Tharuni_Guntur_222608.json (already backed up)
2025-06-09 21:50:53 - PRINT -    ⏭️  Skipping unchanged: 2025-05-29\T0011_Tharuni_Guntur_230418.json (already backed up)
2025-06-09 21:50:53 - PRINT -    ⏭️  Skipping unchanged: 2025-05-29\T0012_Tharuni_Guntur_232426.json (already backed up)
2025-06-09 21:50:53 - PRINT -    ⏭️  Skipping unchanged: 2025-05-29\T0013_Tharuni_Guntur_232629.json (already backed up)
2025-06-09 21:50:53 - PRINT -    ⏭️  Skipping unchanged: 2025-05-29\T0014_Tharuni_Guntur_233046.json (already backed up)
2025-06-09 21:50:53 - PRINT -    ⏭️  Skipping unchanged: 2025-05-29\T0015_Tharuni_Guntur_233500.json (already backed up)
2025-06-09 21:50:53 - PRINT -    ⏭️  Skipping unchanged: 2025-05-29\T0016_Tharuni_Guntur_233910.json (already backed up)
2025-06-09 21:50:53 - PRINT -    ⏭️  Skipping unchanged: 2025-05-29\T0017_Tharuni_Guntur_234531.json (already backed up)
2025-06-09 21:50:53 - PRINT -    ⏭️  Skipping unchanged: 2025-05-29\T0018_Tharuni_Guntur_235358.json (already backed up)
2025-06-09 21:50:53 - PRINT -    ⏭️  Skipping unchanged: 2025-05-29\T0019_Tharuni_Guntur_235500.json (already backed up)
2025-06-09 21:50:53 - PRINT -    ⏭️  Skipping unchanged: 2025-05-29\T0020_Tharuni_Guntur_235617.json (already backed up)
2025-06-09 21:50:53 - PRINT -    ⏭️  Skipping unchanged: 2025-05-30\T0021_Tharuni_Guntur_000306.json (already backed up)
2025-06-09 21:50:53 - PRINT -    ⏭️  Skipping unchanged: 2025-05-30\T0022_Tharuni_Guntur_000513.json (already backed up)
2025-06-09 21:50:53 - PRINT -    ⏭️  Skipping unchanged: 2025-05-30\T0023_Tharuni_Guntur_001027.json (already backed up)
2025-06-09 21:50:53 - PRINT -    ⏭️  Skipping unchanged: 2025-05-30\T0024_Tharuni_Guntur_001251.json (already backed up)
2025-06-09 21:50:53 - PRINT -    ⏭️  Skipping unchanged: 2025-05-30\T0025_Tharuni_Guntur_001643.json (already backed up)
2025-06-09 21:50:53 - PRINT -    ⏭️  Skipping unchanged: 2025-05-30\T0026_Tharuni_Guntur_001921.json (already backed up)
2025-06-09 21:50:53 - PRINT -    ⏭️  Skipping unchanged: 2025-05-30\T0027_Tharuni_Guntur_012944.json (already backed up)
2025-06-09 21:50:53 - PRINT -    ⏭️  Skipping unchanged: 2025-05-30\T0028_Tharuni_Guntur_055441.json (already backed up)
2025-06-09 21:50:53 - PRINT -    ⏭️  Skipping unchanged: 2025-05-30\T0029_Tharuni_Guntur_060421.json (already backed up)
2025-06-09 21:50:53 - PRINT -    ⏭️  Skipping unchanged: 2025-05-30\T0030_Tharuni_Guntur_060643.json (already backed up)
2025-06-09 21:50:53 - PRINT -    ⏭️  Skipping unchanged: 2025-05-30\T0031_Tharuni_Guntur_060810.json (already backed up)
2025-06-09 21:50:53 - PRINT -    ⏭️  Skipping unchanged: 2025-05-30\T0032_Tharuni_Guntur_061021.json (already backed up)
2025-06-09 21:50:53 - PRINT -    ⏭️  Skipping unchanged: 2025-05-30\T0033_Tharuni_Guntur_061236.json (already backed up)
2025-06-09 21:50:53 - PRINT -    ⏭️  Skipping unchanged: 2025-05-30\T0034_Tharuni_Guntur_062057.json (already backed up)
2025-06-09 21:50:53 - PRINT -    ⏭️  Skipping unchanged: 2025-05-30\T0035_Tharuni_Guntur_062248.json (already backed up)
2025-06-09 21:50:53 - PRINT -    ⏭️  Skipping unchanged: 2025-05-30\T0036_Tharuni_Guntur_062818.json (already backed up)
2025-06-09 21:50:53 - PRINT -    ⏭️  Skipping unchanged: 2025-05-30\T0037_Tharuni_Guntur_062952.json (already backed up)
2025-06-09 21:50:53 - PRINT -    ⏭️  Skipping unchanged: 2025-05-30\T0038_Tharuni_Guntur_063402.json (already backed up)
2025-06-09 21:50:53 - PRINT -    ⏭️  Skipping unchanged: 2025-05-30\T0039_Tharuni_Guntur_063853.json (already backed up)
2025-06-09 21:50:53 - PRINT -    ⏭️  Skipping unchanged: 2025-05-30\T0040_Tharuni_Guntur_065731.json (already backed up)
2025-06-09 21:50:53 - PRINT -    ⏭️  Skipping unchanged: 2025-05-30\T0041_Tharuni_Guntur_070323.json (already backed up)
2025-06-09 21:50:53 - PRINT -    ⏭️  Skipping unchanged: 2025-05-30\T0042_Tharuni_Guntur_191017.json (already backed up)
2025-06-09 21:50:53 - PRINT -    ⏭️  Skipping unchanged: 2025-05-30\T0043_Tharuni_Guntur_192238.json (already backed up)
2025-06-09 21:50:53 - PRINT -    ⏭️  Skipping unchanged: 2025-05-30\T0044_Tharuni_Guntur_192552.json (already backed up)
2025-06-09 21:50:53 - PRINT -    ⏭️  Skipping unchanged: 2025-05-30\T0045_Tharuni_Guntur_193508.json (already backed up)
2025-06-09 21:50:53 - PRINT -    ⏭️  Skipping unchanged: 2025-05-30\T0046_Tharuni_Guntur_194822.json (already backed up)
2025-06-09 21:50:53 - PRINT -    ⏭️  Skipping unchanged: 2025-05-30\T0047_Tharuni_Guntur_200057.json (already backed up)
2025-06-09 21:50:53 - PRINT -    ⏭️  Skipping unchanged: 2025-05-30\T0048_Tharuni_Guntur_201650.json (already backed up)
2025-06-09 21:50:53 - PRINT -    ⏭️  Skipping unchanged: 2025-05-30\T0049_Tharuni_Guntur_202559.json (already backed up)
2025-06-09 21:50:53 - PRINT -    ⏭️  Skipping unchanged: 2025-05-30\T0050_Tharuni_Guntur_203256.json (already backed up)
2025-06-09 21:50:53 - PRINT -    ⏭️  Skipping unchanged: 2025-05-30\T0051_Tharuni_Guntur_210648.json (already backed up)
2025-06-09 21:50:53 - PRINT -    ⏭️  Skipping unchanged: 2025-05-30\T0052_Tharuni_Guntur_212805.json (already backed up)
2025-06-09 21:50:53 - PRINT -    ⏭️  Skipping unchanged: 2025-05-30\T0053_Tharuni_Guntur_212920.json (already backed up)
2025-06-09 21:50:53 - PRINT -    ⏭️  Skipping unchanged: 2025-05-30\T0054_Tharuni_Guntur_213154.json (already backed up)
2025-06-09 21:50:53 - PRINT -    ⏭️  Skipping unchanged: 2025-05-30\T0055_Tharuni_Guntur_222710.json (already backed up)
2025-06-09 21:50:53 - PRINT -    ⏭️  Skipping unchanged: 2025-06-02\T0056_Tharuni_Guntur_181519.json (already backed up)
2025-06-09 21:50:53 - PRINT -    ⏭️  Skipping unchanged: 2025-06-02\T0057_Tharuni_Guntur_184405.json (already backed up)
2025-06-09 21:50:53 - PRINT -    ⏭️  Skipping unchanged: 2025-06-02\T0058_Tharuni_Guntur_184700.json (already backed up)
2025-06-09 21:50:53 - PRINT -    ⏭️  Skipping unchanged: 2025-06-02\T0059_Tharuni_Guntur_192456.json (already backed up)
2025-06-09 21:50:53 - PRINT -    ⏭️  Skipping unchanged: 2025-06-02\T0060_Tharuni_Guntur_192615.json (already backed up)
2025-06-09 21:50:53 - PRINT -    ⏭️  Skipping unchanged: 2025-06-02\T0061_Tharuni_Guntur_195025.json (already backed up)
2025-06-09 21:50:53 - PRINT -    ⏭️  Skipping unchanged: 2025-06-02\T0061_Tharuni_Guntur_195553.json (already backed up)
2025-06-09 21:50:53 - PRINT -    ⏭️  Skipping unchanged: 2025-06-02\T0061_Tharuni_Guntur_200217.json (already backed up)
2025-06-09 21:50:53 - PRINT -    ⏭️  Skipping unchanged: 2025-06-02\T0061_Tharuni_Guntur_200240.json (already backed up)
2025-06-09 21:50:53 - PRINT -    ⏭️  Skipping unchanged: 2025-06-02\T0061_Tharuni_Guntur_201417.json (already backed up)
2025-06-09 21:50:53 - PRINT -    ⏭️  Skipping unchanged: 2025-06-02\T0061_Tharuni_Guntur_203003.json (already backed up)
2025-06-09 21:50:53 - PRINT -    ⏭️  Skipping unchanged: 2025-06-02\T0061_Tharuni_Guntur_212355.json (already backed up)
2025-06-09 21:50:53 - PRINT -    ⏭️  Skipping unchanged: 2025-06-02\T0061_Tharuni_Guntur_213011.json (already backed up)
2025-06-09 21:50:53 - PRINT -    ⏭️  Skipping unchanged: 2025-06-02\T0061_Tharuni_Guntur_213712.json (already backed up)
2025-06-09 21:50:53 - PRINT -    ⏭️  Skipping unchanged: 2025-06-03\T0001_Coastal_Eluru_201211.json (already backed up)
2025-06-09 21:50:53 - PRINT -    ⏭️  Skipping unchanged: 2025-06-03\T0001_Tharuni_Guntur_004103.json (already backed up)
2025-06-09 21:50:53 - PRINT -    ⏭️  Skipping unchanged: 2025-06-03\T0002_Coastal_Eluru_201223.json (already backed up)
2025-06-09 21:50:53 - PRINT -    ⏭️  Skipping unchanged: 2025-06-03\T0002_Tharuni_Guntur_004306.json (already backed up)
2025-06-09 21:50:53 - PRINT -    ⏭️  Skipping unchanged: 2025-06-03\T0003_Coastal_Eluru_201158.json (already backed up)
2025-06-09 21:50:53 - PRINT -    ⏭️  Skipping unchanged: 2025-06-03\T0003_Tharuni_Guntur_010543.json (already backed up)
2025-06-09 21:50:53 - PRINT -    ⏭️  Skipping unchanged: 2025-06-03\T0003_Tharuni_Guntur_013442.json (already backed up)
2025-06-09 21:50:53 - PRINT -    ⏭️  Skipping unchanged: 2025-06-03\T0003_Tharuni_Guntur_014137.json (already backed up)
2025-06-09 21:50:53 - PRINT -    ⏭️  Skipping unchanged: 2025-06-03\T0004_Coastal_Eluru_233235.json (already backed up)
2025-06-09 21:50:53 - PRINT -    ⏭️  Skipping unchanged: 2025-06-03\T0004_Tharuni_Guntur_014118.json (already backed up)
2025-06-09 21:50:53 - PRINT -    ⏭️  Skipping unchanged: 2025-06-03\T0005_Coastal_Eluru_233248.json (already backed up)
2025-06-09 21:50:53 - PRINT -    ⏭️  Skipping unchanged: 2025-06-03\T0005_Tharuni_Guntur_014102.json (already backed up)
2025-06-09 21:50:53 - PRINT -    ⏭️  Skipping unchanged: 2025-06-03\T0006_Coastal_Eluru_233221.json (already backed up)
2025-06-09 21:50:53 - PRINT -    ⏭️  Skipping unchanged: 2025-06-03\T0008_Tharuni_Guntur_014831.json (already backed up)
2025-06-09 21:50:53 - PRINT -    ⏭️  Skipping unchanged: 2025-06-03\T0009_Tharuni_Guntur_014813.json (already backed up)
2025-06-09 21:50:53 - PRINT -    ⏭️  Skipping unchanged: 2025-06-03\T0010_Tharuni_Guntur_014852.json (already backed up)
2025-06-09 21:50:53 - PRINT -    ⏭️  Skipping unchanged: 2025-06-03\T0011_Tharuni_Guntur_014957.json (already backed up)
2025-06-09 21:50:53 - PRINT -    ⏭️  Skipping unchanged: 2025-06-03\T0012_Tharuni_Guntur_014945.json (already backed up)
2025-06-09 21:50:53 - PRINT -    ⏭️  Skipping unchanged: 2025-06-03\T0013_Tharuni_Guntur_023313.json (already backed up)
2025-06-09 21:50:53 - PRINT -    ⏭️  Skipping unchanged: 2025-06-03\T0014_Tharuni_Guntur_023254.json (already backed up)
2025-06-09 21:50:53 - PRINT -    ⏭️  Skipping unchanged: 2025-06-03\T0015_Tharuni_Guntur_024445.json (already backed up)
2025-06-09 21:50:53 - PRINT -    ⏭️  Skipping unchanged: 2025-06-03\T0016_Tharuni_Guntur_025144.json (already backed up)
2025-06-09 21:50:53 - PRINT -    ⏭️  Skipping unchanged: 2025-06-03\T0017_Tharuni_Guntur_025131.json (already backed up)
2025-06-09 21:50:53 - PRINT -    ⏭️  Skipping unchanged: 2025-06-03\T0018_Tharuni_Guntur_160140.json (already backed up)
2025-06-09 21:50:53 - PRINT -    ⏭️  Skipping unchanged: 2025-06-03\T0019_Tharuni_Guntur_160421.json (already backed up)
2025-06-09 21:50:53 - PRINT -    ⏭️  Skipping unchanged: 2025-06-03\T0020_Tharuni_Guntur_160434.json (already backed up)
2025-06-09 21:50:53 - PRINT -    ⏭️  Skipping unchanged: 2025-06-03\T0021_Tharuni_Guntur_160449.json (already backed up)
2025-06-09 21:50:53 - PRINT -    ⏭️  Skipping unchanged: 2025-06-03\T0022_Tharuni_Guntur_160355.json (already backed up)
2025-06-09 21:50:53 - PRINT -    ⏭️  Skipping unchanged: 2025-06-03\T0023_Tharuni_Guntur_161916.json (already backed up)
2025-06-09 21:50:53 - PRINT -    ⏭️  Skipping unchanged: 2025-06-03\T0024_Tharuni_Guntur_161930.json (already backed up)
2025-06-09 21:50:53 - PRINT -    ⏭️  Skipping unchanged: 2025-06-03\T0025_Tharuni_Guntur_161900.json (already backed up)
2025-06-09 21:50:53 - PRINT -    ⏭️  Skipping unchanged: 2025-06-03\T0026_Tharuni_Guntur_162501.json (already backed up)
2025-06-09 21:50:53 - PRINT -    ⏭️  Skipping unchanged: 2025-06-03\T0027_Tharuni_Guntur_162647.json (already backed up)
2025-06-09 21:50:53 - PRINT -    ⏭️  Skipping unchanged: 2025-06-03\T0028_Tharuni_Guntur_162935.json (already backed up)
2025-06-09 21:50:53 - PRINT -    ⏭️  Skipping unchanged: 2025-06-03\T0029_Tharuni_Guntur_165329.json (already backed up)
2025-06-09 21:50:53 - PRINT -    ⏭️  Skipping unchanged: 2025-06-03\T0030_Tharuni_Guntur_170059.json (already backed up)
2025-06-09 21:50:53 - PRINT -    ⏭️  Skipping unchanged: 2025-06-03\T0031_Coastal_Eluru_181617.json (already backed up)
2025-06-09 21:50:53 - PRINT -    ⏭️  Skipping unchanged: 2025-06-03\T0032_Coastal_Eluru_184025.json (already backed up)
2025-06-09 21:50:53 - PRINT -    ⏭️  Skipping unchanged: 2025-06-03\T0033_Coastal_Eluru_184904.json (already backed up)
2025-06-09 21:50:53 - PRINT -    ⏭️  Skipping unchanged: 2025-06-03\T0033_Coastal_Eluru_185930.json (already backed up)
2025-06-09 21:50:53 - PRINT -    ⏭️  Skipping unchanged: 2025-06-03\T0033_Coastal_Eluru_190441.json (already backed up)
2025-06-09 21:50:53 - PRINT -    ⏭️  Skipping unchanged: 2025-06-03\T0033_Coastal_Eluru_190914.json (already backed up)
2025-06-09 21:50:53 - PRINT -    ⏭️  Skipping unchanged: 2025-06-03\T0033_Coastal_Eluru_191241.json (already backed up)
2025-06-09 21:50:53 - PRINT -    ⏭️  Skipping unchanged: 2025-06-03\T0033_Coastal_Eluru_191518.json (already backed up)
2025-06-09 21:50:53 - PRINT -    ⏭️  Skipping unchanged: 2025-06-03\T0033_Coastal_Eluru_192748.json (already backed up)
2025-06-09 21:50:53 - PRINT -    ⏭️  Skipping unchanged: 2025-06-03\T0033_Coastal_Eluru_200917.json (already backed up)
2025-06-09 21:50:53 - PRINT -    ⏭️  Skipping unchanged: 2025-06-04\T0007_Coastal_Eluru_002619.json (already backed up)
2025-06-09 21:50:53 - PRINT -    ⏭️  Skipping unchanged: 2025-06-04\T0008_Coastal_Eluru_002604.json (already backed up)
2025-06-09 21:50:53 - PRINT -    ⏭️  Skipping unchanged: 2025-06-04\T0009_Coastal_Eluru_002541.json (already backed up)
2025-06-09 21:50:53 - PRINT -    ✅ Uploaded: 2025-06-09\T0101_Coastal_Eluru_214605.json
2025-06-09 21:50:53 - PRINT - 📊 JSON backups completed: 1/118 files uploaded
2025-06-09 21:50:53 - PRINT -    📊 JSON backups: 1/118 files uploaded
2025-06-09 21:50:53 - PRINT - 
3️⃣  REPORTS BACKUP
2025-06-09 21:50:53 - PRINT - 🔍 Looking for reports in: C:\Users\saait\Downloads\adex_nonlogin\advexe-fa064e14cc2125900dc230b01018a938253408bf\data\reports\2025-06-09
2025-06-09 21:50:53 - PRINT - 📊 Starting reports backup to: Coastal/Eluru/2025-06-09/reports/
2025-06-09 21:50:54 - PRINT -    ✅ Uploaded: app_2025-06-09.log
2025-06-09 21:50:54 - PRINT -    ✅ Uploaded: Coastal_Eluru_T0101_AP04AP4444_214605.pdf
2025-06-09 21:50:54 - PRINT -    ✅ Uploaded: weighbridge_2025-06-09.log
2025-06-09 21:50:54 - PRINT - 📊 Reports backup completed: 3/3 files uploaded
2025-06-09 21:50:54 - PRINT -    📊 Reports: 3/3 files uploaded
2025-06-09 21:50:54 - PRINT - 
================================================================================
2025-06-09 21:50:54 - PRINT - 🎯 BACKUP COMPLETED for Coastal - Eluru
2025-06-09 21:50:54 - PRINT - ⏱️  Duration: 1.3 seconds
2025-06-09 21:50:54 - PRINT - 📊 Total files: 4/123 uploaded
2025-06-09 21:50:54 - PRINT - 🖼️  Images: 0/2
2025-06-09 21:50:54 - PRINT - 📄 JSON: 1/118
2025-06-09 21:50:54 - PRINT - 📊 Reports: 3/3
2025-06-09 21:50:54 - PRINT - ✅ SUCCESS! All files backed up to cloud
2025-06-09 21:50:54 - PRINT - ☁️  Cloud location: gs://advitia-weighbridge-data/
2025-06-09 21:50:54 - PRINT -    📁 images: Coastal/Eluru/2025-06-09/images/
2025-06-09 21:50:54 - PRINT -    📁 json_backups: Coastal/Eluru/2025-06-09/json_backups/
2025-06-09 21:50:54 - PRINT -    📁 reports: Coastal/Eluru/2025-06-09/reports/
2025-06-09 21:50:54 - PRINT - ================================================================================
2025-06-09 21:50:54 - PRINT - Backup completed:
2025-06-09 21:50:54 - PRINT - Error during comprehensive backup: 'records_uploaded'
2025-06-09 21:50:57 - PRINT - ✅ Found data_manager from direct reference
2025-06-09 21:50:57 - ERROR - 2025-06-09 21:50:57,144 - DataManager - INFO - Found 118 JSON backup files for bulk upload
2025-06-09 21:51:19 - PRINT - 🚛 PENDING DEBUG: Refreshing pending vehicles list...
2025-06-09 21:51:19 - ERROR - 2025-06-09 21:51:19,306 - PendingVehiclesPanel - INFO - Refreshing pending vehicles list
2025-06-09 21:51:19 - ERROR - 2025-06-09 21:51:19,312 - DataManager - INFO - Successfully loaded 13 records from data\Coastal_Eluru_data.csv
2025-06-09 21:51:19 - PRINT - 🚛 PENDING DEBUG: Retrieved 13 total records
2025-06-09 21:51:19 - ERROR - 2025-06-09 21:51:19,315 - PendingVehiclesPanel - INFO - Retrieved 13 total records
2025-06-09 21:51:19 - PRINT - 🚛 PENDING DEBUG: Checking ticket T0031:
2025-06-09 21:51:19 - PRINT -    - first_weight: '32340.00' (has: True)
2025-06-09 21:51:19 - PRINT -    - first_timestamp: '03-06-2025 18:16:07' (has: True)
2025-06-09 21:51:19 - PRINT -    - second_weight: '14630.00' (has: True)
2025-06-09 21:51:19 - PRINT -    - second_timestamp: '03-06-2025 18:16:12' (has: True)
2025-06-09 21:51:19 - PRINT -    - has_first: True, missing_second: False
2025-06-09 21:51:19 - PRINT - 🚛 PENDING DEBUG: ⏭️  Skipped ticket T0031 - not pending
2025-06-09 21:51:19 - PRINT - 🚛 PENDING DEBUG: Checking ticket T0032:
2025-06-09 21:51:19 - PRINT -    - first_weight: '41900.00' (has: True)
2025-06-09 21:51:19 - PRINT -    - first_timestamp: '03-06-2025 18:40:02' (has: True)
2025-06-09 21:51:19 - PRINT -    - second_weight: '10350.00' (has: True)
2025-06-09 21:51:19 - PRINT -    - second_timestamp: '03-06-2025 18:40:19' (has: True)
2025-06-09 21:51:19 - PRINT -    - has_first: True, missing_second: False
2025-06-09 21:51:19 - PRINT - 🚛 PENDING DEBUG: ⏭️  Skipped ticket T0032 - not pending
2025-06-09 21:51:19 - PRINT - 🚛 PENDING DEBUG: Checking ticket T0033:
2025-06-09 21:51:19 - PRINT -    - first_weight: '21440.00' (has: True)
2025-06-09 21:51:19 - PRINT -    - first_timestamp: '03-06-2025 20:08:54' (has: True)
2025-06-09 21:51:19 - PRINT -    - second_weight: '8650.00' (has: True)
2025-06-09 21:51:19 - PRINT -    - second_timestamp: '03-06-2025 20:09:13' (has: True)
2025-06-09 21:51:19 - PRINT -    - has_first: True, missing_second: False
2025-06-09 21:51:19 - PRINT - 🚛 PENDING DEBUG: ⏭️  Skipped ticket T0033 - not pending
2025-06-09 21:51:19 - PRINT - 🚛 PENDING DEBUG: Checking ticket T0001:
2025-06-09 21:51:19 - PRINT -    - first_weight: '18310.00' (has: True)
2025-06-09 21:51:19 - PRINT -    - first_timestamp: '03-06-2025 20:11:03' (has: True)
2025-06-09 21:51:19 - PRINT -    - second_weight: '6050.00' (has: True)
2025-06-09 21:51:19 - PRINT -    - second_timestamp: '03-06-2025 20:12:07' (has: True)
2025-06-09 21:51:19 - PRINT -    - has_first: True, missing_second: False
2025-06-09 21:51:19 - PRINT - 🚛 PENDING DEBUG: ⏭️  Skipped ticket T0001 - not pending
2025-06-09 21:51:19 - PRINT - 🚛 PENDING DEBUG: Checking ticket T0002:
2025-06-09 21:51:19 - PRINT -    - first_weight: '15970.00' (has: True)
2025-06-09 21:51:19 - PRINT -    - first_timestamp: '03-06-2025 20:11:22' (has: True)
2025-06-09 21:51:19 - PRINT -    - second_weight: '5320.00' (has: True)
2025-06-09 21:51:19 - PRINT -    - second_timestamp: '03-06-2025 20:12:18' (has: True)
2025-06-09 21:51:19 - PRINT -    - has_first: True, missing_second: False
2025-06-09 21:51:19 - PRINT - 🚛 PENDING DEBUG: ⏭️  Skipped ticket T0002 - not pending
2025-06-09 21:51:19 - PRINT - 🚛 PENDING DEBUG: Checking ticket T0003:
2025-06-09 21:51:19 - PRINT -    - first_weight: '29910.00' (has: True)
2025-06-09 21:51:19 - PRINT -    - first_timestamp: '03-06-2025 20:11:44' (has: True)
2025-06-09 21:51:19 - PRINT -    - second_weight: '12080.00' (has: True)
2025-06-09 21:51:19 - PRINT -    - second_timestamp: '03-06-2025 20:11:54' (has: True)
2025-06-09 21:51:19 - PRINT -    - has_first: True, missing_second: False
2025-06-09 21:51:19 - PRINT - 🚛 PENDING DEBUG: ⏭️  Skipped ticket T0003 - not pending
2025-06-09 21:51:19 - PRINT - 🚛 PENDING DEBUG: Checking ticket T0004:
2025-06-09 21:51:19 - PRINT -    - first_weight: '16410.00' (has: True)
2025-06-09 21:51:19 - PRINT -    - first_timestamp: '03-06-2025 23:31:40' (has: True)
2025-06-09 21:51:19 - PRINT -    - second_weight: '12100.00' (has: True)
2025-06-09 21:51:19 - PRINT -    - second_timestamp: '03-06-2025 23:32:31' (has: True)
2025-06-09 21:51:19 - PRINT -    - has_first: True, missing_second: False
2025-06-09 21:51:19 - PRINT - 🚛 PENDING DEBUG: ⏭️  Skipped ticket T0004 - not pending
2025-06-09 21:51:19 - PRINT - 🚛 PENDING DEBUG: Checking ticket T0005:
2025-06-09 21:51:19 - PRINT -    - first_weight: '28940.00' (has: True)
2025-06-09 21:51:19 - PRINT -    - first_timestamp: '03-06-2025 23:31:54' (has: True)
2025-06-09 21:51:19 - PRINT -    - second_weight: '11150.00' (has: True)
2025-06-09 21:51:19 - PRINT -    - second_timestamp: '03-06-2025 23:32:43' (has: True)
2025-06-09 21:51:19 - PRINT -    - has_first: True, missing_second: False
2025-06-09 21:51:19 - PRINT - 🚛 PENDING DEBUG: ⏭️  Skipped ticket T0005 - not pending
2025-06-09 21:51:19 - PRINT - 🚛 PENDING DEBUG: Checking ticket T0006:
2025-06-09 21:51:19 - PRINT -    - first_weight: '18740.00' (has: True)
2025-06-09 21:51:19 - PRINT -    - first_timestamp: '03-06-2025 23:32:13' (has: True)
2025-06-09 21:51:19 - PRINT -    - second_weight: '8380.00' (has: True)
2025-06-09 21:51:19 - PRINT -    - second_timestamp: '03-06-2025 23:32:18' (has: True)
2025-06-09 21:51:19 - PRINT -    - has_first: True, missing_second: False
2025-06-09 21:51:19 - PRINT - 🚛 PENDING DEBUG: ⏭️  Skipped ticket T0006 - not pending
2025-06-09 21:51:19 - PRINT - 🚛 PENDING DEBUG: Checking ticket T0007:
2025-06-09 21:51:19 - PRINT -    - first_weight: '21910.00' (has: True)
2025-06-09 21:51:19 - PRINT -    - first_timestamp: '04-06-2025 00:24:28' (has: True)
2025-06-09 21:51:19 - PRINT -    - second_weight: '8430.00' (has: True)
2025-06-09 21:51:19 - PRINT -    - second_timestamp: '04-06-2025 00:26:14' (has: True)
2025-06-09 21:51:19 - PRINT -    - has_first: True, missing_second: False
2025-06-09 21:51:19 - PRINT - 🚛 PENDING DEBUG: ⏭️  Skipped ticket T0007 - not pending
2025-06-09 21:51:19 - PRINT - 🚛 PENDING DEBUG: Checking ticket T0008:
2025-06-09 21:51:19 - PRINT -    - first_weight: '21850.00' (has: True)
2025-06-09 21:51:19 - PRINT -    - first_timestamp: '04-06-2025 00:24:45' (has: True)
2025-06-09 21:51:19 - PRINT -    - second_weight: '10740.00' (has: True)
2025-06-09 21:51:19 - PRINT -    - second_timestamp: '04-06-2025 00:25:57' (has: True)
2025-06-09 21:51:19 - PRINT -    - has_first: True, missing_second: False
2025-06-09 21:51:19 - PRINT - 🚛 PENDING DEBUG: ⏭️  Skipped ticket T0008 - not pending
2025-06-09 21:51:19 - PRINT - 🚛 PENDING DEBUG: Checking ticket T0009:
2025-06-09 21:51:19 - PRINT -    - first_weight: '26090.00' (has: True)
2025-06-09 21:51:19 - PRINT -    - first_timestamp: '04-06-2025 00:25:02' (has: True)
2025-06-09 21:51:19 - PRINT -    - second_weight: '9330.00' (has: True)
2025-06-09 21:51:19 - PRINT -    - second_timestamp: '04-06-2025 00:25:16' (has: True)
2025-06-09 21:51:19 - PRINT -    - has_first: True, missing_second: False
2025-06-09 21:51:19 - PRINT - 🚛 PENDING DEBUG: ⏭️  Skipped ticket T0009 - not pending
2025-06-09 21:51:19 - PRINT - 🚛 PENDING DEBUG: Checking ticket T0101:
2025-06-09 21:51:19 - PRINT -    - first_weight: '31470.00' (has: True)
2025-06-09 21:51:19 - PRINT -    - first_timestamp: '09-06-2025 21:45:57' (has: True)
2025-06-09 21:51:19 - PRINT -    - second_weight: '9120.00' (has: True)
2025-06-09 21:51:19 - PRINT -    - second_timestamp: '09-06-2025 21:46:00' (has: True)
2025-06-09 21:51:19 - PRINT -    - has_first: True, missing_second: False
2025-06-09 21:51:19 - PRINT - 🚛 PENDING DEBUG: ⏭️  Skipped ticket T0101 - not pending
2025-06-09 21:51:19 - PRINT - 🚛 PENDING DEBUG: Found 0 pending records
2025-06-09 21:51:19 - ERROR - 2025-06-09 21:51:19,402 - PendingVehiclesPanel - INFO - Found 0 pending records
2025-06-09 21:51:19 - PRINT - 🚛 PENDING DEBUG: ✅ Successfully refreshed pending list with 0 items
2025-06-09 21:51:19 - ERROR - 2025-06-09 21:51:19,403 - PendingVehiclesPanel - INFO - Successfully refreshed pending list with 0 items
2025-06-09 21:52:19 - PRINT - 🚛 PENDING DEBUG: Refreshing pending vehicles list...
2025-06-09 21:52:19 - ERROR - 2025-06-09 21:52:19,420 - PendingVehiclesPanel - INFO - Refreshing pending vehicles list
2025-06-09 21:52:19 - ERROR - 2025-06-09 21:52:19,423 - DataManager - INFO - Successfully loaded 13 records from data\Coastal_Eluru_data.csv
2025-06-09 21:52:19 - PRINT - 🚛 PENDING DEBUG: Retrieved 13 total records
2025-06-09 21:52:19 - ERROR - 2025-06-09 21:52:19,428 - PendingVehiclesPanel - INFO - Retrieved 13 total records
2025-06-09 21:52:19 - PRINT - 🚛 PENDING DEBUG: Checking ticket T0031:
2025-06-09 21:52:19 - PRINT -    - first_weight: '32340.00' (has: True)
2025-06-09 21:52:19 - PRINT -    - first_timestamp: '03-06-2025 18:16:07' (has: True)
2025-06-09 21:52:19 - PRINT -    - second_weight: '14630.00' (has: True)
2025-06-09 21:52:19 - PRINT -    - second_timestamp: '03-06-2025 18:16:12' (has: True)
2025-06-09 21:52:19 - PRINT -    - has_first: True, missing_second: False
2025-06-09 21:52:19 - PRINT - 🚛 PENDING DEBUG: ⏭️  Skipped ticket T0031 - not pending
2025-06-09 21:52:19 - PRINT - 🚛 PENDING DEBUG: Checking ticket T0032:
2025-06-09 21:52:19 - PRINT -    - first_weight: '41900.00' (has: True)
2025-06-09 21:52:19 - PRINT -    - first_timestamp: '03-06-2025 18:40:02' (has: True)
2025-06-09 21:52:19 - PRINT -    - second_weight: '10350.00' (has: True)
2025-06-09 21:52:19 - PRINT -    - second_timestamp: '03-06-2025 18:40:19' (has: True)
2025-06-09 21:52:19 - PRINT -    - has_first: True, missing_second: False
2025-06-09 21:52:19 - PRINT - 🚛 PENDING DEBUG: ⏭️  Skipped ticket T0032 - not pending
2025-06-09 21:52:19 - PRINT - 🚛 PENDING DEBUG: Checking ticket T0033:
2025-06-09 21:52:19 - PRINT -    - first_weight: '21440.00' (has: True)
2025-06-09 21:52:19 - PRINT -    - first_timestamp: '03-06-2025 20:08:54' (has: True)
2025-06-09 21:52:19 - PRINT -    - second_weight: '8650.00' (has: True)
2025-06-09 21:52:19 - PRINT -    - second_timestamp: '03-06-2025 20:09:13' (has: True)
2025-06-09 21:52:19 - PRINT -    - has_first: True, missing_second: False
2025-06-09 21:52:19 - PRINT - 🚛 PENDING DEBUG: ⏭️  Skipped ticket T0033 - not pending
2025-06-09 21:52:19 - PRINT - 🚛 PENDING DEBUG: Checking ticket T0001:
2025-06-09 21:52:19 - PRINT -    - first_weight: '18310.00' (has: True)
2025-06-09 21:52:19 - PRINT -    - first_timestamp: '03-06-2025 20:11:03' (has: True)
2025-06-09 21:52:19 - PRINT -    - second_weight: '6050.00' (has: True)
2025-06-09 21:52:19 - PRINT -    - second_timestamp: '03-06-2025 20:12:07' (has: True)
2025-06-09 21:52:19 - PRINT -    - has_first: True, missing_second: False
2025-06-09 21:52:19 - PRINT - 🚛 PENDING DEBUG: ⏭️  Skipped ticket T0001 - not pending
2025-06-09 21:52:19 - PRINT - 🚛 PENDING DEBUG: Checking ticket T0002:
2025-06-09 21:52:19 - PRINT -    - first_weight: '15970.00' (has: True)
2025-06-09 21:52:19 - PRINT -    - first_timestamp: '03-06-2025 20:11:22' (has: True)
2025-06-09 21:52:19 - PRINT -    - second_weight: '5320.00' (has: True)
2025-06-09 21:52:19 - PRINT -    - second_timestamp: '03-06-2025 20:12:18' (has: True)
2025-06-09 21:52:19 - PRINT -    - has_first: True, missing_second: False
2025-06-09 21:52:19 - PRINT - 🚛 PENDING DEBUG: ⏭️  Skipped ticket T0002 - not pending
2025-06-09 21:52:19 - PRINT - 🚛 PENDING DEBUG: Checking ticket T0003:
2025-06-09 21:52:19 - PRINT -    - first_weight: '29910.00' (has: True)
2025-06-09 21:52:19 - PRINT -    - first_timestamp: '03-06-2025 20:11:44' (has: True)
2025-06-09 21:52:19 - PRINT -    - second_weight: '12080.00' (has: True)
2025-06-09 21:52:19 - PRINT -    - second_timestamp: '03-06-2025 20:11:54' (has: True)
2025-06-09 21:52:19 - PRINT -    - has_first: True, missing_second: False
2025-06-09 21:52:19 - PRINT - 🚛 PENDING DEBUG: ⏭️  Skipped ticket T0003 - not pending
2025-06-09 21:52:19 - PRINT - 🚛 PENDING DEBUG: Checking ticket T0004:
2025-06-09 21:52:19 - PRINT -    - first_weight: '16410.00' (has: True)
2025-06-09 21:52:19 - PRINT -    - first_timestamp: '03-06-2025 23:31:40' (has: True)
2025-06-09 21:52:19 - PRINT -    - second_weight: '12100.00' (has: True)
2025-06-09 21:52:19 - PRINT -    - second_timestamp: '03-06-2025 23:32:31' (has: True)
2025-06-09 21:52:19 - PRINT -    - has_first: True, missing_second: False
2025-06-09 21:52:19 - PRINT - 🚛 PENDING DEBUG: ⏭️  Skipped ticket T0004 - not pending
2025-06-09 21:52:19 - PRINT - 🚛 PENDING DEBUG: Checking ticket T0005:
2025-06-09 21:52:19 - PRINT -    - first_weight: '28940.00' (has: True)
2025-06-09 21:52:19 - PRINT -    - first_timestamp: '03-06-2025 23:31:54' (has: True)
2025-06-09 21:52:19 - PRINT -    - second_weight: '11150.00' (has: True)
2025-06-09 21:52:19 - PRINT -    - second_timestamp: '03-06-2025 23:32:43' (has: True)
2025-06-09 21:52:19 - PRINT -    - has_first: True, missing_second: False
2025-06-09 21:52:19 - PRINT - 🚛 PENDING DEBUG: ⏭️  Skipped ticket T0005 - not pending
2025-06-09 21:52:19 - PRINT - 🚛 PENDING DEBUG: Checking ticket T0006:
2025-06-09 21:52:19 - PRINT -    - first_weight: '18740.00' (has: True)
2025-06-09 21:52:19 - PRINT -    - first_timestamp: '03-06-2025 23:32:13' (has: True)
2025-06-09 21:52:19 - PRINT -    - second_weight: '8380.00' (has: True)
2025-06-09 21:52:19 - PRINT -    - second_timestamp: '03-06-2025 23:32:18' (has: True)
2025-06-09 21:52:19 - PRINT -    - has_first: True, missing_second: False
2025-06-09 21:52:19 - PRINT - 🚛 PENDING DEBUG: ⏭️  Skipped ticket T0006 - not pending
2025-06-09 21:52:19 - PRINT - 🚛 PENDING DEBUG: Checking ticket T0007:
2025-06-09 21:52:19 - PRINT -    - first_weight: '21910.00' (has: True)
2025-06-09 21:52:19 - PRINT -    - first_timestamp: '04-06-2025 00:24:28' (has: True)
2025-06-09 21:52:19 - PRINT -    - second_weight: '8430.00' (has: True)
2025-06-09 21:52:19 - PRINT -    - second_timestamp: '04-06-2025 00:26:14' (has: True)
2025-06-09 21:52:19 - PRINT -    - has_first: True, missing_second: False
2025-06-09 21:52:19 - PRINT - 🚛 PENDING DEBUG: ⏭️  Skipped ticket T0007 - not pending
2025-06-09 21:52:19 - PRINT - 🚛 PENDING DEBUG: Checking ticket T0008:
2025-06-09 21:52:19 - PRINT -    - first_weight: '21850.00' (has: True)
2025-06-09 21:52:19 - PRINT -    - first_timestamp: '04-06-2025 00:24:45' (has: True)
2025-06-09 21:52:19 - PRINT -    - second_weight: '10740.00' (has: True)
2025-06-09 21:52:19 - PRINT -    - second_timestamp: '04-06-2025 00:25:57' (has: True)
2025-06-09 21:52:19 - PRINT -    - has_first: True, missing_second: False
2025-06-09 21:52:19 - PRINT - 🚛 PENDING DEBUG: ⏭️  Skipped ticket T0008 - not pending
2025-06-09 21:52:19 - PRINT - 🚛 PENDING DEBUG: Checking ticket T0009:
2025-06-09 21:52:19 - PRINT -    - first_weight: '26090.00' (has: True)
2025-06-09 21:52:19 - PRINT -    - first_timestamp: '04-06-2025 00:25:02' (has: True)
2025-06-09 21:52:19 - PRINT -    - second_weight: '9330.00' (has: True)
2025-06-09 21:52:19 - PRINT -    - second_timestamp: '04-06-2025 00:25:16' (has: True)
2025-06-09 21:52:19 - PRINT -    - has_first: True, missing_second: False
2025-06-09 21:52:19 - PRINT - 🚛 PENDING DEBUG: ⏭️  Skipped ticket T0009 - not pending
2025-06-09 21:52:19 - PRINT - 🚛 PENDING DEBUG: Checking ticket T0101:
2025-06-09 21:52:19 - PRINT -    - first_weight: '31470.00' (has: True)
2025-06-09 21:52:19 - PRINT -    - first_timestamp: '09-06-2025 21:45:57' (has: True)
2025-06-09 21:52:19 - PRINT -    - second_weight: '9120.00' (has: True)
2025-06-09 21:52:19 - PRINT -    - second_timestamp: '09-06-2025 21:46:00' (has: True)
2025-06-09 21:52:19 - PRINT -    - has_first: True, missing_second: False
2025-06-09 21:52:19 - PRINT - 🚛 PENDING DEBUG: ⏭️  Skipped ticket T0101 - not pending
2025-06-09 21:52:19 - PRINT - 🚛 PENDING DEBUG: Found 0 pending records
2025-06-09 21:52:19 - ERROR - 2025-06-09 21:52:19,522 - PendingVehiclesPanel - INFO - Found 0 pending records
2025-06-09 21:52:19 - PRINT - 🚛 PENDING DEBUG: ✅ Successfully refreshed pending list with 0 items
2025-06-09 21:52:19 - ERROR - 2025-06-09 21:52:19,524 - PendingVehiclesPanel - INFO - Successfully refreshed pending list with 0 items
2025-06-09 21:52:29 - PRINT - 🧹 Cleaning up connectivity resources
2025-06-09 21:52:29 - PRINT - 🛑 Stopping connectivity checker
2025-06-09 21:52:29 - PRINT - ✅ Connectivity cleanup completed
2025-06-09 21:52:29 - ERROR - 2025-06-09 21:52:29,449 - TharuniApp - INFO - Application closing - saving settings...
2025-06-09 21:52:29 - PRINT - Saving settings on close...
2025-06-09 21:52:29 - PRINT - Saving weighbridge settings to: data\app_settings.json
2025-06-09 21:52:29 - PRINT - Settings to save: {'com_port': '', 'baud_rate': 2400, 'data_bits': 8, 'parity': 'Even', 'stop_bits': 1.0, 'test_mode': True}
2025-06-09 21:52:29 - PRINT - Weighbridge settings saved successfully
2025-06-09 21:52:29 - PRINT - Weighbridge settings with test mode saved successfully
2025-06-09 21:52:29 - PRINT - Saving camera settings: {'front_camera_type': 'USB', 'front_camera_index': 0, 'front_rtsp_username': '', 'front_rtsp_password': '', 'front_rtsp_ip': '', 'front_rtsp_port': '554', 'front_rtsp_endpoint': '/stream1', 'front_http_username': '', 'front_http_password': '', 'front_http_ip': '', 'front_http_port': '80', 'front_http_endpoint': '/mjpeg', 'back_camera_type': 'USB', 'back_camera_index': 1, 'back_rtsp_username': '', 'back_rtsp_password': '', 'back_rtsp_ip': '', 'back_rtsp_port': '554', 'back_rtsp_endpoint': '/stream1', 'back_http_username': '', 'back_http_password': '', 'back_http_ip': '', 'back_http_port': '80', 'back_http_endpoint': '/mjpeg'}
2025-06-09 21:52:29 - PRINT - Saving camera settings to: data\app_settings.json
2025-06-09 21:52:29 - PRINT - Camera settings to save: {'front_camera_type': 'USB', 'front_camera_index': 0, 'front_rtsp_username': '', 'front_rtsp_password': '', 'front_rtsp_ip': '', 'front_rtsp_port': '554', 'front_rtsp_endpoint': '/stream1', 'front_http_username': '', 'front_http_password': '', 'front_http_ip': '', 'front_http_port': '80', 'front_http_endpoint': '/mjpeg', 'back_camera_type': 'USB', 'back_camera_index': 1, 'back_rtsp_username': '', 'back_rtsp_password': '', 'back_rtsp_ip': '', 'back_rtsp_port': '554', 'back_rtsp_endpoint': '/stream1', 'back_http_username': '', 'back_http_password': '', 'back_http_ip': '', 'back_http_port': '80', 'back_http_endpoint': '/mjpeg'}
2025-06-09 21:52:29 - PRINT - Camera settings saved successfully
2025-06-09 21:52:29 - PRINT - Camera settings saved to file
2025-06-09 21:52:29 - ERROR - 2025-06-09 21:52:29,466 - TharuniApp - INFO - Updating camera settings: {'front_camera_type': 'USB', 'front_camera_index': 0, 'front_rtsp_username': '', 'front_rtsp_password': '', 'front_rtsp_ip': '', 'front_rtsp_port': '554', 'front_rtsp_endpoint': '/stream1', 'front_http_username': '', 'front_http_password': '', 'front_http_ip': '', 'front_http_port': '80', 'front_http_endpoint': '/mjpeg', 'back_camera_type': 'USB', 'back_camera_index': 1, 'back_rtsp_username': '', 'back_rtsp_password': '', 'back_rtsp_ip': '', 'back_rtsp_port': '554', 'back_rtsp_endpoint': '/stream1', 'back_http_username': '', 'back_http_password': '', 'back_http_ip': '', 'back_http_port': '80', 'back_http_endpoint': '/mjpeg'}
2025-06-09 21:52:29 - PRINT - Updating robust camera settings: {'front_camera_type': 'USB', 'front_camera_index': 0, 'front_rtsp_username': '', 'front_rtsp_password': '', 'front_rtsp_ip': '', 'front_rtsp_port': '554', 'front_rtsp_endpoint': '/stream1', 'front_http_username': '', 'front_http_password': '', 'front_http_ip': '', 'front_http_port': '80', 'front_http_endpoint': '/mjpeg', 'back_camera_type': 'USB', 'back_camera_index': 1, 'back_rtsp_username': '', 'back_rtsp_password': '', 'back_rtsp_ip': '', 'back_rtsp_port': '554', 'back_rtsp_endpoint': '/stream1', 'back_http_username': '', 'back_http_password': '', 'back_http_ip': '', 'back_http_port': '80', 'back_http_endpoint': '/mjpeg'}
2025-06-09 21:52:29 - PRINT - Camera settings updated for robust feed system
2025-06-09 21:52:29 - PRINT - Saving camera settings to: data\app_settings.json
2025-06-09 21:52:29 - PRINT - Camera settings to save: {'front_camera_type': 'USB', 'front_camera_index': 0, 'front_rtsp_username': '', 'front_rtsp_password': '', 'front_rtsp_ip': '', 'front_rtsp_port': '554', 'front_rtsp_endpoint': '/stream1', 'front_http_username': '', 'front_http_password': '', 'front_http_ip': '', 'front_http_port': '80', 'front_http_endpoint': '/mjpeg', 'back_camera_type': 'USB', 'back_camera_index': 1, 'back_rtsp_username': '', 'back_rtsp_password': '', 'back_rtsp_ip': '', 'back_rtsp_port': '554', 'back_rtsp_endpoint': '/stream1', 'back_http_username': '', 'back_http_password': '', 'back_http_ip': '', 'back_http_port': '80', 'back_http_endpoint': '/mjpeg'}
2025-06-09 21:52:29 - PRINT - Camera settings saved successfully
2025-06-09 21:52:29 - ERROR - 2025-06-09 21:52:29,476 - TharuniApp - INFO - Camera settings saved for persistence
2025-06-09 21:52:29 - PRINT - Disconnected from weighbridge
2025-06-09 21:52:29 - PRINT - Settings saved on close
2025-06-09 21:52:29 - ERROR - 2025-06-09 21:52:29,480 - TharuniApp - INFO - ============================================================
2025-06-09 21:52:29 - ERROR - 2025-06-09 21:52:29,481 - TharuniApp - INFO - APPLICATION SHUTDOWN COMPLETED
2025-06-09 21:52:29 - ERROR - 2025-06-09 21:52:29,482 - TharuniApp - INFO - ============================================================
2025-06-09 21:56:15 - PRINT - 📋 Unified logging initialized:
2025-06-09 21:56:15 - PRINT -    📄 Combined log: logs\combined_combined_2025-06-09.log
2025-06-09 21:56:15 - PRINT -    🖨️  Print log: logs\combined_prints_2025-06-09.log
2025-06-09 21:56:15 - PRINT -    📱 App log: logs\combined_app_2025-06-09.log
2025-06-09 21:56:15 - ERROR - 2025-06-09 21:56:15,121 - TharuniApp - INFO - ============================================================
2025-06-09 21:56:15 - ERROR - 2025-06-09 21:56:15,123 - TharuniApp - INFO - APPLICATION STARTUP
2025-06-09 21:56:15 - ERROR - 2025-06-09 21:56:15,124 - TharuniApp - INFO - ============================================================
2025-06-09 21:56:15 - PRINT - 📁 Unified folder structure initialized:
2025-06-09 21:56:15 - PRINT -    • Data: data
2025-06-09 21:56:15 - PRINT -    • Images: data\images
2025-06-09 21:56:15 - PRINT -    • Reports: data\reports
2025-06-09 21:56:15 - PRINT -    • JSON Backups: data\json_backups
2025-06-09 21:56:15 - PRINT - 🔒 OFFLINE-FIRST MODE ENABLED
2025-06-09 21:56:15 - PRINT -    • Records and PDFs saved locally first
2025-06-09 21:56:15 - PRINT -    • JSON backups created for complete records
2025-06-09 21:56:15 - PRINT -    • Cloud backup available via Settings > Backup
2025-06-09 21:56:15 - PRINT -    • No internet connection delays during regular saves
2025-06-09 21:56:15 - PRINT -    • Today's reports folder: data\reports\2025-06-09
2025-06-09 21:56:15 - PRINT -    • Today's JSON backups folder: data\json_backups\2025-06-09
2025-06-09 21:56:15 - PRINT -    • Auto cleanup: Keep 10 days, check every 1 day(s)
2025-06-09 21:56:15 - ERROR - 2025-06-09 21:56:15,140 - TharuniApp - INFO - Configuration setup completed
2025-06-09 21:56:15 - ERROR - 2025-06-09 21:56:15,142 - DataManager - INFO - DataManager initialized with OFFLINE-FIRST approach + JSON local storage
2025-06-09 21:56:15 - ERROR - 2025-06-09 21:56:15,143 - DataManager - INFO - CSV structure is up to date
2025-06-09 21:56:15 - ERROR - 2025-06-09 21:56:15,144 - DataManager - INFO - Daily PDF folder structure ready:
2025-06-09 21:56:15 - ERROR - 2025-06-09 21:56:15,145 - DataManager - INFO -   Base reports folder: data\reports
2025-06-09 21:56:15 - ERROR - 2025-06-09 21:56:15,146 - DataManager - INFO -   Today's folder: data\reports\2025-06-09
2025-06-09 21:56:15 - ERROR - 2025-06-09 21:56:15,148 - DataManager - INFO - Data file: data\weighbridge_data.csv
2025-06-09 21:56:15 - ERROR - 2025-06-09 21:56:15,149 - DataManager - INFO - Reports folder: data\reports
2025-06-09 21:56:15 - ERROR - 2025-06-09 21:56:15,150 - DataManager - INFO - JSON backup folder: data\json_backups
2025-06-09 21:56:15 - ERROR - 2025-06-09 21:56:15,152 - DataManager - INFO - PDF folder: data\reports\2025-06-09
2025-06-09 21:56:15 - ERROR - 2025-06-09 21:56:15,152 - DataManager - INFO - Cloud storage will only be initialized when backup is requested
2025-06-09 21:56:15 - ERROR - 2025-06-09 21:56:15,153 - TharuniApp - INFO - Data manager initialized
2025-06-09 21:56:15 - ERROR - 2025-06-09 21:56:15,155 - TharuniApp - INFO - Settings storage initialized
2025-06-09 21:56:15 - PRINT - Reading weighbridge settings from: data\app_settings.json
2025-06-09 21:56:15 - PRINT - Loaded weighbridge settings: {'com_port': '', 'baud_rate': 2400, 'data_bits': 8, 'parity': 'Even', 'stop_bits': 1.0, 'test_mode': True}
2025-06-09 21:56:15 - PRINT - Reading camera settings from: data\app_settings.json
2025-06-09 21:56:15 - PRINT - Loaded camera settings: {'front_camera_type': 'USB', 'front_camera_index': 0, 'front_rtsp_username': '', 'front_rtsp_password': '', 'front_rtsp_ip': '', 'front_rtsp_port': '554', 'front_rtsp_endpoint': '/stream1', 'front_http_username': '', 'front_http_password': '', 'front_http_ip': '', 'front_http_port': '80', 'front_http_endpoint': '/mjpeg', 'back_camera_type': 'USB', 'back_camera_index': 1, 'back_rtsp_username': '', 'back_rtsp_password': '', 'back_rtsp_ip': '', 'back_rtsp_port': '554', 'back_rtsp_endpoint': '/stream1', 'back_http_username': '', 'back_http_password': '', 'back_http_ip': '', 'back_http_port': '80', 'back_http_endpoint': '/mjpeg'}
2025-06-09 21:56:15 - PRINT - Settings integrity check passed
2025-06-09 21:56:15 - ERROR - 2025-06-09 21:56:15,162 - TharuniApp - INFO - UI styles initialized
2025-06-09 21:56:15 - ERROR - 2025-06-09 21:56:15,163 - TharuniApp - INFO - Starting user authentication
2025-06-09 21:56:18 - ERROR - 2025-06-09 21:56:18,395 - TharuniApp - INFO - Authentication successful: admin
2025-06-09 21:56:18 - ERROR - 2025-06-09 21:56:18,397 - TharuniApp - INFO - User logged in: admin (Role: admin)
2025-06-09 21:56:18 - ERROR - 2025-06-09 21:56:18,398 - TharuniApp - INFO - Setting up data context
2025-06-09 21:56:18 - ERROR - 2025-06-09 21:56:18,401 - DataManager - INFO - CSV structure is up to date
2025-06-09 21:56:18 - ERROR - 2025-06-09 21:56:18,402 - DataManager - INFO - Data context set to: Agency='Coastal', Site='Eluru'
2025-06-09 21:56:18 - ERROR - 2025-06-09 21:56:18,403 - DataManager - INFO - Data file: data\Coastal_Eluru_data.csv
2025-06-09 21:56:18 - ERROR - 2025-06-09 21:56:18,405 - TharuniApp - INFO - Data context initialized: Agency='Coastal', Site='Eluru'
2025-06-09 21:56:18 - ERROR - 2025-06-09 21:56:18,407 - TharuniApp - INFO - Data will be saved to: data\Coastal_Eluru_data.csv
2025-06-09 21:56:18 - ERROR - 2025-06-09 21:56:18,408 - TharuniApp - INFO - PDFs will be saved to: data\reports\2025-06-09
2025-06-09 21:56:18 - ERROR - 2025-06-09 21:56:18,409 - TharuniApp - INFO - Creating application widgets
2025-06-09 21:56:18 - ERROR - 2025-06-09 21:56:18,420 - TharuniApp - INFO - Creating main panel
2025-06-09 21:56:18 - PRINT - 🎫 FORM DEBUG: Reserving next ticket number...
2025-06-09 21:56:18 - PRINT - 🎫 CONFIG DEBUG: Reserving next ticket number...
2025-06-09 21:56:18 - PRINT - 🎫 CONFIG DEBUG: Current ticket counter value: 102
2025-06-09 21:56:18 - PRINT - 🎫 CONFIG DEBUG: Reserved ticket number: T0102
2025-06-09 21:56:18 - PRINT - 🎫 FORM DEBUG: Reserved ticket number: T0102
2025-06-09 21:56:18 - ERROR - 2025-06-09 21:56:18,430 - FormValidator - INFO - FormValidator initialized
2025-06-09 21:56:18 - PRINT - ImageHandler initialized
2025-06-09 21:56:18 - ERROR - 2025-06-09 21:56:18,442 - DataManager - INFO - Successfully loaded 13 records from data\Coastal_Eluru_data.csv
2025-06-09 21:56:18 - PRINT - 🔍 Detecting available USB cameras...
2025-06-09 21:56:18 - PRINT - Error detecting cameras: type object 'RobustCameraView' has no attribute 'detect_available_cameras'
2025-06-09 21:56:18 - PRINT - Reading camera settings from: data\app_settings.json
2025-06-09 21:56:18 - PRINT - Loaded camera settings: {'front_camera_type': 'USB', 'front_camera_index': 0, 'front_rtsp_username': '', 'front_rtsp_password': '', 'front_rtsp_ip': '', 'front_rtsp_port': '554', 'front_rtsp_endpoint': '/stream1', 'front_http_username': '', 'front_http_password': '', 'front_http_ip': '', 'front_http_port': '80', 'front_http_endpoint': '/mjpeg', 'back_camera_type': 'USB', 'back_camera_index': 1, 'back_rtsp_username': '', 'back_rtsp_password': '', 'back_rtsp_ip': '', 'back_rtsp_port': '554', 'back_rtsp_endpoint': '/stream1', 'back_http_username': '', 'back_http_password': '', 'back_http_ip': '', 'back_http_port': '80', 'back_http_endpoint': '/mjpeg'}
2025-06-09 21:56:18 - PRINT - Front camera configured for USB index: 0
2025-06-09 21:56:18 - PRINT - Back camera configured for USB index: 1
2025-06-09 21:56:18 - PRINT - Camera settings loaded and applied to robust feed system
2025-06-09 21:56:19 - ERROR - 2025-06-09 21:56:19,036 - DataManager - INFO - Successfully loaded 13 records from data\Coastal_Eluru_data.csv
2025-06-09 21:56:19 - ERROR - 2025-06-09 21:56:19,037 - TharuniApp - INFO - Main form created
2025-06-09 21:56:19 - ERROR - 2025-06-09 21:56:19,040 - DataManager - INFO - CSV structure is up to date
2025-06-09 21:56:19 - ERROR - 2025-06-09 21:56:19,041 - DataManager - INFO - Data context set to: Agency='Coastal', Site='Eluru'
2025-06-09 21:56:19 - ERROR - 2025-06-09 21:56:19,042 - DataManager - INFO - Data file: data\Coastal_Eluru_data.csv
2025-06-09 21:56:19 - PRINT - Updated data context: Coastal_Eluru
2025-06-09 21:56:19 - ERROR - 2025-06-09 21:56:19,045 - DataManager - INFO - CSV structure is up to date
2025-06-09 21:56:19 - ERROR - 2025-06-09 21:56:19,047 - DataManager - INFO - Data context set to: Agency='Coastal', Site='Eluru'
2025-06-09 21:56:19 - ERROR - 2025-06-09 21:56:19,049 - DataManager - INFO - Data file: data\Coastal_Eluru_data.csv
2025-06-09 21:56:19 - PRINT - Updated data context: Coastal_Eluru
2025-06-09 21:56:19 - ERROR - 2025-06-09 21:56:19,051 - DataManager - INFO - CSV structure is up to date
2025-06-09 21:56:19 - ERROR - 2025-06-09 21:56:19,052 - DataManager - INFO - Data context set to: Agency='Coastal', Site='Eluru'
2025-06-09 21:56:19 - ERROR - 2025-06-09 21:56:19,053 - DataManager - INFO - Data file: data\Coastal_Eluru_data.csv
2025-06-09 21:56:19 - PRINT - Updated data context: Coastal_Eluru
2025-06-09 21:56:19 - ERROR - 2025-06-09 21:56:19,055 - PendingVehiclesPanel - INFO - PendingVehiclesPanel initialized
2025-06-09 21:56:19 - PRINT - 🚛 PENDING DEBUG: Refreshing pending vehicles list...
2025-06-09 21:56:19 - ERROR - 2025-06-09 21:56:19,063 - PendingVehiclesPanel - INFO - Refreshing pending vehicles list
2025-06-09 21:56:19 - ERROR - 2025-06-09 21:56:19,065 - DataManager - INFO - Successfully loaded 13 records from data\Coastal_Eluru_data.csv
2025-06-09 21:56:19 - PRINT - 🚛 PENDING DEBUG: Retrieved 13 total records
2025-06-09 21:56:19 - ERROR - 2025-06-09 21:56:19,068 - PendingVehiclesPanel - INFO - Retrieved 13 total records
2025-06-09 21:56:19 - PRINT - 🚛 PENDING DEBUG: Checking ticket T0031:
2025-06-09 21:56:19 - PRINT -    - first_weight: '32340.00' (has: True)
2025-06-09 21:56:19 - PRINT -    - first_timestamp: '03-06-2025 18:16:07' (has: True)
2025-06-09 21:56:19 - PRINT -    - second_weight: '14630.00' (has: True)
2025-06-09 21:56:19 - PRINT -    - second_timestamp: '03-06-2025 18:16:12' (has: True)
2025-06-09 21:56:19 - PRINT -    - has_first: True, missing_second: False
2025-06-09 21:56:19 - PRINT - 🚛 PENDING DEBUG: ⏭️  Skipped ticket T0031 - not pending
2025-06-09 21:56:19 - PRINT - 🚛 PENDING DEBUG: Checking ticket T0032:
2025-06-09 21:56:19 - PRINT -    - first_weight: '41900.00' (has: True)
2025-06-09 21:56:19 - PRINT -    - first_timestamp: '03-06-2025 18:40:02' (has: True)
2025-06-09 21:56:19 - PRINT -    - second_weight: '10350.00' (has: True)
2025-06-09 21:56:19 - PRINT -    - second_timestamp: '03-06-2025 18:40:19' (has: True)
2025-06-09 21:56:19 - PRINT -    - has_first: True, missing_second: False
2025-06-09 21:56:19 - PRINT - 🚛 PENDING DEBUG: ⏭️  Skipped ticket T0032 - not pending
2025-06-09 21:56:19 - PRINT - 🚛 PENDING DEBUG: Checking ticket T0033:
2025-06-09 21:56:19 - PRINT -    - first_weight: '21440.00' (has: True)
2025-06-09 21:56:19 - PRINT -    - first_timestamp: '03-06-2025 20:08:54' (has: True)
2025-06-09 21:56:19 - PRINT -    - second_weight: '8650.00' (has: True)
2025-06-09 21:56:19 - PRINT -    - second_timestamp: '03-06-2025 20:09:13' (has: True)
2025-06-09 21:56:19 - PRINT -    - has_first: True, missing_second: False
2025-06-09 21:56:19 - PRINT - 🚛 PENDING DEBUG: ⏭️  Skipped ticket T0033 - not pending
2025-06-09 21:56:19 - PRINT - 🚛 PENDING DEBUG: Checking ticket T0001:
2025-06-09 21:56:19 - PRINT -    - first_weight: '18310.00' (has: True)
2025-06-09 21:56:19 - PRINT -    - first_timestamp: '03-06-2025 20:11:03' (has: True)
2025-06-09 21:56:19 - PRINT -    - second_weight: '6050.00' (has: True)
2025-06-09 21:56:19 - PRINT -    - second_timestamp: '03-06-2025 20:12:07' (has: True)
2025-06-09 21:56:19 - PRINT -    - has_first: True, missing_second: False
2025-06-09 21:56:19 - PRINT - 🚛 PENDING DEBUG: ⏭️  Skipped ticket T0001 - not pending
2025-06-09 21:56:19 - PRINT - 🚛 PENDING DEBUG: Checking ticket T0002:
2025-06-09 21:56:19 - PRINT -    - first_weight: '15970.00' (has: True)
2025-06-09 21:56:19 - PRINT -    - first_timestamp: '03-06-2025 20:11:22' (has: True)
2025-06-09 21:56:19 - PRINT -    - second_weight: '5320.00' (has: True)
2025-06-09 21:56:19 - PRINT -    - second_timestamp: '03-06-2025 20:12:18' (has: True)
2025-06-09 21:56:19 - PRINT -    - has_first: True, missing_second: False
2025-06-09 21:56:19 - PRINT - 🚛 PENDING DEBUG: ⏭️  Skipped ticket T0002 - not pending
2025-06-09 21:56:19 - PRINT - 🚛 PENDING DEBUG: Checking ticket T0003:
2025-06-09 21:56:19 - PRINT -    - first_weight: '29910.00' (has: True)
2025-06-09 21:56:19 - PRINT -    - first_timestamp: '03-06-2025 20:11:44' (has: True)
2025-06-09 21:56:19 - PRINT -    - second_weight: '12080.00' (has: True)
2025-06-09 21:56:19 - PRINT -    - second_timestamp: '03-06-2025 20:11:54' (has: True)
2025-06-09 21:56:19 - PRINT -    - has_first: True, missing_second: False
2025-06-09 21:56:19 - PRINT - 🚛 PENDING DEBUG: ⏭️  Skipped ticket T0003 - not pending
2025-06-09 21:56:19 - PRINT - 🚛 PENDING DEBUG: Checking ticket T0004:
2025-06-09 21:56:19 - PRINT -    - first_weight: '16410.00' (has: True)
2025-06-09 21:56:19 - PRINT -    - first_timestamp: '03-06-2025 23:31:40' (has: True)
2025-06-09 21:56:19 - PRINT -    - second_weight: '12100.00' (has: True)
2025-06-09 21:56:19 - PRINT -    - second_timestamp: '03-06-2025 23:32:31' (has: True)
2025-06-09 21:56:19 - PRINT -    - has_first: True, missing_second: False
2025-06-09 21:56:19 - PRINT - 🚛 PENDING DEBUG: ⏭️  Skipped ticket T0004 - not pending
2025-06-09 21:56:19 - PRINT - 🚛 PENDING DEBUG: Checking ticket T0005:
2025-06-09 21:56:19 - PRINT -    - first_weight: '28940.00' (has: True)
2025-06-09 21:56:19 - PRINT -    - first_timestamp: '03-06-2025 23:31:54' (has: True)
2025-06-09 21:56:19 - PRINT -    - second_weight: '11150.00' (has: True)
2025-06-09 21:56:19 - PRINT -    - second_timestamp: '03-06-2025 23:32:43' (has: True)
2025-06-09 21:56:19 - PRINT -    - has_first: True, missing_second: False
2025-06-09 21:56:19 - PRINT - 🚛 PENDING DEBUG: ⏭️  Skipped ticket T0005 - not pending
2025-06-09 21:56:19 - PRINT - 🚛 PENDING DEBUG: Checking ticket T0006:
2025-06-09 21:56:19 - PRINT -    - first_weight: '18740.00' (has: True)
2025-06-09 21:56:19 - PRINT -    - first_timestamp: '03-06-2025 23:32:13' (has: True)
2025-06-09 21:56:19 - PRINT -    - second_weight: '8380.00' (has: True)
2025-06-09 21:56:19 - PRINT -    - second_timestamp: '03-06-2025 23:32:18' (has: True)
2025-06-09 21:56:19 - PRINT -    - has_first: True, missing_second: False
2025-06-09 21:56:19 - PRINT - 🚛 PENDING DEBUG: ⏭️  Skipped ticket T0006 - not pending
2025-06-09 21:56:19 - PRINT - 🚛 PENDING DEBUG: Checking ticket T0007:
2025-06-09 21:56:19 - PRINT -    - first_weight: '21910.00' (has: True)
2025-06-09 21:56:19 - PRINT -    - first_timestamp: '04-06-2025 00:24:28' (has: True)
2025-06-09 21:56:19 - PRINT -    - second_weight: '8430.00' (has: True)
2025-06-09 21:56:19 - PRINT -    - second_timestamp: '04-06-2025 00:26:14' (has: True)
2025-06-09 21:56:19 - PRINT -    - has_first: True, missing_second: False
2025-06-09 21:56:19 - PRINT - 🚛 PENDING DEBUG: ⏭️  Skipped ticket T0007 - not pending
2025-06-09 21:56:19 - PRINT - 🚛 PENDING DEBUG: Checking ticket T0008:
2025-06-09 21:56:19 - PRINT -    - first_weight: '21850.00' (has: True)
2025-06-09 21:56:19 - PRINT -    - first_timestamp: '04-06-2025 00:24:45' (has: True)
2025-06-09 21:56:19 - PRINT -    - second_weight: '10740.00' (has: True)
2025-06-09 21:56:19 - PRINT -    - second_timestamp: '04-06-2025 00:25:57' (has: True)
2025-06-09 21:56:19 - PRINT -    - has_first: True, missing_second: False
2025-06-09 21:56:19 - PRINT - 🚛 PENDING DEBUG: ⏭️  Skipped ticket T0008 - not pending
2025-06-09 21:56:19 - PRINT - 🚛 PENDING DEBUG: Checking ticket T0009:
2025-06-09 21:56:19 - PRINT -    - first_weight: '26090.00' (has: True)
2025-06-09 21:56:19 - PRINT -    - first_timestamp: '04-06-2025 00:25:02' (has: True)
2025-06-09 21:56:19 - PRINT -    - second_weight: '9330.00' (has: True)
2025-06-09 21:56:19 - PRINT -    - second_timestamp: '04-06-2025 00:25:16' (has: True)
2025-06-09 21:56:19 - PRINT -    - has_first: True, missing_second: False
2025-06-09 21:56:19 - PRINT - 🚛 PENDING DEBUG: ⏭️  Skipped ticket T0009 - not pending
2025-06-09 21:56:19 - PRINT - 🚛 PENDING DEBUG: Checking ticket T0101:
2025-06-09 21:56:19 - PRINT -    - first_weight: '31470.00' (has: True)
2025-06-09 21:56:19 - PRINT -    - first_timestamp: '09-06-2025 21:45:57' (has: True)
2025-06-09 21:56:19 - PRINT -    - second_weight: '9120.00' (has: True)
2025-06-09 21:56:19 - PRINT -    - second_timestamp: '09-06-2025 21:46:00' (has: True)
2025-06-09 21:56:19 - PRINT -    - has_first: True, missing_second: False
2025-06-09 21:56:19 - PRINT - 🚛 PENDING DEBUG: ⏭️  Skipped ticket T0101 - not pending
2025-06-09 21:56:19 - PRINT - 🚛 PENDING DEBUG: Found 0 pending records
2025-06-09 21:56:19 - ERROR - 2025-06-09 21:56:19,160 - PendingVehiclesPanel - INFO - Found 0 pending records
2025-06-09 21:56:19 - PRINT - 🚛 PENDING DEBUG: ✅ Successfully refreshed pending list with 0 items
2025-06-09 21:56:19 - ERROR - 2025-06-09 21:56:19,162 - PendingVehiclesPanel - INFO - Successfully refreshed pending list with 0 items
2025-06-09 21:56:19 - ERROR - 2025-06-09 21:56:19,164 - TharuniApp - INFO - Pending vehicles panel created
2025-06-09 21:56:19 - ERROR - 2025-06-09 21:56:19,357 - TharuniApp - INFO - Main panel creation completed
2025-06-09 21:56:19 - ERROR - 2025-06-09 21:56:19,366 - TharuniApp - INFO - Summary panel created
2025-06-09 21:56:19 - PRINT - ❌ Could not find data_manager anywhere
2025-06-09 21:56:19 - PRINT - Available attributes in self:
2025-06-09 21:56:19 - PRINT - ['data_bits_var', 'find_data_manager']
2025-06-09 21:56:19 - PRINT - Loading saved settings...
2025-06-09 21:56:19 - PRINT - Reading weighbridge settings from: data\app_settings.json
2025-06-09 21:56:19 - PRINT - Loaded weighbridge settings: {'com_port': '', 'baud_rate': 2400, 'data_bits': 8, 'parity': 'Even', 'stop_bits': 1.0, 'test_mode': True}
2025-06-09 21:56:19 - PRINT - WeighbridgeManager test mode set to: True
2025-06-09 21:56:19 - PRINT - Applied test mode True to weighbridge manager
2025-06-09 21:56:19 - PRINT - Loaded weighbridge settings with test mode: True
2025-06-09 21:56:19 - PRINT - Reading camera settings from: data\app_settings.json
2025-06-09 21:56:19 - PRINT - Loaded camera settings: {'front_camera_type': 'USB', 'front_camera_index': 0, 'front_rtsp_username': '', 'front_rtsp_password': '', 'front_rtsp_ip': '', 'front_rtsp_port': '554', 'front_rtsp_endpoint': '/stream1', 'front_http_username': '', 'front_http_password': '', 'front_http_ip': '', 'front_http_port': '80', 'front_http_endpoint': '/mjpeg', 'back_camera_type': 'USB', 'back_camera_index': 1, 'back_rtsp_username': '', 'back_rtsp_password': '', 'back_rtsp_ip': '', 'back_rtsp_port': '554', 'back_rtsp_endpoint': '/stream1', 'back_http_username': '', 'back_http_password': '', 'back_http_ip': '', 'back_http_port': '80', 'back_http_endpoint': '/mjpeg'}
2025-06-09 21:56:19 - PRINT - Loading camera settings: {'front_camera_type': 'USB', 'front_camera_index': 0, 'front_rtsp_username': '', 'front_rtsp_password': '', 'front_rtsp_ip': '', 'front_rtsp_port': '554', 'front_rtsp_endpoint': '/stream1', 'front_http_username': '', 'front_http_password': '', 'front_http_ip': '', 'front_http_port': '80', 'front_http_endpoint': '/mjpeg', 'back_camera_type': 'USB', 'back_camera_index': 1, 'back_rtsp_username': '', 'back_rtsp_password': '', 'back_rtsp_ip': '', 'back_rtsp_port': '554', 'back_rtsp_endpoint': '/stream1', 'back_http_username': '', 'back_http_password': '', 'back_http_ip': '', 'back_http_port': '80', 'back_http_endpoint': '/mjpeg'}
2025-06-09 21:56:19 - PRINT - Camera settings loaded successfully
2025-06-09 21:56:19 - PRINT - All settings loaded successfully
2025-06-09 21:56:19 - ERROR - 2025-06-09 21:56:19,605 - TharuniApp - INFO - ✅ Data manager reference set in settings panel
2025-06-09 21:56:19 - ERROR - 2025-06-09 21:56:19,606 - TharuniApp - INFO - Widget creation completed successfully
2025-06-09 21:56:19 - PRINT - 🚛 PENDING DEBUG: Refreshing pending vehicles list...
2025-06-09 21:56:19 - ERROR - 2025-06-09 21:56:19,609 - PendingVehiclesPanel - INFO - Refreshing pending vehicles list
2025-06-09 21:56:19 - ERROR - 2025-06-09 21:56:19,610 - DataManager - INFO - Successfully loaded 13 records from data\Coastal_Eluru_data.csv
2025-06-09 21:56:19 - PRINT - 🚛 PENDING DEBUG: Retrieved 13 total records
2025-06-09 21:56:19 - ERROR - 2025-06-09 21:56:19,613 - PendingVehiclesPanel - INFO - Retrieved 13 total records
2025-06-09 21:56:19 - PRINT - 🚛 PENDING DEBUG: Checking ticket T0031:
2025-06-09 21:56:19 - PRINT -    - first_weight: '32340.00' (has: True)
2025-06-09 21:56:19 - PRINT -    - first_timestamp: '03-06-2025 18:16:07' (has: True)
2025-06-09 21:56:19 - PRINT -    - second_weight: '14630.00' (has: True)
2025-06-09 21:56:19 - PRINT -    - second_timestamp: '03-06-2025 18:16:12' (has: True)
2025-06-09 21:56:19 - PRINT -    - has_first: True, missing_second: False
2025-06-09 21:56:19 - PRINT - 🚛 PENDING DEBUG: ⏭️  Skipped ticket T0031 - not pending
2025-06-09 21:56:19 - PRINT - 🚛 PENDING DEBUG: Checking ticket T0032:
2025-06-09 21:56:19 - PRINT -    - first_weight: '41900.00' (has: True)
2025-06-09 21:56:19 - PRINT -    - first_timestamp: '03-06-2025 18:40:02' (has: True)
2025-06-09 21:56:19 - PRINT -    - second_weight: '10350.00' (has: True)
2025-06-09 21:56:19 - PRINT -    - second_timestamp: '03-06-2025 18:40:19' (has: True)
2025-06-09 21:56:19 - PRINT -    - has_first: True, missing_second: False
2025-06-09 21:56:19 - PRINT - 🚛 PENDING DEBUG: ⏭️  Skipped ticket T0032 - not pending
2025-06-09 21:56:19 - PRINT - 🚛 PENDING DEBUG: Checking ticket T0033:
2025-06-09 21:56:19 - PRINT -    - first_weight: '21440.00' (has: True)
2025-06-09 21:56:19 - PRINT -    - first_timestamp: '03-06-2025 20:08:54' (has: True)
2025-06-09 21:56:19 - PRINT -    - second_weight: '8650.00' (has: True)
2025-06-09 21:56:19 - PRINT -    - second_timestamp: '03-06-2025 20:09:13' (has: True)
2025-06-09 21:56:19 - PRINT -    - has_first: True, missing_second: False
2025-06-09 21:56:19 - PRINT - 🚛 PENDING DEBUG: ⏭️  Skipped ticket T0033 - not pending
2025-06-09 21:56:19 - PRINT - 🚛 PENDING DEBUG: Checking ticket T0001:
2025-06-09 21:56:19 - PRINT -    - first_weight: '18310.00' (has: True)
2025-06-09 21:56:19 - PRINT -    - first_timestamp: '03-06-2025 20:11:03' (has: True)
2025-06-09 21:56:19 - PRINT -    - second_weight: '6050.00' (has: True)
2025-06-09 21:56:19 - PRINT -    - second_timestamp: '03-06-2025 20:12:07' (has: True)
2025-06-09 21:56:19 - PRINT -    - has_first: True, missing_second: False
2025-06-09 21:56:19 - PRINT - 🚛 PENDING DEBUG: ⏭️  Skipped ticket T0001 - not pending
2025-06-09 21:56:19 - PRINT - 🚛 PENDING DEBUG: Checking ticket T0002:
2025-06-09 21:56:19 - PRINT -    - first_weight: '15970.00' (has: True)
2025-06-09 21:56:19 - PRINT -    - first_timestamp: '03-06-2025 20:11:22' (has: True)
2025-06-09 21:56:19 - PRINT -    - second_weight: '5320.00' (has: True)
2025-06-09 21:56:19 - PRINT -    - second_timestamp: '03-06-2025 20:12:18' (has: True)
2025-06-09 21:56:19 - PRINT -    - has_first: True, missing_second: False
2025-06-09 21:56:19 - PRINT - 🚛 PENDING DEBUG: ⏭️  Skipped ticket T0002 - not pending
2025-06-09 21:56:19 - PRINT - 🚛 PENDING DEBUG: Checking ticket T0003:
2025-06-09 21:56:19 - PRINT -    - first_weight: '29910.00' (has: True)
2025-06-09 21:56:19 - PRINT -    - first_timestamp: '03-06-2025 20:11:44' (has: True)
2025-06-09 21:56:19 - PRINT -    - second_weight: '12080.00' (has: True)
2025-06-09 21:56:19 - PRINT -    - second_timestamp: '03-06-2025 20:11:54' (has: True)
2025-06-09 21:56:19 - PRINT -    - has_first: True, missing_second: False
2025-06-09 21:56:19 - PRINT - 🚛 PENDING DEBUG: ⏭️  Skipped ticket T0003 - not pending
2025-06-09 21:56:19 - PRINT - 🚛 PENDING DEBUG: Checking ticket T0004:
2025-06-09 21:56:19 - PRINT -    - first_weight: '16410.00' (has: True)
2025-06-09 21:56:19 - PRINT -    - first_timestamp: '03-06-2025 23:31:40' (has: True)
2025-06-09 21:56:19 - PRINT -    - second_weight: '12100.00' (has: True)
2025-06-09 21:56:19 - PRINT -    - second_timestamp: '03-06-2025 23:32:31' (has: True)
2025-06-09 21:56:19 - PRINT -    - has_first: True, missing_second: False
2025-06-09 21:56:19 - PRINT - 🚛 PENDING DEBUG: ⏭️  Skipped ticket T0004 - not pending
2025-06-09 21:56:19 - PRINT - 🚛 PENDING DEBUG: Checking ticket T0005:
2025-06-09 21:56:19 - PRINT -    - first_weight: '28940.00' (has: True)
2025-06-09 21:56:19 - PRINT -    - first_timestamp: '03-06-2025 23:31:54' (has: True)
2025-06-09 21:56:19 - PRINT -    - second_weight: '11150.00' (has: True)
2025-06-09 21:56:19 - PRINT -    - second_timestamp: '03-06-2025 23:32:43' (has: True)
2025-06-09 21:56:19 - PRINT -    - has_first: True, missing_second: False
2025-06-09 21:56:19 - PRINT - 🚛 PENDING DEBUG: ⏭️  Skipped ticket T0005 - not pending
2025-06-09 21:56:19 - PRINT - 🚛 PENDING DEBUG: Checking ticket T0006:
2025-06-09 21:56:19 - PRINT -    - first_weight: '18740.00' (has: True)
2025-06-09 21:56:19 - PRINT -    - first_timestamp: '03-06-2025 23:32:13' (has: True)
2025-06-09 21:56:19 - PRINT -    - second_weight: '8380.00' (has: True)
2025-06-09 21:56:19 - PRINT -    - second_timestamp: '03-06-2025 23:32:18' (has: True)
2025-06-09 21:56:19 - PRINT -    - has_first: True, missing_second: False
2025-06-09 21:56:19 - PRINT - 🚛 PENDING DEBUG: ⏭️  Skipped ticket T0006 - not pending
2025-06-09 21:56:19 - PRINT - 🚛 PENDING DEBUG: Checking ticket T0007:
2025-06-09 21:56:19 - PRINT -    - first_weight: '21910.00' (has: True)
2025-06-09 21:56:19 - PRINT -    - first_timestamp: '04-06-2025 00:24:28' (has: True)
2025-06-09 21:56:19 - PRINT -    - second_weight: '8430.00' (has: True)
2025-06-09 21:56:19 - PRINT -    - second_timestamp: '04-06-2025 00:26:14' (has: True)
2025-06-09 21:56:19 - PRINT -    - has_first: True, missing_second: False
2025-06-09 21:56:19 - PRINT - 🚛 PENDING DEBUG: ⏭️  Skipped ticket T0007 - not pending
2025-06-09 21:56:19 - PRINT - 🚛 PENDING DEBUG: Checking ticket T0008:
2025-06-09 21:56:19 - PRINT -    - first_weight: '21850.00' (has: True)
2025-06-09 21:56:19 - PRINT -    - first_timestamp: '04-06-2025 00:24:45' (has: True)
2025-06-09 21:56:19 - PRINT -    - second_weight: '10740.00' (has: True)
2025-06-09 21:56:19 - PRINT -    - second_timestamp: '04-06-2025 00:25:57' (has: True)
2025-06-09 21:56:19 - PRINT -    - has_first: True, missing_second: False
2025-06-09 21:56:19 - PRINT - 🚛 PENDING DEBUG: ⏭️  Skipped ticket T0008 - not pending
2025-06-09 21:56:19 - PRINT - 🚛 PENDING DEBUG: Checking ticket T0009:
2025-06-09 21:56:19 - PRINT -    - first_weight: '26090.00' (has: True)
2025-06-09 21:56:19 - PRINT -    - first_timestamp: '04-06-2025 00:25:02' (has: True)
2025-06-09 21:56:19 - PRINT -    - second_weight: '9330.00' (has: True)
2025-06-09 21:56:19 - PRINT -    - second_timestamp: '04-06-2025 00:25:16' (has: True)
2025-06-09 21:56:19 - PRINT -    - has_first: True, missing_second: False
2025-06-09 21:56:19 - PRINT - 🚛 PENDING DEBUG: ⏭️  Skipped ticket T0009 - not pending
2025-06-09 21:56:19 - PRINT - 🚛 PENDING DEBUG: Checking ticket T0101:
2025-06-09 21:56:19 - PRINT -    - first_weight: '31470.00' (has: True)
2025-06-09 21:56:19 - PRINT -    - first_timestamp: '09-06-2025 21:45:57' (has: True)
2025-06-09 21:56:19 - PRINT -    - second_weight: '9120.00' (has: True)
2025-06-09 21:56:19 - PRINT -    - second_timestamp: '09-06-2025 21:46:00' (has: True)
2025-06-09 21:56:19 - PRINT -    - has_first: True, missing_second: False
2025-06-09 21:56:19 - PRINT - 🚛 PENDING DEBUG: ⏭️  Skipped ticket T0101 - not pending
2025-06-09 21:56:19 - PRINT - 🚛 PENDING DEBUG: Found 0 pending records
2025-06-09 21:56:19 - ERROR - 2025-06-09 21:56:19,718 - PendingVehiclesPanel - INFO - Found 0 pending records
2025-06-09 21:56:19 - PRINT - 🚛 PENDING DEBUG: ✅ Successfully refreshed pending list with 0 items
2025-06-09 21:56:19 - ERROR - 2025-06-09 21:56:19,720 - PendingVehiclesPanel - INFO - Successfully refreshed pending list with 0 items
2025-06-09 21:56:19 - ERROR - 2025-06-09 21:56:19,721 - DataManager - INFO - Created new daily folder: data\reports\09-06
2025-06-09 21:56:19 - PRINT - 📂 Loaded 0 items from queue file
2025-06-09 21:56:19 - PRINT - 📥 Queue initialized with 0 items
2025-06-09 21:56:19 - PRINT - 🚀 Fast sync manager initialized with parallel processing
2025-06-09 21:56:19 - PRINT - 🔍 Connectivity checker started (silent mode)
2025-06-09 21:56:19 - PRINT - 🎛️ Enhanced connectivity UI initialized with fast sync (silent mode)
2025-06-09 21:56:19 - PRINT - 🔄 Connectivity changed: 🌐 ONLINE
2025-06-09 21:56:19 - PRINT - ✅ Enhanced FAST connectivity added to app
2025-06-09 21:56:19 - ERROR - 2025-06-09 21:56:19,733 - TharuniApp - INFO - Application initialization completed successfully
2025-06-09 21:56:19 - PRINT - 🔄 Connectivity status changed: 🌐 Online
2025-06-09 21:56:19 - PRINT - 🌐 Internet connection detected - queue is empty
2025-06-09 21:56:20 - ERROR - 2025-06-09 21:56:20,612 - TharuniApp - INFO - Ensuring settings persistence...
2025-06-09 21:56:20 - PRINT - Reading weighbridge settings from: data\app_settings.json
2025-06-09 21:56:20 - PRINT - Loaded weighbridge settings: {'com_port': '', 'baud_rate': 2400, 'data_bits': 8, 'parity': 'Even', 'stop_bits': 1.0, 'test_mode': True}
2025-06-09 21:56:20 - PRINT - Reading camera settings from: data\app_settings.json
2025-06-09 21:56:20 - PRINT - Loaded camera settings: {'front_camera_type': 'USB', 'front_camera_index': 0, 'front_rtsp_username': '', 'front_rtsp_password': '', 'front_rtsp_ip': '', 'front_rtsp_port': '554', 'front_rtsp_endpoint': '/stream1', 'front_http_username': '', 'front_http_password': '', 'front_http_ip': '', 'front_http_port': '80', 'front_http_endpoint': '/mjpeg', 'back_camera_type': 'USB', 'back_camera_index': 1, 'back_rtsp_username': '', 'back_rtsp_password': '', 'back_rtsp_ip': '', 'back_rtsp_port': '554', 'back_rtsp_endpoint': '/stream1', 'back_http_username': '', 'back_http_password': '', 'back_http_ip': '', 'back_http_port': '80', 'back_http_endpoint': '/mjpeg'}
2025-06-09 21:56:20 - PRINT - Settings integrity check passed
2025-06-09 21:56:20 - PRINT - Reading weighbridge settings from: data\app_settings.json
2025-06-09 21:56:20 - PRINT - Loaded weighbridge settings: {'com_port': '', 'baud_rate': 2400, 'data_bits': 8, 'parity': 'Even', 'stop_bits': 1.0, 'test_mode': True}
2025-06-09 21:56:20 - ERROR - 2025-06-09 21:56:20,627 - TharuniApp - INFO - Settings persistence check completed
2025-06-09 21:56:22 - PRINT - ✅ Found data_manager from direct reference
2025-06-09 21:56:23 - PRINT - ✅ Successfully connected to GCS bucket: advitia-weighbridge-data
2025-06-09 21:56:23 - ERROR - 2025-06-09 21:56:23,232 - DataManager - INFO - Cloud storage initialized on demand
2025-06-09 21:56:23 - ERROR - 2025-06-09 21:56:23,513 - DataManager - INFO - Found 118 JSON backup files for bulk upload
2025-06-09 21:56:27 - PRINT - 🧹 Cleaning up connectivity resources
2025-06-09 21:56:27 - PRINT - 🛑 Stopping connectivity checker
2025-06-09 21:56:27 - PRINT - ✅ Connectivity cleanup completed
2025-06-09 21:56:27 - ERROR - 2025-06-09 21:56:27,141 - TharuniApp - INFO - Application closing - saving settings...
2025-06-09 21:56:27 - PRINT - Saving settings on close...
2025-06-09 21:56:27 - PRINT - Saving weighbridge settings to: data\app_settings.json
2025-06-09 21:56:27 - PRINT - Settings to save: {'com_port': '', 'baud_rate': 2400, 'data_bits': 8, 'parity': 'Even', 'stop_bits': 1.0, 'test_mode': True}
2025-06-09 21:56:27 - PRINT - Weighbridge settings saved successfully
2025-06-09 21:56:27 - PRINT - Weighbridge settings with test mode saved successfully
2025-06-09 21:56:27 - PRINT - Saving camera settings: {'front_camera_type': 'USB', 'front_camera_index': 0, 'front_rtsp_username': '', 'front_rtsp_password': '', 'front_rtsp_ip': '', 'front_rtsp_port': '554', 'front_rtsp_endpoint': '/stream1', 'front_http_username': '', 'front_http_password': '', 'front_http_ip': '', 'front_http_port': '80', 'front_http_endpoint': '/mjpeg', 'back_camera_type': 'USB', 'back_camera_index': 1, 'back_rtsp_username': '', 'back_rtsp_password': '', 'back_rtsp_ip': '', 'back_rtsp_port': '554', 'back_rtsp_endpoint': '/stream1', 'back_http_username': '', 'back_http_password': '', 'back_http_ip': '', 'back_http_port': '80', 'back_http_endpoint': '/mjpeg'}
2025-06-09 21:56:27 - PRINT - Saving camera settings to: data\app_settings.json
2025-06-09 21:56:27 - PRINT - Camera settings to save: {'front_camera_type': 'USB', 'front_camera_index': 0, 'front_rtsp_username': '', 'front_rtsp_password': '', 'front_rtsp_ip': '', 'front_rtsp_port': '554', 'front_rtsp_endpoint': '/stream1', 'front_http_username': '', 'front_http_password': '', 'front_http_ip': '', 'front_http_port': '80', 'front_http_endpoint': '/mjpeg', 'back_camera_type': 'USB', 'back_camera_index': 1, 'back_rtsp_username': '', 'back_rtsp_password': '', 'back_rtsp_ip': '', 'back_rtsp_port': '554', 'back_rtsp_endpoint': '/stream1', 'back_http_username': '', 'back_http_password': '', 'back_http_ip': '', 'back_http_port': '80', 'back_http_endpoint': '/mjpeg'}
2025-06-09 21:56:27 - PRINT - Camera settings saved successfully
2025-06-09 21:56:27 - PRINT - Camera settings saved to file
2025-06-09 21:56:27 - ERROR - 2025-06-09 21:56:27,172 - TharuniApp - INFO - Updating camera settings: {'front_camera_type': 'USB', 'front_camera_index': 0, 'front_rtsp_username': '', 'front_rtsp_password': '', 'front_rtsp_ip': '', 'front_rtsp_port': '554', 'front_rtsp_endpoint': '/stream1', 'front_http_username': '', 'front_http_password': '', 'front_http_ip': '', 'front_http_port': '80', 'front_http_endpoint': '/mjpeg', 'back_camera_type': 'USB', 'back_camera_index': 1, 'back_rtsp_username': '', 'back_rtsp_password': '', 'back_rtsp_ip': '', 'back_rtsp_port': '554', 'back_rtsp_endpoint': '/stream1', 'back_http_username': '', 'back_http_password': '', 'back_http_ip': '', 'back_http_port': '80', 'back_http_endpoint': '/mjpeg'}
2025-06-09 21:56:27 - PRINT - Updating robust camera settings: {'front_camera_type': 'USB', 'front_camera_index': 0, 'front_rtsp_username': '', 'front_rtsp_password': '', 'front_rtsp_ip': '', 'front_rtsp_port': '554', 'front_rtsp_endpoint': '/stream1', 'front_http_username': '', 'front_http_password': '', 'front_http_ip': '', 'front_http_port': '80', 'front_http_endpoint': '/mjpeg', 'back_camera_type': 'USB', 'back_camera_index': 1, 'back_rtsp_username': '', 'back_rtsp_password': '', 'back_rtsp_ip': '', 'back_rtsp_port': '554', 'back_rtsp_endpoint': '/stream1', 'back_http_username': '', 'back_http_password': '', 'back_http_ip': '', 'back_http_port': '80', 'back_http_endpoint': '/mjpeg'}
2025-06-09 21:56:27 - PRINT - Camera settings updated for robust feed system
2025-06-09 21:56:27 - PRINT - Saving camera settings to: data\app_settings.json
2025-06-09 21:56:27 - PRINT - Camera settings to save: {'front_camera_type': 'USB', 'front_camera_index': 0, 'front_rtsp_username': '', 'front_rtsp_password': '', 'front_rtsp_ip': '', 'front_rtsp_port': '554', 'front_rtsp_endpoint': '/stream1', 'front_http_username': '', 'front_http_password': '', 'front_http_ip': '', 'front_http_port': '80', 'front_http_endpoint': '/mjpeg', 'back_camera_type': 'USB', 'back_camera_index': 1, 'back_rtsp_username': '', 'back_rtsp_password': '', 'back_rtsp_ip': '', 'back_rtsp_port': '554', 'back_rtsp_endpoint': '/stream1', 'back_http_username': '', 'back_http_password': '', 'back_http_ip': '', 'back_http_port': '80', 'back_http_endpoint': '/mjpeg'}
2025-06-09 21:56:27 - PRINT - Camera settings saved successfully
2025-06-09 21:56:27 - ERROR - 2025-06-09 21:56:27,183 - TharuniApp - INFO - Camera settings saved for persistence
2025-06-09 21:56:27 - PRINT - Disconnected from weighbridge
2025-06-09 21:56:27 - PRINT - Settings saved on close
2025-06-09 21:56:27 - ERROR - 2025-06-09 21:56:27,187 - TharuniApp - INFO - ============================================================
2025-06-09 21:56:27 - ERROR - 2025-06-09 21:56:27,188 - TharuniApp - INFO - APPLICATION SHUTDOWN COMPLETED
2025-06-09 21:56:27 - ERROR - 2025-06-09 21:56:27,189 - TharuniApp - INFO - ============================================================
2025-06-09 21:57:26 - PRINT - 📋 Unified logging initialized:
2025-06-09 21:57:26 - PRINT -    📄 Combined log: logs\combined_combined_2025-06-09.log
2025-06-09 21:57:26 - PRINT -    🖨️  Print log: logs\combined_prints_2025-06-09.log
2025-06-09 21:57:26 - PRINT -    📱 App log: logs\combined_app_2025-06-09.log
2025-06-09 21:57:26 - ERROR - 2025-06-09 21:57:26,349 - TharuniApp - INFO - ============================================================
2025-06-09 21:57:26 - ERROR - 2025-06-09 21:57:26,351 - TharuniApp - INFO - APPLICATION STARTUP
2025-06-09 21:57:26 - ERROR - 2025-06-09 21:57:26,352 - TharuniApp - INFO - ============================================================
2025-06-09 21:57:26 - PRINT - 📁 Unified folder structure initialized:
2025-06-09 21:57:26 - PRINT -    • Data: data
2025-06-09 21:57:26 - PRINT -    • Images: data\images
2025-06-09 21:57:26 - PRINT -    • Reports: data\reports
2025-06-09 21:57:26 - PRINT -    • JSON Backups: data\json_backups
2025-06-09 21:57:26 - PRINT - 🔒 OFFLINE-FIRST MODE ENABLED
2025-06-09 21:57:26 - PRINT -    • Records and PDFs saved locally first
2025-06-09 21:57:26 - PRINT -    • JSON backups created for complete records
2025-06-09 21:57:26 - PRINT -    • Cloud backup available via Settings > Backup
2025-06-09 21:57:26 - PRINT -    • No internet connection delays during regular saves
2025-06-09 21:57:26 - PRINT -    • Today's reports folder: data\reports\2025-06-09
2025-06-09 21:57:26 - PRINT -    • Today's JSON backups folder: data\json_backups\2025-06-09
2025-06-09 21:57:26 - PRINT -    • Auto cleanup: Keep 10 days, check every 1 day(s)
2025-06-09 21:57:26 - ERROR - 2025-06-09 21:57:26,366 - TharuniApp - INFO - Configuration setup completed
2025-06-09 21:57:26 - ERROR - 2025-06-09 21:57:26,368 - DataManager - INFO - DataManager initialized with OFFLINE-FIRST approach + JSON local storage
2025-06-09 21:57:26 - ERROR - 2025-06-09 21:57:26,370 - DataManager - INFO - CSV structure is up to date
2025-06-09 21:57:26 - ERROR - 2025-06-09 21:57:26,371 - DataManager - INFO - Daily PDF folder structure ready:
2025-06-09 21:57:26 - ERROR - 2025-06-09 21:57:26,372 - DataManager - INFO -   Base reports folder: data\reports
2025-06-09 21:57:26 - ERROR - 2025-06-09 21:57:26,373 - DataManager - INFO -   Today's folder: data\reports\2025-06-09
2025-06-09 21:57:26 - ERROR - 2025-06-09 21:57:26,374 - DataManager - INFO - Data file: data\weighbridge_data.csv
2025-06-09 21:57:26 - ERROR - 2025-06-09 21:57:26,375 - DataManager - INFO - Reports folder: data\reports
2025-06-09 21:57:26 - ERROR - 2025-06-09 21:57:26,376 - DataManager - INFO - JSON backup folder: data\json_backups
2025-06-09 21:57:26 - ERROR - 2025-06-09 21:57:26,377 - DataManager - INFO - PDF folder: data\reports\2025-06-09
2025-06-09 21:57:26 - ERROR - 2025-06-09 21:57:26,378 - DataManager - INFO - Cloud storage will only be initialized when backup is requested
2025-06-09 21:57:26 - ERROR - 2025-06-09 21:57:26,379 - TharuniApp - INFO - Data manager initialized
2025-06-09 21:57:26 - ERROR - 2025-06-09 21:57:26,381 - TharuniApp - INFO - Settings storage initialized
2025-06-09 21:57:26 - PRINT - Reading weighbridge settings from: data\app_settings.json
2025-06-09 21:57:26 - PRINT - Loaded weighbridge settings: {'com_port': '', 'baud_rate': 2400, 'data_bits': 8, 'parity': 'Even', 'stop_bits': 1.0, 'test_mode': True}
2025-06-09 21:57:26 - PRINT - Reading camera settings from: data\app_settings.json
2025-06-09 21:57:26 - PRINT - Loaded camera settings: {'front_camera_type': 'USB', 'front_camera_index': 0, 'front_rtsp_username': '', 'front_rtsp_password': '', 'front_rtsp_ip': '', 'front_rtsp_port': '554', 'front_rtsp_endpoint': '/stream1', 'front_http_username': '', 'front_http_password': '', 'front_http_ip': '', 'front_http_port': '80', 'front_http_endpoint': '/mjpeg', 'back_camera_type': 'USB', 'back_camera_index': 1, 'back_rtsp_username': '', 'back_rtsp_password': '', 'back_rtsp_ip': '', 'back_rtsp_port': '554', 'back_rtsp_endpoint': '/stream1', 'back_http_username': '', 'back_http_password': '', 'back_http_ip': '', 'back_http_port': '80', 'back_http_endpoint': '/mjpeg'}
2025-06-09 21:57:26 - PRINT - Settings integrity check passed
2025-06-09 21:57:26 - ERROR - 2025-06-09 21:57:26,389 - TharuniApp - INFO - UI styles initialized
2025-06-09 21:57:26 - ERROR - 2025-06-09 21:57:26,390 - TharuniApp - INFO - Starting user authentication
2025-06-09 21:57:29 - ERROR - 2025-06-09 21:57:29,090 - TharuniApp - INFO - Authentication successful: admin
2025-06-09 21:57:29 - ERROR - 2025-06-09 21:57:29,091 - TharuniApp - INFO - User logged in: admin (Role: admin)
2025-06-09 21:57:29 - ERROR - 2025-06-09 21:57:29,092 - TharuniApp - INFO - Setting up data context
2025-06-09 21:57:29 - ERROR - 2025-06-09 21:57:29,094 - DataManager - INFO - CSV structure is up to date
2025-06-09 21:57:29 - ERROR - 2025-06-09 21:57:29,095 - DataManager - INFO - Data context set to: Agency='Coastal', Site='Eluru'
2025-06-09 21:57:29 - ERROR - 2025-06-09 21:57:29,096 - DataManager - INFO - Data file: data\Coastal_Eluru_data.csv
2025-06-09 21:57:29 - ERROR - 2025-06-09 21:57:29,097 - TharuniApp - INFO - Data context initialized: Agency='Coastal', Site='Eluru'
2025-06-09 21:57:29 - ERROR - 2025-06-09 21:57:29,098 - TharuniApp - INFO - Data will be saved to: data\Coastal_Eluru_data.csv
2025-06-09 21:57:29 - ERROR - 2025-06-09 21:57:29,100 - TharuniApp - INFO - PDFs will be saved to: data\reports\2025-06-09
2025-06-09 21:57:29 - ERROR - 2025-06-09 21:57:29,101 - TharuniApp - INFO - Creating application widgets
2025-06-09 21:57:29 - ERROR - 2025-06-09 21:57:29,112 - TharuniApp - INFO - Creating main panel
2025-06-09 21:57:29 - PRINT - 🎫 FORM DEBUG: Reserving next ticket number...
2025-06-09 21:57:29 - PRINT - 🎫 CONFIG DEBUG: Reserving next ticket number...
2025-06-09 21:57:29 - PRINT - 🎫 CONFIG DEBUG: Current ticket counter value: 102
2025-06-09 21:57:29 - PRINT - 🎫 CONFIG DEBUG: Reserved ticket number: T0102
2025-06-09 21:57:29 - PRINT - 🎫 FORM DEBUG: Reserved ticket number: T0102
2025-06-09 21:57:29 - ERROR - 2025-06-09 21:57:29,123 - FormValidator - INFO - FormValidator initialized
2025-06-09 21:57:29 - PRINT - ImageHandler initialized
2025-06-09 21:57:29 - ERROR - 2025-06-09 21:57:29,131 - DataManager - INFO - Successfully loaded 13 records from data\Coastal_Eluru_data.csv
2025-06-09 21:57:29 - PRINT - 🔍 Detecting available USB cameras...
2025-06-09 21:57:29 - PRINT - Error detecting cameras: type object 'RobustCameraView' has no attribute 'detect_available_cameras'
2025-06-09 21:57:29 - PRINT - Reading camera settings from: data\app_settings.json
2025-06-09 21:57:29 - PRINT - Loaded camera settings: {'front_camera_type': 'USB', 'front_camera_index': 0, 'front_rtsp_username': '', 'front_rtsp_password': '', 'front_rtsp_ip': '', 'front_rtsp_port': '554', 'front_rtsp_endpoint': '/stream1', 'front_http_username': '', 'front_http_password': '', 'front_http_ip': '', 'front_http_port': '80', 'front_http_endpoint': '/mjpeg', 'back_camera_type': 'USB', 'back_camera_index': 1, 'back_rtsp_username': '', 'back_rtsp_password': '', 'back_rtsp_ip': '', 'back_rtsp_port': '554', 'back_rtsp_endpoint': '/stream1', 'back_http_username': '', 'back_http_password': '', 'back_http_ip': '', 'back_http_port': '80', 'back_http_endpoint': '/mjpeg'}
2025-06-09 21:57:29 - PRINT - Front camera configured for USB index: 0
2025-06-09 21:57:29 - PRINT - Back camera configured for USB index: 1
2025-06-09 21:57:29 - PRINT - Camera settings loaded and applied to robust feed system
2025-06-09 21:57:29 - ERROR - 2025-06-09 21:57:29,748 - DataManager - INFO - Successfully loaded 13 records from data\Coastal_Eluru_data.csv
2025-06-09 21:57:29 - ERROR - 2025-06-09 21:57:29,749 - TharuniApp - INFO - Main form created
2025-06-09 21:57:29 - ERROR - 2025-06-09 21:57:29,752 - DataManager - INFO - CSV structure is up to date
2025-06-09 21:57:29 - ERROR - 2025-06-09 21:57:29,753 - DataManager - INFO - Data context set to: Agency='Coastal', Site='Eluru'
2025-06-09 21:57:29 - ERROR - 2025-06-09 21:57:29,754 - DataManager - INFO - Data file: data\Coastal_Eluru_data.csv
2025-06-09 21:57:29 - PRINT - Updated data context: Coastal_Eluru
2025-06-09 21:57:29 - ERROR - 2025-06-09 21:57:29,756 - DataManager - INFO - CSV structure is up to date
2025-06-09 21:57:29 - ERROR - 2025-06-09 21:57:29,758 - DataManager - INFO - Data context set to: Agency='Coastal', Site='Eluru'
2025-06-09 21:57:29 - ERROR - 2025-06-09 21:57:29,759 - DataManager - INFO - Data file: data\Coastal_Eluru_data.csv
2025-06-09 21:57:29 - PRINT - Updated data context: Coastal_Eluru
2025-06-09 21:57:29 - ERROR - 2025-06-09 21:57:29,762 - DataManager - INFO - CSV structure is up to date
2025-06-09 21:57:29 - ERROR - 2025-06-09 21:57:29,763 - DataManager - INFO - Data context set to: Agency='Coastal', Site='Eluru'
2025-06-09 21:57:29 - ERROR - 2025-06-09 21:57:29,764 - DataManager - INFO - Data file: data\Coastal_Eluru_data.csv
2025-06-09 21:57:29 - PRINT - Updated data context: Coastal_Eluru
2025-06-09 21:57:29 - ERROR - 2025-06-09 21:57:29,765 - PendingVehiclesPanel - INFO - PendingVehiclesPanel initialized
2025-06-09 21:57:29 - PRINT - 🚛 PENDING DEBUG: Refreshing pending vehicles list...
2025-06-09 21:57:29 - ERROR - 2025-06-09 21:57:29,775 - PendingVehiclesPanel - INFO - Refreshing pending vehicles list
2025-06-09 21:57:29 - ERROR - 2025-06-09 21:57:29,776 - DataManager - INFO - Successfully loaded 13 records from data\Coastal_Eluru_data.csv
2025-06-09 21:57:29 - PRINT - 🚛 PENDING DEBUG: Retrieved 13 total records
2025-06-09 21:57:29 - ERROR - 2025-06-09 21:57:29,778 - PendingVehiclesPanel - INFO - Retrieved 13 total records
2025-06-09 21:57:29 - PRINT - 🚛 PENDING DEBUG: Checking ticket T0031:
2025-06-09 21:57:29 - PRINT -    - first_weight: '32340.00' (has: True)
2025-06-09 21:57:29 - PRINT -    - first_timestamp: '03-06-2025 18:16:07' (has: True)
2025-06-09 21:57:29 - PRINT -    - second_weight: '14630.00' (has: True)
2025-06-09 21:57:29 - PRINT -    - second_timestamp: '03-06-2025 18:16:12' (has: True)
2025-06-09 21:57:29 - PRINT -    - has_first: True, missing_second: False
2025-06-09 21:57:29 - PRINT - 🚛 PENDING DEBUG: ⏭️  Skipped ticket T0031 - not pending
2025-06-09 21:57:29 - PRINT - 🚛 PENDING DEBUG: Checking ticket T0032:
2025-06-09 21:57:29 - PRINT -    - first_weight: '41900.00' (has: True)
2025-06-09 21:57:29 - PRINT -    - first_timestamp: '03-06-2025 18:40:02' (has: True)
2025-06-09 21:57:29 - PRINT -    - second_weight: '10350.00' (has: True)
2025-06-09 21:57:29 - PRINT -    - second_timestamp: '03-06-2025 18:40:19' (has: True)
2025-06-09 21:57:29 - PRINT -    - has_first: True, missing_second: False
2025-06-09 21:57:29 - PRINT - 🚛 PENDING DEBUG: ⏭️  Skipped ticket T0032 - not pending
2025-06-09 21:57:29 - PRINT - 🚛 PENDING DEBUG: Checking ticket T0033:
2025-06-09 21:57:29 - PRINT -    - first_weight: '21440.00' (has: True)
2025-06-09 21:57:29 - PRINT -    - first_timestamp: '03-06-2025 20:08:54' (has: True)
2025-06-09 21:57:29 - PRINT -    - second_weight: '8650.00' (has: True)
2025-06-09 21:57:29 - PRINT -    - second_timestamp: '03-06-2025 20:09:13' (has: True)
2025-06-09 21:57:29 - PRINT -    - has_first: True, missing_second: False
2025-06-09 21:57:29 - PRINT - 🚛 PENDING DEBUG: ⏭️  Skipped ticket T0033 - not pending
2025-06-09 21:57:29 - PRINT - 🚛 PENDING DEBUG: Checking ticket T0001:
2025-06-09 21:57:29 - PRINT -    - first_weight: '18310.00' (has: True)
2025-06-09 21:57:29 - PRINT -    - first_timestamp: '03-06-2025 20:11:03' (has: True)
2025-06-09 21:57:29 - PRINT -    - second_weight: '6050.00' (has: True)
2025-06-09 21:57:29 - PRINT -    - second_timestamp: '03-06-2025 20:12:07' (has: True)
2025-06-09 21:57:29 - PRINT -    - has_first: True, missing_second: False
2025-06-09 21:57:29 - PRINT - 🚛 PENDING DEBUG: ⏭️  Skipped ticket T0001 - not pending
2025-06-09 21:57:29 - PRINT - 🚛 PENDING DEBUG: Checking ticket T0002:
2025-06-09 21:57:29 - PRINT -    - first_weight: '15970.00' (has: True)
2025-06-09 21:57:29 - PRINT -    - first_timestamp: '03-06-2025 20:11:22' (has: True)
2025-06-09 21:57:29 - PRINT -    - second_weight: '5320.00' (has: True)
2025-06-09 21:57:29 - PRINT -    - second_timestamp: '03-06-2025 20:12:18' (has: True)
2025-06-09 21:57:29 - PRINT -    - has_first: True, missing_second: False
2025-06-09 21:57:29 - PRINT - 🚛 PENDING DEBUG: ⏭️  Skipped ticket T0002 - not pending
2025-06-09 21:57:29 - PRINT - 🚛 PENDING DEBUG: Checking ticket T0003:
2025-06-09 21:57:29 - PRINT -    - first_weight: '29910.00' (has: True)
2025-06-09 21:57:29 - PRINT -    - first_timestamp: '03-06-2025 20:11:44' (has: True)
2025-06-09 21:57:29 - PRINT -    - second_weight: '12080.00' (has: True)
2025-06-09 21:57:29 - PRINT -    - second_timestamp: '03-06-2025 20:11:54' (has: True)
2025-06-09 21:57:29 - PRINT -    - has_first: True, missing_second: False
2025-06-09 21:57:29 - PRINT - 🚛 PENDING DEBUG: ⏭️  Skipped ticket T0003 - not pending
2025-06-09 21:57:29 - PRINT - 🚛 PENDING DEBUG: Checking ticket T0004:
2025-06-09 21:57:29 - PRINT -    - first_weight: '16410.00' (has: True)
2025-06-09 21:57:29 - PRINT -    - first_timestamp: '03-06-2025 23:31:40' (has: True)
2025-06-09 21:57:29 - PRINT -    - second_weight: '12100.00' (has: True)
2025-06-09 21:57:29 - PRINT -    - second_timestamp: '03-06-2025 23:32:31' (has: True)
2025-06-09 21:57:29 - PRINT -    - has_first: True, missing_second: False
2025-06-09 21:57:29 - PRINT - 🚛 PENDING DEBUG: ⏭️  Skipped ticket T0004 - not pending
2025-06-09 21:57:29 - PRINT - 🚛 PENDING DEBUG: Checking ticket T0005:
2025-06-09 21:57:29 - PRINT -    - first_weight: '28940.00' (has: True)
2025-06-09 21:57:29 - PRINT -    - first_timestamp: '03-06-2025 23:31:54' (has: True)
2025-06-09 21:57:29 - PRINT -    - second_weight: '11150.00' (has: True)
2025-06-09 21:57:29 - PRINT -    - second_timestamp: '03-06-2025 23:32:43' (has: True)
2025-06-09 21:57:29 - PRINT -    - has_first: True, missing_second: False
2025-06-09 21:57:29 - PRINT - 🚛 PENDING DEBUG: ⏭️  Skipped ticket T0005 - not pending
2025-06-09 21:57:29 - PRINT - 🚛 PENDING DEBUG: Checking ticket T0006:
2025-06-09 21:57:29 - PRINT -    - first_weight: '18740.00' (has: True)
2025-06-09 21:57:29 - PRINT -    - first_timestamp: '03-06-2025 23:32:13' (has: True)
2025-06-09 21:57:29 - PRINT -    - second_weight: '8380.00' (has: True)
2025-06-09 21:57:29 - PRINT -    - second_timestamp: '03-06-2025 23:32:18' (has: True)
2025-06-09 21:57:29 - PRINT -    - has_first: True, missing_second: False
2025-06-09 21:57:29 - PRINT - 🚛 PENDING DEBUG: ⏭️  Skipped ticket T0006 - not pending
2025-06-09 21:57:29 - PRINT - 🚛 PENDING DEBUG: Checking ticket T0007:
2025-06-09 21:57:29 - PRINT -    - first_weight: '21910.00' (has: True)
2025-06-09 21:57:29 - PRINT -    - first_timestamp: '04-06-2025 00:24:28' (has: True)
2025-06-09 21:57:29 - PRINT -    - second_weight: '8430.00' (has: True)
2025-06-09 21:57:29 - PRINT -    - second_timestamp: '04-06-2025 00:26:14' (has: True)
2025-06-09 21:57:29 - PRINT -    - has_first: True, missing_second: False
2025-06-09 21:57:29 - PRINT - 🚛 PENDING DEBUG: ⏭️  Skipped ticket T0007 - not pending
2025-06-09 21:57:29 - PRINT - 🚛 PENDING DEBUG: Checking ticket T0008:
2025-06-09 21:57:29 - PRINT -    - first_weight: '21850.00' (has: True)
2025-06-09 21:57:29 - PRINT -    - first_timestamp: '04-06-2025 00:24:45' (has: True)
2025-06-09 21:57:29 - PRINT -    - second_weight: '10740.00' (has: True)
2025-06-09 21:57:29 - PRINT -    - second_timestamp: '04-06-2025 00:25:57' (has: True)
2025-06-09 21:57:29 - PRINT -    - has_first: True, missing_second: False
2025-06-09 21:57:29 - PRINT - 🚛 PENDING DEBUG: ⏭️  Skipped ticket T0008 - not pending
2025-06-09 21:57:29 - PRINT - 🚛 PENDING DEBUG: Checking ticket T0009:
2025-06-09 21:57:29 - PRINT -    - first_weight: '26090.00' (has: True)
2025-06-09 21:57:29 - PRINT -    - first_timestamp: '04-06-2025 00:25:02' (has: True)
2025-06-09 21:57:29 - PRINT -    - second_weight: '9330.00' (has: True)
2025-06-09 21:57:29 - PRINT -    - second_timestamp: '04-06-2025 00:25:16' (has: True)
2025-06-09 21:57:29 - PRINT -    - has_first: True, missing_second: False
2025-06-09 21:57:29 - PRINT - 🚛 PENDING DEBUG: ⏭️  Skipped ticket T0009 - not pending
2025-06-09 21:57:29 - PRINT - 🚛 PENDING DEBUG: Checking ticket T0101:
2025-06-09 21:57:29 - PRINT -    - first_weight: '31470.00' (has: True)
2025-06-09 21:57:29 - PRINT -    - first_timestamp: '09-06-2025 21:45:57' (has: True)
2025-06-09 21:57:29 - PRINT -    - second_weight: '9120.00' (has: True)
2025-06-09 21:57:29 - PRINT -    - second_timestamp: '09-06-2025 21:46:00' (has: True)
2025-06-09 21:57:29 - PRINT -    - has_first: True, missing_second: False
2025-06-09 21:57:29 - PRINT - 🚛 PENDING DEBUG: ⏭️  Skipped ticket T0101 - not pending
2025-06-09 21:57:29 - PRINT - 🚛 PENDING DEBUG: Found 0 pending records
2025-06-09 21:57:29 - ERROR - 2025-06-09 21:57:29,874 - PendingVehiclesPanel - INFO - Found 0 pending records
2025-06-09 21:57:29 - PRINT - 🚛 PENDING DEBUG: ✅ Successfully refreshed pending list with 0 items
2025-06-09 21:57:29 - ERROR - 2025-06-09 21:57:29,876 - PendingVehiclesPanel - INFO - Successfully refreshed pending list with 0 items
2025-06-09 21:57:29 - ERROR - 2025-06-09 21:57:29,877 - TharuniApp - INFO - Pending vehicles panel created
2025-06-09 21:57:30 - ERROR - 2025-06-09 21:57:30,078 - TharuniApp - INFO - Main panel creation completed
2025-06-09 21:57:30 - ERROR - 2025-06-09 21:57:30,089 - TharuniApp - INFO - Summary panel created
2025-06-09 21:57:30 - PRINT - ❌ Could not find data_manager anywhere
2025-06-09 21:57:30 - PRINT - Available attributes in self:
2025-06-09 21:57:30 - PRINT - ['data_bits_var', 'find_data_manager']
2025-06-09 21:57:30 - PRINT - Loading saved settings...
2025-06-09 21:57:30 - PRINT - Reading weighbridge settings from: data\app_settings.json
2025-06-09 21:57:30 - PRINT - Loaded weighbridge settings: {'com_port': '', 'baud_rate': 2400, 'data_bits': 8, 'parity': 'Even', 'stop_bits': 1.0, 'test_mode': True}
2025-06-09 21:57:30 - PRINT - WeighbridgeManager test mode set to: True
2025-06-09 21:57:30 - PRINT - Applied test mode True to weighbridge manager
2025-06-09 21:57:30 - PRINT - Loaded weighbridge settings with test mode: True
2025-06-09 21:57:30 - PRINT - Reading camera settings from: data\app_settings.json
2025-06-09 21:57:30 - PRINT - Loaded camera settings: {'front_camera_type': 'USB', 'front_camera_index': 0, 'front_rtsp_username': '', 'front_rtsp_password': '', 'front_rtsp_ip': '', 'front_rtsp_port': '554', 'front_rtsp_endpoint': '/stream1', 'front_http_username': '', 'front_http_password': '', 'front_http_ip': '', 'front_http_port': '80', 'front_http_endpoint': '/mjpeg', 'back_camera_type': 'USB', 'back_camera_index': 1, 'back_rtsp_username': '', 'back_rtsp_password': '', 'back_rtsp_ip': '', 'back_rtsp_port': '554', 'back_rtsp_endpoint': '/stream1', 'back_http_username': '', 'back_http_password': '', 'back_http_ip': '', 'back_http_port': '80', 'back_http_endpoint': '/mjpeg'}
2025-06-09 21:57:30 - PRINT - Loading camera settings: {'front_camera_type': 'USB', 'front_camera_index': 0, 'front_rtsp_username': '', 'front_rtsp_password': '', 'front_rtsp_ip': '', 'front_rtsp_port': '554', 'front_rtsp_endpoint': '/stream1', 'front_http_username': '', 'front_http_password': '', 'front_http_ip': '', 'front_http_port': '80', 'front_http_endpoint': '/mjpeg', 'back_camera_type': 'USB', 'back_camera_index': 1, 'back_rtsp_username': '', 'back_rtsp_password': '', 'back_rtsp_ip': '', 'back_rtsp_port': '554', 'back_rtsp_endpoint': '/stream1', 'back_http_username': '', 'back_http_password': '', 'back_http_ip': '', 'back_http_port': '80', 'back_http_endpoint': '/mjpeg'}
2025-06-09 21:57:30 - PRINT - Camera settings loaded successfully
2025-06-09 21:57:30 - PRINT - All settings loaded successfully
2025-06-09 21:57:30 - ERROR - 2025-06-09 21:57:30,337 - TharuniApp - INFO - ✅ Data manager reference set in settings panel
2025-06-09 21:57:30 - ERROR - 2025-06-09 21:57:30,338 - TharuniApp - INFO - Widget creation completed successfully
2025-06-09 21:57:30 - PRINT - 🚛 PENDING DEBUG: Refreshing pending vehicles list...
2025-06-09 21:57:30 - ERROR - 2025-06-09 21:57:30,341 - PendingVehiclesPanel - INFO - Refreshing pending vehicles list
2025-06-09 21:57:30 - ERROR - 2025-06-09 21:57:30,342 - DataManager - INFO - Successfully loaded 13 records from data\Coastal_Eluru_data.csv
2025-06-09 21:57:30 - PRINT - 🚛 PENDING DEBUG: Retrieved 13 total records
2025-06-09 21:57:30 - ERROR - 2025-06-09 21:57:30,344 - PendingVehiclesPanel - INFO - Retrieved 13 total records
2025-06-09 21:57:30 - PRINT - 🚛 PENDING DEBUG: Checking ticket T0031:
2025-06-09 21:57:30 - PRINT -    - first_weight: '32340.00' (has: True)
2025-06-09 21:57:30 - PRINT -    - first_timestamp: '03-06-2025 18:16:07' (has: True)
2025-06-09 21:57:30 - PRINT -    - second_weight: '14630.00' (has: True)
2025-06-09 21:57:30 - PRINT -    - second_timestamp: '03-06-2025 18:16:12' (has: True)
2025-06-09 21:57:30 - PRINT -    - has_first: True, missing_second: False
2025-06-09 21:57:30 - PRINT - 🚛 PENDING DEBUG: ⏭️  Skipped ticket T0031 - not pending
2025-06-09 21:57:30 - PRINT - 🚛 PENDING DEBUG: Checking ticket T0032:
2025-06-09 21:57:30 - PRINT -    - first_weight: '41900.00' (has: True)
2025-06-09 21:57:30 - PRINT -    - first_timestamp: '03-06-2025 18:40:02' (has: True)
2025-06-09 21:57:30 - PRINT -    - second_weight: '10350.00' (has: True)
2025-06-09 21:57:30 - PRINT -    - second_timestamp: '03-06-2025 18:40:19' (has: True)
2025-06-09 21:57:30 - PRINT -    - has_first: True, missing_second: False
2025-06-09 21:57:30 - PRINT - 🚛 PENDING DEBUG: ⏭️  Skipped ticket T0032 - not pending
2025-06-09 21:57:30 - PRINT - 🚛 PENDING DEBUG: Checking ticket T0033:
2025-06-09 21:57:30 - PRINT -    - first_weight: '21440.00' (has: True)
2025-06-09 21:57:30 - PRINT -    - first_timestamp: '03-06-2025 20:08:54' (has: True)
2025-06-09 21:57:30 - PRINT -    - second_weight: '8650.00' (has: True)
2025-06-09 21:57:30 - PRINT -    - second_timestamp: '03-06-2025 20:09:13' (has: True)
2025-06-09 21:57:30 - PRINT -    - has_first: True, missing_second: False
2025-06-09 21:57:30 - PRINT - 🚛 PENDING DEBUG: ⏭️  Skipped ticket T0033 - not pending
2025-06-09 21:57:30 - PRINT - 🚛 PENDING DEBUG: Checking ticket T0001:
2025-06-09 21:57:30 - PRINT -    - first_weight: '18310.00' (has: True)
2025-06-09 21:57:30 - PRINT -    - first_timestamp: '03-06-2025 20:11:03' (has: True)
2025-06-09 21:57:30 - PRINT -    - second_weight: '6050.00' (has: True)
2025-06-09 21:57:30 - PRINT -    - second_timestamp: '03-06-2025 20:12:07' (has: True)
2025-06-09 21:57:30 - PRINT -    - has_first: True, missing_second: False
2025-06-09 21:57:30 - PRINT - 🚛 PENDING DEBUG: ⏭️  Skipped ticket T0001 - not pending
2025-06-09 21:57:30 - PRINT - 🚛 PENDING DEBUG: Checking ticket T0002:
2025-06-09 21:57:30 - PRINT -    - first_weight: '15970.00' (has: True)
2025-06-09 21:57:30 - PRINT -    - first_timestamp: '03-06-2025 20:11:22' (has: True)
2025-06-09 21:57:30 - PRINT -    - second_weight: '5320.00' (has: True)
2025-06-09 21:57:30 - PRINT -    - second_timestamp: '03-06-2025 20:12:18' (has: True)
2025-06-09 21:57:30 - PRINT -    - has_first: True, missing_second: False
2025-06-09 21:57:30 - PRINT - 🚛 PENDING DEBUG: ⏭️  Skipped ticket T0002 - not pending
2025-06-09 21:57:30 - PRINT - 🚛 PENDING DEBUG: Checking ticket T0003:
2025-06-09 21:57:30 - PRINT -    - first_weight: '29910.00' (has: True)
2025-06-09 21:57:30 - PRINT -    - first_timestamp: '03-06-2025 20:11:44' (has: True)
2025-06-09 21:57:30 - PRINT -    - second_weight: '12080.00' (has: True)
2025-06-09 21:57:30 - PRINT -    - second_timestamp: '03-06-2025 20:11:54' (has: True)
2025-06-09 21:57:30 - PRINT -    - has_first: True, missing_second: False
2025-06-09 21:57:30 - PRINT - 🚛 PENDING DEBUG: ⏭️  Skipped ticket T0003 - not pending
2025-06-09 21:57:30 - PRINT - 🚛 PENDING DEBUG: Checking ticket T0004:
2025-06-09 21:57:30 - PRINT -    - first_weight: '16410.00' (has: True)
2025-06-09 21:57:30 - PRINT -    - first_timestamp: '03-06-2025 23:31:40' (has: True)
2025-06-09 21:57:30 - PRINT -    - second_weight: '12100.00' (has: True)
2025-06-09 21:57:30 - PRINT -    - second_timestamp: '03-06-2025 23:32:31' (has: True)
2025-06-09 21:57:30 - PRINT -    - has_first: True, missing_second: False
2025-06-09 21:57:30 - PRINT - 🚛 PENDING DEBUG: ⏭️  Skipped ticket T0004 - not pending
2025-06-09 21:57:30 - PRINT - 🚛 PENDING DEBUG: Checking ticket T0005:
2025-06-09 21:57:30 - PRINT -    - first_weight: '28940.00' (has: True)
2025-06-09 21:57:30 - PRINT -    - first_timestamp: '03-06-2025 23:31:54' (has: True)
2025-06-09 21:57:30 - PRINT -    - second_weight: '11150.00' (has: True)
2025-06-09 21:57:30 - PRINT -    - second_timestamp: '03-06-2025 23:32:43' (has: True)
2025-06-09 21:57:30 - PRINT -    - has_first: True, missing_second: False
2025-06-09 21:57:30 - PRINT - 🚛 PENDING DEBUG: ⏭️  Skipped ticket T0005 - not pending
2025-06-09 21:57:30 - PRINT - 🚛 PENDING DEBUG: Checking ticket T0006:
2025-06-09 21:57:30 - PRINT -    - first_weight: '18740.00' (has: True)
2025-06-09 21:57:30 - PRINT -    - first_timestamp: '03-06-2025 23:32:13' (has: True)
2025-06-09 21:57:30 - PRINT -    - second_weight: '8380.00' (has: True)
2025-06-09 21:57:30 - PRINT -    - second_timestamp: '03-06-2025 23:32:18' (has: True)
2025-06-09 21:57:30 - PRINT -    - has_first: True, missing_second: False
2025-06-09 21:57:30 - PRINT - 🚛 PENDING DEBUG: ⏭️  Skipped ticket T0006 - not pending
2025-06-09 21:57:30 - PRINT - 🚛 PENDING DEBUG: Checking ticket T0007:
2025-06-09 21:57:30 - PRINT -    - first_weight: '21910.00' (has: True)
2025-06-09 21:57:30 - PRINT -    - first_timestamp: '04-06-2025 00:24:28' (has: True)
2025-06-09 21:57:30 - PRINT -    - second_weight: '8430.00' (has: True)
2025-06-09 21:57:30 - PRINT -    - second_timestamp: '04-06-2025 00:26:14' (has: True)
2025-06-09 21:57:30 - PRINT -    - has_first: True, missing_second: False
2025-06-09 21:57:30 - PRINT - 🚛 PENDING DEBUG: ⏭️  Skipped ticket T0007 - not pending
2025-06-09 21:57:30 - PRINT - 🚛 PENDING DEBUG: Checking ticket T0008:
2025-06-09 21:57:30 - PRINT -    - first_weight: '21850.00' (has: True)
2025-06-09 21:57:30 - PRINT -    - first_timestamp: '04-06-2025 00:24:45' (has: True)
2025-06-09 21:57:30 - PRINT -    - second_weight: '10740.00' (has: True)
2025-06-09 21:57:30 - PRINT -    - second_timestamp: '04-06-2025 00:25:57' (has: True)
2025-06-09 21:57:30 - PRINT -    - has_first: True, missing_second: False
2025-06-09 21:57:30 - PRINT - 🚛 PENDING DEBUG: ⏭️  Skipped ticket T0008 - not pending
2025-06-09 21:57:30 - PRINT - 🚛 PENDING DEBUG: Checking ticket T0009:
2025-06-09 21:57:30 - PRINT -    - first_weight: '26090.00' (has: True)
2025-06-09 21:57:30 - PRINT -    - first_timestamp: '04-06-2025 00:25:02' (has: True)
2025-06-09 21:57:30 - PRINT -    - second_weight: '9330.00' (has: True)
2025-06-09 21:57:30 - PRINT -    - second_timestamp: '04-06-2025 00:25:16' (has: True)
2025-06-09 21:57:30 - PRINT -    - has_first: True, missing_second: False
2025-06-09 21:57:30 - PRINT - 🚛 PENDING DEBUG: ⏭️  Skipped ticket T0009 - not pending
2025-06-09 21:57:30 - PRINT - 🚛 PENDING DEBUG: Checking ticket T0101:
2025-06-09 21:57:30 - PRINT -    - first_weight: '31470.00' (has: True)
2025-06-09 21:57:30 - PRINT -    - first_timestamp: '09-06-2025 21:45:57' (has: True)
2025-06-09 21:57:30 - PRINT -    - second_weight: '9120.00' (has: True)
2025-06-09 21:57:30 - PRINT -    - second_timestamp: '09-06-2025 21:46:00' (has: True)
2025-06-09 21:57:30 - PRINT -    - has_first: True, missing_second: False
2025-06-09 21:57:30 - PRINT - 🚛 PENDING DEBUG: ⏭️  Skipped ticket T0101 - not pending
2025-06-09 21:57:30 - PRINT - 🚛 PENDING DEBUG: Found 0 pending records
2025-06-09 21:57:30 - ERROR - 2025-06-09 21:57:30,429 - PendingVehiclesPanel - INFO - Found 0 pending records
2025-06-09 21:57:30 - PRINT - 🚛 PENDING DEBUG: ✅ Successfully refreshed pending list with 0 items
2025-06-09 21:57:30 - ERROR - 2025-06-09 21:57:30,431 - PendingVehiclesPanel - INFO - Successfully refreshed pending list with 0 items
2025-06-09 21:57:30 - ERROR - 2025-06-09 21:57:30,433 - DataManager - INFO - Created new daily folder: data\reports\09-06
2025-06-09 21:57:30 - PRINT - 📂 Loaded 0 items from queue file
2025-06-09 21:57:30 - PRINT - 📥 Queue initialized with 0 items
2025-06-09 21:57:30 - PRINT - 🚀 Fast sync manager initialized with parallel processing
2025-06-09 21:57:30 - PRINT - 🔍 Connectivity checker started (silent mode)
2025-06-09 21:57:30 - PRINT - 🎛️ Enhanced connectivity UI initialized with fast sync (silent mode)
2025-06-09 21:57:30 - PRINT - ✅ Enhanced FAST connectivity added to app
2025-06-09 21:57:30 - PRINT - 🔄 Connectivity changed: 🌐 ONLINE
2025-06-09 21:57:30 - ERROR - 2025-06-09 21:57:30,442 - TharuniApp - INFO - Application initialization completed successfully
2025-06-09 21:57:30 - PRINT - 🔄 Connectivity status changed: 🌐 Online
2025-06-09 21:57:30 - PRINT - 🌐 Internet connection detected - queue is empty
2025-06-09 21:57:31 - ERROR - 2025-06-09 21:57:31,342 - TharuniApp - INFO - Ensuring settings persistence...
2025-06-09 21:57:31 - PRINT - Reading weighbridge settings from: data\app_settings.json
2025-06-09 21:57:31 - PRINT - Loaded weighbridge settings: {'com_port': '', 'baud_rate': 2400, 'data_bits': 8, 'parity': 'Even', 'stop_bits': 1.0, 'test_mode': True}
2025-06-09 21:57:31 - PRINT - Reading camera settings from: data\app_settings.json
2025-06-09 21:57:31 - PRINT - Loaded camera settings: {'front_camera_type': 'USB', 'front_camera_index': 0, 'front_rtsp_username': '', 'front_rtsp_password': '', 'front_rtsp_ip': '', 'front_rtsp_port': '554', 'front_rtsp_endpoint': '/stream1', 'front_http_username': '', 'front_http_password': '', 'front_http_ip': '', 'front_http_port': '80', 'front_http_endpoint': '/mjpeg', 'back_camera_type': 'USB', 'back_camera_index': 1, 'back_rtsp_username': '', 'back_rtsp_password': '', 'back_rtsp_ip': '', 'back_rtsp_port': '554', 'back_rtsp_endpoint': '/stream1', 'back_http_username': '', 'back_http_password': '', 'back_http_ip': '', 'back_http_port': '80', 'back_http_endpoint': '/mjpeg'}
2025-06-09 21:57:31 - PRINT - Settings integrity check passed
2025-06-09 21:57:31 - PRINT - Reading weighbridge settings from: data\app_settings.json
2025-06-09 21:57:31 - PRINT - Loaded weighbridge settings: {'com_port': '', 'baud_rate': 2400, 'data_bits': 8, 'parity': 'Even', 'stop_bits': 1.0, 'test_mode': True}
2025-06-09 21:57:31 - ERROR - 2025-06-09 21:57:31,372 - TharuniApp - INFO - Settings persistence check completed
2025-06-09 21:57:33 - PRINT - ✅ Found data_manager from direct reference
2025-06-09 21:57:34 - PRINT - ✅ Successfully connected to GCS bucket: advitia-weighbridge-data
2025-06-09 21:57:34 - ERROR - 2025-06-09 21:57:34,183 - DataManager - INFO - Cloud storage initialized on demand
2025-06-09 21:57:34 - ERROR - 2025-06-09 21:57:34,521 - DataManager - INFO - Found 118 JSON backup files for bulk upload
2025-06-09 21:57:57 - ERROR - 2025-06-09 21:57:57,278 - DataManager - INFO - Successfully loaded 13 records from data\Coastal_Eluru_data.csv
2025-06-09 21:57:57 - ERROR - 2025-06-09 21:57:57,287 - DataManager - INFO - Successfully loaded 13 records from data\Coastal_Eluru_data.csv
2025-06-09 21:57:57 - ERROR - 2025-06-09 21:57:57,288 - DataManager - INFO - Successfully loaded 13 records from data\Coastal_Eluru_data.csv
2025-06-09 21:57:58 - ERROR - 2025-06-09 21:57:58,144 - DataManager - INFO - Successfully loaded 13 records from data\Coastal_Eluru_data.csv
2025-06-09 21:57:58 - ERROR - 2025-06-09 21:57:58,146 - DataManager - INFO - Successfully loaded 13 records from data\Coastal_Eluru_data.csv
2025-06-09 21:58:02 - PRINT - Capture weight called
2025-06-09 21:58:02 - PRINT - Checking test mode...
2025-06-09 21:58:02 - PRINT - Could not find main app after 8 attempts
2025-06-09 21:58:02 - PRINT - Creating new SettingsStorage instance
2025-06-09 21:58:02 - PRINT - Reading weighbridge settings from: data\app_settings.json
2025-06-09 21:58:02 - PRINT - Loaded weighbridge settings: {'com_port': '', 'baud_rate': 2400, 'data_bits': 8, 'parity': 'Even', 'stop_bits': 1.0, 'test_mode': True}
2025-06-09 21:58:02 - PRINT - Test mode from settings storage: True
2025-06-09 21:58:02 - PRINT - Test mode is enabled - generating random weight
2025-06-09 21:58:02 - PRINT - Generating weight for first weighment
2025-06-09 21:58:02 - PRINT - First weighment - generated: 44163.71680556006
2025-06-09 21:58:02 - PRINT - Generated random weight: 44160.0 kg
2025-06-09 21:58:02 - PRINT - Processing captured weight: 44160.0
2025-06-09 21:58:02 - PRINT - Checking test mode...
2025-06-09 21:58:02 - PRINT - Could not find main app after 8 attempts
2025-06-09 21:58:02 - PRINT - Creating new SettingsStorage instance
2025-06-09 21:58:02 - PRINT - Reading weighbridge settings from: data\app_settings.json
2025-06-09 21:58:02 - PRINT - Loaded weighbridge settings: {'com_port': '', 'baud_rate': 2400, 'data_bits': 8, 'parity': 'Even', 'stop_bits': 1.0, 'test_mode': True}
2025-06-09 21:58:02 - PRINT - Test mode from settings storage: True
2025-06-09 21:58:05 - PRINT - Capture weight called
2025-06-09 21:58:05 - PRINT - Checking test mode...
2025-06-09 21:58:05 - PRINT - Could not find main app after 8 attempts
2025-06-09 21:58:05 - PRINT - Creating new SettingsStorage instance
2025-06-09 21:58:05 - PRINT - Reading weighbridge settings from: data\app_settings.json
2025-06-09 21:58:05 - PRINT - Loaded weighbridge settings: {'com_port': '', 'baud_rate': 2400, 'data_bits': 8, 'parity': 'Even', 'stop_bits': 1.0, 'test_mode': True}
2025-06-09 21:58:05 - PRINT - Test mode from settings storage: True
2025-06-09 21:58:05 - PRINT - Test mode is enabled - generating random weight
2025-06-09 21:58:05 - PRINT - Generating weight for second weighment
2025-06-09 21:58:05 - PRINT - Second weighment - generated: 9999.730208666475
2025-06-09 21:58:05 - PRINT - Generated random weight: 10000.0 kg
2025-06-09 21:58:05 - PRINT - Processing captured weight: 10000.0
2025-06-09 21:58:05 - PRINT - Checking test mode...
2025-06-09 21:58:05 - PRINT - Could not find main app after 8 attempts
2025-06-09 21:58:05 - PRINT - Creating new SettingsStorage instance
2025-06-09 21:58:05 - PRINT - Reading weighbridge settings from: data\app_settings.json
2025-06-09 21:58:05 - PRINT - Loaded weighbridge settings: {'com_port': '', 'baud_rate': 2400, 'data_bits': 8, 'parity': 'Even', 'stop_bits': 1.0, 'test_mode': True}
2025-06-09 21:58:05 - PRINT - Test mode from settings storage: True
2025-06-09 21:58:12 - ERROR - 2025-06-09 21:58:12,633 - TharuniApp - INFO - ==================================================
2025-06-09 21:58:12 - ERROR - 2025-06-09 21:58:12,637 - TharuniApp - INFO - SAVE RECORD OPERATION STARTED WITH SMART TICKET FLOW
2025-06-09 21:58:12 - ERROR - 2025-06-09 21:58:12,642 - FormValidator - INFO - Starting comprehensive form validation
2025-06-09 21:58:12 - ERROR - 2025-06-09 21:58:12,645 - FormValidator - INFO - Validating basic fields
2025-06-09 21:58:12 - ERROR - 2025-06-09 21:58:12,646 - FormValidator - INFO - Field values: ticket='T0102', vehicle='AP04AP4444', agency='Coastal'
2025-06-09 21:58:12 - ERROR - 2025-06-09 21:58:12,647 - FormValidator - INFO - Basic validation passed
2025-06-09 21:58:12 - ERROR - 2025-06-09 21:58:12,649 - FormValidator - INFO - Validating weighment data
2025-06-09 21:58:12 - ERROR - 2025-06-09 21:58:12,650 - FormValidator - INFO - Weighment data: first_weight='44160.00', first_timestamp='09-06-2025 21:58:02', second_weight='10000.00', second_timestamp='09-06-2025 21:58:05'
2025-06-09 21:58:12 - ERROR - 2025-06-09 21:58:12,651 - FormValidator - INFO - Weighment validation passed
2025-06-09 21:58:12 - ERROR - 2025-06-09 21:58:12,652 - FormValidator - INFO - Validating images for second weighment
2025-06-09 21:58:12 - ERROR - 2025-06-09 21:58:12,653 - FormValidator - INFO - Images validation for second: front=False, back=False
2025-06-09 21:58:14 - ERROR - 2025-06-09 21:58:14,651 - FormValidator - INFO - User chose to continue without images
2025-06-09 21:58:14 - ERROR - 2025-06-09 21:58:14,652 - FormValidator - INFO - Form validation passed successfully
2025-06-09 21:58:14 - PRINT - Get all image filenames returning: {'first_front_image': '', 'first_back_image': '', 'second_front_image': '', 'second_back_image': ''}
2025-06-09 21:58:14 - PRINT - DEBUG - User name var: 'admin'
2025-06-09 21:58:14 - PRINT - DEBUG - Site incharge var: 'Vishnu'
2025-06-09 21:58:14 - PRINT - DEBUG - Net weight var: '34160.00'
2025-06-09 21:58:14 - PRINT - DEBUG - Final data user_name: 'admin'
2025-06-09 21:58:14 - PRINT - DEBUG - Final data site_incharge: 'Vishnu'
2025-06-09 21:58:14 - PRINT - DEBUG - Final data net_weight: '34160.00'
2025-06-09 21:58:14 - PRINT - 🎫 TICKET FLOW DEBUG: Starting save for ticket: T0102
2025-06-09 21:58:14 - ERROR - 2025-06-09 21:58:14,662 - TharuniApp - INFO - Saving record for ticket: T0102
2025-06-09 21:58:14 - ERROR - 2025-06-09 21:58:14,663 - DataManager - INFO - Successfully loaded 13 records from data\Coastal_Eluru_data.csv
2025-06-09 21:58:14 - ERROR - 2025-06-09 21:58:14,664 - DataManager - INFO - Filtered 13 records to 0 using filter: 't0102'
2025-06-09 21:58:14 - PRINT - 🎫 TICKET FLOW DEBUG: This is a NEW record: T0102
2025-06-09 21:58:14 - ERROR - 2025-06-09 21:58:14,666 - TharuniApp - INFO - Adding new record: T0102
2025-06-09 21:58:14 - ERROR - 2025-06-09 21:58:14,667 - TharuniApp - INFO - Calling data_manager.save_record for T0102
2025-06-09 21:58:14 - ERROR - 2025-06-09 21:58:14,668 - DataManager - INFO - ==================================================
2025-06-09 21:58:14 - ERROR - 2025-06-09 21:58:14,669 - DataManager - INFO - STARTING OFFLINE-FIRST RECORD SAVE
2025-06-09 21:58:14 - ERROR - 2025-06-09 21:58:14,670 - DataManager - INFO - Input data keys: ['date', 'time', 'site_name', 'agency_name', 'material', 'ticket_no', 'vehicle_no', 'transfer_party_name', 'first_weight', 'first_timestamp', 'second_weight', 'second_timestamp', 'net_weight', 'material_type', 'first_front_image', 'first_back_image', 'second_front_image', 'second_back_image', 'site_incharge', 'user_name']
2025-06-09 21:58:14 - ERROR - 2025-06-09 21:58:14,671 - DataManager - INFO - Net weight calculated: 44160.0 - 10000.0 = 34160.00
2025-06-09 21:58:14 - ERROR - 2025-06-09 21:58:14,672 - DataManager - INFO - Using data file: data\Coastal_Eluru_data.csv
2025-06-09 21:58:14 - ERROR - 2025-06-09 21:58:14,673 - DataManager - INFO - Successfully loaded 13 records from data\Coastal_Eluru_data.csv
2025-06-09 21:58:14 - ERROR - 2025-06-09 21:58:14,675 - DataManager - INFO - Filtered 13 records to 0 using filter: 't0102'
2025-06-09 21:58:14 - ERROR - 2025-06-09 21:58:14,677 - DataManager - INFO - Adding new record: T0102
2025-06-09 21:58:14 - ERROR - 2025-06-09 21:58:14,678 - DataManager - INFO - Adding new record to CSV
2025-06-09 21:58:14 - ERROR - 2025-06-09 21:58:14,680 - DataManager - INFO - Record data: ['09-06-2025', '21:58:14', 'Eluru', 'Coastal', 'Legacy/MSW', 'T0102', 'AP04AP4444', 'Coromandel', '44160.00', '09-06-2025 21:58:02', '10000.00', '09-06-2025 21:58:05', '34160.00', 'Legacy/MSW', '', '', '', '', 'Vishnu', 'admin']
2025-06-09 21:58:14 - ERROR - 2025-06-09 21:58:14,681 - DataManager - INFO - ✅ New record added to data\Coastal_Eluru_data.csv
2025-06-09 21:58:14 - ERROR - 2025-06-09 21:58:14,682 - DataManager - INFO - ✅ Record T0102 saved to local CSV successfully
2025-06-09 21:58:14 - ERROR - 2025-06-09 21:58:14,683 - DataManager - INFO - Weighment analysis:
2025-06-09 21:58:14 - ERROR - 2025-06-09 21:58:14,684 - DataManager - INFO -   - Has first weighment: True
2025-06-09 21:58:14 - ERROR - 2025-06-09 21:58:14,685 - DataManager - INFO -   - Has second weighment: True
2025-06-09 21:58:14 - ERROR - 2025-06-09 21:58:14,686 - DataManager - INFO -   - Is first weighment save: False
2025-06-09 21:58:14 - ERROR - 2025-06-09 21:58:14,687 - DataManager - INFO -   - Is complete record: True
2025-06-09 21:58:14 - ERROR - 2025-06-09 21:58:14,688 - DataManager - INFO -   - Is update: False
2025-06-09 21:58:14 - ERROR - 2025-06-09 21:58:14,689 - DataManager - INFO - Complete record detected - saving JSON backup locally...
2025-06-09 21:58:14 - ERROR - 2025-06-09 21:58:14,690 - DataManager - INFO - Created new daily JSON folder: data\json_backups\2025-06-09
2025-06-09 21:58:14 - ERROR - 2025-06-09 21:58:14,694 - DataManager - INFO - ✅ JSON backup saved: data\json_backups\2025-06-09\T0102_Coastal_Eluru_215814.json
2025-06-09 21:58:14 - ERROR - 2025-06-09 21:58:14,695 - DataManager - INFO - ✅ JSON backup saved locally for T0102
2025-06-09 21:58:14 - ERROR - 2025-06-09 21:58:14,696 - DataManager - INFO - Complete record detected for ticket T0102 - generating PDF locally...
2025-06-09 21:58:14 - ERROR - 2025-06-09 21:58:14,697 - DataManager - INFO - Today's reports folder ensured: data\reports\2025-06-09
2025-06-09 21:58:14 - ERROR - 2025-06-09 21:58:14,698 - DataManager - INFO - Reports will be saved to: data\reports\2025-06-09
2025-06-09 21:58:14 - ERROR - 2025-06-09 21:58:14,700 - DataManager - INFO - Today's reports folder ensured: data\reports\2025-06-09
2025-06-09 21:58:14 - ERROR - 2025-06-09 21:58:14,703 - DataManager - INFO - SIMPLE TEST - Net display: '34160.00 kg'
2025-06-09 21:58:14 - ERROR - 2025-06-09 21:58:14,704 - DataManager - INFO - Building PDF document: data\reports\2025-06-09\Coastal_Eluru_T0102_AP04AP4444_215814.pdf
2025-06-09 21:58:14 - ERROR - 2025-06-09 21:58:14,716 - DataManager - INFO - PDF created successfully: data\reports\2025-06-09\Coastal_Eluru_T0102_AP04AP4444_215814.pdf (2773 bytes)
2025-06-09 21:58:14 - ERROR - 2025-06-09 21:58:14,718 - DataManager - INFO - Auto-generated PDF: data\reports\2025-06-09\Coastal_Eluru_T0102_AP04AP4444_215814.pdf
2025-06-09 21:58:14 - ERROR - 2025-06-09 21:58:14,719 - DataManager - INFO - PDF saved to today's reports folder: data\reports\2025-06-09
2025-06-09 21:58:14 - ERROR - 2025-06-09 21:58:14,720 - DataManager - INFO - ✅ PDF auto-generated locally: data\reports\2025-06-09\Coastal_Eluru_T0102_AP04AP4444_215814.pdf
2025-06-09 21:58:14 - ERROR - 2025-06-09 21:58:14,721 - DataManager - INFO - ✅ OFFLINE-FIRST SAVE COMPLETED - Local CSV, JSON backup, and PDF generated
2025-06-09 21:58:14 - ERROR - 2025-06-09 21:58:14,722 - DataManager - INFO - 📂 PDF saved to today's reports folder: data\reports\2025-06-09
2025-06-09 21:58:14 - ERROR - 2025-06-09 21:58:14,723 - DataManager - INFO - 💡 Cloud backup available via Settings > Cloud Storage > Backup
2025-06-09 21:58:14 - ERROR - 2025-06-09 21:58:14,725 - DataManager - INFO - ==================================================
2025-06-09 21:58:14 - ERROR - 2025-06-09 21:58:14,727 - TharuniApp - INFO - ✅ Record T0102 saved successfully
2025-06-09 21:58:14 - PRINT - 📥 Queued record: T0102 (Queue size: 1)
2025-06-09 21:58:14 - PRINT - 📥 Added complete record to queue: T0102
2025-06-09 21:58:14 - PRINT - 🌐 Online - attempting immediate ENHANCED SYNC
2025-06-09 21:58:14 - PRINT - 🎫 TICKET FLOW DEBUG: Save result analysis:
2025-06-09 21:58:14 - PRINT -    - is_complete_record: True
2025-06-09 21:58:14 - PRINT -    - is_first_weighment_save: False
2025-06-09 21:58:14 - PRINT -    - is_update: False
2025-06-09 21:58:14 - PRINT - 🎫 TICKET FLOW DEBUG: NEW record - will increment counter
2025-06-09 21:58:14 - PRINT - 🎫 TICKET FLOW DEBUG: INCREMENTING ticket counter after save of T0102
2025-06-09 21:58:14 - PRINT - 🎫 FORM DEBUG: Committing current ticket number: T0102
2025-06-09 21:58:14 - PRINT - 🎫 CONFIG DEBUG: Committing ticket number increment...
2025-06-09 21:58:14 - PRINT - 🎫 CONFIG DEBUG: Incrementing counter from 102 to 103
2025-06-09 21:58:14 - PRINT - 🎫 CONFIG DEBUG: ✅ Committed ticket number: T0102, next will be: T0103
2025-06-09 21:58:14 - PRINT - 🎫 FORM DEBUG: ✅ Successfully committed ticket number: T0102
2025-06-09 21:58:14 - PRINT - 🎫 TICKET FLOW DEBUG: ✅ Ticket counter incremented from T0102
2025-06-09 21:58:14 - PRINT - 🎫 TICKET FLOW DEBUG: Complete record saved for NEW ticket T0102
2025-06-09 21:58:14 - PRINT - 🎫 FORM DEBUG: Preparing for new ticket after completion
2025-06-09 21:58:14 - PRINT - Resetting all image paths
2025-06-09 21:58:14 - PRINT - Image status update: 1st=0/2, 2nd=0/2
2025-06-09 21:58:14 - PRINT - 🎫 FORM DEBUG: Reserving next ticket number...
2025-06-09 21:58:14 - PRINT - 🎫 CONFIG DEBUG: Reserving next ticket number...
2025-06-09 21:58:14 - PRINT - 🎫 CONFIG DEBUG: Current ticket counter value: 103
2025-06-09 21:58:14 - PRINT - 🎫 CONFIG DEBUG: Reserved ticket number: T0103
2025-06-09 21:58:14 - PRINT - 🎫 FORM DEBUG: Reserved ticket number: T0103
2025-06-09 21:58:14 - PRINT - 🎫 FORM DEBUG: New ticket number reserved after completion: T0103
2025-06-09 21:58:14 - PRINT - 🎫 FORM DEBUG: Form prepared for new ticket after completion - ticket: T0103
2025-06-09 21:58:14 - PRINT - 🎫 TICKET FLOW DEBUG: Generated next ticket number: T0103
2025-06-09 21:58:15 - PRINT - 🔥 Starting enhanced sync for 1 items
2025-06-09 21:58:15 - PRINT - 🔥 Starting ENHANCED FAST SYNC to FLUSH ALL 1 items from queue
2025-06-09 21:58:15 - PRINT - 🔥 ENHANCED FAST SYNC: FLUSHING ENTIRE QUEUE...
2025-06-09 21:58:15 - PRINT - 🚀 Enhanced sync started - will check if queue is empty in 30 seconds
2025-06-09 21:58:15 - PRINT - ⚡ Processing batch of 1 items with 5 parallel workers...
2025-06-09 21:58:15 - PRINT - ✅ Saved JSON record as Coastal/Eluru/2025-06-09/json_backups/Coastal/Eluru/T0102/20250609_215815.json
2025-06-09 21:58:15 - ERROR - 2025-06-09 21:58:15,550 - DataManager - INFO - Record T0102 successfully saved to cloud at Coastal/Eluru/T0102/20250609_215815.json
2025-06-09 21:58:15 - ERROR - 2025-06-09 21:58:15,552 - DataManager - INFO - No images found to upload for ticket T0102
2025-06-09 21:58:15 - PRINT - ✅ 1/1: T0102 (0/0 images)
2025-06-09 21:58:15 - PRINT - 🗑️ Batch removing 1 successful items from queue...
2025-06-09 21:58:15 - PRINT - 🗑️ Batch removed 1 items from queue (Queue size: 0)
2025-06-09 21:58:15 - PRINT - 📊 Batch complete: 1 synced, 0 failed, 0 remaining
2025-06-09 21:58:15 - PRINT - 📭 Queue is now empty - sync complete!
2025-06-09 21:58:15 - PRINT - 🔥 ENHANCED FAST SYNC COMPLETED in 0.32s:
2025-06-09 21:58:15 - PRINT -    ✅ Total Synced: 1 records
2025-06-09 21:58:15 - PRINT -    🖼️ Total Images: 0
2025-06-09 21:58:15 - PRINT -    ❌ Total Failed: 0
2025-06-09 21:58:15 - PRINT -    📋 Remaining: 0
2025-06-09 21:58:15 - PRINT -    📊 Average Speed: 3.1 records/sec
2025-06-09 21:58:15 - PRINT - 🎉 QUEUE FLUSHED! Successfully synced 1 records to cloud in 0.32s!
2025-06-09 21:58:15 - PRINT - 🏆 QUEUE IS NOW COMPLETELY EMPTY!
2025-06-09 21:58:15 - PRINT - 🏁 Enhanced fast sync process completed
2025-06-09 21:58:16 - ERROR - 2025-06-09 21:58:16,356 - DataManager - INFO - Successfully loaded 14 records from data\Coastal_Eluru_data.csv
2025-06-09 21:58:16 - ERROR - 2025-06-09 21:58:16,357 - DataManager - INFO - Returning all 14 records (no filter)
2025-06-09 21:58:16 - PRINT - 🚛 PENDING DEBUG: Refreshing pending vehicles list...
2025-06-09 21:58:16 - ERROR - 2025-06-09 21:58:16,360 - PendingVehiclesPanel - INFO - Refreshing pending vehicles list
2025-06-09 21:58:16 - ERROR - 2025-06-09 21:58:16,362 - DataManager - INFO - Successfully loaded 14 records from data\Coastal_Eluru_data.csv
2025-06-09 21:58:16 - PRINT - 🚛 PENDING DEBUG: Retrieved 14 total records
2025-06-09 21:58:16 - ERROR - 2025-06-09 21:58:16,364 - PendingVehiclesPanel - INFO - Retrieved 14 total records
2025-06-09 21:58:16 - PRINT - 🚛 PENDING DEBUG: Checking ticket T0031:
2025-06-09 21:58:16 - PRINT -    - first_weight: '32340.00' (has: True)
2025-06-09 21:58:16 - PRINT -    - first_timestamp: '03-06-2025 18:16:07' (has: True)
2025-06-09 21:58:16 - PRINT -    - second_weight: '14630.00' (has: True)
2025-06-09 21:58:16 - PRINT -    - second_timestamp: '03-06-2025 18:16:12' (has: True)
2025-06-09 21:58:16 - PRINT -    - has_first: True, missing_second: False
2025-06-09 21:58:16 - PRINT - 🚛 PENDING DEBUG: ⏭️  Skipped ticket T0031 - not pending
2025-06-09 21:58:16 - PRINT - 🚛 PENDING DEBUG: Checking ticket T0032:
2025-06-09 21:58:16 - PRINT -    - first_weight: '41900.00' (has: True)
2025-06-09 21:58:16 - PRINT -    - first_timestamp: '03-06-2025 18:40:02' (has: True)
2025-06-09 21:58:16 - PRINT -    - second_weight: '10350.00' (has: True)
2025-06-09 21:58:16 - PRINT -    - second_timestamp: '03-06-2025 18:40:19' (has: True)
2025-06-09 21:58:16 - PRINT -    - has_first: True, missing_second: False
2025-06-09 21:58:16 - PRINT - 🚛 PENDING DEBUG: ⏭️  Skipped ticket T0032 - not pending
2025-06-09 21:58:16 - PRINT - 🚛 PENDING DEBUG: Checking ticket T0033:
2025-06-09 21:58:16 - PRINT -    - first_weight: '21440.00' (has: True)
2025-06-09 21:58:16 - PRINT -    - first_timestamp: '03-06-2025 20:08:54' (has: True)
2025-06-09 21:58:16 - PRINT -    - second_weight: '8650.00' (has: True)
2025-06-09 21:58:16 - PRINT -    - second_timestamp: '03-06-2025 20:09:13' (has: True)
2025-06-09 21:58:16 - PRINT -    - has_first: True, missing_second: False
2025-06-09 21:58:16 - PRINT - 🚛 PENDING DEBUG: ⏭️  Skipped ticket T0033 - not pending
2025-06-09 21:58:16 - PRINT - 🚛 PENDING DEBUG: Checking ticket T0001:
2025-06-09 21:58:16 - PRINT -    - first_weight: '18310.00' (has: True)
2025-06-09 21:58:16 - PRINT -    - first_timestamp: '03-06-2025 20:11:03' (has: True)
2025-06-09 21:58:16 - PRINT -    - second_weight: '6050.00' (has: True)
2025-06-09 21:58:16 - PRINT -    - second_timestamp: '03-06-2025 20:12:07' (has: True)
2025-06-09 21:58:16 - PRINT -    - has_first: True, missing_second: False
2025-06-09 21:58:16 - PRINT - 🚛 PENDING DEBUG: ⏭️  Skipped ticket T0001 - not pending
2025-06-09 21:58:16 - PRINT - 🚛 PENDING DEBUG: Checking ticket T0002:
2025-06-09 21:58:16 - PRINT -    - first_weight: '15970.00' (has: True)
2025-06-09 21:58:16 - PRINT -    - first_timestamp: '03-06-2025 20:11:22' (has: True)
2025-06-09 21:58:16 - PRINT -    - second_weight: '5320.00' (has: True)
2025-06-09 21:58:16 - PRINT -    - second_timestamp: '03-06-2025 20:12:18' (has: True)
2025-06-09 21:58:16 - PRINT -    - has_first: True, missing_second: False
2025-06-09 21:58:16 - PRINT - 🚛 PENDING DEBUG: ⏭️  Skipped ticket T0002 - not pending
2025-06-09 21:58:16 - PRINT - 🚛 PENDING DEBUG: Checking ticket T0003:
2025-06-09 21:58:16 - PRINT -    - first_weight: '29910.00' (has: True)
2025-06-09 21:58:16 - PRINT -    - first_timestamp: '03-06-2025 20:11:44' (has: True)
2025-06-09 21:58:16 - PRINT -    - second_weight: '12080.00' (has: True)
2025-06-09 21:58:16 - PRINT -    - second_timestamp: '03-06-2025 20:11:54' (has: True)
2025-06-09 21:58:16 - PRINT -    - has_first: True, missing_second: False
2025-06-09 21:58:16 - PRINT - 🚛 PENDING DEBUG: ⏭️  Skipped ticket T0003 - not pending
2025-06-09 21:58:16 - PRINT - 🚛 PENDING DEBUG: Checking ticket T0004:
2025-06-09 21:58:16 - PRINT -    - first_weight: '16410.00' (has: True)
2025-06-09 21:58:16 - PRINT -    - first_timestamp: '03-06-2025 23:31:40' (has: True)
2025-06-09 21:58:16 - PRINT -    - second_weight: '12100.00' (has: True)
2025-06-09 21:58:16 - PRINT -    - second_timestamp: '03-06-2025 23:32:31' (has: True)
2025-06-09 21:58:16 - PRINT -    - has_first: True, missing_second: False
2025-06-09 21:58:16 - PRINT - 🚛 PENDING DEBUG: ⏭️  Skipped ticket T0004 - not pending
2025-06-09 21:58:16 - PRINT - 🚛 PENDING DEBUG: Checking ticket T0005:
2025-06-09 21:58:16 - PRINT -    - first_weight: '28940.00' (has: True)
2025-06-09 21:58:16 - PRINT -    - first_timestamp: '03-06-2025 23:31:54' (has: True)
2025-06-09 21:58:16 - PRINT -    - second_weight: '11150.00' (has: True)
2025-06-09 21:58:16 - PRINT -    - second_timestamp: '03-06-2025 23:32:43' (has: True)
2025-06-09 21:58:16 - PRINT -    - has_first: True, missing_second: False
2025-06-09 21:58:16 - PRINT - 🚛 PENDING DEBUG: ⏭️  Skipped ticket T0005 - not pending
2025-06-09 21:58:16 - PRINT - 🚛 PENDING DEBUG: Checking ticket T0006:
2025-06-09 21:58:16 - PRINT -    - first_weight: '18740.00' (has: True)
2025-06-09 21:58:16 - PRINT -    - first_timestamp: '03-06-2025 23:32:13' (has: True)
2025-06-09 21:58:16 - PRINT -    - second_weight: '8380.00' (has: True)
2025-06-09 21:58:16 - PRINT -    - second_timestamp: '03-06-2025 23:32:18' (has: True)
2025-06-09 21:58:16 - PRINT -    - has_first: True, missing_second: False
2025-06-09 21:58:16 - PRINT - 🚛 PENDING DEBUG: ⏭️  Skipped ticket T0006 - not pending
2025-06-09 21:58:16 - PRINT - 🚛 PENDING DEBUG: Checking ticket T0007:
2025-06-09 21:58:16 - PRINT -    - first_weight: '21910.00' (has: True)
2025-06-09 21:58:16 - PRINT -    - first_timestamp: '04-06-2025 00:24:28' (has: True)
2025-06-09 21:58:16 - PRINT -    - second_weight: '8430.00' (has: True)
2025-06-09 21:58:16 - PRINT -    - second_timestamp: '04-06-2025 00:26:14' (has: True)
2025-06-09 21:58:16 - PRINT -    - has_first: True, missing_second: False
2025-06-09 21:58:16 - PRINT - 🚛 PENDING DEBUG: ⏭️  Skipped ticket T0007 - not pending
2025-06-09 21:58:16 - PRINT - 🚛 PENDING DEBUG: Checking ticket T0008:
2025-06-09 21:58:16 - PRINT -    - first_weight: '21850.00' (has: True)
2025-06-09 21:58:16 - PRINT -    - first_timestamp: '04-06-2025 00:24:45' (has: True)
2025-06-09 21:58:16 - PRINT -    - second_weight: '10740.00' (has: True)
2025-06-09 21:58:16 - PRINT -    - second_timestamp: '04-06-2025 00:25:57' (has: True)
2025-06-09 21:58:16 - PRINT -    - has_first: True, missing_second: False
2025-06-09 21:58:16 - PRINT - 🚛 PENDING DEBUG: ⏭️  Skipped ticket T0008 - not pending
2025-06-09 21:58:16 - PRINT - 🚛 PENDING DEBUG: Checking ticket T0009:
2025-06-09 21:58:16 - PRINT -    - first_weight: '26090.00' (has: True)
2025-06-09 21:58:16 - PRINT -    - first_timestamp: '04-06-2025 00:25:02' (has: True)
2025-06-09 21:58:16 - PRINT -    - second_weight: '9330.00' (has: True)
2025-06-09 21:58:16 - PRINT -    - second_timestamp: '04-06-2025 00:25:16' (has: True)
2025-06-09 21:58:16 - PRINT -    - has_first: True, missing_second: False
2025-06-09 21:58:16 - PRINT - 🚛 PENDING DEBUG: ⏭️  Skipped ticket T0009 - not pending
2025-06-09 21:58:16 - PRINT - 🚛 PENDING DEBUG: Checking ticket T0101:
2025-06-09 21:58:16 - PRINT -    - first_weight: '31470.00' (has: True)
2025-06-09 21:58:16 - PRINT -    - first_timestamp: '09-06-2025 21:45:57' (has: True)
2025-06-09 21:58:16 - PRINT -    - second_weight: '9120.00' (has: True)
2025-06-09 21:58:16 - PRINT -    - second_timestamp: '09-06-2025 21:46:00' (has: True)
2025-06-09 21:58:16 - PRINT -    - has_first: True, missing_second: False
2025-06-09 21:58:16 - PRINT - 🚛 PENDING DEBUG: ⏭️  Skipped ticket T0101 - not pending
2025-06-09 21:58:16 - PRINT - 🚛 PENDING DEBUG: Checking ticket T0102:
2025-06-09 21:58:16 - PRINT -    - first_weight: '44160.00' (has: True)
2025-06-09 21:58:16 - PRINT -    - first_timestamp: '09-06-2025 21:58:02' (has: True)
2025-06-09 21:58:16 - PRINT -    - second_weight: '10000.00' (has: True)
2025-06-09 21:58:16 - PRINT -    - second_timestamp: '09-06-2025 21:58:05' (has: True)
2025-06-09 21:58:16 - PRINT -    - has_first: True, missing_second: False
2025-06-09 21:58:16 - PRINT - 🚛 PENDING DEBUG: ⏭️  Skipped ticket T0102 - not pending
2025-06-09 21:58:16 - PRINT - 🚛 PENDING DEBUG: Found 0 pending records
2025-06-09 21:58:16 - ERROR - 2025-06-09 21:58:16,470 - PendingVehiclesPanel - INFO - Found 0 pending records
2025-06-09 21:58:16 - PRINT - 🚛 PENDING DEBUG: ✅ Successfully refreshed pending list with 0 items
2025-06-09 21:58:16 - ERROR - 2025-06-09 21:58:16,471 - PendingVehiclesPanel - INFO - Successfully refreshed pending list with 0 items
2025-06-09 21:58:16 - PRINT - 🎫 TICKET FLOW DEBUG: Save operation completed successfully
2025-06-09 21:58:16 - ERROR - 2025-06-09 21:58:16,474 - TharuniApp - INFO - SAVE RECORD OPERATION COMPLETED SUCCESSFULLY WITH SMART TICKET FLOW
2025-06-09 21:58:16 - PRINT - 🎫 TICKET FLOW DEBUG: ==================================================
2025-06-09 21:58:16 - ERROR - 2025-06-09 21:58:16,478 - TharuniApp - INFO - ==================================================
2025-06-09 21:58:30 - PRINT - 🚛 PENDING DEBUG: Refreshing pending vehicles list...
2025-06-09 21:58:30 - ERROR - 2025-06-09 21:58:30,439 - PendingVehiclesPanel - INFO - Refreshing pending vehicles list
2025-06-09 21:58:30 - ERROR - 2025-06-09 21:58:30,445 - DataManager - INFO - Successfully loaded 14 records from data\Coastal_Eluru_data.csv
2025-06-09 21:58:30 - PRINT - 🚛 PENDING DEBUG: Retrieved 14 total records
2025-06-09 21:58:30 - ERROR - 2025-06-09 21:58:30,448 - PendingVehiclesPanel - INFO - Retrieved 14 total records
2025-06-09 21:58:30 - PRINT - 🚛 PENDING DEBUG: Checking ticket T0031:
2025-06-09 21:58:30 - PRINT -    - first_weight: '32340.00' (has: True)
2025-06-09 21:58:30 - PRINT -    - first_timestamp: '03-06-2025 18:16:07' (has: True)
2025-06-09 21:58:30 - PRINT -    - second_weight: '14630.00' (has: True)
2025-06-09 21:58:30 - PRINT -    - second_timestamp: '03-06-2025 18:16:12' (has: True)
2025-06-09 21:58:30 - PRINT -    - has_first: True, missing_second: False
2025-06-09 21:58:30 - PRINT - 🚛 PENDING DEBUG: ⏭️  Skipped ticket T0031 - not pending
2025-06-09 21:58:30 - PRINT - 🚛 PENDING DEBUG: Checking ticket T0032:
2025-06-09 21:58:30 - PRINT -    - first_weight: '41900.00' (has: True)
2025-06-09 21:58:30 - PRINT -    - first_timestamp: '03-06-2025 18:40:02' (has: True)
2025-06-09 21:58:30 - PRINT -    - second_weight: '10350.00' (has: True)
2025-06-09 21:58:30 - PRINT -    - second_timestamp: '03-06-2025 18:40:19' (has: True)
2025-06-09 21:58:30 - PRINT -    - has_first: True, missing_second: False
2025-06-09 21:58:30 - PRINT - 🚛 PENDING DEBUG: ⏭️  Skipped ticket T0032 - not pending
2025-06-09 21:58:30 - PRINT - 🚛 PENDING DEBUG: Checking ticket T0033:
2025-06-09 21:58:30 - PRINT -    - first_weight: '21440.00' (has: True)
2025-06-09 21:58:30 - PRINT -    - first_timestamp: '03-06-2025 20:08:54' (has: True)
2025-06-09 21:58:30 - PRINT -    - second_weight: '8650.00' (has: True)
2025-06-09 21:58:30 - PRINT -    - second_timestamp: '03-06-2025 20:09:13' (has: True)
2025-06-09 21:58:30 - PRINT -    - has_first: True, missing_second: False
2025-06-09 21:58:30 - PRINT - 🚛 PENDING DEBUG: ⏭️  Skipped ticket T0033 - not pending
2025-06-09 21:58:30 - PRINT - 🚛 PENDING DEBUG: Checking ticket T0001:
2025-06-09 21:58:30 - PRINT -    - first_weight: '18310.00' (has: True)
2025-06-09 21:58:30 - PRINT -    - first_timestamp: '03-06-2025 20:11:03' (has: True)
2025-06-09 21:58:30 - PRINT -    - second_weight: '6050.00' (has: True)
2025-06-09 21:58:30 - PRINT -    - second_timestamp: '03-06-2025 20:12:07' (has: True)
2025-06-09 21:58:30 - PRINT -    - has_first: True, missing_second: False
2025-06-09 21:58:30 - PRINT - 🚛 PENDING DEBUG: ⏭️  Skipped ticket T0001 - not pending
2025-06-09 21:58:30 - PRINT - 🚛 PENDING DEBUG: Checking ticket T0002:
2025-06-09 21:58:30 - PRINT -    - first_weight: '15970.00' (has: True)
2025-06-09 21:58:30 - PRINT -    - first_timestamp: '03-06-2025 20:11:22' (has: True)
2025-06-09 21:58:30 - PRINT -    - second_weight: '5320.00' (has: True)
2025-06-09 21:58:30 - PRINT -    - second_timestamp: '03-06-2025 20:12:18' (has: True)
2025-06-09 21:58:30 - PRINT -    - has_first: True, missing_second: False
2025-06-09 21:58:30 - PRINT - 🚛 PENDING DEBUG: ⏭️  Skipped ticket T0002 - not pending
2025-06-09 21:58:30 - PRINT - 🚛 PENDING DEBUG: Checking ticket T0003:
2025-06-09 21:58:30 - PRINT -    - first_weight: '29910.00' (has: True)
2025-06-09 21:58:30 - PRINT -    - first_timestamp: '03-06-2025 20:11:44' (has: True)
2025-06-09 21:58:30 - PRINT -    - second_weight: '12080.00' (has: True)
2025-06-09 21:58:30 - PRINT -    - second_timestamp: '03-06-2025 20:11:54' (has: True)
2025-06-09 21:58:30 - PRINT -    - has_first: True, missing_second: False
2025-06-09 21:58:30 - PRINT - 🚛 PENDING DEBUG: ⏭️  Skipped ticket T0003 - not pending
2025-06-09 21:58:30 - PRINT - 🚛 PENDING DEBUG: Checking ticket T0004:
2025-06-09 21:58:30 - PRINT -    - first_weight: '16410.00' (has: True)
2025-06-09 21:58:30 - PRINT -    - first_timestamp: '03-06-2025 23:31:40' (has: True)
2025-06-09 21:58:30 - PRINT -    - second_weight: '12100.00' (has: True)
2025-06-09 21:58:30 - PRINT -    - second_timestamp: '03-06-2025 23:32:31' (has: True)
2025-06-09 21:58:30 - PRINT -    - has_first: True, missing_second: False
2025-06-09 21:58:30 - PRINT - 🚛 PENDING DEBUG: ⏭️  Skipped ticket T0004 - not pending
2025-06-09 21:58:30 - PRINT - 🚛 PENDING DEBUG: Checking ticket T0005:
2025-06-09 21:58:30 - PRINT -    - first_weight: '28940.00' (has: True)
2025-06-09 21:58:30 - PRINT -    - first_timestamp: '03-06-2025 23:31:54' (has: True)
2025-06-09 21:58:30 - PRINT -    - second_weight: '11150.00' (has: True)
2025-06-09 21:58:30 - PRINT -    - second_timestamp: '03-06-2025 23:32:43' (has: True)
2025-06-09 21:58:30 - PRINT -    - has_first: True, missing_second: False
2025-06-09 21:58:30 - PRINT - 🚛 PENDING DEBUG: ⏭️  Skipped ticket T0005 - not pending
2025-06-09 21:58:30 - PRINT - 🚛 PENDING DEBUG: Checking ticket T0006:
2025-06-09 21:58:30 - PRINT -    - first_weight: '18740.00' (has: True)
2025-06-09 21:58:30 - PRINT -    - first_timestamp: '03-06-2025 23:32:13' (has: True)
2025-06-09 21:58:30 - PRINT -    - second_weight: '8380.00' (has: True)
2025-06-09 21:58:30 - PRINT -    - second_timestamp: '03-06-2025 23:32:18' (has: True)
2025-06-09 21:58:30 - PRINT -    - has_first: True, missing_second: False
2025-06-09 21:58:30 - PRINT - 🚛 PENDING DEBUG: ⏭️  Skipped ticket T0006 - not pending
2025-06-09 21:58:30 - PRINT - 🚛 PENDING DEBUG: Checking ticket T0007:
2025-06-09 21:58:30 - PRINT -    - first_weight: '21910.00' (has: True)
2025-06-09 21:58:30 - PRINT -    - first_timestamp: '04-06-2025 00:24:28' (has: True)
2025-06-09 21:58:30 - PRINT -    - second_weight: '8430.00' (has: True)
2025-06-09 21:58:30 - PRINT -    - second_timestamp: '04-06-2025 00:26:14' (has: True)
2025-06-09 21:58:30 - PRINT -    - has_first: True, missing_second: False
2025-06-09 21:58:30 - PRINT - 🚛 PENDING DEBUG: ⏭️  Skipped ticket T0007 - not pending
2025-06-09 21:58:30 - PRINT - 🚛 PENDING DEBUG: Checking ticket T0008:
2025-06-09 21:58:30 - PRINT -    - first_weight: '21850.00' (has: True)
2025-06-09 21:58:30 - PRINT -    - first_timestamp: '04-06-2025 00:24:45' (has: True)
2025-06-09 21:58:30 - PRINT -    - second_weight: '10740.00' (has: True)
2025-06-09 21:58:30 - PRINT -    - second_timestamp: '04-06-2025 00:25:57' (has: True)
2025-06-09 21:58:30 - PRINT -    - has_first: True, missing_second: False
2025-06-09 21:58:30 - PRINT - 🚛 PENDING DEBUG: ⏭️  Skipped ticket T0008 - not pending
2025-06-09 21:58:30 - PRINT - 🚛 PENDING DEBUG: Checking ticket T0009:
2025-06-09 21:58:30 - PRINT -    - first_weight: '26090.00' (has: True)
2025-06-09 21:58:30 - PRINT -    - first_timestamp: '04-06-2025 00:25:02' (has: True)
2025-06-09 21:58:30 - PRINT -    - second_weight: '9330.00' (has: True)
2025-06-09 21:58:30 - PRINT -    - second_timestamp: '04-06-2025 00:25:16' (has: True)
2025-06-09 21:58:30 - PRINT -    - has_first: True, missing_second: False
2025-06-09 21:58:30 - PRINT - 🚛 PENDING DEBUG: ⏭️  Skipped ticket T0009 - not pending
2025-06-09 21:58:30 - PRINT - 🚛 PENDING DEBUG: Checking ticket T0101:
2025-06-09 21:58:30 - PRINT -    - first_weight: '31470.00' (has: True)
2025-06-09 21:58:30 - PRINT -    - first_timestamp: '09-06-2025 21:45:57' (has: True)
2025-06-09 21:58:30 - PRINT -    - second_weight: '9120.00' (has: True)
2025-06-09 21:58:30 - PRINT -    - second_timestamp: '09-06-2025 21:46:00' (has: True)
2025-06-09 21:58:30 - PRINT -    - has_first: True, missing_second: False
2025-06-09 21:58:30 - PRINT - 🚛 PENDING DEBUG: ⏭️  Skipped ticket T0101 - not pending
2025-06-09 21:58:30 - PRINT - 🚛 PENDING DEBUG: Checking ticket T0102:
2025-06-09 21:58:30 - PRINT -    - first_weight: '44160.00' (has: True)
2025-06-09 21:58:30 - PRINT -    - first_timestamp: '09-06-2025 21:58:02' (has: True)
2025-06-09 21:58:30 - PRINT -    - second_weight: '10000.00' (has: True)
2025-06-09 21:58:30 - PRINT -    - second_timestamp: '09-06-2025 21:58:05' (has: True)
2025-06-09 21:58:30 - PRINT -    - has_first: True, missing_second: False
2025-06-09 21:58:30 - PRINT - 🚛 PENDING DEBUG: ⏭️  Skipped ticket T0102 - not pending
2025-06-09 21:58:30 - PRINT - 🚛 PENDING DEBUG: Found 0 pending records
2025-06-09 21:58:30 - ERROR - 2025-06-09 21:58:30,544 - PendingVehiclesPanel - INFO - Found 0 pending records
2025-06-09 21:58:30 - PRINT - 🚛 PENDING DEBUG: ✅ Successfully refreshed pending list with 0 items
2025-06-09 21:58:30 - ERROR - 2025-06-09 21:58:30,546 - PendingVehiclesPanel - INFO - Successfully refreshed pending list with 0 items
2025-06-09 21:58:30 - ERROR - 2025-06-09 21:58:30,548 - DataManager - INFO - Created new daily folder: data\reports\09-06
2025-06-09 21:58:45 - PRINT - 🏆 Queue is now empty - all items synced successfully!
2025-06-09 21:59:23 - PRINT - Saving settings on close...
2025-06-09 21:59:23 - PRINT - Saving weighbridge settings to: data\app_settings.json
2025-06-09 21:59:23 - PRINT - Settings to save: {'com_port': '', 'baud_rate': 2400, 'data_bits': 8, 'parity': 'Even', 'stop_bits': 1.0, 'test_mode': True}
2025-06-09 21:59:23 - PRINT - Weighbridge settings saved successfully
2025-06-09 21:59:23 - PRINT - Weighbridge settings with test mode saved successfully
2025-06-09 21:59:23 - PRINT - Saving camera settings: {'front_camera_type': 'USB', 'front_camera_index': 0, 'front_rtsp_username': '', 'front_rtsp_password': '', 'front_rtsp_ip': '', 'front_rtsp_port': '554', 'front_rtsp_endpoint': '/stream1', 'front_http_username': '', 'front_http_password': '', 'front_http_ip': '', 'front_http_port': '80', 'front_http_endpoint': '/mjpeg', 'back_camera_type': 'USB', 'back_camera_index': 1, 'back_rtsp_username': '', 'back_rtsp_password': '', 'back_rtsp_ip': '', 'back_rtsp_port': '554', 'back_rtsp_endpoint': '/stream1', 'back_http_username': '', 'back_http_password': '', 'back_http_ip': '', 'back_http_port': '80', 'back_http_endpoint': '/mjpeg'}
2025-06-09 21:59:23 - PRINT - Saving camera settings to: data\app_settings.json
2025-06-09 21:59:23 - PRINT - Camera settings to save: {'front_camera_type': 'USB', 'front_camera_index': 0, 'front_rtsp_username': '', 'front_rtsp_password': '', 'front_rtsp_ip': '', 'front_rtsp_port': '554', 'front_rtsp_endpoint': '/stream1', 'front_http_username': '', 'front_http_password': '', 'front_http_ip': '', 'front_http_port': '80', 'front_http_endpoint': '/mjpeg', 'back_camera_type': 'USB', 'back_camera_index': 1, 'back_rtsp_username': '', 'back_rtsp_password': '', 'back_rtsp_ip': '', 'back_rtsp_port': '554', 'back_rtsp_endpoint': '/stream1', 'back_http_username': '', 'back_http_password': '', 'back_http_ip': '', 'back_http_port': '80', 'back_http_endpoint': '/mjpeg'}
2025-06-09 21:59:23 - PRINT - Camera settings saved successfully
2025-06-09 21:59:23 - PRINT - Camera settings saved to file
2025-06-09 21:59:23 - ERROR - 2025-06-09 21:59:23,340 - TharuniApp - INFO - Updating camera settings: {'front_camera_type': 'USB', 'front_camera_index': 0, 'front_rtsp_username': '', 'front_rtsp_password': '', 'front_rtsp_ip': '', 'front_rtsp_port': '554', 'front_rtsp_endpoint': '/stream1', 'front_http_username': '', 'front_http_password': '', 'front_http_ip': '', 'front_http_port': '80', 'front_http_endpoint': '/mjpeg', 'back_camera_type': 'USB', 'back_camera_index': 1, 'back_rtsp_username': '', 'back_rtsp_password': '', 'back_rtsp_ip': '', 'back_rtsp_port': '554', 'back_rtsp_endpoint': '/stream1', 'back_http_username': '', 'back_http_password': '', 'back_http_ip': '', 'back_http_port': '80', 'back_http_endpoint': '/mjpeg'}
2025-06-09 21:59:23 - PRINT - Updating robust camera settings: {'front_camera_type': 'USB', 'front_camera_index': 0, 'front_rtsp_username': '', 'front_rtsp_password': '', 'front_rtsp_ip': '', 'front_rtsp_port': '554', 'front_rtsp_endpoint': '/stream1', 'front_http_username': '', 'front_http_password': '', 'front_http_ip': '', 'front_http_port': '80', 'front_http_endpoint': '/mjpeg', 'back_camera_type': 'USB', 'back_camera_index': 1, 'back_rtsp_username': '', 'back_rtsp_password': '', 'back_rtsp_ip': '', 'back_rtsp_port': '554', 'back_rtsp_endpoint': '/stream1', 'back_http_username': '', 'back_http_password': '', 'back_http_ip': '', 'back_http_port': '80', 'back_http_endpoint': '/mjpeg'}
2025-06-09 21:59:23 - PRINT - Camera settings updated for robust feed system
2025-06-09 21:59:23 - PRINT - Saving camera settings to: data\app_settings.json
2025-06-09 21:59:23 - PRINT - Camera settings to save: {'front_camera_type': 'USB', 'front_camera_index': 0, 'front_rtsp_username': '', 'front_rtsp_password': '', 'front_rtsp_ip': '', 'front_rtsp_port': '554', 'front_rtsp_endpoint': '/stream1', 'front_http_username': '', 'front_http_password': '', 'front_http_ip': '', 'front_http_port': '80', 'front_http_endpoint': '/mjpeg', 'back_camera_type': 'USB', 'back_camera_index': 1, 'back_rtsp_username': '', 'back_rtsp_password': '', 'back_rtsp_ip': '', 'back_rtsp_port': '554', 'back_rtsp_endpoint': '/stream1', 'back_http_username': '', 'back_http_password': '', 'back_http_ip': '', 'back_http_port': '80', 'back_http_endpoint': '/mjpeg'}
2025-06-09 21:59:23 - PRINT - Camera settings saved successfully
2025-06-09 21:59:23 - ERROR - 2025-06-09 21:59:23,351 - TharuniApp - INFO - Camera settings saved for persistence
2025-06-09 21:59:23 - PRINT - Disconnected from weighbridge
2025-06-09 21:59:23 - PRINT - Settings saved on close
2025-06-09 21:59:25 - PRINT - 📋 Unified logging initialized:
2025-06-09 21:59:25 - PRINT -    📄 Combined log: logs\combined_combined_2025-06-09.log
2025-06-09 21:59:25 - PRINT -    🖨️  Print log: logs\combined_prints_2025-06-09.log
2025-06-09 21:59:25 - PRINT -    📱 App log: logs\combined_app_2025-06-09.log
2025-06-09 21:59:25 - ERROR - 2025-06-09 21:59:25,670 - TharuniApp - INFO - ============================================================
2025-06-09 21:59:25 - ERROR - 2025-06-09 21:59:25,671 - TharuniApp - INFO - APPLICATION STARTUP
2025-06-09 21:59:25 - ERROR - 2025-06-09 21:59:25,672 - TharuniApp - INFO - ============================================================
2025-06-09 21:59:25 - PRINT - 📁 Unified folder structure initialized:
2025-06-09 21:59:25 - PRINT -    • Data: data
2025-06-09 21:59:25 - PRINT -    • Images: data\images
2025-06-09 21:59:25 - PRINT -    • Reports: data\reports
2025-06-09 21:59:25 - PRINT -    • JSON Backups: data\json_backups
2025-06-09 21:59:25 - PRINT - 🔒 OFFLINE-FIRST MODE ENABLED
2025-06-09 21:59:25 - PRINT -    • Records and PDFs saved locally first
2025-06-09 21:59:25 - PRINT -    • JSON backups created for complete records
2025-06-09 21:59:25 - PRINT -    • Cloud backup available via Settings > Backup
2025-06-09 21:59:25 - PRINT -    • No internet connection delays during regular saves
2025-06-09 21:59:25 - PRINT -    • Today's reports folder: data\reports\2025-06-09
2025-06-09 21:59:25 - PRINT -    • Today's JSON backups folder: data\json_backups\2025-06-09
2025-06-09 21:59:25 - PRINT -    • Auto cleanup: Keep 10 days, check every 1 day(s)
2025-06-09 21:59:25 - ERROR - 2025-06-09 21:59:25,690 - TharuniApp - INFO - Configuration setup completed
2025-06-09 21:59:25 - ERROR - 2025-06-09 21:59:25,692 - DataManager - INFO - DataManager initialized with OFFLINE-FIRST approach + JSON local storage
2025-06-09 21:59:25 - ERROR - 2025-06-09 21:59:25,694 - DataManager - INFO - CSV structure is up to date
2025-06-09 21:59:25 - ERROR - 2025-06-09 21:59:25,696 - DataManager - INFO - Daily PDF folder structure ready:
2025-06-09 21:59:25 - ERROR - 2025-06-09 21:59:25,698 - DataManager - INFO -   Base reports folder: data\reports
2025-06-09 21:59:25 - ERROR - 2025-06-09 21:59:25,700 - DataManager - INFO -   Today's folder: data\reports\2025-06-09
2025-06-09 21:59:25 - ERROR - 2025-06-09 21:59:25,702 - DataManager - INFO - Data file: data\weighbridge_data.csv
2025-06-09 21:59:25 - ERROR - 2025-06-09 21:59:25,703 - DataManager - INFO - Reports folder: data\reports
2025-06-09 21:59:25 - ERROR - 2025-06-09 21:59:25,704 - DataManager - INFO - JSON backup folder: data\json_backups
2025-06-09 21:59:25 - ERROR - 2025-06-09 21:59:25,705 - DataManager - INFO - PDF folder: data\reports\2025-06-09
2025-06-09 21:59:25 - ERROR - 2025-06-09 21:59:25,706 - DataManager - INFO - Cloud storage will only be initialized when backup is requested
2025-06-09 21:59:25 - ERROR - 2025-06-09 21:59:25,707 - TharuniApp - INFO - Data manager initialized
2025-06-09 21:59:25 - ERROR - 2025-06-09 21:59:25,711 - TharuniApp - INFO - Settings storage initialized
2025-06-09 21:59:25 - PRINT - Reading weighbridge settings from: data\app_settings.json
2025-06-09 21:59:25 - PRINT - Loaded weighbridge settings: {'com_port': '', 'baud_rate': 2400, 'data_bits': 8, 'parity': 'Even', 'stop_bits': 1.0, 'test_mode': True}
2025-06-09 21:59:25 - PRINT - Reading camera settings from: data\app_settings.json
2025-06-09 21:59:25 - PRINT - Loaded camera settings: {'front_camera_type': 'USB', 'front_camera_index': 0, 'front_rtsp_username': '', 'front_rtsp_password': '', 'front_rtsp_ip': '', 'front_rtsp_port': '554', 'front_rtsp_endpoint': '/stream1', 'front_http_username': '', 'front_http_password': '', 'front_http_ip': '', 'front_http_port': '80', 'front_http_endpoint': '/mjpeg', 'back_camera_type': 'USB', 'back_camera_index': 1, 'back_rtsp_username': '', 'back_rtsp_password': '', 'back_rtsp_ip': '', 'back_rtsp_port': '554', 'back_rtsp_endpoint': '/stream1', 'back_http_username': '', 'back_http_password': '', 'back_http_ip': '', 'back_http_port': '80', 'back_http_endpoint': '/mjpeg'}
2025-06-09 21:59:25 - PRINT - Settings integrity check passed
2025-06-09 21:59:25 - ERROR - 2025-06-09 21:59:25,720 - TharuniApp - INFO - UI styles initialized
2025-06-09 21:59:25 - ERROR - 2025-06-09 21:59:25,721 - TharuniApp - INFO - Starting user authentication
2025-06-09 21:59:27 - ERROR - 2025-06-09 21:59:27,804 - TharuniApp - INFO - Authentication canceled - exiting application
2025-06-09 21:59:27 - ERROR - 2025-06-09 21:59:27,806 - TharuniApp - INFO - User authentication failed or canceled - exiting
2025-06-09 21:59:50 - PRINT - 📋 Unified logging initialized:
2025-06-09 21:59:50 - PRINT -    📄 Combined log: logs\combined_combined_2025-06-09.log
2025-06-09 21:59:50 - PRINT -    🖨️  Print log: logs\combined_prints_2025-06-09.log
2025-06-09 21:59:50 - PRINT -    📱 App log: logs\combined_app_2025-06-09.log
2025-06-09 21:59:50 - ERROR - 2025-06-09 21:59:50,222 - TharuniApp - INFO - ============================================================
2025-06-09 21:59:50 - ERROR - 2025-06-09 21:59:50,223 - TharuniApp - INFO - APPLICATION STARTUP
2025-06-09 21:59:50 - ERROR - 2025-06-09 21:59:50,225 - TharuniApp - INFO - ============================================================
2025-06-09 21:59:50 - PRINT - 📁 Unified folder structure initialized:
2025-06-09 21:59:50 - PRINT -    • Data: data
2025-06-09 21:59:50 - PRINT -    • Images: data\images
2025-06-09 21:59:50 - PRINT -    • Reports: data\reports
2025-06-09 21:59:50 - PRINT -    • JSON Backups: data\json_backups
2025-06-09 21:59:50 - PRINT - 🔒 OFFLINE-FIRST MODE ENABLED
2025-06-09 21:59:50 - PRINT -    • Records and PDFs saved locally first
2025-06-09 21:59:50 - PRINT -    • JSON backups created for complete records
2025-06-09 21:59:50 - PRINT -    • Cloud backup available via Settings > Backup
2025-06-09 21:59:50 - PRINT -    • No internet connection delays during regular saves
2025-06-09 21:59:50 - PRINT -    • Today's reports folder: data\reports\2025-06-09
2025-06-09 21:59:50 - PRINT -    • Today's JSON backups folder: data\json_backups\2025-06-09
2025-06-09 21:59:50 - PRINT -    • Auto cleanup: Keep 10 days, check every 1 day(s)
2025-06-09 21:59:50 - ERROR - 2025-06-09 21:59:50,241 - TharuniApp - INFO - Configuration setup completed
2025-06-09 21:59:50 - ERROR - 2025-06-09 21:59:50,243 - DataManager - INFO - DataManager initialized with OFFLINE-FIRST approach + JSON local storage
2025-06-09 21:59:50 - ERROR - 2025-06-09 21:59:50,244 - DataManager - INFO - CSV structure is up to date
2025-06-09 21:59:50 - ERROR - 2025-06-09 21:59:50,245 - DataManager - INFO - Daily PDF folder structure ready:
2025-06-09 21:59:50 - ERROR - 2025-06-09 21:59:50,246 - DataManager - INFO -   Base reports folder: data\reports
2025-06-09 21:59:50 - ERROR - 2025-06-09 21:59:50,247 - DataManager - INFO -   Today's folder: data\reports\2025-06-09
2025-06-09 21:59:50 - ERROR - 2025-06-09 21:59:50,249 - DataManager - INFO - Data file: data\weighbridge_data.csv
2025-06-09 21:59:50 - ERROR - 2025-06-09 21:59:50,250 - DataManager - INFO - Reports folder: data\reports
2025-06-09 21:59:50 - ERROR - 2025-06-09 21:59:50,250 - DataManager - INFO - JSON backup folder: data\json_backups
2025-06-09 21:59:50 - ERROR - 2025-06-09 21:59:50,251 - DataManager - INFO - PDF folder: data\reports\2025-06-09
2025-06-09 21:59:50 - ERROR - 2025-06-09 21:59:50,252 - DataManager - INFO - Cloud storage will only be initialized when backup is requested
2025-06-09 21:59:50 - ERROR - 2025-06-09 21:59:50,253 - TharuniApp - INFO - Data manager initialized
2025-06-09 21:59:50 - ERROR - 2025-06-09 21:59:50,256 - TharuniApp - INFO - Settings storage initialized
2025-06-09 21:59:50 - PRINT - Reading weighbridge settings from: data\app_settings.json
2025-06-09 21:59:50 - PRINT - Loaded weighbridge settings: {'com_port': '', 'baud_rate': 2400, 'data_bits': 8, 'parity': 'Even', 'stop_bits': 1.0, 'test_mode': True}
2025-06-09 21:59:50 - PRINT - Reading camera settings from: data\app_settings.json
2025-06-09 21:59:50 - PRINT - Loaded camera settings: {'front_camera_type': 'USB', 'front_camera_index': 0, 'front_rtsp_username': '', 'front_rtsp_password': '', 'front_rtsp_ip': '', 'front_rtsp_port': '554', 'front_rtsp_endpoint': '/stream1', 'front_http_username': '', 'front_http_password': '', 'front_http_ip': '', 'front_http_port': '80', 'front_http_endpoint': '/mjpeg', 'back_camera_type': 'USB', 'back_camera_index': 1, 'back_rtsp_username': '', 'back_rtsp_password': '', 'back_rtsp_ip': '', 'back_rtsp_port': '554', 'back_rtsp_endpoint': '/stream1', 'back_http_username': '', 'back_http_password': '', 'back_http_ip': '', 'back_http_port': '80', 'back_http_endpoint': '/mjpeg'}
2025-06-09 21:59:50 - PRINT - Settings integrity check passed
2025-06-09 21:59:50 - ERROR - 2025-06-09 21:59:50,264 - TharuniApp - INFO - UI styles initialized
2025-06-09 21:59:50 - ERROR - 2025-06-09 21:59:50,266 - TharuniApp - INFO - Starting user authentication
2025-06-09 21:59:53 - ERROR - 2025-06-09 21:59:53,375 - TharuniApp - INFO - Authentication canceled - exiting application
2025-06-09 21:59:53 - ERROR - 2025-06-09 21:59:53,377 - TharuniApp - INFO - User authentication failed or canceled - exiting
