2025-06-03 00:03:55,825 - TharuniApp - INFO - ============================================================
2025-06-03 00:03:55,825 - TharuniApp - INFO - APPLICATION STARTUP
2025-06-03 00:03:55,826 - TharuniApp - INFO - ============================================================
2025-06-03 00:03:55,829 - TharuniApp - INFO - Configuration setup completed
2025-06-03 00:03:55,830 - DataManager - INFO - DataManager initialized with OFFLINE-FIRST approach + JSON local storage
2025-06-03 00:03:55,831 - DataManager - INFO - CSV structure is up to date
2025-06-03 00:03:55,831 - DataManager - INFO - Daily PDF folder structure ready:
2025-06-03 00:03:55,834 - DataManager - INFO -   Base reports folder: data\reports
2025-06-03 00:03:55,834 - DataManager - INFO -   Today's folder: data\reports\2025-06-03
2025-06-03 00:03:55,835 - DataManager - INFO - Data file: data\weighbridge_data.csv
2025-06-03 00:03:55,835 - DataManager - INFO - Reports folder: data\reports
2025-06-03 00:03:55,835 - DataManager - INFO - JSON backup folder: data\json_backups
2025-06-03 00:03:55,836 - DataManager - INFO - PDF folder: data\reports\2025-06-03
2025-06-03 00:03:55,836 - DataManager - INFO - Cloud storage will only be initialized when backup is requested
2025-06-03 00:03:55,836 - TharuniApp - INFO - Data manager initialized
2025-06-03 00:03:55,838 - TharuniApp - INFO - Settings storage initialized
2025-06-03 00:03:55,841 - TharuniApp - INFO - UI styles initialized
2025-06-03 00:03:55,841 - TharuniApp - INFO - Starting user authentication
2025-06-03 00:04:07,071 - TharuniApp - INFO - Authentication successful: admin
2025-06-03 00:04:07,071 - TharuniApp - INFO - User logged in: admin (Role: admin)
2025-06-03 00:04:07,072 - TharuniApp - INFO - Setting up data context
2025-06-03 00:04:07,073 - DataManager - INFO - CSV structure is up to date
2025-06-03 00:04:07,073 - DataManager - INFO - Data context set to: Agency='Tharuni', Site='Guntur'
2025-06-03 00:04:07,074 - DataManager - INFO - Data file: data\Tharuni_Guntur_data.csv
2025-06-03 00:04:07,074 - TharuniApp - INFO - Data context initialized: Agency='Tharuni', Site='Guntur'
2025-06-03 00:04:07,075 - TharuniApp - INFO - Data will be saved to: data\Tharuni_Guntur_data.csv
2025-06-03 00:04:07,075 - TharuniApp - INFO - PDFs will be saved to: data\reports\2025-06-03
2025-06-03 00:04:07,075 - TharuniApp - INFO - Creating application widgets
2025-06-03 00:04:07,082 - TharuniApp - INFO - Creating main panel
2025-06-03 00:04:07,088 - FormValidator - INFO - FormValidator initialized
2025-06-03 00:04:07,095 - DataManager - INFO - Successfully loaded 0 records from data\Tharuni_Guntur_data.csv
2025-06-03 00:04:07,704 - DataManager - INFO - Successfully loaded 0 records from data\Tharuni_Guntur_data.csv
2025-06-03 00:04:07,705 - TharuniApp - INFO - Main form created
2025-06-03 00:04:07,707 - DataManager - INFO - CSV structure is up to date
2025-06-03 00:04:07,707 - DataManager - INFO - Data context set to: Agency='Tharuni', Site='Guntur'
2025-06-03 00:04:07,708 - DataManager - INFO - Data file: data\Tharuni_Guntur_data.csv
2025-06-03 00:04:07,708 - DataManager - INFO - CSV structure is up to date
2025-06-03 00:04:07,709 - DataManager - INFO - Data context set to: Agency='Tharuni', Site='Guntur'
2025-06-03 00:04:07,709 - DataManager - INFO - Data file: data\Tharuni_Guntur_data.csv
2025-06-03 00:04:07,710 - DataManager - INFO - CSV structure is up to date
2025-06-03 00:04:07,710 - DataManager - INFO - Data context set to: Agency='Tharuni', Site='Guntur'
2025-06-03 00:04:07,711 - DataManager - INFO - Data file: data\Tharuni_Guntur_data.csv
2025-06-03 00:04:07,711 - PendingVehiclesPanel - INFO - PendingVehiclesPanel initialized
2025-06-03 00:04:07,720 - PendingVehiclesPanel - INFO - Refreshing pending vehicles list
2025-06-03 00:04:07,721 - DataManager - INFO - Successfully loaded 0 records from data\Tharuni_Guntur_data.csv
2025-06-03 00:04:07,721 - PendingVehiclesPanel - INFO - Retrieved 0 total records
2025-06-03 00:04:07,722 - PendingVehiclesPanel - INFO - Found 0 pending records
2025-06-03 00:04:07,722 - PendingVehiclesPanel - INFO - Successfully refreshed pending list with 0 items
2025-06-03 00:04:07,723 - TharuniApp - INFO - Pending vehicles panel created
2025-06-03 00:04:07,924 - TharuniApp - INFO - Main panel creation completed
2025-06-03 00:04:07,931 - TharuniApp - INFO - Summary panel created
2025-06-03 00:04:08,155 - TharuniApp - INFO - ✅ Data manager reference set in settings panel
2025-06-03 00:04:08,155 - TharuniApp - INFO - Widget creation completed successfully
2025-06-03 00:04:08,156 - PendingVehiclesPanel - INFO - Refreshing pending vehicles list
2025-06-03 00:04:08,157 - DataManager - INFO - Successfully loaded 0 records from data\Tharuni_Guntur_data.csv
2025-06-03 00:04:08,157 - PendingVehiclesPanel - INFO - Retrieved 0 total records
2025-06-03 00:04:08,158 - PendingVehiclesPanel - INFO - Found 0 pending records
2025-06-03 00:04:08,158 - PendingVehiclesPanel - INFO - Successfully refreshed pending list with 0 items
2025-06-03 00:04:08,159 - DataManager - INFO - Created new daily folder: data\reports\03-06
2025-06-03 00:04:08,159 - TharuniApp - INFO - Application initialization completed successfully
2025-06-03 00:04:09,155 - TharuniApp - INFO - Ensuring settings persistence...
2025-06-03 00:04:09,158 - TharuniApp - INFO - Settings persistence check completed
2025-06-03 00:05:06,324 - TharuniApp - INFO - Application closing - saving settings...
2025-06-03 00:05:06,331 - TharuniApp - INFO - Updating camera settings: {'front_camera_type': 'USB', 'front_camera_index': 0, 'front_rtsp_username': '', 'front_rtsp_password': '', 'front_rtsp_ip': '', 'front_rtsp_port': '554', 'front_rtsp_endpoint': '/stream1', 'front_http_username': '', 'front_http_password': '', 'front_http_ip': '', 'front_http_port': '80', 'front_http_endpoint': '/mjpeg', 'back_camera_type': 'USB', 'back_camera_index': 1, 'back_rtsp_username': '', 'back_rtsp_password': '', 'back_rtsp_ip': '', 'back_rtsp_port': '554', 'back_rtsp_endpoint': '/stream1', 'back_http_username': '', 'back_http_password': '', 'back_http_ip': '', 'back_http_port': '80', 'back_http_endpoint': '/mjpeg'}
2025-06-03 00:05:10,512 - TharuniApp - INFO - Camera settings saved for persistence
2025-06-03 00:05:12,573 - PendingVehiclesPanel - INFO - Refreshing pending vehicles list
2025-06-03 00:05:12,573 - DataManager - INFO - Successfully loaded 0 records from data\Tharuni_Guntur_data.csv
2025-06-03 00:05:12,573 - PendingVehiclesPanel - INFO - Retrieved 0 total records
2025-06-03 00:05:12,574 - PendingVehiclesPanel - INFO - Found 0 pending records
2025-06-03 00:05:12,574 - PendingVehiclesPanel - INFO - Successfully refreshed pending list with 0 items
2025-06-03 00:05:12,591 - TharuniApp - INFO - Application closing - saving settings...
2025-06-03 00:05:12,600 - TharuniApp - INFO - Updating camera settings: {'front_camera_type': 'USB', 'front_camera_index': 0, 'front_rtsp_username': '', 'front_rtsp_password': '', 'front_rtsp_ip': '', 'front_rtsp_port': '554', 'front_rtsp_endpoint': '/stream1', 'front_http_username': '', 'front_http_password': '', 'front_http_ip': '', 'front_http_port': '80', 'front_http_endpoint': '/mjpeg', 'back_camera_type': 'USB', 'back_camera_index': 1, 'back_rtsp_username': '', 'back_rtsp_password': '', 'back_rtsp_ip': '', 'back_rtsp_port': '554', 'back_rtsp_endpoint': '/stream1', 'back_http_username': '', 'back_http_password': '', 'back_http_ip': '', 'back_http_port': '80', 'back_http_endpoint': '/mjpeg'}
2025-06-03 00:05:12,604 - TharuniApp - INFO - Camera settings saved for persistence
2025-06-03 00:05:12,606 - TharuniApp - INFO - ============================================================
2025-06-03 00:05:12,607 - TharuniApp - INFO - APPLICATION SHUTDOWN COMPLETED
2025-06-03 00:05:12,607 - TharuniApp - INFO - ============================================================
2025-06-03 00:07:55,419 - TharuniApp - INFO - ============================================================
2025-06-03 00:07:55,419 - TharuniApp - INFO - APPLICATION STARTUP
2025-06-03 00:07:55,419 - TharuniApp - INFO - ============================================================
2025-06-03 00:07:55,423 - TharuniApp - INFO - Configuration setup completed
2025-06-03 00:07:55,424 - DataManager - INFO - DataManager initialized with OFFLINE-FIRST approach + JSON local storage
2025-06-03 00:07:55,425 - DataManager - INFO - CSV structure is up to date
2025-06-03 00:07:55,426 - DataManager - INFO - Daily PDF folder structure ready:
2025-06-03 00:07:55,427 - DataManager - INFO -   Base reports folder: data\reports
2025-06-03 00:07:55,427 - DataManager - INFO -   Today's folder: data\reports\2025-06-03
2025-06-03 00:07:55,428 - DataManager - INFO - Data file: data\weighbridge_data.csv
2025-06-03 00:07:55,428 - DataManager - INFO - Reports folder: data\reports
2025-06-03 00:07:55,429 - DataManager - INFO - JSON backup folder: data\json_backups
2025-06-03 00:07:55,429 - DataManager - INFO - PDF folder: data\reports\2025-06-03
2025-06-03 00:07:55,429 - DataManager - INFO - Cloud storage will only be initialized when backup is requested
2025-06-03 00:07:55,430 - TharuniApp - INFO - Data manager initialized
2025-06-03 00:07:55,432 - TharuniApp - INFO - Settings storage initialized
2025-06-03 00:07:55,435 - TharuniApp - INFO - UI styles initialized
2025-06-03 00:07:55,435 - TharuniApp - INFO - Starting user authentication
2025-06-03 00:07:58,306 - TharuniApp - INFO - Authentication successful: admin
2025-06-03 00:07:58,306 - TharuniApp - INFO - User logged in: admin (Role: admin)
2025-06-03 00:07:58,307 - TharuniApp - INFO - Setting up data context
2025-06-03 00:07:58,307 - DataManager - INFO - CSV structure is up to date
2025-06-03 00:07:58,308 - DataManager - INFO - Data context set to: Agency='Tharuni', Site='Guntur'
2025-06-03 00:07:58,308 - DataManager - INFO - Data file: data\Tharuni_Guntur_data.csv
2025-06-03 00:07:58,308 - TharuniApp - INFO - Data context initialized: Agency='Tharuni', Site='Guntur'
2025-06-03 00:07:58,308 - TharuniApp - INFO - Data will be saved to: data\Tharuni_Guntur_data.csv
2025-06-03 00:07:58,309 - TharuniApp - INFO - PDFs will be saved to: data\reports\2025-06-03
2025-06-03 00:07:58,309 - TharuniApp - INFO - Creating application widgets
2025-06-03 00:07:58,316 - TharuniApp - INFO - Creating main panel
2025-06-03 00:07:58,320 - FormValidator - INFO - FormValidator initialized
2025-06-03 00:07:58,330 - DataManager - INFO - Successfully loaded 0 records from data\Tharuni_Guntur_data.csv
2025-06-03 00:07:58,660 - TharuniApp - ERROR - Error creating main panel: type object 'RobustCameraView' has no attribute 'detect_available_cameras'
2025-06-03 00:07:58,660 - TharuniApp - ERROR - Error creating widgets: type object 'RobustCameraView' has no attribute 'detect_available_cameras'
2025-06-03 00:07:58,660 - TharuniApp - ERROR - Critical error during application initialization: type object 'RobustCameraView' has no attribute 'detect_available_cameras'
2025-06-03 00:17:44,155 - TharuniApp - INFO - ============================================================
2025-06-03 00:17:44,156 - TharuniApp - INFO - APPLICATION STARTUP
2025-06-03 00:17:44,156 - TharuniApp - INFO - ============================================================
2025-06-03 00:17:44,162 - TharuniApp - INFO - Configuration setup completed
2025-06-03 00:17:44,164 - DataManager - INFO - DataManager initialized with OFFLINE-FIRST approach + JSON local storage
2025-06-03 00:17:44,165 - DataManager - INFO - CSV structure is up to date
2025-06-03 00:17:44,166 - DataManager - INFO - Daily PDF folder structure ready:
2025-06-03 00:17:44,167 - DataManager - INFO -   Base reports folder: data\reports
2025-06-03 00:17:44,167 - DataManager - INFO -   Today's folder: data\reports\2025-06-03
2025-06-03 00:17:44,168 - DataManager - INFO - Data file: data\weighbridge_data.csv
2025-06-03 00:17:44,169 - DataManager - INFO - Reports folder: data\reports
2025-06-03 00:17:44,169 - DataManager - INFO - JSON backup folder: data\json_backups
2025-06-03 00:17:44,169 - DataManager - INFO - PDF folder: data\reports\2025-06-03
2025-06-03 00:17:44,170 - DataManager - INFO - Cloud storage will only be initialized when backup is requested
2025-06-03 00:17:44,170 - TharuniApp - INFO - Data manager initialized
2025-06-03 00:17:44,174 - TharuniApp - INFO - Settings storage initialized
2025-06-03 00:17:44,178 - TharuniApp - INFO - UI styles initialized
2025-06-03 00:17:44,179 - TharuniApp - INFO - Starting user authentication
2025-06-03 00:17:47,579 - TharuniApp - INFO - Authentication successful: admin
2025-06-03 00:17:47,579 - TharuniApp - INFO - User logged in: admin (Role: admin)
2025-06-03 00:17:47,580 - TharuniApp - INFO - Setting up data context
2025-06-03 00:17:47,581 - DataManager - INFO - CSV structure is up to date
2025-06-03 00:17:47,583 - DataManager - INFO - Data context set to: Agency='Tharuni', Site='Guntur'
2025-06-03 00:17:47,583 - DataManager - INFO - Data file: data\Tharuni_Guntur_data.csv
2025-06-03 00:17:47,583 - TharuniApp - INFO - Data context initialized: Agency='Tharuni', Site='Guntur'
2025-06-03 00:17:47,584 - TharuniApp - INFO - Data will be saved to: data\Tharuni_Guntur_data.csv
2025-06-03 00:17:47,584 - TharuniApp - INFO - PDFs will be saved to: data\reports\2025-06-03
2025-06-03 00:17:47,584 - TharuniApp - INFO - Creating application widgets
2025-06-03 00:17:47,594 - TharuniApp - INFO - Creating main panel
2025-06-03 00:17:47,601 - FormValidator - INFO - FormValidator initialized
2025-06-03 00:17:47,608 - DataManager - INFO - Successfully loaded 0 records from data\Tharuni_Guntur_data.csv
2025-06-03 00:17:48,086 - TharuniApp - ERROR - Error creating main panel: type object 'RobustCameraView' has no attribute 'detect_available_cameras'
2025-06-03 00:17:48,087 - TharuniApp - ERROR - Error creating widgets: type object 'RobustCameraView' has no attribute 'detect_available_cameras'
2025-06-03 00:17:48,087 - TharuniApp - ERROR - Critical error during application initialization: type object 'RobustCameraView' has no attribute 'detect_available_cameras'
2025-06-03 00:18:32,369 - TharuniApp - INFO - ============================================================
2025-06-03 00:18:32,369 - TharuniApp - INFO - APPLICATION STARTUP
2025-06-03 00:18:32,370 - TharuniApp - INFO - ============================================================
2025-06-03 00:18:32,373 - TharuniApp - INFO - Configuration setup completed
2025-06-03 00:18:32,374 - DataManager - INFO - DataManager initialized with OFFLINE-FIRST approach + JSON local storage
2025-06-03 00:18:32,374 - DataManager - INFO - CSV structure is up to date
2025-06-03 00:18:32,375 - DataManager - INFO - Daily PDF folder structure ready:
2025-06-03 00:18:32,375 - DataManager - INFO -   Base reports folder: data\reports
2025-06-03 00:18:32,375 - DataManager - INFO -   Today's folder: data\reports\2025-06-03
2025-06-03 00:18:32,376 - DataManager - INFO - Data file: data\weighbridge_data.csv
2025-06-03 00:18:32,376 - DataManager - INFO - Reports folder: data\reports
2025-06-03 00:18:32,377 - DataManager - INFO - JSON backup folder: data\json_backups
2025-06-03 00:18:32,377 - DataManager - INFO - PDF folder: data\reports\2025-06-03
2025-06-03 00:18:32,377 - DataManager - INFO - Cloud storage will only be initialized when backup is requested
2025-06-03 00:18:32,377 - TharuniApp - INFO - Data manager initialized
2025-06-03 00:18:32,379 - TharuniApp - INFO - Settings storage initialized
2025-06-03 00:18:32,382 - TharuniApp - INFO - UI styles initialized
2025-06-03 00:18:32,382 - TharuniApp - INFO - Starting user authentication
2025-06-03 00:18:35,951 - TharuniApp - INFO - Authentication canceled - exiting application
2025-06-03 00:18:35,952 - TharuniApp - INFO - User authentication failed or canceled - exiting
2025-06-03 00:21:27,255 - TharuniApp - INFO - ============================================================
2025-06-03 00:21:27,256 - TharuniApp - INFO - APPLICATION STARTUP
2025-06-03 00:21:27,256 - TharuniApp - INFO - ============================================================
2025-06-03 00:21:27,259 - TharuniApp - INFO - Configuration setup completed
2025-06-03 00:21:27,260 - DataManager - INFO - DataManager initialized with OFFLINE-FIRST approach + JSON local storage
2025-06-03 00:21:27,260 - DataManager - INFO - CSV structure is up to date
2025-06-03 00:21:27,261 - DataManager - INFO - Daily PDF folder structure ready:
2025-06-03 00:21:27,261 - DataManager - INFO -   Base reports folder: data\reports
2025-06-03 00:21:27,262 - DataManager - INFO -   Today's folder: data\reports\2025-06-03
2025-06-03 00:21:27,262 - DataManager - INFO - Data file: data\weighbridge_data.csv
2025-06-03 00:21:27,263 - DataManager - INFO - Reports folder: data\reports
2025-06-03 00:21:27,263 - DataManager - INFO - JSON backup folder: data\json_backups
2025-06-03 00:21:27,263 - DataManager - INFO - PDF folder: data\reports\2025-06-03
2025-06-03 00:21:27,264 - DataManager - INFO - Cloud storage will only be initialized when backup is requested
2025-06-03 00:21:27,264 - TharuniApp - INFO - Data manager initialized
2025-06-03 00:21:27,266 - TharuniApp - INFO - Settings storage initialized
2025-06-03 00:21:27,269 - TharuniApp - INFO - UI styles initialized
2025-06-03 00:21:27,269 - TharuniApp - INFO - Starting user authentication
2025-06-03 00:21:30,489 - TharuniApp - INFO - Authentication successful: admin
2025-06-03 00:21:30,490 - TharuniApp - INFO - User logged in: admin (Role: admin)
2025-06-03 00:21:30,490 - TharuniApp - INFO - Setting up data context
2025-06-03 00:21:30,490 - DataManager - INFO - CSV structure is up to date
2025-06-03 00:21:30,491 - DataManager - INFO - Data context set to: Agency='Tharuni', Site='Guntur'
2025-06-03 00:21:30,491 - DataManager - INFO - Data file: data\Tharuni_Guntur_data.csv
2025-06-03 00:21:30,491 - TharuniApp - INFO - Data context initialized: Agency='Tharuni', Site='Guntur'
2025-06-03 00:21:30,491 - TharuniApp - INFO - Data will be saved to: data\Tharuni_Guntur_data.csv
2025-06-03 00:21:30,491 - TharuniApp - INFO - PDFs will be saved to: data\reports\2025-06-03
2025-06-03 00:21:30,492 - TharuniApp - INFO - Creating application widgets
2025-06-03 00:21:30,499 - TharuniApp - INFO - Creating main panel
2025-06-03 00:21:30,506 - FormValidator - INFO - FormValidator initialized
2025-06-03 00:21:30,513 - DataManager - INFO - Successfully loaded 0 records from data\Tharuni_Guntur_data.csv
2025-06-03 00:21:30,927 - TharuniApp - ERROR - Error creating main panel: 'MainForm' object has no attribute 'detect_and_refresh_cameras'
2025-06-03 00:21:30,928 - TharuniApp - ERROR - Error creating widgets: 'MainForm' object has no attribute 'detect_and_refresh_cameras'
2025-06-03 00:21:30,928 - TharuniApp - ERROR - Critical error during application initialization: 'MainForm' object has no attribute 'detect_and_refresh_cameras'
2025-06-03 00:28:11,798 - TharuniApp - INFO - ============================================================
2025-06-03 00:28:11,798 - TharuniApp - INFO - APPLICATION STARTUP
2025-06-03 00:28:11,798 - TharuniApp - INFO - ============================================================
2025-06-03 00:28:11,802 - TharuniApp - INFO - Configuration setup completed
2025-06-03 00:28:11,803 - DataManager - INFO - DataManager initialized with OFFLINE-FIRST approach + JSON local storage
2025-06-03 00:28:11,803 - DataManager - INFO - CSV structure is up to date
2025-06-03 00:28:11,804 - DataManager - INFO - Daily PDF folder structure ready:
2025-06-03 00:28:11,805 - DataManager - INFO -   Base reports folder: data\reports
2025-06-03 00:28:11,805 - DataManager - INFO -   Today's folder: data\reports\2025-06-03
2025-06-03 00:28:11,805 - DataManager - INFO - Data file: data\weighbridge_data.csv
2025-06-03 00:28:11,806 - DataManager - INFO - Reports folder: data\reports
2025-06-03 00:28:11,806 - DataManager - INFO - JSON backup folder: data\json_backups
2025-06-03 00:28:11,806 - DataManager - INFO - PDF folder: data\reports\2025-06-03
2025-06-03 00:28:11,806 - DataManager - INFO - Cloud storage will only be initialized when backup is requested
2025-06-03 00:28:11,806 - TharuniApp - INFO - Data manager initialized
2025-06-03 00:28:11,809 - TharuniApp - INFO - Settings storage initialized
2025-06-03 00:28:11,811 - TharuniApp - INFO - UI styles initialized
2025-06-03 00:28:11,811 - TharuniApp - INFO - Starting user authentication
2025-06-03 00:28:15,354 - TharuniApp - INFO - Authentication successful: admin
2025-06-03 00:28:15,355 - TharuniApp - INFO - User logged in: admin (Role: admin)
2025-06-03 00:28:15,355 - TharuniApp - INFO - Setting up data context
2025-06-03 00:28:15,356 - DataManager - INFO - CSV structure is up to date
2025-06-03 00:28:15,356 - DataManager - INFO - Data context set to: Agency='Tharuni', Site='Guntur'
2025-06-03 00:28:15,356 - DataManager - INFO - Data file: data\Tharuni_Guntur_data.csv
2025-06-03 00:28:15,356 - TharuniApp - INFO - Data context initialized: Agency='Tharuni', Site='Guntur'
2025-06-03 00:28:15,356 - TharuniApp - INFO - Data will be saved to: data\Tharuni_Guntur_data.csv
2025-06-03 00:28:15,357 - TharuniApp - INFO - PDFs will be saved to: data\reports\2025-06-03
2025-06-03 00:28:15,357 - TharuniApp - INFO - Creating application widgets
2025-06-03 00:28:15,363 - TharuniApp - INFO - Creating main panel
2025-06-03 00:28:15,368 - FormValidator - INFO - FormValidator initialized
2025-06-03 00:28:15,378 - DataManager - INFO - Successfully loaded 0 records from data\Tharuni_Guntur_data.csv
2025-06-03 00:28:15,782 - TharuniApp - ERROR - Error creating main panel: 'MainForm' object has no attribute 'detect_and_refresh_cameras'
2025-06-03 00:28:15,783 - TharuniApp - ERROR - Error creating widgets: 'MainForm' object has no attribute 'detect_and_refresh_cameras'
2025-06-03 00:28:15,783 - TharuniApp - ERROR - Critical error during application initialization: 'MainForm' object has no attribute 'detect_and_refresh_cameras'
2025-06-03 00:28:23,120 - TharuniApp - INFO - ============================================================
2025-06-03 00:28:23,120 - TharuniApp - INFO - APPLICATION STARTUP
2025-06-03 00:28:23,121 - TharuniApp - INFO - ============================================================
2025-06-03 00:28:23,124 - TharuniApp - INFO - Configuration setup completed
2025-06-03 00:28:23,124 - DataManager - INFO - DataManager initialized with OFFLINE-FIRST approach + JSON local storage
2025-06-03 00:28:23,125 - DataManager - INFO - CSV structure is up to date
2025-06-03 00:28:23,125 - DataManager - INFO - Daily PDF folder structure ready:
2025-06-03 00:28:23,125 - DataManager - INFO -   Base reports folder: data\reports
2025-06-03 00:28:23,126 - DataManager - INFO -   Today's folder: data\reports\2025-06-03
2025-06-03 00:28:23,126 - DataManager - INFO - Data file: data\weighbridge_data.csv
2025-06-03 00:28:23,127 - DataManager - INFO - Reports folder: data\reports
2025-06-03 00:28:23,127 - DataManager - INFO - JSON backup folder: data\json_backups
2025-06-03 00:28:23,127 - DataManager - INFO - PDF folder: data\reports\2025-06-03
2025-06-03 00:28:23,127 - DataManager - INFO - Cloud storage will only be initialized when backup is requested
2025-06-03 00:28:23,127 - TharuniApp - INFO - Data manager initialized
2025-06-03 00:28:23,130 - TharuniApp - INFO - Settings storage initialized
2025-06-03 00:28:23,133 - TharuniApp - INFO - UI styles initialized
2025-06-03 00:28:23,133 - TharuniApp - INFO - Starting user authentication
2025-06-03 00:28:26,846 - TharuniApp - INFO - Authentication canceled - exiting application
2025-06-03 00:28:26,847 - TharuniApp - INFO - User authentication failed or canceled - exiting
2025-06-03 00:30:42,448 - TharuniApp - INFO - ============================================================
2025-06-03 00:30:42,448 - TharuniApp - INFO - APPLICATION STARTUP
2025-06-03 00:30:42,448 - TharuniApp - INFO - ============================================================
2025-06-03 00:30:42,451 - TharuniApp - INFO - Configuration setup completed
2025-06-03 00:30:42,452 - DataManager - INFO - DataManager initialized with OFFLINE-FIRST approach + JSON local storage
2025-06-03 00:30:42,453 - DataManager - INFO - CSV structure is up to date
2025-06-03 00:30:42,453 - DataManager - INFO - Daily PDF folder structure ready:
2025-06-03 00:30:42,454 - DataManager - INFO -   Base reports folder: data\reports
2025-06-03 00:30:42,454 - DataManager - INFO -   Today's folder: data\reports\2025-06-03
2025-06-03 00:30:42,455 - DataManager - INFO - Data file: data\weighbridge_data.csv
2025-06-03 00:30:42,455 - DataManager - INFO - Reports folder: data\reports
2025-06-03 00:30:42,455 - DataManager - INFO - JSON backup folder: data\json_backups
2025-06-03 00:30:42,455 - DataManager - INFO - PDF folder: data\reports\2025-06-03
2025-06-03 00:30:42,456 - DataManager - INFO - Cloud storage will only be initialized when backup is requested
2025-06-03 00:30:42,456 - TharuniApp - INFO - Data manager initialized
2025-06-03 00:30:42,458 - TharuniApp - INFO - Settings storage initialized
2025-06-03 00:30:42,461 - TharuniApp - INFO - UI styles initialized
2025-06-03 00:30:42,461 - TharuniApp - INFO - Starting user authentication
2025-06-03 00:30:46,001 - TharuniApp - INFO - Authentication successful: admin
2025-06-03 00:30:46,002 - TharuniApp - INFO - User logged in: admin (Role: admin)
2025-06-03 00:30:46,002 - TharuniApp - INFO - Setting up data context
2025-06-03 00:30:46,003 - DataManager - INFO - CSV structure is up to date
2025-06-03 00:30:46,003 - DataManager - INFO - Data context set to: Agency='Tharuni', Site='Guntur'
2025-06-03 00:30:46,003 - DataManager - INFO - Data file: data\Tharuni_Guntur_data.csv
2025-06-03 00:30:46,003 - TharuniApp - INFO - Data context initialized: Agency='Tharuni', Site='Guntur'
2025-06-03 00:30:46,003 - TharuniApp - INFO - Data will be saved to: data\Tharuni_Guntur_data.csv
2025-06-03 00:30:46,004 - TharuniApp - INFO - PDFs will be saved to: data\reports\2025-06-03
2025-06-03 00:30:46,004 - TharuniApp - INFO - Creating application widgets
2025-06-03 00:30:46,013 - TharuniApp - INFO - Creating main panel
2025-06-03 00:30:46,018 - FormValidator - INFO - FormValidator initialized
2025-06-03 00:30:46,026 - DataManager - INFO - Successfully loaded 0 records from data\Tharuni_Guntur_data.csv
2025-06-03 00:30:46,447 - TharuniApp - ERROR - Error creating main panel: 'MainForm' object has no attribute 'detect_and_refresh_cameras'
2025-06-03 00:30:46,448 - TharuniApp - ERROR - Error creating widgets: 'MainForm' object has no attribute 'detect_and_refresh_cameras'
2025-06-03 00:30:46,448 - TharuniApp - ERROR - Critical error during application initialization: 'MainForm' object has no attribute 'detect_and_refresh_cameras'
2025-06-03 00:34:36,125 - TharuniApp - INFO - ============================================================
2025-06-03 00:34:36,125 - TharuniApp - INFO - APPLICATION STARTUP
2025-06-03 00:34:36,126 - TharuniApp - INFO - ============================================================
2025-06-03 00:34:36,129 - TharuniApp - INFO - Configuration setup completed
2025-06-03 00:34:36,129 - DataManager - INFO - DataManager initialized with OFFLINE-FIRST approach + JSON local storage
2025-06-03 00:34:36,130 - DataManager - INFO - CSV structure is up to date
2025-06-03 00:34:36,131 - DataManager - INFO - Daily PDF folder structure ready:
2025-06-03 00:34:36,131 - DataManager - INFO -   Base reports folder: data\reports
2025-06-03 00:34:36,131 - DataManager - INFO -   Today's folder: data\reports\2025-06-03
2025-06-03 00:34:36,132 - DataManager - INFO - Data file: data\weighbridge_data.csv
2025-06-03 00:34:36,132 - DataManager - INFO - Reports folder: data\reports
2025-06-03 00:34:36,132 - DataManager - INFO - JSON backup folder: data\json_backups
2025-06-03 00:34:36,132 - DataManager - INFO - PDF folder: data\reports\2025-06-03
2025-06-03 00:34:36,133 - DataManager - INFO - Cloud storage will only be initialized when backup is requested
2025-06-03 00:34:36,133 - TharuniApp - INFO - Data manager initialized
2025-06-03 00:34:36,135 - TharuniApp - INFO - Settings storage initialized
2025-06-03 00:34:36,137 - TharuniApp - INFO - UI styles initialized
2025-06-03 00:34:36,138 - TharuniApp - INFO - Starting user authentication
2025-06-03 00:34:40,547 - TharuniApp - INFO - Authentication successful: admin
2025-06-03 00:34:40,547 - TharuniApp - INFO - User logged in: admin (Role: admin)
2025-06-03 00:34:40,547 - TharuniApp - INFO - Setting up data context
2025-06-03 00:34:40,548 - DataManager - INFO - CSV structure is up to date
2025-06-03 00:34:40,548 - DataManager - INFO - Data context set to: Agency='Tharuni', Site='Guntur'
2025-06-03 00:34:40,548 - DataManager - INFO - Data file: data\Tharuni_Guntur_data.csv
2025-06-03 00:34:40,548 - TharuniApp - INFO - Data context initialized: Agency='Tharuni', Site='Guntur'
2025-06-03 00:34:40,549 - TharuniApp - INFO - Data will be saved to: data\Tharuni_Guntur_data.csv
2025-06-03 00:34:40,549 - TharuniApp - INFO - PDFs will be saved to: data\reports\2025-06-03
2025-06-03 00:34:40,549 - TharuniApp - INFO - Creating application widgets
2025-06-03 00:34:40,555 - TharuniApp - INFO - Creating main panel
2025-06-03 00:34:40,562 - FormValidator - INFO - FormValidator initialized
2025-06-03 00:34:40,572 - DataManager - INFO - Successfully loaded 0 records from data\Tharuni_Guntur_data.csv
2025-06-03 00:34:41,238 - TharuniApp - ERROR - Error creating main panel: 'MainForm' object has no attribute 'after'
2025-06-03 00:34:41,239 - TharuniApp - ERROR - Error creating widgets: 'MainForm' object has no attribute 'after'
2025-06-03 00:34:41,239 - TharuniApp - ERROR - Critical error during application initialization: 'MainForm' object has no attribute 'after'
2025-06-03 00:35:46,642 - TharuniApp - INFO - ============================================================
2025-06-03 00:35:46,642 - TharuniApp - INFO - APPLICATION STARTUP
2025-06-03 00:35:46,643 - TharuniApp - INFO - ============================================================
2025-06-03 00:35:46,647 - TharuniApp - INFO - Configuration setup completed
2025-06-03 00:35:46,649 - DataManager - INFO - DataManager initialized with OFFLINE-FIRST approach + JSON local storage
2025-06-03 00:35:46,649 - DataManager - INFO - CSV structure is up to date
2025-06-03 00:35:46,650 - DataManager - INFO - Daily PDF folder structure ready:
2025-06-03 00:35:46,651 - DataManager - INFO -   Base reports folder: data\reports
2025-06-03 00:35:46,651 - DataManager - INFO -   Today's folder: data\reports\2025-06-03
2025-06-03 00:35:46,652 - DataManager - INFO - Data file: data\weighbridge_data.csv
2025-06-03 00:35:46,652 - DataManager - INFO - Reports folder: data\reports
2025-06-03 00:35:46,653 - DataManager - INFO - JSON backup folder: data\json_backups
2025-06-03 00:35:46,653 - DataManager - INFO - PDF folder: data\reports\2025-06-03
2025-06-03 00:35:46,653 - DataManager - INFO - Cloud storage will only be initialized when backup is requested
2025-06-03 00:35:46,654 - TharuniApp - INFO - Data manager initialized
2025-06-03 00:35:46,657 - TharuniApp - INFO - Settings storage initialized
2025-06-03 00:35:46,660 - TharuniApp - INFO - UI styles initialized
2025-06-03 00:35:46,660 - TharuniApp - INFO - Starting user authentication
2025-06-03 00:35:50,842 - TharuniApp - INFO - Authentication successful: admin
2025-06-03 00:35:50,843 - TharuniApp - INFO - User logged in: admin (Role: admin)
2025-06-03 00:35:50,843 - TharuniApp - INFO - Setting up data context
2025-06-03 00:35:50,844 - DataManager - INFO - CSV structure is up to date
2025-06-03 00:35:50,844 - DataManager - INFO - Data context set to: Agency='Tharuni', Site='Guntur'
2025-06-03 00:35:50,845 - DataManager - INFO - Data file: data\Tharuni_Guntur_data.csv
2025-06-03 00:35:50,845 - TharuniApp - INFO - Data context initialized: Agency='Tharuni', Site='Guntur'
2025-06-03 00:35:50,845 - TharuniApp - INFO - Data will be saved to: data\Tharuni_Guntur_data.csv
2025-06-03 00:35:50,846 - TharuniApp - INFO - PDFs will be saved to: data\reports\2025-06-03
2025-06-03 00:35:50,846 - TharuniApp - INFO - Creating application widgets
2025-06-03 00:35:50,858 - TharuniApp - INFO - Creating main panel
2025-06-03 00:35:50,864 - FormValidator - INFO - FormValidator initialized
2025-06-03 00:35:50,873 - DataManager - INFO - Successfully loaded 0 records from data\Tharuni_Guntur_data.csv
2025-06-03 00:35:51,779 - TharuniApp - ERROR - Error creating main panel: 'MainForm' object has no attribute 'after'
2025-06-03 00:35:51,779 - TharuniApp - ERROR - Error creating widgets: 'MainForm' object has no attribute 'after'
2025-06-03 00:35:51,780 - TharuniApp - ERROR - Critical error during application initialization: 'MainForm' object has no attribute 'after'
2025-06-03 00:38:15,190 - TharuniApp - INFO - ============================================================
2025-06-03 00:38:15,191 - TharuniApp - INFO - APPLICATION STARTUP
2025-06-03 00:38:15,191 - TharuniApp - INFO - ============================================================
2025-06-03 00:38:15,194 - TharuniApp - INFO - Configuration setup completed
2025-06-03 00:38:15,195 - DataManager - INFO - DataManager initialized with OFFLINE-FIRST approach + JSON local storage
2025-06-03 00:38:15,195 - DataManager - INFO - CSV structure is up to date
2025-06-03 00:38:15,195 - DataManager - INFO - Daily PDF folder structure ready:
2025-06-03 00:38:15,196 - DataManager - INFO -   Base reports folder: data\reports
2025-06-03 00:38:15,196 - DataManager - INFO -   Today's folder: data\reports\2025-06-03
2025-06-03 00:38:15,196 - DataManager - INFO - Data file: data\weighbridge_data.csv
2025-06-03 00:38:15,197 - DataManager - INFO - Reports folder: data\reports
2025-06-03 00:38:15,197 - DataManager - INFO - JSON backup folder: data\json_backups
2025-06-03 00:38:15,197 - DataManager - INFO - PDF folder: data\reports\2025-06-03
2025-06-03 00:38:15,197 - DataManager - INFO - Cloud storage will only be initialized when backup is requested
2025-06-03 00:38:15,197 - TharuniApp - INFO - Data manager initialized
2025-06-03 00:38:15,200 - TharuniApp - INFO - Settings storage initialized
2025-06-03 00:38:15,203 - TharuniApp - INFO - UI styles initialized
2025-06-03 00:38:15,203 - TharuniApp - INFO - Starting user authentication
2025-06-03 00:38:18,458 - TharuniApp - INFO - Authentication successful: admin
2025-06-03 00:38:18,458 - TharuniApp - INFO - User logged in: admin (Role: admin)
2025-06-03 00:38:18,458 - TharuniApp - INFO - Setting up data context
2025-06-03 00:38:18,459 - DataManager - INFO - CSV structure is up to date
2025-06-03 00:38:18,459 - DataManager - INFO - Data context set to: Agency='Tharuni', Site='Guntur'
2025-06-03 00:38:18,460 - DataManager - INFO - Data file: data\Tharuni_Guntur_data.csv
2025-06-03 00:38:18,460 - TharuniApp - INFO - Data context initialized: Agency='Tharuni', Site='Guntur'
2025-06-03 00:38:18,460 - TharuniApp - INFO - Data will be saved to: data\Tharuni_Guntur_data.csv
2025-06-03 00:38:18,460 - TharuniApp - INFO - PDFs will be saved to: data\reports\2025-06-03
2025-06-03 00:38:18,460 - TharuniApp - INFO - Creating application widgets
2025-06-03 00:38:18,468 - TharuniApp - INFO - Creating main panel
2025-06-03 00:38:18,475 - FormValidator - INFO - FormValidator initialized
2025-06-03 00:38:18,483 - DataManager - INFO - Successfully loaded 0 records from data\Tharuni_Guntur_data.csv
2025-06-03 00:38:19,087 - DataManager - INFO - Successfully loaded 0 records from data\Tharuni_Guntur_data.csv
2025-06-03 00:38:19,087 - TharuniApp - INFO - Main form created
2025-06-03 00:38:19,089 - DataManager - INFO - CSV structure is up to date
2025-06-03 00:38:19,089 - DataManager - INFO - Data context set to: Agency='Tharuni', Site='Guntur'
2025-06-03 00:38:19,090 - DataManager - INFO - Data file: data\Tharuni_Guntur_data.csv
2025-06-03 00:38:19,090 - DataManager - INFO - CSV structure is up to date
2025-06-03 00:38:19,090 - DataManager - INFO - Data context set to: Agency='Tharuni', Site='Guntur'
2025-06-03 00:38:19,091 - DataManager - INFO - Data file: data\Tharuni_Guntur_data.csv
2025-06-03 00:38:19,091 - DataManager - INFO - CSV structure is up to date
2025-06-03 00:38:19,091 - DataManager - INFO - Data context set to: Agency='Tharuni', Site='Guntur'
2025-06-03 00:38:19,092 - DataManager - INFO - Data file: data\Tharuni_Guntur_data.csv
2025-06-03 00:38:19,092 - PendingVehiclesPanel - INFO - PendingVehiclesPanel initialized
2025-06-03 00:38:19,101 - PendingVehiclesPanel - INFO - Refreshing pending vehicles list
2025-06-03 00:38:19,102 - DataManager - INFO - Successfully loaded 0 records from data\Tharuni_Guntur_data.csv
2025-06-03 00:38:19,102 - PendingVehiclesPanel - INFO - Retrieved 0 total records
2025-06-03 00:38:19,102 - PendingVehiclesPanel - INFO - Found 0 pending records
2025-06-03 00:38:19,103 - PendingVehiclesPanel - INFO - Successfully refreshed pending list with 0 items
2025-06-03 00:38:19,103 - TharuniApp - INFO - Pending vehicles panel created
2025-06-03 00:38:19,293 - TharuniApp - INFO - Main panel creation completed
2025-06-03 00:38:19,303 - TharuniApp - INFO - Summary panel created
2025-06-03 00:38:19,515 - TharuniApp - INFO - ✅ Data manager reference set in settings panel
2025-06-03 00:38:19,515 - TharuniApp - INFO - Widget creation completed successfully
2025-06-03 00:38:19,516 - PendingVehiclesPanel - INFO - Refreshing pending vehicles list
2025-06-03 00:38:19,517 - DataManager - INFO - Successfully loaded 0 records from data\Tharuni_Guntur_data.csv
2025-06-03 00:38:19,517 - PendingVehiclesPanel - INFO - Retrieved 0 total records
2025-06-03 00:38:19,517 - PendingVehiclesPanel - INFO - Found 0 pending records
2025-06-03 00:38:19,518 - PendingVehiclesPanel - INFO - Successfully refreshed pending list with 0 items
2025-06-03 00:38:19,518 - DataManager - INFO - Created new daily folder: data\reports\03-06
2025-06-03 00:38:19,518 - TharuniApp - INFO - Application initialization completed successfully
2025-06-03 00:38:20,526 - TharuniApp - INFO - Ensuring settings persistence...
2025-06-03 00:38:20,536 - TharuniApp - INFO - Settings persistence check completed
2025-06-03 00:38:49,580 - TharuniApp - INFO - Updating camera settings: {'front_camera_type': 'USB', 'front_camera_index': 0, 'front_rtsp_username': '', 'front_rtsp_password': '', 'front_rtsp_ip': '', 'front_rtsp_port': '554', 'front_rtsp_endpoint': '/stream1', 'front_http_username': '', 'front_http_password': '', 'front_http_ip': '', 'front_http_port': '80', 'front_http_endpoint': '/mjpeg', 'back_camera_type': 'USB', 'back_camera_index': 1, 'back_rtsp_username': '', 'back_rtsp_password': '', 'back_rtsp_ip': '', 'back_rtsp_port': '554', 'back_rtsp_endpoint': '/stream1', 'back_http_username': '', 'back_http_password': '', 'back_http_ip': '', 'back_http_port': '80', 'back_http_endpoint': '/mjpeg'}
2025-06-03 00:38:49,586 - TharuniApp - INFO - Camera settings saved for persistence
2025-06-03 00:39:17,514 - FormValidator - ERROR - Vehicle validation failed: Please enter a vehicle number before capturing images.
2025-06-03 00:39:19,524 - PendingVehiclesPanel - INFO - Refreshing pending vehicles list
2025-06-03 00:39:19,527 - DataManager - INFO - Successfully loaded 0 records from data\Tharuni_Guntur_data.csv
2025-06-03 00:39:19,528 - PendingVehiclesPanel - INFO - Retrieved 0 total records
2025-06-03 00:39:19,529 - PendingVehiclesPanel - INFO - Found 0 pending records
2025-06-03 00:39:19,530 - PendingVehiclesPanel - INFO - Successfully refreshed pending list with 0 items
2025-06-03 00:39:28,302 - DataManager - INFO - Successfully loaded 0 records from data\Tharuni_Guntur_data.csv
2025-06-03 00:39:28,305 - DataManager - INFO - Successfully loaded 0 records from data\Tharuni_Guntur_data.csv
2025-06-03 00:39:28,307 - DataManager - INFO - Successfully loaded 0 records from data\Tharuni_Guntur_data.csv
2025-06-03 00:39:29,371 - DataManager - INFO - Successfully loaded 0 records from data\Tharuni_Guntur_data.csv
2025-06-03 00:39:29,524 - DataManager - INFO - Successfully loaded 0 records from data\Tharuni_Guntur_data.csv
2025-06-03 00:39:29,588 - DataManager - INFO - Successfully loaded 0 records from data\Tharuni_Guntur_data.csv
2025-06-03 00:39:29,957 - DataManager - INFO - Successfully loaded 0 records from data\Tharuni_Guntur_data.csv
2025-06-03 00:39:30,118 - DataManager - INFO - Successfully loaded 0 records from data\Tharuni_Guntur_data.csv
2025-06-03 00:39:30,775 - DataManager - INFO - Successfully loaded 0 records from data\Tharuni_Guntur_data.csv
2025-06-03 00:39:31,308 - DataManager - INFO - Successfully loaded 0 records from data\Tharuni_Guntur_data.csv
2025-06-03 00:39:31,468 - DataManager - INFO - Successfully loaded 0 records from data\Tharuni_Guntur_data.csv
2025-06-03 00:39:31,611 - DataManager - INFO - Successfully loaded 0 records from data\Tharuni_Guntur_data.csv
2025-06-03 00:39:32,333 - DataManager - INFO - Successfully loaded 0 records from data\Tharuni_Guntur_data.csv
2025-06-03 00:39:32,420 - DataManager - INFO - Successfully loaded 0 records from data\Tharuni_Guntur_data.csv
2025-06-03 00:39:33,053 - DataManager - INFO - Successfully loaded 0 records from data\Tharuni_Guntur_data.csv
2025-06-03 00:39:33,268 - DataManager - INFO - Successfully loaded 0 records from data\Tharuni_Guntur_data.csv
2025-06-03 00:39:34,366 - DataManager - INFO - Successfully loaded 0 records from data\Tharuni_Guntur_data.csv
2025-06-03 00:39:34,779 - DataManager - INFO - Successfully loaded 0 records from data\Tharuni_Guntur_data.csv
2025-06-03 00:39:35,212 - DataManager - INFO - Successfully loaded 0 records from data\Tharuni_Guntur_data.csv
2025-06-03 00:39:35,340 - DataManager - INFO - Successfully loaded 0 records from data\Tharuni_Guntur_data.csv
2025-06-03 00:39:36,397 - DataManager - INFO - Successfully loaded 0 records from data\Tharuni_Guntur_data.csv
2025-06-03 00:39:36,982 - DataManager - INFO - Successfully loaded 0 records from data\Tharuni_Guntur_data.csv
2025-06-03 00:39:37,043 - DataManager - INFO - Successfully loaded 0 records from data\Tharuni_Guntur_data.csv
2025-06-03 00:39:37,645 - DataManager - INFO - Successfully loaded 0 records from data\Tharuni_Guntur_data.csv
2025-06-03 00:39:37,848 - DataManager - INFO - Successfully loaded 0 records from data\Tharuni_Guntur_data.csv
2025-06-03 00:39:38,131 - DataManager - INFO - Successfully loaded 0 records from data\Tharuni_Guntur_data.csv
2025-06-03 00:39:38,331 - DataManager - INFO - Successfully loaded 0 records from data\Tharuni_Guntur_data.csv
2025-06-03 00:39:41,112 - DataManager - INFO - Successfully loaded 0 records from data\Tharuni_Guntur_data.csv
2025-06-03 00:39:41,113 - DataManager - INFO - Successfully loaded 0 records from data\Tharuni_Guntur_data.csv
2025-06-03 00:39:57,025 - FormValidator - INFO - Vehicle validation passed: AP01JA0101
2025-06-03 00:40:14,263 - TharuniApp - INFO - ==================================================
2025-06-03 00:40:14,263 - TharuniApp - INFO - SAVE RECORD OPERATION STARTED
2025-06-03 00:40:14,264 - FormValidator - INFO - Starting comprehensive form validation
2025-06-03 00:40:14,264 - FormValidator - INFO - Validating basic fields
2025-06-03 00:40:14,265 - FormValidator - INFO - Field values: ticket='T0001', vehicle='AP01JA0101', agency='Tharuni'
2025-06-03 00:40:14,266 - FormValidator - INFO - Basic validation passed
2025-06-03 00:40:14,266 - FormValidator - INFO - Validating weighment data
2025-06-03 00:40:14,267 - FormValidator - INFO - Weighment data: first_weight='29680.00', first_timestamp='03-06-2025 00:39:49', second_weight='', second_timestamp=''
2025-06-03 00:40:14,267 - FormValidator - INFO - Weighment validation passed
2025-06-03 00:40:14,268 - FormValidator - INFO - Validating images for second weighment
2025-06-03 00:40:14,269 - FormValidator - INFO - Images validation for second: front=False, back=False
2025-06-03 00:40:15,417 - FormValidator - INFO - User chose to continue without images
2025-06-03 00:40:15,418 - FormValidator - INFO - Form validation passed successfully
2025-06-03 00:40:15,419 - TharuniApp - INFO - Saving record for ticket: T0001
2025-06-03 00:40:15,419 - TharuniApp - INFO - Form data keys: ['date', 'time', 'site_name', 'agency_name', 'material', 'ticket_no', 'vehicle_no', 'transfer_party_name', 'first_weight', 'first_timestamp', 'second_weight', 'second_timestamp', 'net_weight', 'material_type', 'first_front_image', 'first_back_image', 'second_front_image', 'second_back_image', 'site_incharge', 'user_name']
2025-06-03 00:40:15,420 - TharuniApp - INFO - Record is complete: False
2025-06-03 00:40:15,420 - TharuniApp - INFO - Calling data_manager.save_record for T0001
2025-06-03 00:40:15,420 - DataManager - INFO - ==================================================
2025-06-03 00:40:15,420 - DataManager - INFO - STARTING OFFLINE-FIRST RECORD SAVE WITH JSON BACKUP
2025-06-03 00:40:15,420 - DataManager - INFO - Input data keys: ['date', 'time', 'site_name', 'agency_name', 'material', 'ticket_no', 'vehicle_no', 'transfer_party_name', 'first_weight', 'first_timestamp', 'second_weight', 'second_timestamp', 'net_weight', 'material_type', 'first_front_image', 'first_back_image', 'second_front_image', 'second_back_image', 'site_incharge', 'user_name']
2025-06-03 00:40:15,420 - DataManager - INFO - Net weight cleared - incomplete weighments
2025-06-03 00:40:15,421 - DataManager - INFO - Using data file: data\Tharuni_Guntur_data.csv
2025-06-03 00:40:15,421 - DataManager - INFO - Successfully loaded 0 records from data\Tharuni_Guntur_data.csv
2025-06-03 00:40:15,421 - DataManager - INFO - Filtered 0 records to 0 using filter: 't0001'
2025-06-03 00:40:15,422 - DataManager - INFO - Adding new record: T0001
2025-06-03 00:40:15,422 - DataManager - INFO - Adding new record to CSV
2025-06-03 00:40:15,422 - DataManager - INFO - Record data: ['03-06-2025', '00:40:15', 'Guntur', 'Tharuni', 'Inert', 'T0001', 'AP01JA0101', 'Jindal', '29680.00', '03-06-2025 00:39:49', '', '', '', 'Inert', 'Guntur_AP01JA0101_20250603_003957_1st_front.jpg', '', '', '', '', 'admin']
2025-06-03 00:40:15,423 - DataManager - INFO - ✅ New record added to data\Tharuni_Guntur_data.csv
2025-06-03 00:40:15,423 - DataManager - INFO - ✅ Record T0001 saved to local CSV successfully
2025-06-03 00:40:15,423 - DataManager - INFO - Record completion status: False
2025-06-03 00:40:16,616 - DataManager - INFO - ✅ OFFLINE-FIRST SAVE COMPLETED - Local CSV, JSON backup, and PDF generated
2025-06-03 00:40:16,617 - DataManager - INFO - 💡 Cloud backup available via Settings > Cloud Storage > Backup
2025-06-03 00:40:16,617 - DataManager - INFO - ==================================================
2025-06-03 00:40:16,617 - TharuniApp - INFO - ✅ Record T0001 saved successfully
2025-06-03 00:40:16,618 - TharuniApp - INFO - First weighment saved for ticket T0001 - counter NOT incremented
2025-06-03 00:40:17,812 - DataManager - INFO - Successfully loaded 1 records from data\Tharuni_Guntur_data.csv
2025-06-03 00:40:17,812 - DataManager - INFO - Returning all 1 records (no filter)
2025-06-03 00:40:17,812 - PendingVehiclesPanel - INFO - Refreshing pending vehicles list
2025-06-03 00:40:17,813 - DataManager - INFO - Successfully loaded 1 records from data\Tharuni_Guntur_data.csv
2025-06-03 00:40:17,814 - PendingVehiclesPanel - INFO - Retrieved 1 total records
2025-06-03 00:40:17,814 - PendingVehiclesPanel - INFO - Added to pending: T0001
2025-06-03 00:40:17,814 - PendingVehiclesPanel - INFO - Found 1 pending records
2025-06-03 00:40:17,815 - PendingVehiclesPanel - INFO - Successfully refreshed pending list with 1 items
2025-06-03 00:40:17,815 - TharuniApp - INFO - SAVE RECORD OPERATION COMPLETED SUCCESSFULLY
2025-06-03 00:40:17,816 - TharuniApp - INFO - ==================================================
2025-06-03 00:40:19,532 - PendingVehiclesPanel - INFO - Refreshing pending vehicles list
2025-06-03 00:40:19,534 - DataManager - INFO - Successfully loaded 1 records from data\Tharuni_Guntur_data.csv
2025-06-03 00:40:19,534 - PendingVehiclesPanel - INFO - Retrieved 1 total records
2025-06-03 00:40:19,535 - PendingVehiclesPanel - INFO - Added to pending: T0001
2025-06-03 00:40:19,536 - PendingVehiclesPanel - INFO - Found 1 pending records
2025-06-03 00:40:19,537 - PendingVehiclesPanel - INFO - Successfully refreshed pending list with 1 items
2025-06-03 00:40:41,381 - DataManager - INFO - Successfully loaded 1 records from data\Tharuni_Guntur_data.csv
2025-06-03 00:40:41,400 - DataManager - INFO - Successfully loaded 1 records from data\Tharuni_Guntur_data.csv
2025-06-03 00:40:41,400 - DataManager - INFO - Successfully loaded 1 records from data\Tharuni_Guntur_data.csv
2025-06-03 00:40:43,081 - DataManager - INFO - Successfully loaded 1 records from data\Tharuni_Guntur_data.csv
2025-06-03 00:40:43,083 - DataManager - INFO - Successfully loaded 1 records from data\Tharuni_Guntur_data.csv
2025-06-03 00:40:44,763 - DataManager - INFO - Successfully loaded 1 records from data\Tharuni_Guntur_data.csv
2025-06-03 00:40:44,776 - DataManager - INFO - Successfully loaded 1 records from data\Tharuni_Guntur_data.csv
2025-06-03 00:40:44,776 - DataManager - INFO - Successfully loaded 1 records from data\Tharuni_Guntur_data.csv
2025-06-03 00:40:47,471 - DataManager - INFO - Successfully loaded 1 records from data\Tharuni_Guntur_data.csv
2025-06-03 00:40:47,472 - DataManager - INFO - Successfully loaded 1 records from data\Tharuni_Guntur_data.csv
2025-06-03 00:40:50,244 - DataManager - INFO - Successfully loaded 1 records from data\Tharuni_Guntur_data.csv
2025-06-03 00:40:50,244 - DataManager - INFO - Successfully loaded 1 records from data\Tharuni_Guntur_data.csv
2025-06-03 00:40:54,523 - TharuniApp - INFO - ==================================================
2025-06-03 00:40:54,523 - TharuniApp - INFO - SAVE RECORD OPERATION STARTED
2025-06-03 00:40:54,524 - FormValidator - INFO - Starting comprehensive form validation
2025-06-03 00:40:54,524 - FormValidator - INFO - Validating basic fields
2025-06-03 00:40:54,525 - FormValidator - INFO - Field values: ticket='T0001', vehicle='AP01JA0101', agency=''
2025-06-03 00:40:54,525 - FormValidator - ERROR - Basic validation failed: Please fill in the following required fields: Agency Name
2025-06-03 00:40:55,907 - DataManager - INFO - Successfully loaded 1 records from data\Tharuni_Guntur_data.csv
2025-06-03 00:40:55,908 - DataManager - INFO - Successfully loaded 1 records from data\Tharuni_Guntur_data.csv
2025-06-03 00:40:55,912 - TharuniApp - WARNING - Form validation failed - aborting save
2025-06-03 00:40:55,913 - TharuniApp - INFO - ==================================================
2025-06-03 00:40:58,023 - DataManager - INFO - CSV structure is up to date
2025-06-03 00:40:58,023 - DataManager - INFO - Data context set to: Agency='Tharuni', Site='Guntur'
2025-06-03 00:40:58,024 - DataManager - INFO - Data file: data\Tharuni_Guntur_data.csv
2025-06-03 00:41:02,135 - TharuniApp - INFO - ==================================================
2025-06-03 00:41:02,135 - TharuniApp - INFO - SAVE RECORD OPERATION STARTED
2025-06-03 00:41:02,136 - FormValidator - INFO - Starting comprehensive form validation
2025-06-03 00:41:02,136 - FormValidator - INFO - Validating basic fields
2025-06-03 00:41:02,137 - FormValidator - INFO - Field values: ticket='T0001', vehicle='AP01JA0101', agency='Tharuni'
2025-06-03 00:41:02,137 - FormValidator - INFO - Basic validation passed
2025-06-03 00:41:02,138 - FormValidator - INFO - Validating weighment data
2025-06-03 00:41:02,138 - FormValidator - INFO - Weighment data: first_weight='18960.00', first_timestamp='03-06-2025 00:40:48', second_weight='11830.00', second_timestamp='03-06-2025 00:40:59'
2025-06-03 00:41:02,139 - FormValidator - INFO - Weighment validation passed
2025-06-03 00:41:02,139 - FormValidator - INFO - Validating images for second weighment
2025-06-03 00:41:02,140 - FormValidator - INFO - Images validation for second: front=False, back=False
2025-06-03 00:41:03,233 - FormValidator - INFO - User chose to continue without images
2025-06-03 00:41:03,233 - FormValidator - INFO - Form validation passed successfully
2025-06-03 00:41:03,235 - TharuniApp - INFO - Saving record for ticket: T0001
2025-06-03 00:41:03,235 - TharuniApp - INFO - Form data keys: ['date', 'time', 'site_name', 'agency_name', 'material', 'ticket_no', 'vehicle_no', 'transfer_party_name', 'first_weight', 'first_timestamp', 'second_weight', 'second_timestamp', 'net_weight', 'material_type', 'first_front_image', 'first_back_image', 'second_front_image', 'second_back_image', 'site_incharge', 'user_name']
2025-06-03 00:41:03,235 - TharuniApp - INFO - Record is complete: True
2025-06-03 00:41:03,236 - TharuniApp - INFO - Calling data_manager.save_record for T0001
2025-06-03 00:41:03,236 - DataManager - INFO - ==================================================
2025-06-03 00:41:03,236 - DataManager - INFO - STARTING OFFLINE-FIRST RECORD SAVE WITH JSON BACKUP
2025-06-03 00:41:03,237 - DataManager - INFO - Input data keys: ['date', 'time', 'site_name', 'agency_name', 'material', 'ticket_no', 'vehicle_no', 'transfer_party_name', 'first_weight', 'first_timestamp', 'second_weight', 'second_timestamp', 'net_weight', 'material_type', 'first_front_image', 'first_back_image', 'second_front_image', 'second_back_image', 'site_incharge', 'user_name']
2025-06-03 00:41:03,237 - DataManager - INFO - Net weight calculated: 18960.0 - 11830.0 = 7130.00
2025-06-03 00:41:03,237 - DataManager - INFO - Using data file: data\Tharuni_Guntur_data.csv
2025-06-03 00:41:03,238 - DataManager - INFO - Successfully loaded 1 records from data\Tharuni_Guntur_data.csv
2025-06-03 00:41:03,239 - DataManager - INFO - Filtered 1 records to 1 using filter: 't0001'
2025-06-03 00:41:03,239 - DataManager - INFO - Updating existing record: T0001
2025-06-03 00:41:03,240 - DataManager - INFO - Updating record T0001 in data\Tharuni_Guntur_data.csv
2025-06-03 00:41:03,240 - DataManager - INFO - Read 1 records from CSV
2025-06-03 00:41:03,241 - DataManager - INFO - Found record to update at index 0
2025-06-03 00:41:03,241 - DataManager - INFO - Updated record data: ['03-06-2025', '00:41:03', 'Guntur', 'Tharuni', 'Inert', 'T0001', 'AP01JA0101', 'Jindal', '18960.00', '03-06-2025 00:40:48', '11830.00', '03-06-2025 00:40:59', '7130.00', 'Inert', '', '', '', '', '', 'admin']
2025-06-03 00:41:03,246 - DataManager - INFO - ✅ Record T0001 updated in data\Tharuni_Guntur_data.csv
2025-06-03 00:41:03,247 - DataManager - INFO - ✅ Record T0001 saved to local CSV successfully
2025-06-03 00:41:03,247 - DataManager - INFO - Record completion status: True
2025-06-03 00:41:03,247 - DataManager - INFO - Complete record detected - saving JSON backup locally...
2025-06-03 00:41:03,248 - DataManager - INFO - Created new daily JSON folder: data\json_backups\2025-06-03
2025-06-03 00:41:03,250 - DataManager - INFO - ✅ JSON backup saved: data\json_backups\2025-06-03\T0001_Tharuni_Guntur_004103.json
2025-06-03 00:41:03,250 - DataManager - INFO - ✅ JSON backup saved locally for T0001
2025-06-03 00:41:03,251 - DataManager - INFO - Complete record detected for ticket T0001 - generating PDF locally...
2025-06-03 00:41:03,252 - DataManager - INFO - Today's reports folder ensured: data\reports\2025-06-03
2025-06-03 00:41:03,252 - DataManager - INFO - Reports will be saved to: data\reports\2025-06-03
2025-06-03 00:41:03,253 - DataManager - INFO - Today's reports folder ensured: data\reports\2025-06-03
2025-06-03 00:41:03,255 - DataManager - INFO - SIMPLE TEST - Net display: '7130.00 kg'
2025-06-03 00:41:03,256 - DataManager - INFO - Building PDF document: data\reports\2025-06-03\Tharuni_Guntur_T0001_AP01JA0101_004103.pdf
2025-06-03 00:41:03,270 - DataManager - INFO - PDF created successfully: data\reports\2025-06-03\Tharuni_Guntur_T0001_AP01JA0101_004103.pdf (2966 bytes)
2025-06-03 00:41:03,271 - DataManager - INFO - Auto-generated PDF: data\reports\2025-06-03\Tharuni_Guntur_T0001_AP01JA0101_004103.pdf
2025-06-03 00:41:03,271 - DataManager - INFO - PDF saved to today's reports folder: data\reports\2025-06-03
2025-06-03 00:41:03,272 - DataManager - INFO - ✅ PDF auto-generated locally: data\reports\2025-06-03\Tharuni_Guntur_T0001_AP01JA0101_004103.pdf
2025-06-03 00:41:04,403 - DataManager - INFO - ✅ OFFLINE-FIRST SAVE COMPLETED - Local CSV, JSON backup, and PDF generated
2025-06-03 00:41:04,404 - DataManager - INFO - 📂 PDF saved to today's reports folder: data\reports\2025-06-03
2025-06-03 00:41:04,404 - DataManager - INFO - 💡 Cloud backup available via Settings > Cloud Storage > Backup
2025-06-03 00:41:04,404 - DataManager - INFO - ==================================================
2025-06-03 00:41:04,405 - TharuniApp - INFO - ✅ Record T0001 saved successfully
2025-06-03 00:41:04,409 - TharuniApp - INFO - ✅ Ticket T0001 completed - counter incremented
2025-06-03 00:41:04,409 - TharuniApp - INFO - Removing T0001 from pending vehicles list
2025-06-03 00:41:04,409 - PendingVehiclesPanel - INFO - Attempting to remove ticket T0001 from pending list
2025-06-03 00:41:04,410 - PendingVehiclesPanel - INFO - Removed ticket T0001 from pending list
2025-06-03 00:41:04,429 - TharuniApp - INFO - ✅ Complete record processing finished for T0001
2025-06-03 00:41:04,439 - DataManager - INFO - Successfully loaded 1 records from data\Tharuni_Guntur_data.csv
2025-06-03 00:41:04,440 - DataManager - INFO - Returning all 1 records (no filter)
2025-06-03 00:41:04,440 - PendingVehiclesPanel - INFO - Refreshing pending vehicles list
2025-06-03 00:41:04,441 - DataManager - INFO - Successfully loaded 1 records from data\Tharuni_Guntur_data.csv
2025-06-03 00:41:04,441 - PendingVehiclesPanel - INFO - Retrieved 1 total records
2025-06-03 00:41:04,441 - PendingVehiclesPanel - INFO - Found 0 pending records
2025-06-03 00:41:04,441 - PendingVehiclesPanel - INFO - Successfully refreshed pending list with 0 items
2025-06-03 00:41:04,442 - TharuniApp - INFO - SAVE RECORD OPERATION COMPLETED SUCCESSFULLY
2025-06-03 00:41:04,442 - TharuniApp - INFO - ==================================================
2025-06-03 00:41:19,547 - PendingVehiclesPanel - INFO - Refreshing pending vehicles list
2025-06-03 00:41:19,548 - DataManager - INFO - Successfully loaded 1 records from data\Tharuni_Guntur_data.csv
2025-06-03 00:41:19,549 - PendingVehiclesPanel - INFO - Retrieved 1 total records
2025-06-03 00:41:19,549 - PendingVehiclesPanel - INFO - Found 0 pending records
2025-06-03 00:41:19,550 - PendingVehiclesPanel - INFO - Successfully refreshed pending list with 0 items
2025-06-03 00:41:19,551 - DataManager - INFO - Created new daily folder: data\reports\03-06
2025-06-03 00:41:30,576 - TharuniApp - INFO - Updating camera settings: {'front_camera_type': 'USB', 'front_camera_index': 0, 'front_rtsp_username': '', 'front_rtsp_password': '', 'front_rtsp_ip': '', 'front_rtsp_port': '554', 'front_rtsp_endpoint': '/stream1', 'front_http_username': '', 'front_http_password': '', 'front_http_ip': '', 'front_http_port': '80', 'front_http_endpoint': '/mjpeg', 'back_camera_type': 'USB', 'back_camera_index': 1, 'back_rtsp_username': '', 'back_rtsp_password': '', 'back_rtsp_ip': '', 'back_rtsp_port': '554', 'back_rtsp_endpoint': '/stream1', 'back_http_username': '', 'back_http_password': '', 'back_http_ip': '', 'back_http_port': '80', 'back_http_endpoint': '/mjpeg'}
2025-06-03 00:41:30,581 - TharuniApp - INFO - Camera settings saved for persistence
2025-06-03 00:41:33,326 - TharuniApp - INFO - ============================================================
2025-06-03 00:41:33,326 - TharuniApp - INFO - APPLICATION STARTUP
2025-06-03 00:41:33,327 - TharuniApp - INFO - ============================================================
2025-06-03 00:41:33,331 - TharuniApp - INFO - Configuration setup completed
2025-06-03 00:41:33,333 - DataManager - INFO - DataManager initialized with OFFLINE-FIRST approach + JSON local storage
2025-06-03 00:41:33,333 - DataManager - INFO - CSV structure is up to date
2025-06-03 00:41:33,334 - DataManager - INFO - Daily PDF folder structure ready:
2025-06-03 00:41:33,334 - DataManager - INFO -   Base reports folder: data\reports
2025-06-03 00:41:33,335 - DataManager - INFO -   Today's folder: data\reports\2025-06-03
2025-06-03 00:41:33,335 - DataManager - INFO - Data file: data\weighbridge_data.csv
2025-06-03 00:41:33,335 - DataManager - INFO - Reports folder: data\reports
2025-06-03 00:41:33,336 - DataManager - INFO - JSON backup folder: data\json_backups
2025-06-03 00:41:33,336 - DataManager - INFO - PDF folder: data\reports\2025-06-03
2025-06-03 00:41:33,336 - DataManager - INFO - Cloud storage will only be initialized when backup is requested
2025-06-03 00:41:33,336 - TharuniApp - INFO - Data manager initialized
2025-06-03 00:41:33,341 - TharuniApp - INFO - Settings storage initialized
2025-06-03 00:41:33,345 - TharuniApp - INFO - UI styles initialized
2025-06-03 00:41:33,346 - TharuniApp - INFO - Starting user authentication
2025-06-03 00:42:17,789 - TharuniApp - INFO - ============================================================
2025-06-03 00:42:17,790 - TharuniApp - INFO - APPLICATION STARTUP
2025-06-03 00:42:17,790 - TharuniApp - INFO - ============================================================
2025-06-03 00:42:17,794 - TharuniApp - INFO - Configuration setup completed
2025-06-03 00:42:17,795 - DataManager - INFO - DataManager initialized with OFFLINE-FIRST approach + JSON local storage
2025-06-03 00:42:17,796 - DataManager - INFO - CSV structure is up to date
2025-06-03 00:42:17,797 - DataManager - INFO - Daily PDF folder structure ready:
2025-06-03 00:42:17,797 - DataManager - INFO -   Base reports folder: data\reports
2025-06-03 00:42:17,797 - DataManager - INFO -   Today's folder: data\reports\2025-06-03
2025-06-03 00:42:17,798 - DataManager - INFO - Data file: data\weighbridge_data.csv
2025-06-03 00:42:17,798 - DataManager - INFO - Reports folder: data\reports
2025-06-03 00:42:17,799 - DataManager - INFO - JSON backup folder: data\json_backups
2025-06-03 00:42:17,799 - DataManager - INFO - PDF folder: data\reports\2025-06-03
2025-06-03 00:42:17,799 - DataManager - INFO - Cloud storage will only be initialized when backup is requested
2025-06-03 00:42:17,799 - TharuniApp - INFO - Data manager initialized
2025-06-03 00:42:17,801 - TharuniApp - INFO - Settings storage initialized
2025-06-03 00:42:17,805 - TharuniApp - INFO - UI styles initialized
2025-06-03 00:42:17,805 - TharuniApp - INFO - Starting user authentication
2025-06-03 00:42:20,915 - TharuniApp - INFO - Authentication successful: admin
2025-06-03 00:42:20,916 - TharuniApp - INFO - User logged in: admin (Role: admin)
2025-06-03 00:42:20,916 - TharuniApp - INFO - Setting up data context
2025-06-03 00:42:20,917 - DataManager - INFO - CSV structure is up to date
2025-06-03 00:42:20,917 - DataManager - INFO - Data context set to: Agency='Tharuni', Site='Guntur'
2025-06-03 00:42:20,917 - DataManager - INFO - Data file: data\Tharuni_Guntur_data.csv
2025-06-03 00:42:20,917 - TharuniApp - INFO - Data context initialized: Agency='Tharuni', Site='Guntur'
2025-06-03 00:42:20,917 - TharuniApp - INFO - Data will be saved to: data\Tharuni_Guntur_data.csv
2025-06-03 00:42:20,918 - TharuniApp - INFO - PDFs will be saved to: data\reports\2025-06-03
2025-06-03 00:42:20,918 - TharuniApp - INFO - Creating application widgets
2025-06-03 00:42:20,927 - TharuniApp - INFO - Creating main panel
2025-06-03 00:42:20,932 - FormValidator - INFO - FormValidator initialized
2025-06-03 00:42:20,939 - DataManager - INFO - Successfully loaded 1 records from data\Tharuni_Guntur_data.csv
2025-06-03 00:42:21,532 - DataManager - INFO - Successfully loaded 1 records from data\Tharuni_Guntur_data.csv
2025-06-03 00:42:21,532 - TharuniApp - INFO - Main form created
2025-06-03 00:42:21,534 - DataManager - INFO - CSV structure is up to date
2025-06-03 00:42:21,535 - DataManager - INFO - Data context set to: Agency='Tharuni', Site='Guntur'
2025-06-03 00:42:21,535 - DataManager - INFO - Data file: data\Tharuni_Guntur_data.csv
2025-06-03 00:42:21,536 - DataManager - INFO - CSV structure is up to date
2025-06-03 00:42:21,536 - DataManager - INFO - Data context set to: Agency='Tharuni', Site='Guntur'
2025-06-03 00:42:21,536 - DataManager - INFO - Data file: data\Tharuni_Guntur_data.csv
2025-06-03 00:42:21,537 - DataManager - INFO - CSV structure is up to date
2025-06-03 00:42:21,538 - DataManager - INFO - Data context set to: Agency='Tharuni', Site='Guntur'
2025-06-03 00:42:21,538 - DataManager - INFO - Data file: data\Tharuni_Guntur_data.csv
2025-06-03 00:42:21,538 - PendingVehiclesPanel - INFO - PendingVehiclesPanel initialized
2025-06-03 00:42:21,544 - PendingVehiclesPanel - INFO - Refreshing pending vehicles list
2025-06-03 00:42:21,545 - DataManager - INFO - Successfully loaded 1 records from data\Tharuni_Guntur_data.csv
2025-06-03 00:42:21,545 - PendingVehiclesPanel - INFO - Retrieved 1 total records
2025-06-03 00:42:21,545 - PendingVehiclesPanel - INFO - Found 0 pending records
2025-06-03 00:42:21,546 - PendingVehiclesPanel - INFO - Successfully refreshed pending list with 0 items
2025-06-03 00:42:21,546 - TharuniApp - INFO - Pending vehicles panel created
2025-06-03 00:42:21,742 - TharuniApp - INFO - Main panel creation completed
2025-06-03 00:42:21,749 - TharuniApp - INFO - Summary panel created
2025-06-03 00:42:21,964 - TharuniApp - INFO - ✅ Data manager reference set in settings panel
2025-06-03 00:42:21,964 - TharuniApp - INFO - Widget creation completed successfully
2025-06-03 00:42:21,965 - PendingVehiclesPanel - INFO - Refreshing pending vehicles list
2025-06-03 00:42:21,966 - DataManager - INFO - Successfully loaded 1 records from data\Tharuni_Guntur_data.csv
2025-06-03 00:42:21,966 - PendingVehiclesPanel - INFO - Retrieved 1 total records
2025-06-03 00:42:21,966 - PendingVehiclesPanel - INFO - Found 0 pending records
2025-06-03 00:42:21,967 - PendingVehiclesPanel - INFO - Successfully refreshed pending list with 0 items
2025-06-03 00:42:21,968 - DataManager - INFO - Created new daily folder: data\reports\03-06
2025-06-03 00:42:21,968 - TharuniApp - INFO - Application initialization completed successfully
2025-06-03 00:42:22,964 - TharuniApp - INFO - Ensuring settings persistence...
2025-06-03 00:42:22,975 - TharuniApp - INFO - Settings persistence check completed
2025-06-03 00:42:25,030 - DataManager - INFO - Successfully loaded 1 records from data\Tharuni_Guntur_data.csv
2025-06-03 00:42:25,057 - DataManager - INFO - Successfully loaded 1 records from data\Tharuni_Guntur_data.csv
2025-06-03 00:42:25,058 - DataManager - INFO - Successfully loaded 1 records from data\Tharuni_Guntur_data.csv
2025-06-03 00:42:25,931 - DataManager - INFO - Successfully loaded 1 records from data\Tharuni_Guntur_data.csv
2025-06-03 00:42:25,932 - DataManager - INFO - Successfully loaded 1 records from data\Tharuni_Guntur_data.csv
2025-06-03 00:42:27,533 - DataManager - INFO - Successfully loaded 1 records from data\Tharuni_Guntur_data.csv
2025-06-03 00:42:27,534 - DataManager - INFO - Successfully loaded 1 records from data\Tharuni_Guntur_data.csv
2025-06-03 00:42:32,667 - TharuniApp - INFO - ==================================================
2025-06-03 00:42:32,667 - TharuniApp - INFO - SAVE RECORD OPERATION STARTED
2025-06-03 00:42:32,668 - FormValidator - INFO - Starting comprehensive form validation
2025-06-03 00:42:32,668 - FormValidator - INFO - Validating basic fields
2025-06-03 00:42:32,669 - FormValidator - INFO - Field values: ticket='T0002', vehicle='AP01JA0101', agency='Tharuni'
2025-06-03 00:42:32,669 - FormValidator - INFO - Basic validation passed
2025-06-03 00:42:32,670 - FormValidator - INFO - Validating weighment data
2025-06-03 00:42:32,670 - FormValidator - INFO - Weighment data: first_weight='28220.00', first_timestamp='03-06-2025 00:42:26', second_weight='', second_timestamp=''
2025-06-03 00:42:32,671 - FormValidator - INFO - Weighment validation passed
2025-06-03 00:42:32,671 - FormValidator - INFO - Validating images for second weighment
2025-06-03 00:42:32,672 - FormValidator - INFO - Images validation for second: front=False, back=False
2025-06-03 00:42:33,795 - DataManager - INFO - Successfully loaded 1 records from data\Tharuni_Guntur_data.csv
2025-06-03 00:42:33,796 - DataManager - INFO - Successfully loaded 1 records from data\Tharuni_Guntur_data.csv
2025-06-03 00:42:33,800 - FormValidator - INFO - User chose to continue without images
2025-06-03 00:42:33,800 - FormValidator - INFO - Form validation passed successfully
2025-06-03 00:42:33,801 - TharuniApp - INFO - Saving record for ticket: T0002
2025-06-03 00:42:33,802 - TharuniApp - INFO - Form data keys: ['date', 'time', 'site_name', 'agency_name', 'material', 'ticket_no', 'vehicle_no', 'transfer_party_name', 'first_weight', 'first_timestamp', 'second_weight', 'second_timestamp', 'net_weight', 'material_type', 'first_front_image', 'first_back_image', 'second_front_image', 'second_back_image', 'site_incharge', 'user_name']
2025-06-03 00:42:33,803 - TharuniApp - INFO - Record is complete: False
2025-06-03 00:42:33,803 - TharuniApp - INFO - Calling data_manager.save_record for T0002
2025-06-03 00:42:33,804 - DataManager - INFO - ==================================================
2025-06-03 00:42:33,804 - DataManager - INFO - STARTING OFFLINE-FIRST RECORD SAVE WITH JSON BACKUP
2025-06-03 00:42:33,805 - DataManager - INFO - Input data keys: ['date', 'time', 'site_name', 'agency_name', 'material', 'ticket_no', 'vehicle_no', 'transfer_party_name', 'first_weight', 'first_timestamp', 'second_weight', 'second_timestamp', 'net_weight', 'material_type', 'first_front_image', 'first_back_image', 'second_front_image', 'second_back_image', 'site_incharge', 'user_name']
2025-06-03 00:42:33,805 - DataManager - INFO - Net weight cleared - incomplete weighments
2025-06-03 00:42:33,806 - DataManager - INFO - Using data file: data\Tharuni_Guntur_data.csv
2025-06-03 00:42:33,806 - DataManager - INFO - Successfully loaded 1 records from data\Tharuni_Guntur_data.csv
2025-06-03 00:42:33,807 - DataManager - INFO - Filtered 1 records to 0 using filter: 't0002'
2025-06-03 00:42:33,807 - DataManager - INFO - Adding new record: T0002
2025-06-03 00:42:33,807 - DataManager - INFO - Adding new record to CSV
2025-06-03 00:42:33,807 - DataManager - INFO - Record data: ['03-06-2025', '00:42:33', 'Guntur', 'Tharuni', 'Inert', 'T0002', 'AP01JA0101', 'Jindal', '28220.00', '03-06-2025 00:42:26', '', '', '', 'Inert', '', '', '', '', '', 'admin']
2025-06-03 00:42:33,808 - DataManager - INFO - ✅ New record added to data\Tharuni_Guntur_data.csv
2025-06-03 00:42:33,808 - DataManager - INFO - ✅ Record T0002 saved to local CSV successfully
2025-06-03 00:42:33,809 - DataManager - INFO - Record completion status: False
2025-06-03 00:42:34,851 - DataManager - INFO - Successfully loaded 2 records from data\Tharuni_Guntur_data.csv
2025-06-03 00:42:34,852 - DataManager - INFO - Successfully loaded 2 records from data\Tharuni_Guntur_data.csv
2025-06-03 00:42:34,857 - DataManager - INFO - ✅ OFFLINE-FIRST SAVE COMPLETED - Local CSV, JSON backup, and PDF generated
2025-06-03 00:42:34,857 - DataManager - INFO - 💡 Cloud backup available via Settings > Cloud Storage > Backup
2025-06-03 00:42:34,858 - DataManager - INFO - ==================================================
2025-06-03 00:42:34,858 - TharuniApp - INFO - ✅ Record T0002 saved successfully
2025-06-03 00:42:34,858 - TharuniApp - INFO - First weighment saved for ticket T0002 - counter NOT incremented
2025-06-03 00:42:36,056 - DataManager - INFO - Successfully loaded 2 records from data\Tharuni_Guntur_data.csv
2025-06-03 00:42:36,056 - DataManager - INFO - Successfully loaded 2 records from data\Tharuni_Guntur_data.csv
2025-06-03 00:42:36,066 - DataManager - INFO - Successfully loaded 2 records from data\Tharuni_Guntur_data.csv
2025-06-03 00:42:36,066 - DataManager - INFO - Returning all 2 records (no filter)
2025-06-03 00:42:36,067 - PendingVehiclesPanel - INFO - Refreshing pending vehicles list
2025-06-03 00:42:36,067 - DataManager - INFO - Successfully loaded 2 records from data\Tharuni_Guntur_data.csv
2025-06-03 00:42:36,068 - PendingVehiclesPanel - INFO - Retrieved 2 total records
2025-06-03 00:42:36,068 - PendingVehiclesPanel - INFO - Added to pending: T0002
2025-06-03 00:42:36,068 - PendingVehiclesPanel - INFO - Found 1 pending records
2025-06-03 00:42:36,069 - PendingVehiclesPanel - INFO - Successfully refreshed pending list with 1 items
2025-06-03 00:42:36,070 - TharuniApp - INFO - SAVE RECORD OPERATION COMPLETED SUCCESSFULLY
2025-06-03 00:42:36,070 - TharuniApp - INFO - ==================================================
2025-06-03 00:42:59,893 - PendingVehiclesPanel - INFO - Double-clicked on ticket: T0002
2025-06-03 00:42:59,894 - TharuniApp - INFO - Loading pending vehicle: T0002
2025-06-03 00:42:59,896 - DataManager - INFO - Successfully loaded 2 records from data\Tharuni_Guntur_data.csv
2025-06-03 00:42:59,897 - DataManager - INFO - Filtered 2 records to 1 using filter: 't0002'
2025-06-03 00:42:59,899 - DataManager - INFO - CSV structure is up to date
2025-06-03 00:42:59,900 - DataManager - INFO - Data context set to: Agency='Tharuni', Site='Guntur'
2025-06-03 00:42:59,901 - DataManager - INFO - Data file: data\Tharuni_Guntur_data.csv
2025-06-03 00:42:59,909 - TharuniApp - INFO - Successfully loaded pending ticket: T0002
2025-06-03 00:43:05,427 - TharuniApp - INFO - ==================================================
2025-06-03 00:43:05,427 - TharuniApp - INFO - SAVE RECORD OPERATION STARTED
2025-06-03 00:43:05,428 - FormValidator - INFO - Starting comprehensive form validation
2025-06-03 00:43:05,428 - FormValidator - INFO - Validating basic fields
2025-06-03 00:43:05,429 - FormValidator - INFO - Field values: ticket='T0002', vehicle='AP01JA0101', agency='Tharuni'
2025-06-03 00:43:05,429 - FormValidator - INFO - Basic validation passed
2025-06-03 00:43:05,430 - FormValidator - INFO - Validating weighment data
2025-06-03 00:43:05,430 - FormValidator - INFO - Weighment data: first_weight='28220.00', first_timestamp='03-06-2025 00:42:26', second_weight='9850.00', second_timestamp='03-06-2025 00:43:02'
2025-06-03 00:43:05,431 - FormValidator - INFO - Weighment validation passed
2025-06-03 00:43:05,431 - FormValidator - INFO - Validating images for second weighment
2025-06-03 00:43:05,431 - FormValidator - INFO - Images validation for second: front=False, back=False
2025-06-03 00:43:06,649 - FormValidator - INFO - User chose to continue without images
2025-06-03 00:43:06,650 - FormValidator - INFO - Form validation passed successfully
2025-06-03 00:43:06,651 - TharuniApp - INFO - Saving record for ticket: T0002
2025-06-03 00:43:06,651 - TharuniApp - INFO - Form data keys: ['date', 'time', 'site_name', 'agency_name', 'material', 'ticket_no', 'vehicle_no', 'transfer_party_name', 'first_weight', 'first_timestamp', 'second_weight', 'second_timestamp', 'net_weight', 'material_type', 'first_front_image', 'first_back_image', 'second_front_image', 'second_back_image', 'site_incharge', 'user_name']
2025-06-03 00:43:06,652 - TharuniApp - INFO - Record is complete: True
2025-06-03 00:43:06,652 - TharuniApp - INFO - Calling data_manager.save_record for T0002
2025-06-03 00:43:06,652 - DataManager - INFO - ==================================================
2025-06-03 00:43:06,652 - DataManager - INFO - STARTING OFFLINE-FIRST RECORD SAVE WITH JSON BACKUP
2025-06-03 00:43:06,652 - DataManager - INFO - Input data keys: ['date', 'time', 'site_name', 'agency_name', 'material', 'ticket_no', 'vehicle_no', 'transfer_party_name', 'first_weight', 'first_timestamp', 'second_weight', 'second_timestamp', 'net_weight', 'material_type', 'first_front_image', 'first_back_image', 'second_front_image', 'second_back_image', 'site_incharge', 'user_name']
2025-06-03 00:43:06,653 - DataManager - INFO - Net weight calculated: 28220.0 - 9850.0 = 18370.00
2025-06-03 00:43:06,653 - DataManager - INFO - Using data file: data\Tharuni_Guntur_data.csv
2025-06-03 00:43:06,653 - DataManager - INFO - Successfully loaded 2 records from data\Tharuni_Guntur_data.csv
2025-06-03 00:43:06,654 - DataManager - INFO - Filtered 2 records to 1 using filter: 't0002'
2025-06-03 00:43:06,654 - DataManager - INFO - Updating existing record: T0002
2025-06-03 00:43:06,654 - DataManager - INFO - Updating record T0002 in data\Tharuni_Guntur_data.csv
2025-06-03 00:43:06,654 - DataManager - INFO - Read 2 records from CSV
2025-06-03 00:43:06,655 - DataManager - INFO - Found record to update at index 1
2025-06-03 00:43:06,655 - DataManager - INFO - Updated record data: ['03-06-2025', '00:43:06', 'Guntur', 'Tharuni', 'Inert', 'T0002', 'AP01JA0101', 'Jindal', '28220.00', '03-06-2025 00:42:26', '9850.00', '03-06-2025 00:43:02', '18370.00', 'Inert', '', '', '', '', '', 'admin']
2025-06-03 00:43:06,657 - DataManager - INFO - ✅ Record T0002 updated in data\Tharuni_Guntur_data.csv
2025-06-03 00:43:06,658 - DataManager - INFO - ✅ Record T0002 saved to local CSV successfully
2025-06-03 00:43:06,658 - DataManager - INFO - Record completion status: True
2025-06-03 00:43:06,658 - DataManager - INFO - Complete record detected - saving JSON backup locally...
2025-06-03 00:43:06,659 - DataManager - INFO - Created new daily JSON folder: data\json_backups\2025-06-03
2025-06-03 00:43:06,662 - DataManager - INFO - ✅ JSON backup saved: data\json_backups\2025-06-03\T0002_Tharuni_Guntur_004306.json
2025-06-03 00:43:06,662 - DataManager - INFO - ✅ JSON backup saved locally for T0002
2025-06-03 00:43:06,663 - DataManager - INFO - Complete record detected for ticket T0002 - generating PDF locally...
2025-06-03 00:43:06,663 - DataManager - INFO - Today's reports folder ensured: data\reports\2025-06-03
2025-06-03 00:43:06,664 - DataManager - INFO - Reports will be saved to: data\reports\2025-06-03
2025-06-03 00:43:06,664 - DataManager - INFO - Today's reports folder ensured: data\reports\2025-06-03
2025-06-03 00:43:06,666 - DataManager - INFO - SIMPLE TEST - Net display: '18370.00 kg'
2025-06-03 00:43:06,667 - DataManager - INFO - Building PDF document: data\reports\2025-06-03\Tharuni_Guntur_T0002_AP01JA0101_004306.pdf
2025-06-03 00:43:06,679 - DataManager - INFO - PDF created successfully: data\reports\2025-06-03\Tharuni_Guntur_T0002_AP01JA0101_004306.pdf (2968 bytes)
2025-06-03 00:43:06,679 - DataManager - INFO - Auto-generated PDF: data\reports\2025-06-03\Tharuni_Guntur_T0002_AP01JA0101_004306.pdf
2025-06-03 00:43:06,680 - DataManager - INFO - PDF saved to today's reports folder: data\reports\2025-06-03
2025-06-03 00:43:06,680 - DataManager - INFO - ✅ PDF auto-generated locally: data\reports\2025-06-03\Tharuni_Guntur_T0002_AP01JA0101_004306.pdf
2025-06-03 00:43:09,106 - DataManager - INFO - ✅ OFFLINE-FIRST SAVE COMPLETED - Local CSV, JSON backup, and PDF generated
2025-06-03 00:43:09,106 - DataManager - INFO - 📂 PDF saved to today's reports folder: data\reports\2025-06-03
2025-06-03 00:43:09,106 - DataManager - INFO - 💡 Cloud backup available via Settings > Cloud Storage > Backup
2025-06-03 00:43:09,106 - DataManager - INFO - ==================================================
2025-06-03 00:43:09,107 - TharuniApp - INFO - ✅ Record T0002 saved successfully
2025-06-03 00:43:09,110 - TharuniApp - INFO - ✅ Ticket T0002 completed - counter incremented
2025-06-03 00:43:09,111 - TharuniApp - INFO - Removing T0002 from pending vehicles list
2025-06-03 00:43:09,111 - PendingVehiclesPanel - INFO - Attempting to remove ticket T0002 from pending list
2025-06-03 00:43:09,112 - PendingVehiclesPanel - INFO - Removed ticket T0002 from pending list
2025-06-03 00:43:09,134 - TharuniApp - INFO - ✅ Complete record processing finished for T0002
2025-06-03 00:43:09,143 - DataManager - INFO - Successfully loaded 2 records from data\Tharuni_Guntur_data.csv
2025-06-03 00:43:09,143 - DataManager - INFO - Returning all 2 records (no filter)
2025-06-03 00:43:09,144 - PendingVehiclesPanel - INFO - Refreshing pending vehicles list
2025-06-03 00:43:09,145 - DataManager - INFO - Successfully loaded 2 records from data\Tharuni_Guntur_data.csv
2025-06-03 00:43:09,146 - PendingVehiclesPanel - INFO - Retrieved 2 total records
2025-06-03 00:43:09,146 - PendingVehiclesPanel - INFO - Found 0 pending records
2025-06-03 00:43:09,147 - PendingVehiclesPanel - INFO - Successfully refreshed pending list with 0 items
2025-06-03 00:43:09,147 - TharuniApp - INFO - SAVE RECORD OPERATION COMPLETED SUCCESSFULLY
2025-06-03 00:43:09,147 - TharuniApp - INFO - ==================================================
2025-06-03 00:43:21,968 - PendingVehiclesPanel - INFO - Refreshing pending vehicles list
2025-06-03 00:43:21,970 - DataManager - INFO - Successfully loaded 2 records from data\Tharuni_Guntur_data.csv
2025-06-03 00:43:21,971 - PendingVehiclesPanel - INFO - Retrieved 2 total records
2025-06-03 00:43:21,972 - PendingVehiclesPanel - INFO - Found 0 pending records
2025-06-03 00:43:21,973 - PendingVehiclesPanel - INFO - Successfully refreshed pending list with 0 items
2025-06-03 00:43:21,975 - DataManager - INFO - Created new daily folder: data\reports\03-06
2025-06-03 00:58:23,185 - TharuniApp - INFO - ============================================================
2025-06-03 00:58:23,186 - TharuniApp - INFO - APPLICATION STARTUP
2025-06-03 00:58:23,186 - TharuniApp - INFO - ============================================================
2025-06-03 00:58:23,190 - TharuniApp - INFO - Configuration setup completed
2025-06-03 00:58:23,191 - DataManager - INFO - DataManager initialized with OFFLINE-FIRST approach + JSON local storage
2025-06-03 00:58:23,191 - DataManager - INFO - CSV structure is up to date
2025-06-03 00:58:23,192 - DataManager - INFO - Daily PDF folder structure ready:
2025-06-03 00:58:23,192 - DataManager - INFO -   Base reports folder: data\reports
2025-06-03 00:58:23,192 - DataManager - INFO -   Today's folder: data\reports\2025-06-03
2025-06-03 00:58:23,193 - DataManager - INFO - Data file: data\weighbridge_data.csv
2025-06-03 00:58:23,193 - DataManager - INFO - Reports folder: data\reports
2025-06-03 00:58:23,194 - DataManager - INFO - JSON backup folder: data\json_backups
2025-06-03 00:58:23,194 - DataManager - INFO - PDF folder: data\reports\2025-06-03
2025-06-03 00:58:23,194 - DataManager - INFO - Cloud storage will only be initialized when backup is requested
2025-06-03 00:58:23,194 - TharuniApp - INFO - Data manager initialized
2025-06-03 00:58:23,198 - TharuniApp - INFO - Settings storage initialized
2025-06-03 00:58:23,202 - TharuniApp - INFO - UI styles initialized
2025-06-03 00:58:23,202 - TharuniApp - INFO - Starting user authentication
2025-06-03 00:58:26,520 - TharuniApp - INFO - Authentication successful: admin
2025-06-03 00:58:26,520 - TharuniApp - INFO - User logged in: admin (Role: admin)
2025-06-03 00:58:26,520 - TharuniApp - INFO - Setting up data context
2025-06-03 00:58:26,521 - DataManager - INFO - CSV structure is up to date
2025-06-03 00:58:26,521 - DataManager - INFO - Data context set to: Agency='Tharuni', Site='Guntur'
2025-06-03 00:58:26,521 - DataManager - INFO - Data file: data\Tharuni_Guntur_data.csv
2025-06-03 00:58:26,521 - TharuniApp - INFO - Data context initialized: Agency='Tharuni', Site='Guntur'
2025-06-03 00:58:26,522 - TharuniApp - INFO - Data will be saved to: data\Tharuni_Guntur_data.csv
2025-06-03 00:58:26,522 - TharuniApp - INFO - PDFs will be saved to: data\reports\2025-06-03
2025-06-03 00:58:26,522 - TharuniApp - INFO - Creating application widgets
2025-06-03 00:58:26,529 - TharuniApp - INFO - Creating main panel
2025-06-03 00:58:26,536 - FormValidator - INFO - FormValidator initialized
2025-06-03 00:58:26,544 - DataManager - INFO - Successfully loaded 2 records from data\Tharuni_Guntur_data.csv
2025-06-03 00:58:27,133 - DataManager - INFO - Successfully loaded 2 records from data\Tharuni_Guntur_data.csv
2025-06-03 00:58:27,133 - TharuniApp - INFO - Main form created
2025-06-03 00:58:27,135 - DataManager - INFO - CSV structure is up to date
2025-06-03 00:58:27,135 - DataManager - INFO - Data context set to: Agency='Tharuni', Site='Guntur'
2025-06-03 00:58:27,136 - DataManager - INFO - Data file: data\Tharuni_Guntur_data.csv
2025-06-03 00:58:27,136 - DataManager - INFO - CSV structure is up to date
2025-06-03 00:58:27,137 - DataManager - INFO - Data context set to: Agency='Tharuni', Site='Guntur'
2025-06-03 00:58:27,137 - DataManager - INFO - Data file: data\Tharuni_Guntur_data.csv
2025-06-03 00:58:27,138 - DataManager - INFO - CSV structure is up to date
2025-06-03 00:58:27,138 - DataManager - INFO - Data context set to: Agency='Tharuni', Site='Guntur'
2025-06-03 00:58:27,138 - DataManager - INFO - Data file: data\Tharuni_Guntur_data.csv
2025-06-03 00:58:27,138 - PendingVehiclesPanel - INFO - PendingVehiclesPanel initialized
2025-06-03 00:58:27,147 - PendingVehiclesPanel - INFO - Refreshing pending vehicles list
2025-06-03 00:58:27,148 - DataManager - INFO - Successfully loaded 2 records from data\Tharuni_Guntur_data.csv
2025-06-03 00:58:27,148 - PendingVehiclesPanel - INFO - Retrieved 2 total records
2025-06-03 00:58:27,148 - PendingVehiclesPanel - INFO - Found 0 pending records
2025-06-03 00:58:27,148 - PendingVehiclesPanel - INFO - Successfully refreshed pending list with 0 items
2025-06-03 00:58:27,149 - TharuniApp - INFO - Pending vehicles panel created
2025-06-03 00:58:27,341 - TharuniApp - INFO - Main panel creation completed
2025-06-03 00:58:27,351 - TharuniApp - INFO - Summary panel created
2025-06-03 00:58:27,564 - TharuniApp - INFO - ✅ Data manager reference set in settings panel
2025-06-03 00:58:27,564 - TharuniApp - INFO - Widget creation completed successfully
2025-06-03 00:58:27,566 - PendingVehiclesPanel - INFO - Refreshing pending vehicles list
2025-06-03 00:58:27,566 - DataManager - INFO - Successfully loaded 2 records from data\Tharuni_Guntur_data.csv
2025-06-03 00:58:27,566 - PendingVehiclesPanel - INFO - Retrieved 2 total records
2025-06-03 00:58:27,567 - PendingVehiclesPanel - INFO - Found 0 pending records
2025-06-03 00:58:27,567 - PendingVehiclesPanel - INFO - Successfully refreshed pending list with 0 items
2025-06-03 00:58:27,568 - DataManager - INFO - Created new daily folder: data\reports\03-06
2025-06-03 00:58:27,568 - TharuniApp - INFO - Application initialization completed successfully
2025-06-03 00:58:28,566 - TharuniApp - INFO - Ensuring settings persistence...
2025-06-03 00:58:28,573 - TharuniApp - INFO - Settings persistence check completed
2025-06-03 00:58:36,610 - TharuniApp - INFO - ==================================================
2025-06-03 00:58:36,611 - TharuniApp - INFO - SAVE RECORD OPERATION STARTED WITH CORRECTED TICKET FLOW
2025-06-03 00:58:36,611 - FormValidator - INFO - Starting comprehensive form validation
2025-06-03 00:58:36,612 - FormValidator - INFO - Validating basic fields
2025-06-03 00:58:36,612 - FormValidator - INFO - Field values: ticket='T0003', vehicle='', agency='Tharuni'
2025-06-03 00:58:36,613 - FormValidator - ERROR - Basic validation failed: Please fill in the following required fields: Vehicle No
2025-06-03 00:58:37,844 - TharuniApp - WARNING - Form validation failed - aborting save
2025-06-03 00:58:37,845 - TharuniApp - INFO - ==================================================
2025-06-03 00:58:39,729 - DataManager - INFO - Successfully loaded 2 records from data\Tharuni_Guntur_data.csv
2025-06-03 00:58:39,733 - DataManager - INFO - Successfully loaded 2 records from data\Tharuni_Guntur_data.csv
2025-06-03 00:58:39,735 - DataManager - INFO - Successfully loaded 2 records from data\Tharuni_Guntur_data.csv
2025-06-03 00:58:40,589 - DataManager - INFO - Successfully loaded 2 records from data\Tharuni_Guntur_data.csv
2025-06-03 00:58:40,762 - DataManager - INFO - Successfully loaded 2 records from data\Tharuni_Guntur_data.csv
2025-06-03 00:58:40,918 - DataManager - INFO - Successfully loaded 2 records from data\Tharuni_Guntur_data.csv
2025-06-03 00:58:41,604 - DataManager - INFO - Successfully loaded 2 records from data\Tharuni_Guntur_data.csv
2025-06-03 00:58:42,140 - DataManager - INFO - Successfully loaded 2 records from data\Tharuni_Guntur_data.csv
2025-06-03 00:58:42,619 - DataManager - INFO - Successfully loaded 2 records from data\Tharuni_Guntur_data.csv
2025-06-03 00:58:42,878 - DataManager - INFO - Successfully loaded 2 records from data\Tharuni_Guntur_data.csv
2025-06-03 00:58:42,964 - DataManager - INFO - Successfully loaded 2 records from data\Tharuni_Guntur_data.csv
2025-06-03 00:58:43,275 - DataManager - INFO - Successfully loaded 2 records from data\Tharuni_Guntur_data.csv
2025-06-03 00:58:43,476 - DataManager - INFO - Successfully loaded 2 records from data\Tharuni_Guntur_data.csv
2025-06-03 00:58:43,595 - DataManager - INFO - Successfully loaded 2 records from data\Tharuni_Guntur_data.csv
2025-06-03 00:58:43,739 - DataManager - INFO - Successfully loaded 2 records from data\Tharuni_Guntur_data.csv
2025-06-03 00:58:46,740 - TharuniApp - INFO - ==================================================
2025-06-03 00:58:46,740 - TharuniApp - INFO - SAVE RECORD OPERATION STARTED WITH CORRECTED TICKET FLOW
2025-06-03 00:58:46,741 - FormValidator - INFO - Starting comprehensive form validation
2025-06-03 00:58:46,741 - FormValidator - INFO - Validating basic fields
2025-06-03 00:58:46,742 - FormValidator - INFO - Field values: ticket='T0003', vehicle='AP08EL0455', agency='Tharuni'
2025-06-03 00:58:46,742 - FormValidator - INFO - Basic validation passed
2025-06-03 00:58:46,743 - FormValidator - INFO - Validating weighment data
2025-06-03 00:58:46,743 - FormValidator - INFO - Weighment data: first_weight='25580.00', first_timestamp='03-06-2025 00:58:30', second_weight='', second_timestamp=''
2025-06-03 00:58:46,744 - FormValidator - INFO - Weighment validation passed
2025-06-03 00:58:46,744 - FormValidator - INFO - Validating images for second weighment
2025-06-03 00:58:46,745 - FormValidator - INFO - Images validation for second: front=False, back=False
2025-06-03 00:58:47,964 - DataManager - INFO - Successfully loaded 2 records from data\Tharuni_Guntur_data.csv
2025-06-03 00:58:47,965 - DataManager - INFO - Successfully loaded 2 records from data\Tharuni_Guntur_data.csv
2025-06-03 00:58:47,968 - FormValidator - INFO - User chose to continue without images
2025-06-03 00:58:47,968 - FormValidator - INFO - Form validation passed successfully
2025-06-03 00:58:47,969 - TharuniApp - INFO - Saving record for ticket: T0003
2025-06-03 00:58:47,970 - TharuniApp - INFO - Form data keys: ['date', 'time', 'site_name', 'agency_name', 'material', 'ticket_no', 'vehicle_no', 'transfer_party_name', 'first_weight', 'first_timestamp', 'second_weight', 'second_timestamp', 'net_weight', 'material_type', 'first_front_image', 'first_back_image', 'second_front_image', 'second_back_image', 'site_incharge', 'user_name']
2025-06-03 00:58:47,970 - TharuniApp - INFO - Weighment analysis:
2025-06-03 00:58:47,970 - TharuniApp - INFO -   - Has first weighment: True
2025-06-03 00:58:47,970 - TharuniApp - INFO -   - Has second weighment: False
2025-06-03 00:58:47,971 - TharuniApp - INFO -   - Is complete record: False
2025-06-03 00:58:47,971 - TharuniApp - INFO -   - Is first weighment only: True
2025-06-03 00:58:47,971 - TharuniApp - INFO - Calling data_manager.save_record for T0003
2025-06-03 00:58:47,971 - DataManager - INFO - ==================================================
2025-06-03 00:58:47,971 - DataManager - INFO - STARTING OFFLINE-FIRST RECORD SAVE WITH CORRECTED TICKET FLOW
2025-06-03 00:58:47,972 - DataManager - INFO - Input data keys: ['date', 'time', 'site_name', 'agency_name', 'material', 'ticket_no', 'vehicle_no', 'transfer_party_name', 'first_weight', 'first_timestamp', 'second_weight', 'second_timestamp', 'net_weight', 'material_type', 'first_front_image', 'first_back_image', 'second_front_image', 'second_back_image', 'site_incharge', 'user_name']
2025-06-03 00:58:47,972 - DataManager - INFO - Net weight cleared - incomplete weighments
2025-06-03 00:58:47,972 - DataManager - INFO - Using data file: data\Tharuni_Guntur_data.csv
2025-06-03 00:58:47,973 - DataManager - INFO - Successfully loaded 2 records from data\Tharuni_Guntur_data.csv
2025-06-03 00:58:47,973 - DataManager - INFO - Filtered 2 records to 0 using filter: 't0003'
2025-06-03 00:58:47,974 - DataManager - INFO - Adding new record: T0003
2025-06-03 00:58:47,974 - DataManager - INFO - Adding new record to CSV
2025-06-03 00:58:47,974 - DataManager - INFO - Record data: ['03-06-2025', '00:58:47', 'Guntur', 'Tharuni', 'Inert', 'T0003', 'AP08EL0455', 'Jindal', '25580.00', '03-06-2025 00:58:30', '', '', '', 'Inert', '', '', '', '', '', 'admin']
2025-06-03 00:58:47,978 - DataManager - INFO - ✅ New record added to data\Tharuni_Guntur_data.csv
2025-06-03 00:58:47,978 - DataManager - INFO - ✅ Record T0003 saved to local CSV successfully
2025-06-03 00:58:47,979 - DataManager - INFO - Weighment analysis:
2025-06-03 00:58:47,979 - DataManager - INFO -   - Has first weighment: True
2025-06-03 00:58:47,979 - DataManager - INFO -   - Has second weighment: False
2025-06-03 00:58:47,980 - DataManager - INFO -   - Is first weighment save: True
2025-06-03 00:58:47,980 - DataManager - INFO -   - Is complete record: False
2025-06-03 00:58:47,980 - DataManager - INFO -   - Is update: False
2025-06-03 00:58:47,980 - DataManager - ERROR - ❌ Critical error saving record: 'DataManager' object has no attribute 'main_form'
2025-06-03 00:58:50,764 - DataManager - INFO - Successfully loaded 3 records from data\Tharuni_Guntur_data.csv
2025-06-03 00:58:50,765 - DataManager - INFO - Successfully loaded 3 records from data\Tharuni_Guntur_data.csv
2025-06-03 00:58:50,769 - TharuniApp - ERROR - ❌ Failed to save record T0003
2025-06-03 00:58:51,758 - DataManager - INFO - Successfully loaded 3 records from data\Tharuni_Guntur_data.csv
2025-06-03 00:58:51,759 - DataManager - INFO - Successfully loaded 3 records from data\Tharuni_Guntur_data.csv
2025-06-03 00:58:51,762 - TharuniApp - INFO - ==================================================
2025-06-03 00:59:27,579 - PendingVehiclesPanel - INFO - Refreshing pending vehicles list
2025-06-03 00:59:27,579 - DataManager - INFO - Successfully loaded 3 records from data\Tharuni_Guntur_data.csv
2025-06-03 00:59:27,580 - PendingVehiclesPanel - INFO - Retrieved 3 total records
2025-06-03 00:59:27,580 - PendingVehiclesPanel - INFO - Added to pending: T0003
2025-06-03 00:59:27,580 - PendingVehiclesPanel - INFO - Found 1 pending records
2025-06-03 00:59:27,581 - PendingVehiclesPanel - INFO - Successfully refreshed pending list with 1 items
2025-06-03 01:00:27,589 - PendingVehiclesPanel - INFO - Refreshing pending vehicles list
2025-06-03 01:00:27,590 - DataManager - INFO - Successfully loaded 3 records from data\Tharuni_Guntur_data.csv
2025-06-03 01:00:27,591 - PendingVehiclesPanel - INFO - Retrieved 3 total records
2025-06-03 01:00:27,591 - PendingVehiclesPanel - INFO - Added to pending: T0003
2025-06-03 01:00:27,591 - PendingVehiclesPanel - INFO - Found 1 pending records
2025-06-03 01:00:27,592 - PendingVehiclesPanel - INFO - Successfully refreshed pending list with 1 items
2025-06-03 01:01:27,599 - PendingVehiclesPanel - INFO - Refreshing pending vehicles list
2025-06-03 01:01:27,600 - DataManager - INFO - Successfully loaded 3 records from data\Tharuni_Guntur_data.csv
2025-06-03 01:01:27,601 - PendingVehiclesPanel - INFO - Retrieved 3 total records
2025-06-03 01:01:27,601 - PendingVehiclesPanel - INFO - Added to pending: T0003
2025-06-03 01:01:27,601 - PendingVehiclesPanel - INFO - Found 1 pending records
2025-06-03 01:01:27,602 - PendingVehiclesPanel - INFO - Successfully refreshed pending list with 1 items
2025-06-03 01:02:27,608 - PendingVehiclesPanel - INFO - Refreshing pending vehicles list
2025-06-03 01:02:27,611 - DataManager - INFO - Successfully loaded 3 records from data\Tharuni_Guntur_data.csv
2025-06-03 01:02:27,612 - PendingVehiclesPanel - INFO - Retrieved 3 total records
2025-06-03 01:02:27,613 - PendingVehiclesPanel - INFO - Added to pending: T0003
2025-06-03 01:02:27,614 - PendingVehiclesPanel - INFO - Found 1 pending records
2025-06-03 01:02:27,616 - PendingVehiclesPanel - INFO - Successfully refreshed pending list with 1 items
2025-06-03 01:03:27,620 - PendingVehiclesPanel - INFO - Refreshing pending vehicles list
2025-06-03 01:03:27,623 - DataManager - INFO - Successfully loaded 3 records from data\Tharuni_Guntur_data.csv
2025-06-03 01:03:27,624 - PendingVehiclesPanel - INFO - Retrieved 3 total records
2025-06-03 01:03:27,625 - PendingVehiclesPanel - INFO - Added to pending: T0003
2025-06-03 01:03:27,626 - PendingVehiclesPanel - INFO - Found 1 pending records
2025-06-03 01:03:27,628 - PendingVehiclesPanel - INFO - Successfully refreshed pending list with 1 items
2025-06-03 01:04:27,640 - PendingVehiclesPanel - INFO - Refreshing pending vehicles list
2025-06-03 01:04:27,642 - DataManager - INFO - Successfully loaded 3 records from data\Tharuni_Guntur_data.csv
2025-06-03 01:04:27,642 - PendingVehiclesPanel - INFO - Retrieved 3 total records
2025-06-03 01:04:27,642 - PendingVehiclesPanel - INFO - Added to pending: T0003
2025-06-03 01:04:27,642 - PendingVehiclesPanel - INFO - Found 1 pending records
2025-06-03 01:04:27,643 - PendingVehiclesPanel - INFO - Successfully refreshed pending list with 1 items
2025-06-03 01:04:40,784 - TharuniApp - INFO - ============================================================
2025-06-03 01:04:40,784 - TharuniApp - INFO - APPLICATION STARTUP
2025-06-03 01:04:40,784 - TharuniApp - INFO - ============================================================
2025-06-03 01:04:40,788 - TharuniApp - INFO - Configuration setup completed
2025-06-03 01:04:40,789 - DataManager - INFO - DataManager initialized with OFFLINE-FIRST approach + JSON local storage
2025-06-03 01:04:40,789 - DataManager - INFO - CSV structure is up to date
2025-06-03 01:04:40,790 - DataManager - INFO - Daily PDF folder structure ready:
2025-06-03 01:04:40,790 - DataManager - INFO -   Base reports folder: data\reports
2025-06-03 01:04:40,790 - DataManager - INFO -   Today's folder: data\reports\2025-06-03
2025-06-03 01:04:40,791 - DataManager - INFO - Data file: data\weighbridge_data.csv
2025-06-03 01:04:40,791 - DataManager - INFO - Reports folder: data\reports
2025-06-03 01:04:40,791 - DataManager - INFO - JSON backup folder: data\json_backups
2025-06-03 01:04:40,792 - DataManager - INFO - PDF folder: data\reports\2025-06-03
2025-06-03 01:04:40,792 - DataManager - INFO - Cloud storage will only be initialized when backup is requested
2025-06-03 01:04:40,792 - TharuniApp - INFO - Data manager initialized
2025-06-03 01:04:40,795 - TharuniApp - INFO - Settings storage initialized
2025-06-03 01:04:40,797 - TharuniApp - INFO - UI styles initialized
2025-06-03 01:04:40,797 - TharuniApp - INFO - Starting user authentication
2025-06-03 01:04:44,136 - TharuniApp - INFO - Authentication successful: admin
2025-06-03 01:04:44,137 - TharuniApp - INFO - User logged in: admin (Role: admin)
2025-06-03 01:04:44,137 - TharuniApp - INFO - Setting up data context
2025-06-03 01:04:44,138 - DataManager - INFO - CSV structure is up to date
2025-06-03 01:04:44,139 - DataManager - INFO - Data context set to: Agency='Tharuni', Site='Guntur'
2025-06-03 01:04:44,139 - DataManager - INFO - Data file: data\Tharuni_Guntur_data.csv
2025-06-03 01:04:44,139 - TharuniApp - INFO - Data context initialized: Agency='Tharuni', Site='Guntur'
2025-06-03 01:04:44,140 - TharuniApp - INFO - Data will be saved to: data\Tharuni_Guntur_data.csv
2025-06-03 01:04:44,140 - TharuniApp - INFO - PDFs will be saved to: data\reports\2025-06-03
2025-06-03 01:04:44,140 - TharuniApp - INFO - Creating application widgets
2025-06-03 01:04:44,149 - TharuniApp - INFO - Creating main panel
2025-06-03 01:04:44,155 - FormValidator - INFO - FormValidator initialized
2025-06-03 01:04:44,163 - DataManager - INFO - Successfully loaded 3 records from data\Tharuni_Guntur_data.csv
2025-06-03 01:04:44,766 - DataManager - INFO - Successfully loaded 3 records from data\Tharuni_Guntur_data.csv
2025-06-03 01:04:44,766 - TharuniApp - INFO - Main form created
2025-06-03 01:04:44,768 - DataManager - INFO - CSV structure is up to date
2025-06-03 01:04:44,768 - DataManager - INFO - Data context set to: Agency='Tharuni', Site='Guntur'
2025-06-03 01:04:44,768 - DataManager - INFO - Data file: data\Tharuni_Guntur_data.csv
2025-06-03 01:04:44,769 - DataManager - INFO - CSV structure is up to date
2025-06-03 01:04:44,769 - DataManager - INFO - Data context set to: Agency='Tharuni', Site='Guntur'
2025-06-03 01:04:44,770 - DataManager - INFO - Data file: data\Tharuni_Guntur_data.csv
2025-06-03 01:04:44,770 - DataManager - INFO - CSV structure is up to date
2025-06-03 01:04:44,771 - DataManager - INFO - Data context set to: Agency='Tharuni', Site='Guntur'
2025-06-03 01:04:44,771 - DataManager - INFO - Data file: data\Tharuni_Guntur_data.csv
2025-06-03 01:04:44,771 - PendingVehiclesPanel - INFO - PendingVehiclesPanel initialized
2025-06-03 01:04:44,778 - PendingVehiclesPanel - INFO - Refreshing pending vehicles list
2025-06-03 01:04:44,778 - DataManager - INFO - Successfully loaded 3 records from data\Tharuni_Guntur_data.csv
2025-06-03 01:04:44,779 - PendingVehiclesPanel - INFO - Retrieved 3 total records
2025-06-03 01:04:44,779 - PendingVehiclesPanel - INFO - Added to pending: T0003
2025-06-03 01:04:44,779 - PendingVehiclesPanel - INFO - Found 1 pending records
2025-06-03 01:04:44,780 - PendingVehiclesPanel - INFO - Successfully refreshed pending list with 1 items
2025-06-03 01:04:44,780 - TharuniApp - INFO - Pending vehicles panel created
2025-06-03 01:04:44,979 - TharuniApp - INFO - Main panel creation completed
2025-06-03 01:04:44,988 - TharuniApp - INFO - Summary panel created
2025-06-03 01:04:45,206 - TharuniApp - INFO - ✅ Data manager reference set in settings panel
2025-06-03 01:04:45,206 - TharuniApp - INFO - Widget creation completed successfully
2025-06-03 01:04:45,208 - PendingVehiclesPanel - INFO - Refreshing pending vehicles list
2025-06-03 01:04:45,209 - DataManager - INFO - Successfully loaded 3 records from data\Tharuni_Guntur_data.csv
2025-06-03 01:04:45,209 - PendingVehiclesPanel - INFO - Retrieved 3 total records
2025-06-03 01:04:45,209 - PendingVehiclesPanel - INFO - Added to pending: T0003
2025-06-03 01:04:45,210 - PendingVehiclesPanel - INFO - Found 1 pending records
2025-06-03 01:04:45,210 - PendingVehiclesPanel - INFO - Successfully refreshed pending list with 1 items
2025-06-03 01:04:45,211 - DataManager - INFO - Created new daily folder: data\reports\03-06
2025-06-03 01:04:45,211 - TharuniApp - INFO - Application initialization completed successfully
2025-06-03 01:04:46,208 - TharuniApp - INFO - Ensuring settings persistence...
2025-06-03 01:04:46,211 - TharuniApp - INFO - Settings persistence check completed
2025-06-03 01:04:50,239 - DataManager - INFO - Successfully loaded 3 records from data\Tharuni_Guntur_data.csv
2025-06-03 01:04:50,259 - DataManager - INFO - Successfully loaded 3 records from data\Tharuni_Guntur_data.csv
2025-06-03 01:04:50,260 - DataManager - INFO - Successfully loaded 3 records from data\Tharuni_Guntur_data.csv
2025-06-03 01:04:51,324 - DataManager - INFO - Successfully loaded 3 records from data\Tharuni_Guntur_data.csv
2025-06-03 01:04:51,325 - DataManager - INFO - Successfully loaded 3 records from data\Tharuni_Guntur_data.csv
2025-06-03 01:04:53,907 - DataManager - INFO - Successfully loaded 3 records from data\Tharuni_Guntur_data.csv
2025-06-03 01:04:53,908 - DataManager - INFO - Successfully loaded 3 records from data\Tharuni_Guntur_data.csv
2025-06-03 01:04:58,675 - TharuniApp - INFO - ==================================================
2025-06-03 01:04:58,676 - TharuniApp - INFO - SAVE RECORD OPERATION STARTED WITH CORRECTED TICKET FLOW
2025-06-03 01:04:58,676 - FormValidator - INFO - Starting comprehensive form validation
2025-06-03 01:04:58,677 - FormValidator - INFO - Validating basic fields
2025-06-03 01:04:58,677 - FormValidator - INFO - Field values: ticket='T0003', vehicle='AP08EL0455', agency='Tharuni'
2025-06-03 01:04:58,678 - FormValidator - INFO - Basic validation passed
2025-06-03 01:04:58,678 - FormValidator - INFO - Validating weighment data
2025-06-03 01:04:58,679 - FormValidator - INFO - Weighment data: first_weight='40560.00', first_timestamp='03-06-2025 01:04:52', second_weight='', second_timestamp=''
2025-06-03 01:04:58,679 - FormValidator - INFO - Weighment validation passed
2025-06-03 01:04:58,680 - FormValidator - INFO - Validating images for second weighment
2025-06-03 01:04:58,680 - FormValidator - INFO - Images validation for second: front=False, back=False
2025-06-03 01:04:59,779 - DataManager - INFO - Successfully loaded 3 records from data\Tharuni_Guntur_data.csv
2025-06-03 01:04:59,780 - DataManager - INFO - Successfully loaded 3 records from data\Tharuni_Guntur_data.csv
2025-06-03 01:04:59,783 - FormValidator - INFO - User chose to continue without images
2025-06-03 01:04:59,784 - FormValidator - INFO - Form validation passed successfully
2025-06-03 01:04:59,785 - TharuniApp - INFO - Saving record for ticket: T0003
2025-06-03 01:04:59,785 - TharuniApp - INFO - Form data keys: ['date', 'time', 'site_name', 'agency_name', 'material', 'ticket_no', 'vehicle_no', 'transfer_party_name', 'first_weight', 'first_timestamp', 'second_weight', 'second_timestamp', 'net_weight', 'material_type', 'first_front_image', 'first_back_image', 'second_front_image', 'second_back_image', 'site_incharge', 'user_name']
2025-06-03 01:04:59,786 - TharuniApp - INFO - Weighment analysis:
2025-06-03 01:04:59,786 - TharuniApp - INFO -   - Has first weighment: True
2025-06-03 01:04:59,786 - TharuniApp - INFO -   - Has second weighment: False
2025-06-03 01:04:59,787 - TharuniApp - INFO -   - Is complete record: False
2025-06-03 01:04:59,787 - TharuniApp - INFO -   - Is first weighment only: True
2025-06-03 01:04:59,788 - TharuniApp - INFO - Calling data_manager.save_record for T0003
2025-06-03 01:04:59,788 - DataManager - INFO - ==================================================
2025-06-03 01:04:59,788 - DataManager - INFO - STARTING OFFLINE-FIRST RECORD SAVE
2025-06-03 01:04:59,789 - DataManager - INFO - Input data keys: ['date', 'time', 'site_name', 'agency_name', 'material', 'ticket_no', 'vehicle_no', 'transfer_party_name', 'first_weight', 'first_timestamp', 'second_weight', 'second_timestamp', 'net_weight', 'material_type', 'first_front_image', 'first_back_image', 'second_front_image', 'second_back_image', 'site_incharge', 'user_name']
2025-06-03 01:04:59,789 - DataManager - INFO - Net weight cleared - incomplete weighments
2025-06-03 01:04:59,789 - DataManager - INFO - Using data file: data\Tharuni_Guntur_data.csv
2025-06-03 01:04:59,790 - DataManager - INFO - Successfully loaded 3 records from data\Tharuni_Guntur_data.csv
2025-06-03 01:04:59,791 - DataManager - INFO - Filtered 3 records to 1 using filter: 't0003'
2025-06-03 01:04:59,791 - DataManager - INFO - Updating existing record: T0003
2025-06-03 01:04:59,792 - DataManager - INFO - Updating record T0003 in data\Tharuni_Guntur_data.csv
2025-06-03 01:04:59,792 - DataManager - INFO - Read 3 records from CSV
2025-06-03 01:04:59,792 - DataManager - INFO - Found record to update at index 2
2025-06-03 01:04:59,793 - DataManager - INFO - Updated record data: ['03-06-2025', '01:04:59', 'Guntur', 'Tharuni', 'Inert', 'T0003', 'AP08EL0455', 'Jindal', '40560.00', '03-06-2025 01:04:52', '', '', '', 'Inert', '', '', '', '', '', 'admin']
2025-06-03 01:04:59,795 - DataManager - INFO - ✅ Record T0003 updated in data\Tharuni_Guntur_data.csv
2025-06-03 01:04:59,795 - DataManager - INFO - ✅ Record T0003 saved to local CSV successfully
2025-06-03 01:04:59,795 - DataManager - INFO - Weighment analysis:
2025-06-03 01:04:59,796 - DataManager - INFO -   - Has first weighment: True
2025-06-03 01:04:59,796 - DataManager - INFO -   - Has second weighment: False
2025-06-03 01:04:59,796 - DataManager - INFO -   - Is first weighment save: True
2025-06-03 01:04:59,796 - DataManager - INFO -   - Is complete record: False
2025-06-03 01:04:59,797 - DataManager - INFO -   - Is update: True
2025-06-03 01:04:59,797 - DataManager - INFO - ✅ OFFLINE-FIRST SAVE COMPLETED - Local CSV, JSON backup, and PDF generated
2025-06-03 01:04:59,797 - DataManager - INFO - 💡 Cloud backup available via Settings > Cloud Storage > Backup
2025-06-03 01:04:59,797 - DataManager - INFO - ==================================================
2025-06-03 01:04:59,797 - TharuniApp - INFO - ✅ Record T0003 saved successfully
2025-06-03 01:04:59,808 - DataManager - INFO - Successfully loaded 3 records from data\Tharuni_Guntur_data.csv
2025-06-03 01:04:59,808 - DataManager - INFO - Returning all 3 records (no filter)
2025-06-03 01:04:59,808 - PendingVehiclesPanel - INFO - Refreshing pending vehicles list
2025-06-03 01:04:59,809 - DataManager - INFO - Successfully loaded 3 records from data\Tharuni_Guntur_data.csv
2025-06-03 01:04:59,809 - PendingVehiclesPanel - INFO - Retrieved 3 total records
2025-06-03 01:04:59,809 - PendingVehiclesPanel - INFO - Added to pending: T0003
2025-06-03 01:04:59,810 - PendingVehiclesPanel - INFO - Found 1 pending records
2025-06-03 01:04:59,810 - PendingVehiclesPanel - INFO - Successfully refreshed pending list with 1 items
2025-06-03 01:04:59,810 - TharuniApp - INFO - SAVE RECORD OPERATION COMPLETED SUCCESSFULLY WITH CORRECTED FLOW
2025-06-03 01:04:59,811 - TharuniApp - INFO - ==================================================
2025-06-03 01:05:10,012 - PendingVehiclesPanel - INFO - Refreshing pending vehicles list
2025-06-03 01:05:10,013 - DataManager - INFO - Successfully loaded 3 records from data\Tharuni_Guntur_data.csv
2025-06-03 01:05:10,013 - PendingVehiclesPanel - INFO - Retrieved 3 total records
2025-06-03 01:05:10,014 - PendingVehiclesPanel - INFO - Added to pending: T0003
2025-06-03 01:05:10,015 - PendingVehiclesPanel - INFO - Found 1 pending records
2025-06-03 01:05:10,015 - PendingVehiclesPanel - INFO - Successfully refreshed pending list with 1 items
2025-06-03 01:05:22,907 - PendingVehiclesPanel - INFO - Refreshing pending vehicles list
2025-06-03 01:05:22,908 - DataManager - INFO - Successfully loaded 3 records from data\Tharuni_Guntur_data.csv
2025-06-03 01:05:22,909 - PendingVehiclesPanel - INFO - Retrieved 3 total records
2025-06-03 01:05:22,909 - PendingVehiclesPanel - INFO - Added to pending: T0003
2025-06-03 01:05:22,910 - PendingVehiclesPanel - INFO - Found 1 pending records
2025-06-03 01:05:22,910 - PendingVehiclesPanel - INFO - Successfully refreshed pending list with 1 items
2025-06-03 01:05:29,529 - DataManager - INFO - Successfully loaded 3 records from data\Tharuni_Guntur_data.csv
2025-06-03 01:05:29,530 - DataManager - INFO - Successfully loaded 3 records from data\Tharuni_Guntur_data.csv
2025-06-03 01:05:33,545 - TharuniApp - INFO - ==================================================
2025-06-03 01:05:33,546 - TharuniApp - INFO - SAVE RECORD OPERATION STARTED WITH CORRECTED TICKET FLOW
2025-06-03 01:05:33,546 - FormValidator - INFO - Starting comprehensive form validation
2025-06-03 01:05:33,546 - FormValidator - INFO - Validating basic fields
2025-06-03 01:05:33,547 - FormValidator - INFO - Field values: ticket='T0003', vehicle='AP08EL0455', agency='Tharuni'
2025-06-03 01:05:33,547 - FormValidator - INFO - Basic validation passed
2025-06-03 01:05:33,548 - FormValidator - INFO - Validating weighment data
2025-06-03 01:05:33,548 - FormValidator - INFO - Weighment data: first_weight='36850.00', first_timestamp='03-06-2025 01:05:27', second_weight='', second_timestamp=''
2025-06-03 01:05:33,549 - FormValidator - INFO - Weighment validation passed
2025-06-03 01:05:33,549 - FormValidator - INFO - Validating images for second weighment
2025-06-03 01:05:33,550 - FormValidator - INFO - Images validation for second: front=False, back=False
2025-06-03 01:05:34,950 - DataManager - INFO - Successfully loaded 3 records from data\Tharuni_Guntur_data.csv
2025-06-03 01:05:34,950 - DataManager - INFO - Successfully loaded 3 records from data\Tharuni_Guntur_data.csv
2025-06-03 01:05:34,954 - FormValidator - INFO - User chose to continue without images
2025-06-03 01:05:34,954 - FormValidator - INFO - Form validation passed successfully
2025-06-03 01:05:34,955 - TharuniApp - INFO - Saving record for ticket: T0003
2025-06-03 01:05:34,955 - TharuniApp - INFO - Form data keys: ['date', 'time', 'site_name', 'agency_name', 'material', 'ticket_no', 'vehicle_no', 'transfer_party_name', 'first_weight', 'first_timestamp', 'second_weight', 'second_timestamp', 'net_weight', 'material_type', 'first_front_image', 'first_back_image', 'second_front_image', 'second_back_image', 'site_incharge', 'user_name']
2025-06-03 01:05:34,956 - TharuniApp - INFO - Weighment analysis:
2025-06-03 01:05:34,956 - TharuniApp - INFO -   - Has first weighment: True
2025-06-03 01:05:34,956 - TharuniApp - INFO -   - Has second weighment: False
2025-06-03 01:05:34,956 - TharuniApp - INFO -   - Is complete record: False
2025-06-03 01:05:34,957 - TharuniApp - INFO -   - Is first weighment only: True
2025-06-03 01:05:34,957 - TharuniApp - INFO - Calling data_manager.save_record for T0003
2025-06-03 01:05:34,957 - DataManager - INFO - ==================================================
2025-06-03 01:05:34,957 - DataManager - INFO - STARTING OFFLINE-FIRST RECORD SAVE
2025-06-03 01:05:34,958 - DataManager - INFO - Input data keys: ['date', 'time', 'site_name', 'agency_name', 'material', 'ticket_no', 'vehicle_no', 'transfer_party_name', 'first_weight', 'first_timestamp', 'second_weight', 'second_timestamp', 'net_weight', 'material_type', 'first_front_image', 'first_back_image', 'second_front_image', 'second_back_image', 'site_incharge', 'user_name']
2025-06-03 01:05:34,958 - DataManager - INFO - Net weight cleared - incomplete weighments
2025-06-03 01:05:34,958 - DataManager - INFO - Using data file: data\Tharuni_Guntur_data.csv
2025-06-03 01:05:34,959 - DataManager - INFO - Successfully loaded 3 records from data\Tharuni_Guntur_data.csv
2025-06-03 01:05:34,959 - DataManager - INFO - Filtered 3 records to 1 using filter: 't0003'
2025-06-03 01:05:34,959 - DataManager - INFO - Updating existing record: T0003
2025-06-03 01:05:34,960 - DataManager - INFO - Updating record T0003 in data\Tharuni_Guntur_data.csv
2025-06-03 01:05:34,960 - DataManager - INFO - Read 3 records from CSV
2025-06-03 01:05:34,961 - DataManager - INFO - Found record to update at index 2
2025-06-03 01:05:34,961 - DataManager - INFO - Updated record data: ['03-06-2025', '01:05:34', 'Guntur', 'Tharuni', 'Inert', 'T0003', 'AP08EL0455', 'Jindal', '36850.00', '03-06-2025 01:05:27', '', '', '', 'Inert', '', '', '', '', '', 'admin']
2025-06-03 01:05:34,964 - DataManager - INFO - ✅ Record T0003 updated in data\Tharuni_Guntur_data.csv
2025-06-03 01:05:34,965 - DataManager - INFO - ✅ Record T0003 saved to local CSV successfully
2025-06-03 01:05:34,966 - DataManager - INFO - Weighment analysis:
2025-06-03 01:05:34,966 - DataManager - INFO -   - Has first weighment: True
2025-06-03 01:05:34,967 - DataManager - INFO -   - Has second weighment: False
2025-06-03 01:05:34,967 - DataManager - INFO -   - Is first weighment save: True
2025-06-03 01:05:34,967 - DataManager - INFO -   - Is complete record: False
2025-06-03 01:05:34,968 - DataManager - INFO -   - Is update: True
2025-06-03 01:05:34,968 - DataManager - INFO - ✅ OFFLINE-FIRST SAVE COMPLETED - Local CSV, JSON backup, and PDF generated
2025-06-03 01:05:34,968 - DataManager - INFO - 💡 Cloud backup available via Settings > Cloud Storage > Backup
2025-06-03 01:05:34,968 - DataManager - INFO - ==================================================
2025-06-03 01:05:34,969 - TharuniApp - INFO - ✅ Record T0003 saved successfully
2025-06-03 01:05:34,977 - DataManager - INFO - Successfully loaded 3 records from data\Tharuni_Guntur_data.csv
2025-06-03 01:05:34,977 - DataManager - INFO - Returning all 3 records (no filter)
2025-06-03 01:05:34,978 - PendingVehiclesPanel - INFO - Refreshing pending vehicles list
2025-06-03 01:05:34,979 - DataManager - INFO - Successfully loaded 3 records from data\Tharuni_Guntur_data.csv
2025-06-03 01:05:34,980 - PendingVehiclesPanel - INFO - Retrieved 3 total records
2025-06-03 01:05:34,980 - PendingVehiclesPanel - INFO - Added to pending: T0003
2025-06-03 01:05:34,980 - PendingVehiclesPanel - INFO - Found 1 pending records
2025-06-03 01:05:34,981 - PendingVehiclesPanel - INFO - Successfully refreshed pending list with 1 items
2025-06-03 01:05:34,981 - TharuniApp - INFO - SAVE RECORD OPERATION COMPLETED SUCCESSFULLY WITH CORRECTED FLOW
2025-06-03 01:05:34,981 - TharuniApp - INFO - ==================================================
2025-06-03 01:05:40,175 - DataManager - INFO - Successfully loaded 3 records from data\Tharuni_Guntur_data.csv
2025-06-03 01:05:40,176 - DataManager - INFO - Successfully loaded 3 records from data\Tharuni_Guntur_data.csv
2025-06-03 01:05:42,377 - TharuniApp - INFO - ==================================================
2025-06-03 01:05:42,378 - TharuniApp - INFO - SAVE RECORD OPERATION STARTED WITH CORRECTED TICKET FLOW
2025-06-03 01:05:42,378 - FormValidator - INFO - Starting comprehensive form validation
2025-06-03 01:05:42,379 - FormValidator - INFO - Validating basic fields
2025-06-03 01:05:42,379 - FormValidator - INFO - Field values: ticket='T0003', vehicle='AP08EL0455', agency='Tharuni'
2025-06-03 01:05:42,379 - FormValidator - INFO - Basic validation passed
2025-06-03 01:05:42,380 - FormValidator - INFO - Validating weighment data
2025-06-03 01:05:42,380 - FormValidator - INFO - Weighment data: first_weight='36850.00', first_timestamp='03-06-2025 01:05:27', second_weight='13880.00', second_timestamp='03-06-2025 01:05:39'
2025-06-03 01:05:42,381 - FormValidator - INFO - Weighment validation passed
2025-06-03 01:05:42,381 - FormValidator - INFO - Validating images for second weighment
2025-06-03 01:05:42,382 - FormValidator - INFO - Images validation for second: front=False, back=False
2025-06-03 01:05:43,533 - DataManager - INFO - Successfully loaded 3 records from data\Tharuni_Guntur_data.csv
2025-06-03 01:05:43,533 - DataManager - INFO - Successfully loaded 3 records from data\Tharuni_Guntur_data.csv
2025-06-03 01:05:43,537 - FormValidator - INFO - User chose to continue without images
2025-06-03 01:05:43,537 - FormValidator - INFO - Form validation passed successfully
2025-06-03 01:05:43,539 - TharuniApp - INFO - Saving record for ticket: T0003
2025-06-03 01:05:43,539 - TharuniApp - INFO - Form data keys: ['date', 'time', 'site_name', 'agency_name', 'material', 'ticket_no', 'vehicle_no', 'transfer_party_name', 'first_weight', 'first_timestamp', 'second_weight', 'second_timestamp', 'net_weight', 'material_type', 'first_front_image', 'first_back_image', 'second_front_image', 'second_back_image', 'site_incharge', 'user_name']
2025-06-03 01:05:43,539 - TharuniApp - INFO - Weighment analysis:
2025-06-03 01:05:43,539 - TharuniApp - INFO -   - Has first weighment: True
2025-06-03 01:05:43,540 - TharuniApp - INFO -   - Has second weighment: True
2025-06-03 01:05:43,540 - TharuniApp - INFO -   - Is complete record: True
2025-06-03 01:05:43,540 - TharuniApp - INFO -   - Is first weighment only: False
2025-06-03 01:05:43,540 - TharuniApp - INFO - Calling data_manager.save_record for T0003
2025-06-03 01:05:43,541 - DataManager - INFO - ==================================================
2025-06-03 01:05:43,541 - DataManager - INFO - STARTING OFFLINE-FIRST RECORD SAVE
2025-06-03 01:05:43,541 - DataManager - INFO - Input data keys: ['date', 'time', 'site_name', 'agency_name', 'material', 'ticket_no', 'vehicle_no', 'transfer_party_name', 'first_weight', 'first_timestamp', 'second_weight', 'second_timestamp', 'net_weight', 'material_type', 'first_front_image', 'first_back_image', 'second_front_image', 'second_back_image', 'site_incharge', 'user_name']
2025-06-03 01:05:43,542 - DataManager - INFO - Net weight calculated: 36850.0 - 13880.0 = 22970.00
2025-06-03 01:05:43,542 - DataManager - INFO - Using data file: data\Tharuni_Guntur_data.csv
2025-06-03 01:05:43,543 - DataManager - INFO - Successfully loaded 3 records from data\Tharuni_Guntur_data.csv
2025-06-03 01:05:43,543 - DataManager - INFO - Filtered 3 records to 1 using filter: 't0003'
2025-06-03 01:05:43,544 - DataManager - INFO - Updating existing record: T0003
2025-06-03 01:05:43,544 - DataManager - INFO - Updating record T0003 in data\Tharuni_Guntur_data.csv
2025-06-03 01:05:43,545 - DataManager - INFO - Read 3 records from CSV
2025-06-03 01:05:43,545 - DataManager - INFO - Found record to update at index 2
2025-06-03 01:05:43,546 - DataManager - INFO - Updated record data: ['03-06-2025', '01:05:43', 'Guntur', 'Tharuni', 'Inert', 'T0003', 'AP08EL0455', 'Jindal', '36850.00', '03-06-2025 01:05:27', '13880.00', '03-06-2025 01:05:39', '22970.00', 'Inert', '', '', '', '', '', 'admin']
2025-06-03 01:05:43,549 - DataManager - INFO - ✅ Record T0003 updated in data\Tharuni_Guntur_data.csv
2025-06-03 01:05:43,549 - DataManager - INFO - ✅ Record T0003 saved to local CSV successfully
2025-06-03 01:05:43,549 - DataManager - INFO - Weighment analysis:
2025-06-03 01:05:43,549 - DataManager - INFO -   - Has first weighment: True
2025-06-03 01:05:43,550 - DataManager - INFO -   - Has second weighment: True
2025-06-03 01:05:43,550 - DataManager - INFO -   - Is first weighment save: False
2025-06-03 01:05:43,550 - DataManager - INFO -   - Is complete record: True
2025-06-03 01:05:43,550 - DataManager - INFO -   - Is update: True
2025-06-03 01:05:43,551 - DataManager - INFO - Complete record detected - saving JSON backup locally...
2025-06-03 01:05:43,551 - DataManager - INFO - Created new daily JSON folder: data\json_backups\2025-06-03
2025-06-03 01:05:43,552 - DataManager - INFO - ✅ JSON backup saved: data\json_backups\2025-06-03\T0003_Tharuni_Guntur_010543.json
2025-06-03 01:05:43,553 - DataManager - INFO - ✅ JSON backup saved locally for T0003
2025-06-03 01:05:43,553 - DataManager - INFO - Complete record detected for ticket T0003 - generating PDF locally...
2025-06-03 01:05:43,553 - DataManager - INFO - Today's reports folder ensured: data\reports\2025-06-03
2025-06-03 01:05:43,554 - DataManager - INFO - Reports will be saved to: data\reports\2025-06-03
2025-06-03 01:05:43,554 - DataManager - INFO - Today's reports folder ensured: data\reports\2025-06-03
2025-06-03 01:05:43,557 - DataManager - INFO - SIMPLE TEST - Net display: '22970.00 kg'
2025-06-03 01:05:43,557 - DataManager - INFO - Building PDF document: data\reports\2025-06-03\Tharuni_Guntur_T0003_AP08EL0455_010543.pdf
2025-06-03 01:05:43,568 - DataManager - INFO - PDF created successfully: data\reports\2025-06-03\Tharuni_Guntur_T0003_AP08EL0455_010543.pdf (2966 bytes)
2025-06-03 01:05:43,569 - DataManager - INFO - Auto-generated PDF: data\reports\2025-06-03\Tharuni_Guntur_T0003_AP08EL0455_010543.pdf
2025-06-03 01:05:43,569 - DataManager - INFO - PDF saved to today's reports folder: data\reports\2025-06-03
2025-06-03 01:05:43,569 - DataManager - INFO - ✅ PDF auto-generated locally: data\reports\2025-06-03\Tharuni_Guntur_T0003_AP08EL0455_010543.pdf
2025-06-03 01:05:43,570 - DataManager - INFO - ✅ OFFLINE-FIRST SAVE COMPLETED - Local CSV, JSON backup, and PDF generated
2025-06-03 01:05:43,570 - DataManager - INFO - 📂 PDF saved to today's reports folder: data\reports\2025-06-03
2025-06-03 01:05:43,570 - DataManager - INFO - 💡 Cloud backup available via Settings > Cloud Storage > Backup
2025-06-03 01:05:43,570 - DataManager - INFO - ==================================================
2025-06-03 01:05:43,571 - TharuniApp - INFO - ✅ Record T0003 saved successfully
2025-06-03 01:05:43,584 - DataManager - INFO - Successfully loaded 3 records from data\Tharuni_Guntur_data.csv
2025-06-03 01:05:43,584 - DataManager - INFO - Returning all 3 records (no filter)
2025-06-03 01:05:43,584 - PendingVehiclesPanel - INFO - Refreshing pending vehicles list
2025-06-03 01:05:43,585 - DataManager - INFO - Successfully loaded 3 records from data\Tharuni_Guntur_data.csv
2025-06-03 01:05:43,585 - PendingVehiclesPanel - INFO - Retrieved 3 total records
2025-06-03 01:05:43,585 - PendingVehiclesPanel - INFO - Found 0 pending records
2025-06-03 01:05:43,586 - PendingVehiclesPanel - INFO - Successfully refreshed pending list with 0 items
2025-06-03 01:05:43,586 - TharuniApp - INFO - SAVE RECORD OPERATION COMPLETED SUCCESSFULLY WITH CORRECTED FLOW
2025-06-03 01:05:43,586 - TharuniApp - INFO - ==================================================
2025-06-03 01:05:45,213 - PendingVehiclesPanel - INFO - Refreshing pending vehicles list
2025-06-03 01:05:45,216 - DataManager - INFO - Successfully loaded 3 records from data\Tharuni_Guntur_data.csv
2025-06-03 01:05:45,217 - PendingVehiclesPanel - INFO - Retrieved 3 total records
2025-06-03 01:05:45,218 - PendingVehiclesPanel - INFO - Found 0 pending records
2025-06-03 01:05:45,219 - PendingVehiclesPanel - INFO - Successfully refreshed pending list with 0 items
2025-06-03 01:05:45,221 - DataManager - INFO - Created new daily folder: data\reports\03-06
2025-06-03 01:06:45,237 - PendingVehiclesPanel - INFO - Refreshing pending vehicles list
2025-06-03 01:06:45,242 - DataManager - INFO - Successfully loaded 3 records from data\Tharuni_Guntur_data.csv
2025-06-03 01:06:45,244 - PendingVehiclesPanel - INFO - Retrieved 3 total records
2025-06-03 01:06:45,248 - PendingVehiclesPanel - INFO - Found 0 pending records
2025-06-03 01:06:45,251 - PendingVehiclesPanel - INFO - Successfully refreshed pending list with 0 items
2025-06-03 01:07:45,265 - PendingVehiclesPanel - INFO - Refreshing pending vehicles list
2025-06-03 01:07:45,266 - DataManager - INFO - Successfully loaded 3 records from data\Tharuni_Guntur_data.csv
2025-06-03 01:07:45,266 - PendingVehiclesPanel - INFO - Retrieved 3 total records
2025-06-03 01:07:45,267 - PendingVehiclesPanel - INFO - Found 0 pending records
2025-06-03 01:07:45,267 - PendingVehiclesPanel - INFO - Successfully refreshed pending list with 0 items
2025-06-03 01:08:45,271 - PendingVehiclesPanel - INFO - Refreshing pending vehicles list
2025-06-03 01:08:45,273 - DataManager - INFO - Successfully loaded 3 records from data\Tharuni_Guntur_data.csv
2025-06-03 01:08:45,273 - PendingVehiclesPanel - INFO - Retrieved 3 total records
2025-06-03 01:08:45,274 - PendingVehiclesPanel - INFO - Found 0 pending records
2025-06-03 01:08:45,275 - PendingVehiclesPanel - INFO - Successfully refreshed pending list with 0 items
2025-06-03 01:09:45,279 - PendingVehiclesPanel - INFO - Refreshing pending vehicles list
2025-06-03 01:09:45,280 - DataManager - INFO - Successfully loaded 3 records from data\Tharuni_Guntur_data.csv
2025-06-03 01:09:45,280 - PendingVehiclesPanel - INFO - Retrieved 3 total records
2025-06-03 01:09:45,281 - PendingVehiclesPanel - INFO - Found 0 pending records
2025-06-03 01:09:45,281 - PendingVehiclesPanel - INFO - Successfully refreshed pending list with 0 items
2025-06-03 01:10:45,282 - PendingVehiclesPanel - INFO - Refreshing pending vehicles list
2025-06-03 01:10:45,283 - DataManager - INFO - Successfully loaded 3 records from data\Tharuni_Guntur_data.csv
2025-06-03 01:10:45,283 - PendingVehiclesPanel - INFO - Retrieved 3 total records
2025-06-03 01:10:45,283 - PendingVehiclesPanel - INFO - Found 0 pending records
2025-06-03 01:10:45,284 - PendingVehiclesPanel - INFO - Successfully refreshed pending list with 0 items
2025-06-03 01:11:45,286 - PendingVehiclesPanel - INFO - Refreshing pending vehicles list
2025-06-03 01:11:45,288 - DataManager - INFO - Successfully loaded 3 records from data\Tharuni_Guntur_data.csv
2025-06-03 01:11:45,288 - PendingVehiclesPanel - INFO - Retrieved 3 total records
2025-06-03 01:11:45,289 - PendingVehiclesPanel - INFO - Found 0 pending records
2025-06-03 01:11:45,289 - PendingVehiclesPanel - INFO - Successfully refreshed pending list with 0 items
2025-06-03 01:12:45,304 - PendingVehiclesPanel - INFO - Refreshing pending vehicles list
2025-06-03 01:12:45,306 - DataManager - INFO - Successfully loaded 3 records from data\Tharuni_Guntur_data.csv
2025-06-03 01:12:45,306 - PendingVehiclesPanel - INFO - Retrieved 3 total records
2025-06-03 01:12:45,307 - PendingVehiclesPanel - INFO - Found 0 pending records
2025-06-03 01:12:45,307 - PendingVehiclesPanel - INFO - Successfully refreshed pending list with 0 items
2025-06-03 01:12:56,010 - TharuniApp - INFO - ============================================================
2025-06-03 01:12:56,011 - TharuniApp - INFO - APPLICATION STARTUP
2025-06-03 01:12:56,011 - TharuniApp - INFO - ============================================================
2025-06-03 01:12:56,015 - TharuniApp - INFO - Configuration setup completed
2025-06-03 01:12:56,015 - DataManager - INFO - DataManager initialized with OFFLINE-FIRST approach + JSON local storage
2025-06-03 01:12:56,016 - DataManager - INFO - CSV structure is up to date
2025-06-03 01:12:56,016 - DataManager - INFO - Daily PDF folder structure ready:
2025-06-03 01:12:56,017 - DataManager - INFO -   Base reports folder: data\reports
2025-06-03 01:12:56,017 - DataManager - INFO -   Today's folder: data\reports\2025-06-03
2025-06-03 01:12:56,017 - DataManager - INFO - Data file: data\weighbridge_data.csv
2025-06-03 01:12:56,018 - DataManager - INFO - Reports folder: data\reports
2025-06-03 01:12:56,018 - DataManager - INFO - JSON backup folder: data\json_backups
2025-06-03 01:12:56,018 - DataManager - INFO - PDF folder: data\reports\2025-06-03
2025-06-03 01:12:56,018 - DataManager - INFO - Cloud storage will only be initialized when backup is requested
2025-06-03 01:12:56,018 - TharuniApp - INFO - Data manager initialized
2025-06-03 01:12:56,020 - TharuniApp - INFO - Settings storage initialized
2025-06-03 01:12:56,023 - TharuniApp - INFO - UI styles initialized
2025-06-03 01:12:56,023 - TharuniApp - INFO - Starting user authentication
2025-06-03 01:12:59,254 - TharuniApp - INFO - Authentication successful: admin
2025-06-03 01:12:59,254 - TharuniApp - INFO - User logged in: admin (Role: admin)
2025-06-03 01:12:59,255 - TharuniApp - INFO - Setting up data context
2025-06-03 01:12:59,256 - DataManager - INFO - CSV structure is up to date
2025-06-03 01:12:59,256 - DataManager - INFO - Data context set to: Agency='Tharuni', Site='Guntur'
2025-06-03 01:12:59,256 - DataManager - INFO - Data file: data\Tharuni_Guntur_data.csv
2025-06-03 01:12:59,256 - TharuniApp - INFO - Data context initialized: Agency='Tharuni', Site='Guntur'
2025-06-03 01:12:59,257 - TharuniApp - INFO - Data will be saved to: data\Tharuni_Guntur_data.csv
2025-06-03 01:12:59,257 - TharuniApp - INFO - PDFs will be saved to: data\reports\2025-06-03
2025-06-03 01:12:59,257 - TharuniApp - INFO - Creating application widgets
2025-06-03 01:12:59,267 - TharuniApp - INFO - Creating main panel
2025-06-03 01:12:59,271 - FormValidator - INFO - FormValidator initialized
2025-06-03 01:12:59,278 - DataManager - INFO - Successfully loaded 3 records from data\Tharuni_Guntur_data.csv
2025-06-03 01:12:59,875 - DataManager - INFO - Successfully loaded 3 records from data\Tharuni_Guntur_data.csv
2025-06-03 01:12:59,876 - TharuniApp - INFO - Main form created
2025-06-03 01:12:59,877 - DataManager - INFO - CSV structure is up to date
2025-06-03 01:12:59,878 - DataManager - INFO - Data context set to: Agency='Tharuni', Site='Guntur'
2025-06-03 01:12:59,878 - DataManager - INFO - Data file: data\Tharuni_Guntur_data.csv
2025-06-03 01:12:59,879 - DataManager - INFO - CSV structure is up to date
2025-06-03 01:12:59,879 - DataManager - INFO - Data context set to: Agency='Tharuni', Site='Guntur'
2025-06-03 01:12:59,879 - DataManager - INFO - Data file: data\Tharuni_Guntur_data.csv
2025-06-03 01:12:59,880 - DataManager - INFO - CSV structure is up to date
2025-06-03 01:12:59,880 - DataManager - INFO - Data context set to: Agency='Tharuni', Site='Guntur'
2025-06-03 01:12:59,880 - DataManager - INFO - Data file: data\Tharuni_Guntur_data.csv
2025-06-03 01:12:59,881 - PendingVehiclesPanel - INFO - PendingVehiclesPanel initialized
2025-06-03 01:12:59,888 - PendingVehiclesPanel - INFO - Refreshing pending vehicles list
2025-06-03 01:12:59,888 - DataManager - INFO - Successfully loaded 3 records from data\Tharuni_Guntur_data.csv
2025-06-03 01:12:59,889 - PendingVehiclesPanel - INFO - Retrieved 3 total records
2025-06-03 01:12:59,889 - PendingVehiclesPanel - INFO - Found 0 pending records
2025-06-03 01:12:59,890 - PendingVehiclesPanel - INFO - Successfully refreshed pending list with 0 items
2025-06-03 01:12:59,890 - TharuniApp - INFO - Pending vehicles panel created
2025-06-03 01:13:00,079 - TharuniApp - INFO - Main panel creation completed
2025-06-03 01:13:00,086 - TharuniApp - INFO - Summary panel created
2025-06-03 01:13:00,301 - TharuniApp - INFO - ✅ Data manager reference set in settings panel
2025-06-03 01:13:00,301 - TharuniApp - INFO - Widget creation completed successfully
2025-06-03 01:13:00,302 - PendingVehiclesPanel - INFO - Refreshing pending vehicles list
2025-06-03 01:13:00,303 - DataManager - INFO - Successfully loaded 3 records from data\Tharuni_Guntur_data.csv
2025-06-03 01:13:00,303 - PendingVehiclesPanel - INFO - Retrieved 3 total records
2025-06-03 01:13:00,303 - PendingVehiclesPanel - INFO - Found 0 pending records
2025-06-03 01:13:00,304 - PendingVehiclesPanel - INFO - Successfully refreshed pending list with 0 items
2025-06-03 01:13:00,304 - DataManager - INFO - Created new daily folder: data\reports\03-06
2025-06-03 01:13:00,304 - TharuniApp - INFO - Application initialization completed successfully
2025-06-03 01:13:01,306 - TharuniApp - INFO - Ensuring settings persistence...
2025-06-03 01:13:01,308 - TharuniApp - INFO - Settings persistence check completed
2025-06-03 01:13:08,254 - TharuniApp - INFO - ==================================================
2025-06-03 01:13:08,255 - TharuniApp - INFO - SAVE RECORD OPERATION STARTED WITH CORRECTED TICKET FLOW
2025-06-03 01:13:08,255 - FormValidator - INFO - Starting comprehensive form validation
2025-06-03 01:13:08,255 - FormValidator - INFO - Validating basic fields
2025-06-03 01:13:08,255 - FormValidator - INFO - Field values: ticket='T0003', vehicle='', agency='Tharuni'
2025-06-03 01:13:08,256 - FormValidator - ERROR - Basic validation failed: Please fill in the following required fields: Vehicle No
2025-06-03 01:13:09,437 - TharuniApp - WARNING - Form validation failed - aborting save
2025-06-03 01:13:09,437 - TharuniApp - INFO - ==================================================
2025-06-03 01:13:11,885 - DataManager - INFO - Successfully loaded 3 records from data\Tharuni_Guntur_data.csv
2025-06-03 01:13:11,906 - DataManager - INFO - Successfully loaded 3 records from data\Tharuni_Guntur_data.csv
2025-06-03 01:13:11,907 - DataManager - INFO - Successfully loaded 3 records from data\Tharuni_Guntur_data.csv
2025-06-03 01:13:12,751 - DataManager - INFO - Successfully loaded 3 records from data\Tharuni_Guntur_data.csv
2025-06-03 01:13:12,752 - DataManager - INFO - Successfully loaded 3 records from data\Tharuni_Guntur_data.csv
2025-06-03 01:13:15,516 - TharuniApp - INFO - ==================================================
2025-06-03 01:13:15,516 - TharuniApp - INFO - SAVE RECORD OPERATION STARTED WITH CORRECTED TICKET FLOW
2025-06-03 01:13:15,516 - FormValidator - INFO - Starting comprehensive form validation
2025-06-03 01:13:15,517 - FormValidator - INFO - Validating basic fields
2025-06-03 01:13:15,517 - FormValidator - INFO - Field values: ticket='T0003', vehicle='AP08EL0455', agency='Tharuni'
2025-06-03 01:13:15,517 - FormValidator - INFO - Basic validation passed
2025-06-03 01:13:15,517 - FormValidator - INFO - Validating weighment data
2025-06-03 01:13:15,518 - FormValidator - INFO - Weighment data: first_weight='16470.00', first_timestamp='03-06-2025 01:13:03', second_weight='', second_timestamp=''
2025-06-03 01:13:15,518 - FormValidator - INFO - Weighment validation passed
2025-06-03 01:13:15,518 - FormValidator - INFO - Validating images for second weighment
2025-06-03 01:13:15,518 - FormValidator - INFO - Images validation for second: front=False, back=False
2025-06-03 01:13:16,407 - DataManager - INFO - Successfully loaded 3 records from data\Tharuni_Guntur_data.csv
2025-06-03 01:13:16,408 - DataManager - INFO - Successfully loaded 3 records from data\Tharuni_Guntur_data.csv
2025-06-03 01:13:16,411 - FormValidator - INFO - User chose to continue without images
2025-06-03 01:13:16,412 - FormValidator - INFO - Form validation passed successfully
2025-06-03 01:13:16,413 - TharuniApp - INFO - Saving record for ticket: T0003
2025-06-03 01:13:16,413 - TharuniApp - INFO - Form data keys: ['date', 'time', 'site_name', 'agency_name', 'material', 'ticket_no', 'vehicle_no', 'transfer_party_name', 'first_weight', 'first_timestamp', 'second_weight', 'second_timestamp', 'net_weight', 'material_type', 'first_front_image', 'first_back_image', 'second_front_image', 'second_back_image', 'site_incharge', 'user_name']
2025-06-03 01:13:16,414 - TharuniApp - INFO - Calling data_manager.save_record for T0003
2025-06-03 01:13:16,414 - DataManager - INFO - ==================================================
2025-06-03 01:13:16,414 - DataManager - INFO - STARTING OFFLINE-FIRST RECORD SAVE
2025-06-03 01:13:16,414 - DataManager - INFO - Input data keys: ['date', 'time', 'site_name', 'agency_name', 'material', 'ticket_no', 'vehicle_no', 'transfer_party_name', 'first_weight', 'first_timestamp', 'second_weight', 'second_timestamp', 'net_weight', 'material_type', 'first_front_image', 'first_back_image', 'second_front_image', 'second_back_image', 'site_incharge', 'user_name']
2025-06-03 01:13:16,415 - DataManager - INFO - Net weight cleared - incomplete weighments
2025-06-03 01:13:16,415 - DataManager - INFO - Using data file: data\Tharuni_Guntur_data.csv
2025-06-03 01:13:16,416 - DataManager - INFO - Successfully loaded 3 records from data\Tharuni_Guntur_data.csv
2025-06-03 01:13:16,416 - DataManager - INFO - Filtered 3 records to 1 using filter: 't0003'
2025-06-03 01:13:16,416 - DataManager - INFO - Updating existing record: T0003
2025-06-03 01:13:16,416 - DataManager - INFO - Updating record T0003 in data\Tharuni_Guntur_data.csv
2025-06-03 01:13:16,417 - DataManager - INFO - Read 3 records from CSV
2025-06-03 01:13:16,417 - DataManager - INFO - Found record to update at index 2
2025-06-03 01:13:16,417 - DataManager - INFO - Updated record data: ['03-06-2025', '01:13:16', 'Guntur', 'Tharuni', 'Inert', 'T0003', 'AP08EL0455', 'Jindal', '16470.00', '03-06-2025 01:13:03', '', '', '', 'Inert', '', '', '', '', '', 'admin']
2025-06-03 01:13:16,420 - DataManager - INFO - ✅ Record T0003 updated in data\Tharuni_Guntur_data.csv
2025-06-03 01:13:16,420 - DataManager - INFO - ✅ Record T0003 saved to local CSV successfully
2025-06-03 01:13:16,421 - DataManager - INFO - Weighment analysis:
2025-06-03 01:13:16,421 - DataManager - INFO -   - Has first weighment: True
2025-06-03 01:13:16,422 - DataManager - INFO -   - Has second weighment: False
2025-06-03 01:13:16,422 - DataManager - INFO -   - Is first weighment save: True
2025-06-03 01:13:16,423 - DataManager - INFO -   - Is complete record: False
2025-06-03 01:13:16,423 - DataManager - INFO -   - Is update: True
2025-06-03 01:13:16,423 - DataManager - INFO - ✅ OFFLINE-FIRST SAVE COMPLETED - Local CSV, JSON backup, and PDF generated
2025-06-03 01:13:16,424 - DataManager - INFO - 💡 Cloud backup available via Settings > Cloud Storage > Backup
2025-06-03 01:13:16,424 - DataManager - INFO - ==================================================
2025-06-03 01:13:16,424 - TharuniApp - INFO - ✅ Record T0003 saved successfully
2025-06-03 01:13:16,435 - DataManager - INFO - Successfully loaded 3 records from data\Tharuni_Guntur_data.csv
2025-06-03 01:13:16,435 - DataManager - INFO - Returning all 3 records (no filter)
2025-06-03 01:13:16,436 - PendingVehiclesPanel - INFO - Refreshing pending vehicles list
2025-06-03 01:13:16,437 - DataManager - INFO - Successfully loaded 3 records from data\Tharuni_Guntur_data.csv
2025-06-03 01:13:16,438 - PendingVehiclesPanel - INFO - Retrieved 3 total records
2025-06-03 01:13:16,438 - PendingVehiclesPanel - INFO - Added to pending: T0003
2025-06-03 01:13:16,438 - PendingVehiclesPanel - INFO - Found 1 pending records
2025-06-03 01:13:16,439 - PendingVehiclesPanel - INFO - Successfully refreshed pending list with 1 items
2025-06-03 01:13:16,439 - TharuniApp - INFO - SAVE RECORD OPERATION COMPLETED SUCCESSFULLY WITH CORRECTED FLOW
2025-06-03 01:13:16,440 - TharuniApp - INFO - ==================================================
2025-06-03 01:13:46,381 - PendingVehiclesPanel - INFO - Double-clicked on ticket: T0003
2025-06-03 01:13:46,382 - TharuniApp - INFO - Loading pending vehicle: T0003
2025-06-03 01:13:46,385 - DataManager - INFO - Successfully loaded 3 records from data\Tharuni_Guntur_data.csv
2025-06-03 01:13:46,386 - DataManager - INFO - Filtered 3 records to 1 using filter: 't0003'
2025-06-03 01:13:46,389 - DataManager - INFO - CSV structure is up to date
2025-06-03 01:13:46,390 - DataManager - INFO - Data context set to: Agency='Tharuni', Site='Guntur'
2025-06-03 01:13:46,391 - DataManager - INFO - Data file: data\Tharuni_Guntur_data.csv
2025-06-03 01:13:46,401 - TharuniApp - INFO - Successfully loaded pending ticket: T0003
2025-06-03 01:13:51,634 - PendingVehiclesPanel - INFO - Double-clicked on ticket: T0003
2025-06-03 01:13:51,635 - TharuniApp - INFO - Loading pending vehicle: T0003
2025-06-03 01:13:51,637 - DataManager - INFO - Successfully loaded 3 records from data\Tharuni_Guntur_data.csv
2025-06-03 01:13:51,638 - DataManager - INFO - Filtered 3 records to 1 using filter: 't0003'
2025-06-03 01:13:51,641 - DataManager - INFO - CSV structure is up to date
2025-06-03 01:13:51,643 - DataManager - INFO - Data context set to: Agency='Tharuni', Site='Guntur'
2025-06-03 01:13:51,643 - DataManager - INFO - Data file: data\Tharuni_Guntur_data.csv
2025-06-03 01:13:51,652 - TharuniApp - INFO - Successfully loaded pending ticket: T0003
2025-06-03 01:14:00,314 - PendingVehiclesPanel - INFO - Refreshing pending vehicles list
2025-06-03 01:14:00,317 - DataManager - INFO - Successfully loaded 3 records from data\Tharuni_Guntur_data.csv
2025-06-03 01:14:00,318 - PendingVehiclesPanel - INFO - Retrieved 3 total records
2025-06-03 01:14:00,319 - PendingVehiclesPanel - INFO - Added to pending: T0003
2025-06-03 01:14:00,320 - PendingVehiclesPanel - INFO - Found 1 pending records
2025-06-03 01:14:00,321 - PendingVehiclesPanel - INFO - Successfully refreshed pending list with 1 items
2025-06-03 01:14:00,406 - TharuniApp - INFO - Updating camera settings: {'front_camera_type': 'USB', 'front_camera_index': 0, 'front_rtsp_username': '', 'front_rtsp_password': '', 'front_rtsp_ip': '', 'front_rtsp_port': '554', 'front_rtsp_endpoint': '/stream1', 'front_http_username': '', 'front_http_password': '', 'front_http_ip': '', 'front_http_port': '80', 'front_http_endpoint': '/mjpeg', 'back_camera_type': 'USB', 'back_camera_index': 1, 'back_rtsp_username': '', 'back_rtsp_password': '', 'back_rtsp_ip': '', 'back_rtsp_port': '554', 'back_rtsp_endpoint': '/stream1', 'back_http_username': '', 'back_http_password': '', 'back_http_ip': '', 'back_http_port': '80', 'back_http_endpoint': '/mjpeg'}
2025-06-03 01:14:00,414 - TharuniApp - INFO - Camera settings saved for persistence
2025-06-03 01:14:02,923 - TharuniApp - INFO - ============================================================
2025-06-03 01:14:02,923 - TharuniApp - INFO - APPLICATION STARTUP
2025-06-03 01:14:02,924 - TharuniApp - INFO - ============================================================
2025-06-03 01:14:02,927 - TharuniApp - INFO - Configuration setup completed
2025-06-03 01:14:02,928 - DataManager - INFO - DataManager initialized with OFFLINE-FIRST approach + JSON local storage
2025-06-03 01:14:02,929 - DataManager - INFO - CSV structure is up to date
2025-06-03 01:14:02,929 - DataManager - INFO - Daily PDF folder structure ready:
2025-06-03 01:14:02,929 - DataManager - INFO -   Base reports folder: data\reports
2025-06-03 01:14:02,930 - DataManager - INFO -   Today's folder: data\reports\2025-06-03
2025-06-03 01:14:02,930 - DataManager - INFO - Data file: data\weighbridge_data.csv
2025-06-03 01:14:02,930 - DataManager - INFO - Reports folder: data\reports
2025-06-03 01:14:02,931 - DataManager - INFO - JSON backup folder: data\json_backups
2025-06-03 01:14:02,931 - DataManager - INFO - PDF folder: data\reports\2025-06-03
2025-06-03 01:14:02,931 - DataManager - INFO - Cloud storage will only be initialized when backup is requested
2025-06-03 01:14:02,931 - TharuniApp - INFO - Data manager initialized
2025-06-03 01:14:02,934 - TharuniApp - INFO - Settings storage initialized
2025-06-03 01:14:02,938 - TharuniApp - INFO - UI styles initialized
2025-06-03 01:14:02,938 - TharuniApp - INFO - Starting user authentication
2025-06-03 01:14:08,773 - TharuniApp - INFO - Authentication canceled - exiting application
2025-06-03 01:14:08,774 - TharuniApp - INFO - User authentication failed or canceled - exiting
2025-06-03 01:19:22,558 - TharuniApp - INFO - Authentication successful: admin
2025-06-03 01:19:22,558 - TharuniApp - INFO - User logged in: admin (Role: admin)
2025-06-03 01:19:22,558 - TharuniApp - INFO - Setting up data context
2025-06-03 01:19:22,559 - DataManager - INFO - CSV structure is up to date
2025-06-03 01:19:22,559 - DataManager - INFO - Data context set to: Agency='Tharuni', Site='Guntur'
2025-06-03 01:19:22,559 - DataManager - INFO - Data file: data\Tharuni_Guntur_data.csv
2025-06-03 01:19:22,560 - TharuniApp - INFO - Data context initialized: Agency='Tharuni', Site='Guntur'
2025-06-03 01:19:22,560 - TharuniApp - INFO - Data will be saved to: data\Tharuni_Guntur_data.csv
2025-06-03 01:19:22,560 - TharuniApp - INFO - PDFs will be saved to: data\reports\2025-06-03
2025-06-03 01:19:22,560 - TharuniApp - INFO - Creating application widgets
2025-06-03 01:19:22,567 - TharuniApp - INFO - Creating main panel
2025-06-03 01:19:22,572 - FormValidator - INFO - FormValidator initialized
2025-06-03 01:19:22,580 - DataManager - INFO - Successfully loaded 3 records from data\Tharuni_Guntur_data.csv
2025-06-03 01:19:23,175 - DataManager - INFO - Successfully loaded 3 records from data\Tharuni_Guntur_data.csv
2025-06-03 01:19:23,175 - TharuniApp - INFO - Main form created
2025-06-03 01:19:23,177 - DataManager - INFO - CSV structure is up to date
2025-06-03 01:19:23,177 - DataManager - INFO - Data context set to: Agency='Tharuni', Site='Guntur'
2025-06-03 01:19:23,178 - DataManager - INFO - Data file: data\Tharuni_Guntur_data.csv
2025-06-03 01:19:23,178 - DataManager - INFO - CSV structure is up to date
2025-06-03 01:19:23,179 - DataManager - INFO - Data context set to: Agency='Tharuni', Site='Guntur'
2025-06-03 01:19:23,179 - DataManager - INFO - Data file: data\Tharuni_Guntur_data.csv
2025-06-03 01:19:23,180 - DataManager - INFO - CSV structure is up to date
2025-06-03 01:19:23,180 - DataManager - INFO - Data context set to: Agency='Tharuni', Site='Guntur'
2025-06-03 01:19:23,180 - DataManager - INFO - Data file: data\Tharuni_Guntur_data.csv
2025-06-03 01:19:23,180 - PendingVehiclesPanel - INFO - PendingVehiclesPanel initialized
2025-06-03 01:19:23,187 - PendingVehiclesPanel - INFO - Refreshing pending vehicles list
2025-06-03 01:19:23,188 - DataManager - INFO - Successfully loaded 3 records from data\Tharuni_Guntur_data.csv
2025-06-03 01:19:23,188 - PendingVehiclesPanel - INFO - Retrieved 3 total records
2025-06-03 01:19:23,188 - PendingVehiclesPanel - INFO - Added to pending: T0003
2025-06-03 01:19:23,188 - PendingVehiclesPanel - INFO - Found 1 pending records
2025-06-03 01:19:23,189 - PendingVehiclesPanel - INFO - Successfully refreshed pending list with 1 items
2025-06-03 01:19:23,190 - TharuniApp - INFO - Pending vehicles panel created
2025-06-03 01:19:23,384 - TharuniApp - INFO - Main panel creation completed
2025-06-03 01:19:23,391 - TharuniApp - INFO - Summary panel created
2025-06-03 01:19:23,649 - TharuniApp - INFO - ✅ Data manager reference set in settings panel
2025-06-03 01:19:23,649 - TharuniApp - INFO - Widget creation completed successfully
2025-06-03 01:19:23,650 - PendingVehiclesPanel - INFO - Refreshing pending vehicles list
2025-06-03 01:19:23,651 - DataManager - INFO - Successfully loaded 3 records from data\Tharuni_Guntur_data.csv
2025-06-03 01:19:23,652 - PendingVehiclesPanel - INFO - Retrieved 3 total records
2025-06-03 01:19:23,652 - PendingVehiclesPanel - INFO - Added to pending: T0003
2025-06-03 01:19:23,652 - PendingVehiclesPanel - INFO - Found 1 pending records
2025-06-03 01:19:23,652 - PendingVehiclesPanel - INFO - Successfully refreshed pending list with 1 items
2025-06-03 01:19:23,653 - DataManager - INFO - Created new daily folder: data\reports\03-06
2025-06-03 01:19:23,653 - TharuniApp - INFO - Application initialization completed successfully
2025-06-03 01:33:24,133 - TharuniApp - INFO - ============================================================
2025-06-03 01:33:24,133 - TharuniApp - INFO - APPLICATION STARTUP
2025-06-03 01:33:24,134 - TharuniApp - INFO - ============================================================
2025-06-03 01:33:24,137 - TharuniApp - INFO - Configuration setup completed
2025-06-03 01:33:24,138 - DataManager - INFO - DataManager initialized with OFFLINE-FIRST approach + JSON local storage
2025-06-03 01:33:24,138 - DataManager - INFO - CSV structure is up to date
2025-06-03 01:33:24,139 - DataManager - INFO - Daily PDF folder structure ready:
2025-06-03 01:33:24,139 - DataManager - INFO -   Base reports folder: data\reports
2025-06-03 01:33:24,139 - DataManager - INFO -   Today's folder: data\reports\2025-06-03
2025-06-03 01:33:24,140 - DataManager - INFO - Data file: data\weighbridge_data.csv
2025-06-03 01:33:24,140 - DataManager - INFO - Reports folder: data\reports
2025-06-03 01:33:24,140 - DataManager - INFO - JSON backup folder: data\json_backups
2025-06-03 01:33:24,141 - DataManager - INFO - PDF folder: data\reports\2025-06-03
2025-06-03 01:33:24,141 - DataManager - INFO - Cloud storage will only be initialized when backup is requested
2025-06-03 01:33:24,141 - TharuniApp - INFO - Data manager initialized
2025-06-03 01:33:24,143 - TharuniApp - INFO - Settings storage initialized
2025-06-03 01:33:24,146 - TharuniApp - INFO - UI styles initialized
2025-06-03 01:33:24,146 - TharuniApp - INFO - Starting user authentication
2025-06-03 01:33:28,806 - TharuniApp - INFO - Authentication successful: admin
2025-06-03 01:33:28,806 - TharuniApp - INFO - User logged in: admin (Role: admin)
2025-06-03 01:33:28,806 - TharuniApp - INFO - Setting up data context
2025-06-03 01:33:28,807 - DataManager - INFO - CSV structure is up to date
2025-06-03 01:33:28,807 - DataManager - INFO - Data context set to: Agency='Tharuni', Site='Guntur'
2025-06-03 01:33:28,808 - DataManager - INFO - Data file: data\Tharuni_Guntur_data.csv
2025-06-03 01:33:28,808 - TharuniApp - INFO - Data context initialized: Agency='Tharuni', Site='Guntur'
2025-06-03 01:33:28,808 - TharuniApp - INFO - Data will be saved to: data\Tharuni_Guntur_data.csv
2025-06-03 01:33:28,808 - TharuniApp - INFO - PDFs will be saved to: data\reports\2025-06-03
2025-06-03 01:33:28,808 - TharuniApp - INFO - Creating application widgets
2025-06-03 01:33:28,816 - TharuniApp - INFO - Creating main panel
2025-06-03 01:33:28,823 - FormValidator - INFO - FormValidator initialized
2025-06-03 01:33:28,832 - DataManager - INFO - Successfully loaded 3 records from data\Tharuni_Guntur_data.csv
2025-06-03 01:33:29,423 - DataManager - INFO - Successfully loaded 3 records from data\Tharuni_Guntur_data.csv
2025-06-03 01:33:29,424 - TharuniApp - INFO - Main form created
2025-06-03 01:33:29,425 - DataManager - INFO - CSV structure is up to date
2025-06-03 01:33:29,425 - DataManager - INFO - Data context set to: Agency='Tharuni', Site='Guntur'
2025-06-03 01:33:29,426 - DataManager - INFO - Data file: data\Tharuni_Guntur_data.csv
2025-06-03 01:33:29,426 - DataManager - INFO - CSV structure is up to date
2025-06-03 01:33:29,427 - DataManager - INFO - Data context set to: Agency='Tharuni', Site='Guntur'
2025-06-03 01:33:29,427 - DataManager - INFO - Data file: data\Tharuni_Guntur_data.csv
2025-06-03 01:33:29,428 - DataManager - INFO - CSV structure is up to date
2025-06-03 01:33:29,428 - DataManager - INFO - Data context set to: Agency='Tharuni', Site='Guntur'
2025-06-03 01:33:29,428 - DataManager - INFO - Data file: data\Tharuni_Guntur_data.csv
2025-06-03 01:33:29,428 - PendingVehiclesPanel - INFO - PendingVehiclesPanel initialized
2025-06-03 01:33:29,435 - PendingVehiclesPanel - INFO - Refreshing pending vehicles list
2025-06-03 01:33:29,436 - DataManager - INFO - Successfully loaded 3 records from data\Tharuni_Guntur_data.csv
2025-06-03 01:33:29,436 - PendingVehiclesPanel - INFO - Retrieved 3 total records
2025-06-03 01:33:29,438 - PendingVehiclesPanel - INFO - Added to pending: T0003
2025-06-03 01:33:29,439 - PendingVehiclesPanel - INFO - Found 1 pending records
2025-06-03 01:33:29,440 - PendingVehiclesPanel - INFO - Successfully refreshed pending list with 1 items
2025-06-03 01:33:29,440 - TharuniApp - INFO - Pending vehicles panel created
2025-06-03 01:33:29,631 - TharuniApp - INFO - Main panel creation completed
2025-06-03 01:33:29,638 - TharuniApp - INFO - Summary panel created
2025-06-03 01:33:29,843 - TharuniApp - INFO - ✅ Data manager reference set in settings panel
2025-06-03 01:33:29,843 - TharuniApp - INFO - Widget creation completed successfully
2025-06-03 01:33:29,844 - PendingVehiclesPanel - INFO - Refreshing pending vehicles list
2025-06-03 01:33:29,845 - DataManager - INFO - Successfully loaded 3 records from data\Tharuni_Guntur_data.csv
2025-06-03 01:33:29,845 - PendingVehiclesPanel - INFO - Retrieved 3 total records
2025-06-03 01:33:29,848 - PendingVehiclesPanel - INFO - Added to pending: T0003
2025-06-03 01:33:29,849 - PendingVehiclesPanel - INFO - Found 1 pending records
2025-06-03 01:33:29,849 - PendingVehiclesPanel - INFO - Successfully refreshed pending list with 1 items
2025-06-03 01:33:29,850 - DataManager - INFO - Created new daily folder: data\reports\03-06
2025-06-03 01:33:29,850 - TharuniApp - INFO - Application initialization completed successfully
2025-06-03 01:33:30,844 - TharuniApp - INFO - Ensuring settings persistence...
2025-06-03 01:33:30,854 - TharuniApp - INFO - Settings persistence check completed
2025-06-03 01:33:33,979 - DataManager - INFO - Successfully loaded 3 records from data\Tharuni_Guntur_data.csv
2025-06-03 01:33:33,981 - DataManager - INFO - Successfully loaded 3 records from data\Tharuni_Guntur_data.csv
2025-06-03 01:33:33,982 - DataManager - INFO - Successfully loaded 3 records from data\Tharuni_Guntur_data.csv
2025-06-03 01:33:34,762 - DataManager - INFO - Successfully loaded 3 records from data\Tharuni_Guntur_data.csv
2025-06-03 01:33:35,083 - DataManager - INFO - Successfully loaded 3 records from data\Tharuni_Guntur_data.csv
2025-06-03 01:33:35,129 - DataManager - INFO - Successfully loaded 3 records from data\Tharuni_Guntur_data.csv
2025-06-03 01:33:35,417 - DataManager - INFO - Successfully loaded 3 records from data\Tharuni_Guntur_data.csv
2025-06-03 01:33:35,634 - DataManager - INFO - Successfully loaded 3 records from data\Tharuni_Guntur_data.csv
2025-06-03 01:33:36,603 - DataManager - INFO - Successfully loaded 3 records from data\Tharuni_Guntur_data.csv
2025-06-03 01:33:37,185 - DataManager - INFO - Successfully loaded 3 records from data\Tharuni_Guntur_data.csv
2025-06-03 01:33:37,274 - DataManager - INFO - Successfully loaded 3 records from data\Tharuni_Guntur_data.csv
2025-06-03 01:33:37,602 - DataManager - INFO - Successfully loaded 3 records from data\Tharuni_Guntur_data.csv
2025-06-03 01:33:37,818 - DataManager - INFO - Successfully loaded 3 records from data\Tharuni_Guntur_data.csv
2025-06-03 01:33:37,946 - DataManager - INFO - Successfully loaded 3 records from data\Tharuni_Guntur_data.csv
2025-06-03 01:33:38,090 - DataManager - INFO - Successfully loaded 3 records from data\Tharuni_Guntur_data.csv
2025-06-03 01:33:40,362 - DataManager - INFO - Successfully loaded 3 records from data\Tharuni_Guntur_data.csv
2025-06-03 01:33:40,363 - DataManager - INFO - Successfully loaded 3 records from data\Tharuni_Guntur_data.csv
2025-06-03 01:33:44,023 - TharuniApp - INFO - ==================================================
2025-06-03 01:33:44,023 - TharuniApp - INFO - SAVE RECORD OPERATION STARTED WITH NEW TICKET FLOW
2025-06-03 01:33:44,024 - FormValidator - INFO - Starting comprehensive form validation
2025-06-03 01:33:44,024 - FormValidator - INFO - Validating basic fields
2025-06-03 01:33:44,024 - FormValidator - INFO - Field values: ticket='T0003', vehicle='TS08EL0455', agency='Tharuni'
2025-06-03 01:33:44,025 - FormValidator - INFO - Basic validation passed
2025-06-03 01:33:44,025 - FormValidator - INFO - Validating weighment data
2025-06-03 01:33:44,025 - FormValidator - INFO - Weighment data: first_weight='36430.00', first_timestamp='03-06-2025 01:33:39', second_weight='', second_timestamp=''
2025-06-03 01:33:44,026 - FormValidator - INFO - Weighment validation passed
2025-06-03 01:33:44,026 - FormValidator - INFO - Validating images for second weighment
2025-06-03 01:33:44,026 - FormValidator - INFO - Images validation for second: front=False, back=False
2025-06-03 01:33:45,747 - DataManager - INFO - Successfully loaded 3 records from data\Tharuni_Guntur_data.csv
2025-06-03 01:33:45,748 - DataManager - INFO - Successfully loaded 3 records from data\Tharuni_Guntur_data.csv
2025-06-03 01:33:45,752 - FormValidator - INFO - User chose to continue without images
2025-06-03 01:33:45,752 - FormValidator - INFO - Form validation passed successfully
2025-06-03 01:33:45,753 - TharuniApp - INFO - Saving record for ticket: T0003
2025-06-03 01:33:45,754 - TharuniApp - INFO - Form data keys: ['date', 'time', 'site_name', 'agency_name', 'material', 'ticket_no', 'vehicle_no', 'transfer_party_name', 'first_weight', 'first_timestamp', 'second_weight', 'second_timestamp', 'net_weight', 'material_type', 'first_front_image', 'first_back_image', 'second_front_image', 'second_back_image', 'site_incharge', 'user_name']
2025-06-03 01:33:45,754 - DataManager - INFO - Successfully loaded 3 records from data\Tharuni_Guntur_data.csv
2025-06-03 01:33:45,755 - DataManager - INFO - Filtered 3 records to 1 using filter: 't0003'
2025-06-03 01:33:45,755 - TharuniApp - INFO - Updating existing record: T0003
2025-06-03 01:33:45,755 - TharuniApp - INFO - Calling data_manager.save_record for T0003
2025-06-03 01:33:45,755 - DataManager - INFO - ==================================================
2025-06-03 01:33:45,756 - DataManager - INFO - STARTING OFFLINE-FIRST RECORD SAVE
2025-06-03 01:33:45,756 - DataManager - INFO - Input data keys: ['date', 'time', 'site_name', 'agency_name', 'material', 'ticket_no', 'vehicle_no', 'transfer_party_name', 'first_weight', 'first_timestamp', 'second_weight', 'second_timestamp', 'net_weight', 'material_type', 'first_front_image', 'first_back_image', 'second_front_image', 'second_back_image', 'site_incharge', 'user_name']
2025-06-03 01:33:45,756 - DataManager - INFO - Net weight cleared - incomplete weighments
2025-06-03 01:33:45,756 - DataManager - INFO - Using data file: data\Tharuni_Guntur_data.csv
2025-06-03 01:33:45,757 - DataManager - INFO - Successfully loaded 3 records from data\Tharuni_Guntur_data.csv
2025-06-03 01:33:45,757 - DataManager - INFO - Filtered 3 records to 1 using filter: 't0003'
2025-06-03 01:33:45,757 - DataManager - INFO - Updating existing record: T0003
2025-06-03 01:33:45,758 - DataManager - INFO - Updating record T0003 in data\Tharuni_Guntur_data.csv
2025-06-03 01:33:45,758 - DataManager - INFO - Read 3 records from CSV
2025-06-03 01:33:45,759 - DataManager - INFO - Found record to update at index 2
2025-06-03 01:33:45,759 - DataManager - INFO - Updated record data: ['03-06-2025', '01:33:45', 'Guntur', 'Tharuni', 'Inert', 'T0003', 'TS08EL0455', 'Jindal', '36430.00', '03-06-2025 01:33:39', '', '', '', 'Inert', '', '', '', '', '', 'admin']
2025-06-03 01:33:45,763 - DataManager - INFO - ✅ Record T0003 updated in data\Tharuni_Guntur_data.csv
2025-06-03 01:33:45,763 - DataManager - INFO - ✅ Record T0003 saved to local CSV successfully
2025-06-03 01:33:45,764 - DataManager - INFO - Weighment analysis:
2025-06-03 01:33:45,765 - DataManager - INFO -   - Has first weighment: True
2025-06-03 01:33:45,765 - DataManager - INFO -   - Has second weighment: False
2025-06-03 01:33:45,766 - DataManager - INFO -   - Is first weighment save: True
2025-06-03 01:33:45,766 - DataManager - INFO -   - Is complete record: False
2025-06-03 01:33:45,767 - DataManager - INFO -   - Is update: True
2025-06-03 01:33:45,767 - DataManager - INFO - ✅ OFFLINE-FIRST SAVE COMPLETED - Local CSV, JSON backup, and PDF generated
2025-06-03 01:33:45,768 - DataManager - INFO - 💡 Cloud backup available via Settings > Cloud Storage > Backup
2025-06-03 01:33:45,768 - DataManager - INFO - ==================================================
2025-06-03 01:33:45,768 - TharuniApp - INFO - ✅ Record T0003 saved successfully
2025-06-03 01:33:46,956 - DataManager - INFO - Successfully loaded 3 records from data\Tharuni_Guntur_data.csv
2025-06-03 01:33:46,956 - DataManager - INFO - Successfully loaded 3 records from data\Tharuni_Guntur_data.csv
2025-06-03 01:33:46,961 - DataManager - INFO - Successfully loaded 3 records from data\Tharuni_Guntur_data.csv
2025-06-03 01:33:46,962 - DataManager - INFO - Returning all 3 records (no filter)
2025-06-03 01:33:46,963 - PendingVehiclesPanel - INFO - Refreshing pending vehicles list
2025-06-03 01:33:46,964 - DataManager - INFO - Successfully loaded 3 records from data\Tharuni_Guntur_data.csv
2025-06-03 01:33:46,965 - PendingVehiclesPanel - INFO - Retrieved 3 total records
2025-06-03 01:33:46,969 - PendingVehiclesPanel - INFO - Added to pending: T0003
2025-06-03 01:33:46,969 - PendingVehiclesPanel - INFO - Found 1 pending records
2025-06-03 01:33:46,970 - PendingVehiclesPanel - INFO - Successfully refreshed pending list with 1 items
2025-06-03 01:33:46,970 - TharuniApp - INFO - SAVE RECORD OPERATION COMPLETED SUCCESSFULLY WITH NEW TICKET FLOW
2025-06-03 01:33:46,970 - TharuniApp - INFO - ==================================================
2025-06-03 01:34:24,593 - DataManager - INFO - Successfully loaded 3 records from data\Tharuni_Guntur_data.csv
2025-06-03 01:34:24,593 - DataManager - INFO - Successfully loaded 3 records from data\Tharuni_Guntur_data.csv
2025-06-03 01:34:26,916 - DataManager - INFO - Successfully loaded 3 records from data\Tharuni_Guntur_data.csv
2025-06-03 01:34:28,096 - DataManager - INFO - Successfully loaded 3 records from data\Tharuni_Guntur_data.csv
2025-06-03 01:34:28,097 - DataManager - INFO - Successfully loaded 3 records from data\Tharuni_Guntur_data.csv
2025-06-03 01:34:29,854 - PendingVehiclesPanel - INFO - Refreshing pending vehicles list
2025-06-03 01:34:29,856 - DataManager - INFO - Successfully loaded 3 records from data\Tharuni_Guntur_data.csv
2025-06-03 01:34:29,857 - PendingVehiclesPanel - INFO - Retrieved 3 total records
2025-06-03 01:34:29,864 - PendingVehiclesPanel - INFO - Added to pending: T0003
2025-06-03 01:34:29,864 - PendingVehiclesPanel - INFO - Found 1 pending records
2025-06-03 01:34:29,866 - PendingVehiclesPanel - INFO - Successfully refreshed pending list with 1 items
2025-06-03 01:34:30,054 - DataManager - INFO - Successfully loaded 3 records from data\Tharuni_Guntur_data.csv
2025-06-03 01:34:30,054 - DataManager - INFO - Successfully loaded 3 records from data\Tharuni_Guntur_data.csv
2025-06-03 01:34:33,278 - TharuniApp - INFO - ==================================================
2025-06-03 01:34:33,278 - TharuniApp - INFO - SAVE RECORD OPERATION STARTED WITH NEW TICKET FLOW
2025-06-03 01:34:33,279 - FormValidator - INFO - Starting comprehensive form validation
2025-06-03 01:34:33,279 - FormValidator - INFO - Validating basic fields
2025-06-03 01:34:33,280 - FormValidator - INFO - Field values: ticket='T0003', vehicle='TS08EL0455', agency=''
2025-06-03 01:34:33,280 - FormValidator - ERROR - Basic validation failed: Please fill in the following required fields: Agency Name
2025-06-03 01:34:34,364 - DataManager - INFO - Successfully loaded 3 records from data\Tharuni_Guntur_data.csv
2025-06-03 01:34:34,365 - DataManager - INFO - Successfully loaded 3 records from data\Tharuni_Guntur_data.csv
2025-06-03 01:34:34,368 - TharuniApp - WARNING - Form validation failed - aborting save
2025-06-03 01:34:34,369 - TharuniApp - INFO - ==================================================
2025-06-03 01:34:36,923 - DataManager - INFO - CSV structure is up to date
2025-06-03 01:34:36,923 - DataManager - INFO - Data context set to: Agency='Tharuni', Site='Guntur'
2025-06-03 01:34:36,924 - DataManager - INFO - Data file: data\Tharuni_Guntur_data.csv
2025-06-03 01:34:41,160 - TharuniApp - INFO - ==================================================
2025-06-03 01:34:41,160 - TharuniApp - INFO - SAVE RECORD OPERATION STARTED WITH NEW TICKET FLOW
2025-06-03 01:34:41,161 - FormValidator - INFO - Starting comprehensive form validation
2025-06-03 01:34:41,161 - FormValidator - INFO - Validating basic fields
2025-06-03 01:34:41,162 - FormValidator - INFO - Field values: ticket='T0003', vehicle='TS08EL0455', agency='Tharuni'
2025-06-03 01:34:41,162 - FormValidator - INFO - Basic validation passed
2025-06-03 01:34:41,163 - FormValidator - INFO - Validating weighment data
2025-06-03 01:34:41,163 - FormValidator - INFO - Weighment data: first_weight='33630.00', first_timestamp='03-06-2025 01:34:23', second_weight='5200.00', second_timestamp='03-06-2025 01:34:28'
2025-06-03 01:34:41,164 - FormValidator - INFO - Weighment validation passed
2025-06-03 01:34:41,164 - FormValidator - INFO - Validating images for second weighment
2025-06-03 01:34:41,164 - FormValidator - INFO - Images validation for second: front=False, back=False
2025-06-03 01:34:42,161 - FormValidator - INFO - User chose to continue without images
2025-06-03 01:34:42,161 - FormValidator - INFO - Form validation passed successfully
2025-06-03 01:34:42,162 - TharuniApp - INFO - Saving record for ticket: T0003
2025-06-03 01:34:42,163 - TharuniApp - INFO - Form data keys: ['date', 'time', 'site_name', 'agency_name', 'material', 'ticket_no', 'vehicle_no', 'transfer_party_name', 'first_weight', 'first_timestamp', 'second_weight', 'second_timestamp', 'net_weight', 'material_type', 'first_front_image', 'first_back_image', 'second_front_image', 'second_back_image', 'site_incharge', 'user_name']
2025-06-03 01:34:42,163 - DataManager - INFO - Successfully loaded 3 records from data\Tharuni_Guntur_data.csv
2025-06-03 01:34:42,163 - DataManager - INFO - Filtered 3 records to 1 using filter: 't0003'
2025-06-03 01:34:42,164 - TharuniApp - INFO - Updating existing record: T0003
2025-06-03 01:34:42,164 - TharuniApp - INFO - Calling data_manager.save_record for T0003
2025-06-03 01:34:42,164 - DataManager - INFO - ==================================================
2025-06-03 01:34:42,164 - DataManager - INFO - STARTING OFFLINE-FIRST RECORD SAVE
2025-06-03 01:34:42,164 - DataManager - INFO - Input data keys: ['date', 'time', 'site_name', 'agency_name', 'material', 'ticket_no', 'vehicle_no', 'transfer_party_name', 'first_weight', 'first_timestamp', 'second_weight', 'second_timestamp', 'net_weight', 'material_type', 'first_front_image', 'first_back_image', 'second_front_image', 'second_back_image', 'site_incharge', 'user_name']
2025-06-03 01:34:42,165 - DataManager - INFO - Net weight calculated: 33630.0 - 5200.0 = 28430.00
2025-06-03 01:34:42,165 - DataManager - INFO - Using data file: data\Tharuni_Guntur_data.csv
2025-06-03 01:34:42,166 - DataManager - INFO - Successfully loaded 3 records from data\Tharuni_Guntur_data.csv
2025-06-03 01:34:42,166 - DataManager - INFO - Filtered 3 records to 1 using filter: 't0003'
2025-06-03 01:34:42,166 - DataManager - INFO - Updating existing record: T0003
2025-06-03 01:34:42,167 - DataManager - INFO - Updating record T0003 in data\Tharuni_Guntur_data.csv
2025-06-03 01:34:42,167 - DataManager - INFO - Read 3 records from CSV
2025-06-03 01:34:42,168 - DataManager - INFO - Found record to update at index 2
2025-06-03 01:34:42,168 - DataManager - INFO - Updated record data: ['03-06-2025', '01:34:42', 'Guntur', 'Tharuni', 'Inert', 'T0003', 'TS08EL0455', 'Jindal', '33630.00', '03-06-2025 01:34:23', '5200.00', '03-06-2025 01:34:28', '28430.00', 'Inert', '', '', '', '', '', 'admin']
2025-06-03 01:34:42,172 - DataManager - INFO - ✅ Record T0003 updated in data\Tharuni_Guntur_data.csv
2025-06-03 01:34:42,172 - DataManager - INFO - ✅ Record T0003 saved to local CSV successfully
2025-06-03 01:34:42,173 - DataManager - INFO - Weighment analysis:
2025-06-03 01:34:42,173 - DataManager - INFO -   - Has first weighment: True
2025-06-03 01:34:42,173 - DataManager - INFO -   - Has second weighment: True
2025-06-03 01:34:42,173 - DataManager - INFO -   - Is first weighment save: False
2025-06-03 01:34:42,174 - DataManager - INFO -   - Is complete record: True
2025-06-03 01:34:42,174 - DataManager - INFO -   - Is update: True
2025-06-03 01:34:42,174 - DataManager - INFO - Complete record detected - saving JSON backup locally...
2025-06-03 01:34:42,175 - DataManager - INFO - Created new daily JSON folder: data\json_backups\2025-06-03
2025-06-03 01:34:42,190 - DataManager - INFO - ✅ JSON backup saved: data\json_backups\2025-06-03\T0003_Tharuni_Guntur_013442.json
2025-06-03 01:34:42,190 - DataManager - INFO - ✅ JSON backup saved locally for T0003
2025-06-03 01:34:42,190 - DataManager - INFO - Complete record detected for ticket T0003 - generating PDF locally...
2025-06-03 01:34:42,191 - DataManager - INFO - Today's reports folder ensured: data\reports\2025-06-03
2025-06-03 01:34:42,191 - DataManager - INFO - Reports will be saved to: data\reports\2025-06-03
2025-06-03 01:34:42,192 - DataManager - INFO - Today's reports folder ensured: data\reports\2025-06-03
2025-06-03 01:34:42,194 - DataManager - INFO - SIMPLE TEST - Net display: '28430.00 kg'
2025-06-03 01:34:42,195 - DataManager - INFO - Building PDF document: data\reports\2025-06-03\Tharuni_Guntur_T0003_TS08EL0455_013442.pdf
2025-06-03 01:34:42,208 - DataManager - INFO - PDF created successfully: data\reports\2025-06-03\Tharuni_Guntur_T0003_TS08EL0455_013442.pdf (2962 bytes)
2025-06-03 01:34:42,208 - DataManager - INFO - Auto-generated PDF: data\reports\2025-06-03\Tharuni_Guntur_T0003_TS08EL0455_013442.pdf
2025-06-03 01:34:42,208 - DataManager - INFO - PDF saved to today's reports folder: data\reports\2025-06-03
2025-06-03 01:34:42,209 - DataManager - INFO - ✅ PDF auto-generated locally: data\reports\2025-06-03\Tharuni_Guntur_T0003_TS08EL0455_013442.pdf
2025-06-03 01:34:42,209 - DataManager - INFO - ✅ OFFLINE-FIRST SAVE COMPLETED - Local CSV, JSON backup, and PDF generated
2025-06-03 01:34:42,209 - DataManager - INFO - 📂 PDF saved to today's reports folder: data\reports\2025-06-03
2025-06-03 01:34:42,210 - DataManager - INFO - 💡 Cloud backup available via Settings > Cloud Storage > Backup
2025-06-03 01:34:42,210 - DataManager - INFO - ==================================================
2025-06-03 01:34:42,210 - TharuniApp - INFO - ✅ Record T0003 saved successfully
2025-06-03 01:34:42,211 - TharuniApp - INFO - Removing T0003 from pending vehicles list
2025-06-03 01:34:42,211 - PendingVehiclesPanel - INFO - Attempting to remove ticket T0003 from pending list
2025-06-03 01:34:42,212 - PendingVehiclesPanel - INFO - Removed ticket T0003 from pending list
2025-06-03 01:34:43,576 - DataManager - INFO - Successfully loaded 3 records from data\Tharuni_Guntur_data.csv
2025-06-03 01:34:43,576 - DataManager - INFO - Returning all 3 records (no filter)
2025-06-03 01:34:43,577 - PendingVehiclesPanel - INFO - Refreshing pending vehicles list
2025-06-03 01:34:43,577 - DataManager - INFO - Successfully loaded 3 records from data\Tharuni_Guntur_data.csv
2025-06-03 01:34:43,578 - PendingVehiclesPanel - INFO - Retrieved 3 total records
2025-06-03 01:34:43,580 - PendingVehiclesPanel - INFO - Found 0 pending records
2025-06-03 01:34:43,581 - PendingVehiclesPanel - INFO - Successfully refreshed pending list with 0 items
2025-06-03 01:34:43,581 - TharuniApp - INFO - SAVE RECORD OPERATION COMPLETED SUCCESSFULLY WITH NEW TICKET FLOW
2025-06-03 01:34:43,582 - TharuniApp - INFO - ==================================================
2025-06-03 01:35:29,877 - PendingVehiclesPanel - INFO - Refreshing pending vehicles list
2025-06-03 01:35:29,877 - DataManager - INFO - Successfully loaded 3 records from data\Tharuni_Guntur_data.csv
2025-06-03 01:35:29,878 - PendingVehiclesPanel - INFO - Retrieved 3 total records
2025-06-03 01:35:29,880 - PendingVehiclesPanel - INFO - Found 0 pending records
2025-06-03 01:35:29,880 - PendingVehiclesPanel - INFO - Successfully refreshed pending list with 0 items
2025-06-03 01:35:29,881 - DataManager - INFO - Created new daily folder: data\reports\03-06
2025-06-03 01:35:46,497 - TharuniApp - INFO - Application closing - saving settings...
2025-06-03 01:35:46,502 - TharuniApp - INFO - Updating camera settings: {'front_camera_type': 'USB', 'front_camera_index': 0, 'front_rtsp_username': '', 'front_rtsp_password': '', 'front_rtsp_ip': '', 'front_rtsp_port': '554', 'front_rtsp_endpoint': '/stream1', 'front_http_username': '', 'front_http_password': '', 'front_http_ip': '', 'front_http_port': '80', 'front_http_endpoint': '/mjpeg', 'back_camera_type': 'USB', 'back_camera_index': 1, 'back_rtsp_username': '', 'back_rtsp_password': '', 'back_rtsp_ip': '', 'back_rtsp_port': '554', 'back_rtsp_endpoint': '/stream1', 'back_http_username': '', 'back_http_password': '', 'back_http_ip': '', 'back_http_port': '80', 'back_http_endpoint': '/mjpeg'}
2025-06-03 01:35:46,507 - TharuniApp - INFO - Camera settings saved for persistence
2025-06-03 01:35:46,509 - TharuniApp - INFO - ============================================================
2025-06-03 01:35:46,509 - TharuniApp - INFO - APPLICATION SHUTDOWN COMPLETED
2025-06-03 01:35:46,510 - TharuniApp - INFO - ============================================================
2025-06-03 01:40:00,307 - TharuniApp - INFO - ============================================================
2025-06-03 01:40:00,307 - TharuniApp - INFO - APPLICATION STARTUP
2025-06-03 01:40:00,307 - TharuniApp - INFO - ============================================================
2025-06-03 01:40:00,311 - TharuniApp - INFO - Configuration setup completed
2025-06-03 01:40:00,311 - DataManager - INFO - DataManager initialized with OFFLINE-FIRST approach + JSON local storage
2025-06-03 01:40:00,312 - DataManager - INFO - CSV structure is up to date
2025-06-03 01:40:00,312 - DataManager - INFO - Daily PDF folder structure ready:
2025-06-03 01:40:00,313 - DataManager - INFO -   Base reports folder: data\reports
2025-06-03 01:40:00,313 - DataManager - INFO -   Today's folder: data\reports\2025-06-03
2025-06-03 01:40:00,313 - DataManager - INFO - Data file: data\weighbridge_data.csv
2025-06-03 01:40:00,314 - DataManager - INFO - Reports folder: data\reports
2025-06-03 01:40:00,314 - DataManager - INFO - JSON backup folder: data\json_backups
2025-06-03 01:40:00,314 - DataManager - INFO - PDF folder: data\reports\2025-06-03
2025-06-03 01:40:00,315 - DataManager - INFO - Cloud storage will only be initialized when backup is requested
2025-06-03 01:40:00,315 - TharuniApp - INFO - Data manager initialized
2025-06-03 01:40:00,318 - TharuniApp - INFO - Settings storage initialized
2025-06-03 01:40:00,320 - TharuniApp - INFO - UI styles initialized
2025-06-03 01:40:00,321 - TharuniApp - INFO - Starting user authentication
2025-06-03 01:40:03,659 - TharuniApp - INFO - Authentication successful: admin
2025-06-03 01:40:03,659 - TharuniApp - INFO - User logged in: admin (Role: admin)
2025-06-03 01:40:03,659 - TharuniApp - INFO - Setting up data context
2025-06-03 01:40:03,660 - DataManager - INFO - CSV structure is up to date
2025-06-03 01:40:03,660 - DataManager - INFO - Data context set to: Agency='Tharuni', Site='Guntur'
2025-06-03 01:40:03,660 - DataManager - INFO - Data file: data\Tharuni_Guntur_data.csv
2025-06-03 01:40:03,661 - TharuniApp - INFO - Data context initialized: Agency='Tharuni', Site='Guntur'
2025-06-03 01:40:03,661 - TharuniApp - INFO - Data will be saved to: data\Tharuni_Guntur_data.csv
2025-06-03 01:40:03,661 - TharuniApp - INFO - PDFs will be saved to: data\reports\2025-06-03
2025-06-03 01:40:03,661 - TharuniApp - INFO - Creating application widgets
2025-06-03 01:40:03,668 - TharuniApp - INFO - Creating main panel
2025-06-03 01:40:03,678 - FormValidator - INFO - FormValidator initialized
2025-06-03 01:40:03,685 - DataManager - INFO - Successfully loaded 3 records from data\Tharuni_Guntur_data.csv
2025-06-03 01:40:04,276 - DataManager - INFO - Successfully loaded 3 records from data\Tharuni_Guntur_data.csv
2025-06-03 01:40:04,277 - TharuniApp - INFO - Main form created
2025-06-03 01:40:04,278 - DataManager - INFO - CSV structure is up to date
2025-06-03 01:40:04,279 - DataManager - INFO - Data context set to: Agency='Tharuni', Site='Guntur'
2025-06-03 01:40:04,279 - DataManager - INFO - Data file: data\Tharuni_Guntur_data.csv
2025-06-03 01:40:04,280 - DataManager - INFO - CSV structure is up to date
2025-06-03 01:40:04,280 - DataManager - INFO - Data context set to: Agency='Tharuni', Site='Guntur'
2025-06-03 01:40:04,280 - DataManager - INFO - Data file: data\Tharuni_Guntur_data.csv
2025-06-03 01:40:04,281 - DataManager - INFO - CSV structure is up to date
2025-06-03 01:40:04,281 - DataManager - INFO - Data context set to: Agency='Tharuni', Site='Guntur'
2025-06-03 01:40:04,281 - DataManager - INFO - Data file: data\Tharuni_Guntur_data.csv
2025-06-03 01:40:04,282 - PendingVehiclesPanel - INFO - PendingVehiclesPanel initialized
2025-06-03 01:40:04,289 - PendingVehiclesPanel - INFO - Refreshing pending vehicles list
2025-06-03 01:40:04,290 - DataManager - INFO - Successfully loaded 3 records from data\Tharuni_Guntur_data.csv
2025-06-03 01:40:04,290 - PendingVehiclesPanel - INFO - Retrieved 3 total records
2025-06-03 01:40:04,293 - PendingVehiclesPanel - INFO - Found 0 pending records
2025-06-03 01:40:04,294 - PendingVehiclesPanel - INFO - Successfully refreshed pending list with 0 items
2025-06-03 01:40:04,294 - TharuniApp - INFO - Pending vehicles panel created
2025-06-03 01:40:04,482 - TharuniApp - INFO - Main panel creation completed
2025-06-03 01:40:04,489 - TharuniApp - INFO - Summary panel created
2025-06-03 01:40:04,697 - TharuniApp - INFO - ✅ Data manager reference set in settings panel
2025-06-03 01:40:04,697 - TharuniApp - INFO - Widget creation completed successfully
2025-06-03 01:40:04,699 - PendingVehiclesPanel - INFO - Refreshing pending vehicles list
2025-06-03 01:40:04,699 - DataManager - INFO - Successfully loaded 3 records from data\Tharuni_Guntur_data.csv
2025-06-03 01:40:04,700 - PendingVehiclesPanel - INFO - Retrieved 3 total records
2025-06-03 01:40:04,705 - PendingVehiclesPanel - INFO - Found 0 pending records
2025-06-03 01:40:04,705 - PendingVehiclesPanel - INFO - Successfully refreshed pending list with 0 items
2025-06-03 01:40:04,706 - DataManager - INFO - Created new daily folder: data\reports\03-06
2025-06-03 01:40:04,706 - TharuniApp - INFO - Application initialization completed successfully
2025-06-03 01:40:05,701 - TharuniApp - INFO - Ensuring settings persistence...
2025-06-03 01:40:05,704 - TharuniApp - INFO - Settings persistence check completed
2025-06-03 01:40:07,178 - DataManager - INFO - Successfully loaded 3 records from data\Tharuni_Guntur_data.csv
2025-06-03 01:40:07,203 - DataManager - INFO - Successfully loaded 3 records from data\Tharuni_Guntur_data.csv
2025-06-03 01:40:07,204 - DataManager - INFO - Successfully loaded 3 records from data\Tharuni_Guntur_data.csv
2025-06-03 01:40:08,182 - DataManager - INFO - Successfully loaded 3 records from data\Tharuni_Guntur_data.csv
2025-06-03 01:40:08,183 - DataManager - INFO - Successfully loaded 3 records from data\Tharuni_Guntur_data.csv
2025-06-03 01:40:10,797 - DataManager - INFO - Successfully loaded 3 records from data\Tharuni_Guntur_data.csv
2025-06-03 01:40:10,797 - DataManager - INFO - Successfully loaded 3 records from data\Tharuni_Guntur_data.csv
2025-06-03 01:40:12,541 - TharuniApp - INFO - ==================================================
2025-06-03 01:40:12,542 - TharuniApp - INFO - SAVE RECORD OPERATION STARTED WITH ALWAYS-INCREMENT FLOW
2025-06-03 01:40:12,542 - FormValidator - INFO - Starting comprehensive form validation
2025-06-03 01:40:12,543 - FormValidator - INFO - Validating basic fields
2025-06-03 01:40:12,543 - FormValidator - INFO - Field values: ticket='T0003', vehicle='TS08EL0455', agency='Tharuni'
2025-06-03 01:40:12,544 - FormValidator - INFO - Basic validation passed
2025-06-03 01:40:12,544 - FormValidator - INFO - Validating weighment data
2025-06-03 01:40:12,545 - FormValidator - INFO - Weighment data: first_weight='43320.00', first_timestamp='03-06-2025 01:40:08', second_weight='', second_timestamp=''
2025-06-03 01:40:12,545 - FormValidator - INFO - Weighment validation passed
2025-06-03 01:40:12,546 - FormValidator - INFO - Validating images for second weighment
2025-06-03 01:40:12,546 - FormValidator - INFO - Images validation for second: front=False, back=False
2025-06-03 01:40:13,815 - DataManager - INFO - Successfully loaded 3 records from data\Tharuni_Guntur_data.csv
2025-06-03 01:40:13,816 - DataManager - INFO - Successfully loaded 3 records from data\Tharuni_Guntur_data.csv
2025-06-03 01:40:13,819 - FormValidator - INFO - User chose to continue without images
2025-06-03 01:40:13,820 - FormValidator - INFO - Form validation passed successfully
2025-06-03 01:40:13,822 - TharuniApp - INFO - Saving record for ticket: T0003
2025-06-03 01:40:13,823 - DataManager - INFO - Successfully loaded 3 records from data\Tharuni_Guntur_data.csv
2025-06-03 01:40:13,823 - DataManager - INFO - Filtered 3 records to 1 using filter: 't0003'
2025-06-03 01:40:13,824 - TharuniApp - INFO - Updating existing record: T0003
2025-06-03 01:40:13,824 - TharuniApp - INFO - Calling data_manager.save_record for T0003
2025-06-03 01:40:13,824 - DataManager - INFO - ==================================================
2025-06-03 01:40:13,824 - DataManager - INFO - STARTING OFFLINE-FIRST RECORD SAVE
2025-06-03 01:40:13,825 - DataManager - INFO - Input data keys: ['date', 'time', 'site_name', 'agency_name', 'material', 'ticket_no', 'vehicle_no', 'transfer_party_name', 'first_weight', 'first_timestamp', 'second_weight', 'second_timestamp', 'net_weight', 'material_type', 'first_front_image', 'first_back_image', 'second_front_image', 'second_back_image', 'site_incharge', 'user_name']
2025-06-03 01:40:13,825 - DataManager - INFO - Net weight cleared - incomplete weighments
2025-06-03 01:40:13,825 - DataManager - INFO - Using data file: data\Tharuni_Guntur_data.csv
2025-06-03 01:40:13,826 - DataManager - INFO - Successfully loaded 3 records from data\Tharuni_Guntur_data.csv
2025-06-03 01:40:13,826 - DataManager - INFO - Filtered 3 records to 1 using filter: 't0003'
2025-06-03 01:40:13,826 - DataManager - INFO - Updating existing record: T0003
2025-06-03 01:40:13,826 - DataManager - INFO - Updating record T0003 in data\Tharuni_Guntur_data.csv
2025-06-03 01:40:13,827 - DataManager - INFO - Read 3 records from CSV
2025-06-03 01:40:13,827 - DataManager - INFO - Found record to update at index 2
2025-06-03 01:40:13,827 - DataManager - INFO - Updated record data: ['03-06-2025', '01:40:13', 'Guntur', 'Tharuni', 'Inert', 'T0003', 'TS08EL0455', 'Jindal', '43320.00', '03-06-2025 01:40:08', '', '', '', 'Inert', '', '', '', '', '', 'admin']
2025-06-03 01:40:13,830 - DataManager - INFO - ✅ Record T0003 updated in data\Tharuni_Guntur_data.csv
2025-06-03 01:40:13,830 - DataManager - INFO - ✅ Record T0003 saved to local CSV successfully
2025-06-03 01:40:13,830 - DataManager - INFO - Weighment analysis:
2025-06-03 01:40:13,831 - DataManager - INFO -   - Has first weighment: True
2025-06-03 01:40:13,831 - DataManager - INFO -   - Has second weighment: False
2025-06-03 01:40:13,831 - DataManager - INFO -   - Is first weighment save: True
2025-06-03 01:40:13,831 - DataManager - INFO -   - Is complete record: False
2025-06-03 01:40:13,831 - DataManager - INFO -   - Is update: True
2025-06-03 01:40:13,832 - DataManager - INFO - ✅ OFFLINE-FIRST SAVE COMPLETED - Local CSV, JSON backup, and PDF generated
2025-06-03 01:40:13,832 - DataManager - INFO - 💡 Cloud backup available via Settings > Cloud Storage > Backup
2025-06-03 01:40:13,832 - DataManager - INFO - ==================================================
2025-06-03 01:40:13,832 - TharuniApp - INFO - ✅ Record T0003 saved successfully
2025-06-03 01:40:15,171 - DataManager - INFO - Successfully loaded 3 records from data\Tharuni_Guntur_data.csv
2025-06-03 01:40:15,173 - DataManager - INFO - Successfully loaded 3 records from data\Tharuni_Guntur_data.csv
2025-06-03 01:40:15,176 - DataManager - INFO - Successfully loaded 3 records from data\Tharuni_Guntur_data.csv
2025-06-03 01:40:15,176 - DataManager - INFO - Returning all 3 records (no filter)
2025-06-03 01:40:15,177 - PendingVehiclesPanel - INFO - Refreshing pending vehicles list
2025-06-03 01:40:15,177 - DataManager - INFO - Successfully loaded 3 records from data\Tharuni_Guntur_data.csv
2025-06-03 01:40:15,178 - PendingVehiclesPanel - INFO - Retrieved 3 total records
2025-06-03 01:40:15,181 - PendingVehiclesPanel - INFO - Added to pending: T0003
2025-06-03 01:40:15,182 - PendingVehiclesPanel - INFO - Found 1 pending records
2025-06-03 01:40:15,183 - PendingVehiclesPanel - INFO - Successfully refreshed pending list with 1 items
2025-06-03 01:40:15,184 - TharuniApp - INFO - SAVE RECORD OPERATION COMPLETED SUCCESSFULLY WITH ALWAYS-INCREMENT FLOW
2025-06-03 01:40:15,185 - TharuniApp - INFO - ==================================================
2025-06-03 01:40:18,600 - DataManager - INFO - Successfully loaded 3 records from data\Tharuni_Guntur_data.csv
2025-06-03 01:40:19,675 - DataManager - INFO - Successfully loaded 3 records from data\Tharuni_Guntur_data.csv
2025-06-03 01:40:19,677 - DataManager - INFO - Successfully loaded 3 records from data\Tharuni_Guntur_data.csv
2025-06-03 01:40:21,452 - DataManager - INFO - Successfully loaded 3 records from data\Tharuni_Guntur_data.csv
2025-06-03 01:40:21,453 - DataManager - INFO - Successfully loaded 3 records from data\Tharuni_Guntur_data.csv
2025-06-03 01:40:23,137 - TharuniApp - INFO - ==================================================
2025-06-03 01:40:23,138 - TharuniApp - INFO - SAVE RECORD OPERATION STARTED WITH ALWAYS-INCREMENT FLOW
2025-06-03 01:40:23,138 - FormValidator - INFO - Starting comprehensive form validation
2025-06-03 01:40:23,139 - FormValidator - INFO - Validating basic fields
2025-06-03 01:40:23,139 - FormValidator - INFO - Field values: ticket='T0004', vehicle='AP01JA0101', agency=''
2025-06-03 01:40:23,140 - FormValidator - ERROR - Basic validation failed: Please fill in the following required fields: Agency Name
2025-06-03 01:40:24,551 - DataManager - INFO - Successfully loaded 3 records from data\Tharuni_Guntur_data.csv
2025-06-03 01:40:24,552 - DataManager - INFO - Successfully loaded 3 records from data\Tharuni_Guntur_data.csv
2025-06-03 01:40:24,556 - TharuniApp - WARNING - Form validation failed - aborting save
2025-06-03 01:40:24,556 - TharuniApp - INFO - ==================================================
2025-06-03 01:40:26,998 - DataManager - INFO - CSV structure is up to date
2025-06-03 01:40:26,998 - DataManager - INFO - Data context set to: Agency='Tharuni', Site='Guntur'
2025-06-03 01:40:26,999 - DataManager - INFO - Data file: data\Tharuni_Guntur_data.csv
2025-06-03 01:40:28,824 - TharuniApp - INFO - ==================================================
2025-06-03 01:40:28,824 - TharuniApp - INFO - SAVE RECORD OPERATION STARTED WITH ALWAYS-INCREMENT FLOW
2025-06-03 01:40:28,825 - FormValidator - INFO - Starting comprehensive form validation
2025-06-03 01:40:28,825 - FormValidator - INFO - Validating basic fields
2025-06-03 01:40:28,826 - FormValidator - INFO - Field values: ticket='T0004', vehicle='AP01JA0101', agency='Tharuni'
2025-06-03 01:40:28,826 - FormValidator - INFO - Basic validation passed
2025-06-03 01:40:28,827 - FormValidator - INFO - Validating weighment data
2025-06-03 01:40:28,827 - FormValidator - INFO - Weighment data: first_weight='18980.00', first_timestamp='03-06-2025 01:40:20', second_weight='', second_timestamp=''
2025-06-03 01:40:28,828 - FormValidator - INFO - Weighment validation passed
2025-06-03 01:40:28,828 - FormValidator - INFO - Validating images for second weighment
2025-06-03 01:40:28,828 - FormValidator - INFO - Images validation for second: front=False, back=False
2025-06-03 01:40:29,859 - FormValidator - INFO - User chose to continue without images
2025-06-03 01:40:29,859 - FormValidator - INFO - Form validation passed successfully
2025-06-03 01:40:29,860 - TharuniApp - INFO - Saving record for ticket: T0004
2025-06-03 01:40:29,861 - DataManager - INFO - Successfully loaded 3 records from data\Tharuni_Guntur_data.csv
2025-06-03 01:40:29,861 - DataManager - INFO - Filtered 3 records to 0 using filter: 't0004'
2025-06-03 01:40:29,861 - TharuniApp - INFO - Adding new record: T0004
2025-06-03 01:40:29,861 - TharuniApp - INFO - Calling data_manager.save_record for T0004
2025-06-03 01:40:29,862 - DataManager - INFO - ==================================================
2025-06-03 01:40:29,862 - DataManager - INFO - STARTING OFFLINE-FIRST RECORD SAVE
2025-06-03 01:40:29,862 - DataManager - INFO - Input data keys: ['date', 'time', 'site_name', 'agency_name', 'material', 'ticket_no', 'vehicle_no', 'transfer_party_name', 'first_weight', 'first_timestamp', 'second_weight', 'second_timestamp', 'net_weight', 'material_type', 'first_front_image', 'first_back_image', 'second_front_image', 'second_back_image', 'site_incharge', 'user_name']
2025-06-03 01:40:29,862 - DataManager - INFO - Net weight cleared - incomplete weighments
2025-06-03 01:40:29,862 - DataManager - INFO - Using data file: data\Tharuni_Guntur_data.csv
2025-06-03 01:40:29,863 - DataManager - INFO - Successfully loaded 3 records from data\Tharuni_Guntur_data.csv
2025-06-03 01:40:29,863 - DataManager - INFO - Filtered 3 records to 0 using filter: 't0004'
2025-06-03 01:40:29,864 - DataManager - INFO - Adding new record: T0004
2025-06-03 01:40:29,864 - DataManager - INFO - Adding new record to CSV
2025-06-03 01:40:29,864 - DataManager - INFO - Record data: ['03-06-2025', '01:40:29', 'Guntur', 'Tharuni', 'Inert', 'T0004', 'AP01JA0101', 'Jindal', '18980.00', '03-06-2025 01:40:20', '', '', '', 'Inert', '', '', '', '', '', 'admin']
2025-06-03 01:40:29,866 - DataManager - INFO - ✅ New record added to data\Tharuni_Guntur_data.csv
2025-06-03 01:40:29,866 - DataManager - INFO - ✅ Record T0004 saved to local CSV successfully
2025-06-03 01:40:29,866 - DataManager - INFO - Weighment analysis:
2025-06-03 01:40:29,867 - DataManager - INFO -   - Has first weighment: True
2025-06-03 01:40:29,867 - DataManager - INFO -   - Has second weighment: False
2025-06-03 01:40:29,868 - DataManager - INFO -   - Is first weighment save: True
2025-06-03 01:40:29,869 - DataManager - INFO -   - Is complete record: False
2025-06-03 01:40:29,869 - DataManager - INFO -   - Is update: False
2025-06-03 01:40:29,869 - DataManager - INFO - ✅ OFFLINE-FIRST SAVE COMPLETED - Local CSV, JSON backup, and PDF generated
2025-06-03 01:40:29,870 - DataManager - INFO - 💡 Cloud backup available via Settings > Cloud Storage > Backup
2025-06-03 01:40:29,870 - DataManager - INFO - ==================================================
2025-06-03 01:40:29,871 - TharuniApp - INFO - ✅ Record T0004 saved successfully
2025-06-03 01:40:30,889 - DataManager - INFO - Successfully loaded 4 records from data\Tharuni_Guntur_data.csv
2025-06-03 01:40:30,889 - DataManager - INFO - Returning all 4 records (no filter)
2025-06-03 01:40:30,890 - PendingVehiclesPanel - INFO - Refreshing pending vehicles list
2025-06-03 01:40:30,890 - DataManager - INFO - Successfully loaded 4 records from data\Tharuni_Guntur_data.csv
2025-06-03 01:40:30,891 - PendingVehiclesPanel - INFO - Retrieved 4 total records
2025-06-03 01:40:30,893 - PendingVehiclesPanel - INFO - Added to pending: T0003
2025-06-03 01:40:30,894 - PendingVehiclesPanel - INFO - Added to pending: T0004
2025-06-03 01:40:30,895 - PendingVehiclesPanel - INFO - Found 2 pending records
2025-06-03 01:40:30,896 - PendingVehiclesPanel - INFO - Successfully refreshed pending list with 2 items
2025-06-03 01:40:30,896 - TharuniApp - INFO - SAVE RECORD OPERATION COMPLETED SUCCESSFULLY WITH ALWAYS-INCREMENT FLOW
2025-06-03 01:40:30,896 - TharuniApp - INFO - ==================================================
2025-06-03 01:40:36,189 - DataManager - INFO - Successfully loaded 4 records from data\Tharuni_Guntur_data.csv
2025-06-03 01:40:36,199 - DataManager - INFO - Successfully loaded 4 records from data\Tharuni_Guntur_data.csv
2025-06-03 01:40:36,200 - DataManager - INFO - Successfully loaded 4 records from data\Tharuni_Guntur_data.csv
2025-06-03 01:40:38,243 - DataManager - INFO - Successfully loaded 4 records from data\Tharuni_Guntur_data.csv
2025-06-03 01:40:38,245 - DataManager - INFO - Successfully loaded 4 records from data\Tharuni_Guntur_data.csv
2025-06-03 01:40:40,546 - DataManager - INFO - Successfully loaded 4 records from data\Tharuni_Guntur_data.csv
2025-06-03 01:40:40,546 - DataManager - INFO - Successfully loaded 4 records from data\Tharuni_Guntur_data.csv
2025-06-03 01:40:50,527 - DataManager - INFO - Successfully loaded 4 records from data\Tharuni_Guntur_data.csv
2025-06-03 01:40:50,528 - DataManager - INFO - Successfully loaded 4 records from data\Tharuni_Guntur_data.csv
2025-06-03 01:40:52,594 - TharuniApp - INFO - ==================================================
2025-06-03 01:40:52,594 - TharuniApp - INFO - SAVE RECORD OPERATION STARTED WITH ALWAYS-INCREMENT FLOW
2025-06-03 01:40:52,595 - FormValidator - INFO - Starting comprehensive form validation
2025-06-03 01:40:52,595 - FormValidator - INFO - Validating basic fields
2025-06-03 01:40:52,596 - FormValidator - INFO - Field values: ticket='T0005', vehicle='TS08EL0455', agency=''
2025-06-03 01:40:52,596 - FormValidator - ERROR - Basic validation failed: Please fill in the following required fields: Agency Name
2025-06-03 01:40:53,954 - DataManager - INFO - Successfully loaded 4 records from data\Tharuni_Guntur_data.csv
2025-06-03 01:40:53,954 - DataManager - INFO - Successfully loaded 4 records from data\Tharuni_Guntur_data.csv
2025-06-03 01:40:53,957 - TharuniApp - WARNING - Form validation failed - aborting save
2025-06-03 01:40:53,957 - TharuniApp - INFO - ==================================================
2025-06-03 01:40:59,487 - DataManager - INFO - CSV structure is up to date
2025-06-03 01:40:59,488 - DataManager - INFO - Data context set to: Agency='Tharuni', Site='Guntur'
2025-06-03 01:40:59,489 - DataManager - INFO - Data file: data\Tharuni_Guntur_data.csv
2025-06-03 01:41:01,705 - TharuniApp - INFO - ==================================================
2025-06-03 01:41:01,706 - TharuniApp - INFO - SAVE RECORD OPERATION STARTED WITH ALWAYS-INCREMENT FLOW
2025-06-03 01:41:01,706 - FormValidator - INFO - Starting comprehensive form validation
2025-06-03 01:41:01,707 - FormValidator - INFO - Validating basic fields
2025-06-03 01:41:01,707 - FormValidator - INFO - Field values: ticket='T0005', vehicle='TS08EL0455', agency='Tharuni'
2025-06-03 01:41:01,708 - FormValidator - INFO - Basic validation passed
2025-06-03 01:41:01,708 - FormValidator - INFO - Validating weighment data
2025-06-03 01:41:01,709 - FormValidator - INFO - Weighment data: first_weight='42940.00', first_timestamp='03-06-2025 01:40:39', second_weight='5020.00', second_timestamp='03-06-2025 01:40:49'
2025-06-03 01:41:01,709 - FormValidator - INFO - Weighment validation passed
2025-06-03 01:41:01,710 - FormValidator - INFO - Validating images for second weighment
2025-06-03 01:41:01,710 - FormValidator - INFO - Images validation for second: front=False, back=False
2025-06-03 01:41:02,710 - FormValidator - INFO - User chose to continue without images
2025-06-03 01:41:02,711 - FormValidator - INFO - Form validation passed successfully
2025-06-03 01:41:02,712 - TharuniApp - INFO - Saving record for ticket: T0005
2025-06-03 01:41:02,713 - DataManager - INFO - Successfully loaded 4 records from data\Tharuni_Guntur_data.csv
2025-06-03 01:41:02,713 - DataManager - INFO - Filtered 4 records to 0 using filter: 't0005'
2025-06-03 01:41:02,713 - TharuniApp - INFO - Adding new record: T0005
2025-06-03 01:41:02,714 - TharuniApp - INFO - Calling data_manager.save_record for T0005
2025-06-03 01:41:02,714 - DataManager - INFO - ==================================================
2025-06-03 01:41:02,714 - DataManager - INFO - STARTING OFFLINE-FIRST RECORD SAVE
2025-06-03 01:41:02,714 - DataManager - INFO - Input data keys: ['date', 'time', 'site_name', 'agency_name', 'material', 'ticket_no', 'vehicle_no', 'transfer_party_name', 'first_weight', 'first_timestamp', 'second_weight', 'second_timestamp', 'net_weight', 'material_type', 'first_front_image', 'first_back_image', 'second_front_image', 'second_back_image', 'site_incharge', 'user_name']
2025-06-03 01:41:02,714 - DataManager - INFO - Net weight calculated: 42940.0 - 5020.0 = 37920.00
2025-06-03 01:41:02,715 - DataManager - INFO - Using data file: data\Tharuni_Guntur_data.csv
2025-06-03 01:41:02,715 - DataManager - INFO - Successfully loaded 4 records from data\Tharuni_Guntur_data.csv
2025-06-03 01:41:02,715 - DataManager - INFO - Filtered 4 records to 0 using filter: 't0005'
2025-06-03 01:41:02,715 - DataManager - INFO - Adding new record: T0005
2025-06-03 01:41:02,716 - DataManager - INFO - Adding new record to CSV
2025-06-03 01:41:02,716 - DataManager - INFO - Record data: ['03-06-2025', '01:41:02', 'Guntur', 'Tharuni', 'Inert', 'T0005', 'TS08EL0455', 'Jindal', '42940.00', '03-06-2025 01:40:39', '5020.00', '03-06-2025 01:40:49', '37920.00', 'Inert', '', '', '', '', '', 'admin']
2025-06-03 01:41:02,717 - DataManager - INFO - ✅ New record added to data\Tharuni_Guntur_data.csv
2025-06-03 01:41:02,717 - DataManager - INFO - ✅ Record T0005 saved to local CSV successfully
2025-06-03 01:41:02,718 - DataManager - INFO - Weighment analysis:
2025-06-03 01:41:02,718 - DataManager - INFO -   - Has first weighment: True
2025-06-03 01:41:02,718 - DataManager - INFO -   - Has second weighment: True
2025-06-03 01:41:02,718 - DataManager - INFO -   - Is first weighment save: False
2025-06-03 01:41:02,719 - DataManager - INFO -   - Is complete record: True
2025-06-03 01:41:02,719 - DataManager - INFO -   - Is update: False
2025-06-03 01:41:02,719 - DataManager - INFO - Complete record detected - saving JSON backup locally...
2025-06-03 01:41:02,720 - DataManager - INFO - Created new daily JSON folder: data\json_backups\2025-06-03
2025-06-03 01:41:02,721 - DataManager - INFO - ✅ JSON backup saved: data\json_backups\2025-06-03\T0005_Tharuni_Guntur_014102.json
2025-06-03 01:41:02,721 - DataManager - INFO - ✅ JSON backup saved locally for T0005
2025-06-03 01:41:02,722 - DataManager - INFO - Complete record detected for ticket T0005 - generating PDF locally...
2025-06-03 01:41:02,723 - DataManager - INFO - Today's reports folder ensured: data\reports\2025-06-03
2025-06-03 01:41:02,723 - DataManager - INFO - Reports will be saved to: data\reports\2025-06-03
2025-06-03 01:41:02,724 - DataManager - INFO - Today's reports folder ensured: data\reports\2025-06-03
2025-06-03 01:41:02,726 - DataManager - INFO - SIMPLE TEST - Net display: '37920.00 kg'
2025-06-03 01:41:02,727 - DataManager - INFO - Building PDF document: data\reports\2025-06-03\Tharuni_Guntur_T0005_TS08EL0455_014102.pdf
2025-06-03 01:41:02,738 - DataManager - INFO - PDF created successfully: data\reports\2025-06-03\Tharuni_Guntur_T0005_TS08EL0455_014102.pdf (2964 bytes)
2025-06-03 01:41:02,738 - DataManager - INFO - Auto-generated PDF: data\reports\2025-06-03\Tharuni_Guntur_T0005_TS08EL0455_014102.pdf
2025-06-03 01:41:02,738 - DataManager - INFO - PDF saved to today's reports folder: data\reports\2025-06-03
2025-06-03 01:41:02,739 - DataManager - INFO - ✅ PDF auto-generated locally: data\reports\2025-06-03\Tharuni_Guntur_T0005_TS08EL0455_014102.pdf
2025-06-03 01:41:02,739 - DataManager - INFO - ✅ OFFLINE-FIRST SAVE COMPLETED - Local CSV, JSON backup, and PDF generated
2025-06-03 01:41:02,739 - DataManager - INFO - 📂 PDF saved to today's reports folder: data\reports\2025-06-03
2025-06-03 01:41:02,740 - DataManager - INFO - 💡 Cloud backup available via Settings > Cloud Storage > Backup
2025-06-03 01:41:02,740 - DataManager - INFO - ==================================================
2025-06-03 01:41:02,740 - TharuniApp - INFO - ✅ Record T0005 saved successfully
2025-06-03 01:41:04,710 - PendingVehiclesPanel - INFO - Refreshing pending vehicles list
2025-06-03 01:41:04,723 - DataManager - INFO - Successfully loaded 5 records from data\Tharuni_Guntur_data.csv
2025-06-03 01:41:04,723 - PendingVehiclesPanel - INFO - Retrieved 5 total records
2025-06-03 01:41:04,727 - PendingVehiclesPanel - INFO - Added to pending: T0003
2025-06-03 01:41:04,728 - PendingVehiclesPanel - INFO - Added to pending: T0004
2025-06-03 01:41:04,729 - PendingVehiclesPanel - INFO - Found 2 pending records
2025-06-03 01:41:04,730 - PendingVehiclesPanel - INFO - Successfully refreshed pending list with 2 items
2025-06-03 01:41:04,731 - DataManager - INFO - Created new daily folder: data\reports\03-06
2025-06-03 01:41:04,915 - DataManager - INFO - Successfully loaded 5 records from data\Tharuni_Guntur_data.csv
2025-06-03 01:41:04,915 - DataManager - INFO - Returning all 5 records (no filter)
2025-06-03 01:41:04,916 - PendingVehiclesPanel - INFO - Refreshing pending vehicles list
2025-06-03 01:41:04,917 - DataManager - INFO - Successfully loaded 5 records from data\Tharuni_Guntur_data.csv
2025-06-03 01:41:04,917 - PendingVehiclesPanel - INFO - Retrieved 5 total records
2025-06-03 01:41:04,919 - PendingVehiclesPanel - INFO - Added to pending: T0003
2025-06-03 01:41:04,920 - PendingVehiclesPanel - INFO - Added to pending: T0004
2025-06-03 01:41:04,921 - PendingVehiclesPanel - INFO - Found 2 pending records
2025-06-03 01:41:04,922 - PendingVehiclesPanel - INFO - Successfully refreshed pending list with 2 items
2025-06-03 01:41:04,922 - TharuniApp - INFO - SAVE RECORD OPERATION COMPLETED SUCCESSFULLY WITH ALWAYS-INCREMENT FLOW
2025-06-03 01:41:04,923 - TharuniApp - INFO - ==================================================
2025-06-03 01:41:10,873 - PendingVehiclesPanel - INFO - Double-clicked on ticket: T0004
2025-06-03 01:41:10,874 - TharuniApp - INFO - Loading pending vehicle: T0004
2025-06-03 01:41:10,876 - DataManager - INFO - Successfully loaded 5 records from data\Tharuni_Guntur_data.csv
2025-06-03 01:41:10,877 - DataManager - INFO - Filtered 5 records to 1 using filter: 't0004'
2025-06-03 01:41:10,880 - DataManager - INFO - CSV structure is up to date
2025-06-03 01:41:10,881 - DataManager - INFO - Data context set to: Agency='Tharuni', Site='Guntur'
2025-06-03 01:41:10,882 - DataManager - INFO - Data file: data\Tharuni_Guntur_data.csv
2025-06-03 01:41:10,892 - TharuniApp - INFO - Successfully loaded pending ticket: T0004
2025-06-03 01:41:17,532 - TharuniApp - INFO - ==================================================
2025-06-03 01:41:17,532 - TharuniApp - INFO - SAVE RECORD OPERATION STARTED WITH ALWAYS-INCREMENT FLOW
2025-06-03 01:41:17,533 - FormValidator - INFO - Starting comprehensive form validation
2025-06-03 01:41:17,533 - FormValidator - INFO - Validating basic fields
2025-06-03 01:41:17,534 - FormValidator - INFO - Field values: ticket='T0004', vehicle='AP01JA0101', agency='Tharuni'
2025-06-03 01:41:17,534 - FormValidator - INFO - Basic validation passed
2025-06-03 01:41:17,535 - FormValidator - INFO - Validating weighment data
2025-06-03 01:41:17,535 - FormValidator - INFO - Weighment data: first_weight='18980.00', first_timestamp='03-06-2025 01:40:20', second_weight='12170.00', second_timestamp='03-06-2025 01:41:14'
2025-06-03 01:41:17,536 - FormValidator - INFO - Weighment validation passed
2025-06-03 01:41:17,536 - FormValidator - INFO - Validating images for second weighment
2025-06-03 01:41:17,537 - FormValidator - INFO - Images validation for second: front=False, back=False
2025-06-03 01:41:18,719 - FormValidator - INFO - User chose to continue without images
2025-06-03 01:41:18,720 - FormValidator - INFO - Form validation passed successfully
2025-06-03 01:41:18,721 - TharuniApp - INFO - Saving record for ticket: T0004
2025-06-03 01:41:18,722 - DataManager - INFO - Successfully loaded 5 records from data\Tharuni_Guntur_data.csv
2025-06-03 01:41:18,722 - DataManager - INFO - Filtered 5 records to 1 using filter: 't0004'
2025-06-03 01:41:18,722 - TharuniApp - INFO - Updating existing record: T0004
2025-06-03 01:41:18,723 - TharuniApp - INFO - Calling data_manager.save_record for T0004
2025-06-03 01:41:18,723 - DataManager - INFO - ==================================================
2025-06-03 01:41:18,723 - DataManager - INFO - STARTING OFFLINE-FIRST RECORD SAVE
2025-06-03 01:41:18,724 - DataManager - INFO - Input data keys: ['date', 'time', 'site_name', 'agency_name', 'material', 'ticket_no', 'vehicle_no', 'transfer_party_name', 'first_weight', 'first_timestamp', 'second_weight', 'second_timestamp', 'net_weight', 'material_type', 'first_front_image', 'first_back_image', 'second_front_image', 'second_back_image', 'site_incharge', 'user_name']
2025-06-03 01:41:18,724 - DataManager - INFO - Net weight calculated: 18980.0 - 12170.0 = 6810.00
2025-06-03 01:41:18,724 - DataManager - INFO - Using data file: data\Tharuni_Guntur_data.csv
2025-06-03 01:41:18,725 - DataManager - INFO - Successfully loaded 5 records from data\Tharuni_Guntur_data.csv
2025-06-03 01:41:18,725 - DataManager - INFO - Filtered 5 records to 1 using filter: 't0004'
2025-06-03 01:41:18,726 - DataManager - INFO - Updating existing record: T0004
2025-06-03 01:41:18,726 - DataManager - INFO - Updating record T0004 in data\Tharuni_Guntur_data.csv
2025-06-03 01:41:18,727 - DataManager - INFO - Read 5 records from CSV
2025-06-03 01:41:18,727 - DataManager - INFO - Found record to update at index 3
2025-06-03 01:41:18,727 - DataManager - INFO - Updated record data: ['03-06-2025', '01:41:18', 'Guntur', 'Tharuni', 'Inert', 'T0004', 'AP01JA0101', 'Jindal', '18980.00', '03-06-2025 01:40:20', '12170.00', '03-06-2025 01:41:14', '6810.00', 'Inert', '', '', '', '', '', 'admin']
2025-06-03 01:41:18,730 - DataManager - INFO - ✅ Record T0004 updated in data\Tharuni_Guntur_data.csv
2025-06-03 01:41:18,730 - DataManager - INFO - ✅ Record T0004 saved to local CSV successfully
2025-06-03 01:41:18,731 - DataManager - INFO - Weighment analysis:
2025-06-03 01:41:18,731 - DataManager - INFO -   - Has first weighment: True
2025-06-03 01:41:18,731 - DataManager - INFO -   - Has second weighment: True
2025-06-03 01:41:18,731 - DataManager - INFO -   - Is first weighment save: False
2025-06-03 01:41:18,731 - DataManager - INFO -   - Is complete record: True
2025-06-03 01:41:18,732 - DataManager - INFO -   - Is update: True
2025-06-03 01:41:18,732 - DataManager - INFO - Complete record detected - saving JSON backup locally...
2025-06-03 01:41:18,732 - DataManager - INFO - Created new daily JSON folder: data\json_backups\2025-06-03
2025-06-03 01:41:18,733 - DataManager - INFO - ✅ JSON backup saved: data\json_backups\2025-06-03\T0004_Tharuni_Guntur_014118.json
2025-06-03 01:41:18,734 - DataManager - INFO - ✅ JSON backup saved locally for T0004
2025-06-03 01:41:18,734 - DataManager - INFO - Complete record detected for ticket T0004 - generating PDF locally...
2025-06-03 01:41:18,735 - DataManager - INFO - Today's reports folder ensured: data\reports\2025-06-03
2025-06-03 01:41:18,735 - DataManager - INFO - Reports will be saved to: data\reports\2025-06-03
2025-06-03 01:41:18,735 - DataManager - INFO - Today's reports folder ensured: data\reports\2025-06-03
2025-06-03 01:41:18,738 - DataManager - INFO - SIMPLE TEST - Net display: '6810.00 kg'
2025-06-03 01:41:18,739 - DataManager - INFO - Building PDF document: data\reports\2025-06-03\Tharuni_Guntur_T0004_AP01JA0101_014118.pdf
2025-06-03 01:41:18,748 - DataManager - INFO - PDF created successfully: data\reports\2025-06-03\Tharuni_Guntur_T0004_AP01JA0101_014118.pdf (2968 bytes)
2025-06-03 01:41:18,749 - DataManager - INFO - Auto-generated PDF: data\reports\2025-06-03\Tharuni_Guntur_T0004_AP01JA0101_014118.pdf
2025-06-03 01:41:18,749 - DataManager - INFO - PDF saved to today's reports folder: data\reports\2025-06-03
2025-06-03 01:41:18,749 - DataManager - INFO - ✅ PDF auto-generated locally: data\reports\2025-06-03\Tharuni_Guntur_T0004_AP01JA0101_014118.pdf
2025-06-03 01:41:18,749 - DataManager - INFO - ✅ OFFLINE-FIRST SAVE COMPLETED - Local CSV, JSON backup, and PDF generated
2025-06-03 01:41:18,750 - DataManager - INFO - 📂 PDF saved to today's reports folder: data\reports\2025-06-03
2025-06-03 01:41:18,750 - DataManager - INFO - 💡 Cloud backup available via Settings > Cloud Storage > Backup
2025-06-03 01:41:18,750 - DataManager - INFO - ==================================================
2025-06-03 01:41:18,751 - TharuniApp - INFO - ✅ Record T0004 saved successfully
2025-06-03 01:41:18,756 - TharuniApp - INFO - Removing T0004 from pending vehicles list
2025-06-03 01:41:18,757 - PendingVehiclesPanel - INFO - Attempting to remove ticket T0004 from pending list
2025-06-03 01:41:18,758 - PendingVehiclesPanel - INFO - Removed ticket T0004 from pending list
2025-06-03 01:41:21,563 - DataManager - INFO - Successfully loaded 5 records from data\Tharuni_Guntur_data.csv
2025-06-03 01:41:21,564 - DataManager - INFO - Returning all 5 records (no filter)
2025-06-03 01:41:21,564 - PendingVehiclesPanel - INFO - Refreshing pending vehicles list
2025-06-03 01:41:21,565 - DataManager - INFO - Successfully loaded 5 records from data\Tharuni_Guntur_data.csv
2025-06-03 01:41:21,565 - PendingVehiclesPanel - INFO - Retrieved 5 total records
2025-06-03 01:41:21,568 - PendingVehiclesPanel - INFO - Added to pending: T0003
2025-06-03 01:41:21,570 - PendingVehiclesPanel - INFO - Found 1 pending records
2025-06-03 01:41:21,570 - PendingVehiclesPanel - INFO - Successfully refreshed pending list with 1 items
2025-06-03 01:41:21,571 - TharuniApp - INFO - SAVE RECORD OPERATION COMPLETED SUCCESSFULLY WITH ALWAYS-INCREMENT FLOW
2025-06-03 01:41:21,571 - TharuniApp - INFO - ==================================================
2025-06-03 01:41:30,911 - PendingVehiclesPanel - INFO - Double-clicked on ticket: T0003
2025-06-03 01:41:30,913 - TharuniApp - INFO - Loading pending vehicle: T0003
2025-06-03 01:41:30,915 - DataManager - INFO - Successfully loaded 5 records from data\Tharuni_Guntur_data.csv
2025-06-03 01:41:30,916 - DataManager - INFO - Filtered 5 records to 1 using filter: 't0003'
2025-06-03 01:41:30,919 - DataManager - INFO - CSV structure is up to date
2025-06-03 01:41:30,920 - DataManager - INFO - Data context set to: Agency='Tharuni', Site='Guntur'
2025-06-03 01:41:30,921 - DataManager - INFO - Data file: data\Tharuni_Guntur_data.csv
2025-06-03 01:41:30,927 - TharuniApp - INFO - Successfully loaded pending ticket: T0003
2025-06-03 01:41:36,307 - TharuniApp - INFO - ==================================================
2025-06-03 01:41:36,307 - TharuniApp - INFO - SAVE RECORD OPERATION STARTED WITH ALWAYS-INCREMENT FLOW
2025-06-03 01:41:36,307 - FormValidator - INFO - Starting comprehensive form validation
2025-06-03 01:41:36,308 - FormValidator - INFO - Validating basic fields
2025-06-03 01:41:36,308 - FormValidator - INFO - Field values: ticket='T0003', vehicle='TS08EL0455', agency='Tharuni'
2025-06-03 01:41:36,308 - FormValidator - INFO - Basic validation passed
2025-06-03 01:41:36,309 - FormValidator - INFO - Validating weighment data
2025-06-03 01:41:36,309 - FormValidator - INFO - Weighment data: first_weight='43320.00', first_timestamp='03-06-2025 01:40:08', second_weight='9780.00', second_timestamp='03-06-2025 01:41:33'
2025-06-03 01:41:36,309 - FormValidator - INFO - Weighment validation passed
2025-06-03 01:41:36,310 - FormValidator - INFO - Validating images for second weighment
2025-06-03 01:41:36,310 - FormValidator - INFO - Images validation for second: front=False, back=False
2025-06-03 01:41:37,281 - FormValidator - INFO - User chose to continue without images
2025-06-03 01:41:37,282 - FormValidator - INFO - Form validation passed successfully
2025-06-03 01:41:37,283 - TharuniApp - INFO - Saving record for ticket: T0003
2025-06-03 01:41:37,284 - DataManager - INFO - Successfully loaded 5 records from data\Tharuni_Guntur_data.csv
2025-06-03 01:41:37,284 - DataManager - INFO - Filtered 5 records to 1 using filter: 't0003'
2025-06-03 01:41:37,284 - TharuniApp - INFO - Updating existing record: T0003
2025-06-03 01:41:37,284 - TharuniApp - INFO - Calling data_manager.save_record for T0003
2025-06-03 01:41:37,285 - DataManager - INFO - ==================================================
2025-06-03 01:41:37,285 - DataManager - INFO - STARTING OFFLINE-FIRST RECORD SAVE
2025-06-03 01:41:37,285 - DataManager - INFO - Input data keys: ['date', 'time', 'site_name', 'agency_name', 'material', 'ticket_no', 'vehicle_no', 'transfer_party_name', 'first_weight', 'first_timestamp', 'second_weight', 'second_timestamp', 'net_weight', 'material_type', 'first_front_image', 'first_back_image', 'second_front_image', 'second_back_image', 'site_incharge', 'user_name']
2025-06-03 01:41:37,285 - DataManager - INFO - Net weight calculated: 43320.0 - 9780.0 = 33540.00
2025-06-03 01:41:37,286 - DataManager - INFO - Using data file: data\Tharuni_Guntur_data.csv
2025-06-03 01:41:37,287 - DataManager - INFO - Successfully loaded 5 records from data\Tharuni_Guntur_data.csv
2025-06-03 01:41:37,287 - DataManager - INFO - Filtered 5 records to 1 using filter: 't0003'
2025-06-03 01:41:37,287 - DataManager - INFO - Updating existing record: T0003
2025-06-03 01:41:37,288 - DataManager - INFO - Updating record T0003 in data\Tharuni_Guntur_data.csv
2025-06-03 01:41:37,288 - DataManager - INFO - Read 5 records from CSV
2025-06-03 01:41:37,288 - DataManager - INFO - Found record to update at index 2
2025-06-03 01:41:37,289 - DataManager - INFO - Updated record data: ['03-06-2025', '01:41:37', 'Guntur', 'Tharuni', 'Inert', 'T0003', 'TS08EL0455', 'Jindal', '43320.00', '03-06-2025 01:40:08', '9780.00', '03-06-2025 01:41:33', '33540.00', 'Inert', '', '', '', '', '', 'admin']
2025-06-03 01:41:37,291 - DataManager - INFO - ✅ Record T0003 updated in data\Tharuni_Guntur_data.csv
2025-06-03 01:41:37,292 - DataManager - INFO - ✅ Record T0003 saved to local CSV successfully
2025-06-03 01:41:37,292 - DataManager - INFO - Weighment analysis:
2025-06-03 01:41:37,292 - DataManager - INFO -   - Has first weighment: True
2025-06-03 01:41:37,293 - DataManager - INFO -   - Has second weighment: True
2025-06-03 01:41:37,293 - DataManager - INFO -   - Is first weighment save: False
2025-06-03 01:41:37,293 - DataManager - INFO -   - Is complete record: True
2025-06-03 01:41:37,293 - DataManager - INFO -   - Is update: True
2025-06-03 01:41:37,294 - DataManager - INFO - Complete record detected - saving JSON backup locally...
2025-06-03 01:41:37,307 - DataManager - INFO - ✅ JSON backup saved: data\json_backups\2025-06-03\T0003_Tharuni_Guntur_014137.json
2025-06-03 01:41:37,307 - DataManager - INFO - ✅ JSON backup saved locally for T0003
2025-06-03 01:41:37,308 - DataManager - INFO - Complete record detected for ticket T0003 - generating PDF locally...
2025-06-03 01:41:37,308 - DataManager - INFO - Today's reports folder ensured: data\reports\2025-06-03
2025-06-03 01:41:37,309 - DataManager - INFO - Reports will be saved to: data\reports\2025-06-03
2025-06-03 01:41:37,309 - DataManager - INFO - Today's reports folder ensured: data\reports\2025-06-03
2025-06-03 01:41:37,311 - DataManager - INFO - SIMPLE TEST - Net display: '33540.00 kg'
2025-06-03 01:41:37,312 - DataManager - INFO - Building PDF document: data\reports\2025-06-03\Tharuni_Guntur_T0003_TS08EL0455_014137.pdf
2025-06-03 01:41:37,321 - DataManager - INFO - PDF created successfully: data\reports\2025-06-03\Tharuni_Guntur_T0003_TS08EL0455_014137.pdf (2969 bytes)
2025-06-03 01:41:37,322 - DataManager - INFO - Auto-generated PDF: data\reports\2025-06-03\Tharuni_Guntur_T0003_TS08EL0455_014137.pdf
2025-06-03 01:41:37,322 - DataManager - INFO - PDF saved to today's reports folder: data\reports\2025-06-03
2025-06-03 01:41:37,323 - DataManager - INFO - ✅ PDF auto-generated locally: data\reports\2025-06-03\Tharuni_Guntur_T0003_TS08EL0455_014137.pdf
2025-06-03 01:41:37,323 - DataManager - INFO - ✅ OFFLINE-FIRST SAVE COMPLETED - Local CSV, JSON backup, and PDF generated
2025-06-03 01:41:37,323 - DataManager - INFO - 📂 PDF saved to today's reports folder: data\reports\2025-06-03
2025-06-03 01:41:37,323 - DataManager - INFO - 💡 Cloud backup available via Settings > Cloud Storage > Backup
2025-06-03 01:41:37,324 - DataManager - INFO - ==================================================
2025-06-03 01:41:37,324 - TharuniApp - INFO - ✅ Record T0003 saved successfully
2025-06-03 01:41:37,329 - TharuniApp - INFO - Removing T0003 from pending vehicles list
2025-06-03 01:41:37,329 - PendingVehiclesPanel - INFO - Attempting to remove ticket T0003 from pending list
2025-06-03 01:41:37,330 - PendingVehiclesPanel - INFO - Removed ticket T0003 from pending list
2025-06-03 01:41:38,910 - DataManager - INFO - Successfully loaded 5 records from data\Tharuni_Guntur_data.csv
2025-06-03 01:41:38,911 - DataManager - INFO - Returning all 5 records (no filter)
2025-06-03 01:41:38,911 - PendingVehiclesPanel - INFO - Refreshing pending vehicles list
2025-06-03 01:41:38,912 - DataManager - INFO - Successfully loaded 5 records from data\Tharuni_Guntur_data.csv
2025-06-03 01:41:38,912 - PendingVehiclesPanel - INFO - Retrieved 5 total records
2025-06-03 01:41:38,917 - PendingVehiclesPanel - INFO - Found 0 pending records
2025-06-03 01:41:38,917 - PendingVehiclesPanel - INFO - Successfully refreshed pending list with 0 items
2025-06-03 01:41:38,918 - TharuniApp - INFO - SAVE RECORD OPERATION COMPLETED SUCCESSFULLY WITH ALWAYS-INCREMENT FLOW
2025-06-03 01:41:38,918 - TharuniApp - INFO - ==================================================
2025-06-03 01:42:04,742 - PendingVehiclesPanel - INFO - Refreshing pending vehicles list
2025-06-03 01:42:04,743 - DataManager - INFO - Successfully loaded 5 records from data\Tharuni_Guntur_data.csv
2025-06-03 01:42:04,744 - PendingVehiclesPanel - INFO - Retrieved 5 total records
2025-06-03 01:42:04,753 - PendingVehiclesPanel - INFO - Found 0 pending records
2025-06-03 01:42:04,754 - PendingVehiclesPanel - INFO - Successfully refreshed pending list with 0 items
2025-06-03 01:42:04,754 - DataManager - INFO - Created new daily folder: data\reports\03-06
2025-06-03 01:43:04,766 - PendingVehiclesPanel - INFO - Refreshing pending vehicles list
2025-06-03 01:43:04,768 - DataManager - INFO - Successfully loaded 5 records from data\Tharuni_Guntur_data.csv
2025-06-03 01:43:04,770 - PendingVehiclesPanel - INFO - Retrieved 5 total records
2025-06-03 01:43:04,784 - PendingVehiclesPanel - INFO - Found 0 pending records
2025-06-03 01:43:04,786 - PendingVehiclesPanel - INFO - Successfully refreshed pending list with 0 items
2025-06-03 01:44:04,794 - PendingVehiclesPanel - INFO - Refreshing pending vehicles list
2025-06-03 01:44:04,796 - DataManager - INFO - Successfully loaded 5 records from data\Tharuni_Guntur_data.csv
2025-06-03 01:44:04,797 - PendingVehiclesPanel - INFO - Retrieved 5 total records
2025-06-03 01:44:04,808 - PendingVehiclesPanel - INFO - Found 0 pending records
2025-06-03 01:44:04,808 - PendingVehiclesPanel - INFO - Successfully refreshed pending list with 0 items
2025-06-03 01:45:04,812 - PendingVehiclesPanel - INFO - Refreshing pending vehicles list
2025-06-03 01:45:04,815 - DataManager - INFO - Successfully loaded 5 records from data\Tharuni_Guntur_data.csv
2025-06-03 01:45:04,816 - PendingVehiclesPanel - INFO - Retrieved 5 total records
2025-06-03 01:45:04,827 - PendingVehiclesPanel - INFO - Found 0 pending records
2025-06-03 01:45:04,827 - PendingVehiclesPanel - INFO - Successfully refreshed pending list with 0 items
2025-06-03 01:46:04,838 - PendingVehiclesPanel - INFO - Refreshing pending vehicles list
2025-06-03 01:46:04,838 - DataManager - INFO - Successfully loaded 5 records from data\Tharuni_Guntur_data.csv
2025-06-03 01:46:04,839 - PendingVehiclesPanel - INFO - Retrieved 5 total records
2025-06-03 01:46:04,845 - PendingVehiclesPanel - INFO - Found 0 pending records
2025-06-03 01:46:04,846 - PendingVehiclesPanel - INFO - Successfully refreshed pending list with 0 items
2025-06-03 01:47:07,930 - TharuniApp - INFO - ============================================================
2025-06-03 01:47:07,930 - TharuniApp - INFO - APPLICATION STARTUP
2025-06-03 01:47:07,930 - TharuniApp - INFO - ============================================================
2025-06-03 01:47:07,933 - TharuniApp - INFO - Configuration setup completed
2025-06-03 01:47:07,934 - DataManager - INFO - DataManager initialized with OFFLINE-FIRST approach + JSON local storage
2025-06-03 01:47:07,935 - DataManager - INFO - CSV structure is up to date
2025-06-03 01:47:07,935 - DataManager - INFO - Daily PDF folder structure ready:
2025-06-03 01:47:07,936 - DataManager - INFO -   Base reports folder: data\reports
2025-06-03 01:47:07,936 - DataManager - INFO -   Today's folder: data\reports\2025-06-03
2025-06-03 01:47:07,937 - DataManager - INFO - Data file: data\weighbridge_data.csv
2025-06-03 01:47:07,937 - DataManager - INFO - Reports folder: data\reports
2025-06-03 01:47:07,937 - DataManager - INFO - JSON backup folder: data\json_backups
2025-06-03 01:47:07,938 - DataManager - INFO - PDF folder: data\reports\2025-06-03
2025-06-03 01:47:07,938 - DataManager - INFO - Cloud storage will only be initialized when backup is requested
2025-06-03 01:47:07,938 - TharuniApp - INFO - Data manager initialized
2025-06-03 01:47:07,940 - TharuniApp - INFO - Settings storage initialized
2025-06-03 01:47:07,943 - TharuniApp - INFO - UI styles initialized
2025-06-03 01:47:07,944 - TharuniApp - INFO - Starting user authentication
2025-06-03 01:47:12,576 - TharuniApp - INFO - Authentication successful: admin
2025-06-03 01:47:12,576 - TharuniApp - INFO - User logged in: admin (Role: admin)
2025-06-03 01:47:12,576 - TharuniApp - INFO - Setting up data context
2025-06-03 01:47:12,577 - DataManager - INFO - CSV structure is up to date
2025-06-03 01:47:12,577 - DataManager - INFO - Data context set to: Agency='Tharuni', Site='Guntur'
2025-06-03 01:47:12,577 - DataManager - INFO - Data file: data\Tharuni_Guntur_data.csv
2025-06-03 01:47:12,578 - TharuniApp - INFO - Data context initialized: Agency='Tharuni', Site='Guntur'
2025-06-03 01:47:12,578 - TharuniApp - INFO - Data will be saved to: data\Tharuni_Guntur_data.csv
2025-06-03 01:47:12,578 - TharuniApp - INFO - PDFs will be saved to: data\reports\2025-06-03
2025-06-03 01:47:12,578 - TharuniApp - INFO - Creating application widgets
2025-06-03 01:47:12,584 - TharuniApp - INFO - Creating main panel
2025-06-03 01:47:12,593 - FormValidator - INFO - FormValidator initialized
2025-06-03 01:47:12,600 - DataManager - INFO - Successfully loaded 5 records from data\Tharuni_Guntur_data.csv
2025-06-03 01:47:13,179 - DataManager - INFO - Successfully loaded 5 records from data\Tharuni_Guntur_data.csv
2025-06-03 01:47:13,179 - TharuniApp - INFO - Main form created
2025-06-03 01:47:13,181 - DataManager - INFO - CSV structure is up to date
2025-06-03 01:47:13,181 - DataManager - INFO - Data context set to: Agency='Tharuni', Site='Guntur'
2025-06-03 01:47:13,181 - DataManager - INFO - Data file: data\Tharuni_Guntur_data.csv
2025-06-03 01:47:13,182 - DataManager - INFO - CSV structure is up to date
2025-06-03 01:47:13,182 - DataManager - INFO - Data context set to: Agency='Tharuni', Site='Guntur'
2025-06-03 01:47:13,182 - DataManager - INFO - Data file: data\Tharuni_Guntur_data.csv
2025-06-03 01:47:13,183 - DataManager - INFO - CSV structure is up to date
2025-06-03 01:47:13,183 - DataManager - INFO - Data context set to: Agency='Tharuni', Site='Guntur'
2025-06-03 01:47:13,183 - DataManager - INFO - Data file: data\Tharuni_Guntur_data.csv
2025-06-03 01:47:13,184 - PendingVehiclesPanel - INFO - PendingVehiclesPanel initialized
2025-06-03 01:47:13,190 - PendingVehiclesPanel - INFO - Refreshing pending vehicles list
2025-06-03 01:47:13,191 - DataManager - INFO - Successfully loaded 5 records from data\Tharuni_Guntur_data.csv
2025-06-03 01:47:13,191 - PendingVehiclesPanel - INFO - Retrieved 5 total records
2025-06-03 01:47:13,195 - PendingVehiclesPanel - INFO - Found 0 pending records
2025-06-03 01:47:13,195 - PendingVehiclesPanel - INFO - Successfully refreshed pending list with 0 items
2025-06-03 01:47:13,196 - TharuniApp - INFO - Pending vehicles panel created
2025-06-03 01:47:13,392 - TharuniApp - INFO - Main panel creation completed
2025-06-03 01:47:13,399 - TharuniApp - INFO - Summary panel created
2025-06-03 01:47:13,607 - TharuniApp - INFO - ✅ Data manager reference set in settings panel
2025-06-03 01:47:13,608 - TharuniApp - INFO - Widget creation completed successfully
2025-06-03 01:47:13,609 - PendingVehiclesPanel - INFO - Refreshing pending vehicles list
2025-06-03 01:47:13,609 - DataManager - INFO - Successfully loaded 5 records from data\Tharuni_Guntur_data.csv
2025-06-03 01:47:13,610 - PendingVehiclesPanel - INFO - Retrieved 5 total records
2025-06-03 01:47:13,659 - PendingVehiclesPanel - INFO - Found 0 pending records
2025-06-03 01:47:13,659 - PendingVehiclesPanel - INFO - Successfully refreshed pending list with 0 items
2025-06-03 01:47:13,660 - DataManager - INFO - Created new daily folder: data\reports\03-06
2025-06-03 01:47:13,660 - TharuniApp - INFO - Application initialization completed successfully
2025-06-03 01:47:14,610 - TharuniApp - INFO - Ensuring settings persistence...
2025-06-03 01:47:14,614 - TharuniApp - INFO - Settings persistence check completed
2025-06-03 01:47:15,449 - DataManager - INFO - Successfully loaded 5 records from data\Tharuni_Guntur_data.csv
2025-06-03 01:47:15,461 - DataManager - INFO - Successfully loaded 5 records from data\Tharuni_Guntur_data.csv
2025-06-03 01:47:15,462 - DataManager - INFO - Successfully loaded 5 records from data\Tharuni_Guntur_data.csv
2025-06-03 01:47:16,189 - DataManager - INFO - Successfully loaded 5 records from data\Tharuni_Guntur_data.csv
2025-06-03 01:47:16,190 - DataManager - INFO - Successfully loaded 5 records from data\Tharuni_Guntur_data.csv
2025-06-03 01:47:17,889 - DataManager - INFO - Successfully loaded 5 records from data\Tharuni_Guntur_data.csv
2025-06-03 01:47:17,890 - DataManager - INFO - Successfully loaded 5 records from data\Tharuni_Guntur_data.csv
2025-06-03 01:47:19,883 - TharuniApp - INFO - ==================================================
2025-06-03 01:47:19,884 - TharuniApp - INFO - SAVE RECORD OPERATION STARTED WITH SMART TICKET FLOW
2025-06-03 01:47:19,884 - FormValidator - INFO - Starting comprehensive form validation
2025-06-03 01:47:19,884 - FormValidator - INFO - Validating basic fields
2025-06-03 01:47:19,885 - FormValidator - INFO - Field values: ticket='T0008', vehicle='TS08EL0455', agency='Tharuni'
2025-06-03 01:47:19,885 - FormValidator - INFO - Basic validation passed
2025-06-03 01:47:19,886 - FormValidator - INFO - Validating weighment data
2025-06-03 01:47:19,886 - FormValidator - INFO - Weighment data: first_weight='36030.00', first_timestamp='03-06-2025 01:47:16', second_weight='', second_timestamp=''
2025-06-03 01:47:19,887 - FormValidator - INFO - Weighment validation passed
2025-06-03 01:47:19,887 - FormValidator - INFO - Validating images for second weighment
2025-06-03 01:47:19,888 - FormValidator - INFO - Images validation for second: front=False, back=False
2025-06-03 01:47:21,033 - DataManager - INFO - Successfully loaded 5 records from data\Tharuni_Guntur_data.csv
2025-06-03 01:47:21,034 - DataManager - INFO - Successfully loaded 5 records from data\Tharuni_Guntur_data.csv
2025-06-03 01:47:21,038 - FormValidator - INFO - User chose to continue without images
2025-06-03 01:47:21,038 - FormValidator - INFO - Form validation passed successfully
2025-06-03 01:47:21,040 - TharuniApp - INFO - Saving record for ticket: T0008
2025-06-03 01:47:21,040 - DataManager - INFO - Successfully loaded 5 records from data\Tharuni_Guntur_data.csv
2025-06-03 01:47:21,041 - DataManager - INFO - Filtered 5 records to 0 using filter: 't0008'
2025-06-03 01:47:21,041 - TharuniApp - INFO - Adding new record: T0008
2025-06-03 01:47:21,041 - TharuniApp - INFO - Calling data_manager.save_record for T0008
2025-06-03 01:47:21,041 - DataManager - INFO - ==================================================
2025-06-03 01:47:21,042 - DataManager - INFO - STARTING OFFLINE-FIRST RECORD SAVE
2025-06-03 01:47:21,042 - DataManager - INFO - Input data keys: ['date', 'time', 'site_name', 'agency_name', 'material', 'ticket_no', 'vehicle_no', 'transfer_party_name', 'first_weight', 'first_timestamp', 'second_weight', 'second_timestamp', 'net_weight', 'material_type', 'first_front_image', 'first_back_image', 'second_front_image', 'second_back_image', 'site_incharge', 'user_name']
2025-06-03 01:47:21,042 - DataManager - INFO - Net weight cleared - incomplete weighments
2025-06-03 01:47:21,043 - DataManager - INFO - Using data file: data\Tharuni_Guntur_data.csv
2025-06-03 01:47:21,043 - DataManager - INFO - Successfully loaded 5 records from data\Tharuni_Guntur_data.csv
2025-06-03 01:47:21,043 - DataManager - INFO - Filtered 5 records to 0 using filter: 't0008'
2025-06-03 01:47:21,044 - DataManager - INFO - Adding new record: T0008
2025-06-03 01:47:21,044 - DataManager - INFO - Adding new record to CSV
2025-06-03 01:47:21,044 - DataManager - INFO - Record data: ['03-06-2025', '01:47:21', 'Guntur', 'Tharuni', 'Inert', 'T0008', 'TS08EL0455', 'Jindal', '36030.00', '03-06-2025 01:47:16', '', '', '', 'Inert', '', '', '', '', '', 'admin']
2025-06-03 01:47:21,045 - DataManager - INFO - ✅ New record added to data\Tharuni_Guntur_data.csv
2025-06-03 01:47:21,046 - DataManager - INFO - ✅ Record T0008 saved to local CSV successfully
2025-06-03 01:47:21,046 - DataManager - INFO - Weighment analysis:
2025-06-03 01:47:21,046 - DataManager - INFO -   - Has first weighment: True
2025-06-03 01:47:21,046 - DataManager - INFO -   - Has second weighment: False
2025-06-03 01:47:21,046 - DataManager - INFO -   - Is first weighment save: True
2025-06-03 01:47:21,047 - DataManager - INFO -   - Is complete record: False
2025-06-03 01:47:21,047 - DataManager - INFO -   - Is update: False
2025-06-03 01:47:21,047 - DataManager - INFO - ✅ OFFLINE-FIRST SAVE COMPLETED - Local CSV, JSON backup, and PDF generated
2025-06-03 01:47:21,047 - DataManager - INFO - 💡 Cloud backup available via Settings > Cloud Storage > Backup
2025-06-03 01:47:21,047 - DataManager - INFO - ==================================================
2025-06-03 01:47:21,048 - TharuniApp - INFO - ✅ Record T0008 saved successfully
2025-06-03 01:47:22,542 - DataManager - INFO - Successfully loaded 6 records from data\Tharuni_Guntur_data.csv
2025-06-03 01:47:22,542 - DataManager - INFO - Successfully loaded 6 records from data\Tharuni_Guntur_data.csv
2025-06-03 01:47:22,547 - DataManager - INFO - Successfully loaded 6 records from data\Tharuni_Guntur_data.csv
2025-06-03 01:47:22,548 - DataManager - INFO - Returning all 6 records (no filter)
2025-06-03 01:47:22,548 - PendingVehiclesPanel - INFO - Refreshing pending vehicles list
2025-06-03 01:47:22,549 - DataManager - INFO - Successfully loaded 6 records from data\Tharuni_Guntur_data.csv
2025-06-03 01:47:22,550 - PendingVehiclesPanel - INFO - Retrieved 6 total records
2025-06-03 01:47:22,556 - PendingVehiclesPanel - INFO - Added to pending: T0008
2025-06-03 01:47:22,556 - PendingVehiclesPanel - INFO - Found 1 pending records
2025-06-03 01:47:22,558 - PendingVehiclesPanel - INFO - Successfully refreshed pending list with 1 items
2025-06-03 01:47:22,558 - TharuniApp - INFO - SAVE RECORD OPERATION COMPLETED SUCCESSFULLY WITH SMART TICKET FLOW
2025-06-03 01:47:22,558 - TharuniApp - INFO - ==================================================
2025-06-03 01:47:25,799 - DataManager - INFO - Successfully loaded 6 records from data\Tharuni_Guntur_data.csv
2025-06-03 01:47:26,787 - DataManager - INFO - Successfully loaded 6 records from data\Tharuni_Guntur_data.csv
2025-06-03 01:47:26,788 - DataManager - INFO - Successfully loaded 6 records from data\Tharuni_Guntur_data.csv
2025-06-03 01:47:29,242 - DataManager - INFO - Successfully loaded 6 records from data\Tharuni_Guntur_data.csv
2025-06-03 01:47:29,242 - DataManager - INFO - Successfully loaded 6 records from data\Tharuni_Guntur_data.csv
2025-06-03 01:47:54,434 - FormValidator - INFO - Vehicle validation passed: AP01JA0101
2025-06-03 01:47:55,760 - DataManager - INFO - Successfully loaded 6 records from data\Tharuni_Guntur_data.csv
2025-06-03 01:47:55,761 - DataManager - INFO - Successfully loaded 6 records from data\Tharuni_Guntur_data.csv
2025-06-03 01:47:59,562 - DataManager - INFO - Successfully loaded 6 records from data\Tharuni_Guntur_data.csv
2025-06-03 01:47:59,562 - DataManager - INFO - Successfully loaded 6 records from data\Tharuni_Guntur_data.csv
2025-06-03 01:48:05,187 - TharuniApp - INFO - ==================================================
2025-06-03 01:48:05,187 - TharuniApp - INFO - SAVE RECORD OPERATION STARTED WITH SMART TICKET FLOW
2025-06-03 01:48:05,188 - FormValidator - INFO - Starting comprehensive form validation
2025-06-03 01:48:05,188 - FormValidator - INFO - Validating basic fields
2025-06-03 01:48:05,189 - FormValidator - INFO - Field values: ticket='T0009', vehicle='AP01JA0101', agency=''
2025-06-03 01:48:05,189 - FormValidator - ERROR - Basic validation failed: Please fill in the following required fields: Agency Name
2025-06-03 01:48:07,331 - DataManager - INFO - Successfully loaded 6 records from data\Tharuni_Guntur_data.csv
2025-06-03 01:48:07,332 - DataManager - INFO - Successfully loaded 6 records from data\Tharuni_Guntur_data.csv
2025-06-03 01:48:07,336 - TharuniApp - WARNING - Form validation failed - aborting save
2025-06-03 01:48:07,336 - TharuniApp - INFO - ==================================================
2025-06-03 01:48:09,712 - DataManager - INFO - CSV structure is up to date
2025-06-03 01:48:09,713 - DataManager - INFO - Data context set to: Agency='Tharuni', Site='Guntur'
2025-06-03 01:48:09,713 - DataManager - INFO - Data file: data\Tharuni_Guntur_data.csv
2025-06-03 01:48:12,105 - TharuniApp - INFO - ==================================================
2025-06-03 01:48:12,106 - TharuniApp - INFO - SAVE RECORD OPERATION STARTED WITH SMART TICKET FLOW
2025-06-03 01:48:12,106 - FormValidator - INFO - Starting comprehensive form validation
2025-06-03 01:48:12,108 - FormValidator - INFO - Validating basic fields
2025-06-03 01:48:12,109 - FormValidator - INFO - Field values: ticket='T0009', vehicle='AP01JA0101', agency='Tharuni'
2025-06-03 01:48:12,109 - FormValidator - INFO - Basic validation passed
2025-06-03 01:48:12,110 - FormValidator - INFO - Validating weighment data
2025-06-03 01:48:12,110 - FormValidator - INFO - Weighment data: first_weight='22970.00', first_timestamp='03-06-2025 01:47:28', second_weight='7740.00', second_timestamp='03-06-2025 01:47:58'
2025-06-03 01:48:12,111 - FormValidator - INFO - Weighment validation passed
2025-06-03 01:48:12,111 - FormValidator - INFO - Validating images for second weighment
2025-06-03 01:48:12,112 - FormValidator - INFO - Images validation for second: front=False, back=False
2025-06-03 01:48:13,077 - FormValidator - INFO - User chose to continue without images
2025-06-03 01:48:13,078 - FormValidator - INFO - Form validation passed successfully
2025-06-03 01:48:13,079 - TharuniApp - INFO - Saving record for ticket: T0009
2025-06-03 01:48:13,080 - DataManager - INFO - Successfully loaded 6 records from data\Tharuni_Guntur_data.csv
2025-06-03 01:48:13,080 - DataManager - INFO - Filtered 6 records to 0 using filter: 't0009'
2025-06-03 01:48:13,080 - TharuniApp - INFO - Adding new record: T0009
2025-06-03 01:48:13,080 - TharuniApp - INFO - Calling data_manager.save_record for T0009
2025-06-03 01:48:13,080 - DataManager - INFO - ==================================================
2025-06-03 01:48:13,081 - DataManager - INFO - STARTING OFFLINE-FIRST RECORD SAVE
2025-06-03 01:48:13,081 - DataManager - INFO - Input data keys: ['date', 'time', 'site_name', 'agency_name', 'material', 'ticket_no', 'vehicle_no', 'transfer_party_name', 'first_weight', 'first_timestamp', 'second_weight', 'second_timestamp', 'net_weight', 'material_type', 'first_front_image', 'first_back_image', 'second_front_image', 'second_back_image', 'site_incharge', 'user_name']
2025-06-03 01:48:13,081 - DataManager - INFO - Net weight calculated: 22970.0 - 7740.0 = 15230.00
2025-06-03 01:48:13,081 - DataManager - INFO - Using data file: data\Tharuni_Guntur_data.csv
2025-06-03 01:48:13,082 - DataManager - INFO - Successfully loaded 6 records from data\Tharuni_Guntur_data.csv
2025-06-03 01:48:13,082 - DataManager - INFO - Filtered 6 records to 0 using filter: 't0009'
2025-06-03 01:48:13,082 - DataManager - INFO - Adding new record: T0009
2025-06-03 01:48:13,082 - DataManager - INFO - Adding new record to CSV
2025-06-03 01:48:13,082 - DataManager - INFO - Record data: ['03-06-2025', '01:48:13', 'Guntur', 'Tharuni', 'Inert', 'T0009', 'AP01JA0101', 'Jindal', '22970.00', '03-06-2025 01:47:28', '7740.00', '03-06-2025 01:47:58', '15230.00', 'Inert', 'Guntur_AP01JA0101_20250603_014754_1st_front.jpg', '', '', '', '', 'admin']
2025-06-03 01:48:13,083 - DataManager - INFO - ✅ New record added to data\Tharuni_Guntur_data.csv
2025-06-03 01:48:13,084 - DataManager - INFO - ✅ Record T0009 saved to local CSV successfully
2025-06-03 01:48:13,084 - DataManager - INFO - Weighment analysis:
2025-06-03 01:48:13,084 - DataManager - INFO -   - Has first weighment: True
2025-06-03 01:48:13,084 - DataManager - INFO -   - Has second weighment: True
2025-06-03 01:48:13,085 - DataManager - INFO -   - Is first weighment save: False
2025-06-03 01:48:13,085 - DataManager - INFO -   - Is complete record: True
2025-06-03 01:48:13,085 - DataManager - INFO -   - Is update: False
2025-06-03 01:48:13,085 - DataManager - INFO - Complete record detected - saving JSON backup locally...
2025-06-03 01:48:13,086 - DataManager - INFO - Created new daily JSON folder: data\json_backups\2025-06-03
2025-06-03 01:48:13,087 - DataManager - INFO - ✅ JSON backup saved: data\json_backups\2025-06-03\T0009_Tharuni_Guntur_014813.json
2025-06-03 01:48:13,087 - DataManager - INFO - ✅ JSON backup saved locally for T0009
2025-06-03 01:48:13,087 - DataManager - INFO - Complete record detected for ticket T0009 - generating PDF locally...
2025-06-03 01:48:13,088 - DataManager - INFO - Today's reports folder ensured: data\reports\2025-06-03
2025-06-03 01:48:13,088 - DataManager - INFO - Reports will be saved to: data\reports\2025-06-03
2025-06-03 01:48:13,089 - DataManager - INFO - Today's reports folder ensured: data\reports\2025-06-03
2025-06-03 01:48:13,094 - DataManager - INFO - SIMPLE TEST - Net display: '15230.00 kg'
2025-06-03 01:48:13,130 - DataManager - WARNING - Watermark error: cannot access local variable 'site' where it is not associated with a value, using image without watermark
2025-06-03 01:48:13,140 - DataManager - INFO - Building PDF document: data\reports\2025-06-03\Tharuni_Guntur_T0009_AP01JA0101_014813.pdf
2025-06-03 01:48:13,169 - DataManager - INFO - PDF created successfully: data\reports\2025-06-03\Tharuni_Guntur_T0009_AP01JA0101_014813.pdf (56978 bytes)
2025-06-03 01:48:13,170 - DataManager - INFO - Auto-generated PDF: data\reports\2025-06-03\Tharuni_Guntur_T0009_AP01JA0101_014813.pdf
2025-06-03 01:48:13,170 - DataManager - INFO - PDF saved to today's reports folder: data\reports\2025-06-03
2025-06-03 01:48:13,171 - DataManager - INFO - ✅ PDF auto-generated locally: data\reports\2025-06-03\Tharuni_Guntur_T0009_AP01JA0101_014813.pdf
2025-06-03 01:48:13,171 - DataManager - INFO - ✅ OFFLINE-FIRST SAVE COMPLETED - Local CSV, JSON backup, and PDF generated
2025-06-03 01:48:13,171 - DataManager - INFO - 📂 PDF saved to today's reports folder: data\reports\2025-06-03
2025-06-03 01:48:13,171 - DataManager - INFO - 💡 Cloud backup available via Settings > Cloud Storage > Backup
2025-06-03 01:48:13,172 - DataManager - INFO - ==================================================
2025-06-03 01:48:13,172 - TharuniApp - INFO - ✅ Record T0009 saved successfully
2025-06-03 01:48:13,664 - PendingVehiclesPanel - INFO - Refreshing pending vehicles list
2025-06-03 01:48:13,673 - DataManager - INFO - Successfully loaded 7 records from data\Tharuni_Guntur_data.csv
2025-06-03 01:48:13,674 - PendingVehiclesPanel - INFO - Retrieved 7 total records
2025-06-03 01:48:13,679 - PendingVehiclesPanel - INFO - Added to pending: T0008
2025-06-03 01:48:13,680 - PendingVehiclesPanel - INFO - Found 1 pending records
2025-06-03 01:48:13,681 - PendingVehiclesPanel - INFO - Successfully refreshed pending list with 1 items
2025-06-03 01:48:13,681 - DataManager - INFO - Created new daily folder: data\reports\03-06
2025-06-03 01:48:15,320 - DataManager - INFO - Successfully loaded 7 records from data\Tharuni_Guntur_data.csv
2025-06-03 01:48:15,320 - DataManager - INFO - Returning all 7 records (no filter)
2025-06-03 01:48:15,321 - PendingVehiclesPanel - INFO - Refreshing pending vehicles list
2025-06-03 01:48:15,322 - DataManager - INFO - Successfully loaded 7 records from data\Tharuni_Guntur_data.csv
2025-06-03 01:48:15,322 - PendingVehiclesPanel - INFO - Retrieved 7 total records
2025-06-03 01:48:15,329 - PendingVehiclesPanel - INFO - Added to pending: T0008
2025-06-03 01:48:15,330 - PendingVehiclesPanel - INFO - Found 1 pending records
2025-06-03 01:48:15,331 - PendingVehiclesPanel - INFO - Successfully refreshed pending list with 1 items
2025-06-03 01:48:15,331 - TharuniApp - INFO - SAVE RECORD OPERATION COMPLETED SUCCESSFULLY WITH SMART TICKET FLOW
2025-06-03 01:48:15,333 - TharuniApp - INFO - ==================================================
2025-06-03 01:48:21,535 - PendingVehiclesPanel - INFO - Double-clicked on ticket: T0008
2025-06-03 01:48:21,536 - TharuniApp - INFO - Loading pending vehicle: T0008
2025-06-03 01:48:21,539 - DataManager - INFO - Successfully loaded 7 records from data\Tharuni_Guntur_data.csv
2025-06-03 01:48:21,540 - DataManager - INFO - Filtered 7 records to 1 using filter: 't0008'
2025-06-03 01:48:21,543 - DataManager - INFO - CSV structure is up to date
2025-06-03 01:48:21,544 - DataManager - INFO - Data context set to: Agency='Tharuni', Site='Guntur'
2025-06-03 01:48:21,545 - DataManager - INFO - Data file: data\Tharuni_Guntur_data.csv
2025-06-03 01:48:21,550 - TharuniApp - INFO - Successfully loaded pending ticket: T0008
2025-06-03 01:48:30,299 - TharuniApp - INFO - ==================================================
2025-06-03 01:48:30,299 - TharuniApp - INFO - SAVE RECORD OPERATION STARTED WITH SMART TICKET FLOW
2025-06-03 01:48:30,300 - FormValidator - INFO - Starting comprehensive form validation
2025-06-03 01:48:30,300 - FormValidator - INFO - Validating basic fields
2025-06-03 01:48:30,301 - FormValidator - INFO - Field values: ticket='T0008', vehicle='TS08EL0455', agency='Tharuni'
2025-06-03 01:48:30,301 - FormValidator - INFO - Basic validation passed
2025-06-03 01:48:30,302 - FormValidator - INFO - Validating weighment data
2025-06-03 01:48:30,302 - FormValidator - INFO - Weighment data: first_weight='36030.00', first_timestamp='03-06-2025 01:47:16', second_weight='9240.00', second_timestamp='03-06-2025 01:48:23'
2025-06-03 01:48:30,303 - FormValidator - INFO - Weighment validation passed
2025-06-03 01:48:30,303 - FormValidator - INFO - Validating images for second weighment
2025-06-03 01:48:30,304 - FormValidator - INFO - Images validation for second: front=False, back=False
2025-06-03 01:48:31,581 - FormValidator - INFO - User chose to continue without images
2025-06-03 01:48:31,581 - FormValidator - INFO - Form validation passed successfully
2025-06-03 01:48:31,583 - TharuniApp - INFO - Saving record for ticket: T0008
2025-06-03 01:48:31,583 - DataManager - INFO - Successfully loaded 7 records from data\Tharuni_Guntur_data.csv
2025-06-03 01:48:31,583 - DataManager - INFO - Filtered 7 records to 1 using filter: 't0008'
2025-06-03 01:48:31,584 - TharuniApp - INFO - Updating existing record: T0008
2025-06-03 01:48:31,584 - TharuniApp - INFO - Calling data_manager.save_record for T0008
2025-06-03 01:48:31,584 - DataManager - INFO - ==================================================
2025-06-03 01:48:31,584 - DataManager - INFO - STARTING OFFLINE-FIRST RECORD SAVE
2025-06-03 01:48:31,584 - DataManager - INFO - Input data keys: ['date', 'time', 'site_name', 'agency_name', 'material', 'ticket_no', 'vehicle_no', 'transfer_party_name', 'first_weight', 'first_timestamp', 'second_weight', 'second_timestamp', 'net_weight', 'material_type', 'first_front_image', 'first_back_image', 'second_front_image', 'second_back_image', 'site_incharge', 'user_name']
2025-06-03 01:48:31,585 - DataManager - INFO - Net weight calculated: 36030.0 - 9240.0 = 26790.00
2025-06-03 01:48:31,585 - DataManager - INFO - Using data file: data\Tharuni_Guntur_data.csv
2025-06-03 01:48:31,586 - DataManager - INFO - Successfully loaded 7 records from data\Tharuni_Guntur_data.csv
2025-06-03 01:48:31,586 - DataManager - INFO - Filtered 7 records to 1 using filter: 't0008'
2025-06-03 01:48:31,586 - DataManager - INFO - Updating existing record: T0008
2025-06-03 01:48:31,586 - DataManager - INFO - Updating record T0008 in data\Tharuni_Guntur_data.csv
2025-06-03 01:48:31,587 - DataManager - INFO - Read 7 records from CSV
2025-06-03 01:48:31,587 - DataManager - INFO - Found record to update at index 5
2025-06-03 01:48:31,588 - DataManager - INFO - Updated record data: ['03-06-2025', '01:48:31', 'Guntur', 'Tharuni', 'Inert', 'T0008', 'TS08EL0455', 'Jindal', '36030.00', '03-06-2025 01:47:16', '9240.00', '03-06-2025 01:48:23', '26790.00', 'Inert', '', '', '', '', '', 'admin']
2025-06-03 01:48:31,592 - DataManager - INFO - ✅ Record T0008 updated in data\Tharuni_Guntur_data.csv
2025-06-03 01:48:31,592 - DataManager - INFO - ✅ Record T0008 saved to local CSV successfully
2025-06-03 01:48:31,592 - DataManager - INFO - Weighment analysis:
2025-06-03 01:48:31,593 - DataManager - INFO -   - Has first weighment: True
2025-06-03 01:48:31,593 - DataManager - INFO -   - Has second weighment: True
2025-06-03 01:48:31,593 - DataManager - INFO -   - Is first weighment save: False
2025-06-03 01:48:31,594 - DataManager - INFO -   - Is complete record: True
2025-06-03 01:48:31,594 - DataManager - INFO -   - Is update: True
2025-06-03 01:48:31,594 - DataManager - INFO - Complete record detected - saving JSON backup locally...
2025-06-03 01:48:31,595 - DataManager - INFO - Created new daily JSON folder: data\json_backups\2025-06-03
2025-06-03 01:48:31,596 - DataManager - INFO - ✅ JSON backup saved: data\json_backups\2025-06-03\T0008_Tharuni_Guntur_014831.json
2025-06-03 01:48:31,596 - DataManager - INFO - ✅ JSON backup saved locally for T0008
2025-06-03 01:48:31,597 - DataManager - INFO - Complete record detected for ticket T0008 - generating PDF locally...
2025-06-03 01:48:31,597 - DataManager - INFO - Today's reports folder ensured: data\reports\2025-06-03
2025-06-03 01:48:31,597 - DataManager - INFO - Reports will be saved to: data\reports\2025-06-03
2025-06-03 01:48:31,598 - DataManager - INFO - Today's reports folder ensured: data\reports\2025-06-03
2025-06-03 01:48:31,600 - DataManager - INFO - SIMPLE TEST - Net display: '26790.00 kg'
2025-06-03 01:48:31,601 - DataManager - INFO - Building PDF document: data\reports\2025-06-03\Tharuni_Guntur_T0008_TS08EL0455_014831.pdf
2025-06-03 01:48:31,610 - DataManager - INFO - PDF created successfully: data\reports\2025-06-03\Tharuni_Guntur_T0008_TS08EL0455_014831.pdf (2968 bytes)
2025-06-03 01:48:31,611 - DataManager - INFO - Auto-generated PDF: data\reports\2025-06-03\Tharuni_Guntur_T0008_TS08EL0455_014831.pdf
2025-06-03 01:48:31,611 - DataManager - INFO - PDF saved to today's reports folder: data\reports\2025-06-03
2025-06-03 01:48:31,611 - DataManager - INFO - ✅ PDF auto-generated locally: data\reports\2025-06-03\Tharuni_Guntur_T0008_TS08EL0455_014831.pdf
2025-06-03 01:48:31,611 - DataManager - INFO - ✅ OFFLINE-FIRST SAVE COMPLETED - Local CSV, JSON backup, and PDF generated
2025-06-03 01:48:31,612 - DataManager - INFO - 📂 PDF saved to today's reports folder: data\reports\2025-06-03
2025-06-03 01:48:31,612 - DataManager - INFO - 💡 Cloud backup available via Settings > Cloud Storage > Backup
2025-06-03 01:48:31,612 - DataManager - INFO - ==================================================
2025-06-03 01:48:31,613 - TharuniApp - INFO - ✅ Record T0008 saved successfully
2025-06-03 01:48:31,614 - TharuniApp - INFO - Removing T0008 from pending vehicles list
2025-06-03 01:48:31,614 - PendingVehiclesPanel - INFO - Attempting to remove ticket T0008 from pending list
2025-06-03 01:48:31,614 - PendingVehiclesPanel - INFO - Removed ticket T0008 from pending list
2025-06-03 01:48:33,712 - DataManager - INFO - Successfully loaded 7 records from data\Tharuni_Guntur_data.csv
2025-06-03 01:48:33,713 - DataManager - INFO - Returning all 7 records (no filter)
2025-06-03 01:48:33,713 - PendingVehiclesPanel - INFO - Refreshing pending vehicles list
2025-06-03 01:48:33,714 - DataManager - INFO - Successfully loaded 7 records from data\Tharuni_Guntur_data.csv
2025-06-03 01:48:33,714 - PendingVehiclesPanel - INFO - Retrieved 7 total records
2025-06-03 01:48:33,720 - PendingVehiclesPanel - INFO - Found 0 pending records
2025-06-03 01:48:33,720 - PendingVehiclesPanel - INFO - Successfully refreshed pending list with 0 items
2025-06-03 01:48:33,721 - TharuniApp - INFO - SAVE RECORD OPERATION COMPLETED SUCCESSFULLY WITH SMART TICKET FLOW
2025-06-03 01:48:33,721 - TharuniApp - INFO - ==================================================
2025-06-03 01:48:44,661 - TharuniApp - INFO - ==================================================
2025-06-03 01:48:44,661 - TharuniApp - INFO - SAVE RECORD OPERATION STARTED WITH SMART TICKET FLOW
2025-06-03 01:48:44,662 - FormValidator - INFO - Starting comprehensive form validation
2025-06-03 01:48:44,662 - FormValidator - INFO - Validating basic fields
2025-06-03 01:48:44,663 - FormValidator - INFO - Field values: ticket='T0010', vehicle='', agency=''
2025-06-03 01:48:44,663 - FormValidator - ERROR - Basic validation failed: Please fill in the following required fields: Vehicle No, Agency Name
2025-06-03 01:48:45,957 - TharuniApp - WARNING - Form validation failed - aborting save
2025-06-03 01:48:45,957 - TharuniApp - INFO - ==================================================
2025-06-03 01:48:48,106 - DataManager - INFO - Successfully loaded 7 records from data\Tharuni_Guntur_data.csv
2025-06-03 01:48:48,126 - DataManager - INFO - Successfully loaded 7 records from data\Tharuni_Guntur_data.csv
2025-06-03 01:48:48,128 - DataManager - INFO - Successfully loaded 7 records from data\Tharuni_Guntur_data.csv
2025-06-03 01:48:48,751 - DataManager - INFO - Successfully loaded 7 records from data\Tharuni_Guntur_data.csv
2025-06-03 01:48:48,753 - DataManager - INFO - Successfully loaded 7 records from data\Tharuni_Guntur_data.csv
2025-06-03 01:48:49,933 - DataManager - INFO - CSV structure is up to date
2025-06-03 01:48:49,934 - DataManager - INFO - Data context set to: Agency='Tharuni', Site='Guntur'
2025-06-03 01:48:49,934 - DataManager - INFO - Data file: data\Tharuni_Guntur_data.csv
2025-06-03 01:48:51,587 - TharuniApp - INFO - ==================================================
2025-06-03 01:48:51,587 - TharuniApp - INFO - SAVE RECORD OPERATION STARTED WITH SMART TICKET FLOW
2025-06-03 01:48:51,588 - FormValidator - INFO - Starting comprehensive form validation
2025-06-03 01:48:51,588 - FormValidator - INFO - Validating basic fields
2025-06-03 01:48:51,589 - FormValidator - INFO - Field values: ticket='T0010', vehicle='TS08EL0455', agency='Tharuni'
2025-06-03 01:48:51,589 - FormValidator - INFO - Basic validation passed
2025-06-03 01:48:51,590 - FormValidator - INFO - Validating weighment data
2025-06-03 01:48:51,590 - FormValidator - INFO - Weighment data: first_weight='42420.00', first_timestamp='03-06-2025 01:48:39', second_weight='11590.00', second_timestamp='03-06-2025 01:48:41'
2025-06-03 01:48:51,591 - FormValidator - INFO - Weighment validation passed
2025-06-03 01:48:51,591 - FormValidator - INFO - Validating images for second weighment
2025-06-03 01:48:51,592 - FormValidator - INFO - Images validation for second: front=False, back=False
2025-06-03 01:48:52,599 - FormValidator - INFO - User chose to continue without images
2025-06-03 01:48:52,599 - FormValidator - INFO - Form validation passed successfully
2025-06-03 01:48:52,601 - TharuniApp - INFO - Saving record for ticket: T0010
2025-06-03 01:48:52,602 - DataManager - INFO - Successfully loaded 7 records from data\Tharuni_Guntur_data.csv
2025-06-03 01:48:52,602 - DataManager - INFO - Filtered 7 records to 0 using filter: 't0010'
2025-06-03 01:48:52,602 - TharuniApp - INFO - Adding new record: T0010
2025-06-03 01:48:52,603 - TharuniApp - INFO - Calling data_manager.save_record for T0010
2025-06-03 01:48:52,603 - DataManager - INFO - ==================================================
2025-06-03 01:48:52,603 - DataManager - INFO - STARTING OFFLINE-FIRST RECORD SAVE
2025-06-03 01:48:52,603 - DataManager - INFO - Input data keys: ['date', 'time', 'site_name', 'agency_name', 'material', 'ticket_no', 'vehicle_no', 'transfer_party_name', 'first_weight', 'first_timestamp', 'second_weight', 'second_timestamp', 'net_weight', 'material_type', 'first_front_image', 'first_back_image', 'second_front_image', 'second_back_image', 'site_incharge', 'user_name']
2025-06-03 01:48:52,604 - DataManager - INFO - Net weight calculated: 42420.0 - 11590.0 = 30830.00
2025-06-03 01:48:52,604 - DataManager - INFO - Using data file: data\Tharuni_Guntur_data.csv
2025-06-03 01:48:52,605 - DataManager - INFO - Successfully loaded 7 records from data\Tharuni_Guntur_data.csv
2025-06-03 01:48:52,605 - DataManager - INFO - Filtered 7 records to 0 using filter: 't0010'
2025-06-03 01:48:52,605 - DataManager - INFO - Adding new record: T0010
2025-06-03 01:48:52,605 - DataManager - INFO - Adding new record to CSV
2025-06-03 01:48:52,606 - DataManager - INFO - Record data: ['03-06-2025', '01:48:52', 'Guntur', 'Tharuni', 'Inert', 'T0010', 'TS08EL0455', 'Jindal', '42420.00', '03-06-2025 01:48:39', '11590.00', '03-06-2025 01:48:41', '30830.00', 'Inert', '', '', '', '', '', 'admin']
2025-06-03 01:48:52,606 - DataManager - INFO - ✅ New record added to data\Tharuni_Guntur_data.csv
2025-06-03 01:48:52,607 - DataManager - INFO - ✅ Record T0010 saved to local CSV successfully
2025-06-03 01:48:52,607 - DataManager - INFO - Weighment analysis:
2025-06-03 01:48:52,607 - DataManager - INFO -   - Has first weighment: True
2025-06-03 01:48:52,607 - DataManager - INFO -   - Has second weighment: True
2025-06-03 01:48:52,608 - DataManager - INFO -   - Is first weighment save: False
2025-06-03 01:48:52,608 - DataManager - INFO -   - Is complete record: True
2025-06-03 01:48:52,608 - DataManager - INFO -   - Is update: False
2025-06-03 01:48:52,608 - DataManager - INFO - Complete record detected - saving JSON backup locally...
2025-06-03 01:48:52,609 - DataManager - INFO - ✅ JSON backup saved: data\json_backups\2025-06-03\T0010_Tharuni_Guntur_014852.json
2025-06-03 01:48:52,610 - DataManager - INFO - ✅ JSON backup saved locally for T0010
2025-06-03 01:48:52,610 - DataManager - INFO - Complete record detected for ticket T0010 - generating PDF locally...
2025-06-03 01:48:52,611 - DataManager - INFO - Today's reports folder ensured: data\reports\2025-06-03
2025-06-03 01:48:52,611 - DataManager - INFO - Reports will be saved to: data\reports\2025-06-03
2025-06-03 01:48:52,612 - DataManager - INFO - Today's reports folder ensured: data\reports\2025-06-03
2025-06-03 01:48:52,614 - DataManager - INFO - SIMPLE TEST - Net display: '30830.00 kg'
2025-06-03 01:48:52,615 - DataManager - INFO - Building PDF document: data\reports\2025-06-03\Tharuni_Guntur_T0010_TS08EL0455_014852.pdf
2025-06-03 01:48:52,624 - DataManager - INFO - PDF created successfully: data\reports\2025-06-03\Tharuni_Guntur_T0010_TS08EL0455_014852.pdf (2963 bytes)
2025-06-03 01:48:52,625 - DataManager - INFO - Auto-generated PDF: data\reports\2025-06-03\Tharuni_Guntur_T0010_TS08EL0455_014852.pdf
2025-06-03 01:48:52,625 - DataManager - INFO - PDF saved to today's reports folder: data\reports\2025-06-03
2025-06-03 01:48:52,625 - DataManager - INFO - ✅ PDF auto-generated locally: data\reports\2025-06-03\Tharuni_Guntur_T0010_TS08EL0455_014852.pdf
2025-06-03 01:48:52,626 - DataManager - INFO - ✅ OFFLINE-FIRST SAVE COMPLETED - Local CSV, JSON backup, and PDF generated
2025-06-03 01:48:52,626 - DataManager - INFO - 📂 PDF saved to today's reports folder: data\reports\2025-06-03
2025-06-03 01:48:52,626 - DataManager - INFO - 💡 Cloud backup available via Settings > Cloud Storage > Backup
2025-06-03 01:48:52,626 - DataManager - INFO - ==================================================
2025-06-03 01:48:52,627 - TharuniApp - INFO - ✅ Record T0010 saved successfully
2025-06-03 01:48:54,541 - DataManager - INFO - Successfully loaded 8 records from data\Tharuni_Guntur_data.csv
2025-06-03 01:48:54,541 - DataManager - INFO - Returning all 8 records (no filter)
2025-06-03 01:48:54,542 - PendingVehiclesPanel - INFO - Refreshing pending vehicles list
2025-06-03 01:48:54,542 - DataManager - INFO - Successfully loaded 8 records from data\Tharuni_Guntur_data.csv
2025-06-03 01:48:54,543 - PendingVehiclesPanel - INFO - Retrieved 8 total records
2025-06-03 01:48:54,549 - PendingVehiclesPanel - INFO - Found 0 pending records
2025-06-03 01:48:54,550 - PendingVehiclesPanel - INFO - Successfully refreshed pending list with 0 items
2025-06-03 01:48:54,550 - TharuniApp - INFO - SAVE RECORD OPERATION COMPLETED SUCCESSFULLY WITH SMART TICKET FLOW
2025-06-03 01:48:54,550 - TharuniApp - INFO - ==================================================
2025-06-03 01:49:00,354 - DataManager - INFO - Successfully loaded 8 records from data\Tharuni_Guntur_data.csv
2025-06-03 01:49:00,373 - DataManager - INFO - Successfully loaded 8 records from data\Tharuni_Guntur_data.csv
2025-06-03 01:49:00,375 - DataManager - INFO - Successfully loaded 8 records from data\Tharuni_Guntur_data.csv
2025-06-03 01:49:01,363 - DataManager - INFO - Successfully loaded 8 records from data\Tharuni_Guntur_data.csv
2025-06-03 01:49:01,365 - DataManager - INFO - Successfully loaded 8 records from data\Tharuni_Guntur_data.csv
2025-06-03 01:49:02,807 - DataManager - INFO - Successfully loaded 8 records from data\Tharuni_Guntur_data.csv
2025-06-03 01:49:02,807 - DataManager - INFO - Successfully loaded 8 records from data\Tharuni_Guntur_data.csv
2025-06-03 01:49:05,625 - DataManager - INFO - Successfully loaded 8 records from data\Tharuni_Guntur_data.csv
2025-06-03 01:49:05,626 - DataManager - INFO - Successfully loaded 8 records from data\Tharuni_Guntur_data.csv
2025-06-03 01:49:05,678 - TharuniApp - INFO - ==================================================
2025-06-03 01:49:05,679 - TharuniApp - INFO - SAVE RECORD OPERATION STARTED WITH SMART TICKET FLOW
2025-06-03 01:49:05,679 - FormValidator - INFO - Starting comprehensive form validation
2025-06-03 01:49:05,679 - FormValidator - INFO - Validating basic fields
2025-06-03 01:49:05,680 - FormValidator - INFO - Field values: ticket='T0011', vehicle='AP01JA0101', agency=''
2025-06-03 01:49:05,680 - FormValidator - ERROR - Basic validation failed: Please fill in the following required fields: Agency Name
2025-06-03 01:49:06,769 - DataManager - INFO - Successfully loaded 8 records from data\Tharuni_Guntur_data.csv
2025-06-03 01:49:06,770 - DataManager - INFO - Successfully loaded 8 records from data\Tharuni_Guntur_data.csv
2025-06-03 01:49:06,772 - TharuniApp - WARNING - Form validation failed - aborting save
2025-06-03 01:49:06,773 - TharuniApp - INFO - ==================================================
2025-06-03 01:49:09,203 - DataManager - INFO - CSV structure is up to date
2025-06-03 01:49:09,204 - DataManager - INFO - Data context set to: Agency='Tharuni', Site='Guntur'
2025-06-03 01:49:09,204 - DataManager - INFO - Data file: data\Tharuni_Guntur_data.csv
2025-06-03 01:49:10,762 - TharuniApp - INFO - ==================================================
2025-06-03 01:49:10,763 - TharuniApp - INFO - SAVE RECORD OPERATION STARTED WITH SMART TICKET FLOW
2025-06-03 01:49:10,763 - FormValidator - INFO - Starting comprehensive form validation
2025-06-03 01:49:10,764 - FormValidator - INFO - Validating basic fields
2025-06-03 01:49:10,764 - FormValidator - INFO - Field values: ticket='T0011', vehicle='AP01JA0101', agency='Tharuni'
2025-06-03 01:49:10,764 - FormValidator - INFO - Basic validation passed
2025-06-03 01:49:10,765 - FormValidator - INFO - Validating weighment data
2025-06-03 01:49:10,765 - FormValidator - INFO - Weighment data: first_weight='20250.00', first_timestamp='03-06-2025 01:49:01', second_weight='', second_timestamp=''
2025-06-03 01:49:10,766 - FormValidator - INFO - Weighment validation passed
2025-06-03 01:49:10,766 - FormValidator - INFO - Validating images for second weighment
2025-06-03 01:49:10,766 - FormValidator - INFO - Images validation for second: front=False, back=False
2025-06-03 01:49:11,730 - FormValidator - INFO - User chose to continue without images
2025-06-03 01:49:11,730 - FormValidator - INFO - Form validation passed successfully
2025-06-03 01:49:11,732 - TharuniApp - INFO - Saving record for ticket: T0011
2025-06-03 01:49:11,733 - DataManager - INFO - Successfully loaded 8 records from data\Tharuni_Guntur_data.csv
2025-06-03 01:49:11,733 - DataManager - INFO - Filtered 8 records to 0 using filter: 't0011'
2025-06-03 01:49:11,734 - TharuniApp - INFO - Adding new record: T0011
2025-06-03 01:49:11,734 - TharuniApp - INFO - Calling data_manager.save_record for T0011
2025-06-03 01:49:11,734 - DataManager - INFO - ==================================================
2025-06-03 01:49:11,734 - DataManager - INFO - STARTING OFFLINE-FIRST RECORD SAVE
2025-06-03 01:49:11,734 - DataManager - INFO - Input data keys: ['date', 'time', 'site_name', 'agency_name', 'material', 'ticket_no', 'vehicle_no', 'transfer_party_name', 'first_weight', 'first_timestamp', 'second_weight', 'second_timestamp', 'net_weight', 'material_type', 'first_front_image', 'first_back_image', 'second_front_image', 'second_back_image', 'site_incharge', 'user_name']
2025-06-03 01:49:11,734 - DataManager - INFO - Net weight cleared - incomplete weighments
2025-06-03 01:49:11,735 - DataManager - INFO - Using data file: data\Tharuni_Guntur_data.csv
2025-06-03 01:49:11,735 - DataManager - INFO - Successfully loaded 8 records from data\Tharuni_Guntur_data.csv
2025-06-03 01:49:11,735 - DataManager - INFO - Filtered 8 records to 0 using filter: 't0011'
2025-06-03 01:49:11,736 - DataManager - INFO - Adding new record: T0011
2025-06-03 01:49:11,736 - DataManager - INFO - Adding new record to CSV
2025-06-03 01:49:11,736 - DataManager - INFO - Record data: ['03-06-2025', '01:49:11', 'Guntur', 'Tharuni', 'Inert', 'T0011', 'AP01JA0101', 'Jindal', '20250.00', '03-06-2025 01:49:01', '', '', '', 'Inert', '', '', '', '', '', 'admin']
2025-06-03 01:49:11,737 - DataManager - INFO - ✅ New record added to data\Tharuni_Guntur_data.csv
2025-06-03 01:49:11,737 - DataManager - INFO - ✅ Record T0011 saved to local CSV successfully
2025-06-03 01:49:11,737 - DataManager - INFO - Weighment analysis:
2025-06-03 01:49:11,738 - DataManager - INFO -   - Has first weighment: True
2025-06-03 01:49:11,738 - DataManager - INFO -   - Has second weighment: False
2025-06-03 01:49:11,738 - DataManager - INFO -   - Is first weighment save: True
2025-06-03 01:49:11,738 - DataManager - INFO -   - Is complete record: False
2025-06-03 01:49:11,738 - DataManager - INFO -   - Is update: False
2025-06-03 01:49:11,739 - DataManager - INFO - ✅ OFFLINE-FIRST SAVE COMPLETED - Local CSV, JSON backup, and PDF generated
2025-06-03 01:49:11,739 - DataManager - INFO - 💡 Cloud backup available via Settings > Cloud Storage > Backup
2025-06-03 01:49:11,739 - DataManager - INFO - ==================================================
2025-06-03 01:49:11,739 - TharuniApp - INFO - ✅ Record T0011 saved successfully
2025-06-03 01:49:13,452 - DataManager - INFO - Successfully loaded 9 records from data\Tharuni_Guntur_data.csv
2025-06-03 01:49:13,453 - DataManager - INFO - Returning all 9 records (no filter)
2025-06-03 01:49:13,453 - PendingVehiclesPanel - INFO - Refreshing pending vehicles list
2025-06-03 01:49:13,454 - DataManager - INFO - Successfully loaded 9 records from data\Tharuni_Guntur_data.csv
2025-06-03 01:49:13,454 - PendingVehiclesPanel - INFO - Retrieved 9 total records
2025-06-03 01:49:13,462 - PendingVehiclesPanel - INFO - Added to pending: T0011
2025-06-03 01:49:13,462 - PendingVehiclesPanel - INFO - Found 1 pending records
2025-06-03 01:49:13,463 - PendingVehiclesPanel - INFO - Successfully refreshed pending list with 1 items
2025-06-03 01:49:13,463 - TharuniApp - INFO - SAVE RECORD OPERATION COMPLETED SUCCESSFULLY WITH SMART TICKET FLOW
2025-06-03 01:49:13,464 - TharuniApp - INFO - ==================================================
2025-06-03 01:49:13,684 - PendingVehiclesPanel - INFO - Refreshing pending vehicles list
2025-06-03 01:49:13,685 - DataManager - INFO - Successfully loaded 9 records from data\Tharuni_Guntur_data.csv
2025-06-03 01:49:13,685 - PendingVehiclesPanel - INFO - Retrieved 9 total records
2025-06-03 01:49:13,692 - PendingVehiclesPanel - INFO - Added to pending: T0011
2025-06-03 01:49:13,693 - PendingVehiclesPanel - INFO - Found 1 pending records
2025-06-03 01:49:13,694 - PendingVehiclesPanel - INFO - Successfully refreshed pending list with 1 items
2025-06-03 01:49:13,694 - DataManager - INFO - Created new daily folder: data\reports\03-06
2025-06-03 01:49:16,581 - PendingVehiclesPanel - INFO - Double-clicked on ticket: T0011
2025-06-03 01:49:16,582 - TharuniApp - INFO - Loading pending vehicle: T0011
2025-06-03 01:49:16,583 - DataManager - INFO - Successfully loaded 9 records from data\Tharuni_Guntur_data.csv
2025-06-03 01:49:16,583 - DataManager - INFO - Filtered 9 records to 1 using filter: 't0011'
2025-06-03 01:49:16,584 - DataManager - INFO - CSV structure is up to date
2025-06-03 01:49:16,584 - DataManager - INFO - Data context set to: Agency='Tharuni', Site='Guntur'
2025-06-03 01:49:16,585 - DataManager - INFO - Data file: data\Tharuni_Guntur_data.csv
2025-06-03 01:49:16,586 - TharuniApp - INFO - Successfully loaded pending ticket: T0011
2025-06-03 01:49:25,475 - DataManager - INFO - Successfully loaded 9 records from data\Tharuni_Guntur_data.csv
2025-06-03 01:49:25,493 - DataManager - INFO - Successfully loaded 9 records from data\Tharuni_Guntur_data.csv
2025-06-03 01:49:25,494 - DataManager - INFO - Successfully loaded 9 records from data\Tharuni_Guntur_data.csv
2025-06-03 01:49:26,251 - DataManager - INFO - Successfully loaded 9 records from data\Tharuni_Guntur_data.csv
2025-06-03 01:49:26,252 - DataManager - INFO - Successfully loaded 9 records from data\Tharuni_Guntur_data.csv
2025-06-03 01:49:28,207 - DataManager - INFO - Successfully loaded 9 records from data\Tharuni_Guntur_data.csv
2025-06-03 01:49:28,208 - DataManager - INFO - Successfully loaded 9 records from data\Tharuni_Guntur_data.csv
2025-06-03 01:49:30,643 - TharuniApp - INFO - ==================================================
2025-06-03 01:49:30,643 - TharuniApp - INFO - SAVE RECORD OPERATION STARTED WITH SMART TICKET FLOW
2025-06-03 01:49:30,644 - FormValidator - INFO - Starting comprehensive form validation
2025-06-03 01:49:30,644 - FormValidator - INFO - Validating basic fields
2025-06-03 01:49:30,645 - FormValidator - INFO - Field values: ticket='T0012', vehicle='AP01JA0101', agency='Tharuni'
2025-06-03 01:49:30,645 - FormValidator - INFO - Basic validation passed
2025-06-03 01:49:30,645 - FormValidator - INFO - Validating weighment data
2025-06-03 01:49:30,646 - FormValidator - INFO - Weighment data: first_weight='36480.00', first_timestamp='03-06-2025 01:49:27', second_weight='', second_timestamp=''
2025-06-03 01:49:30,646 - FormValidator - INFO - Weighment validation passed
2025-06-03 01:49:30,647 - FormValidator - INFO - Validating images for second weighment
2025-06-03 01:49:30,647 - FormValidator - INFO - Images validation for second: front=False, back=False
2025-06-03 01:49:31,628 - DataManager - INFO - Successfully loaded 9 records from data\Tharuni_Guntur_data.csv
2025-06-03 01:49:31,629 - DataManager - INFO - Successfully loaded 9 records from data\Tharuni_Guntur_data.csv
2025-06-03 01:49:31,633 - FormValidator - INFO - User chose to continue without images
2025-06-03 01:49:31,633 - FormValidator - INFO - Form validation passed successfully
2025-06-03 01:49:31,635 - TharuniApp - INFO - Saving record for ticket: T0012
2025-06-03 01:49:31,635 - DataManager - INFO - Successfully loaded 9 records from data\Tharuni_Guntur_data.csv
2025-06-03 01:49:31,635 - DataManager - INFO - Filtered 9 records to 0 using filter: 't0012'
2025-06-03 01:49:31,636 - TharuniApp - INFO - Adding new record: T0012
2025-06-03 01:49:31,636 - TharuniApp - INFO - Calling data_manager.save_record for T0012
2025-06-03 01:49:31,636 - DataManager - INFO - ==================================================
2025-06-03 01:49:31,636 - DataManager - INFO - STARTING OFFLINE-FIRST RECORD SAVE
2025-06-03 01:49:31,637 - DataManager - INFO - Input data keys: ['date', 'time', 'site_name', 'agency_name', 'material', 'ticket_no', 'vehicle_no', 'transfer_party_name', 'first_weight', 'first_timestamp', 'second_weight', 'second_timestamp', 'net_weight', 'material_type', 'first_front_image', 'first_back_image', 'second_front_image', 'second_back_image', 'site_incharge', 'user_name']
2025-06-03 01:49:31,637 - DataManager - INFO - Net weight cleared - incomplete weighments
2025-06-03 01:49:31,637 - DataManager - INFO - Using data file: data\Tharuni_Guntur_data.csv
2025-06-03 01:49:31,638 - DataManager - INFO - Successfully loaded 9 records from data\Tharuni_Guntur_data.csv
2025-06-03 01:49:31,638 - DataManager - INFO - Filtered 9 records to 0 using filter: 't0012'
2025-06-03 01:49:31,639 - DataManager - INFO - Adding new record: T0012
2025-06-03 01:49:31,639 - DataManager - INFO - Adding new record to CSV
2025-06-03 01:49:31,639 - DataManager - INFO - Record data: ['03-06-2025', '01:49:31', 'Guntur', 'Tharuni', 'Inert', 'T0012', 'AP01JA0101', 'Jindal', '36480.00', '03-06-2025 01:49:27', '', '', '', 'Inert', '', '', '', '', '', 'admin']
2025-06-03 01:49:31,640 - DataManager - INFO - ✅ New record added to data\Tharuni_Guntur_data.csv
2025-06-03 01:49:31,641 - DataManager - INFO - ✅ Record T0012 saved to local CSV successfully
2025-06-03 01:49:31,641 - DataManager - INFO - Weighment analysis:
2025-06-03 01:49:31,641 - DataManager - INFO -   - Has first weighment: True
2025-06-03 01:49:31,641 - DataManager - INFO -   - Has second weighment: False
2025-06-03 01:49:31,642 - DataManager - INFO -   - Is first weighment save: True
2025-06-03 01:49:31,642 - DataManager - INFO -   - Is complete record: False
2025-06-03 01:49:31,642 - DataManager - INFO -   - Is update: False
2025-06-03 01:49:31,643 - DataManager - INFO - ✅ OFFLINE-FIRST SAVE COMPLETED - Local CSV, JSON backup, and PDF generated
2025-06-03 01:49:31,643 - DataManager - INFO - 💡 Cloud backup available via Settings > Cloud Storage > Backup
2025-06-03 01:49:31,643 - DataManager - INFO - ==================================================
2025-06-03 01:49:31,644 - TharuniApp - INFO - ✅ Record T0012 saved successfully
2025-06-03 01:49:32,725 - DataManager - INFO - Successfully loaded 10 records from data\Tharuni_Guntur_data.csv
2025-06-03 01:49:32,726 - DataManager - INFO - Successfully loaded 10 records from data\Tharuni_Guntur_data.csv
2025-06-03 01:49:32,732 - DataManager - INFO - Successfully loaded 10 records from data\Tharuni_Guntur_data.csv
2025-06-03 01:49:32,732 - DataManager - INFO - Returning all 10 records (no filter)
2025-06-03 01:49:32,733 - PendingVehiclesPanel - INFO - Refreshing pending vehicles list
2025-06-03 01:49:32,734 - DataManager - INFO - Successfully loaded 10 records from data\Tharuni_Guntur_data.csv
2025-06-03 01:49:32,734 - PendingVehiclesPanel - INFO - Retrieved 10 total records
2025-06-03 01:49:32,742 - PendingVehiclesPanel - INFO - Added to pending: T0011
2025-06-03 01:49:32,743 - PendingVehiclesPanel - INFO - Added to pending: T0012
2025-06-03 01:49:32,743 - PendingVehiclesPanel - INFO - Found 2 pending records
2025-06-03 01:49:32,745 - PendingVehiclesPanel - INFO - Successfully refreshed pending list with 2 items
2025-06-03 01:49:32,745 - TharuniApp - INFO - SAVE RECORD OPERATION COMPLETED SUCCESSFULLY WITH SMART TICKET FLOW
2025-06-03 01:49:32,746 - TharuniApp - INFO - ==================================================
2025-06-03 01:49:36,035 - PendingVehiclesPanel - INFO - Double-clicked on ticket: T0012
2025-06-03 01:49:36,036 - TharuniApp - INFO - Loading pending vehicle: T0012
2025-06-03 01:49:36,038 - DataManager - INFO - Successfully loaded 10 records from data\Tharuni_Guntur_data.csv
2025-06-03 01:49:36,040 - DataManager - INFO - Filtered 10 records to 1 using filter: 't0012'
2025-06-03 01:49:36,042 - DataManager - INFO - CSV structure is up to date
2025-06-03 01:49:36,042 - DataManager - INFO - Data context set to: Agency='Tharuni', Site='Guntur'
2025-06-03 01:49:36,042 - DataManager - INFO - Data file: data\Tharuni_Guntur_data.csv
2025-06-03 01:49:36,045 - TharuniApp - INFO - Successfully loaded pending ticket: T0012
2025-06-03 01:49:44,149 - TharuniApp - INFO - ==================================================
2025-06-03 01:49:44,149 - TharuniApp - INFO - SAVE RECORD OPERATION STARTED WITH SMART TICKET FLOW
2025-06-03 01:49:44,150 - FormValidator - INFO - Starting comprehensive form validation
2025-06-03 01:49:44,150 - FormValidator - INFO - Validating basic fields
2025-06-03 01:49:44,151 - FormValidator - INFO - Field values: ticket='T0012', vehicle='AP01JA0101', agency='Tharuni'
2025-06-03 01:49:44,151 - FormValidator - INFO - Basic validation passed
2025-06-03 01:49:44,152 - FormValidator - INFO - Validating weighment data
2025-06-03 01:49:44,152 - FormValidator - INFO - Weighment data: first_weight='36480.00', first_timestamp='03-06-2025 01:49:27', second_weight='7040.00', second_timestamp='03-06-2025 01:49:38'
2025-06-03 01:49:44,153 - FormValidator - INFO - Weighment validation passed
2025-06-03 01:49:44,153 - FormValidator - INFO - Validating images for second weighment
2025-06-03 01:49:44,153 - FormValidator - INFO - Images validation for second: front=False, back=False
2025-06-03 01:49:45,386 - FormValidator - INFO - User chose to continue without images
2025-06-03 01:49:45,387 - FormValidator - INFO - Form validation passed successfully
2025-06-03 01:49:45,388 - TharuniApp - INFO - Saving record for ticket: T0012
2025-06-03 01:49:45,389 - DataManager - INFO - Successfully loaded 10 records from data\Tharuni_Guntur_data.csv
2025-06-03 01:49:45,389 - DataManager - INFO - Filtered 10 records to 1 using filter: 't0012'
2025-06-03 01:49:45,390 - TharuniApp - INFO - Updating existing record: T0012
2025-06-03 01:49:45,390 - TharuniApp - INFO - Calling data_manager.save_record for T0012
2025-06-03 01:49:45,391 - DataManager - INFO - ==================================================
2025-06-03 01:49:45,391 - DataManager - INFO - STARTING OFFLINE-FIRST RECORD SAVE
2025-06-03 01:49:45,391 - DataManager - INFO - Input data keys: ['date', 'time', 'site_name', 'agency_name', 'material', 'ticket_no', 'vehicle_no', 'transfer_party_name', 'first_weight', 'first_timestamp', 'second_weight', 'second_timestamp', 'net_weight', 'material_type', 'first_front_image', 'first_back_image', 'second_front_image', 'second_back_image', 'site_incharge', 'user_name']
2025-06-03 01:49:45,392 - DataManager - INFO - Net weight calculated: 36480.0 - 7040.0 = 29440.00
2025-06-03 01:49:45,392 - DataManager - INFO - Using data file: data\Tharuni_Guntur_data.csv
2025-06-03 01:49:45,393 - DataManager - INFO - Successfully loaded 10 records from data\Tharuni_Guntur_data.csv
2025-06-03 01:49:45,393 - DataManager - INFO - Filtered 10 records to 1 using filter: 't0012'
2025-06-03 01:49:45,394 - DataManager - INFO - Updating existing record: T0012
2025-06-03 01:49:45,394 - DataManager - INFO - Updating record T0012 in data\Tharuni_Guntur_data.csv
2025-06-03 01:49:45,394 - DataManager - INFO - Read 10 records from CSV
2025-06-03 01:49:45,395 - DataManager - INFO - Found record to update at index 9
2025-06-03 01:49:45,395 - DataManager - INFO - Updated record data: ['03-06-2025', '01:49:45', 'Guntur', 'Tharuni', 'Inert', 'T0012', 'AP01JA0101', 'Jindal', '36480.00', '03-06-2025 01:49:27', '7040.00', '03-06-2025 01:49:38', '29440.00', 'Inert', '', '', '', '', '', 'admin']
2025-06-03 01:49:45,397 - DataManager - INFO - ✅ Record T0012 updated in data\Tharuni_Guntur_data.csv
2025-06-03 01:49:45,397 - DataManager - INFO - ✅ Record T0012 saved to local CSV successfully
2025-06-03 01:49:45,398 - DataManager - INFO - Weighment analysis:
2025-06-03 01:49:45,398 - DataManager - INFO -   - Has first weighment: True
2025-06-03 01:49:45,398 - DataManager - INFO -   - Has second weighment: True
2025-06-03 01:49:45,398 - DataManager - INFO -   - Is first weighment save: False
2025-06-03 01:49:45,399 - DataManager - INFO -   - Is complete record: True
2025-06-03 01:49:45,399 - DataManager - INFO -   - Is update: True
2025-06-03 01:49:45,399 - DataManager - INFO - Complete record detected - saving JSON backup locally...
2025-06-03 01:49:45,400 - DataManager - INFO - Created new daily JSON folder: data\json_backups\2025-06-03
2025-06-03 01:49:45,401 - DataManager - INFO - ✅ JSON backup saved: data\json_backups\2025-06-03\T0012_Tharuni_Guntur_014945.json
2025-06-03 01:49:45,402 - DataManager - INFO - ✅ JSON backup saved locally for T0012
2025-06-03 01:49:45,402 - DataManager - INFO - Complete record detected for ticket T0012 - generating PDF locally...
2025-06-03 01:49:45,402 - DataManager - INFO - Today's reports folder ensured: data\reports\2025-06-03
2025-06-03 01:49:45,403 - DataManager - INFO - Reports will be saved to: data\reports\2025-06-03
2025-06-03 01:49:45,403 - DataManager - INFO - Today's reports folder ensured: data\reports\2025-06-03
2025-06-03 01:49:45,406 - DataManager - INFO - SIMPLE TEST - Net display: '29440.00 kg'
2025-06-03 01:49:45,407 - DataManager - INFO - Building PDF document: data\reports\2025-06-03\Tharuni_Guntur_T0012_AP01JA0101_014945.pdf
2025-06-03 01:49:45,415 - DataManager - INFO - PDF created successfully: data\reports\2025-06-03\Tharuni_Guntur_T0012_AP01JA0101_014945.pdf (2964 bytes)
2025-06-03 01:49:45,416 - DataManager - INFO - Auto-generated PDF: data\reports\2025-06-03\Tharuni_Guntur_T0012_AP01JA0101_014945.pdf
2025-06-03 01:49:45,416 - DataManager - INFO - PDF saved to today's reports folder: data\reports\2025-06-03
2025-06-03 01:49:45,416 - DataManager - INFO - ✅ PDF auto-generated locally: data\reports\2025-06-03\Tharuni_Guntur_T0012_AP01JA0101_014945.pdf
2025-06-03 01:49:45,417 - DataManager - INFO - ✅ OFFLINE-FIRST SAVE COMPLETED - Local CSV, JSON backup, and PDF generated
2025-06-03 01:49:45,417 - DataManager - INFO - 📂 PDF saved to today's reports folder: data\reports\2025-06-03
2025-06-03 01:49:45,417 - DataManager - INFO - 💡 Cloud backup available via Settings > Cloud Storage > Backup
2025-06-03 01:49:45,417 - DataManager - INFO - ==================================================
2025-06-03 01:49:45,418 - TharuniApp - INFO - ✅ Record T0012 saved successfully
2025-06-03 01:49:45,419 - TharuniApp - INFO - Removing T0012 from pending vehicles list
2025-06-03 01:49:45,419 - PendingVehiclesPanel - INFO - Attempting to remove ticket T0012 from pending list
2025-06-03 01:49:45,419 - PendingVehiclesPanel - INFO - Removed ticket T0012 from pending list
2025-06-03 01:49:46,429 - DataManager - INFO - Successfully loaded 10 records from data\Tharuni_Guntur_data.csv
2025-06-03 01:49:46,429 - DataManager - INFO - Returning all 10 records (no filter)
2025-06-03 01:49:46,430 - PendingVehiclesPanel - INFO - Refreshing pending vehicles list
2025-06-03 01:49:46,431 - DataManager - INFO - Successfully loaded 10 records from data\Tharuni_Guntur_data.csv
2025-06-03 01:49:46,431 - PendingVehiclesPanel - INFO - Retrieved 10 total records
2025-06-03 01:49:46,438 - PendingVehiclesPanel - INFO - Added to pending: T0011
2025-06-03 01:49:46,440 - PendingVehiclesPanel - INFO - Found 1 pending records
2025-06-03 01:49:46,441 - PendingVehiclesPanel - INFO - Successfully refreshed pending list with 1 items
2025-06-03 01:49:46,441 - TharuniApp - INFO - SAVE RECORD OPERATION COMPLETED SUCCESSFULLY WITH SMART TICKET FLOW
2025-06-03 01:49:46,442 - TharuniApp - INFO - ==================================================
2025-06-03 01:49:50,199 - PendingVehiclesPanel - INFO - Double-clicked on ticket: T0011
2025-06-03 01:49:50,200 - TharuniApp - INFO - Loading pending vehicle: T0011
2025-06-03 01:49:50,202 - DataManager - INFO - Successfully loaded 10 records from data\Tharuni_Guntur_data.csv
2025-06-03 01:49:50,204 - DataManager - INFO - Filtered 10 records to 1 using filter: 't0011'
2025-06-03 01:49:50,206 - DataManager - INFO - CSV structure is up to date
2025-06-03 01:49:50,206 - DataManager - INFO - Data context set to: Agency='Tharuni', Site='Guntur'
2025-06-03 01:49:50,206 - DataManager - INFO - Data file: data\Tharuni_Guntur_data.csv
2025-06-03 01:49:50,209 - TharuniApp - INFO - Successfully loaded pending ticket: T0011
2025-06-03 01:49:56,035 - TharuniApp - INFO - ==================================================
2025-06-03 01:49:56,035 - TharuniApp - INFO - SAVE RECORD OPERATION STARTED WITH SMART TICKET FLOW
2025-06-03 01:49:56,036 - FormValidator - INFO - Starting comprehensive form validation
2025-06-03 01:49:56,036 - FormValidator - INFO - Validating basic fields
2025-06-03 01:49:56,037 - FormValidator - INFO - Field values: ticket='T0011', vehicle='AP01JA0101', agency='Tharuni'
2025-06-03 01:49:56,037 - FormValidator - INFO - Basic validation passed
2025-06-03 01:49:56,038 - FormValidator - INFO - Validating weighment data
2025-06-03 01:49:56,038 - FormValidator - INFO - Weighment data: first_weight='20250.00', first_timestamp='03-06-2025 01:49:01', second_weight='14800.00', second_timestamp='03-06-2025 01:49:53'
2025-06-03 01:49:56,039 - FormValidator - INFO - Weighment validation passed
2025-06-03 01:49:56,039 - FormValidator - INFO - Validating images for second weighment
2025-06-03 01:49:56,040 - FormValidator - INFO - Images validation for second: front=False, back=False
2025-06-03 01:49:57,026 - FormValidator - INFO - User chose to continue without images
2025-06-03 01:49:57,026 - FormValidator - INFO - Form validation passed successfully
2025-06-03 01:49:57,027 - TharuniApp - INFO - Saving record for ticket: T0011
2025-06-03 01:49:57,028 - DataManager - INFO - Successfully loaded 10 records from data\Tharuni_Guntur_data.csv
2025-06-03 01:49:57,028 - DataManager - INFO - Filtered 10 records to 1 using filter: 't0011'
2025-06-03 01:49:57,028 - TharuniApp - INFO - Updating existing record: T0011
2025-06-03 01:49:57,028 - TharuniApp - INFO - Calling data_manager.save_record for T0011
2025-06-03 01:49:57,029 - DataManager - INFO - ==================================================
2025-06-03 01:49:57,029 - DataManager - INFO - STARTING OFFLINE-FIRST RECORD SAVE
2025-06-03 01:49:57,029 - DataManager - INFO - Input data keys: ['date', 'time', 'site_name', 'agency_name', 'material', 'ticket_no', 'vehicle_no', 'transfer_party_name', 'first_weight', 'first_timestamp', 'second_weight', 'second_timestamp', 'net_weight', 'material_type', 'first_front_image', 'first_back_image', 'second_front_image', 'second_back_image', 'site_incharge', 'user_name']
2025-06-03 01:49:57,029 - DataManager - INFO - Net weight calculated: 20250.0 - 14800.0 = 5450.00
2025-06-03 01:49:57,029 - DataManager - INFO - Using data file: data\Tharuni_Guntur_data.csv
2025-06-03 01:49:57,030 - DataManager - INFO - Successfully loaded 10 records from data\Tharuni_Guntur_data.csv
2025-06-03 01:49:57,030 - DataManager - INFO - Filtered 10 records to 1 using filter: 't0011'
2025-06-03 01:49:57,030 - DataManager - INFO - Updating existing record: T0011
2025-06-03 01:49:57,030 - DataManager - INFO - Updating record T0011 in data\Tharuni_Guntur_data.csv
2025-06-03 01:49:57,031 - DataManager - INFO - Read 10 records from CSV
2025-06-03 01:49:57,031 - DataManager - INFO - Found record to update at index 8
2025-06-03 01:49:57,031 - DataManager - INFO - Updated record data: ['03-06-2025', '01:49:57', 'Guntur', 'Tharuni', 'Inert', 'T0011', 'AP01JA0101', 'Jindal', '20250.00', '03-06-2025 01:49:01', '14800.00', '03-06-2025 01:49:53', '5450.00', 'Inert', '', '', '', '', '', 'admin']
2025-06-03 01:49:57,034 - DataManager - INFO - ✅ Record T0011 updated in data\Tharuni_Guntur_data.csv
2025-06-03 01:49:57,035 - DataManager - INFO - ✅ Record T0011 saved to local CSV successfully
2025-06-03 01:49:57,035 - DataManager - INFO - Weighment analysis:
2025-06-03 01:49:57,036 - DataManager - INFO -   - Has first weighment: True
2025-06-03 01:49:57,037 - DataManager - INFO -   - Has second weighment: True
2025-06-03 01:49:57,037 - DataManager - INFO -   - Is first weighment save: False
2025-06-03 01:49:57,038 - DataManager - INFO -   - Is complete record: True
2025-06-03 01:49:57,038 - DataManager - INFO -   - Is update: True
2025-06-03 01:49:57,038 - DataManager - INFO - Complete record detected - saving JSON backup locally...
2025-06-03 01:49:57,041 - DataManager - INFO - ✅ JSON backup saved: data\json_backups\2025-06-03\T0011_Tharuni_Guntur_014957.json
2025-06-03 01:49:57,041 - DataManager - INFO - ✅ JSON backup saved locally for T0011
2025-06-03 01:49:57,041 - DataManager - INFO - Complete record detected for ticket T0011 - generating PDF locally...
2025-06-03 01:49:57,042 - DataManager - INFO - Today's reports folder ensured: data\reports\2025-06-03
2025-06-03 01:49:57,043 - DataManager - INFO - Reports will be saved to: data\reports\2025-06-03
2025-06-03 01:49:57,043 - DataManager - INFO - Today's reports folder ensured: data\reports\2025-06-03
2025-06-03 01:49:57,045 - DataManager - INFO - SIMPLE TEST - Net display: '5450.00 kg'
2025-06-03 01:49:57,046 - DataManager - INFO - Building PDF document: data\reports\2025-06-03\Tharuni_Guntur_T0011_AP01JA0101_014957.pdf
2025-06-03 01:49:57,056 - DataManager - INFO - PDF created successfully: data\reports\2025-06-03\Tharuni_Guntur_T0011_AP01JA0101_014957.pdf (2964 bytes)
2025-06-03 01:49:57,056 - DataManager - INFO - Auto-generated PDF: data\reports\2025-06-03\Tharuni_Guntur_T0011_AP01JA0101_014957.pdf
2025-06-03 01:49:57,057 - DataManager - INFO - PDF saved to today's reports folder: data\reports\2025-06-03
2025-06-03 01:49:57,057 - DataManager - INFO - ✅ PDF auto-generated locally: data\reports\2025-06-03\Tharuni_Guntur_T0011_AP01JA0101_014957.pdf
2025-06-03 01:49:57,057 - DataManager - INFO - ✅ OFFLINE-FIRST SAVE COMPLETED - Local CSV, JSON backup, and PDF generated
2025-06-03 01:49:57,058 - DataManager - INFO - 📂 PDF saved to today's reports folder: data\reports\2025-06-03
2025-06-03 01:49:57,058 - DataManager - INFO - 💡 Cloud backup available via Settings > Cloud Storage > Backup
2025-06-03 01:49:57,058 - DataManager - INFO - ==================================================
2025-06-03 01:49:57,058 - TharuniApp - INFO - ✅ Record T0011 saved successfully
2025-06-03 01:49:57,059 - TharuniApp - INFO - Removing T0011 from pending vehicles list
2025-06-03 01:49:57,059 - PendingVehiclesPanel - INFO - Attempting to remove ticket T0011 from pending list
2025-06-03 01:49:57,060 - PendingVehiclesPanel - INFO - Removed ticket T0011 from pending list
2025-06-03 01:49:58,944 - DataManager - INFO - Successfully loaded 10 records from data\Tharuni_Guntur_data.csv
2025-06-03 01:49:58,944 - DataManager - INFO - Returning all 10 records (no filter)
2025-06-03 01:49:58,945 - PendingVehiclesPanel - INFO - Refreshing pending vehicles list
2025-06-03 01:49:58,946 - DataManager - INFO - Successfully loaded 10 records from data\Tharuni_Guntur_data.csv
2025-06-03 01:49:58,946 - PendingVehiclesPanel - INFO - Retrieved 10 total records
2025-06-03 01:49:58,955 - PendingVehiclesPanel - INFO - Found 0 pending records
2025-06-03 01:49:58,956 - PendingVehiclesPanel - INFO - Successfully refreshed pending list with 0 items
2025-06-03 01:49:58,956 - TharuniApp - INFO - SAVE RECORD OPERATION COMPLETED SUCCESSFULLY WITH SMART TICKET FLOW
2025-06-03 01:49:58,956 - TharuniApp - INFO - ==================================================
2025-06-03 01:50:13,709 - PendingVehiclesPanel - INFO - Refreshing pending vehicles list
2025-06-03 01:50:13,711 - DataManager - INFO - Successfully loaded 10 records from data\Tharuni_Guntur_data.csv
2025-06-03 01:50:13,711 - PendingVehiclesPanel - INFO - Retrieved 10 total records
2025-06-03 01:50:13,728 - PendingVehiclesPanel - INFO - Found 0 pending records
2025-06-03 01:50:13,728 - PendingVehiclesPanel - INFO - Successfully refreshed pending list with 0 items
2025-06-03 01:50:13,729 - DataManager - INFO - Created new daily folder: data\reports\03-06
2025-06-03 01:51:13,742 - PendingVehiclesPanel - INFO - Refreshing pending vehicles list
2025-06-03 01:51:13,744 - DataManager - INFO - Successfully loaded 10 records from data\Tharuni_Guntur_data.csv
2025-06-03 01:51:13,746 - PendingVehiclesPanel - INFO - Retrieved 10 total records
2025-06-03 01:51:13,760 - PendingVehiclesPanel - INFO - Found 0 pending records
2025-06-03 01:51:13,760 - PendingVehiclesPanel - INFO - Successfully refreshed pending list with 0 items
2025-06-03 01:52:13,777 - PendingVehiclesPanel - INFO - Refreshing pending vehicles list
2025-06-03 01:52:13,787 - DataManager - INFO - Successfully loaded 10 records from data\Tharuni_Guntur_data.csv
2025-06-03 01:52:13,790 - PendingVehiclesPanel - INFO - Retrieved 10 total records
2025-06-03 01:52:13,876 - PendingVehiclesPanel - INFO - Found 0 pending records
2025-06-03 01:52:13,880 - PendingVehiclesPanel - INFO - Successfully refreshed pending list with 0 items
2025-06-03 01:53:13,894 - PendingVehiclesPanel - INFO - Refreshing pending vehicles list
2025-06-03 01:53:13,898 - DataManager - INFO - Successfully loaded 10 records from data\Tharuni_Guntur_data.csv
2025-06-03 01:53:13,902 - PendingVehiclesPanel - INFO - Retrieved 10 total records
2025-06-03 01:53:13,981 - PendingVehiclesPanel - INFO - Found 0 pending records
2025-06-03 01:53:13,984 - PendingVehiclesPanel - INFO - Successfully refreshed pending list with 0 items
2025-06-03 01:54:13,994 - PendingVehiclesPanel - INFO - Refreshing pending vehicles list
2025-06-03 01:54:14,000 - DataManager - INFO - Successfully loaded 10 records from data\Tharuni_Guntur_data.csv
2025-06-03 01:54:14,003 - PendingVehiclesPanel - INFO - Retrieved 10 total records
2025-06-03 01:54:14,087 - PendingVehiclesPanel - INFO - Found 0 pending records
2025-06-03 01:54:14,091 - PendingVehiclesPanel - INFO - Successfully refreshed pending list with 0 items
2025-06-03 01:55:14,102 - PendingVehiclesPanel - INFO - Refreshing pending vehicles list
2025-06-03 01:55:14,107 - DataManager - INFO - Successfully loaded 10 records from data\Tharuni_Guntur_data.csv
2025-06-03 01:55:14,110 - PendingVehiclesPanel - INFO - Retrieved 10 total records
2025-06-03 01:55:14,195 - PendingVehiclesPanel - INFO - Found 0 pending records
2025-06-03 01:55:14,200 - PendingVehiclesPanel - INFO - Successfully refreshed pending list with 0 items
2025-06-03 01:56:14,204 - PendingVehiclesPanel - INFO - Refreshing pending vehicles list
2025-06-03 01:56:14,208 - DataManager - INFO - Successfully loaded 10 records from data\Tharuni_Guntur_data.csv
2025-06-03 01:56:14,211 - PendingVehiclesPanel - INFO - Retrieved 10 total records
2025-06-03 01:56:14,299 - PendingVehiclesPanel - INFO - Found 0 pending records
2025-06-03 01:56:14,302 - PendingVehiclesPanel - INFO - Successfully refreshed pending list with 0 items
2025-06-03 01:57:14,307 - PendingVehiclesPanel - INFO - Refreshing pending vehicles list
2025-06-03 01:57:14,309 - DataManager - INFO - Successfully loaded 10 records from data\Tharuni_Guntur_data.csv
2025-06-03 01:57:14,311 - PendingVehiclesPanel - INFO - Retrieved 10 total records
2025-06-03 01:57:14,327 - PendingVehiclesPanel - INFO - Found 0 pending records
2025-06-03 01:57:14,327 - PendingVehiclesPanel - INFO - Successfully refreshed pending list with 0 items
2025-06-03 01:58:14,340 - PendingVehiclesPanel - INFO - Refreshing pending vehicles list
2025-06-03 01:58:14,342 - DataManager - INFO - Successfully loaded 10 records from data\Tharuni_Guntur_data.csv
2025-06-03 01:58:14,344 - PendingVehiclesPanel - INFO - Retrieved 10 total records
2025-06-03 01:58:14,389 - PendingVehiclesPanel - INFO - Found 0 pending records
2025-06-03 01:58:14,391 - PendingVehiclesPanel - INFO - Successfully refreshed pending list with 0 items
2025-06-03 02:25:45,347 - TharuniApp - INFO - ============================================================
2025-06-03 02:25:45,347 - TharuniApp - INFO - APPLICATION STARTUP
2025-06-03 02:25:45,348 - TharuniApp - INFO - ============================================================
2025-06-03 02:25:45,360 - TharuniApp - INFO - Configuration setup completed
2025-06-03 02:25:45,363 - DataManager - INFO - DataManager initialized with OFFLINE-FIRST approach + JSON local storage
2025-06-03 02:25:45,371 - DataManager - INFO - CSV structure is up to date
2025-06-03 02:25:45,372 - DataManager - INFO - Daily PDF folder structure ready:
2025-06-03 02:25:45,372 - DataManager - INFO -   Base reports folder: data\reports
2025-06-03 02:25:45,372 - DataManager - INFO -   Today's folder: data\reports\2025-06-03
2025-06-03 02:25:45,383 - DataManager - INFO - Data file: data\weighbridge_data.csv
2025-06-03 02:25:45,383 - DataManager - INFO - Reports folder: data\reports
2025-06-03 02:25:45,383 - DataManager - INFO - JSON backup folder: data\json_backups
2025-06-03 02:25:45,384 - DataManager - INFO - PDF folder: data\reports\2025-06-03
2025-06-03 02:25:45,384 - DataManager - INFO - Cloud storage will only be initialized when backup is requested
2025-06-03 02:25:45,384 - TharuniApp - INFO - Data manager initialized
2025-06-03 02:25:45,395 - TharuniApp - INFO - Settings storage initialized
2025-06-03 02:25:45,400 - TharuniApp - INFO - UI styles initialized
2025-06-03 02:25:45,400 - TharuniApp - INFO - Starting user authentication
2025-06-03 02:25:54,214 - TharuniApp - INFO - Authentication successful: admin
2025-06-03 02:25:54,214 - TharuniApp - INFO - User logged in: admin (Role: admin)
2025-06-03 02:25:54,214 - TharuniApp - INFO - Setting up data context
2025-06-03 02:25:54,215 - DataManager - INFO - CSV structure is up to date
2025-06-03 02:25:54,216 - DataManager - INFO - Data context set to: Agency='Tharuni', Site='Guntur'
2025-06-03 02:25:54,216 - DataManager - INFO - Data file: data\Tharuni_Guntur_data.csv
2025-06-03 02:25:54,216 - TharuniApp - INFO - Data context initialized: Agency='Tharuni', Site='Guntur'
2025-06-03 02:25:54,216 - TharuniApp - INFO - Data will be saved to: data\Tharuni_Guntur_data.csv
2025-06-03 02:25:54,216 - TharuniApp - INFO - PDFs will be saved to: data\reports\2025-06-03
2025-06-03 02:25:54,216 - TharuniApp - INFO - Creating application widgets
2025-06-03 02:25:54,217 - TharuniApp - ERROR - Error creating widgets: name 'title_box' is not defined
2025-06-03 02:25:54,217 - TharuniApp - ERROR - Critical error during application initialization: name 'title_box' is not defined
2025-06-03 02:28:54,531 - TharuniApp - INFO - ============================================================
2025-06-03 02:28:54,532 - TharuniApp - INFO - APPLICATION STARTUP
2025-06-03 02:28:54,532 - TharuniApp - INFO - ============================================================
2025-06-03 02:28:54,535 - TharuniApp - INFO - Configuration setup completed
2025-06-03 02:28:54,536 - DataManager - INFO - DataManager initialized with OFFLINE-FIRST approach + JSON local storage
2025-06-03 02:28:54,536 - DataManager - INFO - CSV structure is up to date
2025-06-03 02:28:54,537 - DataManager - INFO - Daily PDF folder structure ready:
2025-06-03 02:28:54,537 - DataManager - INFO -   Base reports folder: data\reports
2025-06-03 02:28:54,537 - DataManager - INFO -   Today's folder: data\reports\2025-06-03
2025-06-03 02:28:54,538 - DataManager - INFO - Data file: data\weighbridge_data.csv
2025-06-03 02:28:54,538 - DataManager - INFO - Reports folder: data\reports
2025-06-03 02:28:54,538 - DataManager - INFO - JSON backup folder: data\json_backups
2025-06-03 02:28:54,538 - DataManager - INFO - PDF folder: data\reports\2025-06-03
2025-06-03 02:28:54,539 - DataManager - INFO - Cloud storage will only be initialized when backup is requested
2025-06-03 02:28:54,539 - TharuniApp - INFO - Data manager initialized
2025-06-03 02:28:54,540 - TharuniApp - INFO - Settings storage initialized
2025-06-03 02:28:54,542 - TharuniApp - INFO - UI styles initialized
2025-06-03 02:28:54,542 - TharuniApp - INFO - Starting user authentication
2025-06-03 02:28:57,508 - TharuniApp - INFO - Authentication successful: admin
2025-06-03 02:28:57,509 - TharuniApp - INFO - User logged in: admin (Role: admin)
2025-06-03 02:28:57,509 - TharuniApp - INFO - Setting up data context
2025-06-03 02:28:57,511 - DataManager - INFO - CSV structure is up to date
2025-06-03 02:28:57,511 - DataManager - INFO - Data context set to: Agency='Tharuni', Site='Guntur'
2025-06-03 02:28:57,511 - DataManager - INFO - Data file: data\Tharuni_Guntur_data.csv
2025-06-03 02:28:57,511 - TharuniApp - INFO - Data context initialized: Agency='Tharuni', Site='Guntur'
2025-06-03 02:28:57,512 - TharuniApp - INFO - Data will be saved to: data\Tharuni_Guntur_data.csv
2025-06-03 02:28:57,512 - TharuniApp - INFO - PDFs will be saved to: data\reports\2025-06-03
2025-06-03 02:28:57,512 - TharuniApp - INFO - Creating application widgets
2025-06-03 02:28:57,524 - TharuniApp - INFO - Creating main panel
2025-06-03 02:28:57,533 - FormValidator - INFO - FormValidator initialized
2025-06-03 02:28:57,541 - DataManager - INFO - Successfully loaded 10 records from data\Tharuni_Guntur_data.csv
2025-06-03 02:28:58,203 - DataManager - INFO - Successfully loaded 10 records from data\Tharuni_Guntur_data.csv
2025-06-03 02:28:58,204 - TharuniApp - INFO - Main form created
2025-06-03 02:28:58,206 - DataManager - INFO - CSV structure is up to date
2025-06-03 02:28:58,206 - DataManager - INFO - Data context set to: Agency='Tharuni', Site='Guntur'
2025-06-03 02:28:58,206 - DataManager - INFO - Data file: data\Tharuni_Guntur_data.csv
2025-06-03 02:28:58,207 - DataManager - INFO - CSV structure is up to date
2025-06-03 02:28:58,207 - DataManager - INFO - Data context set to: Agency='Tharuni', Site='Guntur'
2025-06-03 02:28:58,207 - DataManager - INFO - Data file: data\Tharuni_Guntur_data.csv
2025-06-03 02:28:58,208 - DataManager - INFO - CSV structure is up to date
2025-06-03 02:28:58,208 - DataManager - INFO - Data context set to: Agency='Tharuni', Site='Guntur'
2025-06-03 02:28:58,208 - DataManager - INFO - Data file: data\Tharuni_Guntur_data.csv
2025-06-03 02:28:58,208 - PendingVehiclesPanel - INFO - PendingVehiclesPanel initialized
2025-06-03 02:28:58,217 - PendingVehiclesPanel - INFO - Refreshing pending vehicles list
2025-06-03 02:28:58,218 - DataManager - INFO - Successfully loaded 10 records from data\Tharuni_Guntur_data.csv
2025-06-03 02:28:58,218 - PendingVehiclesPanel - INFO - Retrieved 10 total records
2025-06-03 02:28:58,227 - PendingVehiclesPanel - INFO - Found 0 pending records
2025-06-03 02:28:58,228 - PendingVehiclesPanel - INFO - Successfully refreshed pending list with 0 items
2025-06-03 02:28:58,228 - TharuniApp - INFO - Pending vehicles panel created
2025-06-03 02:28:58,422 - TharuniApp - INFO - Main panel creation completed
2025-06-03 02:28:58,429 - TharuniApp - INFO - Summary panel created
2025-06-03 02:28:58,646 - TharuniApp - INFO - ✅ Data manager reference set in settings panel
2025-06-03 02:28:58,646 - TharuniApp - INFO - Widget creation completed successfully
2025-06-03 02:28:58,647 - PendingVehiclesPanel - INFO - Refreshing pending vehicles list
2025-06-03 02:28:58,648 - DataManager - INFO - Successfully loaded 10 records from data\Tharuni_Guntur_data.csv
2025-06-03 02:28:58,649 - PendingVehiclesPanel - INFO - Retrieved 10 total records
2025-06-03 02:28:58,659 - PendingVehiclesPanel - INFO - Found 0 pending records
2025-06-03 02:28:58,660 - PendingVehiclesPanel - INFO - Successfully refreshed pending list with 0 items
2025-06-03 02:28:58,660 - DataManager - INFO - Created new daily folder: data\reports\03-06
2025-06-03 02:28:58,663 - TharuniApp - INFO - Application initialization completed successfully
2025-06-03 02:28:59,660 - TharuniApp - INFO - Ensuring settings persistence...
2025-06-03 02:28:59,669 - TharuniApp - INFO - Settings persistence check completed
2025-06-03 02:29:58,673 - PendingVehiclesPanel - INFO - Refreshing pending vehicles list
2025-06-03 02:29:58,675 - DataManager - INFO - Successfully loaded 10 records from data\Tharuni_Guntur_data.csv
2025-06-03 02:29:58,677 - PendingVehiclesPanel - INFO - Retrieved 10 total records
2025-06-03 02:29:58,690 - PendingVehiclesPanel - INFO - Found 0 pending records
2025-06-03 02:29:58,691 - PendingVehiclesPanel - INFO - Successfully refreshed pending list with 0 items
2025-06-03 02:30:58,705 - PendingVehiclesPanel - INFO - Refreshing pending vehicles list
2025-06-03 02:30:58,708 - DataManager - INFO - Successfully loaded 10 records from data\Tharuni_Guntur_data.csv
2025-06-03 02:30:58,710 - PendingVehiclesPanel - INFO - Retrieved 10 total records
2025-06-03 02:30:58,739 - PendingVehiclesPanel - INFO - Found 0 pending records
2025-06-03 02:30:58,740 - PendingVehiclesPanel - INFO - Successfully refreshed pending list with 0 items
2025-06-03 02:31:58,743 - PendingVehiclesPanel - INFO - Refreshing pending vehicles list
2025-06-03 02:31:58,746 - DataManager - INFO - Successfully loaded 10 records from data\Tharuni_Guntur_data.csv
2025-06-03 02:31:58,747 - PendingVehiclesPanel - INFO - Retrieved 10 total records
2025-06-03 02:31:58,761 - PendingVehiclesPanel - INFO - Found 0 pending records
2025-06-03 02:31:58,761 - PendingVehiclesPanel - INFO - Successfully refreshed pending list with 0 items
2025-06-03 02:32:09,338 - DataManager - INFO - Successfully loaded 10 records from data\Tharuni_Guntur_data.csv
2025-06-03 02:32:09,366 - DataManager - INFO - Successfully loaded 10 records from data\Tharuni_Guntur_data.csv
2025-06-03 02:32:09,368 - DataManager - INFO - Successfully loaded 10 records from data\Tharuni_Guntur_data.csv
2025-06-03 02:32:10,549 - DataManager - INFO - Successfully loaded 10 records from data\Tharuni_Guntur_data.csv
2025-06-03 02:32:10,551 - DataManager - INFO - Successfully loaded 10 records from data\Tharuni_Guntur_data.csv
2025-06-03 02:32:12,349 - DataManager - INFO - Successfully loaded 10 records from data\Tharuni_Guntur_data.csv
2025-06-03 02:32:12,350 - DataManager - INFO - Successfully loaded 10 records from data\Tharuni_Guntur_data.csv
2025-06-03 02:32:28,439 - FormValidator - INFO - Vehicle validation passed: TS08EL0455
2025-06-03 02:32:30,126 - DataManager - INFO - Successfully loaded 10 records from data\Tharuni_Guntur_data.csv
2025-06-03 02:32:30,127 - DataManager - INFO - Successfully loaded 10 records from data\Tharuni_Guntur_data.csv
2025-06-03 02:32:34,108 - TharuniApp - INFO - ==================================================
2025-06-03 02:32:34,109 - TharuniApp - INFO - SAVE RECORD OPERATION STARTED WITH SMART TICKET FLOW
2025-06-03 02:32:34,109 - FormValidator - INFO - Starting comprehensive form validation
2025-06-03 02:32:34,110 - FormValidator - INFO - Validating basic fields
2025-06-03 02:32:34,110 - FormValidator - INFO - Field values: ticket='T0013', vehicle='TS08EL0455', agency='Tharuni'
2025-06-03 02:32:34,111 - FormValidator - INFO - Basic validation passed
2025-06-03 02:32:34,111 - FormValidator - INFO - Validating weighment data
2025-06-03 02:32:34,112 - FormValidator - INFO - Weighment data: first_weight='30980.00', first_timestamp='03-06-2025 02:32:11', second_weight='', second_timestamp=''
2025-06-03 02:32:34,113 - FormValidator - INFO - Weighment validation passed
2025-06-03 02:32:34,113 - FormValidator - INFO - Validating images for second weighment
2025-06-03 02:32:34,113 - FormValidator - INFO - Images validation for second: front=False, back=False
2025-06-03 02:32:35,196 - DataManager - INFO - Successfully loaded 10 records from data\Tharuni_Guntur_data.csv
2025-06-03 02:32:35,197 - DataManager - INFO - Successfully loaded 10 records from data\Tharuni_Guntur_data.csv
2025-06-03 02:32:35,200 - FormValidator - INFO - User chose to continue without images
2025-06-03 02:32:35,200 - FormValidator - INFO - Form validation passed successfully
2025-06-03 02:32:35,202 - TharuniApp - INFO - Saving record for ticket: T0013
2025-06-03 02:32:35,202 - DataManager - INFO - Successfully loaded 10 records from data\Tharuni_Guntur_data.csv
2025-06-03 02:32:35,203 - DataManager - INFO - Filtered 10 records to 0 using filter: 't0013'
2025-06-03 02:32:35,203 - TharuniApp - INFO - Adding new record: T0013
2025-06-03 02:32:35,203 - TharuniApp - INFO - Calling data_manager.save_record for T0013
2025-06-03 02:32:35,204 - DataManager - INFO - ==================================================
2025-06-03 02:32:35,204 - DataManager - INFO - STARTING OFFLINE-FIRST RECORD SAVE
2025-06-03 02:32:35,204 - DataManager - INFO - Input data keys: ['date', 'time', 'site_name', 'agency_name', 'material', 'ticket_no', 'vehicle_no', 'transfer_party_name', 'first_weight', 'first_timestamp', 'second_weight', 'second_timestamp', 'net_weight', 'material_type', 'first_front_image', 'first_back_image', 'second_front_image', 'second_back_image', 'site_incharge', 'user_name']
2025-06-03 02:32:35,205 - DataManager - INFO - Net weight cleared - incomplete weighments
2025-06-03 02:32:35,205 - DataManager - INFO - Using data file: data\Tharuni_Guntur_data.csv
2025-06-03 02:32:35,206 - DataManager - INFO - Successfully loaded 10 records from data\Tharuni_Guntur_data.csv
2025-06-03 02:32:35,206 - DataManager - INFO - Filtered 10 records to 0 using filter: 't0013'
2025-06-03 02:32:35,206 - DataManager - INFO - Adding new record: T0013
2025-06-03 02:32:35,207 - DataManager - INFO - Adding new record to CSV
2025-06-03 02:32:35,207 - DataManager - INFO - Record data: ['03-06-2025', '02:32:35', 'Guntur', 'Tharuni', 'Inert', 'T0013', 'TS08EL0455', 'Jindal', '30980.00', '03-06-2025 02:32:11', '', '', '', 'Inert', 'Guntur_TS08EL0455_20250603_023228_1st_front.jpg', '', '', '', '', 'admin']
2025-06-03 02:32:35,208 - DataManager - INFO - ✅ New record added to data\Tharuni_Guntur_data.csv
2025-06-03 02:32:35,209 - DataManager - INFO - ✅ Record T0013 saved to local CSV successfully
2025-06-03 02:32:35,209 - DataManager - INFO - Weighment analysis:
2025-06-03 02:32:35,209 - DataManager - INFO -   - Has first weighment: True
2025-06-03 02:32:35,209 - DataManager - INFO -   - Has second weighment: False
2025-06-03 02:32:35,210 - DataManager - INFO -   - Is first weighment save: True
2025-06-03 02:32:35,210 - DataManager - INFO -   - Is complete record: False
2025-06-03 02:32:35,210 - DataManager - INFO -   - Is update: False
2025-06-03 02:32:35,210 - DataManager - INFO - ✅ OFFLINE-FIRST SAVE COMPLETED - Local CSV, JSON backup, and PDF generated
2025-06-03 02:32:35,211 - DataManager - INFO - 💡 Cloud backup available via Settings > Cloud Storage > Backup
2025-06-03 02:32:35,211 - DataManager - INFO - ==================================================
2025-06-03 02:32:35,211 - TharuniApp - INFO - ✅ Record T0013 saved successfully
2025-06-03 02:32:36,510 - DataManager - INFO - Successfully loaded 11 records from data\Tharuni_Guntur_data.csv
2025-06-03 02:32:36,511 - DataManager - INFO - Successfully loaded 11 records from data\Tharuni_Guntur_data.csv
2025-06-03 02:32:36,519 - DataManager - INFO - Successfully loaded 11 records from data\Tharuni_Guntur_data.csv
2025-06-03 02:32:36,519 - DataManager - INFO - Returning all 11 records (no filter)
2025-06-03 02:32:36,520 - PendingVehiclesPanel - INFO - Refreshing pending vehicles list
2025-06-03 02:32:36,521 - DataManager - INFO - Successfully loaded 11 records from data\Tharuni_Guntur_data.csv
2025-06-03 02:32:36,521 - PendingVehiclesPanel - INFO - Retrieved 11 total records
2025-06-03 02:32:36,537 - PendingVehiclesPanel - INFO - Added to pending: T0013
2025-06-03 02:32:36,537 - PendingVehiclesPanel - INFO - Found 1 pending records
2025-06-03 02:32:36,538 - PendingVehiclesPanel - INFO - Successfully refreshed pending list with 1 items
2025-06-03 02:32:36,539 - TharuniApp - INFO - SAVE RECORD OPERATION COMPLETED SUCCESSFULLY WITH SMART TICKET FLOW
2025-06-03 02:32:36,539 - TharuniApp - INFO - ==================================================
2025-06-03 02:32:39,233 - DataManager - INFO - Successfully loaded 11 records from data\Tharuni_Guntur_data.csv
2025-06-03 02:32:40,219 - DataManager - INFO - Successfully loaded 11 records from data\Tharuni_Guntur_data.csv
2025-06-03 02:32:40,221 - DataManager - INFO - Successfully loaded 11 records from data\Tharuni_Guntur_data.csv
2025-06-03 02:32:43,173 - DataManager - INFO - CSV structure is up to date
2025-06-03 02:32:43,174 - DataManager - INFO - Data context set to: Agency='Tharuni', Site='Guntur'
2025-06-03 02:32:43,175 - DataManager - INFO - Data file: data\Tharuni_Guntur_data.csv
2025-06-03 02:32:53,690 - TharuniApp - INFO - ==================================================
2025-06-03 02:32:53,691 - TharuniApp - INFO - SAVE RECORD OPERATION STARTED WITH SMART TICKET FLOW
2025-06-03 02:32:53,692 - FormValidator - INFO - Starting comprehensive form validation
2025-06-03 02:32:53,692 - FormValidator - INFO - Validating basic fields
2025-06-03 02:32:53,693 - FormValidator - INFO - Field values: ticket='T0014', vehicle='AP01JA0101', agency='Tharuni'
2025-06-03 02:32:53,693 - FormValidator - INFO - Basic validation passed
2025-06-03 02:32:53,694 - FormValidator - INFO - Validating weighment data
2025-06-03 02:32:53,694 - FormValidator - INFO - Weighment data: first_weight='39650.00', first_timestamp='03-06-2025 02:32:43', second_weight='14760.00', second_timestamp='03-06-2025 02:32:45'
2025-06-03 02:32:53,695 - FormValidator - INFO - Weighment validation passed
2025-06-03 02:32:53,695 - FormValidator - INFO - Validating images for second weighment
2025-06-03 02:32:53,696 - FormValidator - INFO - Images validation for second: front=False, back=False
2025-06-03 02:32:54,859 - FormValidator - INFO - User chose to continue without images
2025-06-03 02:32:54,860 - FormValidator - INFO - Form validation passed successfully
2025-06-03 02:32:54,861 - TharuniApp - INFO - Saving record for ticket: T0014
2025-06-03 02:32:54,863 - DataManager - INFO - Successfully loaded 11 records from data\Tharuni_Guntur_data.csv
2025-06-03 02:32:54,863 - DataManager - INFO - Filtered 11 records to 0 using filter: 't0014'
2025-06-03 02:32:54,864 - TharuniApp - INFO - Adding new record: T0014
2025-06-03 02:32:54,864 - TharuniApp - INFO - Calling data_manager.save_record for T0014
2025-06-03 02:32:54,864 - DataManager - INFO - ==================================================
2025-06-03 02:32:54,865 - DataManager - INFO - STARTING OFFLINE-FIRST RECORD SAVE
2025-06-03 02:32:54,865 - DataManager - INFO - Input data keys: ['date', 'time', 'site_name', 'agency_name', 'material', 'ticket_no', 'vehicle_no', 'transfer_party_name', 'first_weight', 'first_timestamp', 'second_weight', 'second_timestamp', 'net_weight', 'material_type', 'first_front_image', 'first_back_image', 'second_front_image', 'second_back_image', 'site_incharge', 'user_name']
2025-06-03 02:32:54,866 - DataManager - INFO - Net weight calculated: 39650.0 - 14760.0 = 24890.00
2025-06-03 02:32:54,866 - DataManager - INFO - Using data file: data\Tharuni_Guntur_data.csv
2025-06-03 02:32:54,867 - DataManager - INFO - Successfully loaded 11 records from data\Tharuni_Guntur_data.csv
2025-06-03 02:32:54,867 - DataManager - INFO - Filtered 11 records to 0 using filter: 't0014'
2025-06-03 02:32:54,867 - DataManager - INFO - Adding new record: T0014
2025-06-03 02:32:54,868 - DataManager - INFO - Adding new record to CSV
2025-06-03 02:32:54,868 - DataManager - INFO - Record data: ['03-06-2025', '02:32:54', 'Guntur', 'Tharuni', 'Inert', 'T0014', 'AP01JA0101', 'Jindal', '39650.00', '03-06-2025 02:32:43', '14760.00', '03-06-2025 02:32:45', '24890.00', 'Inert', '', '', '', '', '', 'admin']
2025-06-03 02:32:54,869 - DataManager - INFO - ✅ New record added to data\Tharuni_Guntur_data.csv
2025-06-03 02:32:54,870 - DataManager - INFO - ✅ Record T0014 saved to local CSV successfully
2025-06-03 02:32:54,870 - DataManager - INFO - Weighment analysis:
2025-06-03 02:32:54,870 - DataManager - INFO -   - Has first weighment: True
2025-06-03 02:32:54,871 - DataManager - INFO -   - Has second weighment: True
2025-06-03 02:32:54,871 - DataManager - INFO -   - Is first weighment save: False
2025-06-03 02:32:54,871 - DataManager - INFO -   - Is complete record: True
2025-06-03 02:32:54,871 - DataManager - INFO -   - Is update: False
2025-06-03 02:32:54,872 - DataManager - INFO - Complete record detected - saving JSON backup locally...
2025-06-03 02:32:54,872 - DataManager - INFO - Created new daily JSON folder: data\json_backups\2025-06-03
2025-06-03 02:32:54,874 - DataManager - INFO - ✅ JSON backup saved: data\json_backups\2025-06-03\T0014_Tharuni_Guntur_023254.json
2025-06-03 02:32:54,875 - DataManager - INFO - ✅ JSON backup saved locally for T0014
2025-06-03 02:32:54,875 - DataManager - INFO - Complete record detected for ticket T0014 - generating PDF locally...
2025-06-03 02:32:54,877 - DataManager - INFO - Today's reports folder ensured: data\reports\2025-06-03
2025-06-03 02:32:54,877 - DataManager - INFO - Reports will be saved to: data\reports\2025-06-03
2025-06-03 02:32:54,878 - DataManager - INFO - Today's reports folder ensured: data\reports\2025-06-03
2025-06-03 02:32:54,881 - DataManager - INFO - SIMPLE TEST - Net display: '24890.00 kg'
2025-06-03 02:32:54,882 - DataManager - INFO - Building PDF document: data\reports\2025-06-03\Tharuni_Guntur_T0014_AP01JA0101_023254.pdf
2025-06-03 02:32:54,895 - DataManager - INFO - PDF created successfully: data\reports\2025-06-03\Tharuni_Guntur_T0014_AP01JA0101_023254.pdf (2964 bytes)
2025-06-03 02:32:54,896 - DataManager - INFO - Auto-generated PDF: data\reports\2025-06-03\Tharuni_Guntur_T0014_AP01JA0101_023254.pdf
2025-06-03 02:32:54,896 - DataManager - INFO - PDF saved to today's reports folder: data\reports\2025-06-03
2025-06-03 02:32:54,897 - DataManager - INFO - ✅ PDF auto-generated locally: data\reports\2025-06-03\Tharuni_Guntur_T0014_AP01JA0101_023254.pdf
2025-06-03 02:32:54,897 - DataManager - INFO - ✅ OFFLINE-FIRST SAVE COMPLETED - Local CSV, JSON backup, and PDF generated
2025-06-03 02:32:54,898 - DataManager - INFO - 📂 PDF saved to today's reports folder: data\reports\2025-06-03
2025-06-03 02:32:54,898 - DataManager - INFO - 💡 Cloud backup available via Settings > Cloud Storage > Backup
2025-06-03 02:32:54,898 - DataManager - INFO - ==================================================
2025-06-03 02:32:54,898 - TharuniApp - INFO - ✅ Record T0014 saved successfully
2025-06-03 02:32:55,597 - DataManager - INFO - Cloud storage initialized on demand
2025-06-03 02:32:55,597 - DataManager - ERROR - Failed to save record T0014 to cloud
2025-06-03 02:32:56,961 - DataManager - INFO - Successfully loaded 12 records from data\Tharuni_Guntur_data.csv
2025-06-03 02:32:56,962 - DataManager - INFO - Returning all 12 records (no filter)
2025-06-03 02:32:56,963 - PendingVehiclesPanel - INFO - Refreshing pending vehicles list
2025-06-03 02:32:56,964 - DataManager - INFO - Successfully loaded 12 records from data\Tharuni_Guntur_data.csv
2025-06-03 02:32:56,965 - PendingVehiclesPanel - INFO - Retrieved 12 total records
2025-06-03 02:32:56,973 - PendingVehiclesPanel - INFO - Added to pending: T0013
2025-06-03 02:32:56,975 - PendingVehiclesPanel - INFO - Found 1 pending records
2025-06-03 02:32:56,976 - PendingVehiclesPanel - INFO - Successfully refreshed pending list with 1 items
2025-06-03 02:32:56,977 - TharuniApp - INFO - SAVE RECORD OPERATION COMPLETED SUCCESSFULLY WITH SMART TICKET FLOW
2025-06-03 02:32:56,978 - TharuniApp - INFO - ==================================================
2025-06-03 02:32:58,776 - PendingVehiclesPanel - INFO - Refreshing pending vehicles list
2025-06-03 02:32:58,777 - DataManager - INFO - Successfully loaded 12 records from data\Tharuni_Guntur_data.csv
2025-06-03 02:32:58,778 - PendingVehiclesPanel - INFO - Retrieved 12 total records
2025-06-03 02:32:58,789 - PendingVehiclesPanel - INFO - Added to pending: T0013
2025-06-03 02:32:58,790 - PendingVehiclesPanel - INFO - Found 1 pending records
2025-06-03 02:32:58,791 - PendingVehiclesPanel - INFO - Successfully refreshed pending list with 1 items
2025-06-03 02:32:58,792 - DataManager - INFO - Created new daily folder: data\reports\03-06
2025-06-03 02:33:00,453 - PendingVehiclesPanel - INFO - Double-clicked on ticket: T0013
2025-06-03 02:33:00,454 - TharuniApp - INFO - Loading pending vehicle: T0013
2025-06-03 02:33:00,456 - DataManager - INFO - Successfully loaded 12 records from data\Tharuni_Guntur_data.csv
2025-06-03 02:33:00,457 - DataManager - INFO - Filtered 12 records to 1 using filter: 't0013'
2025-06-03 02:33:00,460 - DataManager - INFO - CSV structure is up to date
2025-06-03 02:33:00,462 - DataManager - INFO - Data context set to: Agency='Tharuni', Site='Guntur'
2025-06-03 02:33:00,463 - DataManager - INFO - Data file: data\Tharuni_Guntur_data.csv
2025-06-03 02:33:00,467 - TharuniApp - INFO - Successfully loaded pending ticket: T0013
2025-06-03 02:33:12,378 - TharuniApp - INFO - ==================================================
2025-06-03 02:33:12,379 - TharuniApp - INFO - SAVE RECORD OPERATION STARTED WITH SMART TICKET FLOW
2025-06-03 02:33:12,379 - FormValidator - INFO - Starting comprehensive form validation
2025-06-03 02:33:12,380 - FormValidator - INFO - Validating basic fields
2025-06-03 02:33:12,380 - FormValidator - INFO - Field values: ticket='T0013', vehicle='TS08EL0455', agency='Tharuni'
2025-06-03 02:33:12,381 - FormValidator - INFO - Basic validation passed
2025-06-03 02:33:12,381 - FormValidator - INFO - Validating weighment data
2025-06-03 02:33:12,382 - FormValidator - INFO - Weighment data: first_weight='30980.00', first_timestamp='03-06-2025 02:32:11', second_weight='5630.00', second_timestamp='03-06-2025 02:33:09'
2025-06-03 02:33:12,382 - FormValidator - INFO - Weighment validation passed
2025-06-03 02:33:12,383 - FormValidator - INFO - Validating images for second weighment
2025-06-03 02:33:12,383 - FormValidator - INFO - Images validation for second: front=False, back=False
2025-06-03 02:33:13,295 - FormValidator - INFO - User chose to continue without images
2025-06-03 02:33:13,295 - FormValidator - INFO - Form validation passed successfully
2025-06-03 02:33:13,296 - TharuniApp - INFO - Saving record for ticket: T0013
2025-06-03 02:33:13,297 - DataManager - INFO - Successfully loaded 12 records from data\Tharuni_Guntur_data.csv
2025-06-03 02:33:13,297 - DataManager - INFO - Filtered 12 records to 1 using filter: 't0013'
2025-06-03 02:33:13,297 - TharuniApp - INFO - Updating existing record: T0013
2025-06-03 02:33:13,297 - TharuniApp - INFO - Calling data_manager.save_record for T0013
2025-06-03 02:33:13,298 - DataManager - INFO - ==================================================
2025-06-03 02:33:13,298 - DataManager - INFO - STARTING OFFLINE-FIRST RECORD SAVE
2025-06-03 02:33:13,298 - DataManager - INFO - Input data keys: ['date', 'time', 'site_name', 'agency_name', 'material', 'ticket_no', 'vehicle_no', 'transfer_party_name', 'first_weight', 'first_timestamp', 'second_weight', 'second_timestamp', 'net_weight', 'material_type', 'first_front_image', 'first_back_image', 'second_front_image', 'second_back_image', 'site_incharge', 'user_name']
2025-06-03 02:33:13,298 - DataManager - INFO - Net weight calculated: 30980.0 - 5630.0 = 25350.00
2025-06-03 02:33:13,298 - DataManager - INFO - Using data file: data\Tharuni_Guntur_data.csv
2025-06-03 02:33:13,299 - DataManager - INFO - Successfully loaded 12 records from data\Tharuni_Guntur_data.csv
2025-06-03 02:33:13,299 - DataManager - INFO - Filtered 12 records to 1 using filter: 't0013'
2025-06-03 02:33:13,299 - DataManager - INFO - Updating existing record: T0013
2025-06-03 02:33:13,299 - DataManager - INFO - Updating record T0013 in data\Tharuni_Guntur_data.csv
2025-06-03 02:33:13,300 - DataManager - INFO - Read 12 records from CSV
2025-06-03 02:33:13,300 - DataManager - INFO - Found record to update at index 10
2025-06-03 02:33:13,300 - DataManager - INFO - Updated record data: ['03-06-2025', '02:33:13', 'Guntur', 'Tharuni', 'Inert', 'T0013', 'TS08EL0455', 'Jindal', '30980.00', '03-06-2025 02:32:11', '5630.00', '03-06-2025 02:33:09', '25350.00', 'Inert', 'Guntur_TS08EL0455_20250603_023228_1st_front.jpg', '', '', '', '', 'admin']
2025-06-03 02:33:13,306 - DataManager - INFO - ✅ Record T0013 updated in data\Tharuni_Guntur_data.csv
2025-06-03 02:33:13,307 - DataManager - INFO - ✅ Record T0013 saved to local CSV successfully
2025-06-03 02:33:13,307 - DataManager - INFO - Weighment analysis:
2025-06-03 02:33:13,307 - DataManager - INFO -   - Has first weighment: True
2025-06-03 02:33:13,308 - DataManager - INFO -   - Has second weighment: True
2025-06-03 02:33:13,308 - DataManager - INFO -   - Is first weighment save: False
2025-06-03 02:33:13,308 - DataManager - INFO -   - Is complete record: True
2025-06-03 02:33:13,309 - DataManager - INFO -   - Is update: True
2025-06-03 02:33:13,309 - DataManager - INFO - Complete record detected - saving JSON backup locally...
2025-06-03 02:33:13,309 - DataManager - INFO - Created new daily JSON folder: data\json_backups\2025-06-03
2025-06-03 02:33:13,310 - DataManager - INFO - ✅ JSON backup saved: data\json_backups\2025-06-03\T0013_Tharuni_Guntur_023313.json
2025-06-03 02:33:13,311 - DataManager - INFO - ✅ JSON backup saved locally for T0013
2025-06-03 02:33:13,311 - DataManager - INFO - Complete record detected for ticket T0013 - generating PDF locally...
2025-06-03 02:33:13,312 - DataManager - INFO - Today's reports folder ensured: data\reports\2025-06-03
2025-06-03 02:33:13,312 - DataManager - INFO - Reports will be saved to: data\reports\2025-06-03
2025-06-03 02:33:13,312 - DataManager - INFO - Today's reports folder ensured: data\reports\2025-06-03
2025-06-03 02:33:13,315 - DataManager - INFO - SIMPLE TEST - Net display: '25350.00 kg'
2025-06-03 02:33:13,334 - DataManager - WARNING - Watermark error: cannot access local variable 'site' where it is not associated with a value, using image without watermark
2025-06-03 02:33:13,346 - DataManager - INFO - Building PDF document: data\reports\2025-06-03\Tharuni_Guntur_T0013_TS08EL0455_023313.pdf
2025-06-03 02:33:13,372 - DataManager - INFO - PDF created successfully: data\reports\2025-06-03\Tharuni_Guntur_T0013_TS08EL0455_023313.pdf (54644 bytes)
2025-06-03 02:33:13,372 - DataManager - INFO - Auto-generated PDF: data\reports\2025-06-03\Tharuni_Guntur_T0013_TS08EL0455_023313.pdf
2025-06-03 02:33:13,373 - DataManager - INFO - PDF saved to today's reports folder: data\reports\2025-06-03
2025-06-03 02:33:13,373 - DataManager - INFO - ✅ PDF auto-generated locally: data\reports\2025-06-03\Tharuni_Guntur_T0013_TS08EL0455_023313.pdf
2025-06-03 02:33:13,374 - DataManager - INFO - ✅ OFFLINE-FIRST SAVE COMPLETED - Local CSV, JSON backup, and PDF generated
2025-06-03 02:33:13,374 - DataManager - INFO - 📂 PDF saved to today's reports folder: data\reports\2025-06-03
2025-06-03 02:33:13,374 - DataManager - INFO - 💡 Cloud backup available via Settings > Cloud Storage > Backup
2025-06-03 02:33:13,375 - DataManager - INFO - ==================================================
2025-06-03 02:33:13,375 - TharuniApp - INFO - ✅ Record T0013 saved successfully
2025-06-03 02:33:13,379 - DataManager - ERROR - Failed to save record T0014 to cloud
2025-06-03 02:33:13,380 - DataManager - ERROR - Failed to save record T0013 to cloud
2025-06-03 02:33:13,380 - TharuniApp - INFO - Removing T0013 from pending vehicles list
2025-06-03 02:33:13,380 - PendingVehiclesPanel - INFO - Attempting to remove ticket T0013 from pending list
2025-06-03 02:33:13,381 - PendingVehiclesPanel - INFO - Removed ticket T0013 from pending list
2025-06-03 02:33:14,744 - DataManager - INFO - Successfully loaded 12 records from data\Tharuni_Guntur_data.csv
2025-06-03 02:33:14,744 - DataManager - INFO - Returning all 12 records (no filter)
2025-06-03 02:33:14,745 - PendingVehiclesPanel - INFO - Refreshing pending vehicles list
2025-06-03 02:33:14,746 - DataManager - INFO - Successfully loaded 12 records from data\Tharuni_Guntur_data.csv
2025-06-03 02:33:14,746 - PendingVehiclesPanel - INFO - Retrieved 12 total records
2025-06-03 02:33:14,756 - PendingVehiclesPanel - INFO - Found 0 pending records
2025-06-03 02:33:14,757 - PendingVehiclesPanel - INFO - Successfully refreshed pending list with 0 items
2025-06-03 02:33:14,757 - TharuniApp - INFO - SAVE RECORD OPERATION COMPLETED SUCCESSFULLY WITH SMART TICKET FLOW
2025-06-03 02:33:14,757 - TharuniApp - INFO - ==================================================
2025-06-03 02:33:58,805 - PendingVehiclesPanel - INFO - Refreshing pending vehicles list
2025-06-03 02:33:58,808 - DataManager - INFO - Successfully loaded 12 records from data\Tharuni_Guntur_data.csv
2025-06-03 02:33:58,809 - PendingVehiclesPanel - INFO - Retrieved 12 total records
2025-06-03 02:33:58,825 - PendingVehiclesPanel - INFO - Found 0 pending records
2025-06-03 02:33:58,825 - PendingVehiclesPanel - INFO - Successfully refreshed pending list with 0 items
2025-06-03 02:33:58,825 - DataManager - INFO - Created new daily folder: data\reports\03-06
2025-06-03 02:34:58,827 - PendingVehiclesPanel - INFO - Refreshing pending vehicles list
2025-06-03 02:34:58,827 - DataManager - INFO - Successfully loaded 12 records from data\Tharuni_Guntur_data.csv
2025-06-03 02:34:58,828 - PendingVehiclesPanel - INFO - Retrieved 12 total records
2025-06-03 02:34:58,837 - PendingVehiclesPanel - INFO - Found 0 pending records
2025-06-03 02:34:58,837 - PendingVehiclesPanel - INFO - Successfully refreshed pending list with 0 items
2025-06-03 02:35:58,851 - PendingVehiclesPanel - INFO - Refreshing pending vehicles list
2025-06-03 02:35:58,852 - DataManager - INFO - Successfully loaded 12 records from data\Tharuni_Guntur_data.csv
2025-06-03 02:35:58,853 - PendingVehiclesPanel - INFO - Retrieved 12 total records
2025-06-03 02:35:58,862 - PendingVehiclesPanel - INFO - Found 0 pending records
2025-06-03 02:35:58,862 - PendingVehiclesPanel - INFO - Successfully refreshed pending list with 0 items
2025-06-03 02:36:25,613 - DataManager - INFO - Found 82 JSON backup files for bulk upload
2025-06-03 02:36:26,384 - DataManager - INFO - Successfully loaded 12 records from data\Tharuni_Guntur_data.csv
2025-06-03 02:36:58,870 - PendingVehiclesPanel - INFO - Refreshing pending vehicles list
2025-06-03 02:36:58,871 - DataManager - INFO - Successfully loaded 12 records from data\Tharuni_Guntur_data.csv
2025-06-03 02:36:58,872 - PendingVehiclesPanel - INFO - Retrieved 12 total records
2025-06-03 02:36:58,882 - PendingVehiclesPanel - INFO - Found 0 pending records
2025-06-03 02:36:58,883 - PendingVehiclesPanel - INFO - Successfully refreshed pending list with 0 items
2025-06-03 02:37:12,827 - DataManager - INFO - Found 82 JSON backup files for bulk upload
2025-06-03 02:37:39,306 - DataManager - ERROR - Failed to save record T0014 to cloud
2025-06-03 02:37:39,307 - DataManager - ERROR - Failed to save record T0013 to cloud
2025-06-03 02:37:47,772 - DataManager - INFO - Found 82 JSON backup files for bulk upload
2025-06-03 02:37:58,883 - PendingVehiclesPanel - INFO - Refreshing pending vehicles list
2025-06-03 02:37:58,884 - DataManager - INFO - Successfully loaded 12 records from data\Tharuni_Guntur_data.csv
2025-06-03 02:37:58,885 - PendingVehiclesPanel - INFO - Retrieved 12 total records
2025-06-03 02:37:58,893 - PendingVehiclesPanel - INFO - Found 0 pending records
2025-06-03 02:37:58,894 - PendingVehiclesPanel - INFO - Successfully refreshed pending list with 0 items
2025-06-03 02:38:58,905 - PendingVehiclesPanel - INFO - Refreshing pending vehicles list
2025-06-03 02:38:58,906 - DataManager - INFO - Successfully loaded 12 records from data\Tharuni_Guntur_data.csv
2025-06-03 02:38:58,907 - PendingVehiclesPanel - INFO - Retrieved 12 total records
2025-06-03 02:38:58,916 - PendingVehiclesPanel - INFO - Found 0 pending records
2025-06-03 02:38:58,917 - PendingVehiclesPanel - INFO - Successfully refreshed pending list with 0 items
2025-06-03 02:39:58,925 - PendingVehiclesPanel - INFO - Refreshing pending vehicles list
2025-06-03 02:39:58,927 - DataManager - INFO - Successfully loaded 12 records from data\Tharuni_Guntur_data.csv
2025-06-03 02:39:58,929 - PendingVehiclesPanel - INFO - Retrieved 12 total records
2025-06-03 02:39:58,949 - PendingVehiclesPanel - INFO - Found 0 pending records
2025-06-03 02:39:58,949 - PendingVehiclesPanel - INFO - Successfully refreshed pending list with 0 items
2025-06-03 02:40:58,960 - PendingVehiclesPanel - INFO - Refreshing pending vehicles list
2025-06-03 02:40:58,962 - DataManager - INFO - Successfully loaded 12 records from data\Tharuni_Guntur_data.csv
2025-06-03 02:40:58,964 - PendingVehiclesPanel - INFO - Retrieved 12 total records
2025-06-03 02:40:58,981 - PendingVehiclesPanel - INFO - Found 0 pending records
2025-06-03 02:40:58,982 - PendingVehiclesPanel - INFO - Successfully refreshed pending list with 0 items
2025-06-03 02:41:58,983 - PendingVehiclesPanel - INFO - Refreshing pending vehicles list
2025-06-03 02:41:58,986 - DataManager - INFO - Successfully loaded 12 records from data\Tharuni_Guntur_data.csv
2025-06-03 02:41:58,987 - PendingVehiclesPanel - INFO - Retrieved 12 total records
2025-06-03 02:41:59,010 - PendingVehiclesPanel - INFO - Found 0 pending records
2025-06-03 02:41:59,011 - PendingVehiclesPanel - INFO - Successfully refreshed pending list with 0 items
2025-06-03 02:42:44,847 - DataManager - ERROR - Failed to save record T0014 to cloud
2025-06-03 02:42:44,847 - DataManager - ERROR - Failed to save record T0013 to cloud
2025-06-03 02:42:59,011 - PendingVehiclesPanel - INFO - Refreshing pending vehicles list
2025-06-03 02:42:59,012 - DataManager - INFO - Successfully loaded 12 records from data\Tharuni_Guntur_data.csv
2025-06-03 02:42:59,013 - PendingVehiclesPanel - INFO - Retrieved 12 total records
2025-06-03 02:42:59,026 - PendingVehiclesPanel - INFO - Found 0 pending records
2025-06-03 02:42:59,027 - PendingVehiclesPanel - INFO - Successfully refreshed pending list with 0 items
2025-06-03 02:43:59,028 - PendingVehiclesPanel - INFO - Refreshing pending vehicles list
2025-06-03 02:43:59,029 - DataManager - INFO - Successfully loaded 12 records from data\Tharuni_Guntur_data.csv
2025-06-03 02:43:59,030 - PendingVehiclesPanel - INFO - Retrieved 12 total records
2025-06-03 02:43:59,040 - PendingVehiclesPanel - INFO - Found 0 pending records
2025-06-03 02:43:59,041 - PendingVehiclesPanel - INFO - Successfully refreshed pending list with 0 items
2025-06-03 02:44:14,870 - TharuniApp - INFO - ============================================================
2025-06-03 02:44:14,871 - TharuniApp - INFO - APPLICATION STARTUP
2025-06-03 02:44:14,871 - TharuniApp - INFO - ============================================================
2025-06-03 02:44:14,875 - TharuniApp - INFO - Configuration setup completed
2025-06-03 02:44:14,876 - DataManager - INFO - DataManager initialized with OFFLINE-FIRST approach + JSON local storage
2025-06-03 02:44:14,877 - DataManager - INFO - CSV structure is up to date
2025-06-03 02:44:14,877 - DataManager - INFO - Daily PDF folder structure ready:
2025-06-03 02:44:14,878 - DataManager - INFO -   Base reports folder: data\reports
2025-06-03 02:44:14,878 - DataManager - INFO -   Today's folder: data\reports\2025-06-03
2025-06-03 02:44:14,878 - DataManager - INFO - Data file: data\weighbridge_data.csv
2025-06-03 02:44:14,879 - DataManager - INFO - Reports folder: data\reports
2025-06-03 02:44:14,879 - DataManager - INFO - JSON backup folder: data\json_backups
2025-06-03 02:44:14,879 - DataManager - INFO - PDF folder: data\reports\2025-06-03
2025-06-03 02:44:14,879 - DataManager - INFO - Cloud storage will only be initialized when backup is requested
2025-06-03 02:44:14,879 - TharuniApp - INFO - Data manager initialized
2025-06-03 02:44:14,881 - TharuniApp - INFO - Settings storage initialized
2025-06-03 02:44:14,884 - TharuniApp - INFO - UI styles initialized
2025-06-03 02:44:14,884 - TharuniApp - INFO - Starting user authentication
2025-06-03 02:44:17,755 - TharuniApp - INFO - Authentication successful: admin
2025-06-03 02:44:17,755 - TharuniApp - INFO - User logged in: admin (Role: admin)
2025-06-03 02:44:17,755 - TharuniApp - INFO - Setting up data context
2025-06-03 02:44:17,756 - DataManager - INFO - CSV structure is up to date
2025-06-03 02:44:17,757 - DataManager - INFO - Data context set to: Agency='Tharuni', Site='Guntur'
2025-06-03 02:44:17,757 - DataManager - INFO - Data file: data\Tharuni_Guntur_data.csv
2025-06-03 02:44:17,757 - TharuniApp - INFO - Data context initialized: Agency='Tharuni', Site='Guntur'
2025-06-03 02:44:17,757 - TharuniApp - INFO - Data will be saved to: data\Tharuni_Guntur_data.csv
2025-06-03 02:44:17,757 - TharuniApp - INFO - PDFs will be saved to: data\reports\2025-06-03
2025-06-03 02:44:17,758 - TharuniApp - INFO - Creating application widgets
2025-06-03 02:44:17,765 - TharuniApp - INFO - Creating main panel
2025-06-03 02:44:17,770 - FormValidator - INFO - FormValidator initialized
2025-06-03 02:44:17,781 - DataManager - INFO - Successfully loaded 12 records from data\Tharuni_Guntur_data.csv
2025-06-03 02:44:18,375 - DataManager - INFO - Successfully loaded 12 records from data\Tharuni_Guntur_data.csv
2025-06-03 02:44:18,375 - TharuniApp - INFO - Main form created
2025-06-03 02:44:18,377 - DataManager - INFO - CSV structure is up to date
2025-06-03 02:44:18,377 - DataManager - INFO - Data context set to: Agency='Tharuni', Site='Guntur'
2025-06-03 02:44:18,377 - DataManager - INFO - Data file: data\Tharuni_Guntur_data.csv
2025-06-03 02:44:18,378 - DataManager - INFO - CSV structure is up to date
2025-06-03 02:44:18,378 - DataManager - INFO - Data context set to: Agency='Tharuni', Site='Guntur'
2025-06-03 02:44:18,378 - DataManager - INFO - Data file: data\Tharuni_Guntur_data.csv
2025-06-03 02:44:18,379 - DataManager - INFO - CSV structure is up to date
2025-06-03 02:44:18,379 - DataManager - INFO - Data context set to: Agency='Tharuni', Site='Guntur'
2025-06-03 02:44:18,379 - DataManager - INFO - Data file: data\Tharuni_Guntur_data.csv
2025-06-03 02:44:18,380 - PendingVehiclesPanel - INFO - PendingVehiclesPanel initialized
2025-06-03 02:44:18,386 - PendingVehiclesPanel - INFO - Refreshing pending vehicles list
2025-06-03 02:44:18,386 - DataManager - INFO - Successfully loaded 12 records from data\Tharuni_Guntur_data.csv
2025-06-03 02:44:18,387 - PendingVehiclesPanel - INFO - Retrieved 12 total records
2025-06-03 02:44:18,396 - PendingVehiclesPanel - INFO - Found 0 pending records
2025-06-03 02:44:18,397 - PendingVehiclesPanel - INFO - Successfully refreshed pending list with 0 items
2025-06-03 02:44:18,397 - TharuniApp - INFO - Pending vehicles panel created
2025-06-03 02:44:18,587 - TharuniApp - INFO - Main panel creation completed
2025-06-03 02:44:18,595 - TharuniApp - INFO - Summary panel created
2025-06-03 02:44:18,849 - TharuniApp - INFO - ✅ Data manager reference set in settings panel
2025-06-03 02:44:18,849 - TharuniApp - INFO - Widget creation completed successfully
2025-06-03 02:44:18,850 - PendingVehiclesPanel - INFO - Refreshing pending vehicles list
2025-06-03 02:44:18,851 - DataManager - INFO - Successfully loaded 12 records from data\Tharuni_Guntur_data.csv
2025-06-03 02:44:18,851 - PendingVehiclesPanel - INFO - Retrieved 12 total records
2025-06-03 02:44:18,863 - PendingVehiclesPanel - INFO - Found 0 pending records
2025-06-03 02:44:18,863 - PendingVehiclesPanel - INFO - Successfully refreshed pending list with 0 items
2025-06-03 02:44:18,864 - DataManager - INFO - Created new daily folder: data\reports\03-06
2025-06-03 02:44:18,866 - TharuniApp - INFO - Application initialization completed successfully
2025-06-03 02:44:19,860 - TharuniApp - INFO - Ensuring settings persistence...
2025-06-03 02:44:19,870 - TharuniApp - INFO - Settings persistence check completed
2025-06-03 02:44:24,116 - DataManager - INFO - Cloud storage initialized on demand
2025-06-03 02:44:24,121 - DataManager - ERROR - Failed to save record T0014 to cloud
2025-06-03 02:44:24,124 - DataManager - ERROR - Failed to save record T0013 to cloud
2025-06-03 02:44:25,432 - DataManager - INFO - Successfully loaded 12 records from data\Tharuni_Guntur_data.csv
2025-06-03 02:44:25,449 - DataManager - INFO - Successfully loaded 12 records from data\Tharuni_Guntur_data.csv
2025-06-03 02:44:25,450 - DataManager - INFO - Successfully loaded 12 records from data\Tharuni_Guntur_data.csv
2025-06-03 02:44:26,558 - DataManager - INFO - Successfully loaded 12 records from data\Tharuni_Guntur_data.csv
2025-06-03 02:44:26,560 - DataManager - INFO - Successfully loaded 12 records from data\Tharuni_Guntur_data.csv
2025-06-03 02:44:28,284 - DataManager - INFO - Successfully loaded 12 records from data\Tharuni_Guntur_data.csv
2025-06-03 02:44:28,284 - DataManager - INFO - Successfully loaded 12 records from data\Tharuni_Guntur_data.csv
2025-06-03 02:44:32,322 - TharuniApp - INFO - ==================================================
2025-06-03 02:44:32,323 - TharuniApp - INFO - SAVE RECORD OPERATION STARTED WITH SMART TICKET FLOW
2025-06-03 02:44:32,323 - FormValidator - INFO - Starting comprehensive form validation
2025-06-03 02:44:32,324 - FormValidator - INFO - Validating basic fields
2025-06-03 02:44:32,324 - FormValidator - INFO - Field values: ticket='T0015', vehicle='TS08EL0455', agency='Tharuni'
2025-06-03 02:44:32,325 - FormValidator - INFO - Basic validation passed
2025-06-03 02:44:32,325 - FormValidator - INFO - Validating weighment data
2025-06-03 02:44:32,326 - FormValidator - INFO - Weighment data: first_weight='16400.00', first_timestamp='03-06-2025 02:44:27', second_weight='', second_timestamp=''
2025-06-03 02:44:32,326 - FormValidator - INFO - Weighment validation passed
2025-06-03 02:44:32,327 - FormValidator - INFO - Validating images for second weighment
2025-06-03 02:44:32,327 - FormValidator - INFO - Images validation for second: front=False, back=False
2025-06-03 02:44:33,419 - DataManager - INFO - Successfully loaded 12 records from data\Tharuni_Guntur_data.csv
2025-06-03 02:44:33,420 - DataManager - INFO - Successfully loaded 12 records from data\Tharuni_Guntur_data.csv
2025-06-03 02:44:33,425 - FormValidator - INFO - User chose to continue without images
2025-06-03 02:44:33,425 - FormValidator - INFO - Form validation passed successfully
2025-06-03 02:44:33,427 - TharuniApp - INFO - Saving record for ticket: T0015
2025-06-03 02:44:33,427 - DataManager - INFO - Successfully loaded 12 records from data\Tharuni_Guntur_data.csv
2025-06-03 02:44:33,428 - DataManager - INFO - Filtered 12 records to 0 using filter: 't0015'
2025-06-03 02:44:33,428 - TharuniApp - INFO - Adding new record: T0015
2025-06-03 02:44:33,428 - TharuniApp - INFO - Calling data_manager.save_record for T0015
2025-06-03 02:44:33,429 - DataManager - INFO - ==================================================
2025-06-03 02:44:33,429 - DataManager - INFO - STARTING OFFLINE-FIRST RECORD SAVE
2025-06-03 02:44:33,429 - DataManager - INFO - Input data keys: ['date', 'time', 'site_name', 'agency_name', 'material', 'ticket_no', 'vehicle_no', 'transfer_party_name', 'first_weight', 'first_timestamp', 'second_weight', 'second_timestamp', 'net_weight', 'material_type', 'first_front_image', 'first_back_image', 'second_front_image', 'second_back_image', 'site_incharge', 'user_name']
2025-06-03 02:44:33,429 - DataManager - INFO - Net weight cleared - incomplete weighments
2025-06-03 02:44:33,430 - DataManager - INFO - Using data file: data\Tharuni_Guntur_data.csv
2025-06-03 02:44:33,430 - DataManager - INFO - Successfully loaded 12 records from data\Tharuni_Guntur_data.csv
2025-06-03 02:44:33,430 - DataManager - INFO - Filtered 12 records to 0 using filter: 't0015'
2025-06-03 02:44:33,431 - DataManager - INFO - Adding new record: T0015
2025-06-03 02:44:33,431 - DataManager - INFO - Adding new record to CSV
2025-06-03 02:44:33,431 - DataManager - INFO - Record data: ['03-06-2025', '02:44:33', 'Guntur', 'Tharuni', 'Inert', 'T0015', 'TS08EL0455', 'Jindal', '16400.00', '03-06-2025 02:44:27', '', '', '', 'Inert', '', '', '', '', '', 'admin']
2025-06-03 02:44:33,432 - DataManager - INFO - ✅ New record added to data\Tharuni_Guntur_data.csv
2025-06-03 02:44:33,432 - DataManager - INFO - ✅ Record T0015 saved to local CSV successfully
2025-06-03 02:44:33,432 - DataManager - INFO - Weighment analysis:
2025-06-03 02:44:33,433 - DataManager - INFO -   - Has first weighment: True
2025-06-03 02:44:33,433 - DataManager - INFO -   - Has second weighment: False
2025-06-03 02:44:33,433 - DataManager - INFO -   - Is first weighment save: True
2025-06-03 02:44:33,433 - DataManager - INFO -   - Is complete record: False
2025-06-03 02:44:33,433 - DataManager - INFO -   - Is update: False
2025-06-03 02:44:33,433 - DataManager - INFO - ✅ OFFLINE-FIRST SAVE COMPLETED - Local CSV, JSON backup, and PDF generated
2025-06-03 02:44:33,434 - DataManager - INFO - 💡 Cloud backup available via Settings > Cloud Storage > Backup
2025-06-03 02:44:33,434 - DataManager - INFO - ==================================================
2025-06-03 02:44:33,434 - TharuniApp - INFO - ✅ Record T0015 saved successfully
2025-06-03 02:44:34,511 - DataManager - INFO - Successfully loaded 13 records from data\Tharuni_Guntur_data.csv
2025-06-03 02:44:34,512 - DataManager - INFO - Successfully loaded 13 records from data\Tharuni_Guntur_data.csv
2025-06-03 02:44:34,518 - DataManager - INFO - Successfully loaded 13 records from data\Tharuni_Guntur_data.csv
2025-06-03 02:44:34,518 - DataManager - INFO - Returning all 13 records (no filter)
2025-06-03 02:44:34,519 - PendingVehiclesPanel - INFO - Refreshing pending vehicles list
2025-06-03 02:44:34,519 - DataManager - INFO - Successfully loaded 13 records from data\Tharuni_Guntur_data.csv
2025-06-03 02:44:34,520 - PendingVehiclesPanel - INFO - Retrieved 13 total records
2025-06-03 02:44:34,529 - PendingVehiclesPanel - INFO - Added to pending: T0015
2025-06-03 02:44:34,530 - PendingVehiclesPanel - INFO - Found 1 pending records
2025-06-03 02:44:34,531 - PendingVehiclesPanel - INFO - Successfully refreshed pending list with 1 items
2025-06-03 02:44:34,531 - TharuniApp - INFO - SAVE RECORD OPERATION COMPLETED SUCCESSFULLY WITH SMART TICKET FLOW
2025-06-03 02:44:34,531 - TharuniApp - INFO - ==================================================
2025-06-03 02:44:37,346 - PendingVehiclesPanel - INFO - Double-clicked on ticket: T0015
2025-06-03 02:44:37,347 - TharuniApp - INFO - Loading pending vehicle: T0015
2025-06-03 02:44:37,349 - DataManager - INFO - Successfully loaded 13 records from data\Tharuni_Guntur_data.csv
2025-06-03 02:44:37,351 - DataManager - INFO - Filtered 13 records to 1 using filter: 't0015'
2025-06-03 02:44:37,354 - DataManager - INFO - CSV structure is up to date
2025-06-03 02:44:37,355 - DataManager - INFO - Data context set to: Agency='Tharuni', Site='Guntur'
2025-06-03 02:44:37,356 - DataManager - INFO - Data file: data\Tharuni_Guntur_data.csv
2025-06-03 02:44:37,359 - TharuniApp - INFO - Successfully loaded pending ticket: T0015
2025-06-03 02:44:43,948 - TharuniApp - INFO - ==================================================
2025-06-03 02:44:43,948 - TharuniApp - INFO - SAVE RECORD OPERATION STARTED WITH SMART TICKET FLOW
2025-06-03 02:44:43,949 - FormValidator - INFO - Starting comprehensive form validation
2025-06-03 02:44:43,949 - FormValidator - INFO - Validating basic fields
2025-06-03 02:44:43,950 - FormValidator - INFO - Field values: ticket='T0015', vehicle='TS08EL0455', agency='Tharuni'
2025-06-03 02:44:43,950 - FormValidator - INFO - Basic validation passed
2025-06-03 02:44:43,951 - FormValidator - INFO - Validating weighment data
2025-06-03 02:44:43,951 - FormValidator - INFO - Weighment data: first_weight='16400.00', first_timestamp='03-06-2025 02:44:27', second_weight='9680.00', second_timestamp='03-06-2025 02:44:40'
2025-06-03 02:44:43,952 - FormValidator - INFO - Weighment validation passed
2025-06-03 02:44:43,952 - FormValidator - INFO - Validating images for second weighment
2025-06-03 02:44:43,953 - FormValidator - INFO - Images validation for second: front=False, back=False
2025-06-03 02:44:45,061 - FormValidator - INFO - User chose to continue without images
2025-06-03 02:44:45,062 - FormValidator - INFO - Form validation passed successfully
2025-06-03 02:44:45,063 - TharuniApp - INFO - Saving record for ticket: T0015
2025-06-03 02:44:45,064 - DataManager - INFO - Successfully loaded 13 records from data\Tharuni_Guntur_data.csv
2025-06-03 02:44:45,064 - DataManager - INFO - Filtered 13 records to 1 using filter: 't0015'
2025-06-03 02:44:45,064 - TharuniApp - INFO - Updating existing record: T0015
2025-06-03 02:44:45,064 - TharuniApp - INFO - Calling data_manager.save_record for T0015
2025-06-03 02:44:45,065 - DataManager - INFO - ==================================================
2025-06-03 02:44:45,065 - DataManager - INFO - STARTING OFFLINE-FIRST RECORD SAVE
2025-06-03 02:44:45,065 - DataManager - INFO - Input data keys: ['date', 'time', 'site_name', 'agency_name', 'material', 'ticket_no', 'vehicle_no', 'transfer_party_name', 'first_weight', 'first_timestamp', 'second_weight', 'second_timestamp', 'net_weight', 'material_type', 'first_front_image', 'first_back_image', 'second_front_image', 'second_back_image', 'site_incharge', 'user_name']
2025-06-03 02:44:45,065 - DataManager - INFO - Net weight calculated: 16400.0 - 9680.0 = 6720.00
2025-06-03 02:44:45,065 - DataManager - INFO - Using data file: data\Tharuni_Guntur_data.csv
2025-06-03 02:44:45,066 - DataManager - INFO - Successfully loaded 13 records from data\Tharuni_Guntur_data.csv
2025-06-03 02:44:45,066 - DataManager - INFO - Filtered 13 records to 1 using filter: 't0015'
2025-06-03 02:44:45,066 - DataManager - INFO - Updating existing record: T0015
2025-06-03 02:44:45,067 - DataManager - INFO - Updating record T0015 in data\Tharuni_Guntur_data.csv
2025-06-03 02:44:45,067 - DataManager - INFO - Read 13 records from CSV
2025-06-03 02:44:45,067 - DataManager - INFO - Found record to update at index 12
2025-06-03 02:44:45,068 - DataManager - INFO - Updated record data: ['03-06-2025', '02:44:45', 'Guntur', 'Tharuni', 'Inert', 'T0015', 'TS08EL0455', 'Jindal', '16400.00', '03-06-2025 02:44:27', '9680.00', '03-06-2025 02:44:40', '6720.00', 'Inert', '', '', '', '', '', 'admin']
2025-06-03 02:44:45,071 - DataManager - INFO - ✅ Record T0015 updated in data\Tharuni_Guntur_data.csv
2025-06-03 02:44:45,072 - DataManager - INFO - ✅ Record T0015 saved to local CSV successfully
2025-06-03 02:44:45,073 - DataManager - INFO - Weighment analysis:
2025-06-03 02:44:45,073 - DataManager - INFO -   - Has first weighment: True
2025-06-03 02:44:45,073 - DataManager - INFO -   - Has second weighment: True
2025-06-03 02:44:45,074 - DataManager - INFO -   - Is first weighment save: False
2025-06-03 02:44:45,074 - DataManager - INFO -   - Is complete record: True
2025-06-03 02:44:45,075 - DataManager - INFO -   - Is update: True
2025-06-03 02:44:45,075 - DataManager - INFO - Complete record detected - saving JSON backup locally...
2025-06-03 02:44:45,075 - DataManager - INFO - Created new daily JSON folder: data\json_backups\2025-06-03
2025-06-03 02:44:45,076 - DataManager - INFO - ✅ JSON backup saved: data\json_backups\2025-06-03\T0015_Tharuni_Guntur_024445.json
2025-06-03 02:44:45,077 - DataManager - INFO - ✅ JSON backup saved locally for T0015
2025-06-03 02:44:45,077 - DataManager - INFO - Complete record detected for ticket T0015 - generating PDF locally...
2025-06-03 02:44:45,078 - DataManager - INFO - Today's reports folder ensured: data\reports\2025-06-03
2025-06-03 02:44:45,078 - DataManager - INFO - Reports will be saved to: data\reports\2025-06-03
2025-06-03 02:44:45,078 - DataManager - INFO - Today's reports folder ensured: data\reports\2025-06-03
2025-06-03 02:44:45,081 - DataManager - INFO - SIMPLE TEST - Net display: '6720.00 kg'
2025-06-03 02:44:45,081 - DataManager - INFO - Building PDF document: data\reports\2025-06-03\Tharuni_Guntur_T0015_TS08EL0455_024445.pdf
2025-06-03 02:44:45,093 - DataManager - INFO - PDF created successfully: data\reports\2025-06-03\Tharuni_Guntur_T0015_TS08EL0455_024445.pdf (2963 bytes)
2025-06-03 02:44:45,093 - DataManager - INFO - Auto-generated PDF: data\reports\2025-06-03\Tharuni_Guntur_T0015_TS08EL0455_024445.pdf
2025-06-03 02:44:45,094 - DataManager - INFO - PDF saved to today's reports folder: data\reports\2025-06-03
2025-06-03 02:44:45,094 - DataManager - INFO - ✅ PDF auto-generated locally: data\reports\2025-06-03\Tharuni_Guntur_T0015_TS08EL0455_024445.pdf
2025-06-03 02:44:45,094 - DataManager - INFO - ✅ OFFLINE-FIRST SAVE COMPLETED - Local CSV, JSON backup, and PDF generated
2025-06-03 02:44:45,095 - DataManager - INFO - 📂 PDF saved to today's reports folder: data\reports\2025-06-03
2025-06-03 02:44:45,095 - DataManager - INFO - 💡 Cloud backup available via Settings > Cloud Storage > Backup
2025-06-03 02:44:45,095 - DataManager - INFO - ==================================================
2025-06-03 02:44:45,095 - TharuniApp - INFO - ✅ Record T0015 saved successfully
2025-06-03 02:44:45,098 - TharuniApp - INFO - Removing T0015 from pending vehicles list
2025-06-03 02:44:45,099 - PendingVehiclesPanel - INFO - Attempting to remove ticket T0015 from pending list
2025-06-03 02:44:45,099 - PendingVehiclesPanel - INFO - Removed ticket T0015 from pending list
2025-06-03 02:44:45,607 - DataManager - ERROR - Failed to save record T0014 to cloud
2025-06-03 02:44:45,613 - DataManager - ERROR - Failed to save record T0013 to cloud
2025-06-03 02:44:45,616 - DataManager - ERROR - Failed to save record T0015 to cloud
2025-06-03 02:44:47,060 - DataManager - INFO - Successfully loaded 13 records from data\Tharuni_Guntur_data.csv
2025-06-03 02:44:47,060 - DataManager - INFO - Returning all 13 records (no filter)
2025-06-03 02:44:47,061 - PendingVehiclesPanel - INFO - Refreshing pending vehicles list
2025-06-03 02:44:47,062 - DataManager - INFO - Successfully loaded 13 records from data\Tharuni_Guntur_data.csv
2025-06-03 02:44:47,062 - PendingVehiclesPanel - INFO - Retrieved 13 total records
2025-06-03 02:44:47,073 - PendingVehiclesPanel - INFO - Found 0 pending records
2025-06-03 02:44:47,073 - PendingVehiclesPanel - INFO - Successfully refreshed pending list with 0 items
2025-06-03 02:44:47,074 - TharuniApp - INFO - SAVE RECORD OPERATION COMPLETED SUCCESSFULLY WITH SMART TICKET FLOW
2025-06-03 02:44:47,074 - TharuniApp - INFO - ==================================================
2025-06-03 02:45:18,866 - PendingVehiclesPanel - INFO - Refreshing pending vehicles list
2025-06-03 02:45:18,867 - DataManager - INFO - Successfully loaded 13 records from data\Tharuni_Guntur_data.csv
2025-06-03 02:45:18,867 - PendingVehiclesPanel - INFO - Retrieved 13 total records
2025-06-03 02:45:18,876 - PendingVehiclesPanel - INFO - Found 0 pending records
2025-06-03 02:45:18,877 - PendingVehiclesPanel - INFO - Successfully refreshed pending list with 0 items
2025-06-03 02:45:18,877 - DataManager - INFO - Created new daily folder: data\reports\03-06
2025-06-03 02:46:18,888 - PendingVehiclesPanel - INFO - Refreshing pending vehicles list
2025-06-03 02:46:18,890 - DataManager - INFO - Successfully loaded 13 records from data\Tharuni_Guntur_data.csv
2025-06-03 02:46:18,890 - PendingVehiclesPanel - INFO - Retrieved 13 total records
2025-06-03 02:46:18,907 - PendingVehiclesPanel - INFO - Found 0 pending records
2025-06-03 02:46:18,908 - PendingVehiclesPanel - INFO - Successfully refreshed pending list with 0 items
2025-06-03 02:47:18,916 - PendingVehiclesPanel - INFO - Refreshing pending vehicles list
2025-06-03 02:47:18,918 - DataManager - INFO - Successfully loaded 13 records from data\Tharuni_Guntur_data.csv
2025-06-03 02:47:18,919 - PendingVehiclesPanel - INFO - Retrieved 13 total records
2025-06-03 02:47:18,950 - PendingVehiclesPanel - INFO - Found 0 pending records
2025-06-03 02:47:18,951 - PendingVehiclesPanel - INFO - Successfully refreshed pending list with 0 items
2025-06-03 02:47:26,982 - TharuniApp - INFO - Application closing - saving settings...
2025-06-03 02:47:26,994 - TharuniApp - INFO - Updating camera settings: {'front_camera_type': 'USB', 'front_camera_index': 0, 'front_rtsp_username': '', 'front_rtsp_password': '', 'front_rtsp_ip': '', 'front_rtsp_port': '554', 'front_rtsp_endpoint': '/stream1', 'front_http_username': '', 'front_http_password': '', 'front_http_ip': '', 'front_http_port': '80', 'front_http_endpoint': '/mjpeg', 'back_camera_type': 'USB', 'back_camera_index': 1, 'back_rtsp_username': '', 'back_rtsp_password': '', 'back_rtsp_ip': '', 'back_rtsp_port': '554', 'back_rtsp_endpoint': '/stream1', 'back_http_username': '', 'back_http_password': '', 'back_http_ip': '', 'back_http_port': '80', 'back_http_endpoint': '/mjpeg'}
2025-06-03 02:47:27,001 - TharuniApp - INFO - Camera settings saved for persistence
2025-06-03 02:47:27,002 - TharuniApp - INFO - ============================================================
2025-06-03 02:47:27,003 - TharuniApp - INFO - APPLICATION SHUTDOWN COMPLETED
2025-06-03 02:47:27,004 - TharuniApp - INFO - ============================================================
2025-06-03 02:47:34,363 - TharuniApp - INFO - ============================================================
2025-06-03 02:47:34,363 - TharuniApp - INFO - APPLICATION STARTUP
2025-06-03 02:47:34,364 - TharuniApp - INFO - ============================================================
2025-06-03 02:47:34,367 - TharuniApp - INFO - Configuration setup completed
2025-06-03 02:47:34,368 - DataManager - INFO - DataManager initialized with OFFLINE-FIRST approach + JSON local storage
2025-06-03 02:47:34,368 - DataManager - INFO - CSV structure is up to date
2025-06-03 02:47:34,369 - DataManager - INFO - Daily PDF folder structure ready:
2025-06-03 02:47:34,370 - DataManager - INFO -   Base reports folder: data\reports
2025-06-03 02:47:34,370 - DataManager - INFO -   Today's folder: data\reports\2025-06-03
2025-06-03 02:47:34,371 - DataManager - INFO - Data file: data\weighbridge_data.csv
2025-06-03 02:47:34,371 - DataManager - INFO - Reports folder: data\reports
2025-06-03 02:47:34,371 - DataManager - INFO - JSON backup folder: data\json_backups
2025-06-03 02:47:34,371 - DataManager - INFO - PDF folder: data\reports\2025-06-03
2025-06-03 02:47:34,371 - DataManager - INFO - Cloud storage will only be initialized when backup is requested
2025-06-03 02:47:34,372 - TharuniApp - INFO - Data manager initialized
2025-06-03 02:47:34,374 - TharuniApp - INFO - Settings storage initialized
2025-06-03 02:47:34,376 - TharuniApp - INFO - UI styles initialized
2025-06-03 02:47:34,377 - TharuniApp - INFO - Starting user authentication
2025-06-03 02:47:37,082 - TharuniApp - INFO - Authentication successful: admin
2025-06-03 02:47:37,082 - TharuniApp - INFO - User logged in: admin (Role: admin)
2025-06-03 02:47:37,082 - TharuniApp - INFO - Setting up data context
2025-06-03 02:47:37,083 - DataManager - INFO - CSV structure is up to date
2025-06-03 02:47:37,083 - DataManager - INFO - Data context set to: Agency='Tharuni', Site='Guntur'
2025-06-03 02:47:37,083 - DataManager - INFO - Data file: data\Tharuni_Guntur_data.csv
2025-06-03 02:47:37,083 - TharuniApp - INFO - Data context initialized: Agency='Tharuni', Site='Guntur'
2025-06-03 02:47:37,084 - TharuniApp - INFO - Data will be saved to: data\Tharuni_Guntur_data.csv
2025-06-03 02:47:37,084 - TharuniApp - INFO - PDFs will be saved to: data\reports\2025-06-03
2025-06-03 02:47:37,084 - TharuniApp - INFO - Creating application widgets
2025-06-03 02:47:37,095 - TharuniApp - INFO - Creating main panel
2025-06-03 02:47:37,101 - FormValidator - INFO - FormValidator initialized
2025-06-03 02:47:37,112 - DataManager - INFO - Successfully loaded 13 records from data\Tharuni_Guntur_data.csv
2025-06-03 02:47:37,707 - DataManager - INFO - Successfully loaded 13 records from data\Tharuni_Guntur_data.csv
2025-06-03 02:47:37,708 - TharuniApp - INFO - Main form created
2025-06-03 02:47:37,709 - DataManager - INFO - CSV structure is up to date
2025-06-03 02:47:37,710 - DataManager - INFO - Data context set to: Agency='Tharuni', Site='Guntur'
2025-06-03 02:47:37,710 - DataManager - INFO - Data file: data\Tharuni_Guntur_data.csv
2025-06-03 02:47:37,711 - DataManager - INFO - CSV structure is up to date
2025-06-03 02:47:37,711 - DataManager - INFO - Data context set to: Agency='Tharuni', Site='Guntur'
2025-06-03 02:47:37,711 - DataManager - INFO - Data file: data\Tharuni_Guntur_data.csv
2025-06-03 02:47:37,712 - DataManager - INFO - CSV structure is up to date
2025-06-03 02:47:37,712 - DataManager - INFO - Data context set to: Agency='Tharuni', Site='Guntur'
2025-06-03 02:47:37,712 - DataManager - INFO - Data file: data\Tharuni_Guntur_data.csv
2025-06-03 02:47:37,712 - PendingVehiclesPanel - INFO - PendingVehiclesPanel initialized
2025-06-03 02:47:37,718 - PendingVehiclesPanel - INFO - Refreshing pending vehicles list
2025-06-03 02:47:37,719 - DataManager - INFO - Successfully loaded 13 records from data\Tharuni_Guntur_data.csv
2025-06-03 02:47:37,719 - PendingVehiclesPanel - INFO - Retrieved 13 total records
2025-06-03 02:47:37,729 - PendingVehiclesPanel - INFO - Found 0 pending records
2025-06-03 02:47:37,729 - PendingVehiclesPanel - INFO - Successfully refreshed pending list with 0 items
2025-06-03 02:47:37,730 - TharuniApp - INFO - Pending vehicles panel created
2025-06-03 02:47:37,923 - TharuniApp - INFO - Main panel creation completed
2025-06-03 02:47:37,930 - TharuniApp - INFO - Summary panel created
2025-06-03 02:47:38,147 - TharuniApp - INFO - ✅ Data manager reference set in settings panel
2025-06-03 02:47:38,148 - TharuniApp - INFO - Widget creation completed successfully
2025-06-03 02:47:38,149 - PendingVehiclesPanel - INFO - Refreshing pending vehicles list
2025-06-03 02:47:38,150 - DataManager - INFO - Successfully loaded 13 records from data\Tharuni_Guntur_data.csv
2025-06-03 02:47:38,150 - PendingVehiclesPanel - INFO - Retrieved 13 total records
2025-06-03 02:47:38,160 - PendingVehiclesPanel - INFO - Found 0 pending records
2025-06-03 02:47:38,161 - PendingVehiclesPanel - INFO - Successfully refreshed pending list with 0 items
2025-06-03 02:47:38,161 - DataManager - INFO - Created new daily folder: data\reports\03-06
2025-06-03 02:47:38,163 - TharuniApp - INFO - Application initialization completed successfully
2025-06-03 02:47:39,150 - TharuniApp - INFO - Ensuring settings persistence...
2025-06-03 02:47:39,155 - TharuniApp - INFO - Settings persistence check completed
2025-06-03 02:47:40,048 - DataManager - INFO - Cloud storage initialized on demand
2025-06-03 02:47:40,796 - DataManager - INFO - Record T0014 successfully saved to cloud at Tharuni/Guntur/T0014/20250603_024740.json
2025-06-03 02:47:40,797 - DataManager - INFO - No images found to upload for ticket T0014
2025-06-03 02:47:41,259 - DataManager - INFO - Record T0013 successfully saved to cloud at Tharuni/Guntur/T0013/20250603_024740.json
2025-06-03 02:47:41,259 - DataManager - INFO - Uploaded 1/1 images for ticket T0013
2025-06-03 02:47:41,596 - DataManager - INFO - Record T0015 successfully saved to cloud at Tharuni/Guntur/T0015/20250603_024741.json
2025-06-03 02:47:41,596 - DataManager - INFO - No images found to upload for ticket T0015
2025-06-03 02:48:38,162 - PendingVehiclesPanel - INFO - Refreshing pending vehicles list
2025-06-03 02:48:38,165 - DataManager - INFO - Successfully loaded 13 records from data\Tharuni_Guntur_data.csv
2025-06-03 02:48:38,166 - PendingVehiclesPanel - INFO - Retrieved 13 total records
2025-06-03 02:48:38,182 - PendingVehiclesPanel - INFO - Found 0 pending records
2025-06-03 02:48:38,183 - PendingVehiclesPanel - INFO - Successfully refreshed pending list with 0 items
2025-06-03 02:49:38,188 - PendingVehiclesPanel - INFO - Refreshing pending vehicles list
2025-06-03 02:49:38,189 - DataManager - INFO - Successfully loaded 13 records from data\Tharuni_Guntur_data.csv
2025-06-03 02:49:38,190 - PendingVehiclesPanel - INFO - Retrieved 13 total records
2025-06-03 02:49:38,201 - PendingVehiclesPanel - INFO - Found 0 pending records
2025-06-03 02:49:38,202 - PendingVehiclesPanel - INFO - Successfully refreshed pending list with 0 items
2025-06-03 02:50:47,526 - TharuniApp - INFO - ============================================================
2025-06-03 02:50:47,527 - TharuniApp - INFO - APPLICATION STARTUP
2025-06-03 02:50:47,527 - TharuniApp - INFO - ============================================================
2025-06-03 02:50:47,530 - TharuniApp - INFO - Configuration setup completed
2025-06-03 02:50:47,531 - DataManager - INFO - DataManager initialized with OFFLINE-FIRST approach + JSON local storage
2025-06-03 02:50:47,532 - DataManager - INFO - CSV structure is up to date
2025-06-03 02:50:47,532 - DataManager - INFO - Daily PDF folder structure ready:
2025-06-03 02:50:47,533 - DataManager - INFO -   Base reports folder: data\reports
2025-06-03 02:50:47,533 - DataManager - INFO -   Today's folder: data\reports\2025-06-03
2025-06-03 02:50:47,533 - DataManager - INFO - Data file: data\weighbridge_data.csv
2025-06-03 02:50:47,534 - DataManager - INFO - Reports folder: data\reports
2025-06-03 02:50:47,534 - DataManager - INFO - JSON backup folder: data\json_backups
2025-06-03 02:50:47,534 - DataManager - INFO - PDF folder: data\reports\2025-06-03
2025-06-03 02:50:47,534 - DataManager - INFO - Cloud storage will only be initialized when backup is requested
2025-06-03 02:50:47,534 - TharuniApp - INFO - Data manager initialized
2025-06-03 02:50:47,536 - TharuniApp - INFO - Settings storage initialized
2025-06-03 02:50:47,538 - TharuniApp - INFO - UI styles initialized
2025-06-03 02:50:47,538 - TharuniApp - INFO - Starting user authentication
2025-06-03 02:50:50,367 - TharuniApp - INFO - Authentication successful: admin
2025-06-03 02:50:50,367 - TharuniApp - INFO - User logged in: admin (Role: admin)
2025-06-03 02:50:50,367 - TharuniApp - INFO - Setting up data context
2025-06-03 02:50:50,368 - DataManager - INFO - CSV structure is up to date
2025-06-03 02:50:50,369 - DataManager - INFO - Data context set to: Agency='Tharuni', Site='Guntur'
2025-06-03 02:50:50,369 - DataManager - INFO - Data file: data\Tharuni_Guntur_data.csv
2025-06-03 02:50:50,369 - TharuniApp - INFO - Data context initialized: Agency='Tharuni', Site='Guntur'
2025-06-03 02:50:50,370 - TharuniApp - INFO - Data will be saved to: data\Tharuni_Guntur_data.csv
2025-06-03 02:50:50,370 - TharuniApp - INFO - PDFs will be saved to: data\reports\2025-06-03
2025-06-03 02:50:50,370 - TharuniApp - INFO - Creating application widgets
2025-06-03 02:50:50,378 - TharuniApp - INFO - Creating main panel
2025-06-03 02:50:50,391 - FormValidator - INFO - FormValidator initialized
2025-06-03 02:50:50,405 - DataManager - INFO - Successfully loaded 13 records from data\Tharuni_Guntur_data.csv
2025-06-03 02:50:50,991 - DataManager - INFO - Successfully loaded 13 records from data\Tharuni_Guntur_data.csv
2025-06-03 02:50:50,991 - TharuniApp - INFO - Main form created
2025-06-03 02:50:50,993 - DataManager - INFO - CSV structure is up to date
2025-06-03 02:50:50,993 - DataManager - INFO - Data context set to: Agency='Tharuni', Site='Guntur'
2025-06-03 02:50:50,993 - DataManager - INFO - Data file: data\Tharuni_Guntur_data.csv
2025-06-03 02:50:50,994 - DataManager - INFO - CSV structure is up to date
2025-06-03 02:50:50,994 - DataManager - INFO - Data context set to: Agency='Tharuni', Site='Guntur'
2025-06-03 02:50:50,995 - DataManager - INFO - Data file: data\Tharuni_Guntur_data.csv
2025-06-03 02:50:50,995 - DataManager - INFO - CSV structure is up to date
2025-06-03 02:50:50,995 - DataManager - INFO - Data context set to: Agency='Tharuni', Site='Guntur'
2025-06-03 02:50:50,995 - DataManager - INFO - Data file: data\Tharuni_Guntur_data.csv
2025-06-03 02:50:50,996 - PendingVehiclesPanel - INFO - PendingVehiclesPanel initialized
2025-06-03 02:50:51,003 - PendingVehiclesPanel - INFO - Refreshing pending vehicles list
2025-06-03 02:50:51,003 - DataManager - INFO - Successfully loaded 13 records from data\Tharuni_Guntur_data.csv
2025-06-03 02:50:51,004 - PendingVehiclesPanel - INFO - Retrieved 13 total records
2025-06-03 02:50:51,012 - PendingVehiclesPanel - INFO - Found 0 pending records
2025-06-03 02:50:51,013 - PendingVehiclesPanel - INFO - Successfully refreshed pending list with 0 items
2025-06-03 02:50:51,013 - TharuniApp - INFO - Pending vehicles panel created
2025-06-03 02:50:51,205 - TharuniApp - INFO - Main panel creation completed
2025-06-03 02:50:51,211 - TharuniApp - INFO - Summary panel created
2025-06-03 02:50:51,429 - TharuniApp - INFO - ✅ Data manager reference set in settings panel
2025-06-03 02:50:51,430 - TharuniApp - INFO - Widget creation completed successfully
2025-06-03 02:50:51,431 - PendingVehiclesPanel - INFO - Refreshing pending vehicles list
2025-06-03 02:50:51,432 - DataManager - INFO - Successfully loaded 13 records from data\Tharuni_Guntur_data.csv
2025-06-03 02:50:51,432 - PendingVehiclesPanel - INFO - Retrieved 13 total records
2025-06-03 02:50:51,442 - PendingVehiclesPanel - INFO - Found 0 pending records
2025-06-03 02:50:51,443 - PendingVehiclesPanel - INFO - Successfully refreshed pending list with 0 items
2025-06-03 02:50:51,443 - DataManager - INFO - Created new daily folder: data\reports\03-06
2025-06-03 02:50:51,446 - TharuniApp - INFO - Application initialization completed successfully
2025-06-03 02:50:52,438 - TharuniApp - INFO - Ensuring settings persistence...
2025-06-03 02:50:52,442 - TharuniApp - INFO - Settings persistence check completed
2025-06-03 02:50:55,769 - DataManager - INFO - Successfully loaded 13 records from data\Tharuni_Guntur_data.csv
2025-06-03 02:50:55,795 - DataManager - INFO - Successfully loaded 13 records from data\Tharuni_Guntur_data.csv
2025-06-03 02:50:55,797 - DataManager - INFO - Successfully loaded 13 records from data\Tharuni_Guntur_data.csv
2025-06-03 02:50:57,371 - DataManager - INFO - Successfully loaded 13 records from data\Tharuni_Guntur_data.csv
2025-06-03 02:50:57,374 - DataManager - INFO - Successfully loaded 13 records from data\Tharuni_Guntur_data.csv
2025-06-03 02:51:02,131 - DataManager - INFO - Successfully loaded 13 records from data\Tharuni_Guntur_data.csv
2025-06-03 02:51:03,120 - DataManager - INFO - Successfully loaded 13 records from data\Tharuni_Guntur_data.csv
2025-06-03 02:51:03,121 - DataManager - INFO - Successfully loaded 13 records from data\Tharuni_Guntur_data.csv
2025-06-03 02:51:05,359 - DataManager - INFO - Successfully loaded 13 records from data\Tharuni_Guntur_data.csv
2025-06-03 02:51:05,361 - DataManager - INFO - Successfully loaded 13 records from data\Tharuni_Guntur_data.csv
2025-06-03 02:51:11,323 - TharuniApp - INFO - ==================================================
2025-06-03 02:51:11,324 - TharuniApp - INFO - SAVE RECORD OPERATION STARTED WITH SMART TICKET FLOW
2025-06-03 02:51:11,324 - FormValidator - INFO - Starting comprehensive form validation
2025-06-03 02:51:11,325 - FormValidator - INFO - Validating basic fields
2025-06-03 02:51:11,325 - FormValidator - INFO - Field values: ticket='T0016', vehicle='TS08EL0455', agency='Tharuni'
2025-06-03 02:51:11,326 - FormValidator - INFO - Basic validation passed
2025-06-03 02:51:11,326 - FormValidator - INFO - Validating weighment data
2025-06-03 02:51:11,327 - FormValidator - INFO - Weighment data: first_weight='36640.00', first_timestamp='03-06-2025 02:51:04', second_weight='', second_timestamp=''
2025-06-03 02:51:11,327 - FormValidator - INFO - Weighment validation passed
2025-06-03 02:51:11,328 - FormValidator - INFO - Validating images for second weighment
2025-06-03 02:51:11,328 - FormValidator - INFO - Images validation for second: front=False, back=False
2025-06-03 02:51:12,371 - DataManager - INFO - Successfully loaded 13 records from data\Tharuni_Guntur_data.csv
2025-06-03 02:51:12,372 - DataManager - INFO - Successfully loaded 13 records from data\Tharuni_Guntur_data.csv
2025-06-03 02:51:12,375 - FormValidator - INFO - User chose to continue without images
2025-06-03 02:51:12,375 - FormValidator - INFO - Form validation passed successfully
2025-06-03 02:51:12,377 - TharuniApp - INFO - Saving record for ticket: T0016
2025-06-03 02:51:12,377 - DataManager - INFO - Successfully loaded 13 records from data\Tharuni_Guntur_data.csv
2025-06-03 02:51:12,378 - DataManager - INFO - Filtered 13 records to 0 using filter: 't0016'
2025-06-03 02:51:12,379 - TharuniApp - INFO - Adding new record: T0016
2025-06-03 02:51:12,380 - TharuniApp - INFO - Calling data_manager.save_record for T0016
2025-06-03 02:51:12,380 - DataManager - INFO - ==================================================
2025-06-03 02:51:12,381 - DataManager - INFO - STARTING OFFLINE-FIRST RECORD SAVE
2025-06-03 02:51:12,381 - DataManager - INFO - Input data keys: ['date', 'time', 'site_name', 'agency_name', 'material', 'ticket_no', 'vehicle_no', 'transfer_party_name', 'first_weight', 'first_timestamp', 'second_weight', 'second_timestamp', 'net_weight', 'material_type', 'first_front_image', 'first_back_image', 'second_front_image', 'second_back_image', 'site_incharge', 'user_name']
2025-06-03 02:51:12,381 - DataManager - INFO - Net weight cleared - incomplete weighments
2025-06-03 02:51:12,382 - DataManager - INFO - Using data file: data\Tharuni_Guntur_data.csv
2025-06-03 02:51:12,383 - DataManager - INFO - Successfully loaded 13 records from data\Tharuni_Guntur_data.csv
2025-06-03 02:51:12,383 - DataManager - INFO - Filtered 13 records to 0 using filter: 't0016'
2025-06-03 02:51:12,383 - DataManager - INFO - Adding new record: T0016
2025-06-03 02:51:12,384 - DataManager - INFO - Adding new record to CSV
2025-06-03 02:51:12,384 - DataManager - INFO - Record data: ['03-06-2025', '02:51:12', 'Guntur', 'Tharuni', 'Inert', 'T0016', 'TS08EL0455', 'Jindal', '36640.00', '03-06-2025 02:51:04', '', '', '', 'Inert', '', '', '', '', '', 'admin']
2025-06-03 02:51:12,385 - DataManager - INFO - ✅ New record added to data\Tharuni_Guntur_data.csv
2025-06-03 02:51:12,385 - DataManager - INFO - ✅ Record T0016 saved to local CSV successfully
2025-06-03 02:51:12,385 - DataManager - INFO - Weighment analysis:
2025-06-03 02:51:12,386 - DataManager - INFO -   - Has first weighment: True
2025-06-03 02:51:12,386 - DataManager - INFO -   - Has second weighment: False
2025-06-03 02:51:12,386 - DataManager - INFO -   - Is first weighment save: True
2025-06-03 02:51:12,386 - DataManager - INFO -   - Is complete record: False
2025-06-03 02:51:12,387 - DataManager - INFO -   - Is update: False
2025-06-03 02:51:12,387 - DataManager - INFO - ✅ OFFLINE-FIRST SAVE COMPLETED - Local CSV, JSON backup, and PDF generated
2025-06-03 02:51:12,387 - DataManager - INFO - 💡 Cloud backup available via Settings > Cloud Storage > Backup
2025-06-03 02:51:12,387 - DataManager - INFO - ==================================================
2025-06-03 02:51:12,388 - TharuniApp - INFO - ✅ Record T0016 saved successfully
2025-06-03 02:51:13,332 - DataManager - INFO - Successfully loaded 14 records from data\Tharuni_Guntur_data.csv
2025-06-03 02:51:13,333 - DataManager - INFO - Successfully loaded 14 records from data\Tharuni_Guntur_data.csv
2025-06-03 02:51:13,338 - DataManager - INFO - Successfully loaded 14 records from data\Tharuni_Guntur_data.csv
2025-06-03 02:51:13,338 - DataManager - INFO - Returning all 14 records (no filter)
2025-06-03 02:51:13,339 - PendingVehiclesPanel - INFO - Refreshing pending vehicles list
2025-06-03 02:51:13,340 - DataManager - INFO - Successfully loaded 14 records from data\Tharuni_Guntur_data.csv
2025-06-03 02:51:13,340 - PendingVehiclesPanel - INFO - Retrieved 14 total records
2025-06-03 02:51:13,351 - PendingVehiclesPanel - INFO - Added to pending: T0016
2025-06-03 02:51:13,351 - PendingVehiclesPanel - INFO - Found 1 pending records
2025-06-03 02:51:13,352 - PendingVehiclesPanel - INFO - Successfully refreshed pending list with 1 items
2025-06-03 02:51:13,352 - TharuniApp - INFO - SAVE RECORD OPERATION COMPLETED SUCCESSFULLY WITH SMART TICKET FLOW
2025-06-03 02:51:13,352 - TharuniApp - INFO - ==================================================
2025-06-03 02:51:15,705 - DataManager - INFO - Successfully loaded 14 records from data\Tharuni_Guntur_data.csv
2025-06-03 02:51:16,888 - DataManager - INFO - Successfully loaded 14 records from data\Tharuni_Guntur_data.csv
2025-06-03 02:51:16,889 - DataManager - INFO - Successfully loaded 14 records from data\Tharuni_Guntur_data.csv
2025-06-03 02:51:18,742 - DataManager - INFO - Successfully loaded 14 records from data\Tharuni_Guntur_data.csv
2025-06-03 02:51:18,744 - DataManager - INFO - Successfully loaded 14 records from data\Tharuni_Guntur_data.csv
2025-06-03 02:51:20,350 - DataManager - INFO - Successfully loaded 14 records from data\Tharuni_Guntur_data.csv
2025-06-03 02:51:20,351 - DataManager - INFO - Successfully loaded 14 records from data\Tharuni_Guntur_data.csv
2025-06-03 02:51:22,825 - TharuniApp - INFO - ==================================================
2025-06-03 02:51:22,826 - TharuniApp - INFO - SAVE RECORD OPERATION STARTED WITH SMART TICKET FLOW
2025-06-03 02:51:22,826 - FormValidator - INFO - Starting comprehensive form validation
2025-06-03 02:51:22,827 - FormValidator - INFO - Validating basic fields
2025-06-03 02:51:22,827 - FormValidator - INFO - Field values: ticket='T0017', vehicle='AP01JA0101', agency=''
2025-06-03 02:51:22,828 - FormValidator - ERROR - Basic validation failed: Please fill in the following required fields: Agency Name
2025-06-03 02:51:24,106 - DataManager - INFO - Successfully loaded 14 records from data\Tharuni_Guntur_data.csv
2025-06-03 02:51:24,107 - DataManager - INFO - Successfully loaded 14 records from data\Tharuni_Guntur_data.csv
2025-06-03 02:51:24,112 - TharuniApp - WARNING - Form validation failed - aborting save
2025-06-03 02:51:24,113 - TharuniApp - INFO - ==================================================
2025-06-03 02:51:26,331 - DataManager - INFO - CSV structure is up to date
2025-06-03 02:51:26,332 - DataManager - INFO - Data context set to: Agency='Tharuni', Site='Guntur'
2025-06-03 02:51:26,332 - DataManager - INFO - Data file: data\Tharuni_Guntur_data.csv
2025-06-03 02:51:28,799 - TharuniApp - INFO - ==================================================
2025-06-03 02:51:28,799 - TharuniApp - INFO - SAVE RECORD OPERATION STARTED WITH SMART TICKET FLOW
2025-06-03 02:51:28,800 - FormValidator - INFO - Starting comprehensive form validation
2025-06-03 02:51:28,800 - FormValidator - INFO - Validating basic fields
2025-06-03 02:51:28,800 - FormValidator - INFO - Field values: ticket='T0017', vehicle='AP01JA0101', agency='Tharuni'
2025-06-03 02:51:28,801 - FormValidator - INFO - Basic validation passed
2025-06-03 02:51:28,801 - FormValidator - INFO - Validating weighment data
2025-06-03 02:51:28,801 - FormValidator - INFO - Weighment data: first_weight='15220.00', first_timestamp='03-06-2025 02:51:17', second_weight='11360.00', second_timestamp='03-06-2025 02:51:19'
2025-06-03 02:51:28,802 - FormValidator - INFO - Weighment validation passed
2025-06-03 02:51:28,802 - FormValidator - INFO - Validating images for second weighment
2025-06-03 02:51:28,802 - FormValidator - INFO - Images validation for second: front=False, back=False
2025-06-03 02:51:31,180 - FormValidator - INFO - User chose to continue without images
2025-06-03 02:51:31,180 - FormValidator - INFO - Form validation passed successfully
2025-06-03 02:51:31,182 - TharuniApp - INFO - Saving record for ticket: T0017
2025-06-03 02:51:31,182 - DataManager - INFO - Successfully loaded 14 records from data\Tharuni_Guntur_data.csv
2025-06-03 02:51:31,183 - DataManager - INFO - Filtered 14 records to 0 using filter: 't0017'
2025-06-03 02:51:31,183 - TharuniApp - INFO - Adding new record: T0017
2025-06-03 02:51:31,183 - TharuniApp - INFO - Calling data_manager.save_record for T0017
2025-06-03 02:51:31,183 - DataManager - INFO - ==================================================
2025-06-03 02:51:31,184 - DataManager - INFO - STARTING OFFLINE-FIRST RECORD SAVE
2025-06-03 02:51:31,184 - DataManager - INFO - Input data keys: ['date', 'time', 'site_name', 'agency_name', 'material', 'ticket_no', 'vehicle_no', 'transfer_party_name', 'first_weight', 'first_timestamp', 'second_weight', 'second_timestamp', 'net_weight', 'material_type', 'first_front_image', 'first_back_image', 'second_front_image', 'second_back_image', 'site_incharge', 'user_name']
2025-06-03 02:51:31,184 - DataManager - INFO - Net weight calculated: 15220.0 - 11360.0 = 3860.00
2025-06-03 02:51:31,184 - DataManager - INFO - Using data file: data\Tharuni_Guntur_data.csv
2025-06-03 02:51:31,185 - DataManager - INFO - Successfully loaded 14 records from data\Tharuni_Guntur_data.csv
2025-06-03 02:51:31,185 - DataManager - INFO - Filtered 14 records to 0 using filter: 't0017'
2025-06-03 02:51:31,185 - DataManager - INFO - Adding new record: T0017
2025-06-03 02:51:31,185 - DataManager - INFO - Adding new record to CSV
2025-06-03 02:51:31,186 - DataManager - INFO - Record data: ['03-06-2025', '02:51:31', 'Guntur', 'Tharuni', 'Inert', 'T0017', 'AP01JA0101', 'Jindal', '15220.00', '03-06-2025 02:51:17', '11360.00', '03-06-2025 02:51:19', '3860.00', 'Inert', '', '', '', '', '', 'admin']
2025-06-03 02:51:31,187 - DataManager - INFO - ✅ New record added to data\Tharuni_Guntur_data.csv
2025-06-03 02:51:31,187 - DataManager - INFO - ✅ Record T0017 saved to local CSV successfully
2025-06-03 02:51:31,187 - DataManager - INFO - Weighment analysis:
2025-06-03 02:51:31,187 - DataManager - INFO -   - Has first weighment: True
2025-06-03 02:51:31,188 - DataManager - INFO -   - Has second weighment: True
2025-06-03 02:51:31,188 - DataManager - INFO -   - Is first weighment save: False
2025-06-03 02:51:31,188 - DataManager - INFO -   - Is complete record: True
2025-06-03 02:51:31,188 - DataManager - INFO -   - Is update: False
2025-06-03 02:51:31,189 - DataManager - INFO - Complete record detected - saving JSON backup locally...
2025-06-03 02:51:31,189 - DataManager - INFO - Created new daily JSON folder: data\json_backups\2025-06-03
2025-06-03 02:51:31,193 - DataManager - INFO - ✅ JSON backup saved: data\json_backups\2025-06-03\T0017_Tharuni_Guntur_025131.json
2025-06-03 02:51:31,193 - DataManager - INFO - ✅ JSON backup saved locally for T0017
2025-06-03 02:51:31,194 - DataManager - INFO - Complete record detected for ticket T0017 - generating PDF locally...
2025-06-03 02:51:31,195 - DataManager - INFO - Today's reports folder ensured: data\reports\2025-06-03
2025-06-03 02:51:31,195 - DataManager - INFO - Reports will be saved to: data\reports\2025-06-03
2025-06-03 02:51:31,195 - DataManager - INFO - Today's reports folder ensured: data\reports\2025-06-03
2025-06-03 02:51:31,198 - DataManager - INFO - SIMPLE TEST - Net display: '3860.00 kg'
2025-06-03 02:51:31,198 - DataManager - INFO - Building PDF document: data\reports\2025-06-03\Tharuni_Guntur_T0017_AP01JA0101_025131.pdf
2025-06-03 02:51:31,210 - DataManager - INFO - PDF created successfully: data\reports\2025-06-03\Tharuni_Guntur_T0017_AP01JA0101_025131.pdf (2961 bytes)
2025-06-03 02:51:31,210 - DataManager - INFO - Auto-generated PDF: data\reports\2025-06-03\Tharuni_Guntur_T0017_AP01JA0101_025131.pdf
2025-06-03 02:51:31,211 - DataManager - INFO - PDF saved to today's reports folder: data\reports\2025-06-03
2025-06-03 02:51:31,211 - DataManager - INFO - ✅ PDF auto-generated locally: data\reports\2025-06-03\Tharuni_Guntur_T0017_AP01JA0101_025131.pdf
2025-06-03 02:51:31,211 - DataManager - INFO - ✅ OFFLINE-FIRST SAVE COMPLETED - Local CSV, JSON backup, and PDF generated
2025-06-03 02:51:31,211 - DataManager - INFO - 📂 PDF saved to today's reports folder: data\reports\2025-06-03
2025-06-03 02:51:31,212 - DataManager - INFO - 💡 Cloud backup available via Settings > Cloud Storage > Backup
2025-06-03 02:51:31,212 - DataManager - INFO - ==================================================
2025-06-03 02:51:31,212 - TharuniApp - INFO - ✅ Record T0017 saved successfully
2025-06-03 02:51:31,776 - urllib3.connectionpool - WARNING - Retrying (Retry(total=2, connect=None, read=None, redirect=None, status=None)) after connection broken by 'NameResolutionError("<urllib3.connection.HTTPSConnection object at 0x00000209509F0050>: Failed to resolve 'oauth2.googleapis.com' ([Errno 11001] getaddrinfo failed)")': /token
2025-06-03 02:51:31,777 - urllib3.connectionpool - WARNING - Retrying (Retry(total=1, connect=None, read=None, redirect=None, status=None)) after connection broken by 'NameResolutionError("<urllib3.connection.HTTPSConnection object at 0x000002094C2EEC10>: Failed to resolve 'oauth2.googleapis.com' ([Errno 11001] getaddrinfo failed)")': /token
2025-06-03 02:51:31,778 - urllib3.connectionpool - WARNING - Retrying (Retry(total=0, connect=None, read=None, redirect=None, status=None)) after connection broken by 'NameResolutionError("<urllib3.connection.HTTPSConnection object at 0x00000209509B4190>: Failed to resolve 'oauth2.googleapis.com' ([Errno 11001] getaddrinfo failed)")': /token
2025-06-03 02:51:31,988 - urllib3.connectionpool - WARNING - Retrying (Retry(total=2, connect=None, read=None, redirect=None, status=None)) after connection broken by 'NameResolutionError("<urllib3.connection.HTTPSConnection object at 0x00000209509B4E10>: Failed to resolve 'oauth2.googleapis.com' ([Errno 11001] getaddrinfo failed)")': /token
2025-06-03 02:51:31,989 - urllib3.connectionpool - WARNING - Retrying (Retry(total=1, connect=None, read=None, redirect=None, status=None)) after connection broken by 'NameResolutionError("<urllib3.connection.HTTPSConnection object at 0x00000209509B5090>: Failed to resolve 'oauth2.googleapis.com' ([Errno 11001] getaddrinfo failed)")': /token
2025-06-03 02:51:31,989 - urllib3.connectionpool - WARNING - Retrying (Retry(total=0, connect=None, read=None, redirect=None, status=None)) after connection broken by 'NameResolutionError("<urllib3.connection.HTTPSConnection object at 0x00000209509B5310>: Failed to resolve 'oauth2.googleapis.com' ([Errno 11001] getaddrinfo failed)")': /token
2025-06-03 02:51:32,053 - urllib3.connectionpool - WARNING - Retrying (Retry(total=2, connect=None, read=None, redirect=None, status=None)) after connection broken by 'NameResolutionError("<urllib3.connection.HTTPSConnection object at 0x00000209509B5F90>: Failed to resolve 'oauth2.googleapis.com' ([Errno 11001] getaddrinfo failed)")': /token
2025-06-03 02:51:32,055 - urllib3.connectionpool - WARNING - Retrying (Retry(total=1, connect=None, read=None, redirect=None, status=None)) after connection broken by 'NameResolutionError("<urllib3.connection.HTTPSConnection object at 0x00000209509B6210>: Failed to resolve 'oauth2.googleapis.com' ([Errno 11001] getaddrinfo failed)")': /token
2025-06-03 02:51:32,056 - urllib3.connectionpool - WARNING - Retrying (Retry(total=0, connect=None, read=None, redirect=None, status=None)) after connection broken by 'NameResolutionError("<urllib3.connection.HTTPSConnection object at 0x000002094C2EFD90>: Failed to resolve 'oauth2.googleapis.com' ([Errno 11001] getaddrinfo failed)")': /token
2025-06-03 02:51:33,028 - DataManager - INFO - Successfully loaded 15 records from data\Tharuni_Guntur_data.csv
2025-06-03 02:51:33,028 - DataManager - INFO - Returning all 15 records (no filter)
2025-06-03 02:51:33,029 - PendingVehiclesPanel - INFO - Refreshing pending vehicles list
2025-06-03 02:51:33,030 - DataManager - INFO - Successfully loaded 15 records from data\Tharuni_Guntur_data.csv
2025-06-03 02:51:33,030 - PendingVehiclesPanel - INFO - Retrieved 15 total records
2025-06-03 02:51:33,041 - PendingVehiclesPanel - INFO - Added to pending: T0016
2025-06-03 02:51:33,042 - PendingVehiclesPanel - INFO - Found 1 pending records
2025-06-03 02:51:33,043 - PendingVehiclesPanel - INFO - Successfully refreshed pending list with 1 items
2025-06-03 02:51:33,043 - TharuniApp - INFO - SAVE RECORD OPERATION COMPLETED SUCCESSFULLY WITH SMART TICKET FLOW
2025-06-03 02:51:33,043 - TharuniApp - INFO - ==================================================
2025-06-03 02:51:36,038 - urllib3.connectionpool - WARNING - Retrying (Retry(total=2, connect=None, read=None, redirect=None, status=None)) after connection broken by 'NameResolutionError("<urllib3.connection.HTTPSConnection object at 0x00000209509B4050>: Failed to resolve 'oauth2.googleapis.com' ([Errno 11001] getaddrinfo failed)")': /token
2025-06-03 02:51:36,039 - urllib3.connectionpool - WARNING - Retrying (Retry(total=1, connect=None, read=None, redirect=None, status=None)) after connection broken by 'NameResolutionError("<urllib3.connection.HTTPSConnection object at 0x00000209509B65D0>: Failed to resolve 'oauth2.googleapis.com' ([Errno 11001] getaddrinfo failed)")': /token
2025-06-03 02:51:36,040 - urllib3.connectionpool - WARNING - Retrying (Retry(total=0, connect=None, read=None, redirect=None, status=None)) after connection broken by 'NameResolutionError("<urllib3.connection.HTTPSConnection object at 0x00000209509B6850>: Failed to resolve 'oauth2.googleapis.com' ([Errno 11001] getaddrinfo failed)")': /token
2025-06-03 02:51:37,010 - PendingVehiclesPanel - INFO - Double-clicked on ticket: T0016
2025-06-03 02:51:37,011 - TharuniApp - INFO - Loading pending vehicle: T0016
2025-06-03 02:51:37,011 - DataManager - INFO - Successfully loaded 15 records from data\Tharuni_Guntur_data.csv
2025-06-03 02:51:37,012 - DataManager - INFO - Filtered 15 records to 1 using filter: 't0016'
2025-06-03 02:51:37,012 - DataManager - INFO - CSV structure is up to date
2025-06-03 02:51:37,013 - DataManager - INFO - Data context set to: Agency='Tharuni', Site='Guntur'
2025-06-03 02:51:37,013 - DataManager - INFO - Data file: data\Tharuni_Guntur_data.csv
2025-06-03 02:51:37,015 - TharuniApp - INFO - Successfully loaded pending ticket: T0016
2025-06-03 02:51:39,980 - urllib3.connectionpool - WARNING - Retrying (Retry(total=2, connect=None, read=None, redirect=None, status=None)) after connection broken by 'NameResolutionError("<urllib3.connection.HTTPSConnection object at 0x00000209509B6FD0>: Failed to resolve 'oauth2.googleapis.com' ([Errno 11001] getaddrinfo failed)")': /token
2025-06-03 02:51:39,981 - urllib3.connectionpool - WARNING - Retrying (Retry(total=1, connect=None, read=None, redirect=None, status=None)) after connection broken by 'NameResolutionError("<urllib3.connection.HTTPSConnection object at 0x00000209509B7250>: Failed to resolve 'oauth2.googleapis.com' ([Errno 11001] getaddrinfo failed)")': /token
2025-06-03 02:51:39,981 - urllib3.connectionpool - WARNING - Retrying (Retry(total=0, connect=None, read=None, redirect=None, status=None)) after connection broken by 'NameResolutionError("<urllib3.connection.HTTPSConnection object at 0x00000209509B74D0>: Failed to resolve 'oauth2.googleapis.com' ([Errno 11001] getaddrinfo failed)")': /token
2025-06-03 02:51:43,137 - TharuniApp - INFO - ==================================================
2025-06-03 02:51:43,137 - TharuniApp - INFO - SAVE RECORD OPERATION STARTED WITH SMART TICKET FLOW
2025-06-03 02:51:43,137 - FormValidator - INFO - Starting comprehensive form validation
2025-06-03 02:51:43,138 - FormValidator - INFO - Validating basic fields
2025-06-03 02:51:43,138 - FormValidator - INFO - Field values: ticket='T0016', vehicle='TS08EL0455', agency='Tharuni'
2025-06-03 02:51:43,138 - FormValidator - INFO - Basic validation passed
2025-06-03 02:51:43,139 - FormValidator - INFO - Validating weighment data
2025-06-03 02:51:43,139 - FormValidator - INFO - Weighment data: first_weight='36640.00', first_timestamp='03-06-2025 02:51:04', second_weight='12690.00', second_timestamp='03-06-2025 02:51:39'
2025-06-03 02:51:43,139 - FormValidator - INFO - Weighment validation passed
2025-06-03 02:51:43,140 - FormValidator - INFO - Validating images for second weighment
2025-06-03 02:51:43,140 - FormValidator - INFO - Images validation for second: front=False, back=False
2025-06-03 02:51:44,200 - FormValidator - INFO - User chose to continue without images
2025-06-03 02:51:44,200 - FormValidator - INFO - Form validation passed successfully
2025-06-03 02:51:44,201 - TharuniApp - INFO - Saving record for ticket: T0016
2025-06-03 02:51:44,202 - DataManager - INFO - Successfully loaded 15 records from data\Tharuni_Guntur_data.csv
2025-06-03 02:51:44,202 - DataManager - INFO - Filtered 15 records to 1 using filter: 't0016'
2025-06-03 02:51:44,203 - TharuniApp - INFO - Updating existing record: T0016
2025-06-03 02:51:44,203 - TharuniApp - INFO - Calling data_manager.save_record for T0016
2025-06-03 02:51:44,203 - DataManager - INFO - ==================================================
2025-06-03 02:51:44,203 - DataManager - INFO - STARTING OFFLINE-FIRST RECORD SAVE
2025-06-03 02:51:44,204 - DataManager - INFO - Input data keys: ['date', 'time', 'site_name', 'agency_name', 'material', 'ticket_no', 'vehicle_no', 'transfer_party_name', 'first_weight', 'first_timestamp', 'second_weight', 'second_timestamp', 'net_weight', 'material_type', 'first_front_image', 'first_back_image', 'second_front_image', 'second_back_image', 'site_incharge', 'user_name']
2025-06-03 02:51:44,204 - DataManager - INFO - Net weight calculated: 36640.0 - 12690.0 = 23950.00
2025-06-03 02:51:44,204 - DataManager - INFO - Using data file: data\Tharuni_Guntur_data.csv
2025-06-03 02:51:44,206 - DataManager - INFO - Successfully loaded 15 records from data\Tharuni_Guntur_data.csv
2025-06-03 02:51:44,206 - DataManager - INFO - Filtered 15 records to 1 using filter: 't0016'
2025-06-03 02:51:44,207 - DataManager - INFO - Updating existing record: T0016
2025-06-03 02:51:44,207 - DataManager - INFO - Updating record T0016 in data\Tharuni_Guntur_data.csv
2025-06-03 02:51:44,208 - DataManager - INFO - Read 15 records from CSV
2025-06-03 02:51:44,208 - DataManager - INFO - Found record to update at index 13
2025-06-03 02:51:44,209 - DataManager - INFO - Updated record data: ['03-06-2025', '02:51:44', 'Guntur', 'Tharuni', 'Inert', 'T0016', 'TS08EL0455', 'Jindal', '36640.00', '03-06-2025 02:51:04', '12690.00', '03-06-2025 02:51:39', '23950.00', 'Inert', '', '', '', '', '', 'admin']
2025-06-03 02:51:44,211 - DataManager - INFO - ✅ Record T0016 updated in data\Tharuni_Guntur_data.csv
2025-06-03 02:51:44,212 - DataManager - INFO - ✅ Record T0016 saved to local CSV successfully
2025-06-03 02:51:44,212 - DataManager - INFO - Weighment analysis:
2025-06-03 02:51:44,212 - DataManager - INFO -   - Has first weighment: True
2025-06-03 02:51:44,212 - DataManager - INFO -   - Has second weighment: True
2025-06-03 02:51:44,213 - DataManager - INFO -   - Is first weighment save: False
2025-06-03 02:51:44,213 - DataManager - INFO -   - Is complete record: True
2025-06-03 02:51:44,213 - DataManager - INFO -   - Is update: True
2025-06-03 02:51:44,213 - DataManager - INFO - Complete record detected - saving JSON backup locally...
2025-06-03 02:51:44,215 - DataManager - INFO - ✅ JSON backup saved: data\json_backups\2025-06-03\T0016_Tharuni_Guntur_025144.json
2025-06-03 02:51:44,215 - DataManager - INFO - ✅ JSON backup saved locally for T0016
2025-06-03 02:51:44,215 - DataManager - INFO - Complete record detected for ticket T0016 - generating PDF locally...
2025-06-03 02:51:44,216 - DataManager - INFO - Today's reports folder ensured: data\reports\2025-06-03
2025-06-03 02:51:44,216 - DataManager - INFO - Reports will be saved to: data\reports\2025-06-03
2025-06-03 02:51:44,217 - DataManager - INFO - Today's reports folder ensured: data\reports\2025-06-03
2025-06-03 02:51:44,219 - DataManager - INFO - SIMPLE TEST - Net display: '23950.00 kg'
2025-06-03 02:51:44,219 - DataManager - INFO - Building PDF document: data\reports\2025-06-03\Tharuni_Guntur_T0016_TS08EL0455_025144.pdf
2025-06-03 02:51:44,229 - DataManager - INFO - PDF created successfully: data\reports\2025-06-03\Tharuni_Guntur_T0016_TS08EL0455_025144.pdf (2964 bytes)
2025-06-03 02:51:44,229 - DataManager - INFO - Auto-generated PDF: data\reports\2025-06-03\Tharuni_Guntur_T0016_TS08EL0455_025144.pdf
2025-06-03 02:51:44,230 - DataManager - INFO - PDF saved to today's reports folder: data\reports\2025-06-03
2025-06-03 02:51:44,230 - DataManager - INFO - ✅ PDF auto-generated locally: data\reports\2025-06-03\Tharuni_Guntur_T0016_TS08EL0455_025144.pdf
2025-06-03 02:51:44,230 - DataManager - INFO - ✅ OFFLINE-FIRST SAVE COMPLETED - Local CSV, JSON backup, and PDF generated
2025-06-03 02:51:44,231 - DataManager - INFO - 📂 PDF saved to today's reports folder: data\reports\2025-06-03
2025-06-03 02:51:44,231 - DataManager - INFO - 💡 Cloud backup available via Settings > Cloud Storage > Backup
2025-06-03 02:51:44,231 - DataManager - INFO - ==================================================
2025-06-03 02:51:44,231 - TharuniApp - INFO - ✅ Record T0016 saved successfully
2025-06-03 02:51:44,234 - TharuniApp - INFO - Removing T0016 from pending vehicles list
2025-06-03 02:51:44,234 - PendingVehiclesPanel - INFO - Attempting to remove ticket T0016 from pending list
2025-06-03 02:51:44,235 - PendingVehiclesPanel - INFO - Removed ticket T0016 from pending list
2025-06-03 02:51:45,572 - DataManager - INFO - Successfully loaded 15 records from data\Tharuni_Guntur_data.csv
2025-06-03 02:51:45,573 - DataManager - INFO - Returning all 15 records (no filter)
2025-06-03 02:51:45,574 - PendingVehiclesPanel - INFO - Refreshing pending vehicles list
2025-06-03 02:51:45,575 - DataManager - INFO - Successfully loaded 15 records from data\Tharuni_Guntur_data.csv
2025-06-03 02:51:45,575 - PendingVehiclesPanel - INFO - Retrieved 15 total records
2025-06-03 02:51:45,587 - PendingVehiclesPanel - INFO - Found 0 pending records
2025-06-03 02:51:45,587 - PendingVehiclesPanel - INFO - Successfully refreshed pending list with 0 items
2025-06-03 02:51:45,588 - TharuniApp - INFO - SAVE RECORD OPERATION COMPLETED SUCCESSFULLY WITH SMART TICKET FLOW
2025-06-03 02:51:45,588 - TharuniApp - INFO - ==================================================
2025-06-03 02:51:48,322 - urllib3.connectionpool - WARNING - Retrying (Retry(total=2, connect=None, read=None, redirect=None, status=None)) after connection broken by 'NameResolutionError("<urllib3.connection.HTTPSConnection object at 0x00000209509B7D90>: Failed to resolve 'oauth2.googleapis.com' ([Errno 11001] getaddrinfo failed)")': /token
2025-06-03 02:51:48,323 - urllib3.connectionpool - WARNING - Retrying (Retry(total=1, connect=None, read=None, redirect=None, status=None)) after connection broken by 'NameResolutionError("<urllib3.connection.HTTPSConnection object at 0x0000020950A21450>: Failed to resolve 'oauth2.googleapis.com' ([Errno 11001] getaddrinfo failed)")': /token
2025-06-03 02:51:48,324 - urllib3.connectionpool - WARNING - Retrying (Retry(total=0, connect=None, read=None, redirect=None, status=None)) after connection broken by 'NameResolutionError("<urllib3.connection.HTTPSConnection object at 0x0000020950A21310>: Failed to resolve 'oauth2.googleapis.com' ([Errno 11001] getaddrinfo failed)")': /token
2025-06-03 02:51:51,451 - PendingVehiclesPanel - INFO - Refreshing pending vehicles list
2025-06-03 02:51:51,454 - DataManager - INFO - Successfully loaded 15 records from data\Tharuni_Guntur_data.csv
2025-06-03 02:51:51,455 - PendingVehiclesPanel - INFO - Retrieved 15 total records
2025-06-03 02:51:51,473 - PendingVehiclesPanel - INFO - Found 0 pending records
2025-06-03 02:51:51,473 - PendingVehiclesPanel - INFO - Successfully refreshed pending list with 0 items
2025-06-03 02:51:51,474 - DataManager - INFO - Created new daily folder: data\reports\03-06
2025-06-03 02:51:59,828 - urllib3.connectionpool - WARNING - Retrying (Retry(total=2, connect=None, read=None, redirect=None, status=None)) after connection broken by 'NameResolutionError("<urllib3.connection.HTTPSConnection object at 0x0000020950A207D0>: Failed to resolve 'oauth2.googleapis.com' ([Errno 11001] getaddrinfo failed)")': /token
2025-06-03 02:51:59,829 - urllib3.connectionpool - WARNING - Retrying (Retry(total=1, connect=None, read=None, redirect=None, status=None)) after connection broken by 'NameResolutionError("<urllib3.connection.HTTPSConnection object at 0x0000020950A20550>: Failed to resolve 'oauth2.googleapis.com' ([Errno 11001] getaddrinfo failed)")': /token
2025-06-03 02:51:59,830 - urllib3.connectionpool - WARNING - Retrying (Retry(total=0, connect=None, read=None, redirect=None, status=None)) after connection broken by 'NameResolutionError("<urllib3.connection.HTTPSConnection object at 0x0000020950A202D0>: Failed to resolve 'oauth2.googleapis.com' ([Errno 11001] getaddrinfo failed)")': /token
2025-06-03 02:52:30,154 - urllib3.connectionpool - WARNING - Retrying (Retry(total=2, connect=None, read=None, redirect=None, status=None)) after connection broken by 'NameResolutionError("<urllib3.connection.HTTPSConnection object at 0x0000020950A20910>: Failed to resolve 'oauth2.googleapis.com' ([Errno 11001] getaddrinfo failed)")': /token
2025-06-03 02:52:30,155 - urllib3.connectionpool - WARNING - Retrying (Retry(total=1, connect=None, read=None, redirect=None, status=None)) after connection broken by 'NameResolutionError("<urllib3.connection.HTTPSConnection object at 0x0000020950A22D50>: Failed to resolve 'oauth2.googleapis.com' ([Errno 11001] getaddrinfo failed)")': /token
2025-06-03 02:52:30,156 - urllib3.connectionpool - WARNING - Retrying (Retry(total=0, connect=None, read=None, redirect=None, status=None)) after connection broken by 'NameResolutionError("<urllib3.connection.HTTPSConnection object at 0x0000020950A23390>: Failed to resolve 'oauth2.googleapis.com' ([Errno 11001] getaddrinfo failed)")': /token
2025-06-03 02:52:51,487 - PendingVehiclesPanel - INFO - Refreshing pending vehicles list
2025-06-03 02:52:51,489 - DataManager - INFO - Successfully loaded 15 records from data\Tharuni_Guntur_data.csv
2025-06-03 02:52:51,490 - PendingVehiclesPanel - INFO - Retrieved 15 total records
2025-06-03 02:52:51,509 - PendingVehiclesPanel - INFO - Found 0 pending records
2025-06-03 02:52:51,510 - PendingVehiclesPanel - INFO - Successfully refreshed pending list with 0 items
2025-06-03 02:52:56,640 - urllib3.connectionpool - WARNING - Retrying (Retry(total=2, connect=None, read=None, redirect=None, status=None)) after connection broken by 'NameResolutionError("<urllib3.connection.HTTPSConnection object at 0x0000020950A22FD0>: Failed to resolve 'oauth2.googleapis.com' ([Errno 11001] getaddrinfo failed)")': /token
2025-06-03 02:52:56,640 - urllib3.connectionpool - WARNING - Retrying (Retry(total=1, connect=None, read=None, redirect=None, status=None)) after connection broken by 'NameResolutionError("<urllib3.connection.HTTPSConnection object at 0x00000209509B7C50>: Failed to resolve 'oauth2.googleapis.com' ([Errno 11001] getaddrinfo failed)")': /token
2025-06-03 02:52:56,641 - urllib3.connectionpool - WARNING - Retrying (Retry(total=0, connect=None, read=None, redirect=None, status=None)) after connection broken by 'NameResolutionError("<urllib3.connection.HTTPSConnection object at 0x0000020950A22850>: Failed to resolve 'oauth2.googleapis.com' ([Errno 11001] getaddrinfo failed)")': /token
2025-06-03 02:52:56,645 - DataManager - INFO - Cloud storage initialized on demand
2025-06-03 02:53:51,516 - PendingVehiclesPanel - INFO - Refreshing pending vehicles list
2025-06-03 02:53:51,518 - DataManager - INFO - Successfully loaded 15 records from data\Tharuni_Guntur_data.csv
2025-06-03 02:53:51,520 - PendingVehiclesPanel - INFO - Retrieved 15 total records
2025-06-03 02:53:51,537 - PendingVehiclesPanel - INFO - Found 0 pending records
2025-06-03 02:53:51,538 - PendingVehiclesPanel - INFO - Successfully refreshed pending list with 0 items
2025-06-03 02:54:51,543 - PendingVehiclesPanel - INFO - Refreshing pending vehicles list
2025-06-03 02:54:51,546 - DataManager - INFO - Successfully loaded 15 records from data\Tharuni_Guntur_data.csv
2025-06-03 02:54:51,547 - PendingVehiclesPanel - INFO - Retrieved 15 total records
2025-06-03 02:54:51,565 - PendingVehiclesPanel - INFO - Found 0 pending records
2025-06-03 02:54:51,565 - PendingVehiclesPanel - INFO - Successfully refreshed pending list with 0 items
2025-06-03 02:55:51,570 - PendingVehiclesPanel - INFO - Refreshing pending vehicles list
2025-06-03 02:55:51,572 - DataManager - INFO - Successfully loaded 15 records from data\Tharuni_Guntur_data.csv
2025-06-03 02:55:51,574 - PendingVehiclesPanel - INFO - Retrieved 15 total records
2025-06-03 02:55:51,593 - PendingVehiclesPanel - INFO - Found 0 pending records
2025-06-03 02:55:51,593 - PendingVehiclesPanel - INFO - Successfully refreshed pending list with 0 items
2025-06-03 02:56:51,595 - PendingVehiclesPanel - INFO - Refreshing pending vehicles list
2025-06-03 02:56:51,597 - DataManager - INFO - Successfully loaded 15 records from data\Tharuni_Guntur_data.csv
2025-06-03 02:56:51,599 - PendingVehiclesPanel - INFO - Retrieved 15 total records
2025-06-03 02:56:51,617 - PendingVehiclesPanel - INFO - Found 0 pending records
2025-06-03 02:56:51,618 - PendingVehiclesPanel - INFO - Successfully refreshed pending list with 0 items
2025-06-03 02:57:51,631 - PendingVehiclesPanel - INFO - Refreshing pending vehicles list
2025-06-03 02:57:51,632 - DataManager - INFO - Successfully loaded 15 records from data\Tharuni_Guntur_data.csv
2025-06-03 02:57:51,634 - PendingVehiclesPanel - INFO - Retrieved 15 total records
2025-06-03 02:57:51,663 - PendingVehiclesPanel - INFO - Found 0 pending records
2025-06-03 02:57:51,664 - PendingVehiclesPanel - INFO - Successfully refreshed pending list with 0 items
2025-06-03 02:58:51,669 - PendingVehiclesPanel - INFO - Refreshing pending vehicles list
2025-06-03 02:58:51,672 - DataManager - INFO - Successfully loaded 15 records from data\Tharuni_Guntur_data.csv
2025-06-03 02:58:51,673 - PendingVehiclesPanel - INFO - Retrieved 15 total records
2025-06-03 02:58:51,691 - PendingVehiclesPanel - INFO - Found 0 pending records
2025-06-03 02:58:51,691 - PendingVehiclesPanel - INFO - Successfully refreshed pending list with 0 items
2025-06-03 02:59:51,693 - PendingVehiclesPanel - INFO - Refreshing pending vehicles list
2025-06-03 02:59:51,693 - DataManager - INFO - Successfully loaded 15 records from data\Tharuni_Guntur_data.csv
2025-06-03 02:59:51,694 - PendingVehiclesPanel - INFO - Retrieved 15 total records
2025-06-03 02:59:51,705 - PendingVehiclesPanel - INFO - Found 0 pending records
2025-06-03 02:59:51,706 - PendingVehiclesPanel - INFO - Successfully refreshed pending list with 0 items
2025-06-03 03:00:51,713 - PendingVehiclesPanel - INFO - Refreshing pending vehicles list
2025-06-03 03:00:51,714 - DataManager - INFO - Successfully loaded 15 records from data\Tharuni_Guntur_data.csv
2025-06-03 03:00:51,714 - PendingVehiclesPanel - INFO - Retrieved 15 total records
2025-06-03 03:00:51,726 - PendingVehiclesPanel - INFO - Found 0 pending records
2025-06-03 03:00:51,727 - PendingVehiclesPanel - INFO - Successfully refreshed pending list with 0 items
2025-06-03 03:01:51,730 - PendingVehiclesPanel - INFO - Refreshing pending vehicles list
2025-06-03 03:01:51,731 - DataManager - INFO - Successfully loaded 15 records from data\Tharuni_Guntur_data.csv
2025-06-03 03:01:51,732 - PendingVehiclesPanel - INFO - Retrieved 15 total records
2025-06-03 03:01:51,745 - PendingVehiclesPanel - INFO - Found 0 pending records
2025-06-03 03:01:51,745 - PendingVehiclesPanel - INFO - Successfully refreshed pending list with 0 items
2025-06-03 03:02:51,757 - PendingVehiclesPanel - INFO - Refreshing pending vehicles list
2025-06-03 03:02:51,759 - DataManager - INFO - Successfully loaded 15 records from data\Tharuni_Guntur_data.csv
2025-06-03 03:02:51,759 - PendingVehiclesPanel - INFO - Retrieved 15 total records
2025-06-03 03:02:51,775 - PendingVehiclesPanel - INFO - Found 0 pending records
2025-06-03 03:02:51,775 - PendingVehiclesPanel - INFO - Successfully refreshed pending list with 0 items
2025-06-03 03:03:30,937 - TharuniApp - INFO - ============================================================
2025-06-03 03:03:30,937 - TharuniApp - INFO - APPLICATION STARTUP
2025-06-03 03:03:30,937 - TharuniApp - INFO - ============================================================
2025-06-03 03:03:30,941 - TharuniApp - INFO - Configuration setup completed
2025-06-03 03:03:30,942 - DataManager - INFO - DataManager initialized with OFFLINE-FIRST approach + JSON local storage
2025-06-03 03:03:30,942 - DataManager - INFO - CSV structure is up to date
2025-06-03 03:03:30,943 - DataManager - INFO - Daily PDF folder structure ready:
2025-06-03 03:03:30,943 - DataManager - INFO -   Base reports folder: data\reports
2025-06-03 03:03:30,943 - DataManager - INFO -   Today's folder: data\reports\2025-06-03
2025-06-03 03:03:30,944 - DataManager - INFO - Data file: data\weighbridge_data.csv
2025-06-03 03:03:30,944 - DataManager - INFO - Reports folder: data\reports
2025-06-03 03:03:30,944 - DataManager - INFO - JSON backup folder: data\json_backups
2025-06-03 03:03:30,945 - DataManager - INFO - PDF folder: data\reports\2025-06-03
2025-06-03 03:03:30,945 - DataManager - INFO - Cloud storage will only be initialized when backup is requested
2025-06-03 03:03:30,946 - TharuniApp - INFO - Data manager initialized
2025-06-03 03:03:30,949 - TharuniApp - INFO - Settings storage initialized
2025-06-03 03:03:30,951 - TharuniApp - INFO - UI styles initialized
2025-06-03 03:03:30,951 - TharuniApp - INFO - Starting user authentication
2025-06-03 03:03:35,605 - TharuniApp - INFO - Authentication successful: admin
2025-06-03 03:03:35,606 - TharuniApp - INFO - User logged in: admin (Role: admin)
2025-06-03 03:03:35,606 - TharuniApp - INFO - Setting up data context
2025-06-03 03:03:35,607 - DataManager - INFO - CSV structure is up to date
2025-06-03 03:03:35,607 - DataManager - INFO - Data context set to: Agency='Tharuni', Site='Guntur'
2025-06-03 03:03:35,607 - DataManager - INFO - Data file: data\Tharuni_Guntur_data.csv
2025-06-03 03:03:35,607 - TharuniApp - INFO - Data context initialized: Agency='Tharuni', Site='Guntur'
2025-06-03 03:03:35,607 - TharuniApp - INFO - Data will be saved to: data\Tharuni_Guntur_data.csv
2025-06-03 03:03:35,608 - TharuniApp - INFO - PDFs will be saved to: data\reports\2025-06-03
2025-06-03 03:03:35,608 - TharuniApp - INFO - Creating application widgets
2025-06-03 03:03:35,615 - TharuniApp - INFO - Creating main panel
2025-06-03 03:03:35,624 - FormValidator - INFO - FormValidator initialized
2025-06-03 03:03:35,634 - DataManager - INFO - Successfully loaded 15 records from data\Tharuni_Guntur_data.csv
2025-06-03 03:03:36,238 - DataManager - INFO - Successfully loaded 15 records from data\Tharuni_Guntur_data.csv
2025-06-03 03:03:36,239 - TharuniApp - INFO - Main form created
2025-06-03 03:03:36,239 - DataManager - INFO - CSV structure is up to date
2025-06-03 03:03:36,240 - DataManager - INFO - Data context set to: Agency='Tharuni', Site='Guntur'
2025-06-03 03:03:36,240 - DataManager - INFO - Data file: data\Tharuni_Guntur_data.csv
2025-06-03 03:03:36,240 - DataManager - INFO - CSV structure is up to date
2025-06-03 03:03:36,241 - DataManager - INFO - Data context set to: Agency='Tharuni', Site='Guntur'
2025-06-03 03:03:36,241 - DataManager - INFO - Data file: data\Tharuni_Guntur_data.csv
2025-06-03 03:03:36,241 - DataManager - INFO - CSV structure is up to date
2025-06-03 03:03:36,242 - DataManager - INFO - Data context set to: Agency='Tharuni', Site='Guntur'
2025-06-03 03:03:36,242 - DataManager - INFO - Data file: data\Tharuni_Guntur_data.csv
2025-06-03 03:03:36,242 - PendingVehiclesPanel - INFO - PendingVehiclesPanel initialized
2025-06-03 03:03:36,248 - PendingVehiclesPanel - INFO - Refreshing pending vehicles list
2025-06-03 03:03:36,248 - DataManager - INFO - Successfully loaded 15 records from data\Tharuni_Guntur_data.csv
2025-06-03 03:03:36,249 - PendingVehiclesPanel - INFO - Retrieved 15 total records
2025-06-03 03:03:36,260 - PendingVehiclesPanel - INFO - Found 0 pending records
2025-06-03 03:03:36,260 - PendingVehiclesPanel - INFO - Successfully refreshed pending list with 0 items
2025-06-03 03:03:36,260 - TharuniApp - INFO - Pending vehicles panel created
2025-06-03 03:03:36,480 - TharuniApp - INFO - Main panel creation completed
2025-06-03 03:03:36,487 - TharuniApp - INFO - Summary panel created
2025-06-03 03:03:36,727 - TharuniApp - INFO - ✅ Data manager reference set in settings panel
2025-06-03 03:03:36,727 - TharuniApp - INFO - Widget creation completed successfully
2025-06-03 03:03:36,728 - PendingVehiclesPanel - INFO - Refreshing pending vehicles list
2025-06-03 03:03:36,729 - DataManager - INFO - Successfully loaded 15 records from data\Tharuni_Guntur_data.csv
2025-06-03 03:03:36,730 - PendingVehiclesPanel - INFO - Retrieved 15 total records
2025-06-03 03:03:36,741 - PendingVehiclesPanel - INFO - Found 0 pending records
2025-06-03 03:03:36,741 - PendingVehiclesPanel - INFO - Successfully refreshed pending list with 0 items
2025-06-03 03:03:36,742 - DataManager - INFO - Created new daily folder: data\reports\03-06
2025-06-03 03:03:36,744 - TharuniApp - INFO - Application initialization completed successfully
2025-06-03 03:03:37,735 - TharuniApp - INFO - Ensuring settings persistence...
2025-06-03 03:03:37,742 - TharuniApp - INFO - Settings persistence check completed
2025-06-03 03:03:38,452 - DataManager - INFO - Cloud storage initialized on demand
2025-06-03 03:03:39,192 - DataManager - INFO - Record T0017 successfully saved to cloud at Tharuni/Guntur/T0017/20250603_030338.json
2025-06-03 03:03:39,192 - DataManager - INFO - No images found to upload for ticket T0017
2025-06-03 03:03:39,263 - DataManager - INFO - Record T0016 successfully saved to cloud at Tharuni/Guntur/T0016/20250603_030338.json
2025-06-03 03:03:39,263 - DataManager - INFO - No images found to upload for ticket T0016
2025-06-03 15:56:30,283 - TharuniApp - INFO - ============================================================
2025-06-03 15:56:30,284 - TharuniApp - INFO - APPLICATION STARTUP
2025-06-03 15:56:30,284 - TharuniApp - INFO - ============================================================
2025-06-03 15:56:30,301 - TharuniApp - INFO - Configuration setup completed
2025-06-03 15:56:30,304 - DataManager - INFO - DataManager initialized with OFFLINE-FIRST approach + JSON local storage
2025-06-03 15:56:30,314 - DataManager - INFO - CSV structure is up to date
2025-06-03 15:56:30,315 - DataManager - INFO - Daily PDF folder structure ready:
2025-06-03 15:56:30,316 - DataManager - INFO -   Base reports folder: data\reports
2025-06-03 15:56:30,316 - DataManager - INFO -   Today's folder: data\reports\2025-06-03
2025-06-03 15:56:30,332 - DataManager - INFO - Data file: data\weighbridge_data.csv
2025-06-03 15:56:30,332 - DataManager - INFO - Reports folder: data\reports
2025-06-03 15:56:30,333 - DataManager - INFO - JSON backup folder: data\json_backups
2025-06-03 15:56:30,333 - DataManager - INFO - PDF folder: data\reports\2025-06-03
2025-06-03 15:56:30,333 - DataManager - INFO - Cloud storage will only be initialized when backup is requested
2025-06-03 15:56:30,334 - TharuniApp - INFO - Data manager initialized
2025-06-03 15:56:30,358 - TharuniApp - INFO - Settings storage initialized
2025-06-03 15:56:30,361 - TharuniApp - INFO - UI styles initialized
2025-06-03 15:56:30,362 - TharuniApp - INFO - Starting user authentication
2025-06-03 15:57:02,948 - TharuniApp - INFO - Authentication canceled - exiting application
2025-06-03 15:57:02,948 - TharuniApp - INFO - User authentication failed or canceled - exiting
2025-06-03 15:58:00,534 - TharuniApp - INFO - ============================================================
2025-06-03 15:58:00,534 - TharuniApp - INFO - APPLICATION STARTUP
2025-06-03 15:58:00,535 - TharuniApp - INFO - ============================================================
2025-06-03 15:58:00,538 - TharuniApp - INFO - Configuration setup completed
2025-06-03 15:58:00,539 - DataManager - INFO - DataManager initialized with OFFLINE-FIRST approach + JSON local storage
2025-06-03 15:58:00,540 - DataManager - INFO - CSV structure is up to date
2025-06-03 15:58:00,540 - DataManager - INFO - Daily PDF folder structure ready:
2025-06-03 15:58:00,541 - DataManager - INFO -   Base reports folder: data\reports
2025-06-03 15:58:00,541 - DataManager - INFO -   Today's folder: data\reports\2025-06-03
2025-06-03 15:58:00,542 - DataManager - INFO - Data file: data\weighbridge_data.csv
2025-06-03 15:58:00,542 - DataManager - INFO - Reports folder: data\reports
2025-06-03 15:58:00,542 - DataManager - INFO - JSON backup folder: data\json_backups
2025-06-03 15:58:00,542 - DataManager - INFO - PDF folder: data\reports\2025-06-03
2025-06-03 15:58:00,543 - DataManager - INFO - Cloud storage will only be initialized when backup is requested
2025-06-03 15:58:00,543 - TharuniApp - INFO - Data manager initialized
2025-06-03 15:58:00,545 - TharuniApp - INFO - Settings storage initialized
2025-06-03 15:58:00,549 - TharuniApp - INFO - UI styles initialized
2025-06-03 15:58:00,549 - TharuniApp - INFO - Starting user authentication
2025-06-03 15:58:04,138 - TharuniApp - INFO - Authentication successful: admin
2025-06-03 15:58:04,138 - TharuniApp - INFO - User logged in: admin (Role: admin)
2025-06-03 15:58:04,139 - TharuniApp - INFO - Setting up data context
2025-06-03 15:58:04,151 - DataManager - INFO - CSV structure is up to date
2025-06-03 15:58:04,152 - DataManager - INFO - Data context set to: Agency='Tharuni', Site='Guntur'
2025-06-03 15:58:04,153 - DataManager - INFO - Data file: data\Tharuni_Guntur_data.csv
2025-06-03 15:58:04,154 - TharuniApp - INFO - Data context initialized: Agency='Tharuni', Site='Guntur'
2025-06-03 15:58:04,154 - TharuniApp - INFO - Data will be saved to: data\Tharuni_Guntur_data.csv
2025-06-03 15:58:04,155 - TharuniApp - INFO - PDFs will be saved to: data\reports\2025-06-03
2025-06-03 15:58:04,155 - TharuniApp - INFO - Creating application widgets
2025-06-03 15:58:04,173 - TharuniApp - INFO - Creating main panel
2025-06-03 15:58:04,181 - FormValidator - INFO - FormValidator initialized
2025-06-03 15:58:04,193 - DataManager - INFO - Successfully loaded 15 records from data\Tharuni_Guntur_data.csv
2025-06-03 15:58:05,033 - DataManager - INFO - Successfully loaded 15 records from data\Tharuni_Guntur_data.csv
2025-06-03 15:58:05,033 - TharuniApp - INFO - Main form created
2025-06-03 15:58:05,035 - DataManager - INFO - CSV structure is up to date
2025-06-03 15:58:05,035 - DataManager - INFO - Data context set to: Agency='Tharuni', Site='Guntur'
2025-06-03 15:58:05,035 - DataManager - INFO - Data file: data\Tharuni_Guntur_data.csv
2025-06-03 15:58:05,036 - DataManager - INFO - CSV structure is up to date
2025-06-03 15:58:05,037 - DataManager - INFO - Data context set to: Agency='Tharuni', Site='Guntur'
2025-06-03 15:58:05,037 - DataManager - INFO - Data file: data\Tharuni_Guntur_data.csv
2025-06-03 15:58:05,038 - DataManager - INFO - CSV structure is up to date
2025-06-03 15:58:05,038 - DataManager - INFO - Data context set to: Agency='Tharuni', Site='Guntur'
2025-06-03 15:58:05,039 - DataManager - INFO - Data file: data\Tharuni_Guntur_data.csv
2025-06-03 15:58:05,039 - PendingVehiclesPanel - INFO - PendingVehiclesPanel initialized
2025-06-03 15:58:05,050 - PendingVehiclesPanel - INFO - Refreshing pending vehicles list
2025-06-03 15:58:05,051 - DataManager - INFO - Successfully loaded 15 records from data\Tharuni_Guntur_data.csv
2025-06-03 15:58:05,051 - PendingVehiclesPanel - INFO - Retrieved 15 total records
2025-06-03 15:58:05,067 - PendingVehiclesPanel - INFO - Found 0 pending records
2025-06-03 15:58:05,068 - PendingVehiclesPanel - INFO - Successfully refreshed pending list with 0 items
2025-06-03 15:58:05,069 - TharuniApp - INFO - Pending vehicles panel created
2025-06-03 15:58:05,618 - TharuniApp - INFO - Main panel creation completed
2025-06-03 15:58:05,625 - TharuniApp - INFO - Summary panel created
2025-06-03 15:58:05,857 - TharuniApp - INFO - ✅ Data manager reference set in settings panel
2025-06-03 15:58:05,858 - TharuniApp - INFO - Widget creation completed successfully
2025-06-03 15:58:05,860 - PendingVehiclesPanel - INFO - Refreshing pending vehicles list
2025-06-03 15:58:05,861 - DataManager - INFO - Successfully loaded 15 records from data\Tharuni_Guntur_data.csv
2025-06-03 15:58:05,861 - PendingVehiclesPanel - INFO - Retrieved 15 total records
2025-06-03 15:58:05,876 - PendingVehiclesPanel - INFO - Found 0 pending records
2025-06-03 15:58:05,877 - PendingVehiclesPanel - INFO - Successfully refreshed pending list with 0 items
2025-06-03 15:58:05,877 - DataManager - INFO - Created new daily folder: data\reports\03-06
2025-06-03 15:58:05,882 - TharuniApp - INFO - Application initialization completed successfully
2025-06-03 15:58:06,870 - TharuniApp - INFO - Ensuring settings persistence...
2025-06-03 15:58:06,874 - TharuniApp - INFO - Settings persistence check completed
2025-06-03 15:59:05,879 - PendingVehiclesPanel - INFO - Refreshing pending vehicles list
2025-06-03 15:59:05,880 - DataManager - INFO - Successfully loaded 15 records from data\Tharuni_Guntur_data.csv
2025-06-03 15:59:05,880 - PendingVehiclesPanel - INFO - Retrieved 15 total records
2025-06-03 15:59:05,895 - PendingVehiclesPanel - INFO - Found 0 pending records
2025-06-03 15:59:05,896 - PendingVehiclesPanel - INFO - Successfully refreshed pending list with 0 items
2025-06-03 16:00:05,899 - PendingVehiclesPanel - INFO - Refreshing pending vehicles list
2025-06-03 16:00:05,902 - DataManager - INFO - Successfully loaded 15 records from data\Tharuni_Guntur_data.csv
2025-06-03 16:00:05,904 - PendingVehiclesPanel - INFO - Retrieved 15 total records
2025-06-03 16:00:05,922 - PendingVehiclesPanel - INFO - Found 0 pending records
2025-06-03 16:00:05,923 - PendingVehiclesPanel - INFO - Successfully refreshed pending list with 0 items
2025-06-03 16:01:05,938 - PendingVehiclesPanel - INFO - Refreshing pending vehicles list
2025-06-03 16:01:05,939 - DataManager - INFO - Successfully loaded 15 records from data\Tharuni_Guntur_data.csv
2025-06-03 16:01:05,939 - PendingVehiclesPanel - INFO - Retrieved 15 total records
2025-06-03 16:01:05,953 - PendingVehiclesPanel - INFO - Found 0 pending records
2025-06-03 16:01:05,954 - PendingVehiclesPanel - INFO - Successfully refreshed pending list with 0 items
2025-06-03 16:01:20,634 - DataManager - INFO - Successfully loaded 15 records from data\Tharuni_Guntur_data.csv
2025-06-03 16:01:20,663 - DataManager - INFO - Successfully loaded 15 records from data\Tharuni_Guntur_data.csv
2025-06-03 16:01:20,665 - DataManager - INFO - Successfully loaded 15 records from data\Tharuni_Guntur_data.csv
2025-06-03 16:01:22,161 - DataManager - INFO - Successfully loaded 15 records from data\Tharuni_Guntur_data.csv
2025-06-03 16:01:22,164 - DataManager - INFO - Successfully loaded 15 records from data\Tharuni_Guntur_data.csv
2025-06-03 16:01:23,458 - DataManager - INFO - Successfully loaded 15 records from data\Tharuni_Guntur_data.csv
2025-06-03 16:01:23,521 - DataManager - INFO - Successfully loaded 15 records from data\Tharuni_Guntur_data.csv
2025-06-03 16:01:23,544 - DataManager - INFO - Successfully loaded 15 records from data\Tharuni_Guntur_data.csv
2025-06-03 16:01:23,633 - DataManager - INFO - Successfully loaded 15 records from data\Tharuni_Guntur_data.csv
2025-06-03 16:01:24,656 - DataManager - INFO - Successfully loaded 15 records from data\Tharuni_Guntur_data.csv
2025-06-03 16:01:24,800 - DataManager - INFO - Successfully loaded 15 records from data\Tharuni_Guntur_data.csv
2025-06-03 16:01:25,728 - DataManager - INFO - Successfully loaded 15 records from data\Tharuni_Guntur_data.csv
2025-06-03 16:01:25,815 - DataManager - INFO - Successfully loaded 15 records from data\Tharuni_Guntur_data.csv
2025-06-03 16:01:26,240 - DataManager - INFO - Successfully loaded 15 records from data\Tharuni_Guntur_data.csv
2025-06-03 16:01:26,625 - DataManager - INFO - Successfully loaded 15 records from data\Tharuni_Guntur_data.csv
2025-06-03 16:01:27,202 - DataManager - INFO - Successfully loaded 15 records from data\Tharuni_Guntur_data.csv
2025-06-03 16:01:27,354 - DataManager - INFO - Successfully loaded 15 records from data\Tharuni_Guntur_data.csv
2025-06-03 16:01:27,505 - DataManager - INFO - Successfully loaded 15 records from data\Tharuni_Guntur_data.csv
2025-06-03 16:01:29,311 - DataManager - INFO - Successfully loaded 15 records from data\Tharuni_Guntur_data.csv
2025-06-03 16:01:29,457 - DataManager - INFO - Successfully loaded 15 records from data\Tharuni_Guntur_data.csv
2025-06-03 16:01:29,865 - DataManager - INFO - Successfully loaded 15 records from data\Tharuni_Guntur_data.csv
2025-06-03 16:01:30,079 - DataManager - INFO - Successfully loaded 15 records from data\Tharuni_Guntur_data.csv
2025-06-03 16:01:33,342 - DataManager - INFO - Successfully loaded 15 records from data\Tharuni_Guntur_data.csv
2025-06-03 16:01:33,344 - DataManager - INFO - Successfully loaded 15 records from data\Tharuni_Guntur_data.csv
2025-06-03 16:01:37,282 - DataManager - INFO - Successfully loaded 15 records from data\Tharuni_Guntur_data.csv
2025-06-03 16:01:37,283 - DataManager - INFO - Successfully loaded 15 records from data\Tharuni_Guntur_data.csv
2025-06-03 16:01:39,661 - TharuniApp - INFO - ==================================================
2025-06-03 16:01:39,662 - TharuniApp - INFO - SAVE RECORD OPERATION STARTED WITH SMART TICKET FLOW
2025-06-03 16:01:39,662 - FormValidator - INFO - Starting comprehensive form validation
2025-06-03 16:01:39,663 - FormValidator - INFO - Validating basic fields
2025-06-03 16:01:39,664 - FormValidator - INFO - Field values: ticket='T0018', vehicle='AO07GT0123', agency='Tharuni'
2025-06-03 16:01:39,664 - FormValidator - INFO - Basic validation passed
2025-06-03 16:01:39,665 - FormValidator - INFO - Validating weighment data
2025-06-03 16:01:39,665 - FormValidator - INFO - Weighment data: first_weight='29250.00', first_timestamp='03-06-2025 16:01:32', second_weight='6400.00', second_timestamp='03-06-2025 16:01:35'
2025-06-03 16:01:39,666 - FormValidator - INFO - Weighment validation passed
2025-06-03 16:01:39,666 - FormValidator - INFO - Validating images for second weighment
2025-06-03 16:01:39,667 - FormValidator - INFO - Images validation for second: front=False, back=False
2025-06-03 16:01:40,793 - DataManager - INFO - Successfully loaded 15 records from data\Tharuni_Guntur_data.csv
2025-06-03 16:01:40,795 - DataManager - INFO - Successfully loaded 15 records from data\Tharuni_Guntur_data.csv
2025-06-03 16:01:40,805 - FormValidator - INFO - User chose to continue without images
2025-06-03 16:01:40,805 - FormValidator - INFO - Form validation passed successfully
2025-06-03 16:01:40,808 - TharuniApp - INFO - Saving record for ticket: T0018
2025-06-03 16:01:40,809 - DataManager - INFO - Successfully loaded 15 records from data\Tharuni_Guntur_data.csv
2025-06-03 16:01:40,810 - DataManager - INFO - Filtered 15 records to 0 using filter: 't0018'
2025-06-03 16:01:40,810 - TharuniApp - INFO - Adding new record: T0018
2025-06-03 16:01:40,811 - TharuniApp - INFO - Calling data_manager.save_record for T0018
2025-06-03 16:01:40,812 - DataManager - INFO - ==================================================
2025-06-03 16:01:40,812 - DataManager - INFO - STARTING OFFLINE-FIRST RECORD SAVE
2025-06-03 16:01:40,813 - DataManager - INFO - Input data keys: ['date', 'time', 'site_name', 'agency_name', 'material', 'ticket_no', 'vehicle_no', 'transfer_party_name', 'first_weight', 'first_timestamp', 'second_weight', 'second_timestamp', 'net_weight', 'material_type', 'first_front_image', 'first_back_image', 'second_front_image', 'second_back_image', 'site_incharge', 'user_name']
2025-06-03 16:01:40,813 - DataManager - INFO - Net weight calculated: 29250.0 - 6400.0 = 22850.00
2025-06-03 16:01:40,814 - DataManager - INFO - Using data file: data\Tharuni_Guntur_data.csv
2025-06-03 16:01:40,814 - DataManager - INFO - Successfully loaded 15 records from data\Tharuni_Guntur_data.csv
2025-06-03 16:01:40,815 - DataManager - INFO - Filtered 15 records to 0 using filter: 't0018'
2025-06-03 16:01:40,815 - DataManager - INFO - Adding new record: T0018
2025-06-03 16:01:40,816 - DataManager - INFO - Adding new record to CSV
2025-06-03 16:01:40,816 - DataManager - INFO - Record data: ['03-06-2025', '16:01:40', 'Guntur', 'Tharuni', 'Inert', 'T0018', 'AO07GT0123', 'Jindal', '29250.00', '03-06-2025 16:01:32', '6400.00', '03-06-2025 16:01:35', '22850.00', 'Inert', '', '', '', '', '', 'admin']
2025-06-03 16:01:40,818 - DataManager - INFO - ✅ New record added to data\Tharuni_Guntur_data.csv
2025-06-03 16:01:40,818 - DataManager - INFO - ✅ Record T0018 saved to local CSV successfully
2025-06-03 16:01:40,819 - DataManager - INFO - Weighment analysis:
2025-06-03 16:01:40,819 - DataManager - INFO -   - Has first weighment: True
2025-06-03 16:01:40,819 - DataManager - INFO -   - Has second weighment: True
2025-06-03 16:01:40,819 - DataManager - INFO -   - Is first weighment save: False
2025-06-03 16:01:40,820 - DataManager - INFO -   - Is complete record: True
2025-06-03 16:01:40,820 - DataManager - INFO -   - Is update: False
2025-06-03 16:01:40,820 - DataManager - INFO - Complete record detected - saving JSON backup locally...
2025-06-03 16:01:40,821 - DataManager - INFO - Created new daily JSON folder: data\json_backups\2025-06-03
2025-06-03 16:01:40,824 - DataManager - INFO - ✅ JSON backup saved: data\json_backups\2025-06-03\T0018_Tharuni_Guntur_160140.json
2025-06-03 16:01:40,825 - DataManager - INFO - ✅ JSON backup saved locally for T0018
2025-06-03 16:01:40,825 - DataManager - INFO - Complete record detected for ticket T0018 - generating PDF locally...
2025-06-03 16:01:40,826 - DataManager - INFO - Today's reports folder ensured: data\reports\2025-06-03
2025-06-03 16:01:40,826 - DataManager - INFO - Reports will be saved to: data\reports\2025-06-03
2025-06-03 16:01:40,827 - DataManager - INFO - Today's reports folder ensured: data\reports\2025-06-03
2025-06-03 16:01:40,829 - DataManager - INFO - SIMPLE TEST - Net display: '22850.00 kg'
2025-06-03 16:01:40,830 - DataManager - INFO - Building PDF document: data\reports\2025-06-03\Tharuni_Guntur_T0018_AO07GT0123_160140.pdf
2025-06-03 16:01:40,845 - DataManager - INFO - PDF created successfully: data\reports\2025-06-03\Tharuni_Guntur_T0018_AO07GT0123_160140.pdf (2963 bytes)
2025-06-03 16:01:40,845 - DataManager - INFO - Auto-generated PDF: data\reports\2025-06-03\Tharuni_Guntur_T0018_AO07GT0123_160140.pdf
2025-06-03 16:01:40,845 - DataManager - INFO - PDF saved to today's reports folder: data\reports\2025-06-03
2025-06-03 16:01:40,846 - DataManager - INFO - ✅ PDF auto-generated locally: data\reports\2025-06-03\Tharuni_Guntur_T0018_AO07GT0123_160140.pdf
2025-06-03 16:01:40,846 - DataManager - INFO - ✅ OFFLINE-FIRST SAVE COMPLETED - Local CSV, JSON backup, and PDF generated
2025-06-03 16:01:40,847 - DataManager - INFO - 📂 PDF saved to today's reports folder: data\reports\2025-06-03
2025-06-03 16:01:40,847 - DataManager - INFO - 💡 Cloud backup available via Settings > Cloud Storage > Backup
2025-06-03 16:01:40,847 - DataManager - INFO - ==================================================
2025-06-03 16:01:40,847 - TharuniApp - INFO - ✅ Record T0018 saved successfully
2025-06-03 16:01:42,156 - DataManager - INFO - Cloud storage initialized on demand
2025-06-03 16:01:42,340 - DataManager - INFO - Successfully loaded 16 records from data\Tharuni_Guntur_data.csv
2025-06-03 16:01:42,341 - DataManager - INFO - Successfully loaded 16 records from data\Tharuni_Guntur_data.csv
2025-06-03 16:01:42,346 - DataManager - INFO - Successfully loaded 16 records from data\Tharuni_Guntur_data.csv
2025-06-03 16:01:42,347 - DataManager - INFO - Returning all 16 records (no filter)
2025-06-03 16:01:42,348 - PendingVehiclesPanel - INFO - Refreshing pending vehicles list
2025-06-03 16:01:42,349 - DataManager - INFO - Successfully loaded 16 records from data\Tharuni_Guntur_data.csv
2025-06-03 16:01:42,349 - PendingVehiclesPanel - INFO - Retrieved 16 total records
2025-06-03 16:01:42,365 - PendingVehiclesPanel - INFO - Found 0 pending records
2025-06-03 16:01:42,365 - PendingVehiclesPanel - INFO - Successfully refreshed pending list with 0 items
2025-06-03 16:01:42,366 - TharuniApp - INFO - SAVE RECORD OPERATION COMPLETED SUCCESSFULLY WITH SMART TICKET FLOW
2025-06-03 16:01:42,366 - TharuniApp - INFO - ==================================================
2025-06-03 16:01:42,578 - DataManager - INFO - Record T0018 successfully saved to cloud at Tharuni/Guntur/T0018/20250603_160142.json
2025-06-03 16:01:42,578 - DataManager - INFO - No images found to upload for ticket T0018
2025-06-03 16:01:49,030 - DataManager - INFO - Successfully loaded 16 records from data\Tharuni_Guntur_data.csv
2025-06-03 16:01:49,034 - DataManager - INFO - Successfully loaded 16 records from data\Tharuni_Guntur_data.csv
2025-06-03 16:01:49,037 - DataManager - INFO - Successfully loaded 16 records from data\Tharuni_Guntur_data.csv
2025-06-03 16:01:49,919 - DataManager - INFO - Successfully loaded 16 records from data\Tharuni_Guntur_data.csv
2025-06-03 16:01:49,984 - DataManager - INFO - Successfully loaded 16 records from data\Tharuni_Guntur_data.csv
2025-06-03 16:01:50,121 - DataManager - INFO - Successfully loaded 16 records from data\Tharuni_Guntur_data.csv
2025-06-03 16:01:50,881 - DataManager - INFO - Successfully loaded 16 records from data\Tharuni_Guntur_data.csv
2025-06-03 16:01:51,025 - DataManager - INFO - Successfully loaded 16 records from data\Tharuni_Guntur_data.csv
2025-06-03 16:01:54,065 - DataManager - INFO - Successfully loaded 16 records from data\Tharuni_Guntur_data.csv
2025-06-03 16:01:54,321 - DataManager - INFO - Successfully loaded 16 records from data\Tharuni_Guntur_data.csv
2025-06-03 16:01:54,473 - DataManager - INFO - Successfully loaded 16 records from data\Tharuni_Guntur_data.csv
2025-06-03 16:01:55,559 - DataManager - INFO - Successfully loaded 16 records from data\Tharuni_Guntur_data.csv
2025-06-03 16:01:55,721 - DataManager - INFO - Successfully loaded 16 records from data\Tharuni_Guntur_data.csv
2025-06-03 16:01:55,897 - DataManager - INFO - Successfully loaded 16 records from data\Tharuni_Guntur_data.csv
2025-06-03 16:01:56,041 - DataManager - INFO - Successfully loaded 16 records from data\Tharuni_Guntur_data.csv
2025-06-03 16:02:00,459 - DataManager - INFO - Successfully loaded 16 records from data\Tharuni_Guntur_data.csv
2025-06-03 16:02:00,460 - DataManager - INFO - Successfully loaded 16 records from data\Tharuni_Guntur_data.csv
2025-06-03 16:02:05,957 - PendingVehiclesPanel - INFO - Refreshing pending vehicles list
2025-06-03 16:02:05,958 - DataManager - INFO - Successfully loaded 16 records from data\Tharuni_Guntur_data.csv
2025-06-03 16:02:05,958 - PendingVehiclesPanel - INFO - Retrieved 16 total records
2025-06-03 16:02:05,974 - PendingVehiclesPanel - INFO - Found 0 pending records
2025-06-03 16:02:05,975 - PendingVehiclesPanel - INFO - Successfully refreshed pending list with 0 items
2025-06-03 16:02:05,975 - DataManager - INFO - Created new daily folder: data\reports\03-06
2025-06-03 16:02:13,979 - FormValidator - INFO - Vehicle validation passed: AP02AN2020
2025-06-03 16:02:15,607 - DataManager - INFO - Successfully loaded 16 records from data\Tharuni_Guntur_data.csv
2025-06-03 16:02:15,607 - DataManager - INFO - Successfully loaded 16 records from data\Tharuni_Guntur_data.csv
2025-06-03 16:02:19,761 - TharuniApp - INFO - ==================================================
2025-06-03 16:02:19,761 - TharuniApp - INFO - SAVE RECORD OPERATION STARTED WITH SMART TICKET FLOW
2025-06-03 16:02:19,761 - FormValidator - INFO - Starting comprehensive form validation
2025-06-03 16:02:19,762 - FormValidator - INFO - Validating basic fields
2025-06-03 16:02:19,762 - FormValidator - INFO - Field values: ticket='T0019', vehicle='AP02AN2020', agency=''
2025-06-03 16:02:19,762 - FormValidator - ERROR - Basic validation failed: Please fill in the following required fields: Agency Name
2025-06-03 16:02:21,337 - DataManager - INFO - Successfully loaded 16 records from data\Tharuni_Guntur_data.csv
2025-06-03 16:02:21,338 - DataManager - INFO - Successfully loaded 16 records from data\Tharuni_Guntur_data.csv
2025-06-03 16:02:21,342 - TharuniApp - WARNING - Form validation failed - aborting save
2025-06-03 16:02:21,342 - TharuniApp - INFO - ==================================================
2025-06-03 16:02:24,092 - DataManager - INFO - CSV structure is up to date
2025-06-03 16:02:24,092 - DataManager - INFO - Data context set to: Agency='Tharuni', Site='Guntur'
2025-06-03 16:02:24,093 - DataManager - INFO - Data file: data\Tharuni_Guntur_data.csv
2025-06-03 16:02:26,451 - TharuniApp - INFO - ==================================================
2025-06-03 16:02:26,452 - TharuniApp - INFO - SAVE RECORD OPERATION STARTED WITH SMART TICKET FLOW
2025-06-03 16:02:26,452 - FormValidator - INFO - Starting comprehensive form validation
2025-06-03 16:02:26,453 - FormValidator - INFO - Validating basic fields
2025-06-03 16:02:26,453 - FormValidator - INFO - Field values: ticket='T0019', vehicle='AP02AN2020', agency='Tharuni'
2025-06-03 16:02:26,454 - FormValidator - INFO - Basic validation passed
2025-06-03 16:02:26,454 - FormValidator - INFO - Validating weighment data
2025-06-03 16:02:26,455 - FormValidator - INFO - Weighment data: first_weight='24230.00', first_timestamp='03-06-2025 16:01:58', second_weight='', second_timestamp=''
2025-06-03 16:02:26,455 - FormValidator - INFO - Weighment validation passed
2025-06-03 16:02:26,456 - FormValidator - INFO - Validating images for second weighment
2025-06-03 16:02:26,456 - FormValidator - INFO - Images validation for second: front=False, back=False
2025-06-03 16:02:27,745 - FormValidator - INFO - User chose to continue without images
2025-06-03 16:02:27,745 - FormValidator - INFO - Form validation passed successfully
2025-06-03 16:02:27,747 - TharuniApp - INFO - Saving record for ticket: T0019
2025-06-03 16:02:27,748 - DataManager - INFO - Successfully loaded 16 records from data\Tharuni_Guntur_data.csv
2025-06-03 16:02:27,748 - DataManager - INFO - Filtered 16 records to 0 using filter: 't0019'
2025-06-03 16:02:27,749 - TharuniApp - INFO - Adding new record: T0019
2025-06-03 16:02:27,749 - TharuniApp - INFO - Calling data_manager.save_record for T0019
2025-06-03 16:02:27,750 - DataManager - INFO - ==================================================
2025-06-03 16:02:27,750 - DataManager - INFO - STARTING OFFLINE-FIRST RECORD SAVE
2025-06-03 16:02:27,750 - DataManager - INFO - Input data keys: ['date', 'time', 'site_name', 'agency_name', 'material', 'ticket_no', 'vehicle_no', 'transfer_party_name', 'first_weight', 'first_timestamp', 'second_weight', 'second_timestamp', 'net_weight', 'material_type', 'first_front_image', 'first_back_image', 'second_front_image', 'second_back_image', 'site_incharge', 'user_name']
2025-06-03 16:02:27,752 - DataManager - INFO - Net weight cleared - incomplete weighments
2025-06-03 16:02:27,752 - DataManager - INFO - Using data file: data\Tharuni_Guntur_data.csv
2025-06-03 16:02:27,753 - DataManager - INFO - Successfully loaded 16 records from data\Tharuni_Guntur_data.csv
2025-06-03 16:02:27,753 - DataManager - INFO - Filtered 16 records to 0 using filter: 't0019'
2025-06-03 16:02:27,754 - DataManager - INFO - Adding new record: T0019
2025-06-03 16:02:27,754 - DataManager - INFO - Adding new record to CSV
2025-06-03 16:02:27,754 - DataManager - INFO - Record data: ['03-06-2025', '16:02:27', 'Guntur', 'Tharuni', 'Inert', 'T0019', 'AP02AN2020', 'Jindal', '24230.00', '03-06-2025 16:01:58', '', '', '', 'Inert', 'Guntur_AP02AN2020_20250603_160213_1st_front.jpg', '', '', '', '', 'admin']
2025-06-03 16:02:27,755 - DataManager - INFO - ✅ New record added to data\Tharuni_Guntur_data.csv
2025-06-03 16:02:27,755 - DataManager - INFO - ✅ Record T0019 saved to local CSV successfully
2025-06-03 16:02:27,756 - DataManager - INFO - Weighment analysis:
2025-06-03 16:02:27,756 - DataManager - INFO -   - Has first weighment: True
2025-06-03 16:02:27,756 - DataManager - INFO -   - Has second weighment: False
2025-06-03 16:02:27,757 - DataManager - INFO -   - Is first weighment save: True
2025-06-03 16:02:27,757 - DataManager - INFO -   - Is complete record: False
2025-06-03 16:02:27,757 - DataManager - INFO -   - Is update: False
2025-06-03 16:02:27,757 - DataManager - INFO - ✅ OFFLINE-FIRST SAVE COMPLETED - Local CSV, JSON backup, and PDF generated
2025-06-03 16:02:27,758 - DataManager - INFO - 💡 Cloud backup available via Settings > Cloud Storage > Backup
2025-06-03 16:02:27,758 - DataManager - INFO - ==================================================
2025-06-03 16:02:27,758 - TharuniApp - INFO - ✅ Record T0019 saved successfully
2025-06-03 16:02:28,962 - DataManager - INFO - Successfully loaded 17 records from data\Tharuni_Guntur_data.csv
2025-06-03 16:02:28,962 - DataManager - INFO - Returning all 17 records (no filter)
2025-06-03 16:02:28,964 - PendingVehiclesPanel - INFO - Refreshing pending vehicles list
2025-06-03 16:02:28,965 - DataManager - INFO - Successfully loaded 17 records from data\Tharuni_Guntur_data.csv
2025-06-03 16:02:28,966 - PendingVehiclesPanel - INFO - Retrieved 17 total records
2025-06-03 16:02:28,989 - PendingVehiclesPanel - INFO - Added to pending: T0019
2025-06-03 16:02:28,990 - PendingVehiclesPanel - INFO - Found 1 pending records
2025-06-03 16:02:28,991 - PendingVehiclesPanel - INFO - Successfully refreshed pending list with 1 items
2025-06-03 16:02:28,991 - TharuniApp - INFO - SAVE RECORD OPERATION COMPLETED SUCCESSFULLY WITH SMART TICKET FLOW
2025-06-03 16:02:28,992 - TharuniApp - INFO - ==================================================
2025-06-03 16:02:35,688 - DataManager - INFO - Successfully loaded 17 records from data\Tharuni_Guntur_data.csv
2025-06-03 16:02:35,692 - DataManager - INFO - Successfully loaded 17 records from data\Tharuni_Guntur_data.csv
2025-06-03 16:02:35,695 - DataManager - INFO - Successfully loaded 17 records from data\Tharuni_Guntur_data.csv
2025-06-03 16:02:37,047 - DataManager - INFO - Successfully loaded 17 records from data\Tharuni_Guntur_data.csv
2025-06-03 16:02:37,087 - DataManager - INFO - Successfully loaded 17 records from data\Tharuni_Guntur_data.csv
2025-06-03 16:02:37,201 - DataManager - INFO - Successfully loaded 17 records from data\Tharuni_Guntur_data.csv
2025-06-03 16:02:38,072 - DataManager - INFO - Successfully loaded 17 records from data\Tharuni_Guntur_data.csv
2025-06-03 16:02:38,505 - DataManager - INFO - Successfully loaded 17 records from data\Tharuni_Guntur_data.csv
2025-06-03 16:02:39,232 - DataManager - INFO - Successfully loaded 17 records from data\Tharuni_Guntur_data.csv
2025-06-03 16:02:39,360 - DataManager - INFO - Successfully loaded 17 records from data\Tharuni_Guntur_data.csv
2025-06-03 16:02:39,513 - DataManager - INFO - Successfully loaded 17 records from data\Tharuni_Guntur_data.csv
2025-06-03 16:02:40,295 - DataManager - INFO - Successfully loaded 17 records from data\Tharuni_Guntur_data.csv
2025-06-03 16:02:41,104 - DataManager - INFO - Successfully loaded 17 records from data\Tharuni_Guntur_data.csv
2025-06-03 16:02:41,391 - DataManager - INFO - Successfully loaded 17 records from data\Tharuni_Guntur_data.csv
2025-06-03 16:02:41,582 - DataManager - INFO - Successfully loaded 17 records from data\Tharuni_Guntur_data.csv
2025-06-03 16:02:43,239 - DataManager - INFO - CSV structure is up to date
2025-06-03 16:02:43,240 - DataManager - INFO - Data context set to: Agency='Tharuni', Site='Guntur'
2025-06-03 16:02:43,241 - DataManager - INFO - Data file: data\Tharuni_Guntur_data.csv
2025-06-03 16:02:49,583 - FormValidator - INFO - Vehicle validation passed: AP20AN2020
2025-06-03 16:02:52,271 - TharuniApp - INFO - ==================================================
2025-06-03 16:02:52,272 - TharuniApp - INFO - SAVE RECORD OPERATION STARTED WITH SMART TICKET FLOW
2025-06-03 16:02:52,272 - FormValidator - INFO - Starting comprehensive form validation
2025-06-03 16:02:52,273 - FormValidator - INFO - Validating basic fields
2025-06-03 16:02:52,273 - FormValidator - INFO - Field values: ticket='T0020', vehicle='AP20AN2020', agency='Tharuni'
2025-06-03 16:02:52,274 - FormValidator - INFO - Basic validation passed
2025-06-03 16:02:52,274 - FormValidator - INFO - Validating weighment data
2025-06-03 16:02:52,275 - FormValidator - INFO - Weighment data: first_weight='27150.00', first_timestamp='03-06-2025 16:02:44', second_weight='', second_timestamp=''
2025-06-03 16:02:52,275 - FormValidator - INFO - Weighment validation passed
2025-06-03 16:02:52,276 - FormValidator - INFO - Validating images for second weighment
2025-06-03 16:02:52,276 - FormValidator - INFO - Images validation for second: front=False, back=False
2025-06-03 16:02:53,875 - FormValidator - INFO - User chose to continue without images
2025-06-03 16:02:53,876 - FormValidator - INFO - Form validation passed successfully
2025-06-03 16:02:53,878 - TharuniApp - INFO - Saving record for ticket: T0020
2025-06-03 16:02:53,880 - DataManager - INFO - Successfully loaded 17 records from data\Tharuni_Guntur_data.csv
2025-06-03 16:02:53,881 - DataManager - INFO - Filtered 17 records to 0 using filter: 't0020'
2025-06-03 16:02:53,882 - TharuniApp - INFO - Adding new record: T0020
2025-06-03 16:02:53,882 - TharuniApp - INFO - Calling data_manager.save_record for T0020
2025-06-03 16:02:53,883 - DataManager - INFO - ==================================================
2025-06-03 16:02:53,883 - DataManager - INFO - STARTING OFFLINE-FIRST RECORD SAVE
2025-06-03 16:02:53,883 - DataManager - INFO - Input data keys: ['date', 'time', 'site_name', 'agency_name', 'material', 'ticket_no', 'vehicle_no', 'transfer_party_name', 'first_weight', 'first_timestamp', 'second_weight', 'second_timestamp', 'net_weight', 'material_type', 'first_front_image', 'first_back_image', 'second_front_image', 'second_back_image', 'site_incharge', 'user_name']
2025-06-03 16:02:53,884 - DataManager - INFO - Net weight cleared - incomplete weighments
2025-06-03 16:02:53,884 - DataManager - INFO - Using data file: data\Tharuni_Guntur_data.csv
2025-06-03 16:02:53,885 - DataManager - INFO - Successfully loaded 17 records from data\Tharuni_Guntur_data.csv
2025-06-03 16:02:53,885 - DataManager - INFO - Filtered 17 records to 0 using filter: 't0020'
2025-06-03 16:02:53,886 - DataManager - INFO - Adding new record: T0020
2025-06-03 16:02:53,886 - DataManager - INFO - Adding new record to CSV
2025-06-03 16:02:53,886 - DataManager - INFO - Record data: ['03-06-2025', '16:02:53', 'Guntur', 'Tharuni', 'Inert', 'T0020', 'AP20AN2020', 'Jindal', '27150.00', '03-06-2025 16:02:44', '', '', '', 'Inert', 'Guntur_AP20AN2020_20250603_160249_1st_front.jpg', '', '', '', '', 'admin']
2025-06-03 16:02:53,887 - DataManager - INFO - ✅ New record added to data\Tharuni_Guntur_data.csv
2025-06-03 16:02:53,888 - DataManager - INFO - ✅ Record T0020 saved to local CSV successfully
2025-06-03 16:02:53,888 - DataManager - INFO - Weighment analysis:
2025-06-03 16:02:53,888 - DataManager - INFO -   - Has first weighment: True
2025-06-03 16:02:53,889 - DataManager - INFO -   - Has second weighment: False
2025-06-03 16:02:53,889 - DataManager - INFO -   - Is first weighment save: True
2025-06-03 16:02:53,889 - DataManager - INFO -   - Is complete record: False
2025-06-03 16:02:53,889 - DataManager - INFO -   - Is update: False
2025-06-03 16:02:53,890 - DataManager - INFO - ✅ OFFLINE-FIRST SAVE COMPLETED - Local CSV, JSON backup, and PDF generated
2025-06-03 16:02:53,890 - DataManager - INFO - 💡 Cloud backup available via Settings > Cloud Storage > Backup
2025-06-03 16:02:53,890 - DataManager - INFO - ==================================================
2025-06-03 16:02:53,891 - TharuniApp - INFO - ✅ Record T0020 saved successfully
2025-06-03 16:02:55,358 - DataManager - INFO - Successfully loaded 18 records from data\Tharuni_Guntur_data.csv
2025-06-03 16:02:55,358 - DataManager - INFO - Returning all 18 records (no filter)
2025-06-03 16:02:55,359 - PendingVehiclesPanel - INFO - Refreshing pending vehicles list
2025-06-03 16:02:55,360 - DataManager - INFO - Successfully loaded 18 records from data\Tharuni_Guntur_data.csv
2025-06-03 16:02:55,361 - PendingVehiclesPanel - INFO - Retrieved 18 total records
2025-06-03 16:02:55,375 - PendingVehiclesPanel - INFO - Added to pending: T0019
2025-06-03 16:02:55,376 - PendingVehiclesPanel - INFO - Added to pending: T0020
2025-06-03 16:02:55,377 - PendingVehiclesPanel - INFO - Found 2 pending records
2025-06-03 16:02:55,379 - PendingVehiclesPanel - INFO - Successfully refreshed pending list with 2 items
2025-06-03 16:02:55,380 - TharuniApp - INFO - SAVE RECORD OPERATION COMPLETED SUCCESSFULLY WITH SMART TICKET FLOW
2025-06-03 16:02:55,381 - TharuniApp - INFO - ==================================================
2025-06-03 16:02:57,516 - DataManager - INFO - Successfully loaded 18 records from data\Tharuni_Guntur_data.csv
2025-06-03 16:02:57,518 - DataManager - INFO - Successfully loaded 18 records from data\Tharuni_Guntur_data.csv
2025-06-03 16:02:57,520 - DataManager - INFO - Successfully loaded 18 records from data\Tharuni_Guntur_data.csv
2025-06-03 16:02:59,003 - DataManager - INFO - Successfully loaded 18 records from data\Tharuni_Guntur_data.csv
2025-06-03 16:02:59,087 - DataManager - INFO - Successfully loaded 18 records from data\Tharuni_Guntur_data.csv
2025-06-03 16:02:59,201 - DataManager - INFO - Successfully loaded 18 records from data\Tharuni_Guntur_data.csv
2025-06-03 16:02:59,959 - DataManager - INFO - Successfully loaded 18 records from data\Tharuni_Guntur_data.csv
2025-06-03 16:03:00,121 - DataManager - INFO - Successfully loaded 18 records from data\Tharuni_Guntur_data.csv
2025-06-03 16:03:01,970 - DataManager - INFO - Successfully loaded 18 records from data\Tharuni_Guntur_data.csv
2025-06-03 16:03:02,314 - DataManager - INFO - Successfully loaded 18 records from data\Tharuni_Guntur_data.csv
2025-06-03 16:03:02,464 - DataManager - INFO - Successfully loaded 18 records from data\Tharuni_Guntur_data.csv
2025-06-03 16:03:03,119 - DataManager - INFO - Successfully loaded 18 records from data\Tharuni_Guntur_data.csv
2025-06-03 16:03:03,281 - DataManager - INFO - Successfully loaded 18 records from data\Tharuni_Guntur_data.csv
2025-06-03 16:03:03,441 - DataManager - INFO - Successfully loaded 18 records from data\Tharuni_Guntur_data.csv
2025-06-03 16:03:03,601 - DataManager - INFO - Successfully loaded 18 records from data\Tharuni_Guntur_data.csv
2025-06-03 16:03:05,539 - DataManager - INFO - CSV structure is up to date
2025-06-03 16:03:05,540 - DataManager - INFO - Data context set to: Agency='Tharuni', Site='Guntur'
2025-06-03 16:03:05,540 - DataManager - INFO - Data file: data\Tharuni_Guntur_data.csv
2025-06-03 16:03:05,979 - PendingVehiclesPanel - INFO - Refreshing pending vehicles list
2025-06-03 16:03:05,979 - DataManager - INFO - Successfully loaded 18 records from data\Tharuni_Guntur_data.csv
2025-06-03 16:03:05,980 - PendingVehiclesPanel - INFO - Retrieved 18 total records
2025-06-03 16:03:05,993 - PendingVehiclesPanel - INFO - Added to pending: T0019
2025-06-03 16:03:05,994 - PendingVehiclesPanel - INFO - Added to pending: T0020
2025-06-03 16:03:05,994 - PendingVehiclesPanel - INFO - Found 2 pending records
2025-06-03 16:03:05,995 - PendingVehiclesPanel - INFO - Successfully refreshed pending list with 2 items
2025-06-03 16:03:13,050 - FormValidator - INFO - Vehicle validation passed: AP21KR2121
2025-06-03 16:03:17,023 - TharuniApp - INFO - ==================================================
2025-06-03 16:03:17,024 - TharuniApp - INFO - SAVE RECORD OPERATION STARTED WITH SMART TICKET FLOW
2025-06-03 16:03:17,024 - FormValidator - INFO - Starting comprehensive form validation
2025-06-03 16:03:17,025 - FormValidator - INFO - Validating basic fields
2025-06-03 16:03:17,025 - FormValidator - INFO - Field values: ticket='T0021', vehicle='AP21KR2121', agency='Tharuni'
2025-06-03 16:03:17,026 - FormValidator - INFO - Basic validation passed
2025-06-03 16:03:17,026 - FormValidator - INFO - Validating weighment data
2025-06-03 16:03:17,027 - FormValidator - INFO - Weighment data: first_weight='41150.00', first_timestamp='03-06-2025 16:03:06', second_weight='', second_timestamp=''
2025-06-03 16:03:17,027 - FormValidator - INFO - Weighment validation passed
2025-06-03 16:03:17,028 - FormValidator - INFO - Validating images for second weighment
2025-06-03 16:03:17,028 - FormValidator - INFO - Images validation for second: front=False, back=False
2025-06-03 16:03:18,521 - FormValidator - INFO - User chose to continue without images
2025-06-03 16:03:18,522 - FormValidator - INFO - Form validation passed successfully
2025-06-03 16:03:18,525 - TharuniApp - INFO - Saving record for ticket: T0021
2025-06-03 16:03:18,526 - DataManager - INFO - Successfully loaded 18 records from data\Tharuni_Guntur_data.csv
2025-06-03 16:03:18,528 - DataManager - INFO - Filtered 18 records to 0 using filter: 't0021'
2025-06-03 16:03:18,529 - TharuniApp - INFO - Adding new record: T0021
2025-06-03 16:03:18,529 - TharuniApp - INFO - Calling data_manager.save_record for T0021
2025-06-03 16:03:18,530 - DataManager - INFO - ==================================================
2025-06-03 16:03:18,530 - DataManager - INFO - STARTING OFFLINE-FIRST RECORD SAVE
2025-06-03 16:03:18,531 - DataManager - INFO - Input data keys: ['date', 'time', 'site_name', 'agency_name', 'material', 'ticket_no', 'vehicle_no', 'transfer_party_name', 'first_weight', 'first_timestamp', 'second_weight', 'second_timestamp', 'net_weight', 'material_type', 'first_front_image', 'first_back_image', 'second_front_image', 'second_back_image', 'site_incharge', 'user_name']
2025-06-03 16:03:18,531 - DataManager - INFO - Net weight cleared - incomplete weighments
2025-06-03 16:03:18,531 - DataManager - INFO - Using data file: data\Tharuni_Guntur_data.csv
2025-06-03 16:03:18,532 - DataManager - INFO - Successfully loaded 18 records from data\Tharuni_Guntur_data.csv
2025-06-03 16:03:18,533 - DataManager - INFO - Filtered 18 records to 0 using filter: 't0021'
2025-06-03 16:03:18,534 - DataManager - INFO - Adding new record: T0021
2025-06-03 16:03:18,534 - DataManager - INFO - Adding new record to CSV
2025-06-03 16:03:18,534 - DataManager - INFO - Record data: ['03-06-2025', '16:03:18', 'Guntur', 'Tharuni', 'Inert', 'T0021', 'AP21KR2121', 'Jindal', '41150.00', '03-06-2025 16:03:06', '', '', '', 'Inert', 'Guntur_AP21KR2121_20250603_160313_1st_front.jpg', '', '', '', '', 'admin']
2025-06-03 16:03:18,536 - DataManager - INFO - ✅ New record added to data\Tharuni_Guntur_data.csv
2025-06-03 16:03:18,537 - DataManager - INFO - ✅ Record T0021 saved to local CSV successfully
2025-06-03 16:03:18,538 - DataManager - INFO - Weighment analysis:
2025-06-03 16:03:18,538 - DataManager - INFO -   - Has first weighment: True
2025-06-03 16:03:18,539 - DataManager - INFO -   - Has second weighment: False
2025-06-03 16:03:18,539 - DataManager - INFO -   - Is first weighment save: True
2025-06-03 16:03:18,539 - DataManager - INFO -   - Is complete record: False
2025-06-03 16:03:18,540 - DataManager - INFO -   - Is update: False
2025-06-03 16:03:18,540 - DataManager - INFO - ✅ OFFLINE-FIRST SAVE COMPLETED - Local CSV, JSON backup, and PDF generated
2025-06-03 16:03:18,540 - DataManager - INFO - 💡 Cloud backup available via Settings > Cloud Storage > Backup
2025-06-03 16:03:18,541 - DataManager - INFO - ==================================================
2025-06-03 16:03:18,541 - TharuniApp - INFO - ✅ Record T0021 saved successfully
2025-06-03 16:03:20,482 - DataManager - INFO - Successfully loaded 19 records from data\Tharuni_Guntur_data.csv
2025-06-03 16:03:20,483 - DataManager - INFO - Returning all 19 records (no filter)
2025-06-03 16:03:20,484 - PendingVehiclesPanel - INFO - Refreshing pending vehicles list
2025-06-03 16:03:20,484 - DataManager - INFO - Successfully loaded 19 records from data\Tharuni_Guntur_data.csv
2025-06-03 16:03:20,485 - PendingVehiclesPanel - INFO - Retrieved 19 total records
2025-06-03 16:03:20,500 - PendingVehiclesPanel - INFO - Added to pending: T0019
2025-06-03 16:03:20,501 - PendingVehiclesPanel - INFO - Added to pending: T0020
2025-06-03 16:03:20,501 - PendingVehiclesPanel - INFO - Added to pending: T0021
2025-06-03 16:03:20,502 - PendingVehiclesPanel - INFO - Found 3 pending records
2025-06-03 16:03:20,503 - PendingVehiclesPanel - INFO - Successfully refreshed pending list with 3 items
2025-06-03 16:03:20,505 - TharuniApp - INFO - SAVE RECORD OPERATION COMPLETED SUCCESSFULLY WITH SMART TICKET FLOW
2025-06-03 16:03:20,505 - TharuniApp - INFO - ==================================================
2025-06-03 16:03:24,572 - DataManager - INFO - CSV structure is up to date
2025-06-03 16:03:24,572 - DataManager - INFO - Data context set to: Agency='Tharuni', Site='Guntur'
2025-06-03 16:03:24,573 - DataManager - INFO - Data file: data\Tharuni_Guntur_data.csv
2025-06-03 16:03:26,260 - DataManager - INFO - Successfully loaded 19 records from data\Tharuni_Guntur_data.csv
2025-06-03 16:03:26,263 - DataManager - INFO - Successfully loaded 19 records from data\Tharuni_Guntur_data.csv
2025-06-03 16:03:26,264 - DataManager - INFO - Successfully loaded 19 records from data\Tharuni_Guntur_data.csv
2025-06-03 16:03:27,993 - DataManager - INFO - Successfully loaded 19 records from data\Tharuni_Guntur_data.csv
2025-06-03 16:03:28,032 - DataManager - INFO - Successfully loaded 19 records from data\Tharuni_Guntur_data.csv
2025-06-03 16:03:28,096 - DataManager - INFO - Successfully loaded 19 records from data\Tharuni_Guntur_data.csv
2025-06-03 16:03:28,810 - DataManager - INFO - Successfully loaded 19 records from data\Tharuni_Guntur_data.csv
2025-06-03 16:03:28,952 - DataManager - INFO - Successfully loaded 19 records from data\Tharuni_Guntur_data.csv
2025-06-03 16:03:31,529 - DataManager - INFO - Successfully loaded 19 records from data\Tharuni_Guntur_data.csv
2025-06-03 16:03:31,681 - DataManager - INFO - Successfully loaded 19 records from data\Tharuni_Guntur_data.csv
2025-06-03 16:03:31,786 - DataManager - INFO - Successfully loaded 19 records from data\Tharuni_Guntur_data.csv
2025-06-03 16:03:32,473 - DataManager - INFO - Successfully loaded 19 records from data\Tharuni_Guntur_data.csv
2025-06-03 16:03:32,617 - DataManager - INFO - Successfully loaded 19 records from data\Tharuni_Guntur_data.csv
2025-06-03 16:03:33,193 - DataManager - INFO - Successfully loaded 19 records from data\Tharuni_Guntur_data.csv
2025-06-03 16:03:33,331 - DataManager - INFO - Successfully loaded 19 records from data\Tharuni_Guntur_data.csv
2025-06-03 16:03:36,116 - DataManager - INFO - Successfully loaded 19 records from data\Tharuni_Guntur_data.csv
2025-06-03 16:03:36,117 - DataManager - INFO - Successfully loaded 19 records from data\Tharuni_Guntur_data.csv
2025-06-03 16:03:39,532 - DataManager - INFO - Successfully loaded 19 records from data\Tharuni_Guntur_data.csv
2025-06-03 16:03:39,533 - DataManager - INFO - Successfully loaded 19 records from data\Tharuni_Guntur_data.csv
2025-06-03 16:03:44,486 - FormValidator - INFO - Vehicle validation passed: AP22AP2222
2025-06-03 16:03:45,835 - DataManager - INFO - Successfully loaded 19 records from data\Tharuni_Guntur_data.csv
2025-06-03 16:03:45,837 - DataManager - INFO - Successfully loaded 19 records from data\Tharuni_Guntur_data.csv
2025-06-03 16:03:55,304 - TharuniApp - INFO - ==================================================
2025-06-03 16:03:55,304 - TharuniApp - INFO - SAVE RECORD OPERATION STARTED WITH SMART TICKET FLOW
2025-06-03 16:03:55,305 - FormValidator - INFO - Starting comprehensive form validation
2025-06-03 16:03:55,305 - FormValidator - INFO - Validating basic fields
2025-06-03 16:03:55,306 - FormValidator - INFO - Field values: ticket='T0022', vehicle='AP22AP2222', agency='Tharuni'
2025-06-03 16:03:55,306 - FormValidator - INFO - Basic validation passed
2025-06-03 16:03:55,307 - FormValidator - INFO - Validating weighment data
2025-06-03 16:03:55,307 - FormValidator - INFO - Weighment data: first_weight='37430.00', first_timestamp='03-06-2025 16:03:34', second_weight='13520.00', second_timestamp='03-06-2025 16:03:38'
2025-06-03 16:03:55,308 - FormValidator - INFO - Weighment validation passed
2025-06-03 16:03:55,308 - FormValidator - INFO - Validating images for second weighment
2025-06-03 16:03:55,308 - FormValidator - INFO - Images validation for second: front=True, back=False
2025-06-03 16:03:55,309 - FormValidator - INFO - Form validation passed successfully
2025-06-03 16:03:55,312 - TharuniApp - INFO - Saving record for ticket: T0022
2025-06-03 16:03:55,313 - DataManager - INFO - Successfully loaded 19 records from data\Tharuni_Guntur_data.csv
2025-06-03 16:03:55,314 - DataManager - INFO - Filtered 19 records to 0 using filter: 't0022'
2025-06-03 16:03:55,315 - TharuniApp - INFO - Adding new record: T0022
2025-06-03 16:03:55,316 - TharuniApp - INFO - Calling data_manager.save_record for T0022
2025-06-03 16:03:55,317 - DataManager - INFO - ==================================================
2025-06-03 16:03:55,317 - DataManager - INFO - STARTING OFFLINE-FIRST RECORD SAVE
2025-06-03 16:03:55,318 - DataManager - INFO - Input data keys: ['date', 'time', 'site_name', 'agency_name', 'material', 'ticket_no', 'vehicle_no', 'transfer_party_name', 'first_weight', 'first_timestamp', 'second_weight', 'second_timestamp', 'net_weight', 'material_type', 'first_front_image', 'first_back_image', 'second_front_image', 'second_back_image', 'site_incharge', 'user_name']
2025-06-03 16:03:55,318 - DataManager - INFO - Net weight calculated: 37430.0 - 13520.0 = 23910.00
2025-06-03 16:03:55,319 - DataManager - INFO - Using data file: data\Tharuni_Guntur_data.csv
2025-06-03 16:03:55,320 - DataManager - INFO - Successfully loaded 19 records from data\Tharuni_Guntur_data.csv
2025-06-03 16:03:55,321 - DataManager - INFO - Filtered 19 records to 0 using filter: 't0022'
2025-06-03 16:03:55,321 - DataManager - INFO - Adding new record: T0022
2025-06-03 16:03:55,322 - DataManager - INFO - Adding new record to CSV
2025-06-03 16:03:55,322 - DataManager - INFO - Record data: ['03-06-2025', '16:03:55', 'Guntur', 'Tharuni', 'Inert', 'T0022', 'AP22AP2222', 'Jindal', '37430.00', '03-06-2025 16:03:34', '13520.00', '03-06-2025 16:03:38', '23910.00', 'Inert', '', '', 'Guntur_AP22AP2222_20250603_160344_2nd_front.jpg', '', '', 'admin']
2025-06-03 16:03:55,324 - DataManager - INFO - ✅ New record added to data\Tharuni_Guntur_data.csv
2025-06-03 16:03:55,325 - DataManager - INFO - ✅ Record T0022 saved to local CSV successfully
2025-06-03 16:03:55,325 - DataManager - INFO - Weighment analysis:
2025-06-03 16:03:55,325 - DataManager - INFO -   - Has first weighment: True
2025-06-03 16:03:55,326 - DataManager - INFO -   - Has second weighment: True
2025-06-03 16:03:55,326 - DataManager - INFO -   - Is first weighment save: False
2025-06-03 16:03:55,327 - DataManager - INFO -   - Is complete record: True
2025-06-03 16:03:55,327 - DataManager - INFO -   - Is update: False
2025-06-03 16:03:55,327 - DataManager - INFO - Complete record detected - saving JSON backup locally...
2025-06-03 16:03:55,328 - DataManager - INFO - Created new daily JSON folder: data\json_backups\2025-06-03
2025-06-03 16:03:55,331 - DataManager - INFO - ✅ JSON backup saved: data\json_backups\2025-06-03\T0022_Tharuni_Guntur_160355.json
2025-06-03 16:03:55,332 - DataManager - INFO - ✅ JSON backup saved locally for T0022
2025-06-03 16:03:55,333 - DataManager - INFO - Complete record detected for ticket T0022 - generating PDF locally...
2025-06-03 16:03:55,335 - DataManager - INFO - Today's reports folder ensured: data\reports\2025-06-03
2025-06-03 16:03:55,335 - DataManager - INFO - Reports will be saved to: data\reports\2025-06-03
2025-06-03 16:03:55,336 - DataManager - INFO - Today's reports folder ensured: data\reports\2025-06-03
2025-06-03 16:03:55,338 - DataManager - INFO - SIMPLE TEST - Net display: '23910.00 kg'
2025-06-03 16:03:55,361 - DataManager - WARNING - Watermark error: cannot access local variable 'site' where it is not associated with a value, using image without watermark
2025-06-03 16:03:55,371 - DataManager - INFO - Building PDF document: data\reports\2025-06-03\Tharuni_Guntur_T0022_AP22AP2222_160355.pdf
2025-06-03 16:03:55,396 - DataManager - INFO - PDF created successfully: data\reports\2025-06-03\Tharuni_Guntur_T0022_AP22AP2222_160355.pdf (52384 bytes)
2025-06-03 16:03:55,397 - DataManager - INFO - Auto-generated PDF: data\reports\2025-06-03\Tharuni_Guntur_T0022_AP22AP2222_160355.pdf
2025-06-03 16:03:55,397 - DataManager - INFO - PDF saved to today's reports folder: data\reports\2025-06-03
2025-06-03 16:03:55,398 - DataManager - INFO - ✅ PDF auto-generated locally: data\reports\2025-06-03\Tharuni_Guntur_T0022_AP22AP2222_160355.pdf
2025-06-03 16:03:55,399 - DataManager - INFO - ✅ OFFLINE-FIRST SAVE COMPLETED - Local CSV, JSON backup, and PDF generated
2025-06-03 16:03:55,399 - DataManager - INFO - 📂 PDF saved to today's reports folder: data\reports\2025-06-03
2025-06-03 16:03:55,399 - DataManager - INFO - 💡 Cloud backup available via Settings > Cloud Storage > Backup
2025-06-03 16:03:55,400 - DataManager - INFO - ==================================================
2025-06-03 16:03:55,400 - TharuniApp - INFO - ✅ Record T0022 saved successfully
2025-06-03 16:03:56,747 - DataManager - INFO - Record T0022 successfully saved to cloud at Tharuni/Guntur/T0022/20250603_160355.json
2025-06-03 16:03:56,747 - DataManager - INFO - Uploaded 1/1 images for ticket T0022
2025-06-03 16:03:57,339 - DataManager - INFO - Successfully loaded 20 records from data\Tharuni_Guntur_data.csv
2025-06-03 16:03:57,340 - DataManager - INFO - Successfully loaded 20 records from data\Tharuni_Guntur_data.csv
2025-06-03 16:03:57,344 - DataManager - INFO - Successfully loaded 20 records from data\Tharuni_Guntur_data.csv
2025-06-03 16:03:57,345 - DataManager - INFO - Returning all 20 records (no filter)
2025-06-03 16:03:57,346 - PendingVehiclesPanel - INFO - Refreshing pending vehicles list
2025-06-03 16:03:57,346 - DataManager - INFO - Successfully loaded 20 records from data\Tharuni_Guntur_data.csv
2025-06-03 16:03:57,347 - PendingVehiclesPanel - INFO - Retrieved 20 total records
2025-06-03 16:03:57,359 - PendingVehiclesPanel - INFO - Added to pending: T0019
2025-06-03 16:03:57,360 - PendingVehiclesPanel - INFO - Added to pending: T0020
2025-06-03 16:03:57,361 - PendingVehiclesPanel - INFO - Added to pending: T0021
2025-06-03 16:03:57,363 - PendingVehiclesPanel - INFO - Found 3 pending records
2025-06-03 16:03:57,365 - PendingVehiclesPanel - INFO - Successfully refreshed pending list with 3 items
2025-06-03 16:03:57,366 - TharuniApp - INFO - SAVE RECORD OPERATION COMPLETED SUCCESSFULLY WITH SMART TICKET FLOW
2025-06-03 16:03:57,366 - TharuniApp - INFO - ==================================================
2025-06-03 16:04:06,008 - PendingVehiclesPanel - INFO - Refreshing pending vehicles list
2025-06-03 16:04:06,011 - DataManager - INFO - Successfully loaded 20 records from data\Tharuni_Guntur_data.csv
2025-06-03 16:04:06,012 - PendingVehiclesPanel - INFO - Retrieved 20 total records
2025-06-03 16:04:06,031 - PendingVehiclesPanel - INFO - Added to pending: T0019
2025-06-03 16:04:06,031 - PendingVehiclesPanel - INFO - Added to pending: T0020
2025-06-03 16:04:06,032 - PendingVehiclesPanel - INFO - Added to pending: T0021
2025-06-03 16:04:06,033 - PendingVehiclesPanel - INFO - Found 3 pending records
2025-06-03 16:04:06,034 - PendingVehiclesPanel - INFO - Successfully refreshed pending list with 3 items
2025-06-03 16:04:06,035 - DataManager - INFO - Created new daily folder: data\reports\03-06
2025-06-03 16:04:15,264 - PendingVehiclesPanel - INFO - Double-clicked on ticket: T0019
2025-06-03 16:04:15,265 - TharuniApp - INFO - Loading pending vehicle: T0019
2025-06-03 16:04:15,267 - DataManager - INFO - Successfully loaded 20 records from data\Tharuni_Guntur_data.csv
2025-06-03 16:04:15,269 - DataManager - INFO - Filtered 20 records to 1 using filter: 't0019'
2025-06-03 16:04:15,272 - DataManager - INFO - CSV structure is up to date
2025-06-03 16:04:15,273 - DataManager - INFO - Data context set to: Agency='Tharuni', Site='Guntur'
2025-06-03 16:04:15,274 - DataManager - INFO - Data file: data\Tharuni_Guntur_data.csv
2025-06-03 16:04:15,278 - TharuniApp - INFO - Successfully loaded pending ticket: T0019
2025-06-03 16:04:20,862 - TharuniApp - INFO - ==================================================
2025-06-03 16:04:20,862 - TharuniApp - INFO - SAVE RECORD OPERATION STARTED WITH SMART TICKET FLOW
2025-06-03 16:04:20,863 - FormValidator - INFO - Starting comprehensive form validation
2025-06-03 16:04:20,863 - FormValidator - INFO - Validating basic fields
2025-06-03 16:04:20,864 - FormValidator - INFO - Field values: ticket='T0019', vehicle='AP02AN2020', agency='Tharuni'
2025-06-03 16:04:20,864 - FormValidator - INFO - Basic validation passed
2025-06-03 16:04:20,865 - FormValidator - INFO - Validating weighment data
2025-06-03 16:04:20,865 - FormValidator - INFO - Weighment data: first_weight='24230.00', first_timestamp='03-06-2025 16:01:58', second_weight='6750.00', second_timestamp='03-06-2025 16:04:17'
2025-06-03 16:04:20,866 - FormValidator - INFO - Weighment validation passed
2025-06-03 16:04:20,866 - FormValidator - INFO - Validating images for second weighment
2025-06-03 16:04:20,867 - FormValidator - INFO - Images validation for second: front=False, back=False
2025-06-03 16:04:21,886 - FormValidator - INFO - User chose to continue without images
2025-06-03 16:04:21,887 - FormValidator - INFO - Form validation passed successfully
2025-06-03 16:04:21,888 - TharuniApp - INFO - Saving record for ticket: T0019
2025-06-03 16:04:21,889 - DataManager - INFO - Successfully loaded 20 records from data\Tharuni_Guntur_data.csv
2025-06-03 16:04:21,889 - DataManager - INFO - Filtered 20 records to 1 using filter: 't0019'
2025-06-03 16:04:21,889 - TharuniApp - INFO - Updating existing record: T0019
2025-06-03 16:04:21,890 - TharuniApp - INFO - Calling data_manager.save_record for T0019
2025-06-03 16:04:21,890 - DataManager - INFO - ==================================================
2025-06-03 16:04:21,890 - DataManager - INFO - STARTING OFFLINE-FIRST RECORD SAVE
2025-06-03 16:04:21,891 - DataManager - INFO - Input data keys: ['date', 'time', 'site_name', 'agency_name', 'material', 'ticket_no', 'vehicle_no', 'transfer_party_name', 'first_weight', 'first_timestamp', 'second_weight', 'second_timestamp', 'net_weight', 'material_type', 'first_front_image', 'first_back_image', 'second_front_image', 'second_back_image', 'site_incharge', 'user_name']
2025-06-03 16:04:21,891 - DataManager - INFO - Net weight calculated: 24230.0 - 6750.0 = 17480.00
2025-06-03 16:04:21,891 - DataManager - INFO - Using data file: data\Tharuni_Guntur_data.csv
2025-06-03 16:04:21,892 - DataManager - INFO - Successfully loaded 20 records from data\Tharuni_Guntur_data.csv
2025-06-03 16:04:21,893 - DataManager - INFO - Filtered 20 records to 1 using filter: 't0019'
2025-06-03 16:04:21,894 - DataManager - INFO - Updating existing record: T0019
2025-06-03 16:04:21,894 - DataManager - INFO - Updating record T0019 in data\Tharuni_Guntur_data.csv
2025-06-03 16:04:21,895 - DataManager - INFO - Read 20 records from CSV
2025-06-03 16:04:21,896 - DataManager - INFO - Found record to update at index 16
2025-06-03 16:04:21,897 - DataManager - INFO - Updated record data: ['03-06-2025', '16:04:21', 'Guntur', 'Tharuni', 'Inert', 'T0019', 'AP02AN2020', 'Jindal', '24230.00', '03-06-2025 16:01:58', '6750.00', '03-06-2025 16:04:17', '17480.00', 'Inert', 'Guntur_AP02AN2020_20250603_160213_1st_front.jpg', '', '', '', '', 'admin']
2025-06-03 16:04:21,903 - DataManager - INFO - ✅ Record T0019 updated in data\Tharuni_Guntur_data.csv
2025-06-03 16:04:21,903 - DataManager - INFO - ✅ Record T0019 saved to local CSV successfully
2025-06-03 16:04:21,904 - DataManager - INFO - Weighment analysis:
2025-06-03 16:04:21,904 - DataManager - INFO -   - Has first weighment: True
2025-06-03 16:04:21,904 - DataManager - INFO -   - Has second weighment: True
2025-06-03 16:04:21,904 - DataManager - INFO -   - Is first weighment save: False
2025-06-03 16:04:21,905 - DataManager - INFO -   - Is complete record: True
2025-06-03 16:04:21,905 - DataManager - INFO -   - Is update: True
2025-06-03 16:04:21,905 - DataManager - INFO - Complete record detected - saving JSON backup locally...
2025-06-03 16:04:21,906 - DataManager - INFO - Created new daily JSON folder: data\json_backups\2025-06-03
2025-06-03 16:04:21,907 - DataManager - INFO - ✅ JSON backup saved: data\json_backups\2025-06-03\T0019_Tharuni_Guntur_160421.json
2025-06-03 16:04:21,908 - DataManager - INFO - ✅ JSON backup saved locally for T0019
2025-06-03 16:04:21,908 - DataManager - INFO - Complete record detected for ticket T0019 - generating PDF locally...
2025-06-03 16:04:21,910 - DataManager - INFO - Today's reports folder ensured: data\reports\2025-06-03
2025-06-03 16:04:21,911 - DataManager - INFO - Reports will be saved to: data\reports\2025-06-03
2025-06-03 16:04:21,911 - DataManager - INFO - Today's reports folder ensured: data\reports\2025-06-03
2025-06-03 16:04:21,914 - DataManager - INFO - SIMPLE TEST - Net display: '17480.00 kg'
2025-06-03 16:04:21,926 - DataManager - WARNING - Watermark error: cannot access local variable 'site' where it is not associated with a value, using image without watermark
2025-06-03 16:04:21,937 - DataManager - INFO - Building PDF document: data\reports\2025-06-03\Tharuni_Guntur_T0019_AP02AN2020_160421.pdf
2025-06-03 16:04:21,964 - DataManager - INFO - PDF created successfully: data\reports\2025-06-03\Tharuni_Guntur_T0019_AP02AN2020_160421.pdf (52446 bytes)
2025-06-03 16:04:21,964 - DataManager - INFO - Auto-generated PDF: data\reports\2025-06-03\Tharuni_Guntur_T0019_AP02AN2020_160421.pdf
2025-06-03 16:04:21,964 - DataManager - INFO - PDF saved to today's reports folder: data\reports\2025-06-03
2025-06-03 16:04:21,965 - DataManager - INFO - ✅ PDF auto-generated locally: data\reports\2025-06-03\Tharuni_Guntur_T0019_AP02AN2020_160421.pdf
2025-06-03 16:04:21,965 - DataManager - INFO - ✅ OFFLINE-FIRST SAVE COMPLETED - Local CSV, JSON backup, and PDF generated
2025-06-03 16:04:21,965 - DataManager - INFO - 📂 PDF saved to today's reports folder: data\reports\2025-06-03
2025-06-03 16:04:21,966 - DataManager - INFO - 💡 Cloud backup available via Settings > Cloud Storage > Backup
2025-06-03 16:04:21,967 - DataManager - INFO - ==================================================
2025-06-03 16:04:21,969 - TharuniApp - INFO - ✅ Record T0019 saved successfully
2025-06-03 16:04:22,002 - TharuniApp - INFO - Removing T0019 from pending vehicles list
2025-06-03 16:04:22,002 - PendingVehiclesPanel - INFO - Attempting to remove ticket T0019 from pending list
2025-06-03 16:04:22,003 - PendingVehiclesPanel - INFO - Removed ticket T0019 from pending list
2025-06-03 16:04:23,139 - DataManager - INFO - Record T0019 successfully saved to cloud at Tharuni/Guntur/T0019/20250603_160422.json
2025-06-03 16:04:23,140 - DataManager - INFO - Uploaded 1/1 images for ticket T0019
2025-06-03 16:04:23,520 - DataManager - INFO - Successfully loaded 20 records from data\Tharuni_Guntur_data.csv
2025-06-03 16:04:23,521 - DataManager - INFO - Returning all 20 records (no filter)
2025-06-03 16:04:23,522 - PendingVehiclesPanel - INFO - Refreshing pending vehicles list
2025-06-03 16:04:23,522 - DataManager - INFO - Successfully loaded 20 records from data\Tharuni_Guntur_data.csv
2025-06-03 16:04:23,523 - PendingVehiclesPanel - INFO - Retrieved 20 total records
2025-06-03 16:04:23,538 - PendingVehiclesPanel - INFO - Added to pending: T0020
2025-06-03 16:04:23,539 - PendingVehiclesPanel - INFO - Added to pending: T0021
2025-06-03 16:04:23,541 - PendingVehiclesPanel - INFO - Found 2 pending records
2025-06-03 16:04:23,543 - PendingVehiclesPanel - INFO - Successfully refreshed pending list with 2 items
2025-06-03 16:04:23,543 - TharuniApp - INFO - SAVE RECORD OPERATION COMPLETED SUCCESSFULLY WITH SMART TICKET FLOW
2025-06-03 16:04:23,544 - TharuniApp - INFO - ==================================================
2025-06-03 16:04:25,986 - PendingVehiclesPanel - INFO - Double-clicked on ticket: T0020
2025-06-03 16:04:25,987 - TharuniApp - INFO - Loading pending vehicle: T0020
2025-06-03 16:04:25,989 - DataManager - INFO - Successfully loaded 20 records from data\Tharuni_Guntur_data.csv
2025-06-03 16:04:25,991 - DataManager - INFO - Filtered 20 records to 1 using filter: 't0020'
2025-06-03 16:04:25,994 - DataManager - INFO - CSV structure is up to date
2025-06-03 16:04:25,995 - DataManager - INFO - Data context set to: Agency='Tharuni', Site='Guntur'
2025-06-03 16:04:25,996 - DataManager - INFO - Data file: data\Tharuni_Guntur_data.csv
2025-06-03 16:04:26,003 - TharuniApp - INFO - Successfully loaded pending ticket: T0020
2025-06-03 16:04:32,916 - TharuniApp - INFO - ==================================================
2025-06-03 16:04:32,916 - TharuniApp - INFO - SAVE RECORD OPERATION STARTED WITH SMART TICKET FLOW
2025-06-03 16:04:32,917 - FormValidator - INFO - Starting comprehensive form validation
2025-06-03 16:04:32,917 - FormValidator - INFO - Validating basic fields
2025-06-03 16:04:32,918 - FormValidator - INFO - Field values: ticket='T0020', vehicle='AP20AN2020', agency='Tharuni'
2025-06-03 16:04:32,918 - FormValidator - INFO - Basic validation passed
2025-06-03 16:04:32,919 - FormValidator - INFO - Validating weighment data
2025-06-03 16:04:32,919 - FormValidator - INFO - Weighment data: first_weight='27150.00', first_timestamp='03-06-2025 16:02:44', second_weight='8790.00', second_timestamp='03-06-2025 16:04:29'
2025-06-03 16:04:32,920 - FormValidator - INFO - Weighment validation passed
2025-06-03 16:04:32,920 - FormValidator - INFO - Validating images for second weighment
2025-06-03 16:04:32,921 - FormValidator - INFO - Images validation for second: front=False, back=False
2025-06-03 16:04:34,040 - FormValidator - INFO - User chose to continue without images
2025-06-03 16:04:34,040 - FormValidator - INFO - Form validation passed successfully
2025-06-03 16:04:34,042 - TharuniApp - INFO - Saving record for ticket: T0020
2025-06-03 16:04:34,044 - DataManager - INFO - Successfully loaded 20 records from data\Tharuni_Guntur_data.csv
2025-06-03 16:04:34,044 - DataManager - INFO - Filtered 20 records to 1 using filter: 't0020'
2025-06-03 16:04:34,044 - TharuniApp - INFO - Updating existing record: T0020
2025-06-03 16:04:34,045 - TharuniApp - INFO - Calling data_manager.save_record for T0020
2025-06-03 16:04:34,045 - DataManager - INFO - ==================================================
2025-06-03 16:04:34,045 - DataManager - INFO - STARTING OFFLINE-FIRST RECORD SAVE
2025-06-03 16:04:34,045 - DataManager - INFO - Input data keys: ['date', 'time', 'site_name', 'agency_name', 'material', 'ticket_no', 'vehicle_no', 'transfer_party_name', 'first_weight', 'first_timestamp', 'second_weight', 'second_timestamp', 'net_weight', 'material_type', 'first_front_image', 'first_back_image', 'second_front_image', 'second_back_image', 'site_incharge', 'user_name']
2025-06-03 16:04:34,046 - DataManager - INFO - Net weight calculated: 27150.0 - 8790.0 = 18360.00
2025-06-03 16:04:34,046 - DataManager - INFO - Using data file: data\Tharuni_Guntur_data.csv
2025-06-03 16:04:34,047 - DataManager - INFO - Successfully loaded 20 records from data\Tharuni_Guntur_data.csv
2025-06-03 16:04:34,047 - DataManager - INFO - Filtered 20 records to 1 using filter: 't0020'
2025-06-03 16:04:34,048 - DataManager - INFO - Updating existing record: T0020
2025-06-03 16:04:34,048 - DataManager - INFO - Updating record T0020 in data\Tharuni_Guntur_data.csv
2025-06-03 16:04:34,048 - DataManager - INFO - Read 20 records from CSV
2025-06-03 16:04:34,049 - DataManager - INFO - Found record to update at index 17
2025-06-03 16:04:34,049 - DataManager - INFO - Updated record data: ['03-06-2025', '16:04:34', 'Guntur', 'Tharuni', 'Inert', 'T0020', 'AP20AN2020', 'Jindal', '27150.00', '03-06-2025 16:02:44', '8790.00', '03-06-2025 16:04:29', '18360.00', 'Inert', 'Guntur_AP20AN2020_20250603_160249_1st_front.jpg', '', '', '', '', 'admin']
2025-06-03 16:04:34,051 - DataManager - INFO - ✅ Record T0020 updated in data\Tharuni_Guntur_data.csv
2025-06-03 16:04:34,052 - DataManager - INFO - ✅ Record T0020 saved to local CSV successfully
2025-06-03 16:04:34,052 - DataManager - INFO - Weighment analysis:
2025-06-03 16:04:34,052 - DataManager - INFO -   - Has first weighment: True
2025-06-03 16:04:34,053 - DataManager - INFO -   - Has second weighment: True
2025-06-03 16:04:34,053 - DataManager - INFO -   - Is first weighment save: False
2025-06-03 16:04:34,053 - DataManager - INFO -   - Is complete record: True
2025-06-03 16:04:34,053 - DataManager - INFO -   - Is update: True
2025-06-03 16:04:34,054 - DataManager - INFO - Complete record detected - saving JSON backup locally...
2025-06-03 16:04:34,056 - DataManager - INFO - ✅ JSON backup saved: data\json_backups\2025-06-03\T0020_Tharuni_Guntur_160434.json
2025-06-03 16:04:34,057 - DataManager - INFO - ✅ JSON backup saved locally for T0020
2025-06-03 16:04:34,057 - DataManager - INFO - Complete record detected for ticket T0020 - generating PDF locally...
2025-06-03 16:04:34,058 - DataManager - INFO - Today's reports folder ensured: data\reports\2025-06-03
2025-06-03 16:04:34,058 - DataManager - INFO - Reports will be saved to: data\reports\2025-06-03
2025-06-03 16:04:34,059 - DataManager - INFO - Today's reports folder ensured: data\reports\2025-06-03
2025-06-03 16:04:34,061 - DataManager - INFO - SIMPLE TEST - Net display: '18360.00 kg'
2025-06-03 16:04:34,071 - DataManager - WARNING - Watermark error: cannot access local variable 'site' where it is not associated with a value, using image without watermark
2025-06-03 16:04:34,084 - DataManager - INFO - Building PDF document: data\reports\2025-06-03\Tharuni_Guntur_T0020_AP20AN2020_160434.pdf
2025-06-03 16:04:34,109 - DataManager - INFO - PDF created successfully: data\reports\2025-06-03\Tharuni_Guntur_T0020_AP20AN2020_160434.pdf (52472 bytes)
2025-06-03 16:04:34,110 - DataManager - INFO - Auto-generated PDF: data\reports\2025-06-03\Tharuni_Guntur_T0020_AP20AN2020_160434.pdf
2025-06-03 16:04:34,110 - DataManager - INFO - PDF saved to today's reports folder: data\reports\2025-06-03
2025-06-03 16:04:34,111 - DataManager - INFO - ✅ PDF auto-generated locally: data\reports\2025-06-03\Tharuni_Guntur_T0020_AP20AN2020_160434.pdf
2025-06-03 16:04:34,111 - DataManager - INFO - ✅ OFFLINE-FIRST SAVE COMPLETED - Local CSV, JSON backup, and PDF generated
2025-06-03 16:04:34,111 - DataManager - INFO - 📂 PDF saved to today's reports folder: data\reports\2025-06-03
2025-06-03 16:04:34,112 - DataManager - INFO - 💡 Cloud backup available via Settings > Cloud Storage > Backup
2025-06-03 16:04:34,112 - DataManager - INFO - ==================================================
2025-06-03 16:04:34,112 - TharuniApp - INFO - ✅ Record T0020 saved successfully
2025-06-03 16:04:34,115 - TharuniApp - INFO - Removing T0020 from pending vehicles list
2025-06-03 16:04:34,116 - PendingVehiclesPanel - INFO - Attempting to remove ticket T0020 from pending list
2025-06-03 16:04:34,116 - PendingVehiclesPanel - INFO - Removed ticket T0020 from pending list
2025-06-03 16:04:35,413 - DataManager - INFO - Record T0020 successfully saved to cloud at Tharuni/Guntur/T0020/20250603_160434.json
2025-06-03 16:04:35,413 - DataManager - INFO - Uploaded 1/1 images for ticket T0020
2025-06-03 16:04:35,451 - DataManager - INFO - Successfully loaded 20 records from data\Tharuni_Guntur_data.csv
2025-06-03 16:04:35,451 - DataManager - INFO - Returning all 20 records (no filter)
2025-06-03 16:04:35,452 - PendingVehiclesPanel - INFO - Refreshing pending vehicles list
2025-06-03 16:04:35,453 - DataManager - INFO - Successfully loaded 20 records from data\Tharuni_Guntur_data.csv
2025-06-03 16:04:35,453 - PendingVehiclesPanel - INFO - Retrieved 20 total records
2025-06-03 16:04:35,472 - PendingVehiclesPanel - INFO - Added to pending: T0021
2025-06-03 16:04:35,474 - PendingVehiclesPanel - INFO - Found 1 pending records
2025-06-03 16:04:35,475 - PendingVehiclesPanel - INFO - Successfully refreshed pending list with 1 items
2025-06-03 16:04:35,476 - TharuniApp - INFO - SAVE RECORD OPERATION COMPLETED SUCCESSFULLY WITH SMART TICKET FLOW
2025-06-03 16:04:35,476 - TharuniApp - INFO - ==================================================
2025-06-03 16:04:40,698 - PendingVehiclesPanel - INFO - Double-clicked on ticket: T0021
2025-06-03 16:04:40,699 - TharuniApp - INFO - Loading pending vehicle: T0021
2025-06-03 16:04:40,701 - DataManager - INFO - Successfully loaded 20 records from data\Tharuni_Guntur_data.csv
2025-06-03 16:04:40,703 - DataManager - INFO - Filtered 20 records to 1 using filter: 't0021'
2025-06-03 16:04:40,706 - DataManager - INFO - CSV structure is up to date
2025-06-03 16:04:40,707 - DataManager - INFO - Data context set to: Agency='Tharuni', Site='Guntur'
2025-06-03 16:04:40,708 - DataManager - INFO - Data file: data\Tharuni_Guntur_data.csv
2025-06-03 16:04:40,714 - TharuniApp - INFO - Successfully loaded pending ticket: T0021
2025-06-03 16:04:48,106 - TharuniApp - INFO - ==================================================
2025-06-03 16:04:48,106 - TharuniApp - INFO - SAVE RECORD OPERATION STARTED WITH SMART TICKET FLOW
2025-06-03 16:04:48,107 - FormValidator - INFO - Starting comprehensive form validation
2025-06-03 16:04:48,107 - FormValidator - INFO - Validating basic fields
2025-06-03 16:04:48,108 - FormValidator - INFO - Field values: ticket='T0021', vehicle='AP21KR2121', agency='Tharuni'
2025-06-03 16:04:48,108 - FormValidator - INFO - Basic validation passed
2025-06-03 16:04:48,109 - FormValidator - INFO - Validating weighment data
2025-06-03 16:04:48,109 - FormValidator - INFO - Weighment data: first_weight='41150.00', first_timestamp='03-06-2025 16:03:06', second_weight='8270.00', second_timestamp='03-06-2025 16:04:44'
2025-06-03 16:04:48,110 - FormValidator - INFO - Weighment validation passed
2025-06-03 16:04:48,110 - FormValidator - INFO - Validating images for second weighment
2025-06-03 16:04:48,110 - FormValidator - INFO - Images validation for second: front=False, back=False
2025-06-03 16:04:49,316 - FormValidator - INFO - User chose to continue without images
2025-06-03 16:04:49,316 - FormValidator - INFO - Form validation passed successfully
2025-06-03 16:04:49,317 - TharuniApp - INFO - Saving record for ticket: T0021
2025-06-03 16:04:49,318 - DataManager - INFO - Successfully loaded 20 records from data\Tharuni_Guntur_data.csv
2025-06-03 16:04:49,319 - DataManager - INFO - Filtered 20 records to 1 using filter: 't0021'
2025-06-03 16:04:49,319 - TharuniApp - INFO - Updating existing record: T0021
2025-06-03 16:04:49,319 - TharuniApp - INFO - Calling data_manager.save_record for T0021
2025-06-03 16:04:49,320 - DataManager - INFO - ==================================================
2025-06-03 16:04:49,320 - DataManager - INFO - STARTING OFFLINE-FIRST RECORD SAVE
2025-06-03 16:04:49,321 - DataManager - INFO - Input data keys: ['date', 'time', 'site_name', 'agency_name', 'material', 'ticket_no', 'vehicle_no', 'transfer_party_name', 'first_weight', 'first_timestamp', 'second_weight', 'second_timestamp', 'net_weight', 'material_type', 'first_front_image', 'first_back_image', 'second_front_image', 'second_back_image', 'site_incharge', 'user_name']
2025-06-03 16:04:49,321 - DataManager - INFO - Net weight calculated: 41150.0 - 8270.0 = 32880.00
2025-06-03 16:04:49,322 - DataManager - INFO - Using data file: data\Tharuni_Guntur_data.csv
2025-06-03 16:04:49,323 - DataManager - INFO - Successfully loaded 20 records from data\Tharuni_Guntur_data.csv
2025-06-03 16:04:49,324 - DataManager - INFO - Filtered 20 records to 1 using filter: 't0021'
2025-06-03 16:04:49,324 - DataManager - INFO - Updating existing record: T0021
2025-06-03 16:04:49,325 - DataManager - INFO - Updating record T0021 in data\Tharuni_Guntur_data.csv
2025-06-03 16:04:49,325 - DataManager - INFO - Read 20 records from CSV
2025-06-03 16:04:49,326 - DataManager - INFO - Found record to update at index 18
2025-06-03 16:04:49,326 - DataManager - INFO - Updated record data: ['03-06-2025', '16:04:49', 'Guntur', 'Tharuni', 'Inert', 'T0021', 'AP21KR2121', 'Jindal', '41150.00', '03-06-2025 16:03:06', '8270.00', '03-06-2025 16:04:44', '32880.00', 'Inert', 'Guntur_AP21KR2121_20250603_160313_1st_front.jpg', '', '', '', '', 'admin']
2025-06-03 16:04:49,329 - DataManager - INFO - ✅ Record T0021 updated in data\Tharuni_Guntur_data.csv
2025-06-03 16:04:49,329 - DataManager - INFO - ✅ Record T0021 saved to local CSV successfully
2025-06-03 16:04:49,329 - DataManager - INFO - Weighment analysis:
2025-06-03 16:04:49,329 - DataManager - INFO -   - Has first weighment: True
2025-06-03 16:04:49,330 - DataManager - INFO -   - Has second weighment: True
2025-06-03 16:04:49,330 - DataManager - INFO -   - Is first weighment save: False
2025-06-03 16:04:49,330 - DataManager - INFO -   - Is complete record: True
2025-06-03 16:04:49,330 - DataManager - INFO -   - Is update: True
2025-06-03 16:04:49,330 - DataManager - INFO - Complete record detected - saving JSON backup locally...
2025-06-03 16:04:49,332 - DataManager - INFO - ✅ JSON backup saved: data\json_backups\2025-06-03\T0021_Tharuni_Guntur_160449.json
2025-06-03 16:04:49,332 - DataManager - INFO - ✅ JSON backup saved locally for T0021
2025-06-03 16:04:49,332 - DataManager - INFO - Complete record detected for ticket T0021 - generating PDF locally...
2025-06-03 16:04:49,333 - DataManager - INFO - Today's reports folder ensured: data\reports\2025-06-03
2025-06-03 16:04:49,333 - DataManager - INFO - Reports will be saved to: data\reports\2025-06-03
2025-06-03 16:04:49,334 - DataManager - INFO - Today's reports folder ensured: data\reports\2025-06-03
2025-06-03 16:04:49,336 - DataManager - INFO - SIMPLE TEST - Net display: '32880.00 kg'
2025-06-03 16:04:49,347 - DataManager - WARNING - Watermark error: cannot access local variable 'site' where it is not associated with a value, using image without watermark
2025-06-03 16:04:49,360 - DataManager - INFO - Building PDF document: data\reports\2025-06-03\Tharuni_Guntur_T0021_AP21KR2121_160449.pdf
2025-06-03 16:04:49,383 - DataManager - INFO - PDF created successfully: data\reports\2025-06-03\Tharuni_Guntur_T0021_AP21KR2121_160449.pdf (52113 bytes)
2025-06-03 16:04:49,384 - DataManager - INFO - Auto-generated PDF: data\reports\2025-06-03\Tharuni_Guntur_T0021_AP21KR2121_160449.pdf
2025-06-03 16:04:49,384 - DataManager - INFO - PDF saved to today's reports folder: data\reports\2025-06-03
2025-06-03 16:04:49,384 - DataManager - INFO - ✅ PDF auto-generated locally: data\reports\2025-06-03\Tharuni_Guntur_T0021_AP21KR2121_160449.pdf
2025-06-03 16:04:49,385 - DataManager - INFO - ✅ OFFLINE-FIRST SAVE COMPLETED - Local CSV, JSON backup, and PDF generated
2025-06-03 16:04:49,385 - DataManager - INFO - 📂 PDF saved to today's reports folder: data\reports\2025-06-03
2025-06-03 16:04:49,386 - DataManager - INFO - 💡 Cloud backup available via Settings > Cloud Storage > Backup
2025-06-03 16:04:49,386 - DataManager - INFO - ==================================================
2025-06-03 16:04:49,386 - TharuniApp - INFO - ✅ Record T0021 saved successfully
2025-06-03 16:04:49,391 - TharuniApp - INFO - Removing T0021 from pending vehicles list
2025-06-03 16:04:49,391 - PendingVehiclesPanel - INFO - Attempting to remove ticket T0021 from pending list
2025-06-03 16:04:49,392 - PendingVehiclesPanel - INFO - Removed ticket T0021 from pending list
2025-06-03 16:04:50,568 - DataManager - INFO - Record T0021 successfully saved to cloud at Tharuni/Guntur/T0021/20250603_160449.json
2025-06-03 16:04:50,568 - DataManager - INFO - Uploaded 1/1 images for ticket T0021
2025-06-03 16:04:51,108 - DataManager - INFO - Successfully loaded 20 records from data\Tharuni_Guntur_data.csv
2025-06-03 16:04:51,108 - DataManager - INFO - Returning all 20 records (no filter)
2025-06-03 16:04:51,109 - PendingVehiclesPanel - INFO - Refreshing pending vehicles list
2025-06-03 16:04:51,110 - DataManager - INFO - Successfully loaded 20 records from data\Tharuni_Guntur_data.csv
2025-06-03 16:04:51,110 - PendingVehiclesPanel - INFO - Retrieved 20 total records
2025-06-03 16:04:51,126 - PendingVehiclesPanel - INFO - Found 0 pending records
2025-06-03 16:04:51,127 - PendingVehiclesPanel - INFO - Successfully refreshed pending list with 0 items
2025-06-03 16:04:51,127 - TharuniApp - INFO - SAVE RECORD OPERATION COMPLETED SUCCESSFULLY WITH SMART TICKET FLOW
2025-06-03 16:04:51,127 - TharuniApp - INFO - ==================================================
2025-06-03 16:05:06,036 - PendingVehiclesPanel - INFO - Refreshing pending vehicles list
2025-06-03 16:05:06,037 - DataManager - INFO - Successfully loaded 20 records from data\Tharuni_Guntur_data.csv
2025-06-03 16:05:06,038 - PendingVehiclesPanel - INFO - Retrieved 20 total records
2025-06-03 16:05:06,059 - PendingVehiclesPanel - INFO - Found 0 pending records
2025-06-03 16:05:06,059 - PendingVehiclesPanel - INFO - Successfully refreshed pending list with 0 items
2025-06-03 16:05:06,060 - DataManager - INFO - Created new daily folder: data\reports\03-06
2025-06-03 16:06:06,061 - PendingVehiclesPanel - INFO - Refreshing pending vehicles list
2025-06-03 16:06:06,064 - DataManager - INFO - Successfully loaded 20 records from data\Tharuni_Guntur_data.csv
2025-06-03 16:06:06,066 - PendingVehiclesPanel - INFO - Retrieved 20 total records
2025-06-03 16:06:06,088 - PendingVehiclesPanel - INFO - Found 0 pending records
2025-06-03 16:06:06,088 - PendingVehiclesPanel - INFO - Successfully refreshed pending list with 0 items
2025-06-03 16:07:06,093 - PendingVehiclesPanel - INFO - Refreshing pending vehicles list
2025-06-03 16:07:06,095 - DataManager - INFO - Successfully loaded 20 records from data\Tharuni_Guntur_data.csv
2025-06-03 16:07:06,097 - PendingVehiclesPanel - INFO - Retrieved 20 total records
2025-06-03 16:07:06,119 - PendingVehiclesPanel - INFO - Found 0 pending records
2025-06-03 16:07:06,119 - PendingVehiclesPanel - INFO - Successfully refreshed pending list with 0 items
2025-06-03 16:08:06,127 - PendingVehiclesPanel - INFO - Refreshing pending vehicles list
2025-06-03 16:08:06,130 - DataManager - INFO - Successfully loaded 20 records from data\Tharuni_Guntur_data.csv
2025-06-03 16:08:06,132 - PendingVehiclesPanel - INFO - Retrieved 20 total records
2025-06-03 16:08:06,154 - PendingVehiclesPanel - INFO - Found 0 pending records
2025-06-03 16:08:06,154 - PendingVehiclesPanel - INFO - Successfully refreshed pending list with 0 items
2025-06-03 16:09:06,157 - PendingVehiclesPanel - INFO - Refreshing pending vehicles list
2025-06-03 16:09:06,159 - DataManager - INFO - Successfully loaded 20 records from data\Tharuni_Guntur_data.csv
2025-06-03 16:09:06,161 - PendingVehiclesPanel - INFO - Retrieved 20 total records
2025-06-03 16:09:06,180 - PendingVehiclesPanel - INFO - Found 0 pending records
2025-06-03 16:09:06,180 - PendingVehiclesPanel - INFO - Successfully refreshed pending list with 0 items
2025-06-03 16:10:06,188 - PendingVehiclesPanel - INFO - Refreshing pending vehicles list
2025-06-03 16:10:06,189 - DataManager - INFO - Successfully loaded 20 records from data\Tharuni_Guntur_data.csv
2025-06-03 16:10:06,190 - PendingVehiclesPanel - INFO - Retrieved 20 total records
2025-06-03 16:10:06,209 - PendingVehiclesPanel - INFO - Found 0 pending records
2025-06-03 16:10:06,210 - PendingVehiclesPanel - INFO - Successfully refreshed pending list with 0 items
2025-06-03 16:11:06,215 - PendingVehiclesPanel - INFO - Refreshing pending vehicles list
2025-06-03 16:11:06,216 - DataManager - INFO - Successfully loaded 20 records from data\Tharuni_Guntur_data.csv
2025-06-03 16:11:06,217 - PendingVehiclesPanel - INFO - Retrieved 20 total records
2025-06-03 16:11:06,234 - PendingVehiclesPanel - INFO - Found 0 pending records
2025-06-03 16:11:06,234 - PendingVehiclesPanel - INFO - Successfully refreshed pending list with 0 items
2025-06-03 16:12:06,235 - PendingVehiclesPanel - INFO - Refreshing pending vehicles list
2025-06-03 16:12:06,236 - DataManager - INFO - Successfully loaded 20 records from data\Tharuni_Guntur_data.csv
2025-06-03 16:12:06,237 - PendingVehiclesPanel - INFO - Retrieved 20 total records
2025-06-03 16:12:06,264 - PendingVehiclesPanel - INFO - Found 0 pending records
2025-06-03 16:12:06,264 - PendingVehiclesPanel - INFO - Successfully refreshed pending list with 0 items
2025-06-03 16:13:06,265 - PendingVehiclesPanel - INFO - Refreshing pending vehicles list
2025-06-03 16:13:06,266 - DataManager - INFO - Successfully loaded 20 records from data\Tharuni_Guntur_data.csv
2025-06-03 16:13:06,267 - PendingVehiclesPanel - INFO - Retrieved 20 total records
2025-06-03 16:13:06,283 - PendingVehiclesPanel - INFO - Found 0 pending records
2025-06-03 16:13:06,283 - PendingVehiclesPanel - INFO - Successfully refreshed pending list with 0 items
2025-06-03 16:14:06,284 - PendingVehiclesPanel - INFO - Refreshing pending vehicles list
2025-06-03 16:14:06,285 - DataManager - INFO - Successfully loaded 20 records from data\Tharuni_Guntur_data.csv
2025-06-03 16:14:06,285 - PendingVehiclesPanel - INFO - Retrieved 20 total records
2025-06-03 16:14:06,303 - PendingVehiclesPanel - INFO - Found 0 pending records
2025-06-03 16:14:06,304 - PendingVehiclesPanel - INFO - Successfully refreshed pending list with 0 items
2025-06-03 16:15:06,306 - PendingVehiclesPanel - INFO - Refreshing pending vehicles list
2025-06-03 16:15:06,309 - DataManager - INFO - Successfully loaded 20 records from data\Tharuni_Guntur_data.csv
2025-06-03 16:15:06,310 - PendingVehiclesPanel - INFO - Retrieved 20 total records
2025-06-03 16:15:06,334 - PendingVehiclesPanel - INFO - Found 0 pending records
2025-06-03 16:15:06,334 - PendingVehiclesPanel - INFO - Successfully refreshed pending list with 0 items
2025-06-03 16:16:06,336 - PendingVehiclesPanel - INFO - Refreshing pending vehicles list
2025-06-03 16:16:06,338 - DataManager - INFO - Successfully loaded 20 records from data\Tharuni_Guntur_data.csv
2025-06-03 16:16:06,338 - PendingVehiclesPanel - INFO - Retrieved 20 total records
2025-06-03 16:16:06,353 - PendingVehiclesPanel - INFO - Found 0 pending records
2025-06-03 16:16:06,354 - PendingVehiclesPanel - INFO - Successfully refreshed pending list with 0 items
2025-06-03 16:17:06,361 - PendingVehiclesPanel - INFO - Refreshing pending vehicles list
2025-06-03 16:17:06,362 - DataManager - INFO - Successfully loaded 20 records from data\Tharuni_Guntur_data.csv
2025-06-03 16:17:06,362 - PendingVehiclesPanel - INFO - Retrieved 20 total records
2025-06-03 16:17:06,380 - PendingVehiclesPanel - INFO - Found 0 pending records
2025-06-03 16:17:06,381 - PendingVehiclesPanel - INFO - Successfully refreshed pending list with 0 items
2025-06-03 16:18:06,394 - PendingVehiclesPanel - INFO - Refreshing pending vehicles list
2025-06-03 16:18:06,395 - DataManager - INFO - Successfully loaded 20 records from data\Tharuni_Guntur_data.csv
2025-06-03 16:18:06,395 - PendingVehiclesPanel - INFO - Retrieved 20 total records
2025-06-03 16:18:06,411 - PendingVehiclesPanel - INFO - Found 0 pending records
2025-06-03 16:18:06,412 - PendingVehiclesPanel - INFO - Successfully refreshed pending list with 0 items
2025-06-03 16:18:14,911 - TharuniApp - INFO - ============================================================
2025-06-03 16:18:14,911 - TharuniApp - INFO - APPLICATION STARTUP
2025-06-03 16:18:14,912 - TharuniApp - INFO - ============================================================
2025-06-03 16:18:14,916 - TharuniApp - INFO - Configuration setup completed
2025-06-03 16:18:14,916 - DataManager - INFO - DataManager initialized with OFFLINE-FIRST approach + JSON local storage
2025-06-03 16:18:14,917 - DataManager - INFO - CSV structure is up to date
2025-06-03 16:18:14,918 - DataManager - INFO - Daily PDF folder structure ready:
2025-06-03 16:18:14,918 - DataManager - INFO -   Base reports folder: data\reports
2025-06-03 16:18:14,918 - DataManager - INFO -   Today's folder: data\reports\2025-06-03
2025-06-03 16:18:14,919 - DataManager - INFO - Data file: data\weighbridge_data.csv
2025-06-03 16:18:14,919 - DataManager - INFO - Reports folder: data\reports
2025-06-03 16:18:14,919 - DataManager - INFO - JSON backup folder: data\json_backups
2025-06-03 16:18:14,920 - DataManager - INFO - PDF folder: data\reports\2025-06-03
2025-06-03 16:18:14,920 - DataManager - INFO - Cloud storage will only be initialized when backup is requested
2025-06-03 16:18:14,920 - TharuniApp - INFO - Data manager initialized
2025-06-03 16:18:14,923 - TharuniApp - INFO - Settings storage initialized
2025-06-03 16:18:14,927 - TharuniApp - INFO - UI styles initialized
2025-06-03 16:18:14,927 - TharuniApp - INFO - Starting user authentication
2025-06-03 16:18:18,208 - TharuniApp - INFO - Authentication successful: admin
2025-06-03 16:18:18,208 - TharuniApp - INFO - User logged in: admin (Role: admin)
2025-06-03 16:18:18,209 - TharuniApp - INFO - Setting up data context
2025-06-03 16:18:18,209 - DataManager - INFO - CSV structure is up to date
2025-06-03 16:18:18,209 - DataManager - INFO - Data context set to: Agency='Tharuni', Site='Guntur'
2025-06-03 16:18:18,210 - DataManager - INFO - Data file: data\Tharuni_Guntur_data.csv
2025-06-03 16:18:18,210 - TharuniApp - INFO - Data context initialized: Agency='Tharuni', Site='Guntur'
2025-06-03 16:18:18,210 - TharuniApp - INFO - Data will be saved to: data\Tharuni_Guntur_data.csv
2025-06-03 16:18:18,210 - TharuniApp - INFO - PDFs will be saved to: data\reports\2025-06-03
2025-06-03 16:18:18,210 - TharuniApp - INFO - Creating application widgets
2025-06-03 16:18:18,220 - TharuniApp - INFO - Creating main panel
2025-06-03 16:18:18,225 - FormValidator - INFO - FormValidator initialized
2025-06-03 16:18:18,235 - DataManager - INFO - Successfully loaded 20 records from data\Tharuni_Guntur_data.csv
2025-06-03 16:18:18,854 - DataManager - INFO - Successfully loaded 20 records from data\Tharuni_Guntur_data.csv
2025-06-03 16:18:18,855 - TharuniApp - INFO - Main form created
2025-06-03 16:18:18,856 - DataManager - INFO - CSV structure is up to date
2025-06-03 16:18:18,857 - DataManager - INFO - Data context set to: Agency='Tharuni', Site='Guntur'
2025-06-03 16:18:18,857 - DataManager - INFO - Data file: data\Tharuni_Guntur_data.csv
2025-06-03 16:18:18,858 - DataManager - INFO - CSV structure is up to date
2025-06-03 16:18:18,858 - DataManager - INFO - Data context set to: Agency='Tharuni', Site='Guntur'
2025-06-03 16:18:18,858 - DataManager - INFO - Data file: data\Tharuni_Guntur_data.csv
2025-06-03 16:18:18,859 - DataManager - INFO - CSV structure is up to date
2025-06-03 16:18:18,859 - DataManager - INFO - Data context set to: Agency='Tharuni', Site='Guntur'
2025-06-03 16:18:18,860 - DataManager - INFO - Data file: data\Tharuni_Guntur_data.csv
2025-06-03 16:18:18,860 - PendingVehiclesPanel - INFO - PendingVehiclesPanel initialized
2025-06-03 16:18:18,868 - PendingVehiclesPanel - INFO - Refreshing pending vehicles list
2025-06-03 16:18:18,869 - DataManager - INFO - Successfully loaded 20 records from data\Tharuni_Guntur_data.csv
2025-06-03 16:18:18,870 - PendingVehiclesPanel - INFO - Retrieved 20 total records
2025-06-03 16:18:18,885 - PendingVehiclesPanel - INFO - Found 0 pending records
2025-06-03 16:18:18,885 - PendingVehiclesPanel - INFO - Successfully refreshed pending list with 0 items
2025-06-03 16:18:18,885 - TharuniApp - INFO - Pending vehicles panel created
2025-06-03 16:18:19,087 - TharuniApp - INFO - Main panel creation completed
2025-06-03 16:18:19,095 - TharuniApp - INFO - Summary panel created
2025-06-03 16:18:19,317 - TharuniApp - INFO - ✅ Data manager reference set in settings panel
2025-06-03 16:18:19,317 - TharuniApp - INFO - Widget creation completed successfully
2025-06-03 16:18:19,318 - PendingVehiclesPanel - INFO - Refreshing pending vehicles list
2025-06-03 16:18:19,319 - DataManager - INFO - Successfully loaded 20 records from data\Tharuni_Guntur_data.csv
2025-06-03 16:18:19,319 - PendingVehiclesPanel - INFO - Retrieved 20 total records
2025-06-03 16:18:19,336 - PendingVehiclesPanel - INFO - Found 0 pending records
2025-06-03 16:18:19,336 - PendingVehiclesPanel - INFO - Successfully refreshed pending list with 0 items
2025-06-03 16:18:19,337 - DataManager - INFO - Created new daily folder: data\reports\03-06
2025-06-03 16:18:19,341 - TharuniApp - INFO - Application initialization completed successfully
2025-06-03 16:18:20,324 - TharuniApp - INFO - Ensuring settings persistence...
2025-06-03 16:18:20,327 - TharuniApp - INFO - Settings persistence check completed
2025-06-03 16:18:25,058 - DataManager - INFO - Successfully loaded 20 records from data\Tharuni_Guntur_data.csv
2025-06-03 16:18:25,062 - DataManager - INFO - Successfully loaded 20 records from data\Tharuni_Guntur_data.csv
2025-06-03 16:18:25,065 - DataManager - INFO - Successfully loaded 20 records from data\Tharuni_Guntur_data.csv
2025-06-03 16:18:25,943 - DataManager - INFO - Successfully loaded 20 records from data\Tharuni_Guntur_data.csv
2025-06-03 16:18:27,046 - DataManager - INFO - Successfully loaded 20 records from data\Tharuni_Guntur_data.csv
2025-06-03 16:18:27,047 - DataManager - INFO - Successfully loaded 20 records from data\Tharuni_Guntur_data.csv
2025-06-03 16:18:29,496 - DataManager - INFO - Successfully loaded 20 records from data\Tharuni_Guntur_data.csv
2025-06-03 16:18:29,497 - DataManager - INFO - Successfully loaded 20 records from data\Tharuni_Guntur_data.csv
2025-06-03 16:18:34,435 - TharuniApp - INFO - ==================================================
2025-06-03 16:18:34,436 - TharuniApp - INFO - SAVE RECORD OPERATION STARTED WITH SMART TICKET FLOW
2025-06-03 16:18:34,436 - FormValidator - INFO - Starting comprehensive form validation
2025-06-03 16:18:34,437 - FormValidator - INFO - Validating basic fields
2025-06-03 16:18:34,437 - FormValidator - INFO - Field values: ticket='T0023', vehicle='AP02AN2020', agency='Tharuni'
2025-06-03 16:18:34,438 - FormValidator - INFO - Basic validation passed
2025-06-03 16:18:34,438 - FormValidator - INFO - Validating weighment data
2025-06-03 16:18:34,439 - FormValidator - INFO - Weighment data: first_weight='23850.00', first_timestamp='03-06-2025 16:18:27', second_weight='', second_timestamp=''
2025-06-03 16:18:34,439 - FormValidator - INFO - Weighment validation passed
2025-06-03 16:18:34,440 - FormValidator - INFO - Validating images for second weighment
2025-06-03 16:18:34,440 - FormValidator - INFO - Images validation for second: front=False, back=False
2025-06-03 16:18:35,434 - DataManager - INFO - Successfully loaded 20 records from data\Tharuni_Guntur_data.csv
2025-06-03 16:18:35,436 - DataManager - INFO - Successfully loaded 20 records from data\Tharuni_Guntur_data.csv
2025-06-03 16:18:35,445 - FormValidator - INFO - User chose to continue without images
2025-06-03 16:18:35,446 - FormValidator - INFO - Form validation passed successfully
2025-06-03 16:18:35,450 - TharuniApp - INFO - Saving record for ticket: T0023
2025-06-03 16:18:35,452 - DataManager - INFO - Successfully loaded 20 records from data\Tharuni_Guntur_data.csv
2025-06-03 16:18:35,453 - DataManager - INFO - Filtered 20 records to 0 using filter: 't0023'
2025-06-03 16:18:35,453 - TharuniApp - INFO - Adding new record: T0023
2025-06-03 16:18:35,454 - TharuniApp - INFO - Calling data_manager.save_record for T0023
2025-06-03 16:18:35,454 - DataManager - INFO - ==================================================
2025-06-03 16:18:35,455 - DataManager - INFO - STARTING OFFLINE-FIRST RECORD SAVE
2025-06-03 16:18:35,455 - DataManager - INFO - Input data keys: ['date', 'time', 'site_name', 'agency_name', 'material', 'ticket_no', 'vehicle_no', 'transfer_party_name', 'first_weight', 'first_timestamp', 'second_weight', 'second_timestamp', 'net_weight', 'material_type', 'first_front_image', 'first_back_image', 'second_front_image', 'second_back_image', 'site_incharge', 'user_name']
2025-06-03 16:18:35,455 - DataManager - INFO - Net weight cleared - incomplete weighments
2025-06-03 16:18:35,456 - DataManager - INFO - Using data file: data\Tharuni_Guntur_data.csv
2025-06-03 16:18:35,457 - DataManager - INFO - Successfully loaded 20 records from data\Tharuni_Guntur_data.csv
2025-06-03 16:18:35,457 - DataManager - INFO - Filtered 20 records to 0 using filter: 't0023'
2025-06-03 16:18:35,458 - DataManager - INFO - Adding new record: T0023
2025-06-03 16:18:35,458 - DataManager - INFO - Adding new record to CSV
2025-06-03 16:18:35,459 - DataManager - INFO - Record data: ['03-06-2025', '16:18:35', 'Guntur', 'Tharuni', 'Inert', 'T0023', 'AP02AN2020', 'Jindal', '23850.00', '03-06-2025 16:18:27', '', '', '', 'Inert', '', '', '', '', '', 'admin']
2025-06-03 16:18:35,461 - DataManager - INFO - ✅ New record added to data\Tharuni_Guntur_data.csv
2025-06-03 16:18:35,461 - DataManager - INFO - ✅ Record T0023 saved to local CSV successfully
2025-06-03 16:18:35,462 - DataManager - INFO - Weighment analysis:
2025-06-03 16:18:35,462 - DataManager - INFO -   - Has first weighment: True
2025-06-03 16:18:35,462 - DataManager - INFO -   - Has second weighment: False
2025-06-03 16:18:35,462 - DataManager - INFO -   - Is first weighment save: True
2025-06-03 16:18:35,463 - DataManager - INFO -   - Is complete record: False
2025-06-03 16:18:35,463 - DataManager - INFO -   - Is update: False
2025-06-03 16:18:35,463 - DataManager - INFO - ✅ OFFLINE-FIRST SAVE COMPLETED - Local CSV, JSON backup, and PDF generated
2025-06-03 16:18:35,464 - DataManager - INFO - 💡 Cloud backup available via Settings > Cloud Storage > Backup
2025-06-03 16:18:35,464 - DataManager - INFO - ==================================================
2025-06-03 16:18:35,464 - TharuniApp - INFO - ✅ Record T0023 saved successfully
2025-06-03 16:18:36,286 - DataManager - INFO - Successfully loaded 21 records from data\Tharuni_Guntur_data.csv
2025-06-03 16:18:36,287 - DataManager - INFO - Successfully loaded 21 records from data\Tharuni_Guntur_data.csv
2025-06-03 16:18:36,294 - DataManager - INFO - Successfully loaded 21 records from data\Tharuni_Guntur_data.csv
2025-06-03 16:18:36,294 - DataManager - INFO - Returning all 21 records (no filter)
2025-06-03 16:18:36,295 - PendingVehiclesPanel - INFO - Refreshing pending vehicles list
2025-06-03 16:18:36,295 - DataManager - INFO - Successfully loaded 21 records from data\Tharuni_Guntur_data.csv
2025-06-03 16:18:36,296 - PendingVehiclesPanel - INFO - Retrieved 21 total records
2025-06-03 16:18:36,314 - PendingVehiclesPanel - INFO - Added to pending: T0023
2025-06-03 16:18:36,314 - PendingVehiclesPanel - INFO - Found 1 pending records
2025-06-03 16:18:36,316 - PendingVehiclesPanel - INFO - Successfully refreshed pending list with 1 items
2025-06-03 16:18:36,316 - TharuniApp - INFO - SAVE RECORD OPERATION COMPLETED SUCCESSFULLY WITH SMART TICKET FLOW
2025-06-03 16:18:36,317 - TharuniApp - INFO - ==================================================
2025-06-03 16:18:39,221 - DataManager - INFO - CSV structure is up to date
2025-06-03 16:18:39,222 - DataManager - INFO - Data context set to: Agency='Tharuni', Site='Guntur'
2025-06-03 16:18:39,222 - DataManager - INFO - Data file: data\Tharuni_Guntur_data.csv
2025-06-03 16:18:40,477 - DataManager - INFO - Successfully loaded 21 records from data\Tharuni_Guntur_data.csv
2025-06-03 16:18:40,491 - DataManager - INFO - Successfully loaded 21 records from data\Tharuni_Guntur_data.csv
2025-06-03 16:18:40,493 - DataManager - INFO - Successfully loaded 21 records from data\Tharuni_Guntur_data.csv
2025-06-03 16:18:41,476 - DataManager - INFO - Successfully loaded 21 records from data\Tharuni_Guntur_data.csv
2025-06-03 16:18:41,478 - DataManager - INFO - Successfully loaded 21 records from data\Tharuni_Guntur_data.csv
2025-06-03 16:18:43,056 - DataManager - INFO - Successfully loaded 21 records from data\Tharuni_Guntur_data.csv
2025-06-03 16:18:43,057 - DataManager - INFO - Successfully loaded 21 records from data\Tharuni_Guntur_data.csv
2025-06-03 16:18:45,486 - TharuniApp - INFO - ==================================================
2025-06-03 16:18:45,487 - TharuniApp - INFO - SAVE RECORD OPERATION STARTED WITH SMART TICKET FLOW
2025-06-03 16:18:45,488 - FormValidator - INFO - Starting comprehensive form validation
2025-06-03 16:18:45,488 - FormValidator - INFO - Validating basic fields
2025-06-03 16:18:45,488 - FormValidator - INFO - Field values: ticket='T0024', vehicle='AO07GT0123', agency='Tharuni'
2025-06-03 16:18:45,489 - FormValidator - INFO - Basic validation passed
2025-06-03 16:18:45,490 - FormValidator - INFO - Validating weighment data
2025-06-03 16:18:45,490 - FormValidator - INFO - Weighment data: first_weight='29420.00', first_timestamp='03-06-2025 16:18:42', second_weight='', second_timestamp=''
2025-06-03 16:18:45,491 - FormValidator - INFO - Weighment validation passed
2025-06-03 16:18:45,491 - FormValidator - INFO - Validating images for second weighment
2025-06-03 16:18:45,492 - FormValidator - INFO - Images validation for second: front=False, back=False
2025-06-03 16:18:46,743 - DataManager - INFO - Successfully loaded 21 records from data\Tharuni_Guntur_data.csv
2025-06-03 16:18:46,745 - DataManager - INFO - Successfully loaded 21 records from data\Tharuni_Guntur_data.csv
2025-06-03 16:18:46,755 - FormValidator - INFO - User chose to continue without images
2025-06-03 16:18:46,755 - FormValidator - INFO - Form validation passed successfully
2025-06-03 16:18:46,758 - TharuniApp - INFO - Saving record for ticket: T0024
2025-06-03 16:18:46,760 - DataManager - INFO - Successfully loaded 21 records from data\Tharuni_Guntur_data.csv
2025-06-03 16:18:46,760 - DataManager - INFO - Filtered 21 records to 0 using filter: 't0024'
2025-06-03 16:18:46,761 - TharuniApp - INFO - Adding new record: T0024
2025-06-03 16:18:46,761 - TharuniApp - INFO - Calling data_manager.save_record for T0024
2025-06-03 16:18:46,761 - DataManager - INFO - ==================================================
2025-06-03 16:18:46,761 - DataManager - INFO - STARTING OFFLINE-FIRST RECORD SAVE
2025-06-03 16:18:46,762 - DataManager - INFO - Input data keys: ['date', 'time', 'site_name', 'agency_name', 'material', 'ticket_no', 'vehicle_no', 'transfer_party_name', 'first_weight', 'first_timestamp', 'second_weight', 'second_timestamp', 'net_weight', 'material_type', 'first_front_image', 'first_back_image', 'second_front_image', 'second_back_image', 'site_incharge', 'user_name']
2025-06-03 16:18:46,762 - DataManager - INFO - Net weight cleared - incomplete weighments
2025-06-03 16:18:46,763 - DataManager - INFO - Using data file: data\Tharuni_Guntur_data.csv
2025-06-03 16:18:46,763 - DataManager - INFO - Successfully loaded 21 records from data\Tharuni_Guntur_data.csv
2025-06-03 16:18:46,764 - DataManager - INFO - Filtered 21 records to 0 using filter: 't0024'
2025-06-03 16:18:46,764 - DataManager - INFO - Adding new record: T0024
2025-06-03 16:18:46,765 - DataManager - INFO - Adding new record to CSV
2025-06-03 16:18:46,765 - DataManager - INFO - Record data: ['03-06-2025', '16:18:46', 'Guntur', 'Tharuni', 'Inert', 'T0024', 'AO07GT0123', 'Jindal', '29420.00', '03-06-2025 16:18:42', '', '', '', 'Inert', '', '', '', '', '', 'admin']
2025-06-03 16:18:46,766 - DataManager - INFO - ✅ New record added to data\Tharuni_Guntur_data.csv
2025-06-03 16:18:46,766 - DataManager - INFO - ✅ Record T0024 saved to local CSV successfully
2025-06-03 16:18:46,766 - DataManager - INFO - Weighment analysis:
2025-06-03 16:18:46,767 - DataManager - INFO -   - Has first weighment: True
2025-06-03 16:18:46,767 - DataManager - INFO -   - Has second weighment: False
2025-06-03 16:18:46,767 - DataManager - INFO -   - Is first weighment save: True
2025-06-03 16:18:46,767 - DataManager - INFO -   - Is complete record: False
2025-06-03 16:18:46,768 - DataManager - INFO -   - Is update: False
2025-06-03 16:18:46,768 - DataManager - INFO - ✅ OFFLINE-FIRST SAVE COMPLETED - Local CSV, JSON backup, and PDF generated
2025-06-03 16:18:46,768 - DataManager - INFO - 💡 Cloud backup available via Settings > Cloud Storage > Backup
2025-06-03 16:18:46,768 - DataManager - INFO - ==================================================
2025-06-03 16:18:46,769 - TharuniApp - INFO - ✅ Record T0024 saved successfully
2025-06-03 16:18:47,764 - DataManager - INFO - Successfully loaded 22 records from data\Tharuni_Guntur_data.csv
2025-06-03 16:18:47,765 - DataManager - INFO - Successfully loaded 22 records from data\Tharuni_Guntur_data.csv
2025-06-03 16:18:47,770 - DataManager - INFO - Successfully loaded 22 records from data\Tharuni_Guntur_data.csv
2025-06-03 16:18:47,771 - DataManager - INFO - Returning all 22 records (no filter)
2025-06-03 16:18:47,772 - PendingVehiclesPanel - INFO - Refreshing pending vehicles list
2025-06-03 16:18:47,773 - DataManager - INFO - Successfully loaded 22 records from data\Tharuni_Guntur_data.csv
2025-06-03 16:18:47,774 - PendingVehiclesPanel - INFO - Retrieved 22 total records
2025-06-03 16:18:47,791 - PendingVehiclesPanel - INFO - Added to pending: T0023
2025-06-03 16:18:47,792 - PendingVehiclesPanel - INFO - Added to pending: T0024
2025-06-03 16:18:47,793 - PendingVehiclesPanel - INFO - Found 2 pending records
2025-06-03 16:18:47,795 - PendingVehiclesPanel - INFO - Successfully refreshed pending list with 2 items
2025-06-03 16:18:47,795 - TharuniApp - INFO - SAVE RECORD OPERATION COMPLETED SUCCESSFULLY WITH SMART TICKET FLOW
2025-06-03 16:18:47,796 - TharuniApp - INFO - ==================================================
2025-06-03 16:18:51,309 - DataManager - INFO - CSV structure is up to date
2025-06-03 16:18:51,310 - DataManager - INFO - Data context set to: Agency='Tharuni', Site='Guntur'
2025-06-03 16:18:51,310 - DataManager - INFO - Data file: data\Tharuni_Guntur_data.csv
2025-06-03 16:18:51,982 - DataManager - INFO - Successfully loaded 22 records from data\Tharuni_Guntur_data.csv
2025-06-03 16:18:52,000 - DataManager - INFO - Successfully loaded 22 records from data\Tharuni_Guntur_data.csv
2025-06-03 16:18:52,001 - DataManager - INFO - Successfully loaded 22 records from data\Tharuni_Guntur_data.csv
2025-06-03 16:18:53,162 - DataManager - INFO - Successfully loaded 22 records from data\Tharuni_Guntur_data.csv
2025-06-03 16:18:53,163 - DataManager - INFO - Successfully loaded 22 records from data\Tharuni_Guntur_data.csv
2025-06-03 16:18:55,132 - DataManager - INFO - Successfully loaded 22 records from data\Tharuni_Guntur_data.csv
2025-06-03 16:18:55,132 - DataManager - INFO - Successfully loaded 22 records from data\Tharuni_Guntur_data.csv
2025-06-03 16:18:57,092 - DataManager - INFO - Successfully loaded 22 records from data\Tharuni_Guntur_data.csv
2025-06-03 16:18:57,093 - DataManager - INFO - Successfully loaded 22 records from data\Tharuni_Guntur_data.csv
2025-06-03 16:18:59,475 - TharuniApp - INFO - ==================================================
2025-06-03 16:18:59,476 - TharuniApp - INFO - SAVE RECORD OPERATION STARTED WITH SMART TICKET FLOW
2025-06-03 16:18:59,476 - FormValidator - INFO - Starting comprehensive form validation
2025-06-03 16:18:59,476 - FormValidator - INFO - Validating basic fields
2025-06-03 16:18:59,477 - FormValidator - INFO - Field values: ticket='T0025', vehicle='AP22AP2222', agency='Tharuni'
2025-06-03 16:18:59,478 - FormValidator - INFO - Basic validation passed
2025-06-03 16:18:59,478 - FormValidator - INFO - Validating weighment data
2025-06-03 16:18:59,479 - FormValidator - INFO - Weighment data: first_weight='37300.00', first_timestamp='03-06-2025 16:18:54', second_weight='9940.00', second_timestamp='03-06-2025 16:18:56'
2025-06-03 16:18:59,479 - FormValidator - INFO - Weighment validation passed
2025-06-03 16:18:59,480 - FormValidator - INFO - Validating images for second weighment
2025-06-03 16:18:59,480 - FormValidator - INFO - Images validation for second: front=False, back=False
2025-06-03 16:19:00,562 - DataManager - INFO - Successfully loaded 22 records from data\Tharuni_Guntur_data.csv
2025-06-03 16:19:00,564 - DataManager - INFO - Successfully loaded 22 records from data\Tharuni_Guntur_data.csv
2025-06-03 16:19:00,571 - FormValidator - INFO - User chose to continue without images
2025-06-03 16:19:00,572 - FormValidator - INFO - Form validation passed successfully
2025-06-03 16:19:00,574 - TharuniApp - INFO - Saving record for ticket: T0025
2025-06-03 16:19:00,576 - DataManager - INFO - Successfully loaded 22 records from data\Tharuni_Guntur_data.csv
2025-06-03 16:19:00,577 - DataManager - INFO - Filtered 22 records to 0 using filter: 't0025'
2025-06-03 16:19:00,578 - TharuniApp - INFO - Adding new record: T0025
2025-06-03 16:19:00,578 - TharuniApp - INFO - Calling data_manager.save_record for T0025
2025-06-03 16:19:00,578 - DataManager - INFO - ==================================================
2025-06-03 16:19:00,579 - DataManager - INFO - STARTING OFFLINE-FIRST RECORD SAVE
2025-06-03 16:19:00,579 - DataManager - INFO - Input data keys: ['date', 'time', 'site_name', 'agency_name', 'material', 'ticket_no', 'vehicle_no', 'transfer_party_name', 'first_weight', 'first_timestamp', 'second_weight', 'second_timestamp', 'net_weight', 'material_type', 'first_front_image', 'first_back_image', 'second_front_image', 'second_back_image', 'site_incharge', 'user_name']
2025-06-03 16:19:00,580 - DataManager - INFO - Net weight calculated: 37300.0 - 9940.0 = 27360.00
2025-06-03 16:19:00,580 - DataManager - INFO - Using data file: data\Tharuni_Guntur_data.csv
2025-06-03 16:19:00,581 - DataManager - INFO - Successfully loaded 22 records from data\Tharuni_Guntur_data.csv
2025-06-03 16:19:00,581 - DataManager - INFO - Filtered 22 records to 0 using filter: 't0025'
2025-06-03 16:19:00,582 - DataManager - INFO - Adding new record: T0025
2025-06-03 16:19:00,582 - DataManager - INFO - Adding new record to CSV
2025-06-03 16:19:00,582 - DataManager - INFO - Record data: ['03-06-2025', '16:19:00', 'Guntur', 'Tharuni', 'Inert', 'T0025', 'AP22AP2222', 'Jindal', '37300.00', '03-06-2025 16:18:54', '9940.00', '03-06-2025 16:18:56', '27360.00', 'Inert', '', '', '', '', '', 'admin']
2025-06-03 16:19:00,583 - DataManager - INFO - ✅ New record added to data\Tharuni_Guntur_data.csv
2025-06-03 16:19:00,583 - DataManager - INFO - ✅ Record T0025 saved to local CSV successfully
2025-06-03 16:19:00,584 - DataManager - INFO - Weighment analysis:
2025-06-03 16:19:00,584 - DataManager - INFO -   - Has first weighment: True
2025-06-03 16:19:00,584 - DataManager - INFO -   - Has second weighment: True
2025-06-03 16:19:00,585 - DataManager - INFO -   - Is first weighment save: False
2025-06-03 16:19:00,585 - DataManager - INFO -   - Is complete record: True
2025-06-03 16:19:00,585 - DataManager - INFO -   - Is update: False
2025-06-03 16:19:00,586 - DataManager - INFO - Complete record detected - saving JSON backup locally...
2025-06-03 16:19:00,586 - DataManager - INFO - Created new daily JSON folder: data\json_backups\2025-06-03
2025-06-03 16:19:00,589 - DataManager - INFO - ✅ JSON backup saved: data\json_backups\2025-06-03\T0025_Tharuni_Guntur_161900.json
2025-06-03 16:19:00,589 - DataManager - INFO - ✅ JSON backup saved locally for T0025
2025-06-03 16:19:00,589 - DataManager - INFO - Complete record detected for ticket T0025 - generating PDF locally...
2025-06-03 16:19:00,590 - DataManager - INFO - Today's reports folder ensured: data\reports\2025-06-03
2025-06-03 16:19:00,590 - DataManager - INFO - Reports will be saved to: data\reports\2025-06-03
2025-06-03 16:19:00,591 - DataManager - INFO - Today's reports folder ensured: data\reports\2025-06-03
2025-06-03 16:19:00,594 - DataManager - INFO - SIMPLE TEST - Net display: '27360.00 kg'
2025-06-03 16:19:00,595 - DataManager - INFO - Building PDF document: data\reports\2025-06-03\Tharuni_Guntur_T0025_AP22AP2222_161900.pdf
2025-06-03 16:19:00,607 - DataManager - INFO - PDF created successfully: data\reports\2025-06-03\Tharuni_Guntur_T0025_AP22AP2222_161900.pdf (2966 bytes)
2025-06-03 16:19:00,608 - DataManager - INFO - Auto-generated PDF: data\reports\2025-06-03\Tharuni_Guntur_T0025_AP22AP2222_161900.pdf
2025-06-03 16:19:00,608 - DataManager - INFO - PDF saved to today's reports folder: data\reports\2025-06-03
2025-06-03 16:19:00,609 - DataManager - INFO - ✅ PDF auto-generated locally: data\reports\2025-06-03\Tharuni_Guntur_T0025_AP22AP2222_161900.pdf
2025-06-03 16:19:00,609 - DataManager - INFO - ✅ OFFLINE-FIRST SAVE COMPLETED - Local CSV, JSON backup, and PDF generated
2025-06-03 16:19:00,609 - DataManager - INFO - 📂 PDF saved to today's reports folder: data\reports\2025-06-03
2025-06-03 16:19:00,610 - DataManager - INFO - 💡 Cloud backup available via Settings > Cloud Storage > Backup
2025-06-03 16:19:00,610 - DataManager - INFO - ==================================================
2025-06-03 16:19:00,610 - TharuniApp - INFO - ✅ Record T0025 saved successfully
2025-06-03 16:19:01,672 - DataManager - INFO - Cloud storage initialized on demand
2025-06-03 16:19:01,999 - DataManager - INFO - Record T0025 successfully saved to cloud at Tharuni/Guntur/T0025/20250603_161901.json
2025-06-03 16:19:02,000 - DataManager - INFO - No images found to upload for ticket T0025
2025-06-03 16:19:02,616 - DataManager - INFO - Successfully loaded 23 records from data\Tharuni_Guntur_data.csv
2025-06-03 16:19:02,617 - DataManager - INFO - Successfully loaded 23 records from data\Tharuni_Guntur_data.csv
2025-06-03 16:19:02,620 - DataManager - INFO - Successfully loaded 23 records from data\Tharuni_Guntur_data.csv
2025-06-03 16:19:02,621 - DataManager - INFO - Returning all 23 records (no filter)
2025-06-03 16:19:02,622 - PendingVehiclesPanel - INFO - Refreshing pending vehicles list
2025-06-03 16:19:02,623 - DataManager - INFO - Successfully loaded 23 records from data\Tharuni_Guntur_data.csv
2025-06-03 16:19:02,623 - PendingVehiclesPanel - INFO - Retrieved 23 total records
2025-06-03 16:19:02,638 - PendingVehiclesPanel - INFO - Added to pending: T0023
2025-06-03 16:19:02,640 - PendingVehiclesPanel - INFO - Added to pending: T0024
2025-06-03 16:19:02,641 - PendingVehiclesPanel - INFO - Found 2 pending records
2025-06-03 16:19:02,642 - PendingVehiclesPanel - INFO - Successfully refreshed pending list with 2 items
2025-06-03 16:19:02,643 - TharuniApp - INFO - SAVE RECORD OPERATION COMPLETED SUCCESSFULLY WITH SMART TICKET FLOW
2025-06-03 16:19:02,643 - TharuniApp - INFO - ==================================================
2025-06-03 16:19:10,299 - PendingVehiclesPanel - INFO - Double-clicked on ticket: T0023
2025-06-03 16:19:10,301 - TharuniApp - INFO - Loading pending vehicle: T0023
2025-06-03 16:19:10,303 - DataManager - INFO - Successfully loaded 23 records from data\Tharuni_Guntur_data.csv
2025-06-03 16:19:10,305 - DataManager - INFO - Filtered 23 records to 1 using filter: 't0023'
2025-06-03 16:19:10,308 - DataManager - INFO - CSV structure is up to date
2025-06-03 16:19:10,309 - DataManager - INFO - Data context set to: Agency='Tharuni', Site='Guntur'
2025-06-03 16:19:10,310 - DataManager - INFO - Data file: data\Tharuni_Guntur_data.csv
2025-06-03 16:19:10,320 - TharuniApp - INFO - Successfully loaded pending ticket: T0023
2025-06-03 16:19:15,581 - TharuniApp - INFO - ==================================================
2025-06-03 16:19:15,582 - TharuniApp - INFO - SAVE RECORD OPERATION STARTED WITH SMART TICKET FLOW
2025-06-03 16:19:15,583 - FormValidator - INFO - Starting comprehensive form validation
2025-06-03 16:19:15,583 - FormValidator - INFO - Validating basic fields
2025-06-03 16:19:15,583 - FormValidator - INFO - Field values: ticket='T0023', vehicle='AP02AN2020', agency='Tharuni'
2025-06-03 16:19:15,584 - FormValidator - INFO - Basic validation passed
2025-06-03 16:19:15,584 - FormValidator - INFO - Validating weighment data
2025-06-03 16:19:15,585 - FormValidator - INFO - Weighment data: first_weight='23850.00', first_timestamp='03-06-2025 16:18:27', second_weight='10450.00', second_timestamp='03-06-2025 16:19:12'
2025-06-03 16:19:15,586 - FormValidator - INFO - Weighment validation passed
2025-06-03 16:19:15,586 - FormValidator - INFO - Validating images for second weighment
2025-06-03 16:19:15,586 - FormValidator - INFO - Images validation for second: front=False, back=False
2025-06-03 16:19:16,658 - FormValidator - INFO - User chose to continue without images
2025-06-03 16:19:16,658 - FormValidator - INFO - Form validation passed successfully
2025-06-03 16:19:16,659 - TharuniApp - INFO - Saving record for ticket: T0023
2025-06-03 16:19:16,660 - DataManager - INFO - Successfully loaded 23 records from data\Tharuni_Guntur_data.csv
2025-06-03 16:19:16,660 - DataManager - INFO - Filtered 23 records to 1 using filter: 't0023'
2025-06-03 16:19:16,660 - TharuniApp - INFO - Updating existing record: T0023
2025-06-03 16:19:16,661 - TharuniApp - INFO - Calling data_manager.save_record for T0023
2025-06-03 16:19:16,661 - DataManager - INFO - ==================================================
2025-06-03 16:19:16,661 - DataManager - INFO - STARTING OFFLINE-FIRST RECORD SAVE
2025-06-03 16:19:16,661 - DataManager - INFO - Input data keys: ['date', 'time', 'site_name', 'agency_name', 'material', 'ticket_no', 'vehicle_no', 'transfer_party_name', 'first_weight', 'first_timestamp', 'second_weight', 'second_timestamp', 'net_weight', 'material_type', 'first_front_image', 'first_back_image', 'second_front_image', 'second_back_image', 'site_incharge', 'user_name']
2025-06-03 16:19:16,661 - DataManager - INFO - Net weight calculated: 23850.0 - 10450.0 = 13400.00
2025-06-03 16:19:16,662 - DataManager - INFO - Using data file: data\Tharuni_Guntur_data.csv
2025-06-03 16:19:16,662 - DataManager - INFO - Successfully loaded 23 records from data\Tharuni_Guntur_data.csv
2025-06-03 16:19:16,662 - DataManager - INFO - Filtered 23 records to 1 using filter: 't0023'
2025-06-03 16:19:16,663 - DataManager - INFO - Updating existing record: T0023
2025-06-03 16:19:16,663 - DataManager - INFO - Updating record T0023 in data\Tharuni_Guntur_data.csv
2025-06-03 16:19:16,664 - DataManager - INFO - Read 23 records from CSV
2025-06-03 16:19:16,664 - DataManager - INFO - Found record to update at index 20
2025-06-03 16:19:16,664 - DataManager - INFO - Updated record data: ['03-06-2025', '16:19:16', 'Guntur', 'Tharuni', 'Inert', 'T0023', 'AP02AN2020', 'Jindal', '23850.00', '03-06-2025 16:18:27', '10450.00', '03-06-2025 16:19:12', '13400.00', 'Inert', '', '', '', '', '', 'admin']
2025-06-03 16:19:16,667 - DataManager - INFO - ✅ Record T0023 updated in data\Tharuni_Guntur_data.csv
2025-06-03 16:19:16,667 - DataManager - INFO - ✅ Record T0023 saved to local CSV successfully
2025-06-03 16:19:16,667 - DataManager - INFO - Weighment analysis:
2025-06-03 16:19:16,668 - DataManager - INFO -   - Has first weighment: True
2025-06-03 16:19:16,668 - DataManager - INFO -   - Has second weighment: True
2025-06-03 16:19:16,668 - DataManager - INFO -   - Is first weighment save: False
2025-06-03 16:19:16,669 - DataManager - INFO -   - Is complete record: True
2025-06-03 16:19:16,669 - DataManager - INFO -   - Is update: True
2025-06-03 16:19:16,669 - DataManager - INFO - Complete record detected - saving JSON backup locally...
2025-06-03 16:19:16,670 - DataManager - INFO - ✅ JSON backup saved: data\json_backups\2025-06-03\T0023_Tharuni_Guntur_161916.json
2025-06-03 16:19:16,671 - DataManager - INFO - ✅ JSON backup saved locally for T0023
2025-06-03 16:19:16,671 - DataManager - INFO - Complete record detected for ticket T0023 - generating PDF locally...
2025-06-03 16:19:16,672 - DataManager - INFO - Today's reports folder ensured: data\reports\2025-06-03
2025-06-03 16:19:16,673 - DataManager - INFO - Reports will be saved to: data\reports\2025-06-03
2025-06-03 16:19:16,673 - DataManager - INFO - Today's reports folder ensured: data\reports\2025-06-03
2025-06-03 16:19:16,675 - DataManager - INFO - SIMPLE TEST - Net display: '13400.00 kg'
2025-06-03 16:19:16,676 - DataManager - INFO - Building PDF document: data\reports\2025-06-03\Tharuni_Guntur_T0023_AP02AN2020_161916.pdf
2025-06-03 16:19:16,685 - DataManager - INFO - PDF created successfully: data\reports\2025-06-03\Tharuni_Guntur_T0023_AP02AN2020_161916.pdf (2968 bytes)
2025-06-03 16:19:16,686 - DataManager - INFO - Auto-generated PDF: data\reports\2025-06-03\Tharuni_Guntur_T0023_AP02AN2020_161916.pdf
2025-06-03 16:19:16,687 - DataManager - INFO - PDF saved to today's reports folder: data\reports\2025-06-03
2025-06-03 16:19:16,687 - DataManager - INFO - ✅ PDF auto-generated locally: data\reports\2025-06-03\Tharuni_Guntur_T0023_AP02AN2020_161916.pdf
2025-06-03 16:19:16,687 - DataManager - INFO - ✅ OFFLINE-FIRST SAVE COMPLETED - Local CSV, JSON backup, and PDF generated
2025-06-03 16:19:16,688 - DataManager - INFO - 📂 PDF saved to today's reports folder: data\reports\2025-06-03
2025-06-03 16:19:16,688 - DataManager - INFO - 💡 Cloud backup available via Settings > Cloud Storage > Backup
2025-06-03 16:19:16,688 - DataManager - INFO - ==================================================
2025-06-03 16:19:16,689 - TharuniApp - INFO - ✅ Record T0023 saved successfully
2025-06-03 16:19:16,692 - TharuniApp - INFO - Removing T0023 from pending vehicles list
2025-06-03 16:19:16,692 - PendingVehiclesPanel - INFO - Attempting to remove ticket T0023 from pending list
2025-06-03 16:19:16,693 - PendingVehiclesPanel - INFO - Removed ticket T0023 from pending list
2025-06-03 16:19:17,475 - DataManager - INFO - Record T0023 successfully saved to cloud at Tharuni/Guntur/T0023/20250603_161917.json
2025-06-03 16:19:17,476 - DataManager - INFO - No images found to upload for ticket T0023
2025-06-03 16:19:17,944 - DataManager - INFO - Successfully loaded 23 records from data\Tharuni_Guntur_data.csv
2025-06-03 16:19:17,945 - DataManager - INFO - Returning all 23 records (no filter)
2025-06-03 16:19:17,946 - PendingVehiclesPanel - INFO - Refreshing pending vehicles list
2025-06-03 16:19:17,946 - DataManager - INFO - Successfully loaded 23 records from data\Tharuni_Guntur_data.csv
2025-06-03 16:19:17,947 - PendingVehiclesPanel - INFO - Retrieved 23 total records
2025-06-03 16:19:17,965 - PendingVehiclesPanel - INFO - Added to pending: T0024
2025-06-03 16:19:17,966 - PendingVehiclesPanel - INFO - Found 1 pending records
2025-06-03 16:19:17,967 - PendingVehiclesPanel - INFO - Successfully refreshed pending list with 1 items
2025-06-03 16:19:17,968 - TharuniApp - INFO - SAVE RECORD OPERATION COMPLETED SUCCESSFULLY WITH SMART TICKET FLOW
2025-06-03 16:19:17,969 - TharuniApp - INFO - ==================================================
2025-06-03 16:19:19,350 - PendingVehiclesPanel - INFO - Refreshing pending vehicles list
2025-06-03 16:19:19,352 - DataManager - INFO - Successfully loaded 23 records from data\Tharuni_Guntur_data.csv
2025-06-03 16:19:19,354 - PendingVehiclesPanel - INFO - Retrieved 23 total records
2025-06-03 16:19:19,395 - PendingVehiclesPanel - INFO - Added to pending: T0024
2025-06-03 16:19:19,396 - PendingVehiclesPanel - INFO - Found 1 pending records
2025-06-03 16:19:19,397 - PendingVehiclesPanel - INFO - Successfully refreshed pending list with 1 items
2025-06-03 16:19:19,397 - DataManager - INFO - Created new daily folder: data\reports\03-06
2025-06-03 16:19:24,107 - PendingVehiclesPanel - INFO - Double-clicked on ticket: T0024
2025-06-03 16:19:24,108 - TharuniApp - INFO - Loading pending vehicle: T0024
2025-06-03 16:19:24,111 - DataManager - INFO - Successfully loaded 23 records from data\Tharuni_Guntur_data.csv
2025-06-03 16:19:24,113 - DataManager - INFO - Filtered 23 records to 1 using filter: 't0024'
2025-06-03 16:19:24,116 - DataManager - INFO - CSV structure is up to date
2025-06-03 16:19:24,117 - DataManager - INFO - Data context set to: Agency='Tharuni', Site='Guntur'
2025-06-03 16:19:24,118 - DataManager - INFO - Data file: data\Tharuni_Guntur_data.csv
2025-06-03 16:19:24,123 - TharuniApp - INFO - Successfully loaded pending ticket: T0024
2025-06-03 16:19:29,019 - TharuniApp - INFO - ==================================================
2025-06-03 16:19:29,020 - TharuniApp - INFO - SAVE RECORD OPERATION STARTED WITH SMART TICKET FLOW
2025-06-03 16:19:29,020 - FormValidator - INFO - Starting comprehensive form validation
2025-06-03 16:19:29,021 - FormValidator - INFO - Validating basic fields
2025-06-03 16:19:29,021 - FormValidator - INFO - Field values: ticket='T0024', vehicle='AO07GT0123', agency='Tharuni'
2025-06-03 16:19:29,022 - FormValidator - INFO - Basic validation passed
2025-06-03 16:19:29,022 - FormValidator - INFO - Validating weighment data
2025-06-03 16:19:29,023 - FormValidator - INFO - Weighment data: first_weight='29420.00', first_timestamp='03-06-2025 16:18:42', second_weight='10720.00', second_timestamp='03-06-2025 16:19:26'
2025-06-03 16:19:29,023 - FormValidator - INFO - Weighment validation passed
2025-06-03 16:19:29,024 - FormValidator - INFO - Validating images for second weighment
2025-06-03 16:19:29,024 - FormValidator - INFO - Images validation for second: front=False, back=False
2025-06-03 16:19:30,078 - FormValidator - INFO - User chose to continue without images
2025-06-03 16:19:30,078 - FormValidator - INFO - Form validation passed successfully
2025-06-03 16:19:30,079 - TharuniApp - INFO - Saving record for ticket: T0024
2025-06-03 16:19:30,080 - DataManager - INFO - Successfully loaded 23 records from data\Tharuni_Guntur_data.csv
2025-06-03 16:19:30,081 - DataManager - INFO - Filtered 23 records to 1 using filter: 't0024'
2025-06-03 16:19:30,081 - TharuniApp - INFO - Updating existing record: T0024
2025-06-03 16:19:30,081 - TharuniApp - INFO - Calling data_manager.save_record for T0024
2025-06-03 16:19:30,082 - DataManager - INFO - ==================================================
2025-06-03 16:19:30,082 - DataManager - INFO - STARTING OFFLINE-FIRST RECORD SAVE
2025-06-03 16:19:30,082 - DataManager - INFO - Input data keys: ['date', 'time', 'site_name', 'agency_name', 'material', 'ticket_no', 'vehicle_no', 'transfer_party_name', 'first_weight', 'first_timestamp', 'second_weight', 'second_timestamp', 'net_weight', 'material_type', 'first_front_image', 'first_back_image', 'second_front_image', 'second_back_image', 'site_incharge', 'user_name']
2025-06-03 16:19:30,082 - DataManager - INFO - Net weight calculated: 29420.0 - 10720.0 = 18700.00
2025-06-03 16:19:30,083 - DataManager - INFO - Using data file: data\Tharuni_Guntur_data.csv
2025-06-03 16:19:30,084 - DataManager - INFO - Successfully loaded 23 records from data\Tharuni_Guntur_data.csv
2025-06-03 16:19:30,085 - DataManager - INFO - Filtered 23 records to 1 using filter: 't0024'
2025-06-03 16:19:30,085 - DataManager - INFO - Updating existing record: T0024
2025-06-03 16:19:30,086 - DataManager - INFO - Updating record T0024 in data\Tharuni_Guntur_data.csv
2025-06-03 16:19:30,087 - DataManager - INFO - Read 23 records from CSV
2025-06-03 16:19:30,087 - DataManager - INFO - Found record to update at index 21
2025-06-03 16:19:30,088 - DataManager - INFO - Updated record data: ['03-06-2025', '16:19:30', 'Guntur', 'Tharuni', 'Inert', 'T0024', 'AO07GT0123', 'Jindal', '29420.00', '03-06-2025 16:18:42', '10720.00', '03-06-2025 16:19:26', '18700.00', 'Inert', '', '', '', '', '', 'admin']
2025-06-03 16:19:30,090 - DataManager - INFO - ✅ Record T0024 updated in data\Tharuni_Guntur_data.csv
2025-06-03 16:19:30,090 - DataManager - INFO - ✅ Record T0024 saved to local CSV successfully
2025-06-03 16:19:30,091 - DataManager - INFO - Weighment analysis:
2025-06-03 16:19:30,091 - DataManager - INFO -   - Has first weighment: True
2025-06-03 16:19:30,091 - DataManager - INFO -   - Has second weighment: True
2025-06-03 16:19:30,091 - DataManager - INFO -   - Is first weighment save: False
2025-06-03 16:19:30,092 - DataManager - INFO -   - Is complete record: True
2025-06-03 16:19:30,092 - DataManager - INFO -   - Is update: True
2025-06-03 16:19:30,092 - DataManager - INFO - Complete record detected - saving JSON backup locally...
2025-06-03 16:19:30,093 - DataManager - INFO - Created new daily JSON folder: data\json_backups\2025-06-03
2025-06-03 16:19:30,094 - DataManager - INFO - ✅ JSON backup saved: data\json_backups\2025-06-03\T0024_Tharuni_Guntur_161930.json
2025-06-03 16:19:30,094 - DataManager - INFO - ✅ JSON backup saved locally for T0024
2025-06-03 16:19:30,094 - DataManager - INFO - Complete record detected for ticket T0024 - generating PDF locally...
2025-06-03 16:19:30,095 - DataManager - INFO - Today's reports folder ensured: data\reports\2025-06-03
2025-06-03 16:19:30,095 - DataManager - INFO - Reports will be saved to: data\reports\2025-06-03
2025-06-03 16:19:30,096 - DataManager - INFO - Today's reports folder ensured: data\reports\2025-06-03
2025-06-03 16:19:30,098 - DataManager - INFO - SIMPLE TEST - Net display: '18700.00 kg'
2025-06-03 16:19:30,099 - DataManager - INFO - Building PDF document: data\reports\2025-06-03\Tharuni_Guntur_T0024_AO07GT0123_161930.pdf
2025-06-03 16:19:30,110 - DataManager - INFO - PDF created successfully: data\reports\2025-06-03\Tharuni_Guntur_T0024_AO07GT0123_161930.pdf (2968 bytes)
2025-06-03 16:19:30,111 - DataManager - INFO - Auto-generated PDF: data\reports\2025-06-03\Tharuni_Guntur_T0024_AO07GT0123_161930.pdf
2025-06-03 16:19:30,111 - DataManager - INFO - PDF saved to today's reports folder: data\reports\2025-06-03
2025-06-03 16:19:30,111 - DataManager - INFO - ✅ PDF auto-generated locally: data\reports\2025-06-03\Tharuni_Guntur_T0024_AO07GT0123_161930.pdf
2025-06-03 16:19:30,112 - DataManager - INFO - ✅ OFFLINE-FIRST SAVE COMPLETED - Local CSV, JSON backup, and PDF generated
2025-06-03 16:19:30,112 - DataManager - INFO - 📂 PDF saved to today's reports folder: data\reports\2025-06-03
2025-06-03 16:19:30,112 - DataManager - INFO - 💡 Cloud backup available via Settings > Cloud Storage > Backup
2025-06-03 16:19:30,113 - DataManager - INFO - ==================================================
2025-06-03 16:19:30,113 - TharuniApp - INFO - ✅ Record T0024 saved successfully
2025-06-03 16:19:30,117 - TharuniApp - INFO - Removing T0024 from pending vehicles list
2025-06-03 16:19:30,118 - PendingVehiclesPanel - INFO - Attempting to remove ticket T0024 from pending list
2025-06-03 16:19:30,119 - PendingVehiclesPanel - INFO - Removed ticket T0024 from pending list
2025-06-03 16:19:30,901 - DataManager - INFO - Record T0024 successfully saved to cloud at Tharuni/Guntur/T0024/20250603_161930.json
2025-06-03 16:19:30,901 - DataManager - INFO - No images found to upload for ticket T0024
2025-06-03 16:19:31,105 - DataManager - INFO - Successfully loaded 23 records from data\Tharuni_Guntur_data.csv
2025-06-03 16:19:31,105 - DataManager - INFO - Returning all 23 records (no filter)
2025-06-03 16:19:31,106 - PendingVehiclesPanel - INFO - Refreshing pending vehicles list
2025-06-03 16:19:31,107 - DataManager - INFO - Successfully loaded 23 records from data\Tharuni_Guntur_data.csv
2025-06-03 16:19:31,107 - PendingVehiclesPanel - INFO - Retrieved 23 total records
2025-06-03 16:19:31,126 - PendingVehiclesPanel - INFO - Found 0 pending records
2025-06-03 16:19:31,126 - PendingVehiclesPanel - INFO - Successfully refreshed pending list with 0 items
2025-06-03 16:19:31,126 - TharuniApp - INFO - SAVE RECORD OPERATION COMPLETED SUCCESSFULLY WITH SMART TICKET FLOW
2025-06-03 16:19:31,127 - TharuniApp - INFO - ==================================================
2025-06-03 16:20:19,399 - PendingVehiclesPanel - INFO - Refreshing pending vehicles list
2025-06-03 16:20:19,400 - DataManager - INFO - Successfully loaded 23 records from data\Tharuni_Guntur_data.csv
2025-06-03 16:20:19,401 - PendingVehiclesPanel - INFO - Retrieved 23 total records
2025-06-03 16:20:19,419 - PendingVehiclesPanel - INFO - Found 0 pending records
2025-06-03 16:20:19,419 - PendingVehiclesPanel - INFO - Successfully refreshed pending list with 0 items
2025-06-03 16:20:19,420 - DataManager - INFO - Created new daily folder: data\reports\03-06
2025-06-03 16:21:19,425 - PendingVehiclesPanel - INFO - Refreshing pending vehicles list
2025-06-03 16:21:19,426 - DataManager - INFO - Successfully loaded 23 records from data\Tharuni_Guntur_data.csv
2025-06-03 16:21:19,426 - PendingVehiclesPanel - INFO - Retrieved 23 total records
2025-06-03 16:21:19,450 - PendingVehiclesPanel - INFO - Found 0 pending records
2025-06-03 16:21:19,450 - PendingVehiclesPanel - INFO - Successfully refreshed pending list with 0 items
2025-06-03 16:22:19,459 - PendingVehiclesPanel - INFO - Refreshing pending vehicles list
2025-06-03 16:22:19,462 - DataManager - INFO - Successfully loaded 23 records from data\Tharuni_Guntur_data.csv
2025-06-03 16:22:19,463 - PendingVehiclesPanel - INFO - Retrieved 23 total records
2025-06-03 16:22:19,489 - PendingVehiclesPanel - INFO - Found 0 pending records
2025-06-03 16:22:19,490 - PendingVehiclesPanel - INFO - Successfully refreshed pending list with 0 items
2025-06-03 16:23:19,493 - PendingVehiclesPanel - INFO - Refreshing pending vehicles list
2025-06-03 16:23:19,493 - DataManager - INFO - Successfully loaded 23 records from data\Tharuni_Guntur_data.csv
2025-06-03 16:23:19,494 - PendingVehiclesPanel - INFO - Retrieved 23 total records
2025-06-03 16:23:19,513 - PendingVehiclesPanel - INFO - Found 0 pending records
2025-06-03 16:23:19,514 - PendingVehiclesPanel - INFO - Successfully refreshed pending list with 0 items
2025-06-03 16:24:19,517 - PendingVehiclesPanel - INFO - Refreshing pending vehicles list
2025-06-03 16:24:19,520 - DataManager - INFO - Successfully loaded 23 records from data\Tharuni_Guntur_data.csv
2025-06-03 16:24:19,521 - PendingVehiclesPanel - INFO - Retrieved 23 total records
2025-06-03 16:24:19,546 - PendingVehiclesPanel - INFO - Found 0 pending records
2025-06-03 16:24:19,547 - PendingVehiclesPanel - INFO - Successfully refreshed pending list with 0 items
2025-06-03 16:24:37,649 - TharuniApp - INFO - ============================================================
2025-06-03 16:24:37,649 - TharuniApp - INFO - APPLICATION STARTUP
2025-06-03 16:24:37,649 - TharuniApp - INFO - ============================================================
2025-06-03 16:24:37,653 - TharuniApp - INFO - Configuration setup completed
2025-06-03 16:24:37,654 - DataManager - INFO - DataManager initialized with OFFLINE-FIRST approach + JSON local storage
2025-06-03 16:24:37,654 - DataManager - INFO - CSV structure is up to date
2025-06-03 16:24:37,655 - DataManager - INFO - Daily PDF folder structure ready:
2025-06-03 16:24:37,655 - DataManager - INFO -   Base reports folder: data\reports
2025-06-03 16:24:37,656 - DataManager - INFO -   Today's folder: data\reports\2025-06-03
2025-06-03 16:24:37,656 - DataManager - INFO - Data file: data\weighbridge_data.csv
2025-06-03 16:24:37,657 - DataManager - INFO - Reports folder: data\reports
2025-06-03 16:24:37,657 - DataManager - INFO - JSON backup folder: data\json_backups
2025-06-03 16:24:37,657 - DataManager - INFO - PDF folder: data\reports\2025-06-03
2025-06-03 16:24:37,658 - DataManager - INFO - Cloud storage will only be initialized when backup is requested
2025-06-03 16:24:37,658 - TharuniApp - INFO - Data manager initialized
2025-06-03 16:24:37,669 - TharuniApp - INFO - Settings storage initialized
2025-06-03 16:24:37,673 - TharuniApp - INFO - UI styles initialized
2025-06-03 16:24:37,673 - TharuniApp - INFO - Starting user authentication
2025-06-03 16:24:40,817 - TharuniApp - INFO - Authentication successful: admin
2025-06-03 16:24:40,817 - TharuniApp - INFO - User logged in: admin (Role: admin)
2025-06-03 16:24:40,817 - TharuniApp - INFO - Setting up data context
2025-06-03 16:24:40,818 - DataManager - INFO - CSV structure is up to date
2025-06-03 16:24:40,818 - DataManager - INFO - Data context set to: Agency='Tharuni', Site='Guntur'
2025-06-03 16:24:40,818 - DataManager - INFO - Data file: data\Tharuni_Guntur_data.csv
2025-06-03 16:24:40,819 - TharuniApp - INFO - Data context initialized: Agency='Tharuni', Site='Guntur'
2025-06-03 16:24:40,819 - TharuniApp - INFO - Data will be saved to: data\Tharuni_Guntur_data.csv
2025-06-03 16:24:40,819 - TharuniApp - INFO - PDFs will be saved to: data\reports\2025-06-03
2025-06-03 16:24:40,819 - TharuniApp - INFO - Creating application widgets
2025-06-03 16:24:40,828 - TharuniApp - INFO - Creating main panel
2025-06-03 16:24:40,833 - FormValidator - INFO - FormValidator initialized
2025-06-03 16:24:40,844 - DataManager - INFO - Successfully loaded 23 records from data\Tharuni_Guntur_data.csv
2025-06-03 16:24:41,446 - DataManager - INFO - Successfully loaded 23 records from data\Tharuni_Guntur_data.csv
2025-06-03 16:24:41,447 - TharuniApp - INFO - Main form created
2025-06-03 16:24:41,448 - DataManager - INFO - CSV structure is up to date
2025-06-03 16:24:41,448 - DataManager - INFO - Data context set to: Agency='Tharuni', Site='Guntur'
2025-06-03 16:24:41,449 - DataManager - INFO - Data file: data\Tharuni_Guntur_data.csv
2025-06-03 16:24:41,449 - DataManager - INFO - CSV structure is up to date
2025-06-03 16:24:41,450 - DataManager - INFO - Data context set to: Agency='Tharuni', Site='Guntur'
2025-06-03 16:24:41,450 - DataManager - INFO - Data file: data\Tharuni_Guntur_data.csv
2025-06-03 16:24:41,451 - DataManager - INFO - CSV structure is up to date
2025-06-03 16:24:41,451 - DataManager - INFO - Data context set to: Agency='Tharuni', Site='Guntur'
2025-06-03 16:24:41,451 - DataManager - INFO - Data file: data\Tharuni_Guntur_data.csv
2025-06-03 16:24:41,452 - PendingVehiclesPanel - INFO - PendingVehiclesPanel initialized
2025-06-03 16:24:41,459 - PendingVehiclesPanel - INFO - Refreshing pending vehicles list
2025-06-03 16:24:41,460 - DataManager - INFO - Successfully loaded 23 records from data\Tharuni_Guntur_data.csv
2025-06-03 16:24:41,460 - PendingVehiclesPanel - INFO - Retrieved 23 total records
2025-06-03 16:24:41,478 - PendingVehiclesPanel - INFO - Found 0 pending records
2025-06-03 16:24:41,479 - PendingVehiclesPanel - INFO - Successfully refreshed pending list with 0 items
2025-06-03 16:24:41,479 - TharuniApp - INFO - Pending vehicles panel created
2025-06-03 16:24:41,686 - TharuniApp - INFO - Main panel creation completed
2025-06-03 16:24:41,695 - TharuniApp - INFO - Summary panel created
2025-06-03 16:24:41,917 - TharuniApp - INFO - ✅ Data manager reference set in settings panel
2025-06-03 16:24:41,917 - TharuniApp - INFO - Widget creation completed successfully
2025-06-03 16:24:41,919 - PendingVehiclesPanel - INFO - Refreshing pending vehicles list
2025-06-03 16:24:41,920 - DataManager - INFO - Successfully loaded 23 records from data\Tharuni_Guntur_data.csv
2025-06-03 16:24:41,920 - PendingVehiclesPanel - INFO - Retrieved 23 total records
2025-06-03 16:24:41,938 - PendingVehiclesPanel - INFO - Found 0 pending records
2025-06-03 16:24:41,939 - PendingVehiclesPanel - INFO - Successfully refreshed pending list with 0 items
2025-06-03 16:24:41,940 - DataManager - INFO - Created new daily folder: data\reports\03-06
2025-06-03 16:24:41,943 - TharuniApp - INFO - Application initialization completed successfully
2025-06-03 16:24:42,921 - TharuniApp - INFO - Ensuring settings persistence...
2025-06-03 16:24:42,924 - TharuniApp - INFO - Settings persistence check completed
2025-06-03 16:24:54,899 - DataManager - INFO - Successfully loaded 23 records from data\Tharuni_Guntur_data.csv
2025-06-03 16:24:54,912 - DataManager - INFO - Successfully loaded 23 records from data\Tharuni_Guntur_data.csv
2025-06-03 16:24:54,913 - DataManager - INFO - Successfully loaded 23 records from data\Tharuni_Guntur_data.csv
2025-06-03 16:24:55,410 - DataManager - INFO - Successfully loaded 23 records from data\Tharuni_Guntur_data.csv
2025-06-03 16:24:55,412 - DataManager - INFO - Successfully loaded 23 records from data\Tharuni_Guntur_data.csv
2025-06-03 16:24:57,133 - DataManager - INFO - Successfully loaded 23 records from data\Tharuni_Guntur_data.csv
2025-06-03 16:24:57,134 - DataManager - INFO - Successfully loaded 23 records from data\Tharuni_Guntur_data.csv
2025-06-03 16:24:58,350 - DataManager - INFO - Successfully loaded 23 records from data\Tharuni_Guntur_data.csv
2025-06-03 16:24:58,352 - DataManager - INFO - Successfully loaded 23 records from data\Tharuni_Guntur_data.csv
2025-06-03 16:25:00,331 - TharuniApp - INFO - ==================================================
2025-06-03 16:25:00,332 - TharuniApp - INFO - SAVE RECORD OPERATION STARTED WITH SMART TICKET FLOW
2025-06-03 16:25:00,332 - FormValidator - INFO - Starting comprehensive form validation
2025-06-03 16:25:00,332 - FormValidator - INFO - Validating basic fields
2025-06-03 16:25:00,333 - FormValidator - INFO - Field values: ticket='T0026', vehicle='AO07GT0123', agency='Tharuni'
2025-06-03 16:25:00,333 - FormValidator - INFO - Basic validation passed
2025-06-03 16:25:00,333 - FormValidator - INFO - Validating weighment data
2025-06-03 16:25:00,334 - FormValidator - INFO - Weighment data: first_weight='22850.00', first_timestamp='03-06-2025 16:24:56', second_weight='13520.00', second_timestamp='03-06-2025 16:24:57'
2025-06-03 16:25:00,334 - FormValidator - INFO - Weighment validation passed
2025-06-03 16:25:00,335 - FormValidator - INFO - Validating images for second weighment
2025-06-03 16:25:00,335 - FormValidator - INFO - Images validation for second: front=False, back=False
2025-06-03 16:25:01,369 - DataManager - INFO - Successfully loaded 23 records from data\Tharuni_Guntur_data.csv
2025-06-03 16:25:01,371 - DataManager - INFO - Successfully loaded 23 records from data\Tharuni_Guntur_data.csv
2025-06-03 16:25:01,381 - FormValidator - INFO - User chose to continue without images
2025-06-03 16:25:01,381 - FormValidator - INFO - Form validation passed successfully
2025-06-03 16:25:01,385 - TharuniApp - INFO - Saving record for ticket: T0026
2025-06-03 16:25:01,387 - DataManager - INFO - Successfully loaded 23 records from data\Tharuni_Guntur_data.csv
2025-06-03 16:25:01,388 - DataManager - INFO - Filtered 23 records to 0 using filter: 't0026'
2025-06-03 16:25:01,389 - TharuniApp - INFO - Adding new record: T0026
2025-06-03 16:25:01,389 - TharuniApp - INFO - Calling data_manager.save_record for T0026
2025-06-03 16:25:01,390 - DataManager - INFO - ==================================================
2025-06-03 16:25:01,390 - DataManager - INFO - STARTING OFFLINE-FIRST RECORD SAVE
2025-06-03 16:25:01,390 - DataManager - INFO - Input data keys: ['date', 'time', 'site_name', 'agency_name', 'material', 'ticket_no', 'vehicle_no', 'transfer_party_name', 'first_weight', 'first_timestamp', 'second_weight', 'second_timestamp', 'net_weight', 'material_type', 'first_front_image', 'first_back_image', 'second_front_image', 'second_back_image', 'site_incharge', 'user_name']
2025-06-03 16:25:01,391 - DataManager - INFO - Net weight calculated: 22850.0 - 13520.0 = 9330.00
2025-06-03 16:25:01,391 - DataManager - INFO - Using data file: data\Tharuni_Guntur_data.csv
2025-06-03 16:25:01,392 - DataManager - INFO - Successfully loaded 23 records from data\Tharuni_Guntur_data.csv
2025-06-03 16:25:01,393 - DataManager - INFO - Filtered 23 records to 0 using filter: 't0026'
2025-06-03 16:25:01,393 - DataManager - INFO - Adding new record: T0026
2025-06-03 16:25:01,394 - DataManager - INFO - Adding new record to CSV
2025-06-03 16:25:01,394 - DataManager - INFO - Record data: ['03-06-2025', '16:25:01', 'Guntur', 'Tharuni', 'Inert', 'T0026', 'AO07GT0123', 'Jindal', '22850.00', '03-06-2025 16:24:56', '13520.00', '03-06-2025 16:24:57', '9330.00', 'Inert', '', '', '', '', '', 'admin']
2025-06-03 16:25:01,396 - DataManager - INFO - ✅ New record added to data\Tharuni_Guntur_data.csv
2025-06-03 16:25:01,396 - DataManager - INFO - ✅ Record T0026 saved to local CSV successfully
2025-06-03 16:25:01,396 - DataManager - INFO - Weighment analysis:
2025-06-03 16:25:01,397 - DataManager - INFO -   - Has first weighment: True
2025-06-03 16:25:01,397 - DataManager - INFO -   - Has second weighment: True
2025-06-03 16:25:01,397 - DataManager - INFO -   - Is first weighment save: False
2025-06-03 16:25:01,398 - DataManager - INFO -   - Is complete record: True
2025-06-03 16:25:01,398 - DataManager - INFO -   - Is update: False
2025-06-03 16:25:01,398 - DataManager - INFO - Complete record detected - saving JSON backup locally...
2025-06-03 16:25:01,399 - DataManager - INFO - Created new daily JSON folder: data\json_backups\2025-06-03
2025-06-03 16:25:01,402 - DataManager - INFO - ✅ JSON backup saved: data\json_backups\2025-06-03\T0026_Tharuni_Guntur_162501.json
2025-06-03 16:25:01,402 - DataManager - INFO - ✅ JSON backup saved locally for T0026
2025-06-03 16:25:01,403 - DataManager - INFO - Complete record detected for ticket T0026 - generating PDF locally...
2025-06-03 16:25:01,404 - DataManager - INFO - Today's reports folder ensured: data\reports\2025-06-03
2025-06-03 16:25:01,405 - DataManager - INFO - Reports will be saved to: data\reports\2025-06-03
2025-06-03 16:25:01,405 - DataManager - INFO - Today's reports folder ensured: data\reports\2025-06-03
2025-06-03 16:25:01,408 - DataManager - INFO - SIMPLE TEST - Net display: '9330.00 kg'
2025-06-03 16:25:01,409 - DataManager - INFO - Building PDF document: data\reports\2025-06-03\Tharuni_Guntur_T0026_AO07GT0123_162501.pdf
2025-06-03 16:25:01,420 - DataManager - INFO - PDF created successfully: data\reports\2025-06-03\Tharuni_Guntur_T0026_AO07GT0123_162501.pdf (2966 bytes)
2025-06-03 16:25:01,421 - DataManager - INFO - Auto-generated PDF: data\reports\2025-06-03\Tharuni_Guntur_T0026_AO07GT0123_162501.pdf
2025-06-03 16:25:01,421 - DataManager - INFO - PDF saved to today's reports folder: data\reports\2025-06-03
2025-06-03 16:25:01,421 - DataManager - INFO - ✅ PDF auto-generated locally: data\reports\2025-06-03\Tharuni_Guntur_T0026_AO07GT0123_162501.pdf
2025-06-03 16:25:01,422 - DataManager - INFO - ✅ OFFLINE-FIRST SAVE COMPLETED - Local CSV, JSON backup, and PDF generated
2025-06-03 16:25:01,422 - DataManager - INFO - 📂 PDF saved to today's reports folder: data\reports\2025-06-03
2025-06-03 16:25:01,422 - DataManager - INFO - 💡 Cloud backup available via Settings > Cloud Storage > Backup
2025-06-03 16:25:01,422 - DataManager - INFO - ==================================================
2025-06-03 16:25:01,423 - TharuniApp - INFO - ✅ Record T0026 saved successfully
2025-06-03 16:25:02,420 - DataManager - INFO - Cloud storage initialized on demand
2025-06-03 16:25:02,458 - DataManager - INFO - Successfully loaded 24 records from data\Tharuni_Guntur_data.csv
2025-06-03 16:25:02,459 - DataManager - INFO - Successfully loaded 24 records from data\Tharuni_Guntur_data.csv
2025-06-03 16:25:02,462 - DataManager - INFO - Successfully loaded 24 records from data\Tharuni_Guntur_data.csv
2025-06-03 16:25:02,462 - DataManager - INFO - Returning all 24 records (no filter)
2025-06-03 16:25:02,463 - PendingVehiclesPanel - INFO - Refreshing pending vehicles list
2025-06-03 16:25:02,464 - DataManager - INFO - Successfully loaded 24 records from data\Tharuni_Guntur_data.csv
2025-06-03 16:25:02,464 - PendingVehiclesPanel - INFO - Retrieved 24 total records
2025-06-03 16:25:02,486 - PendingVehiclesPanel - INFO - Found 0 pending records
2025-06-03 16:25:02,487 - PendingVehiclesPanel - INFO - Successfully refreshed pending list with 0 items
2025-06-03 16:25:02,488 - TharuniApp - INFO - SAVE RECORD OPERATION COMPLETED SUCCESSFULLY WITH SMART TICKET FLOW
2025-06-03 16:25:02,488 - TharuniApp - INFO - ==================================================
2025-06-03 16:25:02,795 - DataManager - INFO - Record T0026 successfully saved to cloud at Tharuni/Guntur/T0026/20250603_162502.json
2025-06-03 16:25:02,796 - DataManager - INFO - No images found to upload for ticket T0026
2025-06-03 16:25:41,945 - PendingVehiclesPanel - INFO - Refreshing pending vehicles list
2025-06-03 16:25:41,948 - DataManager - INFO - Successfully loaded 24 records from data\Tharuni_Guntur_data.csv
2025-06-03 16:25:41,950 - PendingVehiclesPanel - INFO - Retrieved 24 total records
2025-06-03 16:25:41,992 - PendingVehiclesPanel - INFO - Found 0 pending records
2025-06-03 16:25:41,993 - PendingVehiclesPanel - INFO - Successfully refreshed pending list with 0 items
2025-06-03 16:25:41,994 - DataManager - INFO - Created new daily folder: data\reports\03-06
