Date,Time,Site Name,Agency Name,Material,Ticket No,Vehicle No,Transfer Party Name,First Weight,First Timestamp,Second Weight,Second Timestamp,Net Weight,Material Type,First Front Image,First Back Image,Second Front Image,Second Back Image,Site Incharge,User Name
19-06-2025,12:16:40,BETHAMCHERLA,Saurashtra Enviro Projects Pvt. Ltd.,Legacy/MSW,T0077,AP28TC8081,On-Site,29320,,19-06-2025 12:05:23,,10640,19-06-2025 12:16:29,18680,Legacy/MSW,BETHAMCHERLA_AP28TC8081_20250619_120529_1st_front.jpg,BETHAMCHERLA_AP28TC8081_20250619_120533_1st_back.jpg,BETHAMCHERLA_AP28TC8081_20250619_121633_2nd_front.jpg,BETHAMCHERLA_AP28TC8081_20250619_121637_2nd_back.jpg
19-06-2025,12:22:04,BETHAMCHERLA,Saurashtra Enviro Projects Pvt. Ltd.,Legacy/MSW,T0078,AP 26 TA 0434,On-Site,29110,,19-06-2025 12:08:12,,19230,19-06-2025 12:21:55,9880,Legacy/MSW,BETHAMCHERLA_AP_26_TA_0434_20250619_120816_1st_front.jpg,BETHAMCHERLA_AP_26_TA_0434_20250619_120820_1st_back.jpg,BETHAMCHERLA_AP_26_TA_0434_20250619_122158_2nd_front.jpg,BETHAMCHERLA_AP_26_TA_0434_20250619_122201_2nd_back.jpg
19-06-2025,12:20:48,BETHAMCHERLA,Saurashtra Enviro Projects Pvt. Ltd.,Legacy/MSW,T0079,AP27TW7569,On-Site,31890,,19-06-2025 12:14:50,,10650,19-06-2025 12:20:37,21240,Legacy/MSW,BETHAMCHERLA_AP27TW7569_20250619_121455_1st_front.jpg,BETHAMCHERLA_AP27TW7569_20250619_121459_1st_back.jpg,BETHAMCHERLA_AP27TW7569_20250619_122041_2nd_front.jpg,BETHAMCHERLA_AP27TW7569_20250619_122044_2nd_back.jpg
19-06-2025,12:47:16,BETHAMCHERLA,Saurashtra Enviro Projects Pvt. Ltd.,Legacy/MSW,T0080,AP28TC8081,On-Site,31040,,19-06-2025 12:33:30,,12790,19-06-2025 12:47:06,18250,Legacy/MSW,BETHAMCHERLA_AP28TC8081_20250619_123334_1st_front.jpg,BETHAMCHERLA_AP28TC8081_20250619_123337_1st_back.jpg,BETHAMCHERLA_AP28TC8081_20250619_124709_2nd_front.jpg,BETHAMCHERLA_AP28TC8081_20250619_124713_2nd_back.jpg
19-06-2025,13:06:12,BETHAMCHERLA,Saurashtra Enviro Projects Pvt. Ltd.,Legacy/MSW,T0081,AP21TB4935,On-Site,31960,,19-06-2025 13:00:18,,11560,19-06-2025 13:06:03,20400,Legacy/MSW,BETHAMCHERLA_AP21TB4935_20250619_130022_1st_front.jpg,BETHAMCHERLA_AP21TB4935_20250619_130025_1st_back.jpg,BETHAMCHERLA_AP21TB4935_20250619_130607_2nd_front.jpg,BETHAMCHERLA_AP21TB4935_20250619_130610_2nd_back.jpg
19-06-2025,13:12:59,BETHAMCHERLA,Saurashtra Enviro Projects Pvt. Ltd.,Legacy/MSW,T0082,AP 26 TA 0434,On-Site,28910,,19-06-2025 13:08:04,,9860,19-06-2025 13:12:48,19050,Legacy/MSW,BETHAMCHERLA_AP_26_TA_0434_20250619_130807_1st_front.jpg,BETHAMCHERLA_AP_26_TA_0434_20250619_130810_1st_back.jpg,BETHAMCHERLA_AP_26_TA_0434_20250619_131252_2nd_front.jpg,BETHAMCHERLA_AP_26_TA_0434_20250619_131255_2nd_back.jpg
19-06-2025,13:22:27,BETHAMCHERLA,Saurashtra Enviro Projects Pvt. Ltd.,Legacy/MSW,T0083,AP27TW7569,On-Site,31790,,19-06-2025 13:14:26,,10640,19-06-2025 13:22:07,21150,Legacy/MSW,BETHAMCHERLA_AP27TW7569_20250619_131430_1st_front.jpg,BETHAMCHERLA_AP27TW7569_20250619_131434_1st_back.jpg,BETHAMCHERLA_AP27TW7569_20250619_132211_2nd_front.jpg,BETHAMCHERLA_AP27TW7569_20250619_132215_2nd_back.jpg
19-06-2025,15:20:03,BETHAMCHERLA,Saurashtra Enviro Projects Pvt. Ltd.,Legacy/MSW,T0084,AP27TW7569,On-Site,30750,,19-06-2025 15:13:32,,10650,19-06-2025 15:19:52,20100,Legacy/MSW,BETHAMCHERLA_AP27TW7569_20250619_151338_1st_front.jpg,BETHAMCHERLA_AP27TW7569_20250619_151342_1st_back.jpg,BETHAMCHERLA_AP27TW7569_20250619_151956_2nd_front.jpg,BETHAMCHERLA_AP27TW7569_20250619_152000_2nd_back.jpg
19-06-2025,15:26:20,BETHAMCHERLA,Saurashtra Enviro Projects Pvt. Ltd.,Legacy/MSW,T0085,AP21TB4935,On-Site,30850,,19-06-2025 15:14:53,,11500,19-06-2025 15:26:08,19350,Legacy/MSW,BETHAMCHERLA_AP21TB4935_20250619_151458_1st_front.jpg,BETHAMCHERLA_AP21TB4935_20250619_151501_1st_back.jpg,BETHAMCHERLA_AP21TB4935_20250619_152612_2nd_front.jpg,BETHAMCHERLA_AP21TB4935_20250619_152617_2nd_back.jpg
19-06-2025,15:28:47,BETHAMCHERLA,Saurashtra Enviro Projects Pvt. Ltd.,Legacy/MSW,T0086,AP 26 TA 0434,On-Site,29230,,19-06-2025 15:21:00,,9890,19-06-2025 15:28:33,19340,Legacy/MSW,BETHAMCHERLA_AP_26_TA_0434_20250619_152829_1st_front.jpg,BETHAMCHERLA_AP_26_TA_0434_20250619_152108_1st_back.jpg,BETHAMCHERLA_AP_26_TA_0434_20250619_152837_2nd_front.jpg,BETHAMCHERLA_AP_26_TA_0434_20250619_152843_2nd_back.jpg
19-06-2025,15:31:54,BETHAMCHERLA,Saurashtra Enviro Projects Pvt. Ltd.,Legacy/MSW,T0087,AP28TC8081,On-Site,30700,,19-06-2025 15:24:20,,12850,19-06-2025 15:31:44,17850,Legacy/MSW,BETHAMCHERLA_AP28TC8081_20250619_152425_1st_front.jpg,BETHAMCHERLA_AP28TC8081_20250619_152428_1st_back.jpg,BETHAMCHERLA_AP28TC8081_20250619_153147_2nd_front.jpg,BETHAMCHERLA_AP28TC8081_20250619_153152_2nd_back.jpg
19-06-2025,15:44:28,BETHAMCHERLA,Saurashtra Enviro Projects Pvt. Ltd.,Legacy/MSW,T0088,AP27TW7569,On-Site,30130,,19-06-2025 15:38:15,,10630,19-06-2025 15:44:13,19500,Legacy/MSW,BETHAMCHERLA_AP27TW7569_20250619_153819_1st_front.jpg,BETHAMCHERLA_AP27TW7569_20250619_153824_1st_back.jpg,BETHAMCHERLA_AP27TW7569_20250619_154417_2nd_front.jpg,BETHAMCHERLA_AP27TW7569_20250619_154420_2nd_back.jpg
19-06-2025,15:51:50,BETHAMCHERLA,Saurashtra Enviro Projects Pvt. Ltd.,Legacy/MSW,T0089,AP21TB4935,On-Site,29240,,19-06-2025 15:42:56,,11460,19-06-2025 15:51:36,17780,Legacy/MSW,BETHAMCHERLA_AP21TB4935_20250619_154300_1st_front.jpg,BETHAMCHERLA_AP21TB4935_20250619_154303_1st_back.jpg,BETHAMCHERLA_AP21TB4935_20250619_155145_2nd_front.jpg,BETHAMCHERLA_AP21TB4935_20250619_155147_2nd_back.jpg
19-06-2025,15:59:24,BETHAMCHERLA,Saurashtra Enviro Projects Pvt. Ltd.,Legacy/MSW,T0090,AP 26 TA 0434,On-Site,28290,,19-06-2025 15:48:53,,9890,19-06-2025 15:59:09,18400,Legacy/MSW,BETHAMCHERLA_AP_26_TA_0434_20250619_154857_1st_front.jpg,BETHAMCHERLA_AP_26_TA_0434_20250619_154901_1st_back.jpg,,BETHAMCHERLA_AP_26_TA_0434_20250619_155918_2nd_back.jpg
19-06-2025,16:04:32,BETHAMCHERLA,Saurashtra Enviro Projects Pvt. Ltd.,Legacy/MSW,T0091,AP28TC8081,On-Site,31500,,19-06-2025 15:55:40,,12800,19-06-2025 16:04:16,18700,Legacy/MSW,BETHAMCHERLA_AP28TC8081_20250619_155544_1st_front.jpg,BETHAMCHERLA_AP28TC8081_20250619_155548_1st_back.jpg,BETHAMCHERLA_AP28TC8081_20250619_160421_2nd_front.jpg,BETHAMCHERLA_AP28TC8081_20250619_160426_2nd_back.jpg
19-06-2025,16:21:55,BETHAMCHERLA,Saurashtra Enviro Projects Pvt. Ltd.,Legacy/MSW,T0092,AP21TB4935,On-Site,30760,,19-06-2025 16:13:27,,11480,19-06-2025 16:21:45,19280,Legacy/MSW,BETHAMCHERLA_AP21TB4935_20250619_161331_1st_front.jpg,BETHAMCHERLA_AP21TB4935_20250619_161336_1st_back.jpg,BETHAMCHERLA_AP21TB4935_20250619_162149_2nd_front.jpg,BETHAMCHERLA_AP21TB4935_20250619_162153_2nd_back.jpg
19-06-2025,16:27:59,BETHAMCHERLA,Saurashtra Enviro Projects Pvt. Ltd.,Legacy/MSW,T0093,AP27TW7569,On-Site,29850,,19-06-2025 16:19:34,,10620,19-06-2025 16:27:49,19230,Legacy/MSW,BETHAMCHERLA_AP27TW7569_20250619_161938_1st_front.jpg,BETHAMCHERLA_AP27TW7569_20250619_161941_1st_back.jpg,BETHAMCHERLA_AP27TW7569_20250619_162753_2nd_front.jpg,BETHAMCHERLA_AP27TW7569_20250619_162756_2nd_back.jpg
19-06-2025,16:35:09,BETHAMCHERLA,Saurashtra Enviro Projects Pvt. Ltd.,Legacy/MSW,T0094,AP 26 TA 0434,On-Site,24410,,19-06-2025 16:26:19,,9880,19-06-2025 16:34:58,14530,Legacy/MSW,BETHAMCHERLA_AP_26_TA_0434_20250619_162623_1st_front.jpg,BETHAMCHERLA_AP_26_TA_0434_20250619_162627_1st_back.jpg,BETHAMCHERLA_AP_26_TA_0434_20250619_163502_2nd_front.jpg,BETHAMCHERLA_AP_26_TA_0434_20250619_163505_2nd_back.jpg
19-06-2025,16:38:50,BETHAMCHERLA,Saurashtra Enviro Projects Pvt. Ltd.,Legacy/MSW,T0095,AP28TC8081,On-Site,26530,,19-06-2025 16:33:11,,11640,19-06-2025 16:38:34,14890,Legacy/MSW,BETHAMCHERLA_AP28TC8081_20250619_163316_1st_front.jpg,BETHAMCHERLA_AP28TC8081_20250619_163319_1st_back.jpg,BETHAMCHERLA_AP28TC8081_20250619_163838_2nd_front.jpg,BETHAMCHERLA_AP28TC8081_20250619_163841_2nd_back.jpg
19-06-2025,16:49:44,BETHAMCHERLA,Saurashtra Enviro Projects Pvt. Ltd.,Legacy/MSW,T0096,AP21TB4935,On-Site,29890,,19-06-2025 16:42:53,,11520,19-06-2025 16:49:36,18370,Legacy/MSW,BETHAMCHERLA_AP21TB4935_20250619_164257_1st_front.jpg,BETHAMCHERLA_AP21TB4935_20250619_164301_1st_back.jpg,BETHAMCHERLA_AP21TB4935_20250619_164939_2nd_front.jpg,BETHAMCHERLA_AP21TB4935_20250619_164942_2nd_back.jpg
19-06-2025,16:54:13,BETHAMCHERLA,Saurashtra Enviro Projects Pvt. Ltd.,Legacy/MSW,T0097,AP27TW7569,On-Site,29790,,19-06-2025 16:46:59,,10560,19-06-2025 16:54:02,19230,Legacy/MSW,BETHAMCHERLA_AP27TW7569_20250619_164703_1st_front.jpg,BETHAMCHERLA_AP27TW7569_20250619_164706_1st_back.jpg,BETHAMCHERLA_AP27TW7569_20250619_165407_2nd_front.jpg,BETHAMCHERLA_AP27TW7569_20250619_165410_2nd_back.jpg
19-06-2025,16:58:33,BETHAMCHERLA,Saurashtra Enviro Projects Pvt. Ltd.,Legacy/MSW,T0098,AP 26 TA 0434,On-Site,25580,,19-06-2025 16:51:57,,9890,19-06-2025 16:58:24,15690,Legacy/MSW,BETHAMCHERLA_AP_26_TA_0434_20250619_165202_1st_front.jpg,BETHAMCHERLA_AP_26_TA_0434_20250619_165205_1st_back.jpg,BETHAMCHERLA_AP_26_TA_0434_20250619_165827_2nd_front.jpg,BETHAMCHERLA_AP_26_TA_0434_20250619_165831_2nd_back.jpg
19-06-2025,17:06:55,BETHAMCHERLA,Saurashtra Enviro Projects Pvt. Ltd.,Legacy/MSW,T0099,AP28TC8081,On-Site,26860,,19-06-2025 17:00:50,,11870,19-06-2025 17:06:43,14990,Legacy/MSW,BETHAMCHERLA_AP28TC8081_20250619_170054_1st_front.jpg,BETHAMCHERLA_AP28TC8081_20250619_170059_1st_back.jpg,BETHAMCHERLA_AP28TC8081_20250619_170646_2nd_front.jpg,BETHAMCHERLA_AP28TC8081_20250619_170651_2nd_back.jpg
19-06-2025,17:21:13,BETHAMCHERLA,Saurashtra Enviro Projects Pvt. Ltd.,Legacy/MSW,T0100,AP21TB4935,On-Site,28750,,19-06-2025 17:12:00,,11490,19-06-2025 17:21:01,17260,Legacy/MSW,BETHAMCHERLA_AP21TB4935_20250619_171204_1st_front.jpg,BETHAMCHERLA_AP21TB4935_20250619_171208_1st_back.jpg,BETHAMCHERLA_AP21TB4935_20250619_172107_2nd_front.jpg,BETHAMCHERLA_AP21TB4935_20250619_172110_2nd_back.jpg
19-06-2025,17:25:58,BETHAMCHERLA,Saurashtra Enviro Projects Pvt. Ltd.,Legacy/MSW,T0101,AP27TW7569,On-Site,28430,,19-06-2025 17:17:45,,10630,19-06-2025 17:25:49,17800,Legacy/MSW,BETHAMCHERLA_AP27TW7569_20250619_171749_1st_front.jpg,BETHAMCHERLA_AP27TW7569_20250619_171752_1st_back.jpg,BETHAMCHERLA_AP27TW7569_20250619_172553_2nd_front.jpg,BETHAMCHERLA_AP27TW7569_20250619_172556_2nd_back.jpg
19-06-2025,17:30:48,BETHAMCHERLA,Saurashtra Enviro Projects Pvt. Ltd.,Legacy/MSW,T0102,AP 26 TA 0434,On-Site,27020,,19-06-2025 17:24:18,,9890,19-06-2025 17:30:20,17130,Legacy/MSW,BETHAMCHERLA_AP_26_TA_0434_20250619_172422_1st_front.jpg,BETHAMCHERLA_AP_26_TA_0434_20250619_172426_1st_back.jpg,BETHAMCHERLA_AP_26_TA_0434_20250619_173033_2nd_front.jpg,BETHAMCHERLA_AP_26_TA_0434_20250619_173036_2nd_back.jpg
19-06-2025,17:34:32,BETHAMCHERLA,Saurashtra Enviro Projects Pvt. Ltd.,Legacy/MSW,T0103,AP28TC8081,On-Site,30530,,19-06-2025 17:28:29,,11850,19-06-2025 17:34:20,18680,Legacy/MSW,BETHAMCHERLA_AP28TC8081_20250619_172832_1st_front.jpg,BETHAMCHERLA_AP28TC8081_20250619_172836_1st_back.jpg,BETHAMCHERLA_AP28TC8081_20250619_173425_2nd_front.jpg,BETHAMCHERLA_AP28TC8081_20250619_173429_2nd_back.jpg
19-06-2025,17:47:58,BETHAMCHERLA,Saurashtra Enviro Projects Pvt. Ltd.,Legacy/MSW,T0104,AP27TW7569,On-Site,30910,,19-06-2025 17:40:58,,10640,19-06-2025 17:47:48,20270,Legacy/MSW,BETHAMCHERLA_AP27TW7569_20250619_174103_1st_front.jpg,BETHAMCHERLA_AP27TW7569_20250619_174107_1st_back.jpg,BETHAMCHERLA_AP27TW7569_20250619_174751_2nd_front.jpg,BETHAMCHERLA_AP27TW7569_20250619_174755_2nd_back.jpg
19-06-2025,18:04:42,BETHAMCHERLA,Saurashtra Enviro Projects Pvt. Ltd.,Legacy/MSW,T0105,AP 26 TA 0434,On-Site,24970,,19-06-2025 17:57:24,,9900,19-06-2025 18:04:32,15070,Legacy/MSW,BETHAMCHERLA_AP_26_TA_0434_20250619_175728_1st_front.jpg,BETHAMCHERLA_AP_26_TA_0434_20250619_175731_1st_back.jpg,BETHAMCHERLA_AP_26_TA_0434_20250619_180435_2nd_front.jpg,BETHAMCHERLA_AP_26_TA_0434_20250619_180439_2nd_back.jpg
19-06-2025,18:08:21,BETHAMCHERLA,Saurashtra Enviro Projects Pvt. Ltd.,Legacy/MSW,T0106,AP28TC8081,On-Site,27980,,19-06-2025 18:03:00,,11840,19-06-2025 18:08:12,16140,Legacy/MSW,BETHAMCHERLA_AP28TC8081_20250619_180304_1st_front.jpg,BETHAMCHERLA_AP28TC8081_20250619_180308_1st_back.jpg,BETHAMCHERLA_AP28TC8081_20250619_180816_2nd_front.jpg,BETHAMCHERLA_AP28TC8081_20250619_180819_2nd_back.jpg
19-06-2025,18:28:42,BETHAMCHERLA,Saurashtra Enviro Projects Pvt. Ltd.,Legacy/MSW,T0107,AP21TB4935,On-Site,30990,,19-06-2025 18:16:35,,11530,19-06-2025 18:28:34,19460,Legacy/MSW,BETHAMCHERLA_AP21TB4935_20250619_181639_1st_front.jpg,BETHAMCHERLA_AP21TB4935_20250619_181642_1st_back.jpg,BETHAMCHERLA_AP21TB4935_20250619_182837_2nd_front.jpg,BETHAMCHERLA_AP21TB4935_20250619_182840_2nd_back.jpg
19-06-2025,18:27:26,BETHAMCHERLA,Saurashtra Enviro Projects Pvt. Ltd.,Legacy/MSW,T0108,AP27TW7569,On-Site,32500,,19-06-2025 18:19:14,,10620,19-06-2025 18:27:16,21880,Legacy/MSW,BETHAMCHERLA_AP27TW7569_20250619_181917_1st_front.jpg,BETHAMCHERLA_AP27TW7569_20250619_181919_1st_back.jpg,BETHAMCHERLA_AP27TW7569_20250619_182720_2nd_front.jpg,BETHAMCHERLA_AP27TW7569_20250619_182723_2nd_back.jpg
19-06-2025,18:37:03,BETHAMCHERLA,Saurashtra Enviro Projects Pvt. Ltd.,Legacy/MSW,T0109,AP28TC8081,On-Site,31540,,19-06-2025 18:30:08,,11890,19-06-2025 18:36:53,19650,Legacy/MSW,BETHAMCHERLA_AP28TC8081_20250619_183012_1st_front.jpg,BETHAMCHERLA_AP28TC8081_20250619_183016_1st_back.jpg,BETHAMCHERLA_AP28TC8081_20250619_183657_2nd_front.jpg,BETHAMCHERLA_AP28TC8081_20250619_183700_2nd_back.jpg
19-06-2025,11:42:35,Bethamcherla,Saurashtra Enviro Projects Pvt. Ltd.,Legacy/MSW,T0073,AP28TC8081,On-site,29320,,19-06-2025 11:00:48,,12610,19-06-2025 11:41:36,16710,Legacy/MSW,Bethamcherla_AP28TC8081_20250619_110055_1st_front.jpg,Bethamcherla_AP28TC8081_20250619_110059_1st_back.jpg,Bethamcherla_AP28TC8081_20250619_114140_2nd_front.jpg,Bethamcherla_AP28TC8081_20250619_114154_2nd_back.jpg
19-06-2025,11:52:22,Bethamcherla,Saurashtra Enviro Projects Pvt. Ltd.,Legacy/MSW,T0074,AP 26 TA 0434,On-site,28330,,19-06-2025 11:44:44,,9840,19-06-2025 11:51:57,18490,Legacy/MSW,Bethamcherla_AP_26_TA_0434_20250619_114450_1st_front.jpg,Bethamcherla_AP_26_TA_0434_20250619_114454_1st_back.jpg,Bethamcherla_AP_26_TA_0434_20250619_115202_2nd_front.jpg,Bethamcherla_AP_26_TA_0434_20250619_115206_2nd_back.jpg
19-06-2025,11:55:11,Bethamcherla,Saurashtra Enviro Projects Pvt. Ltd.,Legacy/MSW,T0075,AP27TW7569,On-site,29280,,19-06-2025 11:47:16,,10640,19-06-2025 11:54:56,18640,Legacy/MSW,Bethamcherla_AP27TW7569_20250619_114720_1st_front.jpg,Bethamcherla_AP27TW7569_20250619_114725_1st_back.jpg,Bethamcherla_AP27TW7569_20250619_115500_2nd_front.jpg,Bethamcherla_AP27TW7569_20250619_115505_2nd_back.jpg
19-06-2025,12:01:05,Bethamcherla,Saurashtra Enviro Projects Pvt. Ltd.,Legacy/MSW,T0076,AP21TB4935,On-site,31290,,19-06-2025 11:49:36,,11580,19-06-2025 12:00:55,19710,Legacy/MSW,Bethamcherla_AP21TB4935_20250619_114942_1st_front.jpg,Bethamcherla_AP21TB4935_20250619_114948_1st_back.jpg,Bethamcherla_AP21TB4935_20250619_120058_2nd_front.jpg,Bethamcherla_AP21TB4935_20250619_120101_2nd_back.jpg
20-06-2025,10:03:31,Bethamcherla,Saurashtra Enviro Projects Pvt. Ltd.,Legacy/MSW,T0111,AP21TB4935,On-site,31280,,20-06-2025 09:56:57,,11430,20-06-2025 10:03:20,19850,Legacy/MSW,Bethamcherla_AP21TB4935_20250620_095700_1st_front.jpg,Bethamcherla_AP21TB4935_20250620_095704_1st_back.jpg,Bethamcherla_AP21TB4935_20250620_100323_2nd_front.jpg,Bethamcherla_AP21TB4935_20250620_100327_2nd_back.jpg
20-06-2025,10:12:09,Bethamcherla,Saurashtra Enviro Projects Pvt. Ltd.,Legacy/MSW,T0112,AP 26 TA 0434,On-site,29210,,20-06-2025 10:05:36,,9920,20-06-2025 10:11:59,19290,Legacy/MSW,Bethamcherla_AP_26_TA_0434_20250620_100539_1st_front.jpg,Bethamcherla_AP_26_TA_0434_20250620_100542_1st_back.jpg,Bethamcherla_AP_26_TA_0434_20250620_101203_2nd_front.jpg,Bethamcherla_AP_26_TA_0434_20250620_101205_2nd_back.jpg
20-06-2025,10:14:35,Bethamcherla,Saurashtra Enviro Projects Pvt. Ltd.,Legacy/MSW,T0113,AP28TC8081,On-site,29860,,20-06-2025 10:09:14,,11860,20-06-2025 10:14:26,18000,Legacy/MSW,Bethamcherla_AP28TC8081_20250620_100919_1st_front.jpg,Bethamcherla_AP28TC8081_20250620_100922_1st_back.jpg,Bethamcherla_AP28TC8081_20250620_101430_2nd_front.jpg,Bethamcherla_AP28TC8081_20250620_101432_2nd_back.jpg
20-06-2025,10:34:57,Bethamcherla,Saurashtra Enviro Projects Pvt. Ltd.,Legacy/MSW,T0114,AP27TW7569,On-site,30070,,20-06-2025 10:22:51,,10660,20-06-2025 10:34:48,19410,Legacy/MSW,Bethamcherla_AP27TW7569_20250620_102255_1st_front.jpg,Bethamcherla_AP27TW7569_20250620_102259_1st_back.jpg,Bethamcherla_AP27TW7569_20250620_103452_2nd_front.jpg,Bethamcherla_AP27TW7569_20250620_103455_2nd_back.jpg
20-06-2025,10:37:51,Bethamcherla,Saurashtra Enviro Projects Pvt. Ltd.,Legacy/MSW,T0115,AP21TB4935,On-site,28030,,20-06-2025 10:25:23,,11540,20-06-2025 10:37:43,16490,Legacy/MSW,Bethamcherla_AP21TB4935_20250620_102527_1st_front.jpg,Bethamcherla_AP21TB4935_20250620_102530_1st_back.jpg,Bethamcherla_AP21TB4935_20250620_103746_2nd_front.jpg,Bethamcherla_AP21TB4935_20250620_103749_2nd_back.jpg
20-06-2025,10:41:14,Bethamcherla,Saurashtra Enviro Projects Pvt. Ltd.,Legacy/MSW,T0116,AP 26 TA 0434,On-site,27690,,20-06-2025 10:27:49,,9920,20-06-2025 10:41:02,17770,Legacy/MSW,Bethamcherla_AP_26_TA_0434_20250620_102753_1st_front.jpg,Bethamcherla_AP_26_TA_0434_20250620_102757_1st_back.jpg,Bethamcherla_AP_26_TA_0434_20250620_104106_2nd_front.jpg,Bethamcherla_AP_26_TA_0434_20250620_104110_2nd_back.jpg
20-06-2025,10:47:28,Bethamcherla,Saurashtra Enviro Projects Pvt. Ltd.,Legacy/MSW,T0117,AP28TC8081,On-site,30400,,20-06-2025 10:36:04,,12040,20-06-2025 10:47:17,18360,Legacy/MSW,Bethamcherla_AP28TC8081_20250620_103607_1st_front.jpg,Bethamcherla_AP28TC8081_20250620_103611_1st_back.jpg,Bethamcherla_AP28TC8081_20250620_104721_2nd_front.jpg,Bethamcherla_AP28TC8081_20250620_104724_2nd_back.jpg
20-06-2025,11:03:48,Bethamcherla,Saurashtra Enviro Projects Pvt. Ltd.,Legacy/MSW,T0118,AP27TW7569,On-site,29970,,20-06-2025 10:53:35,,10640,20-06-2025 11:03:38,19330,Legacy/MSW,Bethamcherla_AP27TW7569_20250620_105339_1st_front.jpg,Bethamcherla_AP27TW7569_20250620_105342_1st_back.jpg,Bethamcherla_AP27TW7569_20250620_110341_2nd_front.jpg,Bethamcherla_AP27TW7569_20250620_110344_2nd_back.jpg
20-06-2025,11:07:34,Bethamcherla,Saurashtra Enviro Projects Pvt. Ltd.,Legacy/MSW,T0119,AP21TB4935,On-site,28380,,20-06-2025 10:58:44,,11530,20-06-2025 11:07:24,16850,Legacy/MSW,Bethamcherla_AP21TB4935_20250620_105847_1st_front.jpg,Bethamcherla_AP21TB4935_20250620_105850_1st_back.jpg,Bethamcherla_AP21TB4935_20250620_110728_2nd_front.jpg,Bethamcherla_AP21TB4935_20250620_110731_2nd_back.jpg
20-06-2025,11:10:54,Bethamcherla,Saurashtra Enviro Projects Pvt. Ltd.,Legacy/MSW,T0120,AP 26 TA 0434,On-site,27860,,20-06-2025 11:02:00,,9930,20-06-2025 11:10:43,17930,Legacy/MSW,Bethamcherla_AP_26_TA_0434_20250620_110204_1st_front.jpg,Bethamcherla_AP_26_TA_0434_20250620_110208_1st_back.jpg,Bethamcherla_AP_26_TA_0434_20250620_111046_2nd_front.jpg,Bethamcherla_AP_26_TA_0434_20250620_111050_2nd_back.jpg
20-06-2025,11:29:30,Bethamcherla,Saurashtra Enviro Projects Pvt. Ltd.,Legacy/MSW,T0121,AP28TC8081,On-site,28810,,20-06-2025 11:24:15,,12340,20-06-2025 11:29:19,16470,Legacy/MSW,Bethamcherla_AP28TC8081_20250620_112419_1st_front.jpg,Bethamcherla_AP28TC8081_20250620_112423_1st_back.jpg,Bethamcherla_AP28TC8081_20250620_112924_2nd_front.jpg,Bethamcherla_AP28TC8081_20250620_112928_2nd_back.jpg
20-06-2025,11:41:59,Bethamcherla,Saurashtra Enviro Projects Pvt. Ltd.,Legacy/MSW,T0122,AP27TW7569,On-site,28880,,20-06-2025 11:33:16,,10620,20-06-2025 11:41:48,18260,Legacy/MSW,Bethamcherla_AP27TW7569_20250620_113320_1st_front.jpg,Bethamcherla_AP27TW7569_20250620_113323_1st_back.jpg,Bethamcherla_AP27TW7569_20250620_114154_2nd_front.jpg,Bethamcherla_AP27TW7569_20250620_114157_2nd_back.jpg
20-06-2025,11:47:24,Bethamcherla,Saurashtra Enviro Projects Pvt. Ltd.,Legacy/MSW,T0123,AP21TB4935,On-site,30600,,20-06-2025 11:35:34,,11520,20-06-2025 11:47:07,19080,Legacy/MSW,Bethamcherla_AP21TB4935_20250620_113538_1st_front.jpg,Bethamcherla_AP21TB4935_20250620_113541_1st_back.jpg,Bethamcherla_AP21TB4935_20250620_114712_2nd_front.jpg,Bethamcherla_AP21TB4935_20250620_114721_2nd_back.jpg
20-06-2025,11:48:45,Bethamcherla,Saurashtra Enviro Projects Pvt. Ltd.,Legacy/MSW,T0124,AP 26 TA 0434,On-site,27720,,20-06-2025 11:40:12,,9920,20-06-2025 11:48:34,17800,Legacy/MSW,Bethamcherla_AP_26_TA_0434_20250620_114015_1st_front.jpg,Bethamcherla_AP_26_TA_0434_20250620_114018_1st_back.jpg,Bethamcherla_AP_26_TA_0434_20250620_114838_2nd_front.jpg,Bethamcherla_AP_26_TA_0434_20250620_114842_2nd_back.jpg
20-06-2025,11:51:19,Bethamcherla,Saurashtra Enviro Projects Pvt. Ltd.,Legacy/MSW,T0125,AP28TC8081,On-site,29160,,20-06-2025 11:45:18,,11800,20-06-2025 11:51:05,17360,Legacy/MSW,Bethamcherla_AP28TC8081_20250620_114523_1st_front.jpg,Bethamcherla_AP28TC8081_20250620_114527_1st_back.jpg,Bethamcherla_AP28TC8081_20250620_115111_2nd_front.jpg,Bethamcherla_AP28TC8081_20250620_115115_2nd_back.jpg
20-06-2025,12:16:11,Bethamcherla,Saurashtra Enviro Projects Pvt. Ltd.,Legacy/MSW,T0126,AP27TW7569,On-site,30850,,20-06-2025 12:08:27,,10680,20-06-2025 12:16:02,20170,Legacy/MSW,Bethamcherla_AP27TW7569_20250620_120831_1st_front.jpg,Bethamcherla_AP27TW7569_20250620_120834_1st_back.jpg,Bethamcherla_AP27TW7569_20250620_121605_2nd_front.jpg,Bethamcherla_AP27TW7569_20250620_121608_2nd_back.jpg
20-06-2025,12:18:33,Bethamcherla,Saurashtra Enviro Projects Pvt. Ltd.,Legacy/MSW,T0127,AP21TB4935,On-site,29500,,20-06-2025 12:10:27,,11510,20-06-2025 12:18:25,17990,Legacy/MSW,Bethamcherla_AP21TB4935_20250620_121032_1st_front.jpg,Bethamcherla_AP21TB4935_20250620_121035_1st_back.jpg,Bethamcherla_AP21TB4935_20250620_121828_2nd_front.jpg,Bethamcherla_AP21TB4935_20250620_121830_2nd_back.jpg
20-06-2025,12:38:08,Bethamcherla,Saurashtra Enviro Projects Pvt. Ltd.,Legacy/MSW,T0128,AP 26 TA 0434,On-site,26960,,20-06-2025 12:20:01,,9920,20-06-2025 12:37:56,17040,Legacy/MSW,Bethamcherla_AP_26_TA_0434_20250620_122005_1st_front.jpg,Bethamcherla_AP_26_TA_0434_20250620_122008_1st_back.jpg,Bethamcherla_AP_26_TA_0434_20250620_123800_2nd_front.jpg,Bethamcherla_AP_26_TA_0434_20250620_123804_2nd_back.jpg
20-06-2025,12:41:04,Bethamcherla,Saurashtra Enviro Projects Pvt. Ltd.,Legacy/MSW,T0129,AP28TC8081,On-site,29030,,20-06-2025 12:36:10,,11800,20-06-2025 12:40:56,17230,Legacy/MSW,Bethamcherla_AP28TC8081_20250620_123614_1st_front.jpg,Bethamcherla_AP28TC8081_20250620_123619_1st_back.jpg,Bethamcherla_AP28TC8081_20250620_124059_2nd_front.jpg,Bethamcherla_AP28TC8081_20250620_124102_2nd_back.jpg
20-06-2025,12:52:31,Bethamcherla,Saurashtra Enviro Projects Pvt. Ltd.,Legacy/MSW,T0130,AP21TB4935,On-site,31480,,20-06-2025 12:45:49,,11520,20-06-2025 12:52:20,19960,Legacy/MSW,Bethamcherla_AP21TB4935_20250620_124554_1st_front.jpg,Bethamcherla_AP21TB4935_20250620_124557_1st_back.jpg,Bethamcherla_AP21TB4935_20250620_125225_2nd_front.jpg,Bethamcherla_AP21TB4935_20250620_125228_2nd_back.jpg
20-06-2025,12:50:49,Bethamcherla,Saurashtra Enviro Projects Pvt. Ltd.,Legacy/MSW,T0131,AP27TW7569,On-site,30600,,20-06-2025 12:50:25,,10650,20-06-2025 12:50:38,19950,Legacy/MSW,,,Bethamcherla_AP27TW7569_20250620_125041_2nd_front.jpg,Bethamcherla_AP27TW7569_20250620_125045_2nd_back.jpg
20-06-2025,12:58:16,Bethamcherla,Saurashtra Enviro Projects Pvt. Ltd.,Legacy/MSW,T0132,AP27TW7569,On-site,30700,,20-06-2025 12:51:10,,10700,20-06-2025 12:58:05,20000,Legacy/MSW,Bethamcherla_AP27TW7569_20250620_125114_1st_front.jpg,Bethamcherla_AP27TW7569_20250620_125118_1st_back.jpg,Bethamcherla_AP27TW7569_20250620_125809_2nd_front.jpg,Bethamcherla_AP27TW7569_20250620_125813_2nd_back.jpg
20-06-2025,13:07:26,Bethamcherla,Saurashtra Enviro Projects Pvt. Ltd.,Legacy/MSW,T0133,AP 26 TA 0434,On-site,28430,,20-06-2025 13:02:43,,9910,20-06-2025 13:07:13,18520,Legacy/MSW,Bethamcherla_AP_26_TA_0434_20250620_130248_1st_front.jpg,Bethamcherla_AP_26_TA_0434_20250620_130252_1st_back.jpg,Bethamcherla_AP_26_TA_0434_20250620_130717_2nd_front.jpg,Bethamcherla_AP_26_TA_0434_20250620_130720_2nd_back.jpg
20-06-2025,15:07:33,Bethamcherla,Saurashtra Enviro Projects Pvt. Ltd.,Legacy/MSW,T0134,AP 26 TA 0434,On-site,27920,,20-06-2025 15:02:28,,9840,20-06-2025 15:07:23,18080,Legacy/MSW,Bethamcherla_AP_26_TA_0434_20250620_150231_1st_front.jpg,Bethamcherla_AP_26_TA_0434_20250620_150234_1st_back.jpg,Bethamcherla_AP_26_TA_0434_20250620_150726_2nd_front.jpg,Bethamcherla_AP_26_TA_0434_20250620_150730_2nd_back.jpg
20-06-2025,15:10:59,Bethamcherla,Saurashtra Enviro Projects Pvt. Ltd.,Legacy/MSW,T0135,AP28TC8081,On-site,28020,,20-06-2025 15:04:18,,11600,20-06-2025 15:10:51,16420,Legacy/MSW,Bethamcherla_AP28TC8081_20250620_150422_1st_front.jpg,Bethamcherla_AP28TC8081_20250620_150424_1st_back.jpg,Bethamcherla_AP28TC8081_20250620_151054_2nd_front.jpg,Bethamcherla_AP28TC8081_20250620_151057_2nd_back.jpg
20-06-2025,15:20:06,Bethamcherla,Saurashtra Enviro Projects Pvt. Ltd.,Legacy/MSW,T0136,AP27TW7569,On-site,31380,,20-06-2025 15:12:24,,10690,20-06-2025 15:19:56,20690,Legacy/MSW,Bethamcherla_AP27TW7569_20250620_151226_1st_front.jpg,Bethamcherla_AP27TW7569_20250620_151229_1st_back.jpg,Bethamcherla_AP27TW7569_20250620_151959_2nd_front.jpg,Bethamcherla_AP27TW7569_20250620_152003_2nd_back.jpg
20-06-2025,15:27:53,Bethamcherla,Saurashtra Enviro Projects Pvt. Ltd.,Legacy/MSW,T0137,AP21TB4935,On-site,30980,,20-06-2025 15:21:40,,11510,20-06-2025 15:27:45,19470,Legacy/MSW,Bethamcherla_AP21TB4935_20250620_152143_1st_front.jpg,Bethamcherla_AP21TB4935_20250620_152146_1st_back.jpg,Bethamcherla_AP21TB4935_20250620_152748_2nd_front.jpg,Bethamcherla_AP21TB4935_20250620_152750_2nd_back.jpg
20-06-2025,15:34:47,Bethamcherla,Saurashtra Enviro Projects Pvt. Ltd.,Legacy/MSW,T0138,AP 26 TA 0434,On-site,28340,,20-06-2025 15:29:24,,9900,20-06-2025 15:34:39,18440,Legacy/MSW,Bethamcherla_AP_26_TA_0434_20250620_152928_1st_front.jpg,Bethamcherla_AP_26_TA_0434_20250620_152932_1st_back.jpg,Bethamcherla_AP_26_TA_0434_20250620_153442_2nd_front.jpg,Bethamcherla_AP_26_TA_0434_20250620_153445_2nd_back.jpg
20-06-2025,15:37:51,Bethamcherla,Saurashtra Enviro Projects Pvt. Ltd.,Legacy/MSW,T0139,AP28TC8081,On-site,28190,,20-06-2025 15:32:55,,11650,20-06-2025 15:37:42,16540,Legacy/MSW,Bethamcherla_AP28TC8081_20250620_153316_1st_front.jpg,Bethamcherla_AP28TC8081_20250620_153320_1st_back.jpg,Bethamcherla_AP28TC8081_20250620_153745_2nd_front.jpg,Bethamcherla_AP28TC8081_20250620_153749_2nd_back.jpg
20-06-2025,15:48:39,Bethamcherla,Saurashtra Enviro Projects Pvt. Ltd.,Legacy/MSW,T0140,AP27TW7569,On-site,30770,,20-06-2025 15:40:23,,10700,20-06-2025 15:48:29,20070,Legacy/MSW,Bethamcherla_AP27TW7569_20250620_154026_1st_front.jpg,Bethamcherla_AP27TW7569_20250620_154031_1st_back.jpg,Bethamcherla_AP27TW7569_20250620_154832_2nd_front.jpg,Bethamcherla_AP27TW7569_20250620_154836_2nd_back.jpg
20-06-2025,15:52:32,Bethamcherla,Saurashtra Enviro Projects Pvt. Ltd.,Legacy/MSW,T0141,AP21TB4935,On-site,30510,,20-06-2025 15:46:50,,11520,20-06-2025 15:52:23,18990,Legacy/MSW,Bethamcherla_AP21TB4935_20250620_154653_1st_front.jpg,Bethamcherla_AP21TB4935_20250620_154655_1st_back.jpg,Bethamcherla_AP21TB4935_20250620_155226_2nd_front.jpg,Bethamcherla_AP21TB4935_20250620_155230_2nd_back.jpg
20-06-2025,16:00:40,Bethamcherla,Saurashtra Enviro Projects Pvt. Ltd.,Legacy/MSW,T0142,AP 26 TA 0434,On-site,27560,,20-06-2025 15:54:18,,9900,20-06-2025 16:00:30,17660,Legacy/MSW,Bethamcherla_AP_26_TA_0434_20250620_155423_1st_front.jpg,Bethamcherla_AP_26_TA_0434_20250620_155429_1st_back.jpg,Bethamcherla_AP_26_TA_0434_20250620_160034_2nd_front.jpg,Bethamcherla_AP_26_TA_0434_20250620_160037_2nd_back.jpg
20-06-2025,16:04:02,Bethamcherla,Saurashtra Enviro Projects Pvt. Ltd.,Legacy/MSW,T0143,AP28TC8081,On-site,29610,,20-06-2025 15:59:29,,11640,20-06-2025 16:03:45,17970,Legacy/MSW,Bethamcherla_AP28TC8081_20250620_155932_1st_front.jpg,Bethamcherla_AP28TC8081_20250620_155935_1st_back.jpg,Bethamcherla_AP28TC8081_20250620_160348_2nd_front.jpg,Bethamcherla_AP28TC8081_20250620_160400_2nd_back.jpg
20-06-2025,16:15:40,Bethamcherla,Saurashtra Enviro Projects Pvt. Ltd.,Legacy/MSW,T0144,AP27TW7569,On-site,31190,,20-06-2025 16:09:28,,10680,20-06-2025 16:15:29,20510,Legacy/MSW,Bethamcherla_AP27TW7569_20250620_160932_1st_front.jpg,Bethamcherla_AP27TW7569_20250620_160935_1st_back.jpg,Bethamcherla_AP27TW7569_20250620_161534_2nd_front.jpg,Bethamcherla_AP27TW7569_20250620_161537_2nd_back.jpg
20-06-2025,16:28:02,Bethamcherla,Saurashtra Enviro Projects Pvt. Ltd.,Legacy/MSW,T0145,AP21TB4935,On-site,30080,,20-06-2025 16:20:47,,11520,20-06-2025 16:27:53,18560,Legacy/MSW,Bethamcherla_AP21TB4935_20250620_162051_1st_front.jpg,Bethamcherla_AP21TB4935_20250620_162102_1st_back.jpg,Bethamcherla_AP21TB4935_20250620_162756_2nd_front.jpg,Bethamcherla_AP21TB4935_20250620_162800_2nd_back.jpg
20-06-2025,16:31:32,Bethamcherla,Saurashtra Enviro Projects Pvt. Ltd.,Legacy/MSW,T0146,AP 26 TA 0434,On-site,29030,,20-06-2025 16:25:17,,9880,20-06-2025 16:31:24,19150,Legacy/MSW,Bethamcherla_AP_26_TA_0434_20250620_162520_1st_front.jpg,Bethamcherla_AP_26_TA_0434_20250620_162524_1st_back.jpg,Bethamcherla_AP_26_TA_0434_20250620_163127_2nd_front.jpg,Bethamcherla_AP_26_TA_0434_20250620_163130_2nd_back.jpg
20-06-2025,16:35:19,Bethamcherla,Saurashtra Enviro Projects Pvt. Ltd.,Legacy/MSW,T0147,AP28TC8081,On-site,29190,,20-06-2025 16:30:05,,11580,20-06-2025 16:35:08,17610,Legacy/MSW,Bethamcherla_AP28TC8081_20250620_163009_1st_front.jpg,Bethamcherla_AP28TC8081_20250620_163012_1st_back.jpg,Bethamcherla_AP28TC8081_20250620_163512_2nd_front.jpg,Bethamcherla_AP28TC8081_20250620_163515_2nd_back.jpg
20-06-2025,16:52:18,Bethamcherla,Saurashtra Enviro Projects Pvt. Ltd.,Legacy/MSW,T0148,AP27TW7569,On-site,31710,,20-06-2025 16:45:31,,10670,20-06-2025 16:52:11,21040,Legacy/MSW,Bethamcherla_AP27TW7569_20250620_164534_1st_front.jpg,Bethamcherla_AP27TW7569_20250620_164537_1st_back.jpg,Bethamcherla_AP27TW7569_20250620_165213_2nd_front.jpg,Bethamcherla_AP27TW7569_20250620_165216_2nd_back.jpg
20-06-2025,16:57:23,Bethamcherla,Saurashtra Enviro Projects Pvt. Ltd.,Legacy/MSW,T0149,AP21TB4935,On-site,29570,,20-06-2025 16:50:22,,11530,20-06-2025 16:57:16,18040,Legacy/MSW,Bethamcherla_AP21TB4935_20250620_165026_1st_front.jpg,Bethamcherla_AP21TB4935_20250620_165029_1st_back.jpg,Bethamcherla_AP21TB4935_20250620_165719_2nd_front.jpg,Bethamcherla_AP21TB4935_20250620_165721_2nd_back.jpg
20-06-2025,17:05:44,Bethamcherla,Saurashtra Enviro Projects Pvt. Ltd.,Legacy/MSW,T0150,AP 26 TA 0434,On-site,28090,,20-06-2025 17:00:33,,9900,20-06-2025 17:05:32,18190,Legacy/MSW,Bethamcherla_AP_26_TA_0434_20250620_170036_1st_front.jpg,Bethamcherla_AP_26_TA_0434_20250620_170039_1st_back.jpg,Bethamcherla_AP_26_TA_0434_20250620_170536_2nd_front.jpg,Bethamcherla_AP_26_TA_0434_20250620_170538_2nd_back.jpg
20-06-2025,17:12:33,Bethamcherla,Saurashtra Enviro Projects Pvt. Ltd.,Legacy/MSW,T0151,AP28TC8081,On-site,30080,,20-06-2025 17:07:54,,11570,20-06-2025 17:12:24,18510,Legacy/MSW,Bethamcherla_AP28TC8081_20250620_170803_1st_front.jpg,Bethamcherla_AP28TC8081_20250620_170806_1st_back.jpg,Bethamcherla_AP28TC8081_20250620_171227_2nd_front.jpg,Bethamcherla_AP28TC8081_20250620_171230_2nd_back.jpg
20-06-2025,17:23:28,Bethamcherla,Saurashtra Enviro Projects Pvt. Ltd.,Legacy/MSW,T0152,AP27TW7569,On-site,31540,,20-06-2025 17:15:19,,10720,20-06-2025 17:23:18,20820,Legacy/MSW,Bethamcherla_AP27TW7569_20250620_171522_1st_front.jpg,Bethamcherla_AP27TW7569_20250620_171526_1st_back.jpg,Bethamcherla_AP27TW7569_20250620_172322_2nd_front.jpg,Bethamcherla_AP27TW7569_20250620_172324_2nd_back.jpg
20-06-2025,17:36:54,Bethamcherla,Saurashtra Enviro Projects Pvt. Ltd.,Legacy/MSW,T0153,AP21TB4935,On-site,29860,,20-06-2025 17:27:45,,11680,20-06-2025 17:36:42,18180,Legacy/MSW,Bethamcherla_AP21TB4935_20250620_172748_1st_front.jpg,Bethamcherla_AP21TB4935_20250620_172751_1st_back.jpg,Bethamcherla_AP21TB4935_20250620_173647_2nd_front.jpg,Bethamcherla_AP21TB4935_20250620_173650_2nd_back.jpg
20-06-2025,17:41:59,Bethamcherla,Saurashtra Enviro Projects Pvt. Ltd.,Legacy/MSW,T0154,AP 26 TA 0434,On-site,28910,,20-06-2025 17:35:10,,9950,20-06-2025 17:41:47,18960,Legacy/MSW,Bethamcherla_AP_26_TA_0434_20250620_173514_1st_front.jpg,Bethamcherla_AP_26_TA_0434_20250620_173517_1st_back.jpg,Bethamcherla_AP_26_TA_0434_20250620_174154_2nd_front.jpg,Bethamcherla_AP_26_TA_0434_20250620_174157_2nd_back.jpg
20-06-2025,17:45:16,Bethamcherla,Saurashtra Enviro Projects Pvt. Ltd.,Legacy/MSW,T0155,AP28TC8081,On-site,29770,,20-06-2025 17:39:28,,11700,20-06-2025 17:45:05,18070,Legacy/MSW,Bethamcherla_AP28TC8081_20250620_173933_1st_front.jpg,Bethamcherla_AP28TC8081_20250620_173936_1st_back.jpg,Bethamcherla_AP28TC8081_20250620_174509_2nd_front.jpg,Bethamcherla_AP28TC8081_20250620_174512_2nd_back.jpg
20-06-2025,17:55:30,Bethamcherla,Saurashtra Enviro Projects Pvt. Ltd.,Legacy/MSW,T0156,AP27TW7569,On-site,32520,,20-06-2025 17:47:40,,10710,20-06-2025 17:55:20,21810,Legacy/MSW,Bethamcherla_AP27TW7569_20250620_174743_1st_front.jpg,Bethamcherla_AP27TW7569_20250620_174747_1st_back.jpg,Bethamcherla_AP27TW7569_20250620_175524_2nd_front.jpg,Bethamcherla_AP27TW7569_20250620_175528_2nd_back.jpg
20-06-2025,19:29:07,Bethamcherla,Saurashtra Enviro Projects Pvt. Ltd.,Legacy/MSW,T0157,AP28TC8081,On-site,28990,,20-06-2025 18:07:27,,11630,20-06-2025 19:28:56,17360,Legacy/MSW,Bethamcherla_AP28TC8081_20250620_180731_1st_front.jpg,Bethamcherla_AP28TC8081_20250620_180733_1st_back.jpg,,
20-06-2025,18:32:27,Bethamcherla,Saurashtra Enviro Projects Pvt. Ltd.,Legacy/MSW,T0158,AP21TB4935,On-site,32470,,20-06-2025 18:22:10,,11700,20-06-2025 18:32:14,20770,Legacy/MSW,Bethamcherla_AP21TB4935_20250620_182214_1st_front.jpg,Bethamcherla_AP21TB4935_20250620_182217_1st_back.jpg,Bethamcherla_AP21TB4935_20250620_183221_2nd_front.jpg,Bethamcherla_AP21TB4935_20250620_183224_2nd_back.jpg
20-06-2025,18:35:45,Bethamcherla,Saurashtra Enviro Projects Pvt. Ltd.,Legacy/MSW,T0159,AP27TW7569,On-site,32430,,20-06-2025 18:30:11,,10730,20-06-2025 18:35:37,21700,Legacy/MSW,Bethamcherla_AP27TW7569_20250620_183017_1st_front.jpg,Bethamcherla_AP27TW7569_20250620_183021_1st_back.jpg,Bethamcherla_AP27TW7569_20250620_183540_2nd_front.jpg,Bethamcherla_AP27TW7569_20250620_183542_2nd_back.jpg
20-06-2025,19:29:50,Bethamcherla,Saurashtra Enviro Projects Pvt. Ltd.,Legacy/MSW,T0160,AP28TC8081,On-site,29720,,20-06-2025 19:28:08,,11800,20-06-2025 19:29:42,17920,Legacy/MSW,,,,
20-06-2025,19:30:10,Bethamcherla,Saurashtra Enviro Projects Pvt. Ltd.,Legacy/MSW,T0161,AP28TC8081,On-site,28060,,20-06-2025 19:29:26,,11700,20-06-2025 19:30:03,16360,Legacy/MSW,,,,
20-06-2025,19:38:48,Bethamcherla,Saurashtra Enviro Projects Pvt. Ltd.,Legacy/MSW,T0162,AP 26 TA 0434,On-site,26690,,20-06-2025 19:37:30,,9900,20-06-2025 19:38:41,16790,Legacy/MSW,,,,
20-06-2025,19:39:09,Bethamcherla,Saurashtra Enviro Projects Pvt. Ltd.,Legacy/MSW,T0163,AP28TC8081,On-site,28550,,20-06-2025 19:37:55,,11800,20-06-2025 19:39:00,16750,Legacy/MSW,,,,
20-06-2025,19:39:30,Bethamcherla,Saurashtra Enviro Projects Pvt. Ltd.,Legacy/MSW,T0164,AP27TW7569,On-site,30370,,20-06-2025 19:38:21,,10640,20-06-2025 19:39:24,19730,Legacy/MSW,,,,
21-06-2025,10:10:41,Bethamcherla,Saurashtra Enviro Projects Pvt. Ltd.,Legacy/MSW,T0165,AP 26 TA 0434,On-site,26500.00,21-06-2025 10:04:58,9940.00,21-06-2025 10:10:31,16560.00,Legacy/MSW,Bethamcherla_AP_26_TA_0434_20250621_100513_1st_front.jpg,Bethamcherla_AP_26_TA_0434_20250621_100516_1st_back.jpg,Bethamcherla_AP_26_TA_0434_20250621_101035_2nd_front.jpg,Bethamcherla_AP_26_TA_0434_20250621_101038_2nd_back.jpg,Avijit Mondal,admin
21-06-2025,10:14:59,Bethamcherla,Saurashtra Enviro Projects Pvt. Ltd.,Legacy/MSW,T0166,AP27TW7569,On-site,29200.00,21-06-2025 10:08:28,10700.00,21-06-2025 10:14:49,18500.00,Legacy/MSW,Bethamcherla_AP27TW7569_20250621_100833_1st_front.jpg,Bethamcherla_AP27TW7569_20250621_100836_1st_back.jpg,Bethamcherla_AP27TW7569_20250621_101453_2nd_front.jpg,Bethamcherla_AP27TW7569_20250621_101455_2nd_back.jpg,Avijit Mondal,admin
21-06-2025,10:18:55,Bethamcherla,Saurashtra Enviro Projects Pvt. Ltd.,Legacy/MSW,T0167,AP28TC8081,On-site,27940.00,21-06-2025 10:13:48,11470.00,21-06-2025 10:18:42,16470.00,Legacy/MSW,Bethamcherla_AP28TC8081_20250621_101353_1st_front.jpg,Bethamcherla_AP28TC8081_20250621_101357_1st_back.jpg,Bethamcherla_AP28TC8081_20250621_101848_2nd_front.jpg,Bethamcherla_AP28TC8081_20250621_101851_2nd_back.jpg,Avijit Mondal,admin
21-06-2025,10:39:22,Bethamcherla,Saurashtra Enviro Projects Pvt. Ltd.,Legacy/MSW,T0168,AP21TB4935,On-site,29770.00,21-06-2025 10:26:25,11570.00,21-06-2025 10:39:14,18200.00,Legacy/MSW,Bethamcherla_AP21TB4935_20250621_102630_1st_front.jpg,Bethamcherla_AP21TB4935_20250621_102634_1st_back.jpg,Bethamcherla_AP21TB4935_20250621_103918_2nd_front.jpg,Bethamcherla_AP21TB4935_20250621_103920_2nd_back.jpg,Avijit Mondal,admin
21-06-2025,10:42:58,Bethamcherla,Saurashtra Enviro Projects Pvt. Ltd.,Legacy/MSW,T0169,AP 26 TA 0434,On-site,27620.00,21-06-2025 10:35:51,9940.00,21-06-2025 10:42:24,17680.00,Legacy/MSW,Bethamcherla_AP_26_TA_0434_20250621_103601_1st_front.jpg,Bethamcherla_AP_26_TA_0434_20250621_103605_1st_back.jpg,Bethamcherla_AP_26_TA_0434_20250621_104250_2nd_front.jpg,Bethamcherla_AP_26_TA_0434_20250621_104253_2nd_back.jpg,Avijit Mondal,admin
21-06-2025,10:44:23,Bethamcherla,Saurashtra Enviro Projects Pvt. Ltd.,Legacy/MSW,T0170,AP27TW7569,On-site,29250.00,21-06-2025 10:37:34,10690.00,21-06-2025 10:43:55,18560.00,Legacy/MSW,Bethamcherla_AP27TW7569_20250621_103738_1st_front.jpg,Bethamcherla_AP27TW7569_20250621_103742_1st_back.jpg,Bethamcherla_AP27TW7569_20250621_104415_2nd_front.jpg,Bethamcherla_AP27TW7569_20250621_104418_2nd_back.jpg,Avijit Mondal,admin
21-06-2025,10:45:57,Bethamcherla,Saurashtra Enviro Projects Pvt. Ltd.,Legacy/MSW,T0171,AP28TC8081,On-site,26260.00,21-06-2025 10:41:16,11460.00,21-06-2025 10:45:33,14800.00,Legacy/MSW,Bethamcherla_AP28TC8081_20250621_104125_1st_front.jpg,Bethamcherla_AP28TC8081_20250621_104121_1st_back.jpg,Bethamcherla_AP28TC8081_20250621_104549_2nd_front.jpg,Bethamcherla_AP28TC8081_20250621_104553_2nd_back.jpg,Avijit Mondal,admin
21-06-2025,11:09:55,Bethamcherla,Saurashtra Enviro Projects Pvt. Ltd.,Legacy/MSW,T0172,AP21TB4935,On-site,29210.00,21-06-2025 11:02:22,11620.00,21-06-2025 11:09:41,17590.00,Legacy/MSW,Bethamcherla_AP21TB4935_20250621_110226_1st_front.jpg,Bethamcherla_AP21TB4935_20250621_110229_1st_back.jpg,Bethamcherla_AP21TB4935_20250621_110946_2nd_front.jpg,Bethamcherla_AP21TB4935_20250621_110951_2nd_back.jpg,Avijit Mondal,admin
21-06-2025,11:11:54,Bethamcherla,Saurashtra Enviro Projects Pvt. Ltd.,Legacy/MSW,T0173,AP 26 TA 0434,On-site,26320.00,21-06-2025 11:03:38,9960.00,21-06-2025 11:11:30,16360.00,Legacy/MSW,Bethamcherla_AP_26_TA_0434_20250621_110341_1st_front.jpg,Bethamcherla_AP_26_TA_0434_20250621_110344_1st_back.jpg,Bethamcherla_AP_26_TA_0434_20250621_111144_2nd_front.jpg,Bethamcherla_AP_26_TA_0434_20250621_111150_2nd_back.jpg,Avijit Mondal,admin
21-06-2025,11:12:57,Bethamcherla,Saurashtra Enviro Projects Pvt. Ltd.,Legacy/MSW,T0174,AP28TC8081,On-site,28550.00,21-06-2025 11:07:15,11440.00,21-06-2025 11:12:34,17110.00,Legacy/MSW,Bethamcherla_AP28TC8081_20250621_110719_1st_front.jpg,Bethamcherla_AP28TC8081_20250621_110722_1st_back.jpg,Bethamcherla_AP28TC8081_20250621_111248_2nd_front.jpg,Bethamcherla_AP28TC8081_20250621_111253_2nd_back.jpg,Avijit Mondal,admin
21-06-2025,11:20:16,Bethamcherla,Saurashtra Enviro Projects Pvt. Ltd.,Legacy/MSW,T0175,AP27TW7569,On-site,29390.00,21-06-2025 11:13:57,10690.00,21-06-2025 11:19:44,18700.00,Legacy/MSW,Bethamcherla_AP27TW7569_20250621_111359_1st_front.jpg,Bethamcherla_AP27TW7569_20250621_111403_1st_back.jpg,Bethamcherla_AP27TW7569_20250621_112009_2nd_front.jpg,Bethamcherla_AP27TW7569_20250621_112012_2nd_back.jpg,Avijit Mondal,admin
21-06-2025,11:33:43,Bethamcherla,Saurashtra Enviro Projects Pvt. Ltd.,Legacy/MSW,T0176,AP21TB4935,On-site,30460.00,21-06-2025 11:33:22,11620.00,21-06-2025 11:33:29,18840.00,Legacy/MSW,,,Bethamcherla_AP21TB4935_20250621_113334_2nd_front.jpg,Bethamcherla_AP21TB4935_20250621_113339_2nd_back.jpg,Avijit Mondal,admin
21-06-2025,11:41:29,Bethamcherla,Saurashtra Enviro Projects Pvt. Ltd.,Legacy/MSW,T0177,AP21TB4935,On-site,30450.00,21-06-2025 11:34:14,11610.00,21-06-2025 11:41:05,18840.00,Legacy/MSW,Bethamcherla_AP21TB4935_20250621_113419_1st_front.jpg,Bethamcherla_AP21TB4935_20250621_113424_1st_back.jpg,Bethamcherla_AP21TB4935_20250621_114122_2nd_front.jpg,Bethamcherla_AP21TB4935_20250621_114125_2nd_back.jpg,Avijit Mondal,admin
21-06-2025,11:44:28,Bethamcherla,Saurashtra Enviro Projects Pvt. Ltd.,Legacy/MSW,T0178,AP 26 TA 0434,On-site,28380.00,21-06-2025 11:37:49,9950.00,21-06-2025 11:44:00,18430.00,Legacy/MSW,Bethamcherla_AP_26_TA_0434_20250621_113754_1st_front.jpg,Bethamcherla_AP_26_TA_0434_20250621_113758_1st_back.jpg,Bethamcherla_AP_26_TA_0434_20250621_114405_2nd_front.jpg,Bethamcherla_AP_26_TA_0434_20250621_114408_2nd_back.jpg,Avijit Mondal,admin
21-06-2025,11:47:21,Bethamcherla,Saurashtra Enviro Projects Pvt. Ltd.,Legacy/MSW,T0179,AP28TC8081,On-site,31090.00,21-06-2025 11:42:18,11440.00,21-06-2025 11:46:51,19650.00,Legacy/MSW,Bethamcherla_AP28TC8081_20250621_114222_1st_front.jpg,Bethamcherla_AP28TC8081_20250621_114226_1st_back.jpg,Bethamcherla_AP28TC8081_20250621_114655_2nd_front.jpg,Bethamcherla_AP28TC8081_20250621_114657_2nd_back.jpg,Avijit Mondal,admin
21-06-2025,12:05:17,Bethamcherla,Saurashtra Enviro Projects Pvt. Ltd.,Legacy/MSW,T0180,AP27TW7569,On-site,32060.00,21-06-2025 11:51:44,10680.00,21-06-2025 12:04:41,21380.00,Legacy/MSW,Bethamcherla_AP27TW7569_20250621_115147_1st_front.jpg,Bethamcherla_AP27TW7569_20250621_115151_1st_back.jpg,Bethamcherla_AP27TW7569_20250621_120509_2nd_front.jpg,Bethamcherla_AP27TW7569_20250621_120513_2nd_back.jpg,Avijit Mondal,admin
21-06-2025,12:08:35,Bethamcherla,Saurashtra Enviro Projects Pvt. Ltd.,Legacy/MSW,T0181,AP21TB4935,On-site,33280.00,21-06-2025 11:56:23,11630.00,21-06-2025 12:08:06,21650.00,Legacy/MSW,Bethamcherla_AP21TB4935_20250621_115627_1st_front.jpg,Bethamcherla_AP21TB4935_20250621_115630_1st_back.jpg,Bethamcherla_AP21TB4935_20250621_120828_2nd_front.jpg,Bethamcherla_AP21TB4935_20250621_120831_2nd_back.jpg,Avijit Mondal,admin
21-06-2025,12:12:30,Bethamcherla,Saurashtra Enviro Projects Pvt. Ltd.,Legacy/MSW,T0182,AP 26 TA 0434,On-site,28800.00,21-06-2025 12:06:24,9950.00,21-06-2025 12:12:06,18850.00,Legacy/MSW,Bethamcherla_AP_26_TA_0434_20250621_120628_1st_front.jpg,Bethamcherla_AP_26_TA_0434_20250621_120631_1st_back.jpg,Bethamcherla_AP_26_TA_0434_20250621_121223_2nd_front.jpg,Bethamcherla_AP_26_TA_0434_20250621_121227_2nd_back.jpg,Avijit Mondal,admin
21-06-2025,12:18:25,Bethamcherla,Saurashtra Enviro Projects Pvt. Ltd.,Legacy/MSW,T0183,AP28TC8081,On-site,28400.00,21-06-2025 12:13:19,11510.00,21-06-2025 12:17:54,16890.00,Legacy/MSW,Bethamcherla_AP28TC8081_20250621_121323_1st_front.jpg,Bethamcherla_AP28TC8081_20250621_121326_1st_back.jpg,Bethamcherla_AP28TC8081_20250621_121815_2nd_front.jpg,Bethamcherla_AP28TC8081_20250621_121818_2nd_back.jpg,Avijit Mondal,admin
21-06-2025,12:29:16,Bethamcherla,Saurashtra Enviro Projects Pvt. Ltd.,Legacy/MSW,T0184,AP27TW7569,On-site,30930.00,21-06-2025 12:20:49,10680.00,21-06-2025 12:28:40,20250.00,Legacy/MSW,Bethamcherla_AP27TW7569_20250621_122053_1st_front.jpg,Bethamcherla_AP27TW7569_20250621_122100_1st_back.jpg,Bethamcherla_AP27TW7569_20250621_122903_2nd_front.jpg,Bethamcherla_AP27TW7569_20250621_122907_2nd_back.jpg,Avijit Mondal,admin
21-06-2025,14:01:37,Bethamcherla,Saurashtra Enviro Projects Pvt. Ltd.,Legacy/MSW,T0185,AP21TB4935,On-site,31650.00,21-06-2025 12:40:42,11610.00,21-06-2025 14:01:01,20040.00,Legacy/MSW,Bethamcherla_AP21TB4935_20250621_124044_1st_front.jpg,Bethamcherla_AP21TB4935_20250621_124047_1st_back.jpg,Bethamcherla_AP21TB4935_20250621_140127_2nd_front.jpg,Bethamcherla_AP21TB4935_20250621_140131_2nd_back.jpg,Avijit Mondal,admin
21-06-2025,12:57:10,Bethamcherla,Saurashtra Enviro Projects Pvt. Ltd.,Legacy/MSW,T0186,AP 26 TA 0434,On-site,29250.00,21-06-2025 12:46:24,9920.00,21-06-2025 12:56:44,19330.00,Legacy/MSW,Bethamcherla_AP_26_TA_0434_20250621_124629_1st_front.jpg,Bethamcherla_AP_26_TA_0434_20250621_124637_1st_back.jpg,Bethamcherla_AP_26_TA_0434_20250621_125704_2nd_front.jpg,Bethamcherla_AP_26_TA_0434_20250621_125707_2nd_back.jpg,Avijit Mondal,admin
21-06-2025,12:58:42,Bethamcherla,Saurashtra Enviro Projects Pvt. Ltd.,Legacy/MSW,T0187,AP28TC8081,On-site,30980.00,21-06-2025 12:50:57,13970.00,21-06-2025 12:58:27,17010.00,Legacy/MSW,Bethamcherla_AP28TC8081_20250621_125051_1st_front.jpg,Bethamcherla_AP28TC8081_20250621_125055_1st_back.jpg,Bethamcherla_AP28TC8081_20250621_125833_2nd_front.jpg,Bethamcherla_AP28TC8081_20250621_125837_2nd_back.jpg,Avijit Mondal,admin
21-06-2025,14:00:49,Bethamcherla,Saurashtra Enviro Projects Pvt. Ltd.,Legacy/MSW,T0188,AP21TB4935,On-site,31600.00,21-06-2025 12:53:52,11610.00,21-06-2025 14:00:34,19990.00,Legacy/MSW,Bethamcherla_AP21TB4935_20250621_125356_1st_front.jpg,Bethamcherla_AP21TB4935_20250621_125358_1st_back.jpg,Bethamcherla_AP21TB4935_20250621_140041_2nd_front.jpg,Bethamcherla_AP21TB4935_20250621_140044_2nd_back.jpg,Avijit Mondal,admin
21-06-2025,13:07:09,Bethamcherla,Saurashtra Enviro Projects Pvt. Ltd.,Legacy/MSW,T0189,AP27TW7569,On-site,33050.00,21-06-2025 13:01:00,10690.00,21-06-2025 13:06:55,22360.00,Legacy/MSW,Bethamcherla_AP27TW7569_20250621_130104_1st_front.jpg,Bethamcherla_AP27TW7569_20250621_130108_1st_back.jpg,Bethamcherla_AP27TW7569_20250621_130702_2nd_front.jpg,Bethamcherla_AP27TW7569_20250621_130705_2nd_back.jpg,Avijit Mondal,admin
21-06-2025,14:45:44,Bethamcherla,Saurashtra Enviro Projects Pvt. Ltd.,Legacy/MSW,T0190,AP28TC8081,On-site,27240.00,21-06-2025 14:39:13,11450.00,21-06-2025 14:45:10,15790.00,Legacy/MSW,Bethamcherla_AP28TC8081_20250621_143917_1st_front.jpg,Bethamcherla_AP28TC8081_20250621_143920_1st_back.jpg,Bethamcherla_AP28TC8081_20250621_144537_2nd_front.jpg,Bethamcherla_AP28TC8081_20250621_144540_2nd_back.jpg,Avijit Mondal,admin
21-06-2025,14:53:39,Bethamcherla,Saurashtra Enviro Projects Pvt. Ltd.,Legacy/MSW,T0191,AP 26 TA 0434,On-site,26480.00,21-06-2025 14:48:12,9940.00,21-06-2025 14:53:15,16540.00,Legacy/MSW,Bethamcherla_AP_26_TA_0434_20250621_144816_1st_front.jpg,Bethamcherla_AP_26_TA_0434_20250621_144819_1st_back.jpg,Bethamcherla_AP_26_TA_0434_20250621_145331_2nd_front.jpg,Bethamcherla_AP_26_TA_0434_20250621_145334_2nd_back.jpg,Avijit Mondal,admin
21-06-2025,15:02:29,Bethamcherla,Saurashtra Enviro Projects Pvt. Ltd.,Legacy/MSW,T0192,AP27TW7569,On-site,28080.00,21-06-2025 14:55:44,10670.00,21-06-2025 15:02:01,17410.00,Legacy/MSW,Bethamcherla_AP27TW7569_20250621_145548_1st_front.jpg,Bethamcherla_AP27TW7569_20250621_145551_1st_back.jpg,Bethamcherla_AP27TW7569_20250621_150220_2nd_front.jpg,Bethamcherla_AP27TW7569_20250621_150224_2nd_back.jpg,Avijit Mondal,admin
21-06-2025,15:14:37,Bethamcherla,Saurashtra Enviro Projects Pvt. Ltd.,Legacy/MSW,T0193,AP21TB4935,On-site,28990.00,21-06-2025 15:07:40,11590.00,21-06-2025 15:14:10,17400.00,Legacy/MSW,Bethamcherla_AP21TB4935_20250621_150744_1st_front.jpg,Bethamcherla_AP21TB4935_20250621_150748_1st_back.jpg,Bethamcherla_AP21TB4935_20250621_151430_2nd_front.jpg,Bethamcherla_AP21TB4935_20250621_151434_2nd_back.jpg,Avijit Mondal,admin
21-06-2025,15:18:12,Bethamcherla,Saurashtra Enviro Projects Pvt. Ltd.,Legacy/MSW,T0194,AP28TC8081,On-site,26440.00,21-06-2025 15:11:57,11460.00,21-06-2025 15:17:42,14980.00,Legacy/MSW,Bethamcherla_AP28TC8081_20250621_151201_1st_front.jpg,Bethamcherla_AP28TC8081_20250621_151205_1st_back.jpg,Bethamcherla_AP28TC8081_20250621_151746_2nd_front.jpg,Bethamcherla_AP28TC8081_20250621_151750_2nd_back.jpg,Avijit Mondal,admin
21-06-2025,15:32:01,Bethamcherla,Saurashtra Enviro Projects Pvt. Ltd.,Legacy/MSW,T0195,AP27TW7569,On-site,30950.00,21-06-2025 15:26:22,10660.00,21-06-2025 15:31:31,20290.00,Legacy/MSW,Bethamcherla_AP27TW7569_20250621_152626_1st_front.jpg,Bethamcherla_AP27TW7569_20250621_152631_1st_back.jpg,Bethamcherla_AP27TW7569_20250621_153153_2nd_front.jpg,Bethamcherla_AP27TW7569_20250621_153157_2nd_back.jpg,Avijit Mondal,admin
21-06-2025,15:43:04,Bethamcherla,Saurashtra Enviro Projects Pvt. Ltd.,Legacy/MSW,T0196,AP21TB4935,On-site,28420.00,21-06-2025 15:37:14,11580.00,21-06-2025 15:42:41,16840.00,Legacy/MSW,Bethamcherla_AP21TB4935_20250621_153718_1st_front.jpg,Bethamcherla_AP21TB4935_20250621_153722_1st_back.jpg,Bethamcherla_AP21TB4935_20250621_154258_2nd_front.jpg,Bethamcherla_AP21TB4935_20250621_154301_2nd_back.jpg,Avijit Mondal,admin
21-06-2025,15:50:05,Bethamcherla,Saurashtra Enviro Projects Pvt. Ltd.,Legacy/MSW,T0197,AP28TC8081,On-site,27690.00,21-06-2025 15:44:05,11480.00,21-06-2025 15:49:40,16210.00,Legacy/MSW,Bethamcherla_AP28TC8081_20250621_154408_1st_front.jpg,Bethamcherla_AP28TC8081_20250621_154411_1st_back.jpg,Bethamcherla_AP28TC8081_20250621_155000_2nd_front.jpg,Bethamcherla_AP28TC8081_20250621_155002_2nd_back.jpg,Avijit Mondal,admin
21-06-2025,15:54:16,Bethamcherla,Saurashtra Enviro Projects Pvt. Ltd.,Legacy/MSW,T0198,AP 26 TA 0434,On-site,27870.00,21-06-2025 15:48:23,9930.00,21-06-2025 15:53:41,17940.00,Legacy/MSW,Bethamcherla_AP_26_TA_0434_20250621_154829_1st_front.jpg,Bethamcherla_AP_26_TA_0434_20250621_154832_1st_back.jpg,Bethamcherla_AP_26_TA_0434_20250621_155404_2nd_front.jpg,Bethamcherla_AP_26_TA_0434_20250621_155408_2nd_back.jpg,Avijit Mondal,admin
21-06-2025,16:04:46,Bethamcherla,Saurashtra Enviro Projects Pvt. Ltd.,Legacy/MSW,T0199,AP27TW7569,On-site,29040.00,21-06-2025 15:58:55,10650.00,21-06-2025 16:04:18,18390.00,Legacy/MSW,Bethamcherla_AP27TW7569_20250621_155859_1st_front.jpg,Bethamcherla_AP27TW7569_20250621_155905_1st_back.jpg,Bethamcherla_AP27TW7569_20250621_160438_2nd_front.jpg,Bethamcherla_AP27TW7569_20250621_160443_2nd_back.jpg,Avijit Mondal,admin
21-06-2025,16:14:39,Bethamcherla,Saurashtra Enviro Projects Pvt. Ltd.,Legacy/MSW,T0200,AP21TB4935,On-site,29770.00,21-06-2025 16:07:56,11570.00,21-06-2025 16:14:15,18200.00,Legacy/MSW,Bethamcherla_AP21TB4935_20250621_160759_1st_front.jpg,Bethamcherla_AP21TB4935_20250621_160802_1st_back.jpg,Bethamcherla_AP21TB4935_20250621_161432_2nd_front.jpg,Bethamcherla_AP21TB4935_20250621_161435_2nd_back.jpg,Avijit Mondal,admin
21-06-2025,16:18:34,Bethamcherla,Saurashtra Enviro Projects Pvt. Ltd.,Legacy/MSW,T0201,AP28TC8081,On-site,28200.00,21-06-2025 16:12:58,11440.00,21-06-2025 16:18:12,16760.00,Legacy/MSW,Bethamcherla_AP28TC8081_20250621_161304_1st_front.jpg,Bethamcherla_AP28TC8081_20250621_161308_1st_back.jpg,Bethamcherla_AP28TC8081_20250621_161827_2nd_front.jpg,Bethamcherla_AP28TC8081_20250621_161830_2nd_back.jpg,Avijit Mondal,admin
21-06-2025,16:31:43,Bethamcherla,Saurashtra Enviro Projects Pvt. Ltd.,Legacy/MSW,T0202,AP 26 TA 0434,On-site,26930.00,21-06-2025 16:20:39,9930.00,21-06-2025 16:31:19,17000.00,Legacy/MSW,Bethamcherla_AP_26_TA_0434_20250621_162043_1st_front.jpg,Bethamcherla_AP_26_TA_0434_20250621_162047_1st_back.jpg,Bethamcherla_AP_26_TA_0434_20250621_163137_2nd_front.jpg,Bethamcherla_AP_26_TA_0434_20250621_163140_2nd_back.jpg,Avijit Mondal,admin
21-06-2025,16:36:09,Bethamcherla,Saurashtra Enviro Projects Pvt. Ltd.,Legacy/MSW,T0203,AP27TW7569,On-site,28520.00,21-06-2025 16:29:30,10660.00,21-06-2025 16:35:42,17860.00,Legacy/MSW,Bethamcherla_AP27TW7569_20250621_162938_1st_front.jpg,Bethamcherla_AP27TW7569_20250621_162941_1st_back.jpg,Bethamcherla_AP27TW7569_20250621_163601_2nd_front.jpg,Bethamcherla_AP27TW7569_20250621_163604_2nd_back.jpg,Avijit Mondal,admin
21-06-2025,17:06:09,Bethamcherla,Saurashtra Enviro Projects Pvt. Ltd.,Legacy/MSW,T0204,AP28TC8081,On-site,29870.00,21-06-2025 16:57:30,11630.00,21-06-2025 17:05:45,18240.00,Legacy/MSW,Bethamcherla_AP28TC8081_20250621_165735_1st_front.jpg,Bethamcherla_AP28TC8081_20250621_165738_1st_back.jpg,Bethamcherla_AP28TC8081_20250621_170557_2nd_front.jpg,Bethamcherla_AP28TC8081_20250621_170603_2nd_back.jpg,Avijit Mondal,admin
21-06-2025,17:36:07,Bethamcherla,Saurashtra Enviro Projects Pvt. Ltd.,Legacy/MSW,T0205,AP21TB4935,On-site,29490.00,21-06-2025 17:29:30,11570.00,21-06-2025 17:35:40,17920.00,Legacy/MSW,Bethamcherla_AP21TB4935_20250621_172935_1st_front.jpg,Bethamcherla_AP21TB4935_20250621_172941_1st_back.jpg,Bethamcherla_AP21TB4935_20250621_173558_2nd_front.jpg,Bethamcherla_AP21TB4935_20250621_173603_2nd_back.jpg,Avijit Mondal,admin
21-06-2025,17:39:32,Bethamcherla,Saurashtra Enviro Projects Pvt. Ltd.,Legacy/MSW,T0206,AP 26 TA 0434,On-site,24960.00,21-06-2025 17:33:05,9930.00,21-06-2025 17:39:09,15030.00,Legacy/MSW,Bethamcherla_AP_26_TA_0434_20250621_173308_1st_front.jpg,Bethamcherla_AP_26_TA_0434_20250621_173312_1st_back.jpg,Bethamcherla_AP_26_TA_0434_20250621_173924_2nd_front.jpg,Bethamcherla_AP_26_TA_0434_20250621_173927_2nd_back.jpg,Avijit Mondal,admin
21-06-2025,17:45:10,Bethamcherla,Saurashtra Enviro Projects Pvt. Ltd.,Legacy/MSW,T0207,AP27TW7569,On-site,28700.00,21-06-2025 17:37:37,10660.00,21-06-2025 17:44:54,18040.00,Legacy/MSW,Bethamcherla_AP27TW7569_20250621_173732_1st_front.jpg,Bethamcherla_AP27TW7569_20250621_173745_1st_back.jpg,Bethamcherla_AP27TW7569_20250621_174500_2nd_front.jpg,Bethamcherla_AP27TW7569_20250621_174503_2nd_back.jpg,Avijit Mondal,admin
21-06-2025,17:48:34,Bethamcherla,Saurashtra Enviro Projects Pvt. Ltd.,Legacy/MSW,T0208,AP28TC8081,On-site,26980.00,21-06-2025 17:42:46,11690.00,21-06-2025 17:48:02,15290.00,Legacy/MSW,Bethamcherla_AP28TC8081_20250621_174250_1st_front.jpg,Bethamcherla_AP28TC8081_20250621_174254_1st_back.jpg,Bethamcherla_AP28TC8081_20250621_174823_2nd_front.jpg,Bethamcherla_AP28TC8081_20250621_174828_2nd_back.jpg,Avijit Mondal,admin
21-06-2025,18:07:21,Bethamcherla,Saurashtra Enviro Projects Pvt. Ltd.,Legacy/MSW,T0209,AP21TB4935,On-site,30360.00,21-06-2025 17:59:11,11170.00,21-06-2025 18:07:05,19190.00,Legacy/MSW,Bethamcherla_AP21TB4935_20250621_175916_1st_front.jpg,Bethamcherla_AP21TB4935_20250621_175920_1st_back.jpg,Bethamcherla_AP21TB4935_20250621_180711_2nd_front.jpg,Bethamcherla_AP21TB4935_20250621_180716_2nd_back.jpg,Avijit Mondal,admin
21-06-2025,18:11:00,Bethamcherla,Saurashtra Enviro Projects Pvt. Ltd.,Legacy/MSW,T0210,AP 26 TA 0434,On-site,27460.00,21-06-2025 18:03:29,9940.00,21-06-2025 18:10:36,17520.00,Legacy/MSW,Bethamcherla_AP_26_TA_0434_20250621_180332_1st_front.jpg,Bethamcherla_AP_26_TA_0434_20250621_180337_1st_back.jpg,Bethamcherla_AP_26_TA_0434_20250621_181053_2nd_front.jpg,Bethamcherla_AP_26_TA_0434_20250621_181057_2nd_back.jpg,Avijit Mondal,admin
21-06-2025,18:13:36,Bethamcherla,Saurashtra Enviro Projects Pvt. Ltd.,Legacy/MSW,T0211,AP28TC8081,On-site,26930.00,21-06-2025 18:08:27,11710.00,21-06-2025 18:13:12,15220.00,Legacy/MSW,Bethamcherla_AP28TC8081_20250621_180831_1st_front.jpg,Bethamcherla_AP28TC8081_20250621_180835_1st_back.jpg,Bethamcherla_AP28TC8081_20250621_181329_2nd_front.jpg,Bethamcherla_AP28TC8081_20250621_181333_2nd_back.jpg,Avijit Mondal,admin
21-06-2025,18:22:40,Bethamcherla,Saurashtra Enviro Projects Pvt. Ltd.,Legacy/MSW,T0212,AP27TW7569,On-site,28290.00,21-06-2025 18:15:12,10660.00,21-06-2025 18:22:08,17630.00,Legacy/MSW,Bethamcherla_AP27TW7569_20250621_181516_1st_front.jpg,Bethamcherla_AP27TW7569_20250621_181520_1st_back.jpg,Bethamcherla_AP27TW7569_20250621_182231_2nd_front.jpg,Bethamcherla_AP27TW7569_20250621_182235_2nd_back.jpg,Avijit Mondal,admin
21-06-2025,18:30:27,Bethamcherla,Saurashtra Enviro Projects Pvt. Ltd.,Legacy/MSW,T0213,AP21TB4935,On-site,29800.00,21-06-2025 18:24:08,11250.00,21-06-2025 18:29:58,18550.00,Legacy/MSW,Bethamcherla_AP21TB4935_20250621_182412_1st_front.jpg,Bethamcherla_AP21TB4935_20250621_182415_1st_back.jpg,Bethamcherla_AP21TB4935_20250621_183001_2nd_front.jpg,,Avijit Mondal,admin
21-06-2025,18:34:22,Bethamcherla,Saurashtra Enviro Projects Pvt. Ltd.,Legacy/MSW,T0214,AP 26 TA 0434,On-site,28170.00,21-06-2025 18:26:04,9940.00,21-06-2025 18:33:57,18230.00,Legacy/MSW,Bethamcherla_AP_26_TA_0434_20250621_182607_1st_front.jpg,,Bethamcherla_AP_26_TA_0434_20250621_183414_2nd_front.jpg,,Avijit Mondal,admin
21-06-2025,18:37:15,Bethamcherla,Saurashtra Enviro Projects Pvt. Ltd.,Legacy/MSW,T0215,AP28TC8081,On-site,28570.00,21-06-2025 18:32:32,11740.00,21-06-2025 18:36:52,16830.00,Legacy/MSW,Bethamcherla_AP28TC8081_20250621_183236_1st_front.jpg,,Bethamcherla_AP28TC8081_20250621_183711_2nd_front.jpg,,Avijit Mondal,admin
21-06-2025,21:44:23,Bethamcherla,Saurashtra Enviro Projects Pvt. Ltd.,Legacy/MSW,T0216,AP28TC8081,On-site,30030.00,21-06-2025 21:37:12,11760.00,21-06-2025 21:43:59,18270.00,Legacy/MSW,Bethamcherla_AP28TC8081_20250621_213741_1st_front.jpg,Bethamcherla_AP28TC8081_20250621_213744_1st_back.jpg,Bethamcherla_AP28TC8081_20250621_214415_2nd_front.jpg,Bethamcherla_AP28TC8081_20250621_214419_2nd_back.jpg,Avijit Mondal,admin
21-06-2025,21:57:40,Bethamcherla,Saurashtra Enviro Projects Pvt. Ltd.,Legacy/MSW,T0217,AP21TB4935,On-site,32990.00,21-06-2025 21:40:26,11290.00,21-06-2025 21:57:25,21700.00,Legacy/MSW,Bethamcherla_AP21TB4935_20250621_214032_1st_front.jpg,Bethamcherla_AP21TB4935_20250621_214035_1st_back.jpg,Bethamcherla_AP21TB4935_20250621_215732_2nd_front.jpg,Bethamcherla_AP21TB4935_20250621_215735_2nd_back.jpg,Avijit Mondal,admin
21-06-2025,22:07:13,Bethamcherla,Saurashtra Enviro Projects Pvt. Ltd.,Legacy/MSW,T0218,AP27TW7569,On-site,34040.00,21-06-2025 22:00:08,10680.00,21-06-2025 22:06:43,23360.00,Legacy/MSW,Bethamcherla_AP27TW7569_20250621_220012_1st_front.jpg,Bethamcherla_AP27TW7569_20250621_220015_1st_back.jpg,Bethamcherla_AP27TW7569_20250621_220703_2nd_front.jpg,Bethamcherla_AP27TW7569_20250621_220707_2nd_back.jpg,Avijit Mondal,admin
21-06-2025,22:10:17,Bethamcherla,Saurashtra Enviro Projects Pvt. Ltd.,Legacy/MSW,T0219,AP 26 TA 0434,On-site,30620.00,21-06-2025 22:02:17,9950.00,21-06-2025 22:09:52,20670.00,Legacy/MSW,Bethamcherla_AP_26_TA_0434_20250621_220220_1st_front.jpg,Bethamcherla_AP_26_TA_0434_20250621_220224_1st_back.jpg,Bethamcherla_AP_26_TA_0434_20250621_221010_2nd_front.jpg,Bethamcherla_AP_26_TA_0434_20250621_221013_2nd_back.jpg,Avijit Mondal,admin
21-06-2025,22:24:02,Bethamcherla,Saurashtra Enviro Projects Pvt. Ltd.,Legacy/MSW,T0220,AP21TB4935,On-site,31480.00,21-06-2025 22:15:32,11330.00,21-06-2025 22:23:41,20150.00,Legacy/MSW,Bethamcherla_AP21TB4935_20250621_221538_1st_front.jpg,Bethamcherla_AP21TB4935_20250621_221544_1st_back.jpg,Bethamcherla_AP21TB4935_20250621_222355_2nd_front.jpg,Bethamcherla_AP21TB4935_20250621_222358_2nd_back.jpg,Avijit Mondal,admin
21-06-2025,22:28:00,Bethamcherla,Saurashtra Enviro Projects Pvt. Ltd.,Legacy/MSW,T0221,AP28TC8081,On-site,29660.00,21-06-2025 22:17:09,14140.00,21-06-2025 22:27:39,15520.00,Legacy/MSW,Bethamcherla_AP28TC8081_20250621_221715_1st_front.jpg,Bethamcherla_AP28TC8081_20250621_221720_1st_back.jpg,Bethamcherla_AP28TC8081_20250621_222752_2nd_front.jpg,Bethamcherla_AP28TC8081_20250621_222755_2nd_back.jpg,Avijit Mondal,admin
21-06-2025,22:32:30,Bethamcherla,Saurashtra Enviro Projects Pvt. Ltd.,Legacy/MSW,T0222,AP27TW7569,On-site,25920.00,21-06-2025 22:25:26,10690.00,21-06-2025 22:31:42,15230.00,Legacy/MSW,Bethamcherla_AP27TW7569_20250621_222532_1st_front.jpg,Bethamcherla_AP27TW7569_20250621_222536_1st_back.jpg,Bethamcherla_AP27TW7569_20250621_223221_2nd_front.jpg,Bethamcherla_AP27TW7569_20250621_223225_2nd_back.jpg,Avijit Mondal,admin
21-06-2025,22:41:35,Bethamcherla,Saurashtra Enviro Projects Pvt. Ltd.,Legacy/MSW,T0223,AP 26 TA 0434,On-site,29620.00,21-06-2025 22:36:13,9950.00,21-06-2025 22:40:58,19670.00,Legacy/MSW,Bethamcherla_AP_26_TA_0434_20250621_223617_1st_front.jpg,Bethamcherla_AP_26_TA_0434_20250621_223621_1st_back.jpg,Bethamcherla_AP_26_TA_0434_20250621_224126_2nd_front.jpg,Bethamcherla_AP_26_TA_0434_20250621_224130_2nd_back.jpg,Avijit Mondal,admin
21-06-2025,22:52:48,Bethamcherla,Saurashtra Enviro Projects Pvt. Ltd.,Legacy/MSW,T0224,AP21TB4935,On-site,31130.00,21-06-2025 22:45:48,11350.00,21-06-2025 22:52:00,19780.00,Legacy/MSW,Bethamcherla_AP21TB4935_20250621_224552_1st_front.jpg,Bethamcherla_AP21TB4935_20250621_224556_1st_back.jpg,Bethamcherla_AP21TB4935_20250621_225241_2nd_front.jpg,Bethamcherla_AP21TB4935_20250621_225244_2nd_back.jpg,Avijit Mondal,admin
21-06-2025,22:59:43,Bethamcherla,Saurashtra Enviro Projects Pvt. Ltd.,Legacy/MSW,T0225,AP28TC8081,On-site,30700.00,21-06-2025 22:53:51,13110.00,21-06-2025 22:58:47,17590.00,Legacy/MSW,Bethamcherla_AP28TC8081_20250621_225400_1st_front.jpg,Bethamcherla_AP28TC8081_20250621_225405_1st_back.jpg,Bethamcherla_AP28TC8081_20250621_225934_2nd_front.jpg,Bethamcherla_AP28TC8081_20250621_225938_2nd_back.jpg,Avijit Mondal,admin
21-06-2025,23:03:43,Bethamcherla,Saurashtra Enviro Projects Pvt. Ltd.,Legacy/MSW,T0226,AP27TW7569,On-site,32150.00,21-06-2025 22:56:47,10730.00,21-06-2025 23:02:50,21420.00,Legacy/MSW,Bethamcherla_AP27TW7569_20250621_225653_1st_front.jpg,Bethamcherla_AP27TW7569_20250621_225657_1st_back.jpg,Bethamcherla_AP27TW7569_20250621_230334_2nd_front.jpg,Bethamcherla_AP27TW7569_20250621_230337_2nd_back.jpg,Avijit Mondal,admin
21-06-2025,23:12:23,Bethamcherla,Saurashtra Enviro Projects Pvt. Ltd.,Legacy/MSW,T0227,AP 26 TA 0434,On-site,29180.00,21-06-2025 23:04:55,9960.00,21-06-2025 23:11:28,19220.00,Legacy/MSW,Bethamcherla_AP_26_TA_0434_20250621_230502_1st_front.jpg,Bethamcherla_AP_26_TA_0434_20250621_230506_1st_back.jpg,Bethamcherla_AP_26_TA_0434_20250621_231214_2nd_front.jpg,Bethamcherla_AP_26_TA_0434_20250621_231218_2nd_back.jpg,Avijit Mondal,admin
21-06-2025,23:17:01,Bethamcherla,Saurashtra Enviro Projects Pvt. Ltd.,Legacy/MSW,T0228,AP21TB4935,On-site,31820.00,21-06-2025 23:09:51,11390.00,21-06-2025 23:15:40,20430.00,Legacy/MSW,Bethamcherla_AP21TB4935_20250621_230959_1st_front.jpg,Bethamcherla_AP21TB4935_20250621_231003_1st_back.jpg,Bethamcherla_AP21TB4935_20250621_231652_2nd_front.jpg,Bethamcherla_AP21TB4935_20250621_231657_2nd_back.jpg,Avijit Mondal,admin
21-06-2025,23:25:16,Bethamcherla,Saurashtra Enviro Projects Pvt. Ltd.,Legacy/MSW,T0229,AP28TC8081,On-site,29940.00,21-06-2025 23:18:28,12490.00,21-06-2025 23:24:48,17450.00,Legacy/MSW,Bethamcherla_AP28TC8081_20250621_231833_1st_front.jpg,Bethamcherla_AP28TC8081_20250621_231839_1st_back.jpg,Bethamcherla_AP28TC8081_20250621_232510_2nd_front.jpg,Bethamcherla_AP28TC8081_20250621_232512_2nd_back.jpg,Avijit Mondal,admin
21-06-2025,23:35:04,Bethamcherla,Saurashtra Enviro Projects Pvt. Ltd.,Legacy/MSW,T0230,AP27TW7569,On-site,33250.00,21-06-2025 23:23:15,10780.00,21-06-2025 23:33:58,22470.00,Legacy/MSW,Bethamcherla_AP27TW7569_20250621_232325_1st_front.jpg,Bethamcherla_AP27TW7569_20250621_232328_1st_back.jpg,Bethamcherla_AP27TW7569_20250621_233455_2nd_front.jpg,Bethamcherla_AP27TW7569_20250621_233458_2nd_back.jpg,Avijit Mondal,admin
21-06-2025,23:43:07,Bethamcherla,Saurashtra Enviro Projects Pvt. Ltd.,Legacy/MSW,T0231,AP 26 TA 0434,On-site,30310.00,21-06-2025 23:36:19,9970.00,21-06-2025 23:42:41,20340.00,Legacy/MSW,Bethamcherla_AP_26_TA_0434_20250621_233625_1st_front.jpg,Bethamcherla_AP_26_TA_0434_20250621_233629_1st_back.jpg,Bethamcherla_AP_26_TA_0434_20250621_234300_2nd_front.jpg,Bethamcherla_AP_26_TA_0434_20250621_234303_2nd_back.jpg,Avijit Mondal,admin
21-06-2025,23:54:32,Bethamcherla,Saurashtra Enviro Projects Pvt. Ltd.,Legacy/MSW,T0232,AP21TB4935,On-site,31620.00,21-06-2025 23:44:22,11430.00,21-06-2025 23:53:56,20190.00,Legacy/MSW,Bethamcherla_AP21TB4935_20250621_234426_1st_front.jpg,Bethamcherla_AP21TB4935_20250621_234429_1st_back.jpg,Bethamcherla_AP21TB4935_20250621_235424_2nd_front.jpg,Bethamcherla_AP21TB4935_20250621_235427_2nd_back.jpg,Avijit Mondal,admin
22-06-2025,00:12:29,Bethamcherla,Saurashtra Enviro Projects Pvt. Ltd.,Legacy/MSW,T0233,AP28TC8081,On-site,30130.00,21-06-2025 23:52:30,11900.00,22-06-2025 00:12:00,18230.00,Legacy/MSW,Bethamcherla_AP28TC8081_20250621_235235_1st_front.jpg,Bethamcherla_AP28TC8081_20250621_235239_1st_back.jpg,Bethamcherla_AP28TC8081_20250622_001222_2nd_front.jpg,Bethamcherla_AP28TC8081_20250622_001225_2nd_back.jpg,Avijit Mondal,admin
22-06-2025,00:13:42,Bethamcherla,Saurashtra Enviro Projects Pvt. Ltd.,Legacy/MSW,T0234,AP27TW7569,On-site,31660.00,21-06-2025 23:58:18,10710.00,22-06-2025 00:13:13,20950.00,Legacy/MSW,Bethamcherla_AP27TW7569_20250621_235823_1st_front.jpg,Bethamcherla_AP27TW7569_20250621_235827_1st_back.jpg,Bethamcherla_AP27TW7569_20250622_001333_2nd_front.jpg,Bethamcherla_AP27TW7569_20250622_001336_2nd_back.jpg,Avijit Mondal,admin
22-06-2025,00:14:54,Bethamcherla,Saurashtra Enviro Projects Pvt. Ltd.,Legacy/MSW,T0235,AP 26 TA 0434,On-site,28830.00,22-06-2025 00:03:16,10000.00,22-06-2025 00:14:26,18830.00,Legacy/MSW,Bethamcherla_AP_26_TA_0434_20250622_000320_1st_front.jpg,Bethamcherla_AP_26_TA_0434_20250622_000325_1st_back.jpg,Bethamcherla_AP_26_TA_0434_20250622_001446_2nd_front.jpg,Bethamcherla_AP_26_TA_0434_20250622_001449_2nd_back.jpg,Avijit Mondal,admin
22-06-2025,00:30:54,Bethamcherla,Saurashtra Enviro Projects Pvt. Ltd.,Legacy/MSW,T0236,AP21TB4935,On-site,31710.00,22-06-2025 00:15:55,11470.00,22-06-2025 00:29:55,20240.00,Legacy/MSW,Bethamcherla_AP21TB4935_20250622_001559_1st_front.jpg,Bethamcherla_AP21TB4935_20250622_001602_1st_back.jpg,Bethamcherla_AP21TB4935_20250622_003046_2nd_front.jpg,Bethamcherla_AP21TB4935_20250622_003049_2nd_back.jpg,Avijit Mondal,admin
22-06-2025,00:34:22,Bethamcherla,Saurashtra Enviro Projects Pvt. Ltd.,Legacy/MSW,T0237,AP27TW7569,On-site,32960.00,22-06-2025 00:28:36,10740.00,22-06-2025 00:33:47,22220.00,Legacy/MSW,Bethamcherla_AP27TW7569_20250622_002844_1st_front.jpg,Bethamcherla_AP27TW7569_20250622_002848_1st_back.jpg,Bethamcherla_AP27TW7569_20250622_003416_2nd_front.jpg,Bethamcherla_AP27TW7569_20250622_003419_2nd_back.jpg,Avijit Mondal,admin
22-06-2025,00:48:47,Bethamcherla,Saurashtra Enviro Projects Pvt. Ltd.,Legacy/MSW,T0238,AP28TC8081,On-site,30360.00,22-06-2025 00:40:46,11920.00,22-06-2025 00:47:59,18440.00,Legacy/MSW,Bethamcherla_AP28TC8081_20250622_004053_1st_front.jpg,Bethamcherla_AP28TC8081_20250622_004057_1st_back.jpg,Bethamcherla_AP28TC8081_20250622_004840_2nd_front.jpg,Bethamcherla_AP28TC8081_20250622_004843_2nd_back.jpg,Avijit Mondal,admin
22-06-2025,00:53:02,Bethamcherla,Saurashtra Enviro Projects Pvt. Ltd.,Legacy/MSW,T0239,AP 26 TA 0434,On-site,30480.00,22-06-2025 00:44:51,9960.00,22-06-2025 00:52:26,20520.00,Legacy/MSW,Bethamcherla_AP_26_TA_0434_20250622_004456_1st_front.jpg,Bethamcherla_AP_26_TA_0434_20250622_004500_1st_back.jpg,Bethamcherla_AP_26_TA_0434_20250622_005255_2nd_front.jpg,Bethamcherla_AP_26_TA_0434_20250622_005258_2nd_back.jpg,Avijit Mondal,admin
22-06-2025,00:57:27,Bethamcherla,Saurashtra Enviro Projects Pvt. Ltd.,Legacy/MSW,T0240,AP21TB4935,On-site,31590.00,22-06-2025 00:51:10,11520.00,22-06-2025 00:56:52,20070.00,Legacy/MSW,Bethamcherla_AP21TB4935_20250622_005116_1st_front.jpg,Bethamcherla_AP21TB4935_20250622_005118_1st_back.jpg,Bethamcherla_AP21TB4935_20250622_005720_2nd_front.jpg,Bethamcherla_AP21TB4935_20250622_005724_2nd_back.jpg,Avijit Mondal,admin
22-06-2025,01:05:35,Bethamcherla,Saurashtra Enviro Projects Pvt. Ltd.,Legacy/MSW,T0241,AP27TW7569,On-site,33670.00,22-06-2025 00:58:26,10670.00,22-06-2025 01:04:57,23000.00,Legacy/MSW,Bethamcherla_AP27TW7569_20250622_005831_1st_front.jpg,Bethamcherla_AP27TW7569_20250622_005835_1st_back.jpg,Bethamcherla_AP27TW7569_20250622_010528_2nd_front.jpg,Bethamcherla_AP27TW7569_20250622_010531_2nd_back.jpg,Avijit Mondal,admin
22-06-2025,02:10:44,Bethamcherla,Saurashtra Enviro Projects Pvt. Ltd.,Legacy/MSW,T0242,AP 26 TA 0434,On-site,29180.00,22-06-2025 02:04:02,9960.00,22-06-2025 02:10:17,19220.00,Legacy/MSW,Bethamcherla_AP_26_TA_0434_20250622_020406_1st_front.jpg,Bethamcherla_AP_26_TA_0434_20250622_020409_1st_back.jpg,Bethamcherla_AP_26_TA_0434_20250622_021036_2nd_front.jpg,Bethamcherla_AP_26_TA_0434_20250622_021040_2nd_back.jpg,Avijit Mondal,admin
22-06-2025,02:14:48,Bethamcherla,Saurashtra Enviro Projects Pvt. Ltd.,Legacy/MSW,T0243,AP28TC8081,On-site,29620.00,22-06-2025 02:08:48,11910.00,22-06-2025 02:14:09,17710.00,Legacy/MSW,Bethamcherla_AP28TC8081_20250622_020853_1st_front.jpg,Bethamcherla_AP28TC8081_20250622_020856_1st_back.jpg,Bethamcherla_AP28TC8081_20250622_021415_2nd_front.jpg,Bethamcherla_AP28TC8081_20250622_021418_2nd_back.jpg,Avijit Mondal,admin
22-06-2025,02:24:35,Bethamcherla,Saurashtra Enviro Projects Pvt. Ltd.,Legacy/MSW,T0244,AP21TB4935,On-site,32210.00,22-06-2025 02:16:29,11500.00,22-06-2025 02:24:11,20710.00,Legacy/MSW,Bethamcherla_AP21TB4935_20250622_021636_1st_front.jpg,Bethamcherla_AP21TB4935_20250622_021640_1st_back.jpg,Bethamcherla_AP21TB4935_20250622_022427_2nd_front.jpg,Bethamcherla_AP21TB4935_20250622_022431_2nd_back.jpg,Avijit Mondal,admin
22-06-2025,02:34:32,Bethamcherla,Saurashtra Enviro Projects Pvt. Ltd.,Legacy/MSW,T0245,AP27TW7569,On-site,32860.00,22-06-2025 02:26:07,10760.00,22-06-2025 02:34:04,22100.00,Legacy/MSW,Bethamcherla_AP27TW7569_20250622_022611_1st_front.jpg,Bethamcherla_AP27TW7569_20250622_022614_1st_back.jpg,Bethamcherla_AP27TW7569_20250622_023409_2nd_front.jpg,Bethamcherla_AP27TW7569_20250622_023413_2nd_back.jpg,Avijit Mondal,admin
22-06-2025,02:38:48,Bethamcherla,Saurashtra Enviro Projects Pvt. Ltd.,Legacy/MSW,T0246,AP 26 TA 0434,On-site,30020.00,22-06-2025 02:32:02,9960.00,22-06-2025 02:38:07,20060.00,Legacy/MSW,Bethamcherla_AP_26_TA_0434_20250622_023209_1st_front.jpg,Bethamcherla_AP_26_TA_0434_20250622_023213_1st_back.jpg,Bethamcherla_AP_26_TA_0434_20250622_023810_2nd_front.jpg,Bethamcherla_AP_26_TA_0434_20250622_023815_2nd_back.jpg,Avijit Mondal,admin
22-06-2025,02:54:28,Bethamcherla,Saurashtra Enviro Projects Pvt. Ltd.,Legacy/MSW,T0247,AP28TC8081,On-site,31100.00,22-06-2025 02:49:09,11920.00,22-06-2025 02:54:05,19180.00,Legacy/MSW,Bethamcherla_AP28TC8081_20250622_024913_1st_front.jpg,Bethamcherla_AP28TC8081_20250622_024916_1st_back.jpg,Bethamcherla_AP28TC8081_20250622_025421_2nd_front.jpg,Bethamcherla_AP28TC8081_20250622_025424_2nd_back.jpg,Avijit Mondal,admin
22-06-2025,03:07:20,Bethamcherla,Saurashtra Enviro Projects Pvt. Ltd.,Legacy/MSW,T0248,AP21TB4935,On-site,32000.00,22-06-2025 02:57:31,11510.00,22-06-2025 03:04:01,20490.00,Legacy/MSW,Bethamcherla_AP21TB4935_20250622_025736_1st_front.jpg,Bethamcherla_AP21TB4935_20250622_025739_1st_back.jpg,Bethamcherla_AP21TB4935_20250622_030405_2nd_front.jpg,Bethamcherla_AP21TB4935_20250622_030410_2nd_back.jpg,Avijit Mondal,admin
22-06-2025,03:17:51,Bethamcherla,Saurashtra Enviro Projects Pvt. Ltd.,Legacy/MSW,T0249,AP27TW7569,On-site,31150.00,22-06-2025 03:11:02,10730.00,22-06-2025 03:17:24,20420.00,Legacy/MSW,Bethamcherla_AP27TW7569_20250622_031107_1st_front.jpg,Bethamcherla_AP27TW7569_20250622_031111_1st_back.jpg,Bethamcherla_AP27TW7569_20250622_031728_2nd_front.jpg,Bethamcherla_AP27TW7569_20250622_031732_2nd_back.jpg,Avijit Mondal,admin
22-06-2025,03:21:33,Bethamcherla,Saurashtra Enviro Projects Pvt. Ltd.,Legacy/MSW,T0250,AP 26 TA 0434,On-site,28710.00,22-06-2025 03:13:11,9960.00,22-06-2025 03:20:45,18750.00,Legacy/MSW,Bethamcherla_AP_26_TA_0434_20250622_031321_1st_front.jpg,Bethamcherla_AP_26_TA_0434_20250622_031324_1st_back.jpg,Bethamcherla_AP_26_TA_0434_20250622_032050_2nd_front.jpg,Bethamcherla_AP_26_TA_0434_20250622_032054_2nd_back.jpg,Avijit Mondal,admin
22-06-2025,03:42:24,Bethamcherla,Saurashtra Enviro Projects Pvt. Ltd.,Legacy/MSW,T0251,AP28TC8081,On-site,29790.00,22-06-2025 03:36:57,12080.00,22-06-2025 03:41:47,17710.00,Legacy/MSW,Bethamcherla_AP28TC8081_20250622_033702_1st_front.jpg,Bethamcherla_AP28TC8081_20250622_033705_1st_back.jpg,Bethamcherla_AP28TC8081_20250622_034215_2nd_front.jpg,Bethamcherla_AP28TC8081_20250622_034218_2nd_back.jpg,Avijit Mondal,admin
22-06-2025,03:51:15,Bethamcherla,Saurashtra Enviro Projects Pvt. Ltd.,Legacy/MSW,T0252,AP 26 TA 0434,On-site,29100.00,22-06-2025 03:44:17,9960.00,22-06-2025 03:50:36,19140.00,Legacy/MSW,Bethamcherla_AP_26_TA_0434_20250622_034422_1st_front.jpg,Bethamcherla_AP_26_TA_0434_20250622_034425_1st_back.jpg,Bethamcherla_AP_26_TA_0434_20250622_035040_2nd_front.jpg,Bethamcherla_AP_26_TA_0434_20250622_035044_2nd_back.jpg,Avijit Mondal,admin
22-06-2025,04:00:51,Bethamcherla,Saurashtra Enviro Projects Pvt. Ltd.,Legacy/MSW,T0253,AP27TW7569,On-site,33380.00,22-06-2025 03:52:22,10680.00,22-06-2025 04:00:09,22700.00,Legacy/MSW,Bethamcherla_AP27TW7569_20250622_035229_1st_front.jpg,Bethamcherla_AP27TW7569_20250622_035232_1st_back.jpg,Bethamcherla_AP27TW7569_20250622_040043_2nd_front.jpg,Bethamcherla_AP27TW7569_20250622_040047_2nd_back.jpg,Avijit Mondal,admin
22-06-2025,04:22:14,Bethamcherla,Saurashtra Enviro Projects Pvt. Ltd.,Legacy/MSW,T0254,AP 26 TA 0434,On-site,28820.00,22-06-2025 04:15:28,9970.00,22-06-2025 04:21:42,18850.00,Legacy/MSW,Bethamcherla_AP_26_TA_0434_20250622_041532_1st_front.jpg,Bethamcherla_AP_26_TA_0434_20250622_041536_1st_back.jpg,Bethamcherla_AP_26_TA_0434_20250622_042146_2nd_front.jpg,Bethamcherla_AP_26_TA_0434_20250622_042150_2nd_back.jpg,Avijit Mondal,admin
22-06-2025,05:11:08,Bethamcherla,Saurashtra Enviro Projects Pvt. Ltd.,Legacy/MSW,T0255,AP27TW7569,On-site,31480.00,22-06-2025 05:03:56,10670.00,22-06-2025 05:10:18,20810.00,Legacy/MSW,Bethamcherla_AP27TW7569_20250622_050400_1st_front.jpg,Bethamcherla_AP27TW7569_20250622_050404_1st_back.jpg,Bethamcherla_AP27TW7569_20250622_051023_2nd_front.jpg,Bethamcherla_AP27TW7569_20250622_051027_2nd_back.jpg,Avijit Mondal,admin
22-06-2025,05:22:12,Bethamcherla,Saurashtra Enviro Projects Pvt. Ltd.,Legacy/MSW,T0256,AP28TC8081,On-site,28560.00,22-06-2025 05:15:57,11940.00,22-06-2025 05:21:47,16620.00,Legacy/MSW,Bethamcherla_AP28TC8081_20250622_051602_1st_front.jpg,Bethamcherla_AP28TC8081_20250622_051605_1st_back.jpg,Bethamcherla_AP28TC8081_20250622_052204_2nd_front.jpg,Bethamcherla_AP28TC8081_20250622_052207_2nd_back.jpg,Avijit Mondal,admin
22-06-2025,05:26:50,Bethamcherla,Saurashtra Enviro Projects Pvt. Ltd.,Legacy/MSW,T0257,AP21TB4935,On-site,31140.00,22-06-2025 05:20:46,11490.00,22-06-2025 05:26:15,19650.00,Legacy/MSW,Bethamcherla_AP21TB4935_20250622_052050_1st_front.jpg,Bethamcherla_AP21TB4935_20250622_052053_1st_back.jpg,Bethamcherla_AP21TB4935_20250622_052642_2nd_front.jpg,Bethamcherla_AP21TB4935_20250622_052645_2nd_back.jpg,Avijit Mondal,admin
22-06-2025,10:13:54,Bethamcherla,Saurashtra Enviro Projects Pvt. Ltd.,Legacy/MSW,T0258,AP27TW7569,On-site,33050.00,22-06-2025 10:04:36,10680.00,22-06-2025 10:13:27,22370.00,Legacy/MSW,Bethamcherla_AP27TW7569_20250622_100440_1st_front.jpg,Bethamcherla_AP27TW7569_20250622_100443_1st_back.jpg,Bethamcherla_AP27TW7569_20250622_101348_2nd_front.jpg,Bethamcherla_AP27TW7569_20250622_101351_2nd_back.jpg,Avijit Mondal,admin
22-06-2025,10:18:31,Bethamcherla,Saurashtra Enviro Projects Pvt. Ltd.,Legacy/MSW,T0259,AP21TB4935,On-site,33110.00,22-06-2025 10:06:02,11480.00,22-06-2025 10:18:17,21630.00,Legacy/MSW,Bethamcherla_AP21TB4935_20250622_100605_1st_front.jpg,Bethamcherla_AP21TB4935_20250622_100608_1st_back.jpg,Bethamcherla_AP21TB4935_20250622_101824_2nd_front.jpg,Bethamcherla_AP21TB4935_20250622_101827_2nd_back.jpg,Avijit Mondal,admin
22-06-2025,10:23:10,Bethamcherla,Saurashtra Enviro Projects Pvt. Ltd.,Legacy/MSW,T0260,AP28TC8081,On-site,30360.00,22-06-2025 10:10:13,11920.00,22-06-2025 10:22:59,18440.00,Legacy/MSW,Bethamcherla_AP28TC8081_20250622_101024_1st_front.jpg,Bethamcherla_AP28TC8081_20250622_101027_1st_back.jpg,Bethamcherla_AP28TC8081_20250622_102302_2nd_front.jpg,Bethamcherla_AP28TC8081_20250622_102305_2nd_back.jpg,Avijit Mondal,admin
22-06-2025,10:47:00,Bethamcherla,Saurashtra Enviro Projects Pvt. Ltd.,Legacy/MSW,T0261,AP 26 TA 0434,On-site,31000.00,22-06-2025 10:38:14,9970.00,22-06-2025 10:46:38,21030.00,Legacy/MSW,Bethamcherla_AP_26_TA_0434_20250622_103818_1st_front.jpg,Bethamcherla_AP_26_TA_0434_20250622_103820_1st_back.jpg,Bethamcherla_AP_26_TA_0434_20250622_104654_2nd_front.jpg,Bethamcherla_AP_26_TA_0434_20250622_104657_2nd_back.jpg,Avijit Mondal,admin
22-06-2025,10:48:56,Bethamcherla,Saurashtra Enviro Projects Pvt. Ltd.,Legacy/MSW,T0262,AP27TW7569,On-site,35500.00,22-06-2025 10:40:01,10670.00,22-06-2025 10:48:46,24830.00,Legacy/MSW,Bethamcherla_AP27TW7569_20250622_104005_1st_front.jpg,Bethamcherla_AP27TW7569_20250622_104008_1st_back.jpg,Bethamcherla_AP27TW7569_20250622_104850_2nd_front.jpg,Bethamcherla_AP27TW7569_20250622_104853_2nd_back.jpg,Avijit Mondal,admin
22-06-2025,10:54:07,Bethamcherla,Saurashtra Enviro Projects Pvt. Ltd.,Legacy/MSW,T0263,AP21TB4935,On-site,32340.00,22-06-2025 10:42:03,11480.00,22-06-2025 10:53:26,20860.00,Legacy/MSW,Bethamcherla_AP21TB4935_20250622_104211_1st_front.jpg,Bethamcherla_AP21TB4935_20250622_104214_1st_back.jpg,Bethamcherla_AP21TB4935_20250622_105402_2nd_front.jpg,Bethamcherla_AP21TB4935_20250622_105404_2nd_back.jpg,Avijit Mondal,admin
22-06-2025,10:59:30,Bethamcherla,Saurashtra Enviro Projects Pvt. Ltd.,Legacy/MSW,T0264,AP28TC8081,On-site,31350.00,22-06-2025 10:45:07,11230.00,22-06-2025 10:59:04,20120.00,Legacy/MSW,Bethamcherla_AP28TC8081_20250622_104511_1st_front.jpg,Bethamcherla_AP28TC8081_20250622_104513_1st_back.jpg,Bethamcherla_AP28TC8081_20250622_105910_2nd_front.jpg,Bethamcherla_AP28TC8081_20250622_105914_2nd_back.jpg,Avijit Mondal,admin
22-06-2025,11:14:16,Bethamcherla,Saurashtra Enviro Projects Pvt. Ltd.,Legacy/MSW,T0265,AP 26 TA 0434,On-site,31740.00,22-06-2025 11:06:24,9960.00,22-06-2025 11:13:47,21780.00,Legacy/MSW,Bethamcherla_AP_26_TA_0434_20250622_110628_1st_front.jpg,Bethamcherla_AP_26_TA_0434_20250622_110631_1st_back.jpg,Bethamcherla_AP_26_TA_0434_20250622_111352_2nd_front.jpg,Bethamcherla_AP_26_TA_0434_20250622_111359_2nd_back.jpg,Avijit Mondal,admin
22-06-2025,11:18:50,Bethamcherla,Saurashtra Enviro Projects Pvt. Ltd.,Legacy/MSW,T0266,AP27TW7569,On-site,35780.00,22-06-2025 11:12:05,10680.00,22-06-2025 11:18:25,25100.00,Legacy/MSW,Bethamcherla_AP27TW7569_20250622_111208_1st_front.jpg,Bethamcherla_AP27TW7569_20250622_111212_1st_back.jpg,Bethamcherla_AP27TW7569_20250622_111830_2nd_front.jpg,Bethamcherla_AP27TW7569_20250622_111833_2nd_back.jpg,Avijit Mondal,admin
22-06-2025,11:29:59,Bethamcherla,Saurashtra Enviro Projects Pvt. Ltd.,Legacy/MSW,T0267,AP21TB4935,On-site,32970.00,22-06-2025 11:20:46,11480.00,22-06-2025 11:29:32,21490.00,Legacy/MSW,Bethamcherla_AP21TB4935_20250622_112050_1st_front.jpg,Bethamcherla_AP21TB4935_20250622_112054_1st_back.jpg,Bethamcherla_AP21TB4935_20250622_112936_2nd_front.jpg,Bethamcherla_AP21TB4935_20250622_112939_2nd_back.jpg,Avijit Mondal,admin
22-06-2025,11:34:17,Bethamcherla,Saurashtra Enviro Projects Pvt. Ltd.,Legacy/MSW,T0268,AP28TC8081,On-site,31700.00,22-06-2025 11:25:27,11300.00,22-06-2025 11:33:52,20400.00,Legacy/MSW,Bethamcherla_AP28TC8081_20250622_112531_1st_front.jpg,Bethamcherla_AP28TC8081_20250622_112534_1st_back.jpg,Bethamcherla_AP28TC8081_20250622_113355_2nd_front.jpg,Bethamcherla_AP28TC8081_20250622_113357_2nd_back.jpg,Avijit Mondal,admin
22-06-2025,11:45:39,Bethamcherla,Saurashtra Enviro Projects Pvt. Ltd.,Legacy/MSW,T0269,AP 26 TA 0434,On-site,31960.00,22-06-2025 11:36:05,9970.00,22-06-2025 11:45:28,21990.00,Legacy/MSW,Bethamcherla_AP_26_TA_0434_20250622_113616_1st_front.jpg,Bethamcherla_AP_26_TA_0434_20250622_113620_1st_back.jpg,Bethamcherla_AP_26_TA_0434_20250622_114531_2nd_front.jpg,Bethamcherla_AP_26_TA_0434_20250622_114534_2nd_back.jpg,Avijit Mondal,admin
22-06-2025,11:50:51,Bethamcherla,Saurashtra Enviro Projects Pvt. Ltd.,Legacy/MSW,T0270,AP27TW7569,On-site,32050.00,22-06-2025 11:42:26,10700.00,22-06-2025 11:50:39,21350.00,Legacy/MSW,Bethamcherla_AP27TW7569_20250622_114230_1st_front.jpg,Bethamcherla_AP27TW7569_20250622_114233_1st_back.jpg,Bethamcherla_AP27TW7569_20250622_115041_2nd_front.jpg,Bethamcherla_AP27TW7569_20250622_115046_2nd_back.jpg,Avijit Mondal,admin
22-06-2025,11:54:17,Bethamcherla,Saurashtra Enviro Projects Pvt. Ltd.,Legacy/MSW,T0271,AP21TB4935,On-site,31210.00,22-06-2025 11:48:49,11470.00,22-06-2025 11:54:06,19740.00,Legacy/MSW,Bethamcherla_AP21TB4935_20250622_114853_1st_front.jpg,Bethamcherla_AP21TB4935_20250622_114857_1st_back.jpg,Bethamcherla_AP21TB4935_20250622_115409_2nd_front.jpg,Bethamcherla_AP21TB4935_20250622_115412_2nd_back.jpg,Avijit Mondal,admin
22-06-2025,12:04:13,Bethamcherla,Saurashtra Enviro Projects Pvt. Ltd.,Legacy/MSW,T0272,AP28TC8081,On-site,30850.00,22-06-2025 11:55:48,11200.00,22-06-2025 12:03:56,19650.00,Legacy/MSW,Bethamcherla_AP28TC8081_20250622_115552_1st_front.jpg,Bethamcherla_AP28TC8081_20250622_115556_1st_back.jpg,Bethamcherla_AP28TC8081_20250622_120401_2nd_front.jpg,Bethamcherla_AP28TC8081_20250622_120404_2nd_back.jpg,Avijit Mondal,admin
22-06-2025,12:16:16,Bethamcherla,Saurashtra Enviro Projects Pvt. Ltd.,Legacy/MSW,T0273,AP 26 TA 0434,On-site,30620.00,22-06-2025 12:09:04,9970.00,22-06-2025 12:15:39,20650.00,Legacy/MSW,Bethamcherla_AP_26_TA_0434_20250622_120910_1st_front.jpg,Bethamcherla_AP_26_TA_0434_20250622_120914_1st_back.jpg,Bethamcherla_AP_26_TA_0434_20250622_121608_2nd_front.jpg,Bethamcherla_AP_26_TA_0434_20250622_121612_2nd_back.jpg,Avijit Mondal,admin
22-06-2025,12:20:55,Bethamcherla,Saurashtra Enviro Projects Pvt. Ltd.,Legacy/MSW,T0274,AP27TW7569,On-site,33080.00,22-06-2025 12:12:34,10700.00,22-06-2025 12:20:27,22380.00,Legacy/MSW,Bethamcherla_AP27TW7569_20250622_121244_1st_front.jpg,Bethamcherla_AP27TW7569_20250622_121248_1st_back.jpg,Bethamcherla_AP27TW7569_20250622_122046_2nd_front.jpg,Bethamcherla_AP27TW7569_20250622_122050_2nd_back.jpg,Avijit Mondal,admin
22-06-2025,12:25:47,Bethamcherla,Saurashtra Enviro Projects Pvt. Ltd.,Legacy/MSW,T0275,AP21TB4935,On-site,30850.00,22-06-2025 12:18:36,11500.00,22-06-2025 12:25:22,19350.00,Legacy/MSW,Bethamcherla_AP21TB4935_20250622_121842_1st_front.jpg,Bethamcherla_AP21TB4935_20250622_121846_1st_back.jpg,Bethamcherla_AP21TB4935_20250622_122542_2nd_front.jpg,Bethamcherla_AP21TB4935_20250622_122545_2nd_back.jpg,Avijit Mondal,admin
22-06-2025,12:32:29,Bethamcherla,Saurashtra Enviro Projects Pvt. Ltd.,Legacy/MSW,T0276,AP28TC8081,On-site,30450.00,22-06-2025 12:27:00,11300.00,22-06-2025 12:32:09,19150.00,Legacy/MSW,Bethamcherla_AP28TC8081_20250622_122705_1st_front.jpg,Bethamcherla_AP28TC8081_20250622_122709_1st_back.jpg,Bethamcherla_AP28TC8081_20250622_123221_2nd_front.jpg,Bethamcherla_AP28TC8081_20250622_123225_2nd_back.jpg,Avijit Mondal,admin
22-06-2025,12:42:15,Bethamcherla,Saurashtra Enviro Projects Pvt. Ltd.,Legacy/MSW,T0277,AP 26 TA 0434,On-site,32840.00,22-06-2025 12:41:40,9970.00,22-06-2025 12:41:59,22870.00,Legacy/MSW,,,Bethamcherla_AP_26_TA_0434_20250622_124209_2nd_front.jpg,Bethamcherla_AP_26_TA_0434_20250622_124212_2nd_back.jpg,Avijit Mondal,admin
22-06-2025,12:51:08,Bethamcherla,Saurashtra Enviro Projects Pvt. Ltd.,Legacy/MSW,T0278,AP 26 TA 0434,On-site,32840.00,22-06-2025 12:42:57,9990.00,22-06-2025 12:50:22,22850.00,Legacy/MSW,Bethamcherla_AP_26_TA_0434_20250622_124300_1st_front.jpg,Bethamcherla_AP_26_TA_0434_20250622_124303_1st_back.jpg,Bethamcherla_AP_26_TA_0434_20250622_125100_2nd_front.jpg,Bethamcherla_AP_26_TA_0434_20250622_125104_2nd_back.jpg,Avijit Mondal,admin
22-06-2025,12:59:17,Bethamcherla,Saurashtra Enviro Projects Pvt. Ltd.,Legacy/MSW,T0279,AP21TB4935,On-site,32960.00,22-06-2025 12:52:17,11480.00,22-06-2025 12:58:33,21480.00,Legacy/MSW,,,Bethamcherla_AP21TB4935_20250622_125910_2nd_front.jpg,Bethamcherla_AP21TB4935_20250622_125914_2nd_back.jpg,Avijit Mondal,admin
22-06-2025,13:03:44,Bethamcherla,Saurashtra Enviro Projects Pvt. Ltd.,Legacy/MSW,T0280,AP28TC8081,On-site,30400.00,22-06-2025 12:56:21,11290.00,22-06-2025 13:03:33,19110.00,Legacy/MSW,Bethamcherla_AP28TC8081_20250622_125641_1st_front.jpg,Bethamcherla_AP28TC8081_20250622_125645_1st_back.jpg,Bethamcherla_AP28TC8081_20250622_130338_2nd_front.jpg,Bethamcherla_AP28TC8081_20250622_130340_2nd_back.jpg,Avijit Mondal,admin
22-06-2025,13:05:52,Bethamcherla,Saurashtra Enviro Projects Pvt. Ltd.,Legacy/MSW,T0281,AP27TW7569,On-site,34140.00,22-06-2025 13:05:33,10700.00,22-06-2025 13:05:37,23440.00,Legacy/MSW,,,Bethamcherla_AP27TW7569_20250622_130541_2nd_front.jpg,Bethamcherla_AP27TW7569_20250622_130548_2nd_back.jpg,Avijit Mondal,admin
22-06-2025,14:21:35,Bethamcherla,Saurashtra Enviro Projects Pvt. Ltd.,Legacy/MSW,T0282,AP27TW7569,On-site,32050.00,22-06-2025 13:17:11,10600.00,22-06-2025 14:21:23,21450.00,Legacy/MSW,Bethamcherla_AP27TW7569_20250622_131717_1st_front.jpg,Bethamcherla_AP27TW7569_20250622_131720_1st_back.jpg,Bethamcherla_AP27TW7569_20250622_142129_2nd_front.jpg,Bethamcherla_AP27TW7569_20250622_142132_2nd_back.jpg,Avijit Mondal,admin
22-06-2025,15:08:12,Bethamcherla,Saurashtra Enviro Projects Pvt. Ltd.,Legacy/MSW,T0283,AP21TB4935,On-site,32680.00,22-06-2025 15:00:14,11460.00,22-06-2025 15:07:36,21220.00,Legacy/MSW,Bethamcherla_AP21TB4935_20250622_150020_1st_front.jpg,Bethamcherla_AP21TB4935_20250622_150025_1st_back.jpg,Bethamcherla_AP21TB4935_20250622_150802_2nd_front.jpg,Bethamcherla_AP21TB4935_20250622_150806_2nd_back.jpg,Avijit Mondal,admin
22-06-2025,15:15:45,Bethamcherla,Saurashtra Enviro Projects Pvt. Ltd.,Legacy/MSW,T0284,AP28TC8081,On-site,31220.00,22-06-2025 15:05:58,11240.00,22-06-2025 15:15:11,19980.00,Legacy/MSW,Bethamcherla_AP28TC8081_20250622_150603_1st_front.jpg,Bethamcherla_AP28TC8081_20250622_150610_1st_back.jpg,Bethamcherla_AP28TC8081_20250622_151537_2nd_front.jpg,Bethamcherla_AP28TC8081_20250622_151541_2nd_back.jpg,Avijit Mondal,admin
22-06-2025,15:17:44,Bethamcherla,Saurashtra Enviro Projects Pvt. Ltd.,Legacy/MSW,T0285,AP27TW7569,On-site,33850.00,22-06-2025 15:11:11,10620.00,22-06-2025 15:17:16,23230.00,Legacy/MSW,Bethamcherla_AP27TW7569_20250622_151117_1st_front.jpg,Bethamcherla_AP27TW7569_20250622_151121_1st_back.jpg,Bethamcherla_AP27TW7569_20250622_151737_2nd_front.jpg,Bethamcherla_AP27TW7569_20250622_151740_2nd_back.jpg,Avijit Mondal,admin
22-06-2025,15:30:04,Bethamcherla,Saurashtra Enviro Projects Pvt. Ltd.,Legacy/MSW,T0286,AP 26 TA 0434,On-site,31730.00,22-06-2025 15:21:23,10100.00,22-06-2025 15:29:28,21630.00,Legacy/MSW,Bethamcherla_AP_26_TA_0434_20250622_152128_1st_front.jpg,Bethamcherla_AP_26_TA_0434_20250622_152131_1st_back.jpg,Bethamcherla_AP_26_TA_0434_20250622_152955_2nd_front.jpg,Bethamcherla_AP_26_TA_0434_20250622_152959_2nd_back.jpg,Avijit Mondal,admin
22-06-2025,15:42:21,Bethamcherla,Saurashtra Enviro Projects Pvt. Ltd.,Legacy/MSW,T0287,AP21TB4935,On-site,34000.00,22-06-2025 15:33:22,11570.00,22-06-2025 15:41:42,22430.00,Legacy/MSW,Bethamcherla_AP21TB4935_20250622_153331_1st_front.jpg,Bethamcherla_AP21TB4935_20250622_153336_1st_back.jpg,Bethamcherla_AP21TB4935_20250622_154152_2nd_front.jpg,Bethamcherla_AP21TB4935_20250622_154157_2nd_back.jpg,Avijit Mondal,admin
22-06-2025,15:44:46,Bethamcherla,Saurashtra Enviro Projects Pvt. Ltd.,Legacy/MSW,T0288,AP27TW7569,On-site,34630.00,22-06-2025 15:37:32,10810.00,22-06-2025 15:43:34,23820.00,Legacy/MSW,Bethamcherla_AP27TW7569_20250622_153736_1st_front.jpg,Bethamcherla_AP27TW7569_20250622_153739_1st_back.jpg,Bethamcherla_AP27TW7569_20250622_154418_2nd_front.jpg,Bethamcherla_AP27TW7569_20250622_154439_2nd_back.jpg,Avijit Mondal,admin
22-06-2025,17:59:02,Bethamcherla,Saurashtra Enviro Projects Pvt. Ltd.,Legacy/MSW,T0289,AP 26 TA 0434,On-site,30050.00,22-06-2025 17:52:59,10010.00,22-06-2025 17:57:51,20040.00,Legacy/MSW,Bethamcherla_AP_26_TA_0434_20250622_175324_1st_front.jpg,Bethamcherla_AP_26_TA_0434_20250622_175328_1st_back.jpg,Bethamcherla_AP_26_TA_0434_20250622_175845_2nd_front.jpg,Bethamcherla_AP_26_TA_0434_20250622_175849_2nd_back.jpg,Avijit Mondal,admin
22-06-2025,18:17:37,Bethamcherla,Saurashtra Enviro Projects Pvt. Ltd.,Legacy/MSW,T0290,AP28TC8081,On-site,29240.00,22-06-2025 18:12:34,11340.00,22-06-2025 18:17:13,17900.00,Legacy/MSW,Bethamcherla_AP28TC8081_20250622_181240_1st_front.jpg,Bethamcherla_AP28TC8081_20250622_181245_1st_back.jpg,Bethamcherla_AP28TC8081_20250622_181721_2nd_front.jpg,Bethamcherla_AP28TC8081_20250622_181725_2nd_back.jpg,Avijit Mondal,admin
22-06-2025,18:21:03,Bethamcherla,Saurashtra Enviro Projects Pvt. Ltd.,Legacy/MSW,T0291,AP21TB4935,On-site,31680.00,22-06-2025 18:15:44,11430.00,22-06-2025 18:20:22,20250.00,Legacy/MSW,Bethamcherla_AP21TB4935_20250622_181551_1st_front.jpg,Bethamcherla_AP21TB4935_20250622_181555_1st_back.jpg,Bethamcherla_AP21TB4935_20250622_182055_2nd_front.jpg,Bethamcherla_AP21TB4935_20250622_182059_2nd_back.jpg,Avijit Mondal,admin
22-06-2025,18:30:04,Bethamcherla,Saurashtra Enviro Projects Pvt. Ltd.,Legacy/MSW,T0292,AP 26 TA 0434,On-site,29580.00,22-06-2025 18:23:37,9980.00,22-06-2025 18:29:46,19600.00,Legacy/MSW,Bethamcherla_AP_26_TA_0434_20250622_182342_1st_front.jpg,Bethamcherla_AP_26_TA_0434_20250622_182347_1st_back.jpg,Bethamcherla_AP_26_TA_0434_20250622_182952_2nd_front.jpg,Bethamcherla_AP_26_TA_0434_20250622_182958_2nd_back.jpg,Avijit Mondal,admin
22-06-2025,18:40:16,Bethamcherla,Saurashtra Enviro Projects Pvt. Ltd.,Legacy/MSW,T0293,AP28TC8081,On-site,29290.00,22-06-2025 18:34:42,11330.00,22-06-2025 18:40:00,17960.00,Legacy/MSW,Bethamcherla_AP28TC8081_20250622_183449_1st_front.jpg,Bethamcherla_AP28TC8081_20250622_183454_1st_back.jpg,Bethamcherla_AP28TC8081_20250622_184007_2nd_front.jpg,Bethamcherla_AP28TC8081_20250622_184011_2nd_back.jpg,Avijit Mondal,admin
22-06-2025,18:46:16,Bethamcherla,Saurashtra Enviro Projects Pvt. Ltd.,Legacy/MSW,T0294,AP21TB4935,On-site,32250.00,22-06-2025 18:41:40,11400.00,22-06-2025 18:46:02,20850.00,Legacy/MSW,Bethamcherla_AP21TB4935_20250622_184145_1st_front.jpg,Bethamcherla_AP21TB4935_20250622_184149_1st_back.jpg,Bethamcherla_AP21TB4935_20250622_184608_2nd_front.jpg,Bethamcherla_AP21TB4935_20250622_184612_2nd_back.jpg,Avijit Mondal,admin
22-06-2025,18:55:11,Bethamcherla,Saurashtra Enviro Projects Pvt. Ltd.,Legacy/MSW,T0295,AP 26 TA 0434,On-site,30420.00,22-06-2025 18:49:03,10020.00,22-06-2025 18:54:52,20400.00,Legacy/MSW,Bethamcherla_AP_26_TA_0434_20250622_184910_1st_front.jpg,Bethamcherla_AP_26_TA_0434_20250622_184915_1st_back.jpg,Bethamcherla_AP_26_TA_0434_20250622_185502_2nd_front.jpg,Bethamcherla_AP_26_TA_0434_20250622_185506_2nd_back.jpg,Avijit Mondal,admin
22-06-2025,19:02:21,Bethamcherla,Saurashtra Enviro Projects Pvt. Ltd.,Legacy/MSW,T0296,AP28TC8081,On-site,32290.00,22-06-2025 18:56:01,11350.00,22-06-2025 19:02:00,20940.00,Legacy/MSW,Bethamcherla_AP28TC8081_20250622_185606_1st_front.jpg,Bethamcherla_AP28TC8081_20250622_185611_1st_back.jpg,Bethamcherla_AP28TC8081_20250622_190211_2nd_front.jpg,Bethamcherla_AP28TC8081_20250622_190216_2nd_back.jpg,Avijit Mondal,admin
22-06-2025,19:12:08,Bethamcherla,Saurashtra Enviro Projects Pvt. Ltd.,Legacy/MSW,T0297,AP21TB4935,On-site,31910.00,22-06-2025 19:03:19,11420.00,22-06-2025 19:11:28,20490.00,Legacy/MSW,Bethamcherla_AP21TB4935_20250622_190325_1st_front.jpg,Bethamcherla_AP21TB4935_20250622_190331_1st_back.jpg,Bethamcherla_AP21TB4935_20250622_191158_2nd_front.jpg,Bethamcherla_AP21TB4935_20250622_191202_2nd_back.jpg,Avijit Mondal,admin
22-06-2025,19:16:36,Bethamcherla,Saurashtra Enviro Projects Pvt. Ltd.,Legacy/MSW,T0298,AP 26 TA 0434,On-site,29290.00,22-06-2025 19:09:32,10010.00,22-06-2025 19:15:59,19280.00,Legacy/MSW,Bethamcherla_AP_26_TA_0434_20250622_190938_1st_front.jpg,Bethamcherla_AP_26_TA_0434_20250622_190944_1st_back.jpg,Bethamcherla_AP_26_TA_0434_20250622_191626_2nd_front.jpg,Bethamcherla_AP_26_TA_0434_20250622_191630_2nd_back.jpg,Avijit Mondal,admin
22-06-2025,19:24:26,Bethamcherla,Saurashtra Enviro Projects Pvt. Ltd.,Legacy/MSW,T0299,AP27TW7569,On-site,32370.00,22-06-2025 19:17:53,10660.00,22-06-2025 19:24:15,21710.00,Legacy/MSW,Bethamcherla_AP27TW7569_20250622_191801_1st_front.jpg,Bethamcherla_AP27TW7569_20250622_191806_1st_back.jpg,Bethamcherla_AP27TW7569_20250622_192418_2nd_front.jpg,Bethamcherla_AP27TW7569_20250622_192422_2nd_back.jpg,Avijit Mondal,admin
22-06-2025,19:34:21,Bethamcherla,Saurashtra Enviro Projects Pvt. Ltd.,Legacy/MSW,T0300,AP28TC8081,On-site,30430.00,22-06-2025 19:25:27,11350.00,22-06-2025 19:34:12,19080.00,Legacy/MSW,Bethamcherla_AP28TC8081_20250622_192530_1st_front.jpg,Bethamcherla_AP28TC8081_20250622_192533_1st_back.jpg,Bethamcherla_AP28TC8081_20250622_193415_2nd_front.jpg,Bethamcherla_AP28TC8081_20250622_193418_2nd_back.jpg,Avijit Mondal,admin
22-06-2025,19:35:23,Bethamcherla,Saurashtra Enviro Projects Pvt. Ltd.,Legacy/MSW,T0301,AP21TB4935,On-site,32200.00,22-06-2025 19:27:30,11430.00,22-06-2025 19:35:11,20770.00,Legacy/MSW,Bethamcherla_AP21TB4935_20250622_192733_1st_front.jpg,Bethamcherla_AP21TB4935_20250622_192736_1st_back.jpg,Bethamcherla_AP21TB4935_20250622_193515_2nd_front.jpg,Bethamcherla_AP21TB4935_20250622_193518_2nd_back.jpg,Avijit Mondal,admin
22-06-2025,20:21:54,Bethamcherla,Saurashtra Enviro Projects Pvt. Ltd.,Legacy/MSW,T0302,AP27TW7569,On-site,32850.00,22-06-2025 20:06:16,10630.00,22-06-2025 20:21:42,22220.00,Legacy/MSW,Bethamcherla_AP27TW7569_20250622_200621_1st_front.jpg,Bethamcherla_AP27TW7569_20250622_200625_1st_back.jpg,Bethamcherla_AP27TW7569_20250622_202145_2nd_front.jpg,Bethamcherla_AP27TW7569_20250622_202151_2nd_back.jpg,Avijit Mondal,admin
22-06-2025,20:35:10,Bethamcherla,Saurashtra Enviro Projects Pvt. Ltd.,Legacy/MSW,T0303,AP 26 TA 0434,On-site,30570.00,22-06-2025 20:27:32,10000.00,22-06-2025 20:34:19,20570.00,Legacy/MSW,Bethamcherla_AP_26_TA_0434_20250622_202736_1st_front.jpg,Bethamcherla_AP_26_TA_0434_20250622_202739_1st_back.jpg,Bethamcherla_AP_26_TA_0434_20250622_203503_2nd_front.jpg,Bethamcherla_AP_26_TA_0434_20250622_203506_2nd_back.jpg,Avijit Mondal,admin
23-06-2025,09:56:41,Bethamcherla,Saurashtra Enviro Projects Pvt. Ltd.,Legacy/MSW,T0304,AP 26 TA 0434,On-site,29170.00,23-06-2025 09:49:08,10010.00,23-06-2025 09:56:24,19160.00,Legacy/MSW,Bethamcherla_AP_26_TA_0434_20250623_094913_1st_front.jpg,Bethamcherla_AP_26_TA_0434_20250623_094917_1st_back.jpg,Bethamcherla_AP_26_TA_0434_20250623_095631_2nd_front.jpg,Bethamcherla_AP_26_TA_0434_20250623_095634_2nd_back.jpg,Avijit Mondal,admin
23-06-2025,09:59:54,Bethamcherla,Saurashtra Enviro Projects Pvt. Ltd.,Legacy/MSW,T0305,AP27TW7569,On-site,31130.00,23-06-2025 09:52:24,10630.00,23-06-2025 09:59:15,20500.00,Legacy/MSW,Bethamcherla_AP27TW7569_20250623_095229_1st_front.jpg,Bethamcherla_AP27TW7569_20250623_095239_1st_back.jpg,Bethamcherla_AP27TW7569_20250623_095944_2nd_front.jpg,Bethamcherla_AP27TW7569_20250623_095948_2nd_back.jpg,Avijit Mondal,admin
23-06-2025,10:07:45,Bethamcherla,Saurashtra Enviro Projects Pvt. Ltd.,Legacy/MSW,T0306,AP28TC8081,On-site,30010.00,23-06-2025 10:01:41,11320.00,23-06-2025 10:07:06,18690.00,Legacy/MSW,Bethamcherla_AP28TC8081_20250623_100147_1st_front.jpg,Bethamcherla_AP28TC8081_20250623_100153_1st_back.jpg,Bethamcherla_AP28TC8081_20250623_100735_2nd_front.jpg,Bethamcherla_AP28TC8081_20250623_100739_2nd_back.jpg,Avijit Mondal,admin
23-06-2025,10:19:12,Bethamcherla,Saurashtra Enviro Projects Pvt. Ltd.,Legacy/MSW,T0307,AP21TB4935,On-site,32990.00,23-06-2025 10:11:31,11400.00,23-06-2025 10:18:31,21590.00,Legacy/MSW,Bethamcherla_AP21TB4935_20250623_101135_1st_front.jpg,Bethamcherla_AP21TB4935_20250623_101140_1st_back.jpg,Bethamcherla_AP21TB4935_20250623_101901_2nd_front.jpg,Bethamcherla_AP21TB4935_20250623_101906_2nd_back.jpg,Avijit Mondal,admin
23-06-2025,10:22:15,Bethamcherla,Saurashtra Enviro Projects Pvt. Ltd.,Legacy/MSW,T0308,AP27TW7569,On-site,32910.00,23-06-2025 10:14:58,10630.00,23-06-2025 10:21:35,22280.00,Legacy/MSW,Bethamcherla_AP27TW7569_20250623_101503_1st_front.jpg,Bethamcherla_AP27TW7569_20250623_101508_1st_back.jpg,Bethamcherla_AP27TW7569_20250623_102206_2nd_front.jpg,Bethamcherla_AP27TW7569_20250623_102210_2nd_back.jpg,Avijit Mondal,admin
23-06-2025,10:35:03,Bethamcherla,Saurashtra Enviro Projects Pvt. Ltd.,Legacy/MSW,T0309,AP28TC8081,On-site,29970.00,23-06-2025 10:27:40,11330.00,23-06-2025 10:34:28,18640.00,Legacy/MSW,Bethamcherla_AP28TC8081_20250623_102746_1st_front.jpg,Bethamcherla_AP28TC8081_20250623_102752_1st_back.jpg,Bethamcherla_AP28TC8081_20250623_103453_2nd_front.jpg,Bethamcherla_AP28TC8081_20250623_103458_2nd_back.jpg,Avijit Mondal,admin
23-06-2025,11:00:00,Bethamcherla,Saurashtra Enviro Projects Pvt. Ltd.,Legacy/MSW,T0310,AP 26 TA 0434,On-site,30510.00,23-06-2025 10:53:16,9960.00,23-06-2025 10:59:20,20550.00,Legacy/MSW,Bethamcherla_AP_26_TA_0434_20250623_105321_1st_front.jpg,Bethamcherla_AP_26_TA_0434_20250623_105327_1st_back.jpg,Bethamcherla_AP_26_TA_0434_20250623_105950_2nd_front.jpg,Bethamcherla_AP_26_TA_0434_20250623_105954_2nd_back.jpg,Avijit Mondal,admin
23-06-2025,11:02:58,Bethamcherla,Saurashtra Enviro Projects Pvt. Ltd.,Legacy/MSW,T0311,AP21TB4935,On-site,31700.00,23-06-2025 10:55:01,11020.00,23-06-2025 11:02:16,20680.00,Legacy/MSW,Bethamcherla_AP21TB4935_20250623_105508_1st_front.jpg,Bethamcherla_AP21TB4935_20250623_105513_1st_back.jpg,Bethamcherla_AP21TB4935_20250623_110248_2nd_front.jpg,Bethamcherla_AP21TB4935_20250623_110253_2nd_back.jpg,Avijit Mondal,admin
23-06-2025,11:13:53,Bethamcherla,Saurashtra Enviro Projects Pvt. Ltd.,Legacy/MSW,T0312,AP27TW7569,On-site,34360.00,23-06-2025 11:05:50,10620.00,23-06-2025 11:13:11,23740.00,Legacy/MSW,Bethamcherla_AP27TW7569_20250623_110555_1st_front.jpg,Bethamcherla_AP27TW7569_20250623_110559_1st_back.jpg,Bethamcherla_AP27TW7569_20250623_111340_2nd_front.jpg,Bethamcherla_AP27TW7569_20250623_111348_2nd_back.jpg,Avijit Mondal,admin
23-06-2025,11:17:01,Bethamcherla,Saurashtra Enviro Projects Pvt. Ltd.,Legacy/MSW,T0313,AP28TC8081,On-site,29500.00,23-06-2025 11:11:49,11310.00,23-06-2025 11:16:18,18190.00,Legacy/MSW,Bethamcherla_AP28TC8081_20250623_111154_1st_front.jpg,Bethamcherla_AP28TC8081_20250623_111158_1st_back.jpg,Bethamcherla_AP28TC8081_20250623_111649_2nd_front.jpg,Bethamcherla_AP28TC8081_20250623_111654_2nd_back.jpg,Avijit Mondal,admin
23-06-2025,11:23:45,Bethamcherla,Saurashtra Enviro Projects Pvt. Ltd.,Legacy/MSW,T0314,AP 26 TA 0434,On-site,27590.00,23-06-2025 11:18:03,9970.00,23-06-2025 11:22:58,17620.00,Legacy/MSW,Bethamcherla_AP_26_TA_0434_20250623_111808_1st_front.jpg,Bethamcherla_AP_26_TA_0434_20250623_111812_1st_back.jpg,Bethamcherla_AP_26_TA_0434_20250623_112334_2nd_front.jpg,Bethamcherla_AP_26_TA_0434_20250623_112339_2nd_back.jpg,Avijit Mondal,admin
23-06-2025,11:39:20,Bethamcherla,Saurashtra Enviro Projects Pvt. Ltd.,Legacy/MSW,T0315,AP21TB4935,On-site,32090.00,23-06-2025 11:32:34,11150.00,23-06-2025 11:38:27,20940.00,Legacy/MSW,Bethamcherla_AP21TB4935_20250623_113240_1st_front.jpg,Bethamcherla_AP21TB4935_20250623_113245_1st_back.jpg,Bethamcherla_AP21TB4935_20250623_113910_2nd_front.jpg,Bethamcherla_AP21TB4935_20250623_113914_2nd_back.jpg,Avijit Mondal,admin
23-06-2025,11:56:01,Bethamcherla,Saurashtra Enviro Projects Pvt. Ltd.,Legacy/MSW,T0316,AP27TW7569,On-site,32730.00,23-06-2025 11:48:51,10630.00,23-06-2025 11:55:05,22100.00,Legacy/MSW,Bethamcherla_AP27TW7569_20250623_114855_1st_front.jpg,Bethamcherla_AP27TW7569_20250623_114859_1st_back.jpg,Bethamcherla_AP27TW7569_20250623_115551_2nd_front.jpg,Bethamcherla_AP27TW7569_20250623_115555_2nd_back.jpg,Avijit Mondal,admin
23-06-2025,11:59:17,Bethamcherla,Saurashtra Enviro Projects Pvt. Ltd.,Legacy/MSW,T0317,AP28TC8081,On-site,31300.00,23-06-2025 11:50:29,11320.00,23-06-2025 11:58:32,19980.00,Legacy/MSW,Bethamcherla_AP28TC8081_20250623_115035_1st_front.jpg,Bethamcherla_AP28TC8081_20250623_115039_1st_back.jpg,Bethamcherla_AP28TC8081_20250623_115907_2nd_front.jpg,Bethamcherla_AP28TC8081_20250623_115912_2nd_back.jpg,Avijit Mondal,admin
23-06-2025,12:01:49,Bethamcherla,Saurashtra Enviro Projects Pvt. Ltd.,Legacy/MSW,T0318,AP 26 TA 0434,On-site,31620.00,23-06-2025 11:56:55,9980.00,23-06-2025 12:01:11,21640.00,Legacy/MSW,Bethamcherla_AP_26_TA_0434_20250623_115702_1st_front.jpg,Bethamcherla_AP_26_TA_0434_20250623_115707_1st_back.jpg,Bethamcherla_AP_26_TA_0434_20250623_120140_2nd_front.jpg,Bethamcherla_AP_26_TA_0434_20250623_120144_2nd_back.jpg,Avijit Mondal,admin
23-06-2025,12:22:12,Bethamcherla,Saurashtra Enviro Projects Pvt. Ltd.,Legacy/MSW,T0319,AP21TB4935,On-site,33440.00,23-06-2025 12:14:30,11290.00,23-06-2025 12:21:23,22150.00,Legacy/MSW,Bethamcherla_AP21TB4935_20250623_121435_1st_front.jpg,Bethamcherla_AP21TB4935_20250623_121439_1st_back.jpg,Bethamcherla_AP21TB4935_20250623_122203_2nd_front.jpg,Bethamcherla_AP21TB4935_20250623_122207_2nd_back.jpg,Avijit Mondal,admin
23-06-2025,12:26:19,Bethamcherla,Saurashtra Enviro Projects Pvt. Ltd.,Legacy/MSW,T0320,AP27TW7569,On-site,33500.00,23-06-2025 12:18:56,10630.00,23-06-2025 12:25:42,22870.00,Legacy/MSW,Bethamcherla_AP27TW7569_20250623_121901_1st_front.jpg,Bethamcherla_AP27TW7569_20250623_121905_1st_back.jpg,Bethamcherla_AP27TW7569_20250623_122610_2nd_front.jpg,Bethamcherla_AP27TW7569_20250623_122613_2nd_back.jpg,Avijit Mondal,admin
23-06-2025,12:38:04,Bethamcherla,Saurashtra Enviro Projects Pvt. Ltd.,Legacy/MSW,T0321,AP28TC8081,On-site,30700.00,23-06-2025 12:31:42,11340.00,23-06-2025 12:37:30,19360.00,Legacy/MSW,Bethamcherla_AP28TC8081_20250623_123146_1st_front.jpg,Bethamcherla_AP28TC8081_20250623_123149_1st_back.jpg,Bethamcherla_AP28TC8081_20250623_123753_2nd_front.jpg,Bethamcherla_AP28TC8081_20250623_123758_2nd_back.jpg,Avijit Mondal,admin
23-06-2025,12:47:23,Bethamcherla,Saurashtra Enviro Projects Pvt. Ltd.,Legacy/MSW,T0322,AP 26 TA 0434,On-site,30430.00,23-06-2025 12:41:35,10000.00,23-06-2025 12:46:42,20430.00,Legacy/MSW,Bethamcherla_AP_26_TA_0434_20250623_124139_1st_front.jpg,Bethamcherla_AP_26_TA_0434_20250623_124142_1st_back.jpg,Bethamcherla_AP_26_TA_0434_20250623_124713_2nd_front.jpg,Bethamcherla_AP_26_TA_0434_20250623_124717_2nd_back.jpg,Avijit Mondal,admin
23-06-2025,12:57:01,Bethamcherla,Saurashtra Enviro Projects Pvt. Ltd.,Legacy/MSW,T0323,AP21TB4935,On-site,34830.00,23-06-2025 12:50:33,11370.00,23-06-2025 12:56:23,23460.00,Legacy/MSW,Bethamcherla_AP21TB4935_20250623_125038_1st_front.jpg,Bethamcherla_AP21TB4935_20250623_125041_1st_back.jpg,Bethamcherla_AP21TB4935_20250623_125653_2nd_front.jpg,Bethamcherla_AP21TB4935_20250623_125656_2nd_back.jpg,Avijit Mondal,admin
23-06-2025,13:05:34,Bethamcherla,Saurashtra Enviro Projects Pvt. Ltd.,Legacy/MSW,T0324,AP27TW7569,On-site,32200.00,23-06-2025 12:59:29,10710.00,23-06-2025 13:05:21,21490.00,Legacy/MSW,Bethamcherla_AP27TW7569_20250623_125934_1st_front.jpg,Bethamcherla_AP27TW7569_20250623_125938_1st_back.jpg,Bethamcherla_AP27TW7569_20250623_130525_2nd_front.jpg,Bethamcherla_AP27TW7569_20250623_130529_2nd_back.jpg,Avijit Mondal,admin
23-06-2025,13:16:11,Bethamcherla,Saurashtra Enviro Projects Pvt. Ltd.,Legacy/MSW,T0325,AP28TC8081,On-site,31900.00,23-06-2025 13:11:08,11360.00,23-06-2025 13:15:58,20540.00,Legacy/MSW,Bethamcherla_AP28TC8081_20250623_131112_1st_front.jpg,Bethamcherla_AP28TC8081_20250623_131115_1st_back.jpg,Bethamcherla_AP28TC8081_20250623_131603_2nd_front.jpg,Bethamcherla_AP28TC8081_20250623_131607_2nd_back.jpg,Avijit Mondal,admin
23-06-2025,13:36:33,Bethamcherla,Saurashtra Enviro Projects Pvt. Ltd.,Legacy/MSW,T0326,AP 26 TA 0434,On-site,32410.00,23-06-2025 13:30:47,10020.00,23-06-2025 13:36:22,22390.00,Legacy/MSW,Bethamcherla_AP_26_TA_0434_20250623_133053_1st_front.jpg,Bethamcherla_AP_26_TA_0434_20250623_133056_1st_back.jpg,Bethamcherla_AP_26_TA_0434_20250623_133626_2nd_front.jpg,Bethamcherla_AP_26_TA_0434_20250623_133629_2nd_back.jpg,Avijit Mondal,admin
23-06-2025,14:48:51,Bethamcherla,Saurashtra Enviro Projects Pvt. Ltd.,Legacy/MSW,T0327,AP28TC8081,On-site,31090.00,23-06-2025 14:43:10,11320.00,23-06-2025 14:48:13,19770.00,Legacy/MSW,Bethamcherla_AP28TC8081_20250623_144316_1st_front.jpg,Bethamcherla_AP28TC8081_20250623_144321_1st_back.jpg,Bethamcherla_AP28TC8081_20250623_144842_2nd_front.jpg,Bethamcherla_AP28TC8081_20250623_144846_2nd_back.jpg,Avijit Mondal,admin
23-06-2025,15:02:01,Bethamcherla,Saurashtra Enviro Projects Pvt. Ltd.,Legacy/MSW,T0328,AP27TW7569,On-site,32850.00,23-06-2025 14:55:20,10610.00,23-06-2025 15:01:28,22240.00,Legacy/MSW,Bethamcherla_AP27TW7569_20250623_145524_1st_front.jpg,Bethamcherla_AP27TW7569_20250623_145530_1st_back.jpg,Bethamcherla_AP27TW7569_20250623_150154_2nd_front.jpg,Bethamcherla_AP27TW7569_20250623_150157_2nd_back.jpg,Avijit Mondal,admin
23-06-2025,15:19:03,Bethamcherla,Saurashtra Enviro Projects Pvt. Ltd.,Legacy/MSW,T0329,AP 26 TA 0434,On-site,30480.00,23-06-2025 15:09:15,9960.00,23-06-2025 15:18:30,20520.00,Legacy/MSW,Bethamcherla_AP_26_TA_0434_20250623_150920_1st_front.jpg,Bethamcherla_AP_26_TA_0434_20250623_150924_1st_back.jpg,Bethamcherla_AP_26_TA_0434_20250623_151857_2nd_front.jpg,Bethamcherla_AP_26_TA_0434_20250623_151900_2nd_back.jpg,Avijit Mondal,admin
23-06-2025,15:24:34,Bethamcherla,Saurashtra Enviro Projects Pvt. Ltd.,Legacy/MSW,T0330,AP21TB4935,On-site,32400.00,23-06-2025 15:17:23,11070.00,23-06-2025 15:23:53,21330.00,Legacy/MSW,Bethamcherla_AP21TB4935_20250623_151727_1st_front.jpg,Bethamcherla_AP21TB4935_20250623_151730_1st_back.jpg,Bethamcherla_AP21TB4935_20250623_152426_2nd_front.jpg,Bethamcherla_AP21TB4935_20250623_152431_2nd_back.jpg,Avijit Mondal,admin
23-06-2025,15:32:56,Bethamcherla,Saurashtra Enviro Projects Pvt. Ltd.,Legacy/MSW,T0331,AP28TC8081,On-site,32020.00,23-06-2025 15:26:29,11320.00,23-06-2025 15:32:38,20700.00,Legacy/MSW,Bethamcherla_AP28TC8081_20250623_152634_1st_front.jpg,Bethamcherla_AP28TC8081_20250623_152638_1st_back.jpg,Bethamcherla_AP28TC8081_20250623_153248_2nd_front.jpg,Bethamcherla_AP28TC8081_20250623_153252_2nd_back.jpg,Avijit Mondal,admin
23-06-2025,15:41:05,Bethamcherla,Saurashtra Enviro Projects Pvt. Ltd.,Legacy/MSW,T0332,AP27TW7569,On-site,29820.00,23-06-2025 15:34:13,10610.00,23-06-2025 15:40:28,19210.00,Legacy/MSW,Bethamcherla_AP27TW7569_20250623_153417_1st_front.jpg,Bethamcherla_AP27TW7569_20250623_153420_1st_back.jpg,Bethamcherla_AP27TW7569_20250623_154057_2nd_front.jpg,Bethamcherla_AP27TW7569_20250623_154101_2nd_back.jpg,Avijit Mondal,admin
23-06-2025,15:55:22,Bethamcherla,Saurashtra Enviro Projects Pvt. Ltd.,Legacy/MSW,T0333,AP 26 TA 0434,On-site,28570.00,23-06-2025 15:49:29,10020.00,23-06-2025 15:54:40,18550.00,Legacy/MSW,Bethamcherla_AP_26_TA_0434_20250623_154933_1st_front.jpg,Bethamcherla_AP_26_TA_0434_20250623_154941_1st_back.jpg,Bethamcherla_AP_26_TA_0434_20250623_155514_2nd_front.jpg,Bethamcherla_AP_26_TA_0434_20250623_155518_2nd_back.jpg,Avijit Mondal,admin
23-06-2025,16:04:12,Bethamcherla,Saurashtra Enviro Projects Pvt. Ltd.,Legacy/MSW,T0334,AP21TB4935,On-site,30360.00,23-06-2025 15:58:30,11060.00,23-06-2025 16:03:40,19300.00,Legacy/MSW,Bethamcherla_AP21TB4935_20250623_155835_1st_front.jpg,Bethamcherla_AP21TB4935_20250623_155839_1st_back.jpg,Bethamcherla_AP21TB4935_20250623_160405_2nd_front.jpg,Bethamcherla_AP21TB4935_20250623_160408_2nd_back.jpg,Avijit Mondal,admin
23-06-2025,16:15:54,Bethamcherla,Saurashtra Enviro Projects Pvt. Ltd.,Legacy/MSW,T0335,AP28TC8081,On-site,31060.00,23-06-2025 16:09:14,11310.00,23-06-2025 16:15:19,19750.00,Legacy/MSW,Bethamcherla_AP28TC8081_20250623_160919_1st_front.jpg,Bethamcherla_AP28TC8081_20250623_160923_1st_back.jpg,Bethamcherla_AP28TC8081_20250623_161546_2nd_front.jpg,Bethamcherla_AP28TC8081_20250623_161550_2nd_back.jpg,Avijit Mondal,admin
23-06-2025,16:24:11,Bethamcherla,Saurashtra Enviro Projects Pvt. Ltd.,Legacy/MSW,T0336,AP27TW7569,On-site,28730.00,23-06-2025 16:16:57,10610.00,23-06-2025 16:23:34,18120.00,Legacy/MSW,Bethamcherla_AP27TW7569_20250623_161702_1st_front.jpg,Bethamcherla_AP27TW7569_20250623_161706_1st_back.jpg,Bethamcherla_AP27TW7569_20250623_162402_2nd_front.jpg,Bethamcherla_AP27TW7569_20250623_162407_2nd_back.jpg,Avijit Mondal,admin
23-06-2025,16:33:47,Bethamcherla,Saurashtra Enviro Projects Pvt. Ltd.,Legacy/MSW,T0337,AP 26 TA 0434,On-site,29770.00,23-06-2025 16:25:04,10060.00,23-06-2025 16:33:13,19710.00,Legacy/MSW,Bethamcherla_AP_26_TA_0434_20250623_162508_1st_front.jpg,Bethamcherla_AP_26_TA_0434_20250623_162511_1st_back.jpg,Bethamcherla_AP_26_TA_0434_20250623_163338_2nd_front.jpg,Bethamcherla_AP_26_TA_0434_20250623_163341_2nd_back.jpg,Avijit Mondal,admin
23-06-2025,16:42:55,Bethamcherla,Saurashtra Enviro Projects Pvt. Ltd.,Legacy/MSW,T0338,AP21TB4935,On-site,30620.00,23-06-2025 16:36:45,11050.00,23-06-2025 16:42:20,19570.00,Legacy/MSW,Bethamcherla_AP21TB4935_20250623_163657_1st_front.jpg,Bethamcherla_AP21TB4935_20250623_163702_1st_back.jpg,Bethamcherla_AP21TB4935_20250623_164246_2nd_front.jpg,Bethamcherla_AP21TB4935_20250623_164250_2nd_back.jpg,Avijit Mondal,admin
23-06-2025,16:52:25,Bethamcherla,Saurashtra Enviro Projects Pvt. Ltd.,Legacy/MSW,T0339,AP28TC8081,On-site,30400.00,23-06-2025 16:47:06,11310.00,23-06-2025 16:51:52,19090.00,Legacy/MSW,Bethamcherla_AP28TC8081_20250623_164712_1st_front.jpg,Bethamcherla_AP28TC8081_20250623_164715_1st_back.jpg,Bethamcherla_AP28TC8081_20250623_165216_2nd_front.jpg,Bethamcherla_AP28TC8081_20250623_165219_2nd_back.jpg,Avijit Mondal,admin
23-06-2025,17:02:36,Bethamcherla,Saurashtra Enviro Projects Pvt. Ltd.,Legacy/MSW,T0340,AP27TW7569,On-site,24900.00,23-06-2025 16:56:33,10610.00,23-06-2025 17:02:07,14290.00,Legacy/MSW,Bethamcherla_AP27TW7569_20250623_165638_1st_front.jpg,Bethamcherla_AP27TW7569_20250623_165642_1st_back.jpg,Bethamcherla_AP27TW7569_20250623_170229_2nd_front.jpg,Bethamcherla_AP27TW7569_20250623_170232_2nd_back.jpg,Avijit Mondal,admin
23-06-2025,17:14:14,Bethamcherla,Saurashtra Enviro Projects Pvt. Ltd.,Legacy/MSW,T0341,AP 26 TA 0434,On-site,27320.00,23-06-2025 17:09:14,10000.00,23-06-2025 17:13:38,17320.00,Legacy/MSW,Bethamcherla_AP_26_TA_0434_20250623_170919_1st_front.jpg,Bethamcherla_AP_26_TA_0434_20250623_170924_1st_back.jpg,Bethamcherla_AP_26_TA_0434_20250623_171404_2nd_front.jpg,Bethamcherla_AP_26_TA_0434_20250623_171409_2nd_back.jpg,Avijit Mondal,admin
23-06-2025,17:25:23,Bethamcherla,Saurashtra Enviro Projects Pvt. Ltd.,Legacy/MSW,T0342,AP21TB4935,On-site,28150.00,23-06-2025 17:24:53,11010.00,23-06-2025 17:25:12,17140.00,Legacy/MSW,,,Bethamcherla_AP21TB4935_20250623_172515_2nd_front.jpg,Bethamcherla_AP21TB4935_20250623_172518_2nd_back.jpg,Avijit Mondal,admin
23-06-2025,17:38:41,Bethamcherla,Saurashtra Enviro Projects Pvt. Ltd.,Legacy/MSW,T0343,AP28TC8081,On-site,28340.00,23-06-2025 17:33:28,11320.00,23-06-2025 17:38:27,17020.00,Legacy/MSW,Bethamcherla_AP28TC8081_20250623_173332_1st_front.jpg,Bethamcherla_AP28TC8081_20250623_173336_1st_back.jpg,Bethamcherla_AP28TC8081_20250623_173831_2nd_front.jpg,Bethamcherla_AP28TC8081_20250623_173836_2nd_back.jpg,Avijit Mondal,admin
23-06-2025,18:02:20,Bethamcherla,Saurashtra Enviro Projects Pvt. Ltd.,Legacy/MSW,T0344,AP27TW7569,On-site,28070.00,23-06-2025 17:53:52,10630.00,23-06-2025 18:01:58,17440.00,Legacy/MSW,Bethamcherla_AP27TW7569_20250623_175357_1st_front.jpg,Bethamcherla_AP27TW7569_20250623_175400_1st_back.jpg,Bethamcherla_AP27TW7569_20250623_180213_2nd_front.jpg,Bethamcherla_AP27TW7569_20250623_180217_2nd_back.jpg,Avijit Mondal,admin
23-06-2025,18:08:51,Bethamcherla,Saurashtra Enviro Projects Pvt. Ltd.,Legacy/MSW,T0345,AP 26 TA 0434,On-site,27150.00,23-06-2025 18:05:21,9990.00,23-06-2025 18:08:40,17160.00,Legacy/MSW,Bethamcherla_AP_26_TA_0434_20250623_180525_1st_front.jpg,Bethamcherla_AP_26_TA_0434_20250623_180528_1st_back.jpg,Bethamcherla_AP_26_TA_0434_20250623_180844_2nd_front.jpg,Bethamcherla_AP_26_TA_0434_20250623_180847_2nd_back.jpg,Avijit Mondal,admin
23-06-2025,18:15:14,Bethamcherla,Saurashtra Enviro Projects Pvt. Ltd.,Legacy/MSW,T0346,AP28TC8081,On-site,28250.00,23-06-2025 18:10:24,11310.00,23-06-2025 18:15:01,16940.00,Legacy/MSW,Bethamcherla_AP28TC8081_20250623_181030_1st_front.jpg,Bethamcherla_AP28TC8081_20250623_181034_1st_back.jpg,Bethamcherla_AP28TC8081_20250623_181505_2nd_front.jpg,Bethamcherla_AP28TC8081_20250623_181509_2nd_back.jpg,Avijit Mondal,admin
23-06-2025,18:32:27,Bethamcherla,Saurashtra Enviro Projects Pvt. Ltd.,Legacy/MSW,T0347,AP21TB4935,On-site,28050.00,23-06-2025 18:25:07,11050.00,23-06-2025 18:32:13,17000.00,Legacy/MSW,Bethamcherla_AP21TB4935_20250623_182512_1st_front.jpg,Bethamcherla_AP21TB4935_20250623_182515_1st_back.jpg,Bethamcherla_AP21TB4935_20250623_183217_2nd_front.jpg,Bethamcherla_AP21TB4935_20250623_183221_2nd_back.jpg,Avijit Mondal,admin
23-06-2025,18:37:05,Bethamcherla,Saurashtra Enviro Projects Pvt. Ltd.,Legacy/MSW,T0348,AP27TW7569,On-site,28300.00,23-06-2025 18:31:05,10610.00,23-06-2025 18:36:21,17690.00,Legacy/MSW,Bethamcherla_AP27TW7569_20250623_183109_1st_front.jpg,Bethamcherla_AP27TW7569_20250623_183113_1st_back.jpg,Bethamcherla_AP27TW7569_20250623_183653_2nd_front.jpg,Bethamcherla_AP27TW7569_20250623_183656_2nd_back.jpg,Avijit Mondal,admin
23-06-2025,18:47:35,Bethamcherla,Saurashtra Enviro Projects Pvt. Ltd.,Legacy/MSW,T0349,AP 26 TA 0434,On-site,28800.00,23-06-2025 18:42:31,9940.00,23-06-2025 18:46:57,18860.00,Legacy/MSW,Bethamcherla_AP_26_TA_0434_20250623_184236_1st_front.jpg,Bethamcherla_AP_26_TA_0434_20250623_184240_1st_back.jpg,Bethamcherla_AP_26_TA_0434_20250623_184723_2nd_front.jpg,Bethamcherla_AP_26_TA_0434_20250623_184729_2nd_back.jpg,Avijit Mondal,admin
23-06-2025,19:00:51,Bethamcherla,Saurashtra Enviro Projects Pvt. Ltd.,Legacy/MSW,T0350,AP28TC8081,On-site,30310.00,23-06-2025 18:55:28,11310.00,23-06-2025 19:00:07,19000.00,Legacy/MSW,Bethamcherla_AP28TC8081_20250623_185532_1st_front.jpg,Bethamcherla_AP28TC8081_20250623_185536_1st_back.jpg,Bethamcherla_AP28TC8081_20250623_190036_2nd_front.jpg,Bethamcherla_AP28TC8081_20250623_190040_2nd_back.jpg,Avijit Mondal,admin
23-06-2025,19:06:41,Bethamcherla,Saurashtra Enviro Projects Pvt. Ltd.,Legacy/MSW,T0351,AP21TB4935,On-site,30490.00,23-06-2025 19:02:27,11030.00,23-06-2025 19:05:59,19460.00,Legacy/MSW,Bethamcherla_AP21TB4935_20250623_190235_1st_front.jpg,Bethamcherla_AP21TB4935_20250623_190239_1st_back.jpg,Bethamcherla_AP21TB4935_20250623_190632_2nd_front.jpg,Bethamcherla_AP21TB4935_20250623_190636_2nd_back.jpg,Avijit Mondal,admin
24-06-2025,09:06:35,Bethamcherla,Saurashtra Enviro Projects Pvt. Ltd.,Legacy/MSW,T0352,AP28TC8081,On-site,29720.00,24-06-2025 09:00:47,11300.00,24-06-2025 09:06:00,18420.00,Legacy/MSW,Bethamcherla_AP28TC8081_20250624_090051_1st_front.jpg,Bethamcherla_AP28TC8081_20250624_090057_1st_back.jpg,Bethamcherla_AP28TC8081_20250624_090626_2nd_front.jpg,Bethamcherla_AP28TC8081_20250624_090631_2nd_back.jpg,Avijit Mondal,admin
24-06-2025,09:15:30,Bethamcherla,Saurashtra Enviro Projects Pvt. Ltd.,Legacy/MSW,T0353,AP 26 TA 0434,On-site,28740.00,24-06-2025 09:07:42,9990.00,24-06-2025 09:15:16,18740.00,Legacy/MSW,Bethamcherla_AP_26_TA_0434_20250624_090746_1st_front.jpg,Bethamcherla_AP_26_TA_0434_20250624_090753_1st_back.jpg,Bethamcherla_AP_26_TA_0434_20250624_091521_2nd_front.jpg,Bethamcherla_AP_26_TA_0434_20250624_091525_2nd_back.jpg,Avijit Mondal,admin
24-06-2025,09:27:32,Bethamcherla,Saurashtra Enviro Projects Pvt. Ltd.,Legacy/MSW,T0354,AP21TB4935,On-site,30450.00,24-06-2025 09:20:29,11000.00,24-06-2025 09:26:53,19450.00,Legacy/MSW,Bethamcherla_AP21TB4935_20250624_092038_1st_front.jpg,Bethamcherla_AP21TB4935_20250624_092042_1st_back.jpg,Bethamcherla_AP21TB4935_20250624_092722_2nd_front.jpg,Bethamcherla_AP21TB4935_20250624_092726_2nd_back.jpg,Avijit Mondal,admin
24-06-2025,09:36:48,Bethamcherla,Saurashtra Enviro Projects Pvt. Ltd.,Legacy/MSW,T0355,AP27TW7569,On-site,32200.00,24-06-2025 09:30:06,10620.00,24-06-2025 09:36:11,21580.00,Legacy/MSW,Bethamcherla_AP27TW7569_20250624_093011_1st_front.jpg,Bethamcherla_AP27TW7569_20250624_093017_1st_back.jpg,Bethamcherla_AP27TW7569_20250624_093638_2nd_front.jpg,Bethamcherla_AP27TW7569_20250624_093641_2nd_back.jpg,Avijit Mondal,admin
24-06-2025,10:11:58,Bethamcherla,Saurashtra Enviro Projects Pvt. Ltd.,Legacy/MSW,T0356,AP28TC8081,On-site,29940.00,24-06-2025 10:04:29,11300.00,24-06-2025 10:11:27,18640.00,Legacy/MSW,Bethamcherla_AP28TC8081_20250624_100442_1st_front.jpg,Bethamcherla_AP28TC8081_20250624_100450_1st_back.jpg,Bethamcherla_AP28TC8081_20250624_101150_2nd_front.jpg,Bethamcherla_AP28TC8081_20250624_101153_2nd_back.jpg,Avijit Mondal,admin
24-06-2025,10:16:27,Bethamcherla,Saurashtra Enviro Projects Pvt. Ltd.,Legacy/MSW,T0357,AP 26 TA 0434,On-site,31360.00,24-06-2025 10:10:09,9940.00,24-06-2025 10:15:54,21420.00,Legacy/MSW,Bethamcherla_AP_26_TA_0434_20250624_101014_1st_front.jpg,Bethamcherla_AP_26_TA_0434_20250624_101019_1st_back.jpg,Bethamcherla_AP_26_TA_0434_20250624_101617_2nd_front.jpg,Bethamcherla_AP_26_TA_0434_20250624_101622_2nd_back.jpg,Avijit Mondal,admin
24-06-2025,10:32:02,Bethamcherla,Saurashtra Enviro Projects Pvt. Ltd.,Legacy/MSW,T0358,AP21TB4935,On-site,33220.00,24-06-2025 10:26:25,11010.00,24-06-2025 10:31:35,22210.00,Legacy/MSW,Bethamcherla_AP21TB4935_20250624_102628_1st_front.jpg,Bethamcherla_AP21TB4935_20250624_102632_1st_back.jpg,Bethamcherla_AP21TB4935_20250624_103154_2nd_front.jpg,Bethamcherla_AP21TB4935_20250624_103158_2nd_back.jpg,Avijit Mondal,admin
24-06-2025,10:54:31,Bethamcherla,Saurashtra Enviro Projects Pvt. Ltd.,Legacy/MSW,T0359,AP27TW7569,On-site,33920.00,24-06-2025 10:47:22,10640.00,24-06-2025 10:53:52,23280.00,Legacy/MSW,Bethamcherla_AP27TW7569_20250624_104726_1st_front.jpg,Bethamcherla_AP27TW7569_20250624_104730_1st_back.jpg,Bethamcherla_AP27TW7569_20250624_105418_2nd_front.jpg,Bethamcherla_AP27TW7569_20250624_105425_2nd_back.jpg,Avijit Mondal,admin
24-06-2025,11:03:10,Bethamcherla,Saurashtra Enviro Projects Pvt. Ltd.,Legacy/MSW,T0360,AP28TC8081,On-site,31630.00,24-06-2025 10:56:01,11360.00,24-06-2025 11:02:06,20270.00,Legacy/MSW,Bethamcherla_AP28TC8081_20250624_105606_1st_front.jpg,Bethamcherla_AP28TC8081_20250624_105610_1st_back.jpg,Bethamcherla_AP28TC8081_20250624_110259_2nd_front.jpg,Bethamcherla_AP28TC8081_20250624_110303_2nd_back.jpg,Avijit Mondal,admin
24-06-2025,11:17:26,Bethamcherla,Saurashtra Enviro Projects Pvt. Ltd.,Legacy/MSW,T0361,AP21TB4935,On-site,31290.00,24-06-2025 11:11:20,11010.00,24-06-2025 11:16:22,20280.00,Legacy/MSW,Bethamcherla_AP21TB4935_20250624_111128_1st_front.jpg,Bethamcherla_AP21TB4935_20250624_111131_1st_back.jpg,Bethamcherla_AP21TB4935_20250624_111719_2nd_front.jpg,Bethamcherla_AP21TB4935_20250624_111722_2nd_back.jpg,Avijit Mondal,admin
24-06-2025,11:28:24,Bethamcherla,Saurashtra Enviro Projects Pvt. Ltd.,Legacy/MSW,T0362,AP27TW7569,On-site,32030.00,24-06-2025 11:19:39,10640.00,24-06-2025 11:27:20,21390.00,Legacy/MSW,Bethamcherla_AP27TW7569_20250624_111944_1st_front.jpg,Bethamcherla_AP27TW7569_20250624_111948_1st_back.jpg,Bethamcherla_AP27TW7569_20250624_112815_2nd_front.jpg,Bethamcherla_AP27TW7569_20250624_112819_2nd_back.jpg,Avijit Mondal,admin
24-06-2025,11:37:14,Bethamcherla,Saurashtra Enviro Projects Pvt. Ltd.,Legacy/MSW,T0363,AP28TC8081,On-site,30920.00,24-06-2025 11:29:43,11310.00,24-06-2025 11:36:23,19610.00,Legacy/MSW,Bethamcherla_AP28TC8081_20250624_112948_1st_front.jpg,Bethamcherla_AP28TC8081_20250624_112952_1st_back.jpg,Bethamcherla_AP28TC8081_20250624_113707_2nd_front.jpg,Bethamcherla_AP28TC8081_20250624_113710_2nd_back.jpg,Avijit Mondal,admin
24-06-2025,11:39:54,Bethamcherla,Saurashtra Enviro Projects Pvt. Ltd.,Legacy/MSW,T0364,AP 26 TA 0434,On-site,30440.00,24-06-2025 11:35:02,9860.00,24-06-2025 11:39:22,20580.00,Legacy/MSW,Bethamcherla_AP_26_TA_0434_20250624_113507_1st_front.jpg,Bethamcherla_AP_26_TA_0434_20250624_113511_1st_back.jpg,Bethamcherla_AP_26_TA_0434_20250624_113946_2nd_front.jpg,Bethamcherla_AP_26_TA_0434_20250624_113951_2nd_back.jpg,Avijit Mondal,admin
24-06-2025,11:52:32,Bethamcherla,Saurashtra Enviro Projects Pvt. Ltd.,Legacy/MSW,T0365,AP21TB4935,On-site,30380.00,24-06-2025 11:45:56,11000.00,24-06-2025 11:51:17,19380.00,Legacy/MSW,Bethamcherla_AP21TB4935_20250624_114601_1st_front.jpg,Bethamcherla_AP21TB4935_20250624_114606_1st_back.jpg,Bethamcherla_AP21TB4935_20250624_115222_2nd_front.jpg,Bethamcherla_AP21TB4935_20250624_115225_2nd_back.jpg,Avijit Mondal,admin
24-06-2025,12:03:53,Bethamcherla,Saurashtra Enviro Projects Pvt. Ltd.,Legacy/MSW,T0366,AP27TW7569,On-site,32790.00,24-06-2025 11:57:07,10650.00,24-06-2025 12:02:50,22140.00,Legacy/MSW,Bethamcherla_AP27TW7569_20250624_115711_1st_front.jpg,Bethamcherla_AP27TW7569_20250624_115715_1st_back.jpg,Bethamcherla_AP27TW7569_20250624_120347_2nd_front.jpg,Bethamcherla_AP27TW7569_20250624_120349_2nd_back.jpg,Avijit Mondal,admin
24-06-2025,12:10:59,Bethamcherla,Saurashtra Enviro Projects Pvt. Ltd.,Legacy/MSW,T0367,AP28TC8081,On-site,30650.00,24-06-2025 12:05:11,11300.00,24-06-2025 12:10:31,19350.00,Legacy/MSW,Bethamcherla_AP28TC8081_20250624_120516_1st_front.jpg,Bethamcherla_AP28TC8081_20250624_120519_1st_back.jpg,Bethamcherla_AP28TC8081_20250624_121053_2nd_front.jpg,Bethamcherla_AP28TC8081_20250624_121056_2nd_back.jpg,Avijit Mondal,admin
24-06-2025,12:22:29,Bethamcherla,Saurashtra Enviro Projects Pvt. Ltd.,Legacy/MSW,T0368,AP 26 TA 0434,On-site,30310.00,24-06-2025 12:17:01,9940.00,24-06-2025 12:21:36,20370.00,Legacy/MSW,Bethamcherla_AP_26_TA_0434_20250624_121704_1st_front.jpg,Bethamcherla_AP_26_TA_0434_20250624_121707_1st_back.jpg,Bethamcherla_AP_26_TA_0434_20250624_122220_2nd_front.jpg,Bethamcherla_AP_26_TA_0434_20250624_122223_2nd_back.jpg,Avijit Mondal,admin
24-06-2025,12:42:37,Bethamcherla,Saurashtra Enviro Projects Pvt. Ltd.,Legacy/MSW,T0369,AP21TB4935,On-site,30500.00,24-06-2025 12:34:15,11010.00,24-06-2025 12:41:55,19490.00,Legacy/MSW,Bethamcherla_AP21TB4935_20250624_123418_1st_front.jpg,Bethamcherla_AP21TB4935_20250624_123421_1st_back.jpg,Bethamcherla_AP21TB4935_20250624_124223_2nd_front.jpg,Bethamcherla_AP21TB4935_20250624_124226_2nd_back.jpg,Avijit Mondal,admin
24-06-2025,12:47:45,Bethamcherla,Saurashtra Enviro Projects Pvt. Ltd.,Legacy/MSW,T0370,AP27TW7569,On-site,29030.00,24-06-2025 12:40:42,10650.00,24-06-2025 12:46:06,18380.00,Legacy/MSW,Bethamcherla_AP27TW7569_20250624_124046_1st_front.jpg,Bethamcherla_AP27TW7569_20250624_124049_1st_back.jpg,Bethamcherla_AP27TW7569_20250624_124736_2nd_front.jpg,Bethamcherla_AP27TW7569_20250624_124740_2nd_back.jpg,Avijit Mondal,admin
24-06-2025,12:57:20,Bethamcherla,Saurashtra Enviro Projects Pvt. Ltd.,Legacy/MSW,T0371,AP28TC8081,On-site,31050.00,24-06-2025 12:50:06,11310.00,24-06-2025 12:56:09,19740.00,Legacy/MSW,Bethamcherla_AP28TC8081_20250624_125011_1st_front.jpg,Bethamcherla_AP28TC8081_20250624_125014_1st_back.jpg,Bethamcherla_AP28TC8081_20250624_125710_2nd_front.jpg,Bethamcherla_AP28TC8081_20250624_125713_2nd_back.jpg,Avijit Mondal,admin
24-06-2025,13:10:09,Bethamcherla,Saurashtra Enviro Projects Pvt. Ltd.,Legacy/MSW,T0372,AP 26 TA 0434,On-site,30490.00,24-06-2025 13:05:49,9940.00,24-06-2025 13:09:57,20550.00,Legacy/MSW,Bethamcherla_AP_26_TA_0434_20250624_130553_1st_front.jpg,Bethamcherla_AP_26_TA_0434_20250624_130556_1st_back.jpg,Bethamcherla_AP_26_TA_0434_20250624_131000_2nd_front.jpg,Bethamcherla_AP_26_TA_0434_20250624_131004_2nd_back.jpg,Avijit Mondal,admin
24-06-2025,14:38:45,Bethamcherla,Saurashtra Enviro Projects Pvt. Ltd.,Legacy/MSW,T0373,AP27TW7569,On-site,31910.00,24-06-2025 14:30:35,10640.00,24-06-2025 14:37:45,21270.00,Legacy/MSW,Bethamcherla_AP27TW7569_20250624_143041_1st_front.jpg,Bethamcherla_AP27TW7569_20250624_143044_1st_back.jpg,Bethamcherla_AP27TW7569_20250624_143838_2nd_front.jpg,Bethamcherla_AP27TW7569_20250624_143841_2nd_back.jpg,Avijit Mondal,admin
24-06-2025,15:01:04,Bethamcherla,Saurashtra Enviro Projects Pvt. Ltd.,Legacy/MSW,T0374,AP21TB4935,On-site,30440.00,24-06-2025 14:53:14,11030.00,24-06-2025 15:00:07,19410.00,Legacy/MSW,Bethamcherla_AP21TB4935_20250624_145321_1st_front.jpg,Bethamcherla_AP21TB4935_20250624_145325_1st_back.jpg,Bethamcherla_AP21TB4935_20250624_150055_2nd_front.jpg,Bethamcherla_AP21TB4935_20250624_150059_2nd_back.jpg,Avijit Mondal,admin
24-06-2025,15:02:21,Bethamcherla,Saurashtra Enviro Projects Pvt. Ltd.,Legacy/MSW,T0375,AP 26 TA 0434,On-site,29630.00,24-06-2025 14:57:12,9970.00,24-06-2025 15:01:40,19660.00,Legacy/MSW,Bethamcherla_AP_26_TA_0434_20250624_145716_1st_front.jpg,Bethamcherla_AP_26_TA_0434_20250624_145720_1st_back.jpg,Bethamcherla_AP_26_TA_0434_20250624_150213_2nd_front.jpg,Bethamcherla_AP_26_TA_0434_20250624_150217_2nd_back.jpg,Avijit Mondal,admin
24-06-2025,15:11:00,Bethamcherla,Saurashtra Enviro Projects Pvt. Ltd.,Legacy/MSW,T0376,AP28TC8081,On-site,29720.00,24-06-2025 15:05:52,11340.00,24-06-2025 15:10:41,18380.00,Legacy/MSW,Bethamcherla_AP28TC8081_20250624_150600_1st_front.jpg,Bethamcherla_AP28TC8081_20250624_150604_1st_back.jpg,Bethamcherla_AP28TC8081_20250624_151052_2nd_front.jpg,Bethamcherla_AP28TC8081_20250624_151055_2nd_back.jpg,Avijit Mondal,admin
24-06-2025,15:20:26,Bethamcherla,Saurashtra Enviro Projects Pvt. Ltd.,Legacy/MSW,T0377,AP27TW7569,On-site,31500.00,24-06-2025 15:14:08,10640.00,24-06-2025 15:20:10,20860.00,Legacy/MSW,Bethamcherla_AP27TW7569_20250624_151412_1st_front.jpg,Bethamcherla_AP27TW7569_20250624_151416_1st_back.jpg,Bethamcherla_AP27TW7569_20250624_152019_2nd_front.jpg,Bethamcherla_AP27TW7569_20250624_152022_2nd_back.jpg,Avijit Mondal,admin
24-06-2025,15:31:15,Bethamcherla,Saurashtra Enviro Projects Pvt. Ltd.,Legacy/MSW,T0378,AP21TB4935,On-site,30690.00,24-06-2025 15:25:33,11010.00,24-06-2025 15:31:03,19680.00,Legacy/MSW,Bethamcherla_AP21TB4935_20250624_152538_1st_front.jpg,Bethamcherla_AP21TB4935_20250624_152542_1st_back.jpg,Bethamcherla_AP21TB4935_20250624_153109_2nd_front.jpg,Bethamcherla_AP21TB4935_20250624_153112_2nd_back.jpg,Avijit Mondal,admin
24-06-2025,15:39:28,Bethamcherla,Saurashtra Enviro Projects Pvt. Ltd.,Legacy/MSW,T0379,AP 26 TA 0434,On-site,30600.00,24-06-2025 15:35:22,9970.00,24-06-2025 15:39:16,20630.00,Legacy/MSW,Bethamcherla_AP_26_TA_0434_20250624_153527_1st_front.jpg,Bethamcherla_AP_26_TA_0434_20250624_153531_1st_back.jpg,Bethamcherla_AP_26_TA_0434_20250624_153920_2nd_front.jpg,Bethamcherla_AP_26_TA_0434_20250624_153923_2nd_back.jpg,Avijit Mondal,admin
24-06-2025,15:50:57,Bethamcherla,Saurashtra Enviro Projects Pvt. Ltd.,Legacy/MSW,T0380,AP28TC8081,On-site,29900.00,24-06-2025 15:44:34,11310.00,24-06-2025 15:50:45,18590.00,Legacy/MSW,Bethamcherla_AP28TC8081_20250624_154439_1st_front.jpg,Bethamcherla_AP28TC8081_20250624_154443_1st_back.jpg,Bethamcherla_AP28TC8081_20250624_155050_2nd_front.jpg,Bethamcherla_AP28TC8081_20250624_155054_2nd_back.jpg,Avijit Mondal,admin
24-06-2025,16:02:06,Bethamcherla,Saurashtra Enviro Projects Pvt. Ltd.,Legacy/MSW,T0381,AP27TW7569,On-site,32760.00,24-06-2025 15:54:16,10640.00,24-06-2025 16:01:02,22120.00,Legacy/MSW,Bethamcherla_AP27TW7569_20250624_155419_1st_front.jpg,Bethamcherla_AP27TW7569_20250624_155423_1st_back.jpg,Bethamcherla_AP27TW7569_20250624_160157_2nd_front.jpg,Bethamcherla_AP27TW7569_20250624_160201_2nd_back.jpg,Avijit Mondal,admin
24-06-2025,16:10:44,Bethamcherla,Saurashtra Enviro Projects Pvt. Ltd.,Legacy/MSW,T0382,AP 26 TA 0434,On-site,28070.00,24-06-2025 16:05:44,9970.00,24-06-2025 16:10:14,18100.00,Legacy/MSW,Bethamcherla_AP_26_TA_0434_20250624_160548_1st_front.jpg,Bethamcherla_AP_26_TA_0434_20250624_160551_1st_back.jpg,Bethamcherla_AP_26_TA_0434_20250624_161037_2nd_front.jpg,Bethamcherla_AP_26_TA_0434_20250624_161041_2nd_back.jpg,Avijit Mondal,admin
24-06-2025,16:23:43,Bethamcherla,Saurashtra Enviro Projects Pvt. Ltd.,Legacy/MSW,T0383,AP28TC8081,On-site,30560.00,24-06-2025 16:18:16,11320.00,24-06-2025 16:23:13,19240.00,Legacy/MSW,Bethamcherla_AP28TC8081_20250624_161821_1st_front.jpg,Bethamcherla_AP28TC8081_20250624_161825_1st_back.jpg,Bethamcherla_AP28TC8081_20250624_162338_2nd_front.jpg,Bethamcherla_AP28TC8081_20250624_162341_2nd_back.jpg,Avijit Mondal,admin
24-06-2025,16:32:55,Bethamcherla,Saurashtra Enviro Projects Pvt. Ltd.,Legacy/MSW,T0384,AP21TB4935,On-site,30740.00,24-06-2025 16:27:00,11010.00,24-06-2025 16:32:29,19730.00,Legacy/MSW,Bethamcherla_AP21TB4935_20250624_162703_1st_front.jpg,Bethamcherla_AP21TB4935_20250624_162707_1st_back.jpg,Bethamcherla_AP21TB4935_20250624_163247_2nd_front.jpg,Bethamcherla_AP21TB4935_20250624_163251_2nd_back.jpg,Avijit Mondal,admin
24-06-2025,16:42:26,Bethamcherla,Saurashtra Enviro Projects Pvt. Ltd.,Legacy/MSW,T0385,AP27TW7569,On-site,27120.00,24-06-2025 16:34:27,10650.00,24-06-2025 16:41:55,16470.00,Legacy/MSW,Bethamcherla_AP27TW7569_20250624_163430_1st_front.jpg,Bethamcherla_AP27TW7569_20250624_163434_1st_back.jpg,Bethamcherla_AP27TW7569_20250624_164219_2nd_front.jpg,Bethamcherla_AP27TW7569_20250624_164222_2nd_back.jpg,Avijit Mondal,admin
24-06-2025,16:52:18,Bethamcherla,Saurashtra Enviro Projects Pvt. Ltd.,Legacy/MSW,T0386,AP 26 TA 0434,On-site,30090.00,24-06-2025 16:47:54,9980.00,24-06-2025 16:51:33,20110.00,Legacy/MSW,Bethamcherla_AP_26_TA_0434_20250624_164802_1st_front.jpg,Bethamcherla_AP_26_TA_0434_20250624_164805_1st_back.jpg,Bethamcherla_AP_26_TA_0434_20250624_165156_2nd_front.jpg,Bethamcherla_AP_26_TA_0434_20250624_165200_2nd_back.jpg,Avijit Mondal,admin
24-06-2025,17:00:02,Bethamcherla,Saurashtra Enviro Projects Pvt. Ltd.,Legacy/MSW,T0387,AP28TC8081,On-site,30110.00,24-06-2025 16:54:40,11310.00,24-06-2025 16:59:35,18800.00,Legacy/MSW,Bethamcherla_AP28TC8081_20250624_165448_1st_front.jpg,Bethamcherla_AP28TC8081_20250624_165451_1st_back.jpg,Bethamcherla_AP28TC8081_20250624_165954_2nd_front.jpg,Bethamcherla_AP28TC8081_20250624_165957_2nd_back.jpg,Avijit Mondal,admin
24-06-2025,17:14:35,Bethamcherla,Saurashtra Enviro Projects Pvt. Ltd.,Legacy/MSW,T0388,AP21TB4935,On-site,28920.00,24-06-2025 17:08:42,11000.00,24-06-2025 17:14:05,17920.00,Legacy/MSW,Bethamcherla_AP21TB4935_20250624_170846_1st_front.jpg,Bethamcherla_AP21TB4935_20250624_170849_1st_back.jpg,Bethamcherla_AP21TB4935_20250624_171426_2nd_front.jpg,Bethamcherla_AP21TB4935_20250624_171429_2nd_back.jpg,Avijit Mondal,admin
24-06-2025,17:23:47,Bethamcherla,Saurashtra Enviro Projects Pvt. Ltd.,Legacy/MSW,T0389,AP27TW7569,On-site,27420.00,24-06-2025 17:17:16,10660.00,24-06-2025 17:23:16,16760.00,Legacy/MSW,Bethamcherla_AP27TW7569_20250624_171720_1st_front.jpg,Bethamcherla_AP27TW7569_20250624_171724_1st_back.jpg,Bethamcherla_AP27TW7569_20250624_172337_2nd_front.jpg,Bethamcherla_AP27TW7569_20250624_172342_2nd_back.jpg,Avijit Mondal,admin
24-06-2025,17:30:33,Bethamcherla,Saurashtra Enviro Projects Pvt. Ltd.,Legacy/MSW,T0390,AP 26 TA 0434,On-site,28280.00,24-06-2025 17:26:22,10060.00,24-06-2025 17:30:05,18220.00,Legacy/MSW,Bethamcherla_AP_26_TA_0434_20250624_172627_1st_front.jpg,Bethamcherla_AP_26_TA_0434_20250624_172631_1st_back.jpg,Bethamcherla_AP_26_TA_0434_20250624_173026_2nd_front.jpg,Bethamcherla_AP_26_TA_0434_20250624_173029_2nd_back.jpg,Avijit Mondal,admin
24-06-2025,17:40:42,Bethamcherla,Saurashtra Enviro Projects Pvt. Ltd.,Legacy/MSW,T0391,AP28TC8081,On-site,29700.00,24-06-2025 17:34:05,11390.00,24-06-2025 17:40:11,18310.00,Legacy/MSW,Bethamcherla_AP28TC8081_20250624_173409_1st_front.jpg,Bethamcherla_AP28TC8081_20250624_173412_1st_back.jpg,Bethamcherla_AP28TC8081_20250624_174034_2nd_front.jpg,Bethamcherla_AP28TC8081_20250624_174037_2nd_back.jpg,Avijit Mondal,admin
24-06-2025,21:12:15,Bethamcherla,Saurashtra Enviro Projects Pvt. Ltd.,Legacy/MSW,T0392,AP21TB4935,On-site,32510.00,24-06-2025 17:57:04,10720.00,24-06-2025 21:12:04,21790.00,Legacy/MSW,Bethamcherla_AP21TB4935_20250624_175709_1st_front.jpg,Bethamcherla_AP21TB4935_20250624_175713_1st_back.jpg,Bethamcherla_AP21TB4935_20250624_211208_2nd_front.jpg,Bethamcherla_AP21TB4935_20250624_211212_2nd_back.jpg,Avijit Mondal,admin
24-06-2025,18:10:38,Bethamcherla,Saurashtra Enviro Projects Pvt. Ltd.,Legacy/MSW,T0393,AP27TW7569,On-site,34870.00,24-06-2025 18:03:19,10720.00,24-06-2025 18:10:07,24150.00,Legacy/MSW,Bethamcherla_AP27TW7569_20250624_180331_1st_front.jpg,Bethamcherla_AP27TW7569_20250624_180334_1st_back.jpg,Bethamcherla_AP27TW7569_20250624_181031_2nd_front.jpg,Bethamcherla_AP27TW7569_20250624_181035_2nd_back.jpg,Avijit Mondal,admin
24-06-2025,21:13:00,Bethamcherla,Saurashtra Enviro Projects Pvt. Ltd.,Legacy/MSW,T0394,AP28TC8081,On-site,32020.00,24-06-2025 18:12:37,9990.00,24-06-2025 21:12:46,22030.00,Legacy/MSW,Bethamcherla_AP28TC8081_20250624_181241_1st_front.jpg,Bethamcherla_AP28TC8081_20250624_181244_1st_back.jpg,Bethamcherla_AP28TC8081_20250624_211251_2nd_front.jpg,Bethamcherla_AP28TC8081_20250624_211255_2nd_back.jpg,Avijit Mondal,admin
24-06-2025,21:11:54,Bethamcherla,Saurashtra Enviro Projects Pvt. Ltd.,Legacy/MSW,T0395,AP27TW7569,On-site,31180.00,24-06-2025 21:03:16,10720.00,24-06-2025 21:11:41,20460.00,Legacy/MSW,Bethamcherla_AP27TW7569_20250624_210320_1st_front.jpg,Bethamcherla_AP27TW7569_20250624_210323_1st_back.jpg,Bethamcherla_AP27TW7569_20250624_211147_2nd_front.jpg,Bethamcherla_AP27TW7569_20250624_211150_2nd_back.jpg,Avijit Mondal,admin
24-06-2025,21:13:28,Bethamcherla,Saurashtra Enviro Projects Pvt. Ltd.,Legacy/MSW,T0396,AP 26 TA 0434,On-site,29010.00,24-06-2025 21:06:40,10000.00,24-06-2025 21:13:09,19010.00,Legacy/MSW,Bethamcherla_AP_26_TA_0434_20250624_210644_1st_front.jpg,Bethamcherla_AP_26_TA_0434_20250624_210647_1st_back.jpg,Bethamcherla_AP_26_TA_0434_20250624_211317_2nd_front.jpg,Bethamcherla_AP_26_TA_0434_20250624_211322_2nd_back.jpg,Avijit Mondal,admin
24-06-2025,21:59:35,Bethamcherla,Saurashtra Enviro Projects Pvt. Ltd.,Legacy/MSW,T0397,AP21TB4935,On-site,33880.00,24-06-2025 21:52:18,11050.00,24-06-2025 21:58:33,22830.00,Legacy/MSW,Bethamcherla_AP21TB4935_20250624_215228_1st_front.jpg,Bethamcherla_AP21TB4935_20250624_215235_1st_back.jpg,Bethamcherla_AP21TB4935_20250624_215839_2nd_front.jpg,Bethamcherla_AP21TB4935_20250624_215842_2nd_back.jpg,Avijit Mondal,admin
24-06-2025,22:07:07,Bethamcherla,Saurashtra Enviro Projects Pvt. Ltd.,Legacy/MSW,T0398,AP28TC8081,On-site,33220.00,24-06-2025 22:00:59,11330.00,24-06-2025 22:06:19,21890.00,Legacy/MSW,Bethamcherla_AP28TC8081_20250624_220104_1st_front.jpg,Bethamcherla_AP28TC8081_20250624_220106_1st_back.jpg,Bethamcherla_AP28TC8081_20250624_220658_2nd_front.jpg,Bethamcherla_AP28TC8081_20250624_220701_2nd_back.jpg,Avijit Mondal,admin
24-06-2025,22:20:55,Bethamcherla,Saurashtra Enviro Projects Pvt. Ltd.,Legacy/MSW,T0399,AP27TW7569,On-site,35520.00,24-06-2025 22:11:02,10710.00,24-06-2025 22:20:19,24810.00,Legacy/MSW,Bethamcherla_AP27TW7569_20250624_221107_1st_front.jpg,Bethamcherla_AP27TW7569_20250624_221110_1st_back.jpg,Bethamcherla_AP27TW7569_20250624_222048_2nd_front.jpg,Bethamcherla_AP27TW7569_20250624_222052_2nd_back.jpg,Avijit Mondal,admin
24-06-2025,22:23:35,Bethamcherla,Saurashtra Enviro Projects Pvt. Ltd.,Legacy/MSW,T0400,AP 26 TA 0434,On-site,34290.00,24-06-2025 22:18:43,10020.00,24-06-2025 22:23:24,24270.00,Legacy/MSW,Bethamcherla_AP_26_TA_0434_20250624_221849_1st_front.jpg,Bethamcherla_AP_26_TA_0434_20250624_221852_1st_back.jpg,Bethamcherla_AP_26_TA_0434_20250624_222327_2nd_front.jpg,Bethamcherla_AP_26_TA_0434_20250624_222332_2nd_back.jpg,Avijit Mondal,admin
24-06-2025,22:33:01,Bethamcherla,Saurashtra Enviro Projects Pvt. Ltd.,Legacy/MSW,T0401,AP21TB4935,On-site,35170.00,24-06-2025 22:27:19,11000.00,24-06-2025 22:32:26,24170.00,Legacy/MSW,Bethamcherla_AP21TB4935_20250624_222722_1st_front.jpg,Bethamcherla_AP21TB4935_20250624_222728_1st_back.jpg,Bethamcherla_AP21TB4935_20250624_223256_2nd_front.jpg,Bethamcherla_AP21TB4935_20250624_223259_2nd_back.jpg,Avijit Mondal,admin
24-06-2025,22:42:03,Bethamcherla,Saurashtra Enviro Projects Pvt. Ltd.,Legacy/MSW,T0402,AP28TC8081,On-site,32510.00,24-06-2025 22:36:19,11320.00,24-06-2025 22:41:54,21190.00,Legacy/MSW,Bethamcherla_AP28TC8081_20250624_223622_1st_front.jpg,Bethamcherla_AP28TC8081_20250624_223626_1st_back.jpg,Bethamcherla_AP28TC8081_20250624_224157_2nd_front.jpg,Bethamcherla_AP28TC8081_20250624_224200_2nd_back.jpg,Avijit Mondal,admin
24-06-2025,22:54:06,Bethamcherla,Saurashtra Enviro Projects Pvt. Ltd.,Legacy/MSW,T0403,AP27TW7569,On-site,35530.00,24-06-2025 22:44:16,10690.00,24-06-2025 22:53:51,24840.00,Legacy/MSW,Bethamcherla_AP27TW7569_20250624_224420_1st_front.jpg,Bethamcherla_AP27TW7569_20250624_224423_1st_back.jpg,Bethamcherla_AP27TW7569_20250624_225354_2nd_front.jpg,Bethamcherla_AP27TW7569_20250624_225357_2nd_back.jpg,Avijit Mondal,admin
24-06-2025,22:56:05,Bethamcherla,Saurashtra Enviro Projects Pvt. Ltd.,Legacy/MSW,T0404,AP 26 TA 0434,On-site,31610.00,24-06-2025 22:51:56,10020.00,24-06-2025 22:55:54,21590.00,RDF(REFUSE DERIVED FUEL),Bethamcherla_AP_26_TA_0434_20250624_225206_1st_front.jpg,Bethamcherla_AP_26_TA_0434_20250624_225210_1st_back.jpg,Bethamcherla_AP_26_TA_0434_20250624_225558_2nd_front.jpg,Bethamcherla_AP_26_TA_0434_20250624_225602_2nd_back.jpg,Avijit Mondal,admin
24-06-2025,23:36:54,Bethamcherla,Saurashtra Enviro Projects Pvt. Ltd.,Legacy/MSW,T0405,AP21TB4935,On-site,32830.00,24-06-2025 23:31:14,11140.00,24-06-2025 23:36:11,21690.00,Legacy/MSW,Bethamcherla_AP21TB4935_20250624_233116_1st_front.jpg,Bethamcherla_AP21TB4935_20250624_233119_1st_back.jpg,Bethamcherla_AP21TB4935_20250624_233615_2nd_front.jpg,Bethamcherla_AP21TB4935_20250624_233620_2nd_back.jpg,Avijit Mondal,admin
24-06-2025,23:47:52,Bethamcherla,Saurashtra Enviro Projects Pvt. Ltd.,Legacy/MSW,T0406,AP28TC8081,On-site,32190.00,24-06-2025 23:40:25,11300.00,24-06-2025 23:47:39,20890.00,Legacy/MSW,Bethamcherla_AP28TC8081_20250624_234030_1st_front.jpg,Bethamcherla_AP28TC8081_20250624_234034_1st_back.jpg,Bethamcherla_AP28TC8081_20250624_234745_2nd_front.jpg,Bethamcherla_AP28TC8081_20250624_234749_2nd_back.jpg,Avijit Mondal,admin
24-06-2025,23:56:41,Bethamcherla,Saurashtra Enviro Projects Pvt. Ltd.,Legacy/MSW,T0407,AP27TW7569,On-site,34600.00,24-06-2025 23:45:00,10680.00,24-06-2025 23:56:27,23920.00,Legacy/MSW,Bethamcherla_AP27TW7569_20250624_234508_1st_front.jpg,Bethamcherla_AP27TW7569_20250624_234513_1st_back.jpg,Bethamcherla_AP27TW7569_20250624_235631_2nd_front.jpg,Bethamcherla_AP27TW7569_20250624_235635_2nd_back.jpg,Avijit Mondal,admin
25-06-2025,00:20:12,Bethamcherla,Saurashtra Enviro Projects Pvt. Ltd.,Legacy/MSW,T0408,AP 26 TA 0434,On-site,33580.00,25-06-2025 00:11:58,10150.00,25-06-2025 00:19:58,23430.00,Legacy/MSW,Bethamcherla_AP_26_TA_0434_20250625_001203_1st_front.jpg,Bethamcherla_AP_26_TA_0434_20250625_001206_1st_back.jpg,Bethamcherla_AP_26_TA_0434_20250625_002003_2nd_front.jpg,Bethamcherla_AP_26_TA_0434_20250625_002006_2nd_back.jpg,Avijit Mondal,admin
25-06-2025,00:22:52,Bethamcherla,Saurashtra Enviro Projects Pvt. Ltd.,Legacy/MSW,T0409,AP21TB4935,On-site,32490.00,25-06-2025 00:16:00,10990.00,25-06-2025 00:22:37,21500.00,Legacy/MSW,Bethamcherla_AP21TB4935_20250625_001603_1st_front.jpg,Bethamcherla_AP21TB4935_20250625_001606_1st_back.jpg,Bethamcherla_AP21TB4935_20250625_002244_2nd_front.jpg,Bethamcherla_AP21TB4935_20250625_002249_2nd_back.jpg,Avijit Mondal,admin
25-06-2025,00:30:49,Bethamcherla,Saurashtra Enviro Projects Pvt. Ltd.,Legacy/MSW,T0410,AP28TC8081,On-site,32290.00,25-06-2025 00:24:52,11310.00,25-06-2025 00:30:36,20980.00,Legacy/MSW,Bethamcherla_AP28TC8081_20250625_002458_1st_front.jpg,Bethamcherla_AP28TC8081_20250625_002501_1st_back.jpg,Bethamcherla_AP28TC8081_20250625_003040_2nd_front.jpg,Bethamcherla_AP28TC8081_20250625_003045_2nd_back.jpg,Avijit Mondal,admin
25-06-2025,00:38:32,Bethamcherla,Saurashtra Enviro Projects Pvt. Ltd.,Legacy/MSW,T0411,AP27TW7569,On-site,34870.00,25-06-2025 00:27:22,10690.00,25-06-2025 00:38:22,24180.00,Legacy/MSW,Bethamcherla_AP27TW7569_20250625_002726_1st_front.jpg,Bethamcherla_AP27TW7569_20250625_002729_1st_back.jpg,Bethamcherla_AP27TW7569_20250625_003827_2nd_front.jpg,Bethamcherla_AP27TW7569_20250625_003829_2nd_back.jpg,Avijit Mondal,admin
25-06-2025,00:54:34,Bethamcherla,Saurashtra Enviro Projects Pvt. Ltd.,Legacy/MSW,T0412,AP28TC8081,On-site,32620.00,25-06-2025 00:42:02,11300.00,25-06-2025 00:54:23,21320.00,Legacy/MSW,Bethamcherla_AP_26_TA_0434_20250625_004207_1st_front.jpg,Bethamcherla_AP_26_TA_0434_20250625_004210_1st_back.jpg,Bethamcherla_AP28TC8081_20250625_005427_2nd_front.jpg,Bethamcherla_AP28TC8081_20250625_005430_2nd_back.jpg,Avijit Mondal,admin
25-06-2025,01:04:10,Bethamcherla,Saurashtra Enviro Projects Pvt. Ltd.,Legacy/MSW,T0413,AP28TC8081,On-site,30920.00,25-06-2025 00:55:01,11330.00,25-06-2025 01:04:00,19590.00,Legacy/MSW,Bethamcherla_AP28TC8081_20250625_005505_1st_front.jpg,Bethamcherla_AP28TC8081_20250625_005509_1st_back.jpg,Bethamcherla_AP28TC8081_20250625_010402_2nd_front.jpg,Bethamcherla_AP28TC8081_20250625_010405_2nd_back.jpg,Avijit Mondal,admin
25-06-2025,01:25:02,Bethamcherla,Saurashtra Enviro Projects Pvt. Ltd.,Legacy/MSW,T0414,AP 26 TA 0434,On-site,29610.00,25-06-2025 01:20:18,9980.00,25-06-2025 01:24:50,19630.00,Legacy/MSW,Bethamcherla_AP_26_TA_0434_20250625_012024_1st_front.jpg,Bethamcherla_AP_26_TA_0434_20250625_012027_1st_back.jpg,Bethamcherla_AP_26_TA_0434_20250625_012455_2nd_front.jpg,Bethamcherla_AP_26_TA_0434_20250625_012458_2nd_back.jpg,Avijit Mondal,admin
25-06-2025,01:35:32,Bethamcherla,Saurashtra Enviro Projects Pvt. Ltd.,Legacy/MSW,T0415,AP28TC8081,On-site,32060.00,25-06-2025 01:29:55,11310.00,25-06-2025 01:35:22,20750.00,Legacy/MSW,Bethamcherla_AP28TC8081_20250625_012959_1st_front.jpg,Bethamcherla_AP28TC8081_20250625_013002_1st_back.jpg,Bethamcherla_AP28TC8081_20250625_013525_2nd_front.jpg,Bethamcherla_AP28TC8081_20250625_013528_2nd_back.jpg,Avijit Mondal,admin
25-06-2025,01:44:26,Bethamcherla,Saurashtra Enviro Projects Pvt. Ltd.,Legacy/MSW,T0416,AP21TB4935,On-site,31900.00,25-06-2025 01:38:52,10990.00,25-06-2025 01:44:09,20910.00,Legacy/MSW,Bethamcherla_AP21TB4935_20250625_013855_1st_front.jpg,Bethamcherla_AP21TB4935_20250625_013859_1st_back.jpg,Bethamcherla_AP21TB4935_20250625_014413_2nd_front.jpg,Bethamcherla_AP21TB4935_20250625_014417_2nd_back.jpg,Avijit Mondal,admin
25-06-2025,01:53:25,Bethamcherla,Saurashtra Enviro Projects Pvt. Ltd.,Legacy/MSW,T0417,AP27TW7569,On-site,36010.00,25-06-2025 01:46:47,10690.00,25-06-2025 01:53:16,25320.00,Legacy/MSW,Bethamcherla_AP27TW7569_20250625_014650_1st_front.jpg,Bethamcherla_AP27TW7569_20250625_014654_1st_back.jpg,Bethamcherla_AP27TW7569_20250625_015319_2nd_front.jpg,Bethamcherla_AP27TW7569_20250625_015322_2nd_back.jpg,Avijit Mondal,admin
25-06-2025,01:59:25,Bethamcherla,Saurashtra Enviro Projects Pvt. Ltd.,Legacy/MSW,T0418,AP 26 TA 0434,On-site,31300.00,25-06-2025 01:55:16,9980.00,25-06-2025 01:59:16,21320.00,Legacy/MSW,Bethamcherla_AP_26_TA_0434_20250625_015520_1st_front.jpg,Bethamcherla_AP_26_TA_0434_20250625_015523_1st_back.jpg,Bethamcherla_AP_26_TA_0434_20250625_015920_2nd_front.jpg,Bethamcherla_AP_26_TA_0434_20250625_015923_2nd_back.jpg,Avijit Mondal,admin
25-06-2025,02:08:01,Bethamcherla,Saurashtra Enviro Projects Pvt. Ltd.,Legacy/MSW,T0419,AP28TC8081,On-site,33150.00,25-06-2025 02:02:31,11320.00,25-06-2025 02:07:51,21830.00,Legacy/MSW,Bethamcherla_AP28TC8081_20250625_020235_1st_front.jpg,Bethamcherla_AP28TC8081_20250625_020238_1st_back.jpg,Bethamcherla_AP28TC8081_20250625_020755_2nd_front.jpg,Bethamcherla_AP28TC8081_20250625_020758_2nd_back.jpg,Avijit Mondal,admin
25-06-2025,02:16:17,Bethamcherla,Saurashtra Enviro Projects Pvt. Ltd.,Legacy/MSW,T0420,AP21TB4935,On-site,33110.00,25-06-2025 02:10:45,11000.00,25-06-2025 02:16:06,22110.00,Legacy/MSW,Bethamcherla_AP21TB4935_20250625_021048_1st_front.jpg,Bethamcherla_AP21TB4935_20250625_021051_1st_back.jpg,Bethamcherla_AP21TB4935_20250625_021609_2nd_front.jpg,Bethamcherla_AP21TB4935_20250625_021613_2nd_back.jpg,Avijit Mondal,admin
25-06-2025,02:30:02,Bethamcherla,Saurashtra Enviro Projects Pvt. Ltd.,Legacy/MSW,T0421,AP27TW7569,On-site,34170.00,25-06-2025 02:20:32,10680.00,25-06-2025 02:29:50,23490.00,Legacy/MSW,Bethamcherla_AP27TW7569_20250625_022036_1st_front.jpg,Bethamcherla_AP27TW7569_20250625_022039_1st_back.jpg,Bethamcherla_AP27TW7569_20250625_022953_2nd_front.jpg,Bethamcherla_AP27TW7569_20250625_022957_2nd_back.jpg,Avijit Mondal,admin
25-06-2025,02:32:54,Bethamcherla,Saurashtra Enviro Projects Pvt. Ltd.,Legacy/MSW,T0422,AP 26 TA 0434,On-site,31880.00,25-06-2025 02:28:27,9990.00,25-06-2025 02:32:44,21890.00,Legacy/MSW,Bethamcherla_AP_26_TA_0434_20250625_022836_1st_front.jpg,Bethamcherla_AP_26_TA_0434_20250625_022839_1st_back.jpg,Bethamcherla_AP_26_TA_0434_20250625_023247_2nd_front.jpg,Bethamcherla_AP_26_TA_0434_20250625_023250_2nd_back.jpg,Avijit Mondal,admin
25-06-2025,02:39:53,Bethamcherla,Saurashtra Enviro Projects Pvt. Ltd.,Legacy/MSW,T0423,AP28TC8081,On-site,31920.00,25-06-2025 02:34:25,11320.00,25-06-2025 02:39:45,20600.00,Legacy/MSW,Bethamcherla_AP28TC8081_20250625_023429_1st_front.jpg,Bethamcherla_AP28TC8081_20250625_023433_1st_back.jpg,Bethamcherla_AP28TC8081_20250625_023948_2nd_front.jpg,Bethamcherla_AP28TC8081_20250625_023951_2nd_back.jpg,Avijit Mondal,admin
25-06-2025,02:47:45,Bethamcherla,Saurashtra Enviro Projects Pvt. Ltd.,Legacy/MSW,T0424,AP21TB4935,On-site,31760.00,25-06-2025 02:42:06,11010.00,25-06-2025 02:47:35,20750.00,Legacy/MSW,Bethamcherla_AP21TB4935_20250625_024209_1st_front.jpg,Bethamcherla_AP21TB4935_20250625_024211_1st_back.jpg,Bethamcherla_AP21TB4935_20250625_024739_2nd_front.jpg,Bethamcherla_AP21TB4935_20250625_024742_2nd_back.jpg,Avijit Mondal,admin
25-06-2025,03:00:43,Bethamcherla,Saurashtra Enviro Projects Pvt. Ltd.,Legacy/MSW,T0425,AP27TW7569,On-site,36040.00,25-06-2025 02:52:47,10690.00,25-06-2025 03:00:29,25350.00,Legacy/MSW,Bethamcherla_AP27TW7569_20250625_025250_1st_front.jpg,Bethamcherla_AP27TW7569_20250625_025253_1st_back.jpg,Bethamcherla_AP27TW7569_20250625_030034_2nd_front.jpg,Bethamcherla_AP27TW7569_20250625_030038_2nd_back.jpg,Avijit Mondal,admin
25-06-2025,03:06:11,Bethamcherla,Saurashtra Enviro Projects Pvt. Ltd.,Legacy/MSW,T0426,AP 26 TA 0434,On-site,31860.00,25-06-2025 02:58:43,9990.00,25-06-2025 03:05:58,21870.00,Legacy/MSW,Bethamcherla_AP_26_TA_0434_20250625_025847_1st_front.jpg,Bethamcherla_AP_26_TA_0434_20250625_025850_1st_back.jpg,Bethamcherla_AP_26_TA_0434_20250625_030601_2nd_front.jpg,Bethamcherla_AP_26_TA_0434_20250625_030605_2nd_back.jpg,Avijit Mondal,admin
25-06-2025,03:14:44,Bethamcherla,Saurashtra Enviro Projects Pvt. Ltd.,Legacy/MSW,T0427,AP28TC8081,On-site,33010.00,25-06-2025 03:08:02,11330.00,25-06-2025 03:14:31,21680.00,Legacy/MSW,Bethamcherla_AP28TC8081_20250625_030806_1st_front.jpg,Bethamcherla_AP28TC8081_20250625_030809_1st_back.jpg,Bethamcherla_AP28TC8081_20250625_031434_2nd_front.jpg,Bethamcherla_AP28TC8081_20250625_031438_2nd_back.jpg,Avijit Mondal,admin
25-06-2025,04:54:41,Bethamcherla,Saurashtra Enviro Projects Pvt. Ltd.,Legacy/MSW,T0428,AP27TW7569,On-site,32910.00,25-06-2025 04:45:35,10690.00,25-06-2025 04:54:28,22220.00,Legacy/MSW,Bethamcherla_AP27TW7569_20250625_044542_1st_front.jpg,Bethamcherla_AP27TW7569_20250625_044548_1st_back.jpg,Bethamcherla_AP27TW7569_20250625_045431_2nd_front.jpg,Bethamcherla_AP27TW7569_20250625_045435_2nd_back.jpg,Avijit Mondal,admin
25-06-2025,05:35:35,Bethamcherla,Saurashtra Enviro Projects Pvt. Ltd.,Legacy/MSW,T0429,AP21TB4935,On-site,31900.00,25-06-2025 05:24:54,11010.00,25-06-2025 05:35:27,20890.00,Legacy/MSW,Bethamcherla_AP21TB4935_20250625_052457_1st_front.jpg,Bethamcherla_AP21TB4935_20250625_052500_1st_back.jpg,Bethamcherla_AP21TB4935_20250625_053530_2nd_front.jpg,Bethamcherla_AP21TB4935_20250625_053533_2nd_back.jpg,Avijit Mondal,admin
25-06-2025,05:41:17,Bethamcherla,Saurashtra Enviro Projects Pvt. Ltd.,Legacy/MSW,T0430,AP28TC8081,On-site,29610.00,25-06-2025 05:32:36,11330.00,25-06-2025 05:41:05,18280.00,Legacy/MSW,Bethamcherla_AP28TC8081_20250625_053239_1st_front.jpg,Bethamcherla_AP28TC8081_20250625_053243_1st_back.jpg,Bethamcherla_AP28TC8081_20250625_054110_2nd_front.jpg,Bethamcherla_AP28TC8081_20250625_054113_2nd_back.jpg,Avijit Mondal,admin
25-06-2025,05:45:45,Bethamcherla,Saurashtra Enviro Projects Pvt. Ltd.,Legacy/MSW,T0431,AP 26 TA 0434,On-site,28570.00,25-06-2025 05:39:31,9980.00,25-06-2025 05:45:35,18590.00,Legacy/MSW,Bethamcherla_AP_26_TA_0434_20250625_053936_1st_front.jpg,Bethamcherla_AP_26_TA_0434_20250625_053938_1st_back.jpg,Bethamcherla_AP_26_TA_0434_20250625_054538_2nd_front.jpg,Bethamcherla_AP_26_TA_0434_20250625_054541_2nd_back.jpg,Avijit Mondal,admin
25-06-2025,06:01:30,Bethamcherla,Saurashtra Enviro Projects Pvt. Ltd.,Legacy/MSW,T0432,AP27TW7569,On-site,32830.00,25-06-2025 05:52:06,10690.00,25-06-2025 06:01:16,22140.00,Legacy/MSW,Bethamcherla_AP27TW7569_20250625_055210_1st_front.jpg,Bethamcherla_AP27TW7569_20250625_055214_1st_back.jpg,Bethamcherla_AP27TW7569_20250625_060123_2nd_front.jpg,Bethamcherla_AP27TW7569_20250625_060126_2nd_back.jpg,Avijit Mondal,admin
25-06-2025,06:11:30,Bethamcherla,Saurashtra Enviro Projects Pvt. Ltd.,Legacy/MSW,T0433,AP21TB4935,On-site,30910.00,25-06-2025 05:57:41,11010.00,25-06-2025 06:11:20,19900.00,Legacy/MSW,Bethamcherla_AP21TB4935_20250625_055745_1st_front.jpg,Bethamcherla_AP21TB4935_20250625_055748_1st_back.jpg,Bethamcherla_AP21TB4935_20250625_061123_2nd_front.jpg,Bethamcherla_AP21TB4935_20250625_061126_2nd_back.jpg,Avijit Mondal,admin
25-06-2025,06:17:12,Bethamcherla,Saurashtra Enviro Projects Pvt. Ltd.,Legacy/MSW,T0434,AP28TC8081,On-site,32270.00,25-06-2025 06:09:36,11320.00,25-06-2025 06:17:00,20950.00,Legacy/MSW,Bethamcherla_AP28TC8081_20250625_060940_1st_front.jpg,Bethamcherla_AP28TC8081_20250625_060943_1st_back.jpg,Bethamcherla_AP28TC8081_20250625_061703_2nd_front.jpg,Bethamcherla_AP28TC8081_20250625_061706_2nd_back.jpg,Avijit Mondal,admin
25-06-2025,08:53:11,Bethamcherla,Saurashtra Enviro Projects Pvt. Ltd.,Legacy/MSW,T0435,AP 26 TA 0434,On-site,31150.00,25-06-2025 08:34:48,10050.00,25-06-2025 08:52:43,21100.00,Legacy/MSW,Bethamcherla_AP_26_TA_0434_20250625_083451_1st_front.jpg,Bethamcherla_AP_26_TA_0434_20250625_083454_1st_back.jpg,Bethamcherla_AP_26_TA_0434_20250625_085300_2nd_front.jpg,Bethamcherla_AP_26_TA_0434_20250625_085305_2nd_back.jpg,Avijit Mondal,admin
25-06-2025,09:03:42,Bethamcherla,Saurashtra Enviro Projects Pvt. Ltd.,Legacy/MSW,T0436,AP27TW7569,On-site,34990.00,25-06-2025 08:55:33,10700.00,25-06-2025 09:03:00,24290.00,Legacy/MSW,Bethamcherla_AP27TW7569_20250625_085538_1st_front.jpg,Bethamcherla_AP27TW7569_20250625_085541_1st_back.jpg,Bethamcherla_AP27TW7569_20250625_090332_2nd_front.jpg,Bethamcherla_AP27TW7569_20250625_090337_2nd_back.jpg,Avijit Mondal,admin
25-06-2025,09:21:10,Bethamcherla,Saurashtra Enviro Projects Pvt. Ltd.,Legacy/MSW,T0437,AP21TB4935,On-site,31230.00,25-06-2025 09:05:25,10990.00,25-06-2025 09:20:42,20240.00,Legacy/MSW,Bethamcherla_AP21TB4935_20250625_090529_1st_front.jpg,Bethamcherla_AP21TB4935_20250625_090532_1st_back.jpg,Bethamcherla_AP21TB4935_20250625_092101_2nd_front.jpg,Bethamcherla_AP21TB4935_20250625_092106_2nd_back.jpg,Avijit Mondal,admin
25-06-2025,09:22:49,Bethamcherla,Saurashtra Enviro Projects Pvt. Ltd.,Legacy/MSW,T0438,AP28TC8081,On-site,30850.00,25-06-2025 09:16:43,11320.00,25-06-2025 09:22:26,19530.00,Legacy/MSW,Bethamcherla_AP28TC8081_20250625_091651_1st_front.jpg,Bethamcherla_AP28TC8081_20250625_091654_1st_back.jpg,Bethamcherla_AP28TC8081_20250625_092242_2nd_front.jpg,Bethamcherla_AP28TC8081_20250625_092246_2nd_back.jpg,Avijit Mondal,admin
25-06-2025,09:36:54,Bethamcherla,Saurashtra Enviro Projects Pvt. Ltd.,Legacy/MSW,T0439,AP27TW7569,On-site,35220.00,25-06-2025 09:27:42,10690.00,25-06-2025 09:35:55,24530.00,Legacy/MSW,Bethamcherla_AP27TW7569_20250625_092745_1st_front.jpg,Bethamcherla_AP27TW7569_20250625_092748_1st_back.jpg,Bethamcherla_AP27TW7569_20250625_093646_2nd_front.jpg,Bethamcherla_AP27TW7569_20250625_093649_2nd_back.jpg,Avijit Mondal,admin
25-06-2025,09:44:04,Bethamcherla,Saurashtra Enviro Projects Pvt. Ltd.,Legacy/MSW,T0440,AP21TB4935,On-site,31060.00,25-06-2025 09:38:03,10990.00,25-06-2025 09:43:53,20070.00,Legacy/MSW,Bethamcherla_AP21TB4935_20250625_093806_1st_front.jpg,Bethamcherla_AP21TB4935_20250625_093810_1st_back.jpg,Bethamcherla_AP21TB4935_20250625_094357_2nd_front.jpg,Bethamcherla_AP21TB4935_20250625_094400_2nd_back.jpg,Avijit Mondal,admin
25-06-2025,09:51:07,Bethamcherla,Saurashtra Enviro Projects Pvt. Ltd.,Legacy/MSW,T0441,AP28TC8081,On-site,31030.00,25-06-2025 09:45:20,11310.00,25-06-2025 09:50:57,19720.00,Legacy/MSW,Bethamcherla_AP28TC8081_20250625_094523_1st_front.jpg,Bethamcherla_AP28TC8081_20250625_094527_1st_back.jpg,Bethamcherla_AP28TC8081_20250625_095100_2nd_front.jpg,Bethamcherla_AP28TC8081_20250625_095104_2nd_back.jpg,Avijit Mondal,admin
25-06-2025,10:29:27,Bethamcherla,Saurashtra Enviro Projects Pvt. Ltd.,Legacy/MSW,T0442,AP 26 TA 0434,On-site,29810.00,25-06-2025 10:18:45,13100.00,25-06-2025 10:28:55,16710.00,Legacy/MSW,Bethamcherla_AP_26_TA_0434_20250625_101850_1st_front.jpg,Bethamcherla_AP_26_TA_0434_20250625_101853_1st_back.jpg,Bethamcherla_AP_26_TA_0434_20250625_102918_2nd_front.jpg,Bethamcherla_AP_26_TA_0434_20250625_102923_2nd_back.jpg,Avijit Mondal,admin
25-06-2025,10:35:32,Bethamcherla,Saurashtra Enviro Projects Pvt. Ltd.,Legacy/MSW,T0443,AP21TB4935,On-site,31370.00,25-06-2025 10:25:15,11000.00,25-06-2025 10:35:04,20370.00,Legacy/MSW,Bethamcherla_AP21TB4935_20250625_102518_1st_front.jpg,Bethamcherla_AP21TB4935_20250625_102522_1st_back.jpg,Bethamcherla_AP21TB4935_20250625_103522_2nd_front.jpg,Bethamcherla_AP21TB4935_20250625_103526_2nd_back.jpg,Avijit Mondal,admin
25-06-2025,10:46:06,Bethamcherla,Saurashtra Enviro Projects Pvt. Ltd.,Legacy/MSW,T0444,AP27TW7569,On-site,36440.00,25-06-2025 10:33:37,10670.00,25-06-2025 10:45:31,25770.00,Legacy/MSW,Bethamcherla_AP27TW7569_20250625_103342_1st_front.jpg,Bethamcherla_AP27TW7569_20250625_103345_1st_back.jpg,Bethamcherla_AP27TW7569_20250625_104558_2nd_front.jpg,Bethamcherla_AP27TW7569_20250625_104601_2nd_back.jpg,Avijit Mondal,admin
25-06-2025,10:50:52,Bethamcherla,Saurashtra Enviro Projects Pvt. Ltd.,Legacy/MSW,T0445,AP28TC8081,On-site,30940.00,25-06-2025 10:44:15,11310.00,25-06-2025 10:50:24,19630.00,Legacy/MSW,Bethamcherla_AP28TC8081_20250625_104419_1st_front.jpg,Bethamcherla_AP28TC8081_20250625_104423_1st_back.jpg,Bethamcherla_AP28TC8081_20250625_105042_2nd_front.jpg,Bethamcherla_AP28TC8081_20250625_105046_2nd_back.jpg,Avijit Mondal,admin
25-06-2025,11:08:03,Bethamcherla,Saurashtra Enviro Projects Pvt. Ltd.,Legacy/MSW,T0446,AP 26 TA 0434,On-site,30540.00,25-06-2025 10:55:38,9960.00,25-06-2025 11:07:23,20580.00,Legacy/MSW,Bethamcherla_AP_26_TA_0434_20250625_105542_1st_front.jpg,Bethamcherla_AP_26_TA_0434_20250625_105546_1st_back.jpg,Bethamcherla_AP_26_TA_0434_20250625_110747_2nd_front.jpg,Bethamcherla_AP_26_TA_0434_20250625_110751_2nd_back.jpg,Avijit Mondal,admin
25-06-2025,11:14:04,Bethamcherla,Saurashtra Enviro Projects Pvt. Ltd.,Legacy/MSW,T0447,AP21TB4935,On-site,30300.00,25-06-2025 11:05:46,10980.00,25-06-2025 11:13:34,19320.00,Legacy/MSW,Bethamcherla_AP21TB4935_20250625_110551_1st_front.jpg,Bethamcherla_AP21TB4935_20250625_110554_1st_back.jpg,Bethamcherla_AP21TB4935_20250625_111351_2nd_front.jpg,Bethamcherla_AP21TB4935_20250625_111354_2nd_back.jpg,Avijit Mondal,admin
25-06-2025,11:23:16,Bethamcherla,Saurashtra Enviro Projects Pvt. Ltd.,Legacy/MSW,T0448,AP27TW7569,On-site,33900.00,25-06-2025 11:15:26,10760.00,25-06-2025 11:23:03,23140.00,Legacy/MSW,Bethamcherla_AP27TW7569_20250625_111530_1st_front.jpg,Bethamcherla_AP27TW7569_20250625_111533_1st_back.jpg,Bethamcherla_AP27TW7569_20250625_112307_2nd_front.jpg,Bethamcherla_AP27TW7569_20250625_112310_2nd_back.jpg,Avijit Mondal,admin
25-06-2025,11:33:07,Bethamcherla,Saurashtra Enviro Projects Pvt. Ltd.,Legacy/MSW,T0449,AP28TC8081,On-site,31920.00,25-06-2025 11:24:57,11360.00,25-06-2025 11:32:48,20560.00,Legacy/MSW,Bethamcherla_AP28TC8081_20250625_112501_1st_front.jpg,Bethamcherla_AP28TC8081_20250625_112507_1st_back.jpg,Bethamcherla_AP28TC8081_20250625_113251_2nd_front.jpg,Bethamcherla_AP28TC8081_20250625_113255_2nd_back.jpg,Avijit Mondal,admin
25-06-2025,11:46:42,Bethamcherla,Saurashtra Enviro Projects Pvt. Ltd.,Legacy/MSW,T0450,AP 26 TA 0434,On-site,30960.00,25-06-2025 11:36:11,9950.00,25-06-2025 11:46:31,21010.00,Legacy/MSW,Bethamcherla_AP_26_TA_0434_20250625_113616_1st_front.jpg,Bethamcherla_AP_26_TA_0434_20250625_113620_1st_back.jpg,Bethamcherla_AP_26_TA_0434_20250625_114635_2nd_front.jpg,Bethamcherla_AP_26_TA_0434_20250625_114638_2nd_back.jpg,Avijit Mondal,admin
25-06-2025,11:51:12,Bethamcherla,Saurashtra Enviro Projects Pvt. Ltd.,Legacy/MSW,T0451,AP21TB4935,On-site,32070.00,25-06-2025 11:41:54,10970.00,25-06-2025 11:50:57,21100.00,Legacy/MSW,Bethamcherla_AP21TB4935_20250625_114158_1st_front.jpg,Bethamcherla_AP21TB4935_20250625_114200_1st_back.jpg,Bethamcherla_AP21TB4935_20250625_115101_2nd_front.jpg,Bethamcherla_AP21TB4935_20250625_115105_2nd_back.jpg,Avijit Mondal,admin
25-06-2025,12:01:45,Bethamcherla,Saurashtra Enviro Projects Pvt. Ltd.,Legacy/MSW,T0452,AP27TW7569,On-site,33360.00,25-06-2025 11:53:47,10760.00,25-06-2025 12:01:20,22600.00,Legacy/MSW,Bethamcherla_AP27TW7569_20250625_115350_1st_front.jpg,Bethamcherla_AP27TW7569_20250625_115353_1st_back.jpg,Bethamcherla_AP27TW7569_20250625_120127_2nd_front.jpg,Bethamcherla_AP27TW7569_20250625_120133_2nd_back.jpg,Avijit Mondal,admin
25-06-2025,12:14:08,Bethamcherla,Saurashtra Enviro Projects Pvt. Ltd.,Legacy/MSW,T0453,AP28TC8081,On-site,30510.00,25-06-2025 12:03:46,11360.00,25-06-2025 12:13:57,19150.00,Legacy/MSW,Bethamcherla_AP28TC8081_20250625_120350_1st_front.jpg,Bethamcherla_AP28TC8081_20250625_120353_1st_back.jpg,Bethamcherla_AP28TC8081_20250625_121402_2nd_front.jpg,Bethamcherla_AP28TC8081_20250625_121405_2nd_back.jpg,Avijit Mondal,admin
25-06-2025,12:23:51,Bethamcherla,Saurashtra Enviro Projects Pvt. Ltd.,Legacy/MSW,T0454,AP 26 TA 0434,On-site,30000.00,25-06-2025 12:15:52,9950.00,25-06-2025 12:23:37,20050.00,Legacy/MSW,Bethamcherla_AP_26_TA_0434_20250625_121555_1st_front.jpg,Bethamcherla_AP_26_TA_0434_20250625_121601_1st_back.jpg,Bethamcherla_AP_26_TA_0434_20250625_122340_2nd_front.jpg,Bethamcherla_AP_26_TA_0434_20250625_122344_2nd_back.jpg,Avijit Mondal,admin
25-06-2025,12:32:51,Bethamcherla,Saurashtra Enviro Projects Pvt. Ltd.,Legacy/MSW,T0455,AP21TB4935,On-site,31560.00,25-06-2025 12:26:25,10960.00,25-06-2025 12:32:38,20600.00,Legacy/MSW,Bethamcherla_AP21TB4935_20250625_122629_1st_front.jpg,Bethamcherla_AP21TB4935_20250625_122633_1st_back.jpg,Bethamcherla_AP21TB4935_20250625_123242_2nd_front.jpg,Bethamcherla_AP21TB4935_20250625_123246_2nd_back.jpg,Avijit Mondal,admin
25-06-2025,12:42:42,Bethamcherla,Saurashtra Enviro Projects Pvt. Ltd.,Legacy/MSW,T0456,AP28TC8081,On-site,31270.00,25-06-2025 12:34:54,11290.00,25-06-2025 12:42:33,19980.00,Legacy/MSW,Bethamcherla_AP28TC8081_20250625_123457_1st_front.jpg,Bethamcherla_AP28TC8081_20250625_123500_1st_back.jpg,Bethamcherla_AP28TC8081_20250625_124235_2nd_front.jpg,Bethamcherla_AP28TC8081_20250625_124238_2nd_back.jpg,Avijit Mondal,admin
25-06-2025,13:05:20,Bethamcherla,Saurashtra Enviro Projects Pvt. Ltd.,Legacy/MSW,T0457,AP27TW7569,On-site,32760.00,25-06-2025 12:52:34,10710.00,25-06-2025 13:05:10,22050.00,Legacy/MSW,Bethamcherla_AP27TW7569_20250625_125237_1st_front.jpg,Bethamcherla_AP27TW7569_20250625_125240_1st_back.jpg,Bethamcherla_AP27TW7569_20250625_130513_2nd_front.jpg,Bethamcherla_AP27TW7569_20250625_130516_2nd_back.jpg,Avijit Mondal,admin
25-06-2025,13:09:08,Bethamcherla,Saurashtra Enviro Projects Pvt. Ltd.,Legacy/MSW,T0458,AP28TC8081,On-site,29750.00,25-06-2025 13:02:03,11430.00,25-06-2025 13:08:50,18320.00,Legacy/MSW,Bethamcherla_AP28TC8081_20250625_130206_1st_front.jpg,Bethamcherla_AP28TC8081_20250625_130209_1st_back.jpg,Bethamcherla_AP28TC8081_20250625_130855_2nd_front.jpg,Bethamcherla_AP28TC8081_20250625_130858_2nd_back.jpg,Avijit Mondal,admin
25-06-2025,13:16:39,Bethamcherla,Saurashtra Enviro Projects Pvt. Ltd.,Legacy/MSW,T0459,AP21TB4935,On-site,30150.00,25-06-2025 13:10:31,10960.00,25-06-2025 13:16:26,19190.00,Legacy/MSW,Bethamcherla_AP21TB4935_20250625_131037_1st_front.jpg,Bethamcherla_AP21TB4935_20250625_131039_1st_back.jpg,Bethamcherla_AP21TB4935_20250625_131631_2nd_front.jpg,Bethamcherla_AP21TB4935_20250625_131634_2nd_back.jpg,Avijit Mondal,admin
25-06-2025,14:37:10,Bethamcherla,Saurashtra Enviro Projects Pvt. Ltd.,Legacy/MSW,T0460,AP27TW7569,On-site,35600.00,25-06-2025 14:30:48,10780.00,25-06-2025 14:36:56,24820.00,Legacy/MSW,Bethamcherla_AP27TW7569_20250625_143058_1st_front.jpg,Bethamcherla_AP27TW7569_20250625_143103_1st_back.jpg,Bethamcherla_AP27TW7569_20250625_143701_2nd_front.jpg,Bethamcherla_AP27TW7569_20250625_143704_2nd_back.jpg,Avijit Mondal,admin
25-06-2025,14:45:55,Bethamcherla,Saurashtra Enviro Projects Pvt. Ltd.,Legacy/MSW,T0461,AP28TC8081,On-site,31730.00,25-06-2025 14:39:52,11380.00,25-06-2025 14:45:42,20350.00,Legacy/MSW,Bethamcherla_AP28TC8081_20250625_144004_1st_front.jpg,Bethamcherla_AP28TC8081_20250625_144012_1st_back.jpg,Bethamcherla_AP28TC8081_20250625_144546_2nd_front.jpg,Bethamcherla_AP28TC8081_20250625_144550_2nd_back.jpg,Avijit Mondal,admin
25-06-2025,15:02:18,Bethamcherla,Saurashtra Enviro Projects Pvt. Ltd.,Legacy/MSW,T0462,AP21TB4935,On-site,31960.00,25-06-2025 14:56:14,11000.00,25-06-2025 15:02:06,20960.00,Legacy/MSW,Bethamcherla_AP21TB4935_20250625_145617_1st_front.jpg,Bethamcherla_AP21TB4935_20250625_145620_1st_back.jpg,Bethamcherla_AP21TB4935_20250625_150210_2nd_front.jpg,Bethamcherla_AP21TB4935_20250625_150213_2nd_back.jpg,Avijit Mondal,admin
25-06-2025,15:18:54,Bethamcherla,Saurashtra Enviro Projects Pvt. Ltd.,Legacy/MSW,T0463,AP27TW7569,On-site,33380.00,25-06-2025 15:11:39,11450.00,25-06-2025 15:18:41,21930.00,Legacy/MSW,Bethamcherla_AP27TW7569_20250625_151143_1st_front.jpg,Bethamcherla_AP27TW7569_20250625_151146_1st_back.jpg,Bethamcherla_AP27TW7569_20250625_151845_2nd_front.jpg,Bethamcherla_AP27TW7569_20250625_151850_2nd_back.jpg,Avijit Mondal,admin
25-06-2025,15:29:02,Bethamcherla,Saurashtra Enviro Projects Pvt. Ltd.,Legacy/MSW,T0464,AP28TC8081,On-site,31600.00,25-06-2025 15:22:14,11320.00,25-06-2025 15:28:51,20280.00,Legacy/MSW,Bethamcherla_AP28TC8081_20250625_152217_1st_front.jpg,Bethamcherla_AP28TC8081_20250625_152219_1st_back.jpg,Bethamcherla_AP28TC8081_20250625_152854_2nd_front.jpg,Bethamcherla_AP28TC8081_20250625_152857_2nd_back.jpg,Avijit Mondal,admin
25-06-2025,15:33:38,Bethamcherla,Saurashtra Enviro Projects Pvt. Ltd.,Legacy/MSW,T0465,AP21TB4935,On-site,29880.00,25-06-2025 15:27:28,10970.00,25-06-2025 15:33:26,18910.00,Legacy/MSW,Bethamcherla_AP21TB4935_20250625_152732_1st_front.jpg,Bethamcherla_AP21TB4935_20250625_152735_1st_back.jpg,Bethamcherla_AP21TB4935_20250625_153330_2nd_front.jpg,Bethamcherla_AP21TB4935_20250625_153333_2nd_back.jpg,Avijit Mondal,admin
25-06-2025,15:47:23,Bethamcherla,Saurashtra Enviro Projects Pvt. Ltd.,Legacy/MSW,T0466,AP27TW7569,On-site,33270.00,25-06-2025 15:39:29,10720.00,25-06-2025 15:47:09,22550.00,Legacy/MSW,Bethamcherla_AP27TW7569_20250625_153933_1st_front.jpg,Bethamcherla_AP27TW7569_20250625_153937_1st_back.jpg,Bethamcherla_AP27TW7569_20250625_154712_2nd_front.jpg,Bethamcherla_AP27TW7569_20250625_154718_2nd_back.jpg,Avijit Mondal,admin
25-06-2025,15:56:39,Bethamcherla,Saurashtra Enviro Projects Pvt. Ltd.,Legacy/MSW,T0467,AP28TC8081,On-site,32010.00,25-06-2025 15:49:57,11300.00,25-06-2025 15:56:26,20710.00,Legacy/MSW,Bethamcherla_AP28TC8081_20250625_155002_1st_front.jpg,Bethamcherla_AP28TC8081_20250625_155005_1st_back.jpg,Bethamcherla_AP28TC8081_20250625_155629_2nd_front.jpg,Bethamcherla_AP28TC8081_20250625_155634_2nd_back.jpg,Avijit Mondal,admin
25-06-2025,16:04:16,Bethamcherla,Saurashtra Enviro Projects Pvt. Ltd.,Legacy/MSW,T0468,AP21TB4935,On-site,29830.00,25-06-2025 15:58:34,10960.00,25-06-2025 16:04:04,18870.00,Legacy/MSW,Bethamcherla_AP21TB4935_20250625_155837_1st_front.jpg,Bethamcherla_AP21TB4935_20250625_155840_1st_back.jpg,Bethamcherla_AP21TB4935_20250625_160408_2nd_front.jpg,Bethamcherla_AP21TB4935_20250625_160412_2nd_back.jpg,Avijit Mondal,admin
25-06-2025,16:21:30,Bethamcherla,Saurashtra Enviro Projects Pvt. Ltd.,Legacy/MSW,T0469,AP28TC8081,On-site,31120.00,25-06-2025 16:15:20,11300.00,25-06-2025 16:21:17,19820.00,Legacy/MSW,Bethamcherla_AP28TC8081_20250625_161523_1st_front.jpg,Bethamcherla_AP28TC8081_20250625_161526_1st_back.jpg,Bethamcherla_AP28TC8081_20250625_162121_2nd_front.jpg,Bethamcherla_AP28TC8081_20250625_162125_2nd_back.jpg,Avijit Mondal,admin
25-06-2025,16:31:21,Bethamcherla,Saurashtra Enviro Projects Pvt. Ltd.,Legacy/MSW,T0470,AP21TB4935,On-site,31550.00,25-06-2025 16:25:19,10960.00,25-06-2025 16:31:10,20590.00,Legacy/MSW,Bethamcherla_AP21TB4935_20250625_162523_1st_front.jpg,Bethamcherla_AP21TB4935_20250625_162526_1st_back.jpg,Bethamcherla_AP21TB4935_20250625_163114_2nd_front.jpg,Bethamcherla_AP21TB4935_20250625_163116_2nd_back.jpg,Avijit Mondal,admin
25-06-2025,16:51:31,Bethamcherla,Saurashtra Enviro Projects Pvt. Ltd.,Legacy/MSW,T0471,AP27TW7569,On-site,31080.00,25-06-2025 16:38:01,10730.00,25-06-2025 16:51:19,20350.00,Legacy/MSW,Bethamcherla_AP27TW7569_20250625_163805_1st_front.jpg,Bethamcherla_AP27TW7569_20250625_163811_1st_back.jpg,Bethamcherla_AP27TW7569_20250625_165123_2nd_front.jpg,Bethamcherla_AP27TW7569_20250625_165126_2nd_back.jpg,Avijit Mondal,admin
25-06-2025,17:59:50,Bethamcherla,Saurashtra Enviro Projects Pvt. Ltd.,Legacy/MSW,T0472,AP28TC8081,On-site,29970.00,25-06-2025 17:52:25,11380.00,25-06-2025 17:59:37,18590.00,Legacy/MSW,Bethamcherla_AP28TC8081_20250625_175229_1st_front.jpg,Bethamcherla_AP28TC8081_20250625_175231_1st_back.jpg,Bethamcherla_AP28TC8081_20250625_175943_2nd_front.jpg,Bethamcherla_AP28TC8081_20250625_175946_2nd_back.jpg,Avijit Mondal,admin
25-06-2025,18:11:22,Bethamcherla,Saurashtra Enviro Projects Pvt. Ltd.,Legacy/MSW,T0473,AP21TB4935,On-site,30170.00,25-06-2025 18:04:01,10920.00,25-06-2025 18:11:09,19250.00,Legacy/MSW,Bethamcherla_AP21TB4935_20250625_180405_1st_front.jpg,Bethamcherla_AP21TB4935_20250625_180411_1st_back.jpg,Bethamcherla_AP21TB4935_20250625_181113_2nd_front.jpg,Bethamcherla_AP21TB4935_20250625_181116_2nd_back.jpg,Avijit Mondal,admin
25-06-2025,18:29:07,Bethamcherla,Saurashtra Enviro Projects Pvt. Ltd.,Legacy/MSW,T0474,AP28TC8081,On-site,29930.00,25-06-2025 18:22:06,11280.00,25-06-2025 18:28:52,18650.00,Legacy/MSW,Bethamcherla_AP28TC8081_20250625_182209_1st_front.jpg,Bethamcherla_AP28TC8081_20250625_182213_1st_back.jpg,Bethamcherla_AP28TC8081_20250625_182855_2nd_front.jpg,Bethamcherla_AP28TC8081_20250625_182859_2nd_back.jpg,Avijit Mondal,admin
25-06-2025,18:38:25,Bethamcherla,Saurashtra Enviro Projects Pvt. Ltd.,Legacy/MSW,T0475,AP21TB4935,On-site,30150.00,25-06-2025 18:31:16,10920.00,25-06-2025 18:38:10,19230.00,Legacy/MSW,Bethamcherla_AP21TB4935_20250625_183119_1st_front.jpg,Bethamcherla_AP21TB4935_20250625_183122_1st_back.jpg,Bethamcherla_AP21TB4935_20250625_183814_2nd_front.jpg,Bethamcherla_AP21TB4935_20250625_183820_2nd_back.jpg,Avijit Mondal,admin
26-06-2025,09:42:26,Bethamcherla,Saurashtra Enviro Projects Pvt. Ltd.,Legacy/MSW,T0476,AP21TB4935,On-site,31290.00,26-06-2025 09:36:58,10890.00,26-06-2025 09:42:14,20400.00,Legacy/MSW,,,Bethamcherla_AP21TB4935_20250626_094217_2nd_front.jpg,Bethamcherla_AP21TB4935_20250626_094221_2nd_back.jpg,Avijit Mondal,admin
26-06-2025,10:07:45,Bethamcherla,Saurashtra Enviro Projects Pvt. Ltd.,Legacy/MSW,T0477,AP28TC8081,On-site,30770.00,26-06-2025 10:01:52,11250.00,26-06-2025 10:07:34,19520.00,Legacy/MSW,Bethamcherla_AP28TC8081_20250626_100155_1st_front.jpg,Bethamcherla_AP28TC8081_20250626_100159_1st_back.jpg,Bethamcherla_AP28TC8081_20250626_100737_2nd_front.jpg,Bethamcherla_AP28TC8081_20250626_100740_2nd_back.jpg,Avijit Mondal,admin
26-06-2025,10:22:22,Bethamcherla,Saurashtra Enviro Projects Pvt. Ltd.,Legacy/MSW,T0478,AP27TW7569,On-site,32390.00,26-06-2025 10:10:08,10630.00,26-06-2025 10:21:52,21760.00,Legacy/MSW,Bethamcherla_AP27TW7569_20250626_101012_1st_front.jpg,Bethamcherla_AP27TW7569_20250626_101016_1st_back.jpg,Bethamcherla_AP27TW7569_20250626_102214_2nd_front.jpg,Bethamcherla_AP27TW7569_20250626_102217_2nd_back.jpg,Avijit Mondal,admin
26-06-2025,10:27:49,Bethamcherla,Saurashtra Enviro Projects Pvt. Ltd.,Legacy/MSW,T0479,AP21TB4935,On-site,30870.00,26-06-2025 10:20:28,10880.00,26-06-2025 10:27:37,19990.00,Legacy/MSW,Bethamcherla_AP21TB4935_20250626_102031_1st_front.jpg,Bethamcherla_AP21TB4935_20250626_102035_1st_back.jpg,Bethamcherla_AP21TB4935_20250626_102740_2nd_front.jpg,Bethamcherla_AP21TB4935_20250626_102744_2nd_back.jpg,Avijit Mondal,admin
26-06-2025,10:38:51,Bethamcherla,Saurashtra Enviro Projects Pvt. Ltd.,Legacy/MSW,T0480,AP28TC8081,On-site,28570.00,26-06-2025 10:33:32,11240.00,26-06-2025 10:38:35,17330.00,Legacy/MSW,Bethamcherla_AP28TC8081_20250626_103337_1st_front.jpg,Bethamcherla_AP28TC8081_20250626_103340_1st_back.jpg,Bethamcherla_AP28TC8081_20250626_103839_2nd_front.jpg,Bethamcherla_AP28TC8081_20250626_103843_2nd_back.jpg,Avijit Mondal,admin
26-06-2025,10:46:02,Bethamcherla,Saurashtra Enviro Projects Pvt. Ltd.,Legacy/MSW,T0481,AP27TW7569,On-site,32000.00,26-06-2025 10:40:28,10620.00,26-06-2025 10:45:25,21380.00,Legacy/MSW,Bethamcherla_AP27TW7569_20250626_104033_1st_front.jpg,Bethamcherla_AP27TW7569_20250626_104037_1st_back.jpg,Bethamcherla_AP27TW7569_20250626_104554_2nd_front.jpg,Bethamcherla_AP27TW7569_20250626_104558_2nd_back.jpg,Avijit Mondal,admin
26-06-2025,10:59:02,Bethamcherla,Saurashtra Enviro Projects Pvt. Ltd.,Legacy/MSW,T0482,AP21TB4935,On-site,28560.00,26-06-2025 10:52:30,10890.00,26-06-2025 10:58:48,17670.00,Legacy/MSW,Bethamcherla_AP21TB4935_20250626_105233_1st_front.jpg,Bethamcherla_AP21TB4935_20250626_105236_1st_back.jpg,Bethamcherla_AP21TB4935_20250626_105854_2nd_front.jpg,Bethamcherla_AP21TB4935_20250626_105857_2nd_back.jpg,Avijit Mondal,admin
26-06-2025,11:11:52,Bethamcherla,Saurashtra Enviro Projects Pvt. Ltd.,Legacy/MSW,T0483,AP27TW7569,On-site,32720.00,26-06-2025 11:06:25,10620.00,26-06-2025 11:11:40,22100.00,Legacy/MSW,Bethamcherla_AP27TW7569_20250626_110628_1st_front.jpg,Bethamcherla_AP27TW7569_20250626_110631_1st_back.jpg,Bethamcherla_AP27TW7569_20250626_111143_2nd_front.jpg,Bethamcherla_AP27TW7569_20250626_111147_2nd_back.jpg,Avijit Mondal,admin
26-06-2025,11:24:37,Bethamcherla,Saurashtra Enviro Projects Pvt. Ltd.,Legacy/MSW,T0484,AP28TC8081,On-site,29080.00,26-06-2025 11:18:01,11160.00,26-06-2025 11:24:24,17920.00,Legacy/MSW,Bethamcherla_AP28TC8081_20250626_112331_1st_front.jpg,Bethamcherla_AP28TC8081_20250626_112334_1st_back.jpg,Bethamcherla_AP28TC8081_20250626_112430_2nd_front.jpg,Bethamcherla_AP28TC8081_20250626_112434_2nd_back.jpg,Avijit Mondal,admin
26-06-2025,11:36:40,Bethamcherla,Saurashtra Enviro Projects Pvt. Ltd.,Legacy/MSW,T0485,AP21TB4935,On-site,30070.00,26-06-2025 11:29:42,10880.00,26-06-2025 11:36:29,19190.00,Legacy/MSW,Bethamcherla_AP21TB4935_20250626_112946_1st_front.jpg,Bethamcherla_AP21TB4935_20250626_112949_1st_back.jpg,Bethamcherla_AP21TB4935_20250626_113632_2nd_front.jpg,Bethamcherla_AP21TB4935_20250626_113635_2nd_back.jpg,Avijit Mondal,admin
26-06-2025,11:42:00,Bethamcherla,Saurashtra Enviro Projects Pvt. Ltd.,Legacy/MSW,T0486,AP27TW7569,On-site,33400.00,26-06-2025 11:35:23,10620.00,26-06-2025 11:41:48,22780.00,Legacy/MSW,Bethamcherla_AP27TW7569_20250626_113527_1st_front.jpg,Bethamcherla_AP27TW7569_20250626_113530_1st_back.jpg,Bethamcherla_AP27TW7569_20250626_114151_2nd_front.jpg,Bethamcherla_AP27TW7569_20250626_114155_2nd_back.jpg,Avijit Mondal,admin
26-06-2025,12:28:25,Bethamcherla,Saurashtra Enviro Projects Pvt. Ltd.,Legacy/MSW,T0487,AP28TC8081,On-site,29900.00,26-06-2025 11:51:41,11250.00,26-06-2025 12:28:10,18650.00,Legacy/MSW,Bethamcherla_AP28TC8081_20250626_115145_1st_front.jpg,Bethamcherla_AP28TC8081_20250626_115150_1st_back.jpg,Bethamcherla_AP28TC8081_20250626_122817_2nd_front.jpg,Bethamcherla_AP28TC8081_20250626_122820_2nd_back.jpg,Avijit Mondal,admin
26-06-2025,12:09:39,Bethamcherla,Saurashtra Enviro Projects Pvt. Ltd.,Legacy/MSW,T0488,AP27TW7569,On-site,33410.00,26-06-2025 12:03:15,10630.00,26-06-2025 12:09:25,22780.00,Legacy/MSW,Bethamcherla_AP27TW7569_20250626_120320_1st_front.jpg,Bethamcherla_AP27TW7569_20250626_120323_1st_back.jpg,Bethamcherla_AP27TW7569_20250626_120929_2nd_front.jpg,Bethamcherla_AP27TW7569_20250626_120932_2nd_back.jpg,Avijit Mondal,admin
26-06-2025,12:32:27,Bethamcherla,Saurashtra Enviro Projects Pvt. Ltd.,Legacy/MSW,T0489,AP27TW7569,On-site,32510.00,26-06-2025 12:26:30,10640.00,26-06-2025 12:32:15,21870.00,Legacy/MSW,Bethamcherla_AP27TW7569_20250626_122634_1st_front.jpg,Bethamcherla_AP27TW7569_20250626_122637_1st_back.jpg,Bethamcherla_AP27TW7569_20250626_123220_2nd_front.jpg,Bethamcherla_AP27TW7569_20250626_123223_2nd_back.jpg,Avijit Mondal,admin
26-06-2025,13:08:26,Bethamcherla,Saurashtra Enviro Projects Pvt. Ltd.,Legacy/MSW,T0490,AP28TC8081,On-site,29920.00,26-06-2025 13:03:11,11250.00,26-06-2025 13:08:14,18670.00,Legacy/MSW,Bethamcherla_AP28TC8081_20250626_130315_1st_front.jpg,Bethamcherla_AP28TC8081_20250626_130319_1st_back.jpg,Bethamcherla_AP28TC8081_20250626_130818_2nd_front.jpg,Bethamcherla_AP28TC8081_20250626_130821_2nd_back.jpg,Avijit Mondal,admin
26-06-2025,13:15:05,Bethamcherla,Saurashtra Enviro Projects Pvt. Ltd.,Legacy/MSW,T0491,AP27TW7569,On-site,34170.00,26-06-2025 13:09:26,10640.00,26-06-2025 13:14:52,23530.00,Legacy/MSW,Bethamcherla_AP27TW7569_20250626_130930_1st_front.jpg,Bethamcherla_AP27TW7569_20250626_130934_1st_back.jpg,Bethamcherla_AP27TW7569_20250626_131456_2nd_front.jpg,Bethamcherla_AP27TW7569_20250626_131500_2nd_back.jpg,Avijit Mondal,admin
26-06-2025,14:41:32,Bethamcherla,Saurashtra Enviro Projects Pvt. Ltd.,Legacy/MSW,T0492,AP27TW7569,On-site,34690.00,26-06-2025 14:36:27,10720.00,26-06-2025 14:41:19,23970.00,Legacy/MSW,Bethamcherla_AP27TW7569_20250626_143631_1st_front.jpg,Bethamcherla_AP27TW7569_20250626_143634_1st_back.jpg,Bethamcherla_AP27TW7569_20250626_144123_2nd_front.jpg,Bethamcherla_AP27TW7569_20250626_144127_2nd_back.jpg,Avijit Mondal,admin
26-06-2025,14:52:33,Bethamcherla,Saurashtra Enviro Projects Pvt. Ltd.,Legacy/MSW,T0493,AP28TC8081,On-site,29690.00,26-06-2025 14:46:44,11280.00,26-06-2025 14:52:21,18410.00,Legacy/MSW,Bethamcherla_AP28TC8081_20250626_144650_1st_front.jpg,Bethamcherla_AP28TC8081_20250626_144653_1st_back.jpg,Bethamcherla_AP28TC8081_20250626_145225_2nd_front.jpg,Bethamcherla_AP28TC8081_20250626_145228_2nd_back.jpg,Avijit Mondal,admin
26-06-2025,14:58:20,Bethamcherla,Saurashtra Enviro Projects Pvt. Ltd.,Legacy/MSW,T0494,AP21TB4935,On-site,29310.00,26-06-2025 14:53:40,10970.00,26-06-2025 14:58:07,18340.00,Legacy/MSW,Bethamcherla_AP21TB4935_20250626_145343_1st_front.jpg,Bethamcherla_AP21TB4935_20250626_145347_1st_back.jpg,Bethamcherla_AP21TB4935_20250626_145812_2nd_front.jpg,Bethamcherla_AP21TB4935_20250626_145816_2nd_back.jpg,Avijit Mondal,admin
26-06-2025,15:06:49,Bethamcherla,Saurashtra Enviro Projects Pvt. Ltd.,Legacy/MSW,T0495,AP27TW7569,On-site,35140.00,26-06-2025 15:00:50,10670.00,26-06-2025 15:06:38,24470.00,Legacy/MSW,Bethamcherla_AP27TW7569_20250626_150054_1st_front.jpg,Bethamcherla_AP27TW7569_20250626_150057_1st_back.jpg,Bethamcherla_AP27TW7569_20250626_150642_2nd_front.jpg,Bethamcherla_AP27TW7569_20250626_150645_2nd_back.jpg,Avijit Mondal,admin
26-06-2025,15:20:57,Bethamcherla,Saurashtra Enviro Projects Pvt. Ltd.,Legacy/MSW,T0496,AP28TC8081,On-site,30130.00,26-06-2025 15:15:03,11360.00,26-06-2025 15:20:45,18770.00,Legacy/MSW,Bethamcherla_AP28TC8081_20250626_151507_1st_front.jpg,Bethamcherla_AP28TC8081_20250626_151510_1st_back.jpg,Bethamcherla_AP28TC8081_20250626_152049_2nd_front.jpg,Bethamcherla_AP28TC8081_20250626_152053_2nd_back.jpg,Avijit Mondal,admin
26-06-2025,15:32:37,Bethamcherla,Saurashtra Enviro Projects Pvt. Ltd.,Legacy/MSW,T0497,AP27TW7569,On-site,33360.00,26-06-2025 15:23:19,10670.00,26-06-2025 15:32:26,22690.00,Legacy/MSW,Bethamcherla_AP27TW7569_20250626_152323_1st_front.jpg,Bethamcherla_AP27TW7569_20250626_152327_1st_back.jpg,Bethamcherla_AP27TW7569_20250626_153229_2nd_front.jpg,Bethamcherla_AP27TW7569_20250626_153232_2nd_back.jpg,Avijit Mondal,admin
26-06-2025,15:47:05,Bethamcherla,Saurashtra Enviro Projects Pvt. Ltd.,Legacy/MSW,T0498,AP28TC8081,On-site,31010.00,26-06-2025 15:40:31,11380.00,26-06-2025 15:46:54,19630.00,Legacy/MSW,Bethamcherla_AP28TC8081_20250626_154035_1st_front.jpg,Bethamcherla_AP28TC8081_20250626_154038_1st_back.jpg,Bethamcherla_AP28TC8081_20250626_154658_2nd_front.jpg,Bethamcherla_AP28TC8081_20250626_154701_2nd_back.jpg,Avijit Mondal,admin
26-06-2025,15:50:51,Bethamcherla,Saurashtra Enviro Projects Pvt. Ltd.,Legacy/MSW,T0499,AP21TB4935,On-site,29560.00,26-06-2025 15:45:07,10880.00,26-06-2025 15:50:37,18680.00,Legacy/MSW,Bethamcherla_AP21TB4935_20250626_154511_1st_front.jpg,Bethamcherla_AP21TB4935_20250626_154515_1st_back.jpg,Bethamcherla_AP21TB4935_20250626_155040_2nd_front.jpg,Bethamcherla_AP21TB4935_20250626_155046_2nd_back.jpg,Avijit Mondal,admin
26-06-2025,15:58:40,Bethamcherla,Saurashtra Enviro Projects Pvt. Ltd.,Legacy/MSW,T0500,AP27TW7569,On-site,31380.00,26-06-2025 15:52:57,10660.00,26-06-2025 15:58:26,20720.00,Legacy/MSW,Bethamcherla_AP27TW7569_20250626_155301_1st_front.jpg,Bethamcherla_AP27TW7569_20250626_155305_1st_back.jpg,Bethamcherla_AP27TW7569_20250626_155832_2nd_front.jpg,Bethamcherla_AP27TW7569_20250626_155836_2nd_back.jpg,Avijit Mondal,admin
26-06-2025,16:21:55,Bethamcherla,Saurashtra Enviro Projects Pvt. Ltd.,Legacy/MSW,T0501,AP28TC8081,On-site,30100.00,26-06-2025 16:15:55,11420.00,26-06-2025 16:21:44,18680.00,Legacy/MSW,Bethamcherla_AP28TC8081_20250626_161558_1st_front.jpg,Bethamcherla_AP28TC8081_20250626_161601_1st_back.jpg,Bethamcherla_AP28TC8081_20250626_162147_2nd_front.jpg,Bethamcherla_AP28TC8081_20250626_162151_2nd_back.jpg,Avijit Mondal,admin
26-06-2025,16:30:29,Bethamcherla,Saurashtra Enviro Projects Pvt. Ltd.,Legacy/MSW,T0502,AP27TW7569,On-site,34050.00,26-06-2025 16:23:41,10660.00,26-06-2025 16:30:18,23390.00,Legacy/MSW,Bethamcherla_AP27TW7569_20250626_162344_1st_front.jpg,Bethamcherla_AP27TW7569_20250626_162348_1st_back.jpg,Bethamcherla_AP27TW7569_20250626_163022_2nd_front.jpg,Bethamcherla_AP27TW7569_20250626_163025_2nd_back.jpg,Avijit Mondal,admin
26-06-2025,16:59:56,Bethamcherla,Saurashtra Enviro Projects Pvt. Ltd.,Legacy/MSW,T0503,AP27TW7569,On-site,34000.00,26-06-2025 16:47:14,10660.00,26-06-2025 16:59:42,23340.00,Legacy/MSW,Bethamcherla_AP27TW7569_20250626_164717_1st_front.jpg,Bethamcherla_AP27TW7569_20250626_164721_1st_back.jpg,Bethamcherla_AP27TW7569_20250626_165948_2nd_front.jpg,Bethamcherla_AP27TW7569_20250626_165952_2nd_back.jpg,Avijit Mondal,admin
26-06-2025,17:13:16,Bethamcherla,Saurashtra Enviro Projects Pvt. Ltd.,Legacy/MSW,T0504,AP21TB4935,On-site,28070.00,26-06-2025 17:06:49,11080.00,26-06-2025 17:13:04,16990.00,Legacy/MSW,Bethamcherla_AP21TB4935_20250626_170656_1st_front.jpg,Bethamcherla_AP21TB4935_20250626_170659_1st_back.jpg,Bethamcherla_AP21TB4935_20250626_171308_2nd_front.jpg,Bethamcherla_AP21TB4935_20250626_171312_2nd_back.jpg,Avijit Mondal,admin
26-06-2025,17:21:20,Bethamcherla,Saurashtra Enviro Projects Pvt. Ltd.,Legacy/MSW,T0505,AP27TW7569,On-site,29320.00,26-06-2025 17:15:41,10680.00,26-06-2025 17:21:08,18640.00,Legacy/MSW,Bethamcherla_AP27TW7569_20250626_171544_1st_front.jpg,Bethamcherla_AP27TW7569_20250626_171547_1st_back.jpg,Bethamcherla_AP27TW7569_20250626_172111_2nd_front.jpg,Bethamcherla_AP27TW7569_20250626_172115_2nd_back.jpg,Avijit Mondal,admin
26-06-2025,17:35:26,Bethamcherla,Saurashtra Enviro Projects Pvt. Ltd.,Legacy/MSW,T0506,AP21TB4935,On-site,27250.00,26-06-2025 17:29:59,11080.00,26-06-2025 17:35:11,16170.00,Legacy/MSW,Bethamcherla_AP21TB4935_20250626_173002_1st_front.jpg,Bethamcherla_AP21TB4935_20250626_173006_1st_back.jpg,Bethamcherla_AP21TB4935_20250626_173513_2nd_front.jpg,Bethamcherla_AP21TB4935_20250626_173517_2nd_back.jpg,Avijit Mondal,admin
26-06-2025,17:42:08,Bethamcherla,Saurashtra Enviro Projects Pvt. Ltd.,Legacy/MSW,T0507,AP27TW7569,On-site,31330.00,26-06-2025 17:36:15,10690.00,26-06-2025 17:41:51,20640.00,Legacy/MSW,Bethamcherla_AP27TW7569_20250626_173621_1st_front.jpg,Bethamcherla_AP27TW7569_20250626_173624_1st_back.jpg,Bethamcherla_AP27TW7569_20250626_174157_2nd_front.jpg,Bethamcherla_AP27TW7569_20250626_174201_2nd_back.jpg,Avijit Mondal,admin
26-06-2025,17:58:45,Bethamcherla,Saurashtra Enviro Projects Pvt. Ltd.,Legacy/MSW,T0508,AP21TB4935,On-site,28780.00,26-06-2025 17:52:39,11300.00,26-06-2025 17:58:31,17480.00,Legacy/MSW,Bethamcherla_AP21TB4935_20250626_175242_1st_front.jpg,Bethamcherla_AP21TB4935_20250626_175245_1st_back.jpg,Bethamcherla_AP21TB4935_20250626_175838_2nd_front.jpg,Bethamcherla_AP21TB4935_20250626_175841_2nd_back.jpg,Avijit Mondal,admin
26-06-2025,18:05:22,Bethamcherla,Saurashtra Enviro Projects Pvt. Ltd.,Legacy/MSW,T0509,AP27TW7569,On-site,30070.00,26-06-2025 17:59:44,10660.00,26-06-2025 18:05:12,19410.00,Legacy/MSW,Bethamcherla_AP27TW7569_20250626_175946_1st_front.jpg,Bethamcherla_AP27TW7569_20250626_175949_1st_back.jpg,Bethamcherla_AP27TW7569_20250626_180515_2nd_front.jpg,Bethamcherla_AP27TW7569_20250626_180518_2nd_back.jpg,Avijit Mondal,admin
26-06-2025,18:22:12,Bethamcherla,Saurashtra Enviro Projects Pvt. Ltd.,Legacy/MSW,T0510,AP21TB4935,On-site,26390.00,26-06-2025 18:16:42,11070.00,26-06-2025 18:21:59,15320.00,Legacy/MSW,Bethamcherla_AP21TB4935_20250626_181645_1st_front.jpg,Bethamcherla_AP21TB4935_20250626_181649_1st_back.jpg,Bethamcherla_AP21TB4935_20250626_182206_2nd_front.jpg,Bethamcherla_AP21TB4935_20250626_182209_2nd_back.jpg,Avijit Mondal,admin
26-06-2025,18:29:42,Bethamcherla,Saurashtra Enviro Projects Pvt. Ltd.,Legacy/MSW,T0511,AP27TW7569,On-site,32730.00,26-06-2025 18:24:01,10670.00,26-06-2025 18:29:29,22060.00,Legacy/MSW,Bethamcherla_AP27TW7569_20250626_182405_1st_front.jpg,Bethamcherla_AP27TW7569_20250626_182408_1st_back.jpg,Bethamcherla_AP27TW7569_20250626_182934_2nd_front.jpg,Bethamcherla_AP27TW7569_20250626_182937_2nd_back.jpg,Avijit Mondal,admin
27-06-2025,09:43:09,Bethamcherla,Saurashtra Enviro Projects Pvt. Ltd.,Legacy/MSW,T0512,AP28TC8081,On-site,27660.00,27-06-2025 09:35:05,11220.00,27-06-2025 09:42:55,16440.00,Legacy/MSW,Bethamcherla_AP28TC8081_20250627_093509_1st_front.jpg,Bethamcherla_AP28TC8081_20250627_093513_1st_back.jpg,Bethamcherla_AP28TC8081_20250627_094300_2nd_front.jpg,Bethamcherla_AP28TC8081_20250627_094302_2nd_back.jpg,Avijit Mondal,admin
27-06-2025,09:49:54,Bethamcherla,Saurashtra Enviro Projects Pvt. Ltd.,Legacy/MSW,T0513,AP27TW7569,On-site,28920.00,27-06-2025 09:44:48,10480.00,27-06-2025 09:49:43,18440.00,Legacy/MSW,Bethamcherla_AP27TW7569_20250627_094453_1st_front.jpg,Bethamcherla_AP27TW7569_20250627_094456_1st_back.jpg,Bethamcherla_AP27TW7569_20250627_094947_2nd_front.jpg,Bethamcherla_AP27TW7569_20250627_094950_2nd_back.jpg,Avijit Mondal,admin
27-06-2025,10:02:20,Bethamcherla,Saurashtra Enviro Projects Pvt. Ltd.,Legacy/MSW,T0514,AP21TB4935,On-site,31330.00,27-06-2025 09:55:07,10990.00,27-06-2025 10:02:07,20340.00,Legacy/MSW,Bethamcherla_AP21TB4935_20250627_095515_1st_front.jpg,Bethamcherla_AP21TB4935_20250627_095518_1st_back.jpg,Bethamcherla_AP21TB4935_20250627_100211_2nd_front.jpg,Bethamcherla_AP21TB4935_20250627_100215_2nd_back.jpg,Avijit Mondal,admin
27-06-2025,10:15:18,Bethamcherla,Saurashtra Enviro Projects Pvt. Ltd.,Legacy/MSW,T0515,AP28TC8081,On-site,27940.00,27-06-2025 10:09:59,11270.00,27-06-2025 10:15:07,16670.00,Legacy/MSW,Bethamcherla_AP28TC8081_20250627_101003_1st_front.jpg,Bethamcherla_AP28TC8081_20250627_101007_1st_back.jpg,Bethamcherla_AP28TC8081_20250627_101510_2nd_front.jpg,Bethamcherla_AP28TC8081_20250627_101513_2nd_back.jpg,Avijit Mondal,admin
27-06-2025,10:33:52,Bethamcherla,Saurashtra Enviro Projects Pvt. Ltd.,Legacy/MSW,T0516,AP27TW7569,On-site,30580.00,27-06-2025 10:28:10,10470.00,27-06-2025 10:33:39,20110.00,Legacy/MSW,Bethamcherla_AP27TW7569_20250627_102814_1st_front.jpg,Bethamcherla_AP27TW7569_20250627_102818_1st_back.jpg,Bethamcherla_AP27TW7569_20250627_103345_2nd_front.jpg,Bethamcherla_AP27TW7569_20250627_103348_2nd_back.jpg,Avijit Mondal,admin
27-06-2025,10:58:51,Bethamcherla,Saurashtra Enviro Projects Pvt. Ltd.,Legacy/MSW,T0517,AP21TB4935,On-site,31320.00,27-06-2025 10:52:07,11000.00,27-06-2025 10:58:38,20320.00,Legacy/MSW,Bethamcherla_AP21TB4935_20250627_105212_1st_front.jpg,Bethamcherla_AP21TB4935_20250627_105217_1st_back.jpg,Bethamcherla_AP21TB4935_20250627_105842_2nd_front.jpg,Bethamcherla_AP21TB4935_20250627_105845_2nd_back.jpg,Avijit Mondal,admin
27-06-2025,11:00:52,Bethamcherla,Saurashtra Enviro Projects Pvt. Ltd.,Legacy/MSW,T0518,AP28TC8081,On-site,28670.00,27-06-2025 10:53:28,11290.00,27-06-2025 11:00:39,17380.00,Legacy/MSW,Bethamcherla_AP28TC8081_20250627_105332_1st_front.jpg,Bethamcherla_AP28TC8081_20250627_105335_1st_back.jpg,Bethamcherla_AP28TC8081_20250627_110044_2nd_front.jpg,Bethamcherla_AP28TC8081_20250627_110047_2nd_back.jpg,Avijit Mondal,admin
27-06-2025,11:09:03,Bethamcherla,Saurashtra Enviro Projects Pvt. Ltd.,Legacy/MSW,T0519,AP27TW7569,On-site,31540.00,27-06-2025 11:01:46,10530.00,27-06-2025 11:08:50,21010.00,Legacy/MSW,Bethamcherla_AP27TW7569_20250627_110150_1st_front.jpg,Bethamcherla_AP27TW7569_20250627_110154_1st_back.jpg,Bethamcherla_AP27TW7569_20250627_110854_2nd_front.jpg,Bethamcherla_AP27TW7569_20250627_110858_2nd_back.jpg,Avijit Mondal,admin
27-06-2025,11:22:55,Bethamcherla,Saurashtra Enviro Projects Pvt. Ltd.,Legacy/MSW,T0520,AP21TB4935,On-site,29940.00,27-06-2025 11:16:56,10990.00,27-06-2025 11:22:43,18950.00,Legacy/MSW,Bethamcherla_AP21TB4935_20250627_111700_1st_front.jpg,Bethamcherla_AP21TB4935_20250627_111704_1st_back.jpg,Bethamcherla_AP21TB4935_20250627_112247_2nd_front.jpg,Bethamcherla_AP21TB4935_20250627_112250_2nd_back.jpg,Avijit Mondal,admin
27-06-2025,11:41:42,Bethamcherla,Saurashtra Enviro Projects Pvt. Ltd.,Legacy/MSW,T0521,AP28TC8081,On-site,29460.00,27-06-2025 11:35:24,11280.00,27-06-2025 11:41:30,18180.00,Legacy/MSW,Bethamcherla_AP28TC8081_20250627_113527_1st_front.jpg,Bethamcherla_AP28TC8081_20250627_113530_1st_back.jpg,Bethamcherla_AP28TC8081_20250627_114133_2nd_front.jpg,Bethamcherla_AP28TC8081_20250627_114137_2nd_back.jpg,Avijit Mondal,admin
27-06-2025,11:52:14,Bethamcherla,Saurashtra Enviro Projects Pvt. Ltd.,Legacy/MSW,T0522,AP27TW7569,On-site,28040.00,27-06-2025 11:45:43,10500.00,27-06-2025 11:52:03,17540.00,Legacy/MSW,Bethamcherla_AP27TW7569_20250627_114545_1st_front.jpg,Bethamcherla_AP27TW7569_20250627_114548_1st_back.jpg,Bethamcherla_AP27TW7569_20250627_115206_2nd_front.jpg,Bethamcherla_AP27TW7569_20250627_115210_2nd_back.jpg,Avijit Mondal,admin
27-06-2025,12:03:25,Bethamcherla,Saurashtra Enviro Projects Pvt. Ltd.,Legacy/MSW,T0523,AP21TB4935,On-site,27880.00,27-06-2025 11:56:38,10980.00,27-06-2025 12:03:12,16900.00,Legacy/MSW,Bethamcherla_AP21TB4935_20250627_115642_1st_front.jpg,Bethamcherla_AP21TB4935_20250627_115645_1st_back.jpg,Bethamcherla_AP21TB4935_20250627_120316_2nd_front.jpg,Bethamcherla_AP21TB4935_20250627_120320_2nd_back.jpg,Avijit Mondal,admin
27-06-2025,12:16:29,Bethamcherla,Saurashtra Enviro Projects Pvt. Ltd.,Legacy/MSW,T0524,AP28TC8081,On-site,27340.00,27-06-2025 12:11:35,11270.00,27-06-2025 12:16:18,16070.00,Legacy/MSW,Bethamcherla_AP28TC8081_20250627_121140_1st_front.jpg,Bethamcherla_AP28TC8081_20250627_121144_1st_back.jpg,Bethamcherla_AP28TC8081_20250627_121621_2nd_front.jpg,Bethamcherla_AP28TC8081_20250627_121625_2nd_back.jpg,Avijit Mondal,admin
27-06-2025,12:43:12,Bethamcherla,Saurashtra Enviro Projects Pvt. Ltd.,Legacy/MSW,T0525,AP27TW7569,On-site,28350.00,27-06-2025 12:25:04,10490.00,27-06-2025 12:43:01,17860.00,Legacy/MSW,Bethamcherla_AP27TW7569_20250627_122507_1st_front.jpg,Bethamcherla_AP27TW7569_20250627_122510_1st_back.jpg,Bethamcherla_AP27TW7569_20250627_124305_2nd_front.jpg,Bethamcherla_AP27TW7569_20250627_124308_2nd_back.jpg,Avijit Mondal,admin
27-06-2025,12:47:17,Bethamcherla,Saurashtra Enviro Projects Pvt. Ltd.,Legacy/MSW,T0526,AP21TB4935,On-site,28130.00,27-06-2025 12:37:18,10980.00,27-06-2025 12:47:07,17150.00,Legacy/MSW,Bethamcherla_AP21TB4935_20250627_123721_1st_front.jpg,Bethamcherla_AP21TB4935_20250627_123723_1st_back.jpg,Bethamcherla_AP21TB4935_20250627_124710_2nd_front.jpg,Bethamcherla_AP21TB4935_20250627_124713_2nd_back.jpg,Avijit Mondal,admin
27-06-2025,12:51:29,Bethamcherla,Saurashtra Enviro Projects Pvt. Ltd.,Legacy/MSW,T0527,AP28TC8081,On-site,26920.00,27-06-2025 12:44:09,11260.00,27-06-2025 12:51:18,15660.00,Legacy/MSW,Bethamcherla_AP28TC8081_20250627_124411_1st_front.jpg,Bethamcherla_AP28TC8081_20250627_124415_1st_back.jpg,Bethamcherla_AP28TC8081_20250627_125123_2nd_front.jpg,Bethamcherla_AP28TC8081_20250627_125125_2nd_back.jpg,Avijit Mondal,admin
27-06-2025,14:14:54,Bethamcherla,Saurashtra Enviro Projects Pvt. Ltd.,Legacy/MSW,T0528,AP21TB4935,On-site,30590.00,27-06-2025 14:08:30,11010.00,27-06-2025 14:14:42,19580.00,Legacy/MSW,Bethamcherla_AP21TB4935_20250627_140834_1st_front.jpg,Bethamcherla_AP21TB4935_20250627_140841_1st_back.jpg,Bethamcherla_AP21TB4935_20250627_141446_2nd_front.jpg,Bethamcherla_AP21TB4935_20250627_141449_2nd_back.jpg,Avijit Mondal,admin
27-06-2025,14:26:40,Bethamcherla,Saurashtra Enviro Projects Pvt. Ltd.,Legacy/MSW,T0529,AP28TC8081,On-site,26330.00,27-06-2025 14:21:12,11250.00,27-06-2025 14:26:27,15080.00,Legacy/MSW,Bethamcherla_AP28TC8081_20250627_142115_1st_front.jpg,Bethamcherla_AP28TC8081_20250627_142118_1st_back.jpg,Bethamcherla_AP28TC8081_20250627_142631_2nd_front.jpg,Bethamcherla_AP28TC8081_20250627_142634_2nd_back.jpg,Avijit Mondal,admin
27-06-2025,14:47:56,Bethamcherla,Saurashtra Enviro Projects Pvt. Ltd.,Legacy/MSW,T0530,AP21TB4935,On-site,27240.00,27-06-2025 14:40:56,10990.00,27-06-2025 14:47:43,16250.00,Legacy/MSW,Bethamcherla_AP21TB4935_20250627_144100_1st_front.jpg,Bethamcherla_AP21TB4935_20250627_144104_1st_back.jpg,Bethamcherla_AP21TB4935_20250627_144749_2nd_front.jpg,Bethamcherla_AP21TB4935_20250627_144751_2nd_back.jpg,Avijit Mondal,admin
27-06-2025,14:48:47,Bethamcherla,Saurashtra Enviro Projects Pvt. Ltd.,Legacy/MSW,T0531,AP27TW7569,On-site,28410.00,27-06-2025 14:42:34,10500.00,27-06-2025 14:48:38,17910.00,Legacy/MSW,Bethamcherla_AP27TW7569_20250627_144238_1st_front.jpg,Bethamcherla_AP27TW7569_20250627_144241_1st_back.jpg,Bethamcherla_AP27TW7569_20250627_144841_2nd_front.jpg,Bethamcherla_AP27TW7569_20250627_144844_2nd_back.jpg,Avijit Mondal,admin
27-06-2025,14:51:31,Bethamcherla,Saurashtra Enviro Projects Pvt. Ltd.,Legacy/MSW,T0532,AP28TC8081,On-site,26720.00,27-06-2025 14:46:26,11490.00,27-06-2025 14:51:23,15230.00,Legacy/MSW,Bethamcherla_AP28TC8081_20250627_144628_1st_front.jpg,Bethamcherla_AP28TC8081_20250627_144632_1st_back.jpg,Bethamcherla_AP28TC8081_20250627_145125_2nd_front.jpg,Bethamcherla_AP28TC8081_20250627_145128_2nd_back.jpg,Avijit Mondal,admin
27-06-2025,15:48:27,Bethamcherla,Saurashtra Enviro Projects Pvt. Ltd.,Legacy/MSW,T0533,AP27TW7569,On-site,24120.00,27-06-2025 15:43:38,10500.00,27-06-2025 15:48:08,13620.00,Legacy/MSW,Bethamcherla_AP27TW7569_20250627_154343_1st_front.jpg,Bethamcherla_AP27TW7569_20250627_154347_1st_back.jpg,Bethamcherla_AP27TW7569_20250627_154816_2nd_front.jpg,Bethamcherla_AP27TW7569_20250627_154820_2nd_back.jpg,Avijit Mondal,admin
27-06-2025,15:57:26,Bethamcherla,Saurashtra Enviro Projects Pvt. Ltd.,Legacy/MSW,T0534,AP21TB4935,On-site,25380.00,27-06-2025 15:51:55,10970.00,27-06-2025 15:57:13,14410.00,Legacy/MSW,Bethamcherla_AP21TB4935_20250627_155158_1st_front.jpg,Bethamcherla_AP21TB4935_20250627_155201_1st_back.jpg,Bethamcherla_AP21TB4935_20250627_155716_2nd_front.jpg,Bethamcherla_AP21TB4935_20250627_155720_2nd_back.jpg,Avijit Mondal,admin
27-06-2025,16:02:42,Bethamcherla,Saurashtra Enviro Projects Pvt. Ltd.,Legacy/MSW,T0535,AP28TC8081,On-site,25000.00,27-06-2025 15:58:18,11260.00,27-06-2025 16:02:31,13740.00,Legacy/MSW,Bethamcherla_AP28TC8081_20250627_155821_1st_front.jpg,Bethamcherla_AP28TC8081_20250627_155823_1st_back.jpg,Bethamcherla_AP28TC8081_20250627_160234_2nd_front.jpg,Bethamcherla_AP28TC8081_20250627_160237_2nd_back.jpg,Avijit Mondal,admin
27-06-2025,16:10:03,Bethamcherla,Saurashtra Enviro Projects Pvt. Ltd.,Legacy/MSW,T0536,AP27TW7569,On-site,26880.00,27-06-2025 16:03:36,10500.00,27-06-2025 16:09:51,16380.00,Legacy/MSW,Bethamcherla_AP27TW7569_20250627_160339_1st_front.jpg,Bethamcherla_AP27TW7569_20250627_160343_1st_back.jpg,Bethamcherla_AP27TW7569_20250627_160955_2nd_front.jpg,Bethamcherla_AP27TW7569_20250627_160959_2nd_back.jpg,Avijit Mondal,admin
27-06-2025,16:21:27,Bethamcherla,Saurashtra Enviro Projects Pvt. Ltd.,Legacy/MSW,T0537,AP21TB4935,On-site,28140.00,27-06-2025 16:15:22,10950.00,27-06-2025 16:21:14,17190.00,Legacy/MSW,Bethamcherla_AP21TB4935_20250627_161527_1st_front.jpg,Bethamcherla_AP21TB4935_20250627_161530_1st_back.jpg,Bethamcherla_AP21TB4935_20250627_162119_2nd_front.jpg,Bethamcherla_AP21TB4935_20250627_162121_2nd_back.jpg,Avijit Mondal,admin
27-06-2025,16:27:29,Bethamcherla,Saurashtra Enviro Projects Pvt. Ltd.,Legacy/MSW,T0538,AP28TC8081,On-site,26960.00,27-06-2025 16:22:46,11270.00,27-06-2025 16:27:16,15690.00,Legacy/MSW,Bethamcherla_AP28TC8081_20250627_162250_1st_front.jpg,Bethamcherla_AP28TC8081_20250627_162253_1st_back.jpg,Bethamcherla_AP28TC8081_20250627_162720_2nd_front.jpg,Bethamcherla_AP28TC8081_20250627_162723_2nd_back.jpg,Avijit Mondal,admin
27-06-2025,16:36:40,Bethamcherla,Saurashtra Enviro Projects Pvt. Ltd.,Legacy/MSW,T0539,AP27TW7569,On-site,27460.00,27-06-2025 16:30:00,10500.00,27-06-2025 16:36:27,16960.00,Legacy/MSW,Bethamcherla_AP27TW7569_20250627_163003_1st_front.jpg,Bethamcherla_AP27TW7569_20250627_163007_1st_back.jpg,Bethamcherla_AP27TW7569_20250627_163630_2nd_front.jpg,Bethamcherla_AP27TW7569_20250627_163633_2nd_back.jpg,Avijit Mondal,admin
27-06-2025,16:48:55,Bethamcherla,Saurashtra Enviro Projects Pvt. Ltd.,Legacy/MSW,T0540,AP21TB4935,On-site,26850.00,27-06-2025 16:42:49,10950.00,27-06-2025 16:48:43,15900.00,Legacy/MSW,Bethamcherla_AP21TB4935_20250627_164252_1st_front.jpg,Bethamcherla_AP21TB4935_20250627_164256_1st_back.jpg,Bethamcherla_AP21TB4935_20250627_164846_2nd_front.jpg,Bethamcherla_AP21TB4935_20250627_164850_2nd_back.jpg,Avijit Mondal,admin
27-06-2025,16:57:57,Bethamcherla,Saurashtra Enviro Projects Pvt. Ltd.,Legacy/MSW,T0541,AP28TC8081,On-site,28760.00,27-06-2025 16:52:12,11290.00,27-06-2025 16:57:31,17470.00,Legacy/MSW,Bethamcherla_AP28TC8081_20250627_165215_1st_front.jpg,Bethamcherla_AP28TC8081_20250627_165218_1st_back.jpg,Bethamcherla_AP28TC8081_20250627_165739_2nd_front.jpg,Bethamcherla_AP28TC8081_20250627_165744_2nd_back.jpg,Avijit Mondal,admin
27-06-2025,17:05:28,Bethamcherla,Saurashtra Enviro Projects Pvt. Ltd.,Legacy/MSW,T0542,AP27TW7569,On-site,30340.00,27-06-2025 16:55:57,10450.00,27-06-2025 17:05:02,19890.00,Legacy/MSW,Bethamcherla_AP27TW7569_20250627_165613_1st_front.jpg,Bethamcherla_AP27TW7569_20250627_165618_1st_back.jpg,Bethamcherla_AP27TW7569_20250627_170511_2nd_front.jpg,Bethamcherla_AP27TW7569_20250627_170518_2nd_back.jpg,Avijit Mondal,admin
27-06-2025,17:20:22,Bethamcherla,Saurashtra Enviro Projects Pvt. Ltd.,Legacy/MSW,T0543,AP21TB4935,On-site,26720.00,27-06-2025 17:12:09,10960.00,27-06-2025 17:20:01,15760.00,Legacy/MSW,Bethamcherla_AP21TB4935_20250627_171217_1st_front.jpg,Bethamcherla_AP21TB4935_20250627_171223_1st_back.jpg,Bethamcherla_AP21TB4935_20250627_172009_2nd_front.jpg,Bethamcherla_AP21TB4935_20250627_172015_2nd_back.jpg,Avijit Mondal,admin
27-06-2025,17:23:09,Bethamcherla,Saurashtra Enviro Projects Pvt. Ltd.,Legacy/MSW,T0544,AP28TC8081,On-site,28200.00,27-06-2025 17:18:22,11280.00,27-06-2025 17:22:56,16920.00,Legacy/MSW,Bethamcherla_AP28TC8081_20250627_171827_1st_front.jpg,Bethamcherla_AP28TC8081_20250627_171831_1st_back.jpg,Bethamcherla_AP28TC8081_20250627_172301_2nd_front.jpg,Bethamcherla_AP28TC8081_20250627_172304_2nd_back.jpg,Avijit Mondal,admin
27-06-2025,17:31:14,Bethamcherla,Saurashtra Enviro Projects Pvt. Ltd.,Legacy/MSW,T0545,AP27TW7569,On-site,28640.00,27-06-2025 17:24:04,10470.00,27-06-2025 17:30:56,18170.00,Legacy/MSW,Bethamcherla_AP27TW7569_20250627_172411_1st_front.jpg,Bethamcherla_AP27TW7569_20250627_172417_1st_back.jpg,Bethamcherla_AP27TW7569_20250627_173103_2nd_front.jpg,Bethamcherla_AP27TW7569_20250627_173108_2nd_back.jpg,Avijit Mondal,admin
27-06-2025,17:41:39,Bethamcherla,Saurashtra Enviro Projects Pvt. Ltd.,Legacy/MSW,T0546,AP21TB4935,On-site,30300.00,27-06-2025 17:35:34,10960.00,27-06-2025 17:41:18,19340.00,Legacy/MSW,Bethamcherla_AP21TB4935_20250627_173540_1st_front.jpg,Bethamcherla_AP21TB4935_20250627_173545_1st_back.jpg,Bethamcherla_AP21TB4935_20250627_174125_2nd_front.jpg,Bethamcherla_AP21TB4935_20250627_174131_2nd_back.jpg,Avijit Mondal,admin
27-06-2025,17:49:05,Bethamcherla,Saurashtra Enviro Projects Pvt. Ltd.,Legacy/MSW,T0547,AP28TC8081,On-site,28740.00,27-06-2025 17:42:40,11270.00,27-06-2025 17:48:46,17470.00,Legacy/MSW,Bethamcherla_AP28TC8081_20250627_174248_1st_front.jpg,Bethamcherla_AP28TC8081_20250627_174252_1st_back.jpg,Bethamcherla_AP28TC8081_20250627_174855_2nd_front.jpg,Bethamcherla_AP28TC8081_20250627_174900_2nd_back.jpg,Avijit Mondal,admin
27-06-2025,17:53:37,Bethamcherla,Saurashtra Enviro Projects Pvt. Ltd.,Legacy/MSW,T0548,AP27TW7569,On-site,29570.00,27-06-2025 17:47:03,10470.00,27-06-2025 17:53:18,19100.00,Legacy/MSW,Bethamcherla_AP27TW7569_20250627_174709_1st_front.jpg,Bethamcherla_AP27TW7569_20250627_174714_1st_back.jpg,Bethamcherla_AP27TW7569_20250627_175324_2nd_front.jpg,Bethamcherla_AP27TW7569_20250627_175330_2nd_back.jpg,Avijit Mondal,admin
27-06-2025,18:15:12,Bethamcherla,Saurashtra Enviro Projects Pvt. Ltd.,Legacy/MSW,T0549,AP21TB4935,On-site,24610.00,27-06-2025 17:59:47,10940.00,27-06-2025 18:15:00,13670.00,Legacy/MSW,Bethamcherla_AP21TB4935_20250627_175953_1st_front.jpg,Bethamcherla_AP21TB4935_20250627_175958_1st_back.jpg,Bethamcherla_AP21TB4935_20250627_181504_2nd_front.jpg,Bethamcherla_AP21TB4935_20250627_181507_2nd_back.jpg,Avijit Mondal,admin
27-06-2025,18:16:50,Bethamcherla,Saurashtra Enviro Projects Pvt. Ltd.,Legacy/MSW,T0550,AP28TC8081,On-site,29280.00,27-06-2025 18:11:47,11260.00,27-06-2025 18:16:40,18020.00,Legacy/MSW,Bethamcherla_AP28TC8081_20250627_181151_1st_front.jpg,Bethamcherla_AP28TC8081_20250627_181154_1st_back.jpg,Bethamcherla_AP28TC8081_20250627_181643_2nd_front.jpg,Bethamcherla_AP28TC8081_20250627_181646_2nd_back.jpg,Avijit Mondal,admin
27-06-2025,18:20:22,Bethamcherla,Saurashtra Enviro Projects Pvt. Ltd.,Legacy/MSW,T0551,AP27TW7569,On-site,29980.00,27-06-2025 18:13:49,10490.00,27-06-2025 18:20:07,19490.00,Legacy/MSW,Bethamcherla_AP27TW7569_20250627_181352_1st_front.jpg,Bethamcherla_AP27TW7569_20250627_181356_1st_back.jpg,Bethamcherla_AP27TW7569_20250627_182013_2nd_front.jpg,Bethamcherla_AP27TW7569_20250627_182017_2nd_back.jpg,Avijit Mondal,admin
27-06-2025,18:39:30,Bethamcherla,Saurashtra Enviro Projects Pvt. Ltd.,Legacy/MSW,T0552,AP21TB4935,On-site,25760.00,27-06-2025 18:33:07,10950.00,27-06-2025 18:39:12,14810.00,Legacy/MSW,Bethamcherla_AP21TB4935_20250627_183311_1st_front.jpg,Bethamcherla_AP21TB4935_20250627_183313_1st_back.jpg,Bethamcherla_AP21TB4935_20250627_183918_2nd_front.jpg,Bethamcherla_AP21TB4935_20250627_183922_2nd_back.jpg,Avijit Mondal,admin
27-06-2025,18:45:39,Bethamcherla,Saurashtra Enviro Projects Pvt. Ltd.,Legacy/MSW,T0553,AP28TC8081,On-site,27030.00,27-06-2025 18:40:29,11250.00,27-06-2025 18:45:24,15780.00,Legacy/MSW,Bethamcherla_AP28TC8081_20250627_184034_1st_front.jpg,Bethamcherla_AP28TC8081_20250627_184038_1st_back.jpg,Bethamcherla_AP28TC8081_20250627_184528_2nd_front.jpg,Bethamcherla_AP28TC8081_20250627_184532_2nd_back.jpg,Avijit Mondal,admin
27-06-2025,18:49:58,Bethamcherla,Saurashtra Enviro Projects Pvt. Ltd.,Legacy/MSW,T0554,AP27TW7569,On-site,26890.00,27-06-2025 18:44:16,10500.00,27-06-2025 18:49:46,16390.00,Legacy/MSW,Bethamcherla_AP27TW7569_20250627_184421_1st_front.jpg,Bethamcherla_AP27TW7569_20250627_184424_1st_back.jpg,Bethamcherla_AP27TW7569_20250627_184950_2nd_front.jpg,Bethamcherla_AP27TW7569_20250627_184954_2nd_back.jpg,Avijit Mondal,admin
27-06-2025,22:23:54,Bethamcherla,Saurashtra Enviro Projects Pvt. Ltd.,Legacy/MSW,T0555,AP28TC8081,On-site,25410.00,27-06-2025 22:11:42,11240.00,27-06-2025 22:23:44,14170.00,Legacy/MSW,Bethamcherla_AP28TC8081_20250627_221148_1st_front.jpg,Bethamcherla_AP28TC8081_20250627_221152_1st_back.jpg,Bethamcherla_AP28TC8081_20250627_222348_2nd_front.jpg,Bethamcherla_AP28TC8081_20250627_222351_2nd_back.jpg,Avijit Mondal,admin
27-06-2025,22:22:19,Bethamcherla,Saurashtra Enviro Projects Pvt. Ltd.,Legacy/MSW,T0556,AP27TW7569,On-site,27740.00,27-06-2025 22:14:46,10490.00,27-06-2025 22:22:10,17250.00,Legacy/MSW,Bethamcherla_AP27TW7569_20250627_221451_1st_front.jpg,Bethamcherla_AP27TW7569_20250627_221454_1st_back.jpg,Bethamcherla_AP27TW7569_20250627_222214_2nd_front.jpg,Bethamcherla_AP27TW7569_20250627_222217_2nd_back.jpg,Avijit Mondal,admin
27-06-2025,22:28:02,Bethamcherla,Saurashtra Enviro Projects Pvt. Ltd.,Legacy/MSW,T0557,AP21TB4935,On-site,27020.00,27-06-2025 22:16:43,10920.00,27-06-2025 22:27:40,16100.00,Legacy/MSW,Bethamcherla_AP21TB4935_20250627_221647_1st_front.jpg,Bethamcherla_AP21TB4935_20250627_221650_1st_back.jpg,Bethamcherla_AP21TB4935_20250627_222743_2nd_front.jpg,Bethamcherla_AP21TB4935_20250627_222746_2nd_back.jpg,Avijit Mondal,admin
27-06-2025,22:47:30,Bethamcherla,Saurashtra Enviro Projects Pvt. Ltd.,Legacy/MSW,T0558,AP27TW7569,On-site,27050.00,27-06-2025 22:39:21,10500.00,27-06-2025 22:47:10,16550.00,Legacy/MSW,Bethamcherla_AP27TW7569_20250627_223924_1st_front.jpg,Bethamcherla_AP27TW7569_20250627_223926_1st_back.jpg,Bethamcherla_AP27TW7569_20250627_224713_2nd_front.jpg,Bethamcherla_AP27TW7569_20250627_224716_2nd_back.jpg,Avijit Mondal,admin
27-06-2025,22:51:44,Bethamcherla,Saurashtra Enviro Projects Pvt. Ltd.,Legacy/MSW,T0559,AP28TC8081,On-site,27290.00,27-06-2025 22:45:21,11240.00,27-06-2025 22:51:22,16050.00,Legacy/MSW,Bethamcherla_AP28TC8081_20250627_224525_1st_front.jpg,Bethamcherla_AP28TC8081_20250627_224528_1st_back.jpg,Bethamcherla_AP28TC8081_20250627_225127_2nd_front.jpg,Bethamcherla_AP28TC8081_20250627_225130_2nd_back.jpg,Avijit Mondal,admin
27-06-2025,22:59:53,Bethamcherla,Saurashtra Enviro Projects Pvt. Ltd.,Legacy/MSW,T0560,AP21TB4935,On-site,26820.00,27-06-2025 22:52:55,10960.00,27-06-2025 22:59:43,15860.00,Legacy/MSW,Bethamcherla_AP21TB4935_20250627_225259_1st_front.jpg,Bethamcherla_AP21TB4935_20250627_225303_1st_back.jpg,Bethamcherla_AP21TB4935_20250627_225946_2nd_front.jpg,Bethamcherla_AP21TB4935_20250627_225950_2nd_back.jpg,Avijit Mondal,admin
27-06-2025,23:14:13,Bethamcherla,Saurashtra Enviro Projects Pvt. Ltd.,Legacy/MSW,T0561,AP27TW7569,On-site,26590.00,27-06-2025 23:08:31,10500.00,27-06-2025 23:13:53,16090.00,Legacy/MSW,Bethamcherla_AP27TW7569_20250627_230834_1st_front.jpg,Bethamcherla_AP27TW7569_20250627_230837_1st_back.jpg,Bethamcherla_AP27TW7569_20250627_231358_2nd_front.jpg,Bethamcherla_AP27TW7569_20250627_231404_2nd_back.jpg,Avijit Mondal,admin
27-06-2025,23:20:32,Bethamcherla,Saurashtra Enviro Projects Pvt. Ltd.,Legacy/MSW,T0562,AP28TC8081,On-site,25320.00,27-06-2025 23:15:33,11270.00,27-06-2025 23:20:14,14050.00,Legacy/MSW,Bethamcherla_AP28TC8081_20250627_231539_1st_front.jpg,Bethamcherla_AP28TC8081_20250627_231544_1st_back.jpg,Bethamcherla_AP28TC8081_20250627_232019_2nd_front.jpg,Bethamcherla_AP28TC8081_20250627_232024_2nd_back.jpg,Avijit Mondal,admin
27-06-2025,23:28:31,Bethamcherla,Saurashtra Enviro Projects Pvt. Ltd.,Legacy/MSW,T0563,AP21TB4935,On-site,27380.00,27-06-2025 23:22:05,10960.00,27-06-2025 23:28:17,16420.00,Legacy/MSW,Bethamcherla_AP21TB4935_20250627_232209_1st_front.jpg,Bethamcherla_AP21TB4935_20250627_232212_1st_back.jpg,Bethamcherla_AP21TB4935_20250627_232823_2nd_front.jpg,Bethamcherla_AP21TB4935_20250627_232827_2nd_back.jpg,Avijit Mondal,admin
27-06-2025,23:55:18,Bethamcherla,Saurashtra Enviro Projects Pvt. Ltd.,Legacy/MSW,T0564,AP27TW7569,On-site,26160.00,27-06-2025 23:48:12,10500.00,27-06-2025 23:55:08,15660.00,Legacy/MSW,Bethamcherla_AP27TW7569_20250627_234815_1st_front.jpg,Bethamcherla_AP27TW7569_20250627_234818_1st_back.jpg,Bethamcherla_AP27TW7569_20250627_235511_2nd_front.jpg,Bethamcherla_AP27TW7569_20250627_235514_2nd_back.jpg,Avijit Mondal,admin
27-06-2025,23:58:22,Bethamcherla,Saurashtra Enviro Projects Pvt. Ltd.,Legacy/MSW,T0565,AP28TC8081,On-site,25010.00,27-06-2025 23:54:02,11260.00,27-06-2025 23:58:09,13750.00,Legacy/MSW,Bethamcherla_AP28TC8081_20250627_235406_1st_front.jpg,Bethamcherla_AP28TC8081_20250627_235409_1st_back.jpg,Bethamcherla_AP28TC8081_20250627_235813_2nd_front.jpg,Bethamcherla_AP28TC8081_20250627_235817_2nd_back.jpg,Avijit Mondal,admin
28-06-2025,00:04:54,Bethamcherla,Saurashtra Enviro Projects Pvt. Ltd.,Legacy/MSW,T0566,AP21TB4935,On-site,28020.00,27-06-2025 23:59:43,10990.00,28-06-2025 00:04:45,17030.00,Legacy/MSW,Bethamcherla_AP21TB4935_20250627_235947_1st_front.jpg,Bethamcherla_AP21TB4935_20250627_235950_1st_back.jpg,Bethamcherla_AP21TB4935_20250628_000448_2nd_front.jpg,Bethamcherla_AP21TB4935_20250628_000451_2nd_back.jpg,Avijit Mondal,admin
28-06-2025,00:47:53,Bethamcherla,Saurashtra Enviro Projects Pvt. Ltd.,Legacy/MSW,T0567,AP27TW7569,On-site,23710.00,28-06-2025 00:41:34,10500.00,28-06-2025 00:47:40,13210.00,Legacy/MSW,Bethamcherla_AP27TW7569_20250628_004139_1st_front.jpg,Bethamcherla_AP27TW7569_20250628_004144_1st_back.jpg,Bethamcherla_AP27TW7569_20250628_004744_2nd_front.jpg,Bethamcherla_AP27TW7569_20250628_004748_2nd_back.jpg,Avijit Mondal,admin
28-06-2025,00:51:01,Bethamcherla,Saurashtra Enviro Projects Pvt. Ltd.,Legacy/MSW,T0568,AP28TC8081,On-site,25000.00,28-06-2025 00:46:23,11240.00,28-06-2025 00:50:50,13760.00,Legacy/MSW,Bethamcherla_AP28TC8081_20250628_004631_1st_front.jpg,Bethamcherla_AP28TC8081_20250628_004635_1st_back.jpg,Bethamcherla_AP28TC8081_20250628_005053_2nd_front.jpg,Bethamcherla_AP28TC8081_20250628_005056_2nd_back.jpg,Avijit Mondal,admin
28-06-2025,01:03:08,Bethamcherla,Saurashtra Enviro Projects Pvt. Ltd.,Legacy/MSW,T0569,AP21TB4935,On-site,25760.00,28-06-2025 00:56:57,10960.00,28-06-2025 01:02:57,14800.00,Legacy/MSW,Bethamcherla_AP21TB4935_20250628_005701_1st_front.jpg,Bethamcherla_AP21TB4935_20250628_005704_1st_back.jpg,Bethamcherla_AP21TB4935_20250628_010301_2nd_front.jpg,Bethamcherla_AP21TB4935_20250628_010304_2nd_back.jpg,Avijit Mondal,admin
28-06-2025,02:32:54,Bethamcherla,Saurashtra Enviro Projects Pvt. Ltd.,Legacy/MSW,T0570,AP27TW7569,On-site,24120.00,28-06-2025 02:26:32,10500.00,28-06-2025 02:32:42,13620.00,Legacy/MSW,Bethamcherla_AP27TW7569_20250628_022637_1st_front.jpg,Bethamcherla_AP27TW7569_20250628_022640_1st_back.jpg,Bethamcherla_AP27TW7569_20250628_023246_2nd_front.jpg,Bethamcherla_AP27TW7569_20250628_023250_2nd_back.jpg,Avijit Mondal,admin
28-06-2025,02:37:38,Bethamcherla,Saurashtra Enviro Projects Pvt. Ltd.,Legacy/MSW,T0571,AP21TB4935,On-site,23830.00,28-06-2025 02:31:20,10950.00,28-06-2025 02:37:24,12880.00,Legacy/MSW,Bethamcherla_AP21TB4935_20250628_023125_1st_front.jpg,Bethamcherla_AP21TB4935_20250628_023129_1st_back.jpg,Bethamcherla_AP21TB4935_20250628_023729_2nd_front.jpg,Bethamcherla_AP21TB4935_20250628_023732_2nd_back.jpg,Avijit Mondal,admin
28-06-2025,02:43:18,Bethamcherla,Saurashtra Enviro Projects Pvt. Ltd.,Legacy/MSW,T0572,AP28TC8081,On-site,25940.00,28-06-2025 02:38:43,11240.00,28-06-2025 02:43:06,14700.00,Legacy/MSW,Bethamcherla_AP28TC8081_20250628_023849_1st_front.jpg,Bethamcherla_AP28TC8081_20250628_023854_1st_back.jpg,Bethamcherla_AP28TC8081_20250628_024311_2nd_front.jpg,Bethamcherla_AP28TC8081_20250628_024315_2nd_back.jpg,Avijit Mondal,admin
28-06-2025,03:01:43,Bethamcherla,Saurashtra Enviro Projects Pvt. Ltd.,Legacy/MSW,T0573,AP27TW7569,On-site,27000.00,28-06-2025 02:55:46,10500.00,28-06-2025 03:01:24,16500.00,Legacy/MSW,Bethamcherla_AP27TW7569_20250628_025550_1st_front.jpg,Bethamcherla_AP27TW7569_20250628_025554_1st_back.jpg,Bethamcherla_AP27TW7569_20250628_030129_2nd_front.jpg,Bethamcherla_AP27TW7569_20250628_030139_2nd_back.jpg,Avijit Mondal,admin
28-06-2025,03:10:22,Bethamcherla,Saurashtra Enviro Projects Pvt. Ltd.,Legacy/MSW,T0574,AP21TB4935,On-site,27720.00,28-06-2025 03:03:57,10970.00,28-06-2025 03:10:11,16750.00,Legacy/MSW,Bethamcherla_AP21TB4935_20250628_030401_1st_front.jpg,Bethamcherla_AP21TB4935_20250628_030405_1st_back.jpg,Bethamcherla_AP21TB4935_20250628_031015_2nd_front.jpg,Bethamcherla_AP21TB4935_20250628_031018_2nd_back.jpg,Avijit Mondal,admin
28-06-2025,03:16:06,Bethamcherla,Saurashtra Enviro Projects Pvt. Ltd.,Legacy/MSW,T0575,AP27TW7569,On-site,29620.00,28-06-2025 03:11:28,11230.00,28-06-2025 03:15:55,18390.00,Legacy/MSW,Bethamcherla_AP27TW7569_20250628_031133_1st_front.jpg,Bethamcherla_AP27TW7569_20250628_031137_1st_back.jpg,Bethamcherla_AP27TW7569_20250628_031558_2nd_front.jpg,Bethamcherla_AP27TW7569_20250628_031602_2nd_back.jpg,Avijit Mondal,admin
28-06-2025,03:23:17,Bethamcherla,Saurashtra Enviro Projects Pvt. Ltd.,Legacy/MSW,T0576,AP28TC8081,On-site,29980.00,28-06-2025 03:17:23,10500.00,28-06-2025 03:23:05,19480.00,Legacy/MSW,Bethamcherla_AP28TC8081_20250628_031727_1st_front.jpg,Bethamcherla_AP28TC8081_20250628_031730_1st_back.jpg,Bethamcherla_AP28TC8081_20250628_032309_2nd_front.jpg,Bethamcherla_AP28TC8081_20250628_032313_2nd_back.jpg,Avijit Mondal,admin
28-06-2025,03:33:02,Bethamcherla,Saurashtra Enviro Projects Pvt. Ltd.,Legacy/MSW,T0577,AP21TB4935,On-site,28140.00,28-06-2025 03:24:58,10920.00,28-06-2025 03:32:46,17220.00,Legacy/MSW,Bethamcherla_AP21TB4935_20250628_032504_1st_front.jpg,Bethamcherla_AP21TB4935_20250628_032507_1st_back.jpg,Bethamcherla_AP21TB4935_20250628_033253_2nd_front.jpg,Bethamcherla_AP21TB4935_20250628_033257_2nd_back.jpg,Avijit Mondal,admin
28-06-2025,03:46:51,Bethamcherla,Saurashtra Enviro Projects Pvt. Ltd.,Legacy/MSW,T0578,AP27TW7569,On-site,28570.00,28-06-2025 03:39:49,10500.00,28-06-2025 03:46:38,18070.00,Legacy/MSW,Bethamcherla_AP27TW7569_20250628_033953_1st_front.jpg,Bethamcherla_AP27TW7569_20250628_033956_1st_back.jpg,Bethamcherla_AP27TW7569_20250628_034642_2nd_front.jpg,Bethamcherla_AP27TW7569_20250628_034646_2nd_back.jpg,Avijit Mondal,admin
28-06-2025,03:50:21,Bethamcherla,Saurashtra Enviro Projects Pvt. Ltd.,Legacy/MSW,T0579,AP28TC8081,On-site,28720.00,28-06-2025 03:45:24,11230.00,28-06-2025 03:50:06,17490.00,Legacy/MSW,Bethamcherla_AP28TC8081_20250628_034528_1st_front.jpg,Bethamcherla_AP28TC8081_20250628_034534_1st_back.jpg,Bethamcherla_AP28TC8081_20250628_035012_2nd_front.jpg,Bethamcherla_AP28TC8081_20250628_035018_2nd_back.jpg,Avijit Mondal,admin
28-06-2025,04:00:21,Bethamcherla,Saurashtra Enviro Projects Pvt. Ltd.,Legacy/MSW,T0580,AP21TB4935,On-site,26380.00,28-06-2025 03:54:50,11000.00,28-06-2025 04:00:10,15380.00,Legacy/MSW,Bethamcherla_AP21TB4935_20250628_035454_1st_front.jpg,Bethamcherla_AP21TB4935_20250628_035457_1st_back.jpg,Bethamcherla_AP21TB4935_20250628_040014_2nd_front.jpg,Bethamcherla_AP21TB4935_20250628_040018_2nd_back.jpg,Avijit Mondal,admin
28-06-2025,04:28:14,Bethamcherla,Saurashtra Enviro Projects Pvt. Ltd.,Legacy/MSW,T0581,AP27TW7569,On-site,28790.00,28-06-2025 04:19:55,10430.00,28-06-2025 04:28:02,18360.00,Legacy/MSW,Bethamcherla_AP27TW7569_20250628_041959_1st_front.jpg,Bethamcherla_AP27TW7569_20250628_042002_1st_back.jpg,Bethamcherla_AP27TW7569_20250628_042806_2nd_front.jpg,Bethamcherla_AP27TW7569_20250628_042809_2nd_back.jpg,Avijit Mondal,admin
28-06-2025,04:39:05,Bethamcherla,Saurashtra Enviro Projects Pvt. Ltd.,Legacy/MSW,T0582,AP28TC8081,On-site,29610.00,28-06-2025 04:34:42,11250.00,28-06-2025 04:38:54,18360.00,Legacy/MSW,Bethamcherla_AP28TC8081_20250628_043446_1st_front.jpg,Bethamcherla_AP28TC8081_20250628_043450_1st_back.jpg,Bethamcherla_AP28TC8081_20250628_043858_2nd_front.jpg,Bethamcherla_AP28TC8081_20250628_043902_2nd_back.jpg,Avijit Mondal,admin
28-06-2025,04:46:51,Bethamcherla,Saurashtra Enviro Projects Pvt. Ltd.,Legacy/MSW,T0583,AP21TB4935,On-site,27300.00,28-06-2025 04:40:38,10970.00,28-06-2025 04:46:38,16330.00,Legacy/MSW,Bethamcherla_AP21TB4935_20250628_044041_1st_front.jpg,Bethamcherla_AP21TB4935_20250628_044044_1st_back.jpg,Bethamcherla_AP21TB4935_20250628_044642_2nd_front.jpg,Bethamcherla_AP21TB4935_20250628_044645_2nd_back.jpg,Avijit Mondal,admin
28-06-2025,05:05:32,Bethamcherla,Saurashtra Enviro Projects Pvt. Ltd.,Legacy/MSW,T0584,AP27TW7569,On-site,27300.00,28-06-2025 04:59:46,10460.00,28-06-2025 05:05:20,16840.00,Legacy/MSW,Bethamcherla_AP27TW7569_20250628_045952_1st_front.jpg,Bethamcherla_AP27TW7569_20250628_045956_1st_back.jpg,Bethamcherla_AP27TW7569_20250628_050525_2nd_front.jpg,Bethamcherla_AP27TW7569_20250628_050528_2nd_back.jpg,Avijit Mondal,admin
28-06-2025,05:10:48,Bethamcherla,Saurashtra Enviro Projects Pvt. Ltd.,Legacy/MSW,T0585,AP28TC8081,On-site,26060.00,28-06-2025 05:06:26,11250.00,28-06-2025 05:10:37,14810.00,Legacy/MSW,Bethamcherla_AP28TC8081_20250628_050631_1st_front.jpg,Bethamcherla_AP28TC8081_20250628_050635_1st_back.jpg,Bethamcherla_AP28TC8081_20250628_051041_2nd_front.jpg,Bethamcherla_AP28TC8081_20250628_051044_2nd_back.jpg,Avijit Mondal,admin
28-06-2025,05:18:51,Bethamcherla,Saurashtra Enviro Projects Pvt. Ltd.,Legacy/MSW,T0586,AP21TB4935,On-site,27660.00,28-06-2025 05:12:44,10960.00,28-06-2025 05:18:39,16700.00,Legacy/MSW,Bethamcherla_AP21TB4935_20250628_051253_1st_front.jpg,Bethamcherla_AP21TB4935_20250628_051256_1st_back.jpg,Bethamcherla_AP21TB4935_20250628_051843_2nd_front.jpg,Bethamcherla_AP21TB4935_20250628_051847_2nd_back.jpg,Avijit Mondal,admin
28-06-2025,05:27:16,Bethamcherla,Saurashtra Enviro Projects Pvt. Ltd.,Legacy/MSW,T0587,AP27TW7569,On-site,27190.00,28-06-2025 05:19:50,10470.00,28-06-2025 05:27:05,16720.00,Legacy/MSW,Bethamcherla_AP27TW7569_20250628_051954_1st_front.jpg,Bethamcherla_AP27TW7569_20250628_051958_1st_back.jpg,Bethamcherla_AP27TW7569_20250628_052708_2nd_front.jpg,Bethamcherla_AP27TW7569_20250628_052711_2nd_back.jpg,Avijit Mondal,admin
28-06-2025,05:30:34,Bethamcherla,Saurashtra Enviro Projects Pvt. Ltd.,Legacy/MSW,T0588,AP28TC8081,On-site,27910.00,28-06-2025 05:25:36,11250.00,28-06-2025 05:30:20,16660.00,Legacy/MSW,Bethamcherla_AP28TC8081_20250628_052541_1st_front.jpg,Bethamcherla_AP28TC8081_20250628_052545_1st_back.jpg,Bethamcherla_AP28TC8081_20250628_053024_2nd_front.jpg,Bethamcherla_AP28TC8081_20250628_053030_2nd_back.jpg,Avijit Mondal,admin
28-06-2025,05:40:06,Bethamcherla,Saurashtra Enviro Projects Pvt. Ltd.,Legacy/MSW,T0589,AP21TB4935,On-site,27180.00,28-06-2025 05:34:06,10960.00,28-06-2025 05:39:55,16220.00,Legacy/MSW,Bethamcherla_AP21TB4935_20250628_053415_1st_front.jpg,Bethamcherla_AP21TB4935_20250628_053421_1st_back.jpg,Bethamcherla_AP21TB4935_20250628_053959_2nd_front.jpg,Bethamcherla_AP21TB4935_20250628_054002_2nd_back.jpg,Avijit Mondal,admin
28-06-2025,05:54:10,Bethamcherla,Saurashtra Enviro Projects Pvt. Ltd.,Legacy/MSW,T0590,AP27TW7569,On-site,29160.00,28-06-2025 05:47:55,10470.00,28-06-2025 05:53:56,18690.00,Legacy/MSW,Bethamcherla_AP27TW7569_20250628_054800_1st_front.jpg,Bethamcherla_AP27TW7569_20250628_054804_1st_back.jpg,Bethamcherla_AP27TW7569_20250628_055403_2nd_front.jpg,Bethamcherla_AP27TW7569_20250628_055406_2nd_back.jpg,Avijit Mondal,admin
28-06-2025,06:01:05,Bethamcherla,Saurashtra Enviro Projects Pvt. Ltd.,Legacy/MSW,T0591,AP28TC8081,On-site,26550.00,28-06-2025 05:56:10,11250.00,28-06-2025 06:00:54,15300.00,Legacy/MSW,Bethamcherla_AP28TC8081_20250628_055616_1st_front.jpg,Bethamcherla_AP28TC8081_20250628_055620_1st_back.jpg,Bethamcherla_AP28TC8081_20250628_060058_2nd_front.jpg,Bethamcherla_AP28TC8081_20250628_060102_2nd_back.jpg,Avijit Mondal,admin
28-06-2025,06:08:20,Bethamcherla,Saurashtra Enviro Projects Pvt. Ltd.,Legacy/MSW,T0592,AP21TB4935,On-site,29370.00,28-06-2025 06:03:34,10960.00,28-06-2025 06:08:09,18410.00,Legacy/MSW,Bethamcherla_AP21TB4935_20250628_060339_1st_front.jpg,Bethamcherla_AP21TB4935_20250628_060343_1st_back.jpg,Bethamcherla_AP21TB4935_20250628_060812_2nd_front.jpg,Bethamcherla_AP21TB4935_20250628_060815_2nd_back.jpg,Avijit Mondal,admin
28-06-2025,09:03:26,Bethamcherla,Saurashtra Enviro Projects Pvt. Ltd.,Legacy/MSW,T0593,AP37TD4869,On-site,30510.00,28-06-2025 08:55:21,10370.00,28-06-2025 09:03:14,20140.00,Legacy/MSW,Bethamcherla_AP37TD4869_20250628_085536_1st_front.jpg,Bethamcherla_AP37TD4869_20250628_085544_1st_back.jpg,Bethamcherla_AP37TD4869_20250628_090318_2nd_front.jpg,Bethamcherla_AP37TD4869_20250628_090322_2nd_back.jpg,Avijit Mondal,admin
28-06-2025,08:59:26,Bethamcherla,Saurashtra Enviro Projects Pvt. Ltd.,Legacy/MSW,T0594,AP21TB4935,On-site,26170.00,28-06-2025 08:58:55,10950.00,28-06-2025 08:59:05,15220.00,Legacy/MSW,,,Bethamcherla_AP21TB4935_20250628_085911_2nd_front.jpg,Bethamcherla_AP21TB4935_20250628_085915_2nd_back.jpg,Avijit Mondal,admin
28-06-2025,09:14:31,Bethamcherla,Saurashtra Enviro Projects Pvt. Ltd.,Legacy/MSW,T0595,AP28TC8081,On-site,27760.00,28-06-2025 09:08:33,11290.00,28-06-2025 09:14:23,16470.00,Legacy/MSW,Bethamcherla_AP28TC8081_20250628_090836_1st_front.jpg,Bethamcherla_AP28TC8081_20250628_090840_1st_back.jpg,,,Avijit Mondal,admin
28-06-2025,09:18:51,Bethamcherla,Saurashtra Enviro Projects Pvt. Ltd.,Legacy/MSW,T0596,AP27TW7569,On-site,27140.00,28-06-2025 09:12:14,10520.00,28-06-2025 09:18:35,16620.00,Legacy/MSW,Bethamcherla_AP27TW7569_20250628_091218_1st_front.jpg,Bethamcherla_AP27TW7569_20250628_091221_1st_back.jpg,Bethamcherla_AP27TW7569_20250628_091842_2nd_front.jpg,Bethamcherla_AP27TW7569_20250628_091846_2nd_back.jpg,Avijit Mondal,admin
28-06-2025,09:39:37,Bethamcherla,Saurashtra Enviro Projects Pvt. Ltd.,Legacy/MSW,T0597,AP37TD4869,On-site,31130.00,28-06-2025 09:32:31,10360.00,28-06-2025 09:39:22,20770.00,Legacy/MSW,Bethamcherla_AP37TD4869_20250628_093239_1st_front.jpg,Bethamcherla_AP37TD4869_20250628_093244_1st_back.jpg,Bethamcherla_AP37TD4869_20250628_093928_2nd_front.jpg,Bethamcherla_AP37TD4869_20250628_093933_2nd_back.jpg,Avijit Mondal,admin
28-06-2025,09:43:27,Bethamcherla,Saurashtra Enviro Projects Pvt. Ltd.,Legacy/MSW,T0598,AP21TB4935,On-site,27260.00,28-06-2025 09:37:19,10950.00,28-06-2025 09:43:06,16310.00,Legacy/MSW,Bethamcherla_AP21TB4935_20250628_093724_1st_front.jpg,Bethamcherla_AP21TB4935_20250628_093730_1st_back.jpg,Bethamcherla_AP21TB4935_20250628_094314_2nd_front.jpg,Bethamcherla_AP21TB4935_20250628_094322_2nd_back.jpg,Avijit Mondal,admin
28-06-2025,09:55:55,Bethamcherla,Saurashtra Enviro Projects Pvt. Ltd.,Legacy/MSW,T0599,AP28TC8081,On-site,26310.00,28-06-2025 09:47:26,11280.00,28-06-2025 09:55:42,15030.00,Legacy/MSW,Bethamcherla_AP28TC8081_20250628_094732_1st_front.jpg,Bethamcherla_AP28TC8081_20250628_094738_1st_back.jpg,Bethamcherla_AP28TC8081_20250628_095546_2nd_front.jpg,Bethamcherla_AP28TC8081_20250628_095549_2nd_back.jpg,Avijit Mondal,admin
28-06-2025,10:06:06,Bethamcherla,Saurashtra Enviro Projects Pvt. Ltd.,Legacy/MSW,T0600,AP27TW7569,On-site,27640.00,28-06-2025 09:54:20,10470.00,28-06-2025 10:04:57,17170.00,Legacy/MSW,Bethamcherla_AP27TW7569_20250628_095423_1st_front.jpg,Bethamcherla_AP27TW7569_20250628_095426_1st_back.jpg,Bethamcherla_AP27TW7569_20250628_100557_2nd_front.jpg,Bethamcherla_AP27TW7569_20250628_100601_2nd_back.jpg,Avijit Mondal,admin
28-06-2025,10:07:11,Bethamcherla,Saurashtra Enviro Projects Pvt. Ltd.,Legacy/MSW,T0601,AP37TD4869,On-site,29760.00,28-06-2025 10:03:05,10360.00,28-06-2025 10:07:00,18800.00,Legacy/MSW,Bethamcherla_AP37TD4869_20250628_100318_1st_front.jpg,Bethamcherla_AP37TD4869_20250628_100324_1st_back.jpg,Bethamcherla_AP37TD4869_20250628_100705_2nd_front.jpg,Bethamcherla_AP37TD4869_20250628_100708_2nd_back.jpg,Avijit Mondal,admin
28-06-2025,10:33:18,Bethamcherla,Saurashtra Enviro Projects Pvt. Ltd.,Legacy/MSW,T0602,AP27TW7569,On-site,28670.00,28-06-2025 10:27:32,10480.00,28-06-2025 10:33:07,18190.00,Legacy/MSW,Bethamcherla_AP27TW7569_20250628_102736_1st_front.jpg,Bethamcherla_AP27TW7569_20250628_102739_1st_back.jpg,Bethamcherla_AP27TW7569_20250628_103311_2nd_front.jpg,Bethamcherla_AP27TW7569_20250628_103314_2nd_back.jpg,Avijit Mondal,admin
28-06-2025,10:43:41,Bethamcherla,Saurashtra Enviro Projects Pvt. Ltd.,Legacy/MSW,T0603,AP37TD4869,On-site,30300.00,28-06-2025 10:36:22,10360.00,28-06-2025 10:43:27,19940.00,Legacy/MSW,Bethamcherla_AP37TD4869_20250628_103626_1st_front.jpg,Bethamcherla_AP37TD4869_20250628_103629_1st_back.jpg,Bethamcherla_AP37TD4869_20250628_104333_2nd_front.jpg,Bethamcherla_AP37TD4869_20250628_104335_2nd_back.jpg,Avijit Mondal,admin
28-06-2025,10:49:54,Bethamcherla,Saurashtra Enviro Projects Pvt. Ltd.,Legacy/MSW,T0604,AP21TB4935,On-site,27200.00,28-06-2025 10:45:08,10940.00,28-06-2025 10:49:44,16260.00,Legacy/MSW,Bethamcherla_AP21TB4935_20250628_104513_1st_front.jpg,Bethamcherla_AP21TB4935_20250628_104516_1st_back.jpg,Bethamcherla_AP21TB4935_20250628_104947_2nd_front.jpg,Bethamcherla_AP21TB4935_20250628_104950_2nd_back.jpg,Avijit Mondal,admin
28-06-2025,11:00:48,Bethamcherla,Saurashtra Enviro Projects Pvt. Ltd.,Legacy/MSW,T0605,AP27TW7569,On-site,29510.00,28-06-2025 10:53:54,10540.00,28-06-2025 11:00:33,18970.00,Legacy/MSW,Bethamcherla_AP27TW7569_20250628_105401_1st_front.jpg,Bethamcherla_AP27TW7569_20250628_105406_1st_back.jpg,Bethamcherla_AP27TW7569_20250628_110038_2nd_front.jpg,Bethamcherla_AP27TW7569_20250628_110043_2nd_back.jpg,Avijit Mondal,admin
28-06-2025,11:11:45,Bethamcherla,Saurashtra Enviro Projects Pvt. Ltd.,Legacy/MSW,T0606,AP37TD4869,On-site,29480.00,28-06-2025 11:03:31,10370.00,28-06-2025 11:11:25,19110.00,Legacy/MSW,Bethamcherla_AP37TD4869_20250628_110338_1st_front.jpg,Bethamcherla_AP37TD4869_20250628_110342_1st_back.jpg,Bethamcherla_AP37TD4869_20250628_111133_2nd_front.jpg,Bethamcherla_AP37TD4869_20250628_111138_2nd_back.jpg,Avijit Mondal,admin
28-06-2025,11:18:28,Bethamcherla,Saurashtra Enviro Projects Pvt. Ltd.,Legacy/MSW,T0607,AP21TB4935,On-site,27710.00,28-06-2025 11:12:44,10940.00,28-06-2025 11:18:08,16770.00,Legacy/MSW,Bethamcherla_AP21TB4935_20250628_111252_1st_front.jpg,Bethamcherla_AP21TB4935_20250628_111255_1st_back.jpg,Bethamcherla_AP21TB4935_20250628_111816_2nd_front.jpg,Bethamcherla_AP21TB4935_20250628_111822_2nd_back.jpg,Avijit Mondal,admin
28-06-2025,11:26:46,Bethamcherla,Saurashtra Enviro Projects Pvt. Ltd.,Legacy/MSW,T0608,AP27TW7569,On-site,29380.00,28-06-2025 11:19:34,10510.00,28-06-2025 11:26:35,18870.00,Legacy/MSW,Bethamcherla_AP27TW7569_20250628_111939_1st_front.jpg,Bethamcherla_AP27TW7569_20250628_111944_1st_back.jpg,Bethamcherla_AP27TW7569_20250628_112639_2nd_front.jpg,Bethamcherla_AP27TW7569_20250628_112643_2nd_back.jpg,Avijit Mondal,admin
28-06-2025,11:48:57,Bethamcherla,Saurashtra Enviro Projects Pvt. Ltd.,Legacy/MSW,T0609,AP37TD4869,On-site,29360.00,28-06-2025 11:31:41,10360.00,28-06-2025 11:48:45,19000.00,Legacy/MSW,Bethamcherla_AP37TD4869_20250628_113148_1st_front.jpg,Bethamcherla_AP37TD4869_20250628_113153_1st_back.jpg,Bethamcherla_AP37TD4869_20250628_114849_2nd_front.jpg,Bethamcherla_AP37TD4869_20250628_114853_2nd_back.jpg,Avijit Mondal,admin
28-06-2025,11:50:20,Bethamcherla,Saurashtra Enviro Projects Pvt. Ltd.,Legacy/MSW,T0610,AP21TB4935,On-site,27180.00,28-06-2025 11:40:14,10950.00,28-06-2025 11:50:09,16230.00,Legacy/MSW,Bethamcherla_AP21TB4935_20250628_114018_1st_front.jpg,Bethamcherla_AP21TB4935_20250628_114025_1st_back.jpg,Bethamcherla_AP21TB4935_20250628_115013_2nd_front.jpg,Bethamcherla_AP21TB4935_20250628_115017_2nd_back.jpg,Avijit Mondal,admin
28-06-2025,11:53:26,Bethamcherla,Saurashtra Enviro Projects Pvt. Ltd.,Legacy/MSW,T0611,AP27TW7569,On-site,27470.00,28-06-2025 11:46:34,10580.00,28-06-2025 11:53:03,16890.00,Legacy/MSW,Bethamcherla_AP27TW7569_20250628_114640_1st_front.jpg,Bethamcherla_AP27TW7569_20250628_114644_1st_back.jpg,Bethamcherla_AP27TW7569_20250628_115311_2nd_front.jpg,Bethamcherla_AP27TW7569_20250628_115319_2nd_back.jpg,Avijit Mondal,admin
28-06-2025,12:03:38,Bethamcherla,Saurashtra Enviro Projects Pvt. Ltd.,Legacy/MSW,T0612,AP28TC8081,On-site,28080.00,28-06-2025 11:57:31,11260.00,28-06-2025 12:03:18,16820.00,Legacy/MSW,Bethamcherla_AP28TC8081_20250628_115738_1st_front.jpg,Bethamcherla_AP28TC8081_20250628_115744_1st_back.jpg,Bethamcherla_AP28TC8081_20250628_120323_2nd_front.jpg,Bethamcherla_AP28TC8081_20250628_120329_2nd_back.jpg,Avijit Mondal,admin
28-06-2025,12:15:20,Bethamcherla,Saurashtra Enviro Projects Pvt. Ltd.,Legacy/MSW,T0613,AP37TD4869,On-site,28930.00,28-06-2025 12:09:09,10360.00,28-06-2025 12:15:06,18570.00,Legacy/MSW,Bethamcherla_AP37TD4869_20250628_120915_1st_front.jpg,Bethamcherla_AP37TD4869_20250628_120920_1st_back.jpg,Bethamcherla_AP37TD4869_20250628_121513_2nd_front.jpg,Bethamcherla_AP37TD4869_20250628_121516_2nd_back.jpg,Avijit Mondal,admin
28-06-2025,12:22:45,Bethamcherla,Saurashtra Enviro Projects Pvt. Ltd.,Legacy/MSW,T0614,AP21TB4935,On-site,26570.00,28-06-2025 12:16:47,10930.00,28-06-2025 12:22:32,15640.00,Legacy/MSW,Bethamcherla_AP21TB4935_20250628_121653_1st_front.jpg,Bethamcherla_AP21TB4935_20250628_121657_1st_back.jpg,Bethamcherla_AP21TB4935_20250628_122238_2nd_front.jpg,Bethamcherla_AP21TB4935_20250628_122242_2nd_back.jpg,Avijit Mondal,admin
28-06-2025,12:31:56,Bethamcherla,Saurashtra Enviro Projects Pvt. Ltd.,Legacy/MSW,T0615,AP27TW7569,On-site,29380.00,28-06-2025 12:24:42,10590.00,28-06-2025 12:31:36,18790.00,Legacy/MSW,Bethamcherla_AP27TW7569_20250628_122448_1st_front.jpg,Bethamcherla_AP27TW7569_20250628_122452_1st_back.jpg,Bethamcherla_AP27TW7569_20250628_123142_2nd_front.jpg,Bethamcherla_AP27TW7569_20250628_123151_2nd_back.jpg,Avijit Mondal,admin
28-06-2025,12:40:07,Bethamcherla,Saurashtra Enviro Projects Pvt. Ltd.,Legacy/MSW,T0616,AP28TC8081,On-site,26790.00,28-06-2025 12:34:03,11270.00,28-06-2025 12:39:53,15520.00,Legacy/MSW,Bethamcherla_AP28TC8081_20250628_123409_1st_front.jpg,Bethamcherla_AP28TC8081_20250628_123414_1st_back.jpg,Bethamcherla_AP28TC8081_20250628_123958_2nd_front.jpg,Bethamcherla_AP28TC8081_20250628_124003_2nd_back.jpg,Avijit Mondal,admin
28-06-2025,12:54:14,Bethamcherla,Saurashtra Enviro Projects Pvt. Ltd.,Legacy/MSW,T0617,AP37TD4869,On-site,29050.00,28-06-2025 12:43:13,10360.00,28-06-2025 12:54:01,18690.00,Legacy/MSW,Bethamcherla_AP37TD4869_20250628_124318_1st_front.jpg,Bethamcherla_AP37TD4869_20250628_124323_1st_back.jpg,Bethamcherla_AP37TD4869_20250628_125406_2nd_front.jpg,Bethamcherla_AP37TD4869_20250628_125410_2nd_back.jpg,Avijit Mondal,admin
28-06-2025,12:59:28,Bethamcherla,Saurashtra Enviro Projects Pvt. Ltd.,Legacy/MSW,T0618,AP21TB4935,On-site,27270.00,28-06-2025 12:51:17,10900.00,28-06-2025 12:59:15,16370.00,Legacy/MSW,Bethamcherla_AP21TB4935_20250628_125122_1st_front.jpg,Bethamcherla_AP21TB4935_20250628_125127_1st_back.jpg,Bethamcherla_AP21TB4935_20250628_125920_2nd_front.jpg,Bethamcherla_AP21TB4935_20250628_125924_2nd_back.jpg,Avijit Mondal,admin
28-06-2025,13:03:48,Bethamcherla,Saurashtra Enviro Projects Pvt. Ltd.,Legacy/MSW,T0619,AP27TW7569,On-site,27700.00,28-06-2025 12:58:05,10480.00,28-06-2025 13:03:34,17220.00,Legacy/MSW,Bethamcherla_AP27TW7569_20250628_125811_1st_front.jpg,Bethamcherla_AP27TW7569_20250628_125815_1st_back.jpg,Bethamcherla_AP27TW7569_20250628_130339_2nd_front.jpg,Bethamcherla_AP27TW7569_20250628_130343_2nd_back.jpg,Avijit Mondal,admin
28-06-2025,15:55:37,Bethamcherla,Saurashtra Enviro Projects Pvt. Ltd.,Soil,T0620,AP21TB4935,On-site,26600.00,28-06-2025 15:09:00,10920.00,28-06-2025 15:55:26,15680.00,Soil,Bethamcherla_AP21TB4935_20250628_150908_1st_front.jpg,Bethamcherla_AP21TB4935_20250628_150911_1st_back.jpg,Bethamcherla_AP21TB4935_20250628_155531_2nd_front.jpg,Bethamcherla_AP21TB4935_20250628_155534_2nd_back.jpg,Avijit Mondal,admin
28-06-2025,15:57:03,Bethamcherla,Saurashtra Enviro Projects Pvt. Ltd.,Soil,T0621,AP28TC8081,On-site,26350.00,28-06-2025 15:11:59,11240.00,28-06-2025 15:56:53,15110.00,Soil,Bethamcherla_AP28TC8081_20250628_151203_1st_front.jpg,Bethamcherla_AP28TC8081_20250628_151206_1st_back.jpg,Bethamcherla_AP28TC8081_20250628_155656_2nd_front.jpg,Bethamcherla_AP28TC8081_20250628_155700_2nd_back.jpg,Avijit Mondal,admin
28-06-2025,15:53:55,Bethamcherla,Saurashtra Enviro Projects Pvt. Ltd.,Soil,T0622,AP37TD4869,On-site,28740.00,28-06-2025 15:13:17,10380.00,28-06-2025 15:53:42,18360.00,Soil,Bethamcherla_AP37TD4869_20250628_151320_1st_front.jpg,Bethamcherla_AP37TD4869_20250628_151323_1st_back.jpg,Bethamcherla_AP37TD4869_20250628_155346_2nd_front.jpg,Bethamcherla_AP37TD4869_20250628_155349_2nd_back.jpg,Avijit Mondal,admin
28-06-2025,15:52:53,Bethamcherla,Saurashtra Enviro Projects Pvt. Ltd.,Soil,T0623,AP27TW7569,On-site,27780.00,28-06-2025 15:14:40,10550.00,28-06-2025 15:52:02,17230.00,Soil,Bethamcherla_AP27TW7569_20250628_151443_1st_front.jpg,Bethamcherla_AP27TW7569_20250628_151447_1st_back.jpg,Bethamcherla_AP27TW7569_20250628_155206_2nd_front.jpg,Bethamcherla_AP27TW7569_20250628_155209_2nd_back.jpg,Avijit Mondal,admin
28-06-2025,16:48:23,Bethamcherla,Saurashtra Enviro Projects Pvt. Ltd.,Soil,T0624,AP27TW7569,On-site,26070.00,28-06-2025 16:00:49,10500.00,28-06-2025 16:48:11,15570.00,Soil,Bethamcherla_AP27TW7569_20250628_160053_1st_front.jpg,Bethamcherla_AP27TW7569_20250628_160058_1st_back.jpg,Bethamcherla_AP27TW7569_20250628_164814_2nd_front.jpg,Bethamcherla_AP27TW7569_20250628_164819_2nd_back.jpg,Avijit Mondal,admin
28-06-2025,17:04:10,Bethamcherla,Saurashtra Enviro Projects Pvt. Ltd.,Soil,T0625,AP37TD4869,On-site,25400.00,28-06-2025 16:04:47,10370.00,28-06-2025 17:04:00,15030.00,Soil,Bethamcherla_AP37TD4869_20250628_160451_1st_front.jpg,Bethamcherla_AP37TD4869_20250628_160454_1st_back.jpg,Bethamcherla_AP37TD4869_20250628_170403_2nd_front.jpg,Bethamcherla_AP37TD4869_20250628_170406_2nd_back.jpg,Avijit Mondal,admin
28-06-2025,17:12:15,Bethamcherla,Saurashtra Enviro Projects Pvt. Ltd.,Inert,T0626,AP21TB4935,On-site,26370.00,28-06-2025 16:37:21,10870.00,28-06-2025 17:12:03,15500.00,Inert,Bethamcherla_AP21TB4935_20250628_163724_1st_front.jpg,Bethamcherla_AP21TB4935_20250628_163728_1st_back.jpg,Bethamcherla_AP21TB4935_20250628_171207_2nd_front.jpg,Bethamcherla_AP21TB4935_20250628_171210_2nd_back.jpg,Avijit Mondal,admin
28-06-2025,17:43:24,Bethamcherla,Saurashtra Enviro Projects Pvt. Ltd.,Inert,T0627,AP28TC8081,On-site,25710.00,28-06-2025 16:57:16,11230.00,28-06-2025 17:43:13,14480.00,Inert,Bethamcherla_AP28TC8081_20250628_165721_1st_front.jpg,Bethamcherla_AP28TC8081_20250628_165725_1st_back.jpg,Bethamcherla_AP28TC8081_20250628_174318_2nd_front.jpg,Bethamcherla_AP28TC8081_20250628_174321_2nd_back.jpg,Avijit Mondal,admin
28-06-2025,17:44:58,Bethamcherla,Saurashtra Enviro Projects Pvt. Ltd.,Inert,T0628,AP27TW7569,On-site,24210.00,28-06-2025 17:09:00,10490.00,28-06-2025 17:44:47,13720.00,Inert,Bethamcherla_AP27TW7569_20250628_170903_1st_front.jpg,Bethamcherla_AP27TW7569_20250628_170906_1st_back.jpg,Bethamcherla_AP27TW7569_20250628_174451_2nd_front.jpg,Bethamcherla_AP27TW7569_20250628_174454_2nd_back.jpg,Avijit Mondal,admin
28-06-2025,21:15:20,Bethamcherla,Saurashtra Enviro Projects Pvt. Ltd.,Inert,T0629,AP37TD4869,On-site,26670.00,28-06-2025 17:41:28,10340.00,28-06-2025 21:15:02,16330.00,Inert,Bethamcherla_AP37TD4869_20250628_174132_1st_front.jpg,Bethamcherla_AP37TD4869_20250628_174135_1st_back.jpg,Bethamcherla_AP37TD4869_20250628_211508_2nd_front.jpg,Bethamcherla_AP37TD4869_20250628_211513_2nd_back.jpg,Avijit Mondal,admin
28-06-2025,18:50:52,Bethamcherla,Saurashtra Enviro Projects Pvt. Ltd.,Inert,T0630,AP28TC8081,On-site,25200.00,28-06-2025 17:52:44,11580.00,28-06-2025 18:50:38,13620.00,Inert,Bethamcherla_AP28TC8081_20250628_175247_1st_front.jpg,Bethamcherla_AP28TC8081_20250628_175249_1st_back.jpg,Bethamcherla_AP28TC8081_20250628_185044_2nd_front.jpg,Bethamcherla_AP28TC8081_20250628_185048_2nd_back.jpg,Avijit Mondal,admin
28-06-2025,21:20:24,Bethamcherla,Saurashtra Enviro Projects Pvt. Ltd.,Inert,T0631,AP27TW7569,On-site,26510.00,28-06-2025 17:59:00,11270.00,28-06-2025 21:20:06,15240.00,Inert,Bethamcherla_AP27TW7569_20250628_175903_1st_front.jpg,Bethamcherla_AP27TW7569_20250628_175906_1st_back.jpg,Bethamcherla_AP27TW7569_20250628_212011_2nd_front.jpg,Bethamcherla_AP27TW7569_20250628_212014_2nd_back.jpg,Avijit Mondal,admin
28-06-2025,21:32:41,Bethamcherla,Saurashtra Enviro Projects Pvt. Ltd.,Legacy/MSW,T0632,AP21TB4935,On-site,26050.00,28-06-2025 21:26:02,10850.00,28-06-2025 21:32:26,15200.00,Legacy/MSW,Bethamcherla_AP21TB4935_20250628_212608_1st_front.jpg,Bethamcherla_AP21TB4935_20250628_212614_1st_back.jpg,Bethamcherla_AP21TB4935_20250628_213232_2nd_front.jpg,Bethamcherla_AP21TB4935_20250628_213236_2nd_back.jpg,Avijit Mondal,admin
28-06-2025,21:44:02,Bethamcherla,Saurashtra Enviro Projects Pvt. Ltd.,Legacy/MSW,T0633,AP28TC8081,On-site,27110.00,28-06-2025 21:35:02,11200.00,28-06-2025 21:43:44,15910.00,Legacy/MSW,Bethamcherla_AP28TC8081_20250628_213509_1st_front.jpg,Bethamcherla_AP28TC8081_20250628_213514_1st_back.jpg,Bethamcherla_AP28TC8081_20250628_214349_2nd_front.jpg,Bethamcherla_AP28TC8081_20250628_214353_2nd_back.jpg,Avijit Mondal,admin
28-06-2025,21:47:38,Bethamcherla,Saurashtra Enviro Projects Pvt. Ltd.,Legacy/MSW,T0634,AP37TD4869,On-site,26450.00,28-06-2025 21:41:58,10350.00,28-06-2025 21:47:22,16100.00,Legacy/MSW,Bethamcherla_AP37TD4869_20250628_214204_1st_front.jpg,Bethamcherla_AP37TD4869_20250628_214209_1st_back.jpg,Bethamcherla_AP37TD4869_20250628_214727_2nd_front.jpg,Bethamcherla_AP37TD4869_20250628_214732_2nd_back.jpg,Avijit Mondal,admin
28-06-2025,21:58:13,Bethamcherla,Saurashtra Enviro Projects Pvt. Ltd.,Legacy/MSW,T0635,AP21TB4935,On-site,27030.00,28-06-2025 21:52:52,10860.00,28-06-2025 21:57:55,16170.00,Legacy/MSW,Bethamcherla_AP21TB4935_20250628_215256_1st_front.jpg,Bethamcherla_AP21TB4935_20250628_215300_1st_back.jpg,Bethamcherla_AP21TB4935_20250628_215805_2nd_front.jpg,Bethamcherla_AP21TB4935_20250628_215810_2nd_back.jpg,Avijit Mondal,admin
28-06-2025,22:08:25,Bethamcherla,Saurashtra Enviro Projects Pvt. Ltd.,Legacy/MSW,T0636,AP28TC8081,On-site,26790.00,28-06-2025 22:02:54,11210.00,28-06-2025 22:08:05,15580.00,Legacy/MSW,Bethamcherla_AP28TC8081_20250628_220259_1st_front.jpg,Bethamcherla_AP28TC8081_20250628_220303_1st_back.jpg,Bethamcherla_AP28TC8081_20250628_220814_2nd_front.jpg,Bethamcherla_AP28TC8081_20250628_220819_2nd_back.jpg,Avijit Mondal,admin
28-06-2025,22:16:17,Bethamcherla,Saurashtra Enviro Projects Pvt. Ltd.,Legacy/MSW,T0637,AP27TW7569,On-site,27150.00,28-06-2025 22:09:46,10530.00,28-06-2025 22:15:59,16620.00,Legacy/MSW,Bethamcherla_AP27TW7569_20250628_220951_1st_front.jpg,Bethamcherla_AP27TW7569_20250628_220956_1st_back.jpg,Bethamcherla_AP27TW7569_20250628_221606_2nd_front.jpg,Bethamcherla_AP27TW7569_20250628_221611_2nd_back.jpg,Avijit Mondal,admin
28-06-2025,22:33:25,Bethamcherla,Saurashtra Enviro Projects Pvt. Ltd.,Legacy/MSW,T0638,AP37TD4869,On-site,27360.00,28-06-2025 22:25:48,10350.00,28-06-2025 22:33:12,17010.00,Legacy/MSW,Bethamcherla_AP37TD4869_20250628_222552_1st_front.jpg,Bethamcherla_AP37TD4869_20250628_222603_1st_back.jpg,Bethamcherla_AP37TD4869_20250628_223316_2nd_front.jpg,Bethamcherla_AP37TD4869_20250628_223322_2nd_back.jpg,Avijit Mondal,admin
28-06-2025,22:37:22,Bethamcherla,Saurashtra Enviro Projects Pvt. Ltd.,Legacy/MSW,T0639,AP21TB4935,On-site,25010.00,28-06-2025 22:31:05,10860.00,28-06-2025 22:37:05,14150.00,Legacy/MSW,Bethamcherla_AP21TB4935_20250628_223109_1st_front.jpg,Bethamcherla_AP21TB4935_20250628_223115_1st_back.jpg,Bethamcherla_AP21TB4935_20250628_223710_2nd_front.jpg,Bethamcherla_AP21TB4935_20250628_223715_2nd_back.jpg,Avijit Mondal,admin
28-06-2025,22:50:27,Bethamcherla,Saurashtra Enviro Projects Pvt. Ltd.,Legacy/MSW,T0640,AP28TC8081,On-site,26110.00,28-06-2025 22:43:39,11210.00,28-06-2025 22:50:14,14900.00,Legacy/MSW,Bethamcherla_AP28TC8081_20250628_224343_1st_front.jpg,Bethamcherla_AP28TC8081_20250628_224348_1st_back.jpg,Bethamcherla_AP28TC8081_20250628_225018_2nd_front.jpg,Bethamcherla_AP28TC8081_20250628_225023_2nd_back.jpg,Avijit Mondal,admin
28-06-2025,22:55:15,Bethamcherla,Saurashtra Enviro Projects Pvt. Ltd.,Legacy/MSW,T0641,AP27TW7569,On-site,26560.00,28-06-2025 22:48:24,10890.00,28-06-2025 22:54:59,15670.00,Legacy/MSW,Bethamcherla_AP27TW7569_20250628_224829_1st_front.jpg,Bethamcherla_AP27TW7569_20250628_224834_1st_back.jpg,Bethamcherla_AP27TW7569_20250628_225505_2nd_front.jpg,Bethamcherla_AP27TW7569_20250628_225510_2nd_back.jpg,Avijit Mondal,admin
28-06-2025,23:04:29,Bethamcherla,Saurashtra Enviro Projects Pvt. Ltd.,Legacy/MSW,T0642,AP37TD4869,On-site,28470.00,28-06-2025 22:58:39,10350.00,28-06-2025 23:04:10,18120.00,Legacy/MSW,Bethamcherla_AP37TD4869_20250628_225844_1st_front.jpg,Bethamcherla_AP37TD4869_20250628_225848_1st_back.jpg,Bethamcherla_AP37TD4869_20250628_230416_2nd_front.jpg,Bethamcherla_AP37TD4869_20250628_230422_2nd_back.jpg,Avijit Mondal,admin
28-06-2025,23:17:01,Bethamcherla,Saurashtra Enviro Projects Pvt. Ltd.,Legacy/MSW,T0643,AP21TB4935,On-site,26800.00,28-06-2025 23:06:39,10850.00,28-06-2025 23:16:48,15950.00,Legacy/MSW,Bethamcherla_AP21TB4935_20250628_230647_1st_front.jpg,Bethamcherla_AP21TB4935_20250628_230652_1st_back.jpg,Bethamcherla_AP21TB4935_20250628_231652_2nd_front.jpg,Bethamcherla_AP21TB4935_20250628_231657_2nd_back.jpg,Avijit Mondal,admin
28-06-2025,23:19:55,Bethamcherla,Saurashtra Enviro Projects Pvt. Ltd.,Legacy/MSW,T0644,AP28TC8081,On-site,26750.00,28-06-2025 23:14:14,11220.00,28-06-2025 23:19:42,15530.00,Legacy/MSW,Bethamcherla_AP28TC8081_20250628_231418_1st_front.jpg,Bethamcherla_AP28TC8081_20250628_231423_1st_back.jpg,Bethamcherla_AP28TC8081_20250628_231947_2nd_front.jpg,Bethamcherla_AP28TC8081_20250628_231952_2nd_back.jpg,Avijit Mondal,admin
28-06-2025,23:28:20,Bethamcherla,Saurashtra Enviro Projects Pvt. Ltd.,Legacy/MSW,T0645,AP27TW7569,On-site,29900.00,28-06-2025 23:21:17,10560.00,28-06-2025 23:28:05,19340.00,Legacy/MSW,Bethamcherla_AP27TW7569_20250628_232122_1st_front.jpg,Bethamcherla_AP27TW7569_20250628_232126_1st_back.jpg,Bethamcherla_AP27TW7569_20250628_232810_2nd_front.jpg,Bethamcherla_AP27TW7569_20250628_232816_2nd_back.jpg,Avijit Mondal,admin
28-06-2025,23:43:31,Bethamcherla,Saurashtra Enviro Projects Pvt. Ltd.,Legacy/MSW,T0646,AP37TD4869,On-site,28960.00,28-06-2025 23:36:41,10350.00,28-06-2025 23:43:10,18610.00,Legacy/MSW,Bethamcherla_AP37TD4869_20250628_233650_1st_front.jpg,Bethamcherla_AP37TD4869_20250628_233655_1st_back.jpg,Bethamcherla_AP37TD4869_20250628_234317_2nd_front.jpg,Bethamcherla_AP37TD4869_20250628_234322_2nd_back.jpg,Avijit Mondal,admin
28-06-2025,23:51:53,Bethamcherla,Saurashtra Enviro Projects Pvt. Ltd.,Legacy/MSW,T0647,AP21TB4935,On-site,29050.00,28-06-2025 23:44:57,10840.00,28-06-2025 23:51:39,18210.00,Legacy/MSW,Bethamcherla_AP21TB4935_20250628_234501_1st_front.jpg,Bethamcherla_AP21TB4935_20250628_234506_1st_back.jpg,Bethamcherla_AP21TB4935_20250628_235143_2nd_front.jpg,Bethamcherla_AP21TB4935_20250628_235147_2nd_back.jpg,Avijit Mondal,admin
29-06-2025,00:01:04,Bethamcherla,Saurashtra Enviro Projects Pvt. Ltd.,Legacy/MSW,T0648,AP28TC8081,On-site,28100.00,28-06-2025 23:54:34,11230.00,29-06-2025 00:00:39,16870.00,Legacy/MSW,Bethamcherla_AP28TC8081_20250628_235439_1st_front.jpg,Bethamcherla_AP28TC8081_20250628_235444_1st_back.jpg,Bethamcherla_AP28TC8081_20250629_000052_2nd_front.jpg,Bethamcherla_AP28TC8081_20250629_000057_2nd_back.jpg,Avijit Mondal,admin
29-06-2025,00:05:49,Bethamcherla,Saurashtra Enviro Projects Pvt. Ltd.,Legacy/MSW,T0649,AP27TW7569,On-site,26980.00,28-06-2025 23:58:51,10560.00,29-06-2025 00:05:36,16420.00,Legacy/MSW,,,Bethamcherla_AP27TW7569_20250629_000541_2nd_front.jpg,Bethamcherla_AP27TW7569_20250629_000545_2nd_back.jpg,Avijit Mondal,admin
29-06-2025,00:22:17,Bethamcherla,Saurashtra Enviro Projects Pvt. Ltd.,Legacy/MSW,T0650,AP37TD4869,On-site,28920.00,29-06-2025 00:16:43,10360.00,29-06-2025 00:22:01,18560.00,Legacy/MSW,Bethamcherla_AP37TD4869_20250629_001650_1st_front.jpg,Bethamcherla_AP37TD4869_20250629_001656_1st_back.jpg,Bethamcherla_AP37TD4869_20250629_002207_2nd_front.jpg,Bethamcherla_AP37TD4869_20250629_002213_2nd_back.jpg,Avijit Mondal,admin
29-06-2025,00:34:27,Bethamcherla,Saurashtra Enviro Projects Pvt. Ltd.,Legacy/MSW,T0651,AP21TB4935,On-site,29020.00,29-06-2025 00:26:13,10900.00,29-06-2025 00:34:13,18120.00,Legacy/MSW,Bethamcherla_AP21TB4935_20250629_002619_1st_front.jpg,Bethamcherla_AP21TB4935_20250629_002624_1st_back.jpg,Bethamcherla_AP21TB4935_20250629_003418_2nd_front.jpg,Bethamcherla_AP21TB4935_20250629_003423_2nd_back.jpg,Avijit Mondal,admin
29-06-2025,00:37:55,Bethamcherla,Saurashtra Enviro Projects Pvt. Ltd.,Legacy/MSW,T0652,AP28TC8081,On-site,29190.00,29-06-2025 00:32:09,11230.00,29-06-2025 00:37:42,17960.00,Legacy/MSW,Bethamcherla_AP28TC8081_20250629_003214_1st_front.jpg,Bethamcherla_AP28TC8081_20250629_003218_1st_back.jpg,Bethamcherla_AP28TC8081_20250629_003748_2nd_front.jpg,Bethamcherla_AP28TC8081_20250629_003752_2nd_back.jpg,Avijit Mondal,admin
29-06-2025,00:47:19,Bethamcherla,Saurashtra Enviro Projects Pvt. Ltd.,Legacy/MSW,T0653,AP27TW7569,On-site,29530.00,29-06-2025 00:39:20,10550.00,29-06-2025 00:46:58,18980.00,Legacy/MSW,Bethamcherla_AP27TW7569_20250629_003925_1st_front.jpg,Bethamcherla_AP27TW7569_20250629_003929_1st_back.jpg,Bethamcherla_AP27TW7569_20250629_004707_2nd_front.jpg,Bethamcherla_AP27TW7569_20250629_004711_2nd_back.jpg,Avijit Mondal,admin
29-06-2025,01:01:43,Bethamcherla,Saurashtra Enviro Projects Pvt. Ltd.,Legacy/MSW,T0654,AP37TD4869,On-site,27680.00,29-06-2025 00:55:37,10340.00,29-06-2025 01:01:28,17340.00,Legacy/MSW,Bethamcherla_AP37TD4869_20250629_005542_1st_front.jpg,Bethamcherla_AP37TD4869_20250629_005546_1st_back.jpg,Bethamcherla_AP37TD4869_20250629_010135_2nd_front.jpg,Bethamcherla_AP37TD4869_20250629_010139_2nd_back.jpg,Avijit Mondal,admin
29-06-2025,01:06:10,Bethamcherla,Saurashtra Enviro Projects Pvt. Ltd.,Legacy/MSW,T0655,AP21TB4935,On-site,24280.00,29-06-2025 00:59:43,10830.00,29-06-2025 01:05:58,13450.00,Legacy/MSW,Bethamcherla_AP21TB4935_20250629_005950_1st_front.jpg,Bethamcherla_AP21TB4935_20250629_005955_1st_back.jpg,Bethamcherla_AP21TB4935_20250629_010604_2nd_front.jpg,Bethamcherla_AP21TB4935_20250629_010608_2nd_back.jpg,Avijit Mondal,admin
29-06-2025,01:14:19,Bethamcherla,Saurashtra Enviro Projects Pvt. Ltd.,Legacy/MSW,T0656,AP28TC8081,On-site,26140.00,29-06-2025 01:09:16,11210.00,29-06-2025 01:14:06,14930.00,Legacy/MSW,Bethamcherla_AP28TC8081_20250629_010921_1st_front.jpg,Bethamcherla_AP28TC8081_20250629_010926_1st_back.jpg,Bethamcherla_AP28TC8081_20250629_011412_2nd_front.jpg,Bethamcherla_AP28TC8081_20250629_011416_2nd_back.jpg,Avijit Mondal,admin
29-06-2025,03:12:20,Bethamcherla,Saurashtra Enviro Projects Pvt. Ltd.,Legacy/MSW,T0657,AP27TW7569,On-site,26740.00,29-06-2025 03:03:31,10490.00,29-06-2025 03:12:07,16250.00,Legacy/MSW,Bethamcherla_AP27TW7569_20250629_030338_1st_front.jpg,Bethamcherla_AP27TW7569_20250629_030342_1st_back.jpg,Bethamcherla_AP27TW7569_20250629_031211_2nd_front.jpg,Bethamcherla_AP27TW7569_20250629_031216_2nd_back.jpg,Avijit Mondal,admin
29-06-2025,03:16:47,Bethamcherla,Saurashtra Enviro Projects Pvt. Ltd.,Legacy/MSW,T0658,AP21TB4935,On-site,26450.00,29-06-2025 03:10:08,10840.00,29-06-2025 03:16:32,15610.00,Legacy/MSW,Bethamcherla_AP21TB4935_20250629_031014_1st_front.jpg,Bethamcherla_AP21TB4935_20250629_031018_1st_back.jpg,Bethamcherla_AP21TB4935_20250629_031636_2nd_front.jpg,Bethamcherla_AP21TB4935_20250629_031642_2nd_back.jpg,Avijit Mondal,admin
29-06-2025,03:26:56,Bethamcherla,Saurashtra Enviro Projects Pvt. Ltd.,Legacy/MSW,T0659,AP37TD4869,On-site,29140.00,29-06-2025 03:19:45,10350.00,29-06-2025 03:26:45,18790.00,Legacy/MSW,Bethamcherla_AP37TD4869_20250629_031949_1st_front.jpg,Bethamcherla_AP37TD4869_20250629_031954_1st_back.jpg,Bethamcherla_AP37TD4869_20250629_032650_2nd_front.jpg,Bethamcherla_AP37TD4869_20250629_032653_2nd_back.jpg,Avijit Mondal,admin
29-06-2025,03:40:39,Bethamcherla,Saurashtra Enviro Projects Pvt. Ltd.,Legacy/MSW,T0660,AP28TC8081,On-site,27470.00,29-06-2025 03:34:01,11210.00,29-06-2025 03:40:21,16260.00,Legacy/MSW,Bethamcherla_AP28TC8081_20250629_033406_1st_front.jpg,Bethamcherla_AP28TC8081_20250629_033410_1st_back.jpg,Bethamcherla_AP28TC8081_20250629_034031_2nd_front.jpg,Bethamcherla_AP28TC8081_20250629_034036_2nd_back.jpg,Avijit Mondal,admin
29-06-2025,03:51:23,Bethamcherla,Saurashtra Enviro Projects Pvt. Ltd.,Legacy/MSW,T0661,AP27TW7569,On-site,26040.00,29-06-2025 03:44:33,10470.00,29-06-2025 03:51:12,15570.00,Legacy/MSW,Bethamcherla_AP27TW7569_20250629_034437_1st_front.jpg,Bethamcherla_AP27TW7569_20250629_034440_1st_back.jpg,Bethamcherla_AP27TW7569_20250629_035116_2nd_front.jpg,Bethamcherla_AP27TW7569_20250629_035120_2nd_back.jpg,Avijit Mondal,admin
29-06-2025,04:01:07,Bethamcherla,Saurashtra Enviro Projects Pvt. Ltd.,Legacy/MSW,T0662,AP21TB4935,On-site,28300.00,29-06-2025 03:53:21,10830.00,29-06-2025 04:00:55,17470.00,Legacy/MSW,Bethamcherla_AP21TB4935_20250629_035325_1st_front.jpg,Bethamcherla_AP21TB4935_20250629_035329_1st_back.jpg,Bethamcherla_AP21TB4935_20250629_040059_2nd_front.jpg,Bethamcherla_AP21TB4935_20250629_040103_2nd_back.jpg,Avijit Mondal,admin
29-06-2025,04:09:19,Bethamcherla,Saurashtra Enviro Projects Pvt. Ltd.,Legacy/MSW,T0663,AP28TC8081,On-site,26740.00,29-06-2025 04:02:51,11300.00,29-06-2025 04:09:05,15440.00,Legacy/MSW,Bethamcherla_AP28TC8081_20250629_040255_1st_front.jpg,Bethamcherla_AP28TC8081_20250629_040259_1st_back.jpg,Bethamcherla_AP28TC8081_20250629_040910_2nd_front.jpg,Bethamcherla_AP28TC8081_20250629_040915_2nd_back.jpg,Avijit Mondal,admin
29-06-2025,04:19:44,Bethamcherla,Saurashtra Enviro Projects Pvt. Ltd.,Legacy/MSW,T0664,AP27TW7569,On-site,28080.00,29-06-2025 04:11:18,10620.00,29-06-2025 04:19:35,17460.00,Legacy/MSW,Bethamcherla_AP27TW7569_20250629_041128_1st_front.jpg,Bethamcherla_AP27TW7569_20250629_041133_1st_back.jpg,Bethamcherla_AP27TW7569_20250629_041938_2nd_front.jpg,Bethamcherla_AP27TW7569_20250629_041941_2nd_back.jpg,Avijit Mondal,admin
29-06-2025,04:30:32,Bethamcherla,Saurashtra Enviro Projects Pvt. Ltd.,Legacy/MSW,T0665,AP21TB4935,On-site,28210.00,29-06-2025 04:21:50,10830.00,29-06-2025 04:30:21,17380.00,Legacy/MSW,,,Bethamcherla_AP21TB4935_20250629_043025_2nd_front.jpg,Bethamcherla_AP21TB4935_20250629_043028_2nd_back.jpg,Avijit Mondal,admin
29-06-2025,04:41:12,Bethamcherla,Saurashtra Enviro Projects Pvt. Ltd.,Legacy/MSW,T0666,AP28TC8081,On-site,20850.00,29-06-2025 04:28:55,11220.00,29-06-2025 04:40:59,9630.00,Legacy/MSW,Bethamcherla_AP28TC8081_20250629_042903_1st_front.jpg,Bethamcherla_AP28TC8081_20250629_042907_1st_back.jpg,Bethamcherla_AP28TC8081_20250629_044104_2nd_front.jpg,Bethamcherla_AP28TC8081_20250629_044108_2nd_back.jpg,Avijit Mondal,admin
29-06-2025,04:52:19,Bethamcherla,Saurashtra Enviro Projects Pvt. Ltd.,Legacy/MSW,T0667,AP27TW7569,On-site,28250.00,29-06-2025 04:42:54,10540.00,29-06-2025 04:52:05,17710.00,Legacy/MSW,Bethamcherla_AP27TW7569_20250629_044259_1st_front.jpg,Bethamcherla_AP27TW7569_20250629_044303_1st_back.jpg,Bethamcherla_AP27TW7569_20250629_045210_2nd_front.jpg,Bethamcherla_AP27TW7569_20250629_045215_2nd_back.jpg,Avijit Mondal,admin
29-06-2025,05:06:46,Bethamcherla,Saurashtra Enviro Projects Pvt. Ltd.,Legacy/MSW,T0668,AP21TB4935,On-site,27520.00,29-06-2025 04:59:12,10850.00,29-06-2025 05:06:31,16670.00,Legacy/MSW,,,Bethamcherla_AP21TB4935_20250629_050636_2nd_front.jpg,Bethamcherla_AP21TB4935_20250629_050642_2nd_back.jpg,Avijit Mondal,admin
29-06-2025,05:14:53,Bethamcherla,Saurashtra Enviro Projects Pvt. Ltd.,Legacy/MSW,T0669,AP28TC8081,On-site,28230.00,29-06-2025 05:08:35,11220.00,29-06-2025 05:14:38,17010.00,Legacy/MSW,Bethamcherla_AP28TC8081_20250629_050839_1st_front.jpg,Bethamcherla_AP28TC8081_20250629_050843_1st_back.jpg,Bethamcherla_AP28TC8081_20250629_051445_2nd_front.jpg,Bethamcherla_AP28TC8081_20250629_051449_2nd_back.jpg,Avijit Mondal,admin
29-06-2025,05:24:35,Bethamcherla,Saurashtra Enviro Projects Pvt. Ltd.,Legacy/MSW,T0670,AP27TW7569,On-site,28230.00,29-06-2025 05:16:13,10550.00,29-06-2025 05:24:23,17680.00,Legacy/MSW,Bethamcherla_AP27TW7569_20250629_051618_1st_front.jpg,Bethamcherla_AP27TW7569_20250629_051621_1st_back.jpg,Bethamcherla_AP27TW7569_20250629_052427_2nd_front.jpg,Bethamcherla_AP27TW7569_20250629_052432_2nd_back.jpg,Avijit Mondal,admin
29-06-2025,05:37:05,Bethamcherla,Saurashtra Enviro Projects Pvt. Ltd.,Legacy/MSW,T0671,AP21TB4935,On-site,27730.00,29-06-2025 05:29:55,10880.00,29-06-2025 05:36:49,16850.00,Legacy/MSW,Bethamcherla_AP21TB4935_20250629_052959_1st_front.jpg,Bethamcherla_AP21TB4935_20250629_053003_1st_back.jpg,Bethamcherla_AP21TB4935_20250629_053655_2nd_front.jpg,Bethamcherla_AP21TB4935_20250629_053700_2nd_back.jpg,Avijit Mondal,admin
29-06-2025,05:45:58,Bethamcherla,Saurashtra Enviro Projects Pvt. Ltd.,Legacy/MSW,T0672,AP28TC8081,On-site,26820.00,29-06-2025 05:38:14,11210.00,29-06-2025 05:45:47,15610.00,Legacy/MSW,Bethamcherla_AP28TC8081_20250629_053819_1st_front.jpg,Bethamcherla_AP28TC8081_20250629_053823_1st_back.jpg,Bethamcherla_AP28TC8081_20250629_054552_2nd_front.jpg,Bethamcherla_AP28TC8081_20250629_054555_2nd_back.jpg,Avijit Mondal,admin
29-06-2025,05:54:52,Bethamcherla,Saurashtra Enviro Projects Pvt. Ltd.,Legacy/MSW,T0673,AP27TW7569,On-site,27000.00,29-06-2025 05:47:09,10550.00,29-06-2025 05:54:40,16450.00,Legacy/MSW,Bethamcherla_AP27TW7569_20250629_054715_1st_front.jpg,Bethamcherla_AP27TW7569_20250629_054719_1st_back.jpg,Bethamcherla_AP27TW7569_20250629_055445_2nd_front.jpg,Bethamcherla_AP27TW7569_20250629_055449_2nd_back.jpg,Avijit Mondal,admin
29-06-2025,06:04:33,Bethamcherla,Saurashtra Enviro Projects Pvt. Ltd.,Legacy/MSW,T0674,AP21TB4935,On-site,27300.00,29-06-2025 05:56:25,10850.00,29-06-2025 06:04:18,16450.00,Legacy/MSW,Bethamcherla_AP21TB4935_20250629_055629_1st_front.jpg,Bethamcherla_AP21TB4935_20250629_055636_1st_back.jpg,Bethamcherla_AP21TB4935_20250629_060425_2nd_front.jpg,Bethamcherla_AP21TB4935_20250629_060429_2nd_back.jpg,Avijit Mondal,admin
29-06-2025,08:34:56,Bethamcherla,Saurashtra Enviro Projects Pvt. Ltd.,Legacy/MSW,T0675,AP28TC8081,On-site,26750.00,29-06-2025 06:12:37,11210.00,29-06-2025 08:34:45,15540.00,Legacy/MSW,Bethamcherla_AP28TC8081_20250629_061242_1st_front.jpg,Bethamcherla_AP28TC8081_20250629_061248_1st_back.jpg,Bethamcherla_AP28TC8081_20250629_083449_2nd_front.jpg,Bethamcherla_AP28TC8081_20250629_083452_2nd_back.jpg,Avijit Mondal,admin
29-06-2025,08:50:18,Bethamcherla,Saurashtra Enviro Projects Pvt. Ltd.,Legacy/MSW,T0676,AP27TW7569,On-site,30950.00,29-06-2025 08:43:57,10410.00,29-06-2025 08:50:06,20540.00,Legacy/MSW,Bethamcherla_AP27TW7569_20250629_084400_1st_front.jpg,Bethamcherla_AP27TW7569_20250629_084404_1st_back.jpg,Bethamcherla_AP27TW7569_20250629_085009_2nd_front.jpg,Bethamcherla_AP27TW7569_20250629_085013_2nd_back.jpg,Avijit Mondal,admin
29-06-2025,09:01:47,Bethamcherla,Saurashtra Enviro Projects Pvt. Ltd.,Legacy/MSW,T0677,AP28TC8081,On-site,29910.00,29-06-2025 08:55:42,11200.00,29-06-2025 09:01:34,18710.00,Legacy/MSW,Bethamcherla_AP28TC8081_20250629_085545_1st_front.jpg,Bethamcherla_AP28TC8081_20250629_085548_1st_back.jpg,Bethamcherla_AP28TC8081_20250629_090139_2nd_front.jpg,Bethamcherla_AP28TC8081_20250629_090142_2nd_back.jpg,Avijit Mondal,admin
29-06-2025,09:31:42,Bethamcherla,Saurashtra Enviro Projects Pvt. Ltd.,Legacy/MSW,T0678,AP21TB4935,On-site,30780.00,29-06-2025 09:05:17,10840.00,29-06-2025 09:31:31,19940.00,Legacy/MSW,Bethamcherla_AP21TB4935_20250629_090521_1st_front.jpg,Bethamcherla_AP21TB4935_20250629_090525_1st_back.jpg,Bethamcherla_AP21TB4935_20250629_093134_2nd_front.jpg,Bethamcherla_AP21TB4935_20250629_093138_2nd_back.jpg,Avijit Mondal,admin
29-06-2025,09:35:02,Bethamcherla,Saurashtra Enviro Projects Pvt. Ltd.,Legacy/MSW,T0679,AP27TW7569,On-site,30910.00,29-06-2025 09:13:13,10500.00,29-06-2025 09:34:51,20410.00,Legacy/MSW,Bethamcherla_AP27TW7569_20250629_091317_1st_front.jpg,Bethamcherla_AP27TW7569_20250629_091321_1st_back.jpg,Bethamcherla_AP27TW7569_20250629_093455_2nd_front.jpg,Bethamcherla_AP27TW7569_20250629_093459_2nd_back.jpg,Avijit Mondal,admin
29-06-2025,09:37:05,Bethamcherla,Saurashtra Enviro Projects Pvt. Ltd.,Legacy/MSW,T0680,AP28TC8081,On-site,27770.00,29-06-2025 09:29:07,11190.00,29-06-2025 09:36:55,16580.00,Legacy/MSW,Bethamcherla_AP28TC8081_20250629_092917_1st_front.jpg,Bethamcherla_AP28TC8081_20250629_092920_1st_back.jpg,Bethamcherla_AP28TC8081_20250629_093658_2nd_front.jpg,Bethamcherla_AP28TC8081_20250629_093701_2nd_back.jpg,Avijit Mondal,admin
29-06-2025,10:01:14,Bethamcherla,Saurashtra Enviro Projects Pvt. Ltd.,Legacy/MSW,T0681,AP21TB4935,On-site,25330.00,29-06-2025 09:52:13,10840.00,29-06-2025 10:01:03,14490.00,Legacy/MSW,Bethamcherla_AP21TB4935_20250629_095216_1st_front.jpg,Bethamcherla_AP21TB4935_20250629_095219_1st_back.jpg,Bethamcherla_AP21TB4935_20250629_100107_2nd_front.jpg,Bethamcherla_AP21TB4935_20250629_100111_2nd_back.jpg,Avijit Mondal,admin
29-06-2025,10:10:26,Bethamcherla,Saurashtra Enviro Projects Pvt. Ltd.,Legacy/MSW,T0682,AP27TW7569,On-site,29140.00,29-06-2025 10:04:27,10500.00,29-06-2025 10:10:16,18640.00,Legacy/MSW,Bethamcherla_AP27TW7569_20250629_100432_1st_front.jpg,Bethamcherla_AP27TW7569_20250629_100435_1st_back.jpg,Bethamcherla_AP27TW7569_20250629_101021_2nd_front.jpg,Bethamcherla_AP27TW7569_20250629_101024_2nd_back.jpg,Avijit Mondal,admin
29-06-2025,10:24:19,Bethamcherla,Saurashtra Enviro Projects Pvt. Ltd.,Legacy/MSW,T0683,AP28TC8081,On-site,28500.00,29-06-2025 10:19:12,11180.00,29-06-2025 10:24:08,17320.00,Legacy/MSW,Bethamcherla_AP28TC8081_20250629_101918_1st_front.jpg,Bethamcherla_AP28TC8081_20250629_101923_1st_back.jpg,Bethamcherla_AP28TC8081_20250629_102412_2nd_front.jpg,Bethamcherla_AP28TC8081_20250629_102415_2nd_back.jpg,Avijit Mondal,admin
29-06-2025,10:33:43,Bethamcherla,Saurashtra Enviro Projects Pvt. Ltd.,Legacy/MSW,T0684,AP21TB4935,On-site,27190.00,29-06-2025 10:29:27,10820.00,29-06-2025 10:33:28,16370.00,Legacy/MSW,Bethamcherla_AP21TB4935_20250629_102931_1st_front.jpg,Bethamcherla_AP21TB4935_20250629_102934_1st_back.jpg,Bethamcherla_AP21TB4935_20250629_103332_2nd_front.jpg,Bethamcherla_AP21TB4935_20250629_103337_2nd_back.jpg,Avijit Mondal,admin
29-06-2025,10:50:39,Bethamcherla,Saurashtra Enviro Projects Pvt. Ltd.,Legacy/MSW,T0685,AP27TW7569,On-site,27060.00,29-06-2025 10:42:29,10430.00,29-06-2025 10:50:30,16630.00,Legacy/MSW,Bethamcherla_AP27TW7569_20250629_104232_1st_front.jpg,Bethamcherla_AP27TW7569_20250629_104241_1st_back.jpg,Bethamcherla_AP27TW7569_20250629_105033_2nd_front.jpg,Bethamcherla_AP27TW7569_20250629_105036_2nd_back.jpg,Avijit Mondal,admin
29-06-2025,11:05:10,Bethamcherla,Saurashtra Enviro Projects Pvt. Ltd.,Legacy/MSW,T0686,AP28TC8081,On-site,27650.00,29-06-2025 11:00:12,11180.00,29-06-2025 11:04:59,16470.00,Legacy/MSW,Bethamcherla_AP28TC8081_20250629_110016_1st_front.jpg,Bethamcherla_AP28TC8081_20250629_110019_1st_back.jpg,Bethamcherla_AP28TC8081_20250629_110502_2nd_front.jpg,Bethamcherla_AP28TC8081_20250629_110505_2nd_back.jpg,Avijit Mondal,admin
04-07-2025,00:07:06,Bethamcherla,Saurashtra Enviro Projects Pvt. Ltd.,Legacy/MSW,T1025,AP21TB4935,On-site,24360.00,04-07-2025 00:01:24,10610.00,04-07-2025 00:06:56,13750.00,Legacy/MSW,Bethamcherla_AP21TB4935_20250704_000128_1st_front.jpg,Bethamcherla_AP21TB4935_20250704_000131_1st_back.jpg,Bethamcherla_AP21TB4935_20250704_000700_2nd_front.jpg,Bethamcherla_AP21TB4935_20250704_000704_2nd_back.jpg,Avijit Mondal,admin
04-07-2025,00:20:28,Bethamcherla,Saurashtra Enviro Projects Pvt. Ltd.,Legacy/MSW,T1026,AP27TW7569,On-site,25050.00,04-07-2025 00:13:23,10530.00,04-07-2025 00:20:14,14520.00,Legacy/MSW,Bethamcherla_AP27TW7569_20250704_001328_1st_front.jpg,Bethamcherla_AP27TW7569_20250704_001331_1st_back.jpg,Bethamcherla_AP27TW7569_20250704_002018_2nd_front.jpg,Bethamcherla_AP27TW7569_20250704_002022_2nd_back.jpg,Avijit Mondal,admin
04-07-2025,00:31:13,Bethamcherla,Saurashtra Enviro Projects Pvt. Ltd.,Legacy/MSW,T1027,AP37TD4869,On-site,24280.00,04-07-2025 00:25:31,10510.00,04-07-2025 00:31:00,13770.00,Legacy/MSW,Bethamcherla_AP37TD4869_20250704_002535_1st_front.jpg,Bethamcherla_AP37TD4869_20250704_002541_1st_back.jpg,Bethamcherla_AP37TD4869_20250704_003104_2nd_front.jpg,Bethamcherla_AP37TD4869_20250704_003109_2nd_back.jpg,Avijit Mondal,admin
04-07-2025,00:41:21,Bethamcherla,Saurashtra Enviro Projects Pvt. Ltd.,Legacy/MSW,T1028,AP 26 TA 0434,On-site,23710.00,04-07-2025 00:32:18,10090.00,04-07-2025 00:41:08,13620.00,Legacy/MSW,Bethamcherla_AP_26_TA_0434_20250704_003222_1st_front.jpg,Bethamcherla_AP_26_TA_0434_20250704_003228_1st_back.jpg,Bethamcherla_AP_26_TA_0434_20250704_004112_2nd_front.jpg,Bethamcherla_AP_26_TA_0434_20250704_004116_2nd_back.jpg,Avijit Mondal,admin
04-07-2025,00:48:32,Bethamcherla,Saurashtra Enviro Projects Pvt. Ltd.,Legacy/MSW,T1029,AP21TB4935,On-site,23660.00,04-07-2025 00:42:48,10600.00,04-07-2025 00:48:21,13060.00,Legacy/MSW,Bethamcherla_AP21TB4935_20250704_004253_1st_front.jpg,Bethamcherla_AP21TB4935_20250704_004256_1st_back.jpg,Bethamcherla_AP21TB4935_20250704_004825_2nd_front.jpg,Bethamcherla_AP21TB4935_20250704_004829_2nd_back.jpg,Avijit Mondal,admin
04-07-2025,00:56:57,Bethamcherla,Saurashtra Enviro Projects Pvt. Ltd.,Legacy/MSW,T1030,AP37TD4869,On-site,25970.00,04-07-2025 00:50:01,10530.00,04-07-2025 00:56:44,15440.00,Legacy/MSW,Bethamcherla_AP37TD4869_20250704_005006_1st_front.jpg,Bethamcherla_AP37TD4869_20250704_005010_1st_back.jpg,Bethamcherla_AP37TD4869_20250704_005649_2nd_front.jpg,Bethamcherla_AP37TD4869_20250704_005654_2nd_back.jpg,Avijit Mondal,admin
04-07-2025,01:09:44,Bethamcherla,Saurashtra Enviro Projects Pvt. Ltd.,Legacy/MSW,T1031,AP37TD4869,On-site,28350.00,04-07-2025 01:03:52,10520.00,04-07-2025 01:09:32,17830.00,Legacy/MSW,Bethamcherla_AP37TD4869_20250704_010358_1st_front.jpg,Bethamcherla_AP37TD4869_20250704_010403_1st_back.jpg,Bethamcherla_AP37TD4869_20250704_010937_2nd_front.jpg,Bethamcherla_AP37TD4869_20250704_010941_2nd_back.jpg,Avijit Mondal,admin
04-07-2025,01:24:51,Bethamcherla,Saurashtra Enviro Projects Pvt. Ltd.,Legacy/MSW,T1032,AP 26 TA 0434,On-site,25020.00,04-07-2025 01:18:36,10240.00,04-07-2025 01:24:35,14780.00,Legacy/MSW,Bethamcherla_AP_26_TA_0434_20250704_011846_1st_front.jpg,Bethamcherla_AP_26_TA_0434_20250704_011851_1st_back.jpg,Bethamcherla_AP_26_TA_0434_20250704_012441_2nd_front.jpg,Bethamcherla_AP_26_TA_0434_20250704_012447_2nd_back.jpg,Avijit Mondal,admin
04-07-2025,01:52:30,Bethamcherla,Saurashtra Enviro Projects Pvt. Ltd.,Legacy/MSW,T1033,AP21TB4935,On-site,26460,04-07-2025 01:44:37,10600.00,04-07-2025 01:52:10,15830.00,Legacy/MSW,Bethamcherla_AP21TB4935_20250704_014443_1st_front.jpg,Bethamcherla_AP21TB4935_20250704_014449_1st_back.jpg,Bethamcherla_AP21TB4935_20250704_015220_2nd_front.jpg,Bethamcherla_AP21TB4935_20250704_015224_2nd_back.jpg,Avijit Mondal,admin
04-07-2025,01:53:33,Bethamcherla,Saurashtra Enviro Projects Pvt. Ltd.,Legacy/MSW,T1034,AP27TW7569,On-site,26000.00,04-07-2025 01:46:23,10630.00,04-07-2025 01:53:18,15370.00,Legacy/MSW,Bethamcherla_AP27TW7569_20250704_014629_1st_front.jpg,Bethamcherla_AP27TW7569_20250704_014635_1st_back.jpg,Bethamcherla_AP27TW7569_20250704_015323_2nd_front.jpg,Bethamcherla_AP27TW7569_20250704_015327_2nd_back.jpg,Avijit Mondal,admin
04-07-2025,02:01:02,Bethamcherla,Saurashtra Enviro Projects Pvt. Ltd.,Legacy/MSW,T1035,AP37TD4869,On-site,28290.00,04-07-2025 01:55:03,10690.00,04-07-2025 02:00:48,17600.00,Legacy/MSW,Bethamcherla_AP37TD4869_20250704_015508_1st_front.jpg,Bethamcherla_AP37TD4869_20250704_015512_1st_back.jpg,Bethamcherla_AP37TD4869_20250704_020054_2nd_front.jpg,Bethamcherla_AP37TD4869_20250704_020058_2nd_back.jpg,Avijit Mondal,admin
04-07-2025,02:07:28,Bethamcherla,Saurashtra Enviro Projects Pvt. Ltd.,Legacy/MSW,T1036,AP 26 TA 0434,On-site,28070.00,04-07-2025 02:02:31,10430.00,04-07-2025 02:07:16,17640.00,Legacy/MSW,Bethamcherla_AP_26_TA_0434_20250704_020234_1st_front.jpg,Bethamcherla_AP_26_TA_0434_20250704_020238_1st_back.jpg,Bethamcherla_AP_26_TA_0434_20250704_020719_2nd_front.jpg,Bethamcherla_AP_26_TA_0434_20250704_020724_2nd_back.jpg,Avijit Mondal,admin
04-07-2025,03:59:37,Bethamcherla,Saurashtra Enviro Projects Pvt. Ltd.,Legacy/MSW,T1037,AP21TB4935,On-site,27810.00,04-07-2025 03:50:21,10610.00,04-07-2025 03:59:23,17200.00,Legacy/MSW,Bethamcherla_AP21TB4935_20250704_035026_1st_front.jpg,Bethamcherla_AP21TB4935_20250704_035030_1st_back.jpg,Bethamcherla_AP21TB4935_20250704_035928_2nd_front.jpg,Bethamcherla_AP21TB4935_20250704_035932_2nd_back.jpg,Avijit Mondal,admin
04-07-2025,04:09:30,Bethamcherla,Saurashtra Enviro Projects Pvt. Ltd.,Legacy/MSW,T1038,AP27TW7569,On-site,28130.00,04-07-2025 04:02:14,10620.00,04-07-2025 04:09:18,17510.00,Legacy/MSW,Bethamcherla_AP27TW7569_20250704_040219_1st_front.jpg,Bethamcherla_AP27TW7569_20250704_040223_1st_back.jpg,Bethamcherla_AP27TW7569_20250704_040922_2nd_front.jpg,Bethamcherla_AP27TW7569_20250704_040927_2nd_back.jpg,Avijit Mondal,admin
04-07-2025,04:26:31,Bethamcherla,Saurashtra Enviro Projects Pvt. Ltd.,Legacy/MSW,T1039,AP37TD4869,On-site,27100.00,04-07-2025 04:19:17,10540.00,04-07-2025 04:26:17,16560.00,Legacy/MSW,Bethamcherla_AP37TD4869_20250704_041927_1st_front.jpg,Bethamcherla_AP37TD4869_20250704_041931_1st_back.jpg,Bethamcherla_AP37TD4869_20250704_042622_2nd_front.jpg,Bethamcherla_AP37TD4869_20250704_042627_2nd_back.jpg,Avijit Mondal,admin
04-07-2025,04:49:47,Bethamcherla,Saurashtra Enviro Projects Pvt. Ltd.,Legacy/MSW,T1040,AP 26 TA 0434,On-site,28570.00,04-07-2025 04:42:33,10300.00,04-07-2025 04:49:32,15270.00,Legacy/MSW,Bethamcherla_AP_26_TA_0434_20250704_044238_1st_front.jpg,Bethamcherla_AP_26_TA_0434_20250704_044243_1st_back.jpg,Bethamcherla_AP_26_TA_0434_20250704_044938_2nd_front.jpg,Bethamcherla_AP_26_TA_0434_20250704_044942_2nd_back.jpg,Avijit Mondal,admin
04-07-2025,04:55:12,Bethamcherla,Saurashtra Enviro Projects Pvt. Ltd.,Legacy/MSW,T1041,AP27TW7569,On-site,29800.00,04-07-2025 04:54:46,11050.00,,18750.00,Legacy/MSW,Bethamcherla_AP27TW7569_20250704_045502_1st_front.jpg,Bethamcherla_AP27TW7569_20250704_045505_1st_back.jpg,,,Avijit Mondal,admin
04-07-2025,01:24:51,Bethamcherla,Saurashtra Enviro Projects Pvt. Ltd.,Legacy/MSW,T1042,AP21TB4935,On-site,26770.00,04-07-2025 01:18:36,10620.00,04-07-2025 01:24:35,18770.00,Legacy/MSW,Bethamcherla_AP_26_TA_0434_20250704_011846_1st_front.jpg,Bethamcherla_AP_26_TA_0434_20250704_011851_1st_back.jpg,Bethamcherla_AP_26_TA_0434_20250704_012441_2nd_front.jpg,Bethamcherla_AP_26_TA_0434_20250704_012447_2nd_back.jpg,Avijit Mondal,admin
04-07-2025,01:52:30,Bethamcherla,Saurashtra Enviro Projects Pvt. Ltd.,Legacy/MSW,T1043,AP37TD4869,On-site,29280,04-07-2025 01:44:37,10520.00,04-07-2025 01:52:10,16150.00,Legacy/MSW,Bethamcherla_AP21TB4935_20250704_014443_1st_front.jpg,Bethamcherla_AP21TB4935_20250704_014449_1st_back.jpg,Bethamcherla_AP21TB4935_20250704_015220_2nd_front.jpg,Bethamcherla_AP21TB4935_20250704_015224_2nd_back.jpg,Avijit Mondal,admin
04-07-2025,01:53:33,Bethamcherla,Saurashtra Enviro Projects Pvt. Ltd.,Legacy/MSW,T1044,ap26ta0434,On-site,26000.00,04-07-2025 01:46:23,10030.00,04-07-2025 01:53:18,15970.00,Legacy/MSW,Bethamcherla_AP27TW7569_20250704_014629_1st_front.jpg,Bethamcherla_AP27TW7569_20250704_014635_1st_back.jpg,Bethamcherla_AP27TW7569_20250704_015323_2nd_front.jpg,Bethamcherla_AP27TW7569_20250704_015327_2nd_back.jpg,Avijit Mondal,admin
04-07-2025,02:01:02,Bethamcherla,Saurashtra Enviro Projects Pvt. Ltd.,Legacy/MSW,T1045,AP37TD4869,On-site,26850.00,04-07-2025 01:55:03,10540.00,04-07-2025 02:00:48,16310.00,Legacy/MSW,Bethamcherla_AP37TD4869_20250704_015508_1st_front.jpg,Bethamcherla_AP37TD4869_20250704_015512_1st_back.jpg,Bethamcherla_AP37TD4869_20250704_020054_2nd_front.jpg,Bethamcherla_AP37TD4869_20250704_020058_2nd_back.jpg,Avijit Mondal,admin
06-07-2025,06:35:27,Eluru,Tharuni Associates,Inert,T0030,AP 26 TA 0434,On-site,26112.47,06-07-2025 06:35:19,5744.30,06-07-2025 06:35:21,20368.17,Inert,,,,,,admin
06-07-2025,06:47:53,Eluru,Tharuni Associates,Inert,T0031,AP28TC8081,On-site,28691.79,06-07-2025 06:47:47,13633.14,06-07-2025 06:47:48,15058.65,Inert,,,,,,admin
06-07-2025,07:02:43,Eluru,Tharuni Associates,Inert,T0032,AP21TB4935,On-site,17917.21,06-07-2025 07:02:37,13785.31,06-07-2025 07:02:39,4131.90,Inert,,,,,,admin
06-07-2025,07:08:19,Eluru,Tharuni Associates,Inert,T0033,ap26ta0434,On-site,30448.17,06-07-2025 07:08:14,11784.79,06-07-2025 07:08:16,18663.38,Inert,,,,,,admin
06-07-2025,07:14:58,Eluru,Tharuni Associates,Inert,T0034,AP28TC8081,On-site,21800.47,06-07-2025 07:14:51,9720.76,06-07-2025 07:14:53,12079.71,Inert,,,,,,admin
06-07-2025,07:19:57,Eluru,Tharuni Associates,Inert,T0035,ap26ta0434,On-site,21403.13,06-07-2025 07:19:52,11763.58,06-07-2025 07:19:54,9639.55,Inert,,,,,,admin
06-07-2025,07:35:10,Eluru,Tharuni Associates,Inert,T0036,ap26ta0434,On-site,37401.14,06-07-2025 07:35:05,7871.83,06-07-2025 07:35:06,29529.31,Inert,,,,,,admin
