2025-07-17 21:38:03,676 - TharuniApp - INFO - ============================================================
2025-07-17 21:38:03,677 - TharuniApp - INFO - APPLICATION STARTUP
2025-07-17 21:38:03,677 - TharuniApp - INFO - ============================================================
2025-07-17 21:38:03,699 - TharuniApp - INFO - Configuration setup completed
2025-07-17 21:38:03,701 - DataManager - INFO - DataManager initialized with OFFLINE-FIRST approach + JSON local storage
2025-07-17 21:38:03,711 - DataManager - INFO - CSV structure is up to date
2025-07-17 21:38:03,712 - DataManager - INFO - Unified folder structure ready:
2025-07-17 21:38:03,713 - DataManager - INFO -   Reports: data\reports\2025-07-17
2025-07-17 21:38:03,713 - DataManager - INFO -   JSON Backups: data\json_backups\2025-07-17
2025-07-17 21:38:03,713 - DataManager - INFO -   PDF Folder: data\reports\2025-07-17
2025-07-17 21:38:03,714 - DataManager - INFO - All folder attributes ensured and validated
2025-07-17 21:38:03,727 - DataManager - INFO - 🔍 Checking if archive is due...
2025-07-17 21:38:03,727 - DataManager - INFO - CSV analysis: 0 total records, 0 complete records
2025-07-17 21:38:03,728 - DataManager - INFO - CSV file has no complete records to archive
2025-07-17 21:38:03,728 - DataManager - INFO - ⏳ Archive not due yet
2025-07-17 21:38:03,728 - DataManager - INFO - Data file: data\weighbridge_data.csv
2025-07-17 21:38:03,729 - DataManager - INFO - Reports folder: data\reports
2025-07-17 21:38:03,729 - DataManager - INFO - JSON backup folder: data\json_backups
2025-07-17 21:38:03,729 - DataManager - INFO - Today's JSON folder: data\json_backups\2025-07-17
2025-07-17 21:38:03,729 - DataManager - INFO - Today's PDF folder: data\reports\2025-07-17
2025-07-17 21:38:03,730 - DataManager - INFO - Cloud storage will only be initialized when backup is requested
2025-07-17 21:38:03,730 - TharuniApp - INFO - Data manager initialized
2025-07-17 21:38:03,754 - TharuniApp - INFO - Using hardcoded settings storage
2025-07-17 21:38:03,755 - TharuniApp - INFO - UI styles initialized
2025-07-17 21:38:03,755 - TharuniApp - INFO - Starting user authentication
2025-07-17 21:38:07,219 - TharuniApp - INFO - Hardcoded authentication successful: admin
2025-07-17 21:38:07,219 - TharuniApp - INFO - User logged in: admin (Role: admin)
2025-07-17 21:38:07,220 - TharuniApp - INFO - Setting up data context
2025-07-17 21:38:07,220 - TharuniApp - INFO - Using hardcoded agency and site values
2025-07-17 21:38:07,245 - DataManager - INFO - CSV structure is up to date
2025-07-17 21:38:07,245 - DataManager - INFO - Data context set to: Agency='Tharuni Associates', Site='Chilakaluripeta'
2025-07-17 21:38:07,246 - DataManager - INFO - Data file: data\Tharuni_Associates_Chilakaluripeta_data.csv
2025-07-17 21:38:07,246 - TharuniApp - INFO - Data context initialized: Agency='Tharuni Associates', Site='Chilakaluripeta'
2025-07-17 21:38:07,247 - TharuniApp - INFO - Data will be saved to: data\Tharuni_Associates_Chilakaluripeta_data.csv
2025-07-17 21:38:07,247 - TharuniApp - INFO - PDFs will be saved to: data\reports\2025-07-17
2025-07-17 21:38:07,248 - TharuniApp - INFO - Creating application widgets
2025-07-17 21:38:07,271 - TharuniApp - INFO - Creating main panel
2025-07-17 21:38:07,281 - FormValidator - INFO - FormValidator initialized
2025-07-17 21:38:07,295 - DataManager - INFO - Successfully loaded 88 records from data\Tharuni_Associates_Chilakaluripeta_data.csv
2025-07-17 21:38:07,434 - camera_camera - INFO - Enhanced logging initialized for Camera camera
2025-07-17 21:38:07,510 - camera_camera - DEBUG - Resource monitoring started
2025-07-17 21:38:07,509 - camera_camera - WARNING - High memory usage (86.9%), triggering garbage collection
2025-07-17 21:38:07,551 - camera_camera - DEBUG - Optimized video thread started
2025-07-17 21:38:07,551 - camera_camera - INFO - Optimized video capture loop started
2025-07-17 21:38:07,553 - camera_camera - DEBUG - Initializing USB camera
2025-07-17 21:38:07,553 - camera_camera - DEBUG - Camera watchdog started
2025-07-17 21:38:07,553 - camera_camera - DEBUG - Camera watchdog enabled
2025-07-17 21:38:07,564 - camera_camera - INFO - Enhanced logging initialized for Camera camera
2025-07-17 21:38:07,581 - camera_camera - DEBUG - Resource monitoring started
2025-07-17 21:38:07,580 - camera_camera - WARNING - High memory usage (86.9%), triggering garbage collection
2025-07-17 21:38:07,622 - camera_camera - DEBUG - Optimized video thread started
2025-07-17 21:38:07,622 - camera_camera - INFO - Optimized video capture loop started
2025-07-17 21:38:07,623 - camera_camera - DEBUG - Initializing USB camera
2025-07-17 21:38:07,624 - camera_camera - DEBUG - Camera watchdog started
2025-07-17 21:38:07,624 - camera_camera - DEBUG - Camera watchdog enabled
2025-07-17 21:38:07,887 - DataManager - INFO - Successfully loaded 88 records from data\Tharuni_Associates_Chilakaluripeta_data.csv
2025-07-17 21:38:07,888 - MainForm - INFO - MainForm initialized
2025-07-17 21:38:07,888 - TharuniApp - INFO - Main form created
2025-07-17 21:38:07,888 - MainForm - INFO - Using hardcoded dropdown values
2025-07-17 21:38:07,889 - PendingVehiclesPanel - INFO - PendingVehiclesPanel initialized
2025-07-17 21:38:07,900 - PendingVehiclesPanel - INFO - Refreshing pending vehicles list
2025-07-17 21:38:07,904 - DataManager - INFO - Successfully loaded 88 records from data\Tharuni_Associates_Chilakaluripeta_data.csv
2025-07-17 21:38:07,905 - PendingVehiclesPanel - INFO - Retrieved 88 total records
2025-07-17 21:38:07,993 - PendingVehiclesPanel - INFO - Found 0 unique pending vehicles, prevented 0 duplicates
2025-07-17 21:38:07,994 - PendingVehiclesPanel - INFO - Successfully refreshed pending list with 0 unique vehicles
2025-07-17 21:38:07,994 - TharuniApp - INFO - Pending vehicles panel created
2025-07-17 21:38:08,293 - TharuniApp - INFO - Main panel creation completed
2025-07-17 21:38:08,304 - TharuniApp - INFO - Summary panel created
2025-07-17 21:38:08,311 - weighbridge - INFO - Enhanced logging initialized for WeighbridgeManager
2025-07-17 21:38:08,313 - weighbridge - INFO - Initializing WeighbridgeManager
2025-07-17 21:38:08,316 - weighbridge - DEBUG - Weight parsing patterns compiled successfully
2025-07-17 21:38:08,317 - weighbridge - DEBUG - Signal handlers registered
2025-07-17 21:38:08,318 - weighbridge - INFO - SUCCESS: WeighbridgeManager initialized successfully
2025-07-17 21:38:08,326 - weighbridge - DEBUG - Scanning for available COM ports
2025-07-17 21:38:08,339 - weighbridge - WARNING - No COM ports found
2025-07-17 21:38:08,634 - weighbridge - WARNING - Test mode ENABLED - weighbridge will simulate readings
2025-07-17 21:38:08,640 - TharuniApp - INFO - ✅ Data manager reference set in settings panel
2025-07-17 21:38:08,641 - TharuniApp - INFO - Widget creation completed successfully
2025-07-17 21:38:08,642 - PendingVehiclesPanel - INFO - Refreshing pending vehicles list
2025-07-17 21:38:08,647 - DataManager - INFO - Successfully loaded 88 records from data\Tharuni_Associates_Chilakaluripeta_data.csv
2025-07-17 21:38:08,648 - PendingVehiclesPanel - INFO - Retrieved 88 total records
2025-07-17 21:38:08,743 - PendingVehiclesPanel - INFO - Found 0 unique pending vehicles, prevented 0 duplicates
2025-07-17 21:38:08,744 - PendingVehiclesPanel - INFO - Successfully refreshed pending list with 0 unique vehicles
2025-07-17 21:38:08,750 - TharuniApp - INFO - Application initialization completed successfully
2025-07-17 21:38:09,558 - camera_camera - WARNING - High memory usage (86.5%), triggering garbage collection
2025-07-17 21:38:09,638 - camera_camera - WARNING - High memory usage (86.5%), triggering garbage collection
2025-07-17 21:38:09,702 - TharuniApp - INFO - Ensuring settings persistence...
2025-07-17 21:38:09,710 - TharuniApp - INFO - Found saved weighbridge settings: {'com_port': 'COM3', 'baud_rate': 9600, 'data_bits': 8, 'parity': 'None', 'stop_bits': 1.0, 'test_mode': True}
2025-07-17 21:38:09,711 - TharuniApp - INFO - Settings persistence check completed
2025-07-17 21:38:09,967 - camera_camera - DEBUG - Initializing USB camera
2025-07-17 21:38:11,637 - camera_camera - WARNING - High memory usage (87.2%), triggering garbage collection
2025-07-17 21:38:11,713 - weighbridge - DEBUG - Scanning for available COM ports
2025-07-17 21:38:11,721 - camera_camera - WARNING - High memory usage (87.3%), triggering garbage collection
2025-07-17 21:38:11,764 - weighbridge - WARNING - No COM ports found
2025-07-17 21:38:12,034 - camera_camera - DEBUG - Initializing USB camera
2025-07-17 21:38:13,708 - camera_camera - WARNING - High memory usage (87.4%), triggering garbage collection
2025-07-17 21:38:13,775 - camera_camera - WARNING - High memory usage (87.4%), triggering garbage collection
2025-07-17 21:38:14,061 - camera_camera - DEBUG - Initializing USB camera
2025-07-17 21:38:14,678 - DataManager - INFO - Successfully loaded 88 records from data\Tharuni_Associates_Chilakaluripeta_data.csv
2025-07-17 21:38:14,679 - DataManager - INFO - Returning all 88 records (no filter)
2025-07-17 21:38:15,803 - camera_camera - WARNING - High CPU usage (99.5%), reducing FPS to 14.5
2025-07-17 21:38:15,805 - camera_camera - WARNING - High memory usage (87.4%), triggering garbage collection
2025-07-17 21:38:15,870 - camera_camera - WARNING - High CPU usage (99.5%), reducing FPS to 14.5
2025-07-17 21:38:15,871 - camera_camera - WARNING - High memory usage (87.4%), triggering garbage collection
2025-07-17 21:38:16,133 - camera_camera - DEBUG - Initializing USB camera
2025-07-17 21:38:17,886 - camera_camera - WARNING - High CPU usage (97.7%), reducing FPS to 13.5
2025-07-17 21:38:17,887 - camera_camera - WARNING - High memory usage (87.0%), triggering garbage collection
2025-07-17 21:38:17,955 - camera_camera - WARNING - High CPU usage (97.7%), reducing FPS to 13.5
2025-07-17 21:38:17,957 - camera_camera - WARNING - High memory usage (87.0%), triggering garbage collection
2025-07-17 21:38:18,185 - camera_camera - DEBUG - Initializing USB camera
2025-07-17 21:38:19,970 - camera_camera - WARNING - High CPU usage (100.0%), reducing FPS to 12.5
2025-07-17 21:38:19,971 - camera_camera - WARNING - High memory usage (86.8%), triggering garbage collection
2025-07-17 21:38:20,054 - camera_camera - WARNING - High CPU usage (100.0%), reducing FPS to 12.5
2025-07-17 21:38:20,055 - camera_camera - WARNING - High memory usage (86.8%), triggering garbage collection
2025-07-17 21:38:22,038 - camera_camera - WARNING - High CPU usage (100.0%), reducing FPS to 11.5
2025-07-17 21:38:22,039 - camera_camera - WARNING - High memory usage (86.9%), triggering garbage collection
2025-07-17 21:38:22,109 - camera_camera - WARNING - High CPU usage (100.0%), reducing FPS to 11.5
2025-07-17 21:38:22,111 - DataManager - INFO - Successfully loaded 88 records from data\Tharuni_Associates_Chilakaluripeta_data.csv
2025-07-17 21:38:22,111 - camera_camera - WARNING - High memory usage (86.9%), triggering garbage collection
2025-07-17 21:38:24,117 - camera_camera - WARNING - High CPU usage (100.0%), reducing FPS to 10.5
2025-07-17 21:38:24,119 - camera_camera - WARNING - High memory usage (86.8%), triggering garbage collection
2025-07-17 21:38:24,202 - camera_camera - WARNING - High CPU usage (100.0%), reducing FPS to 10.5
2025-07-17 21:38:24,203 - camera_camera - WARNING - High memory usage (86.8%), triggering garbage collection
2025-07-17 21:38:25,244 - camera_camera - DEBUG - Initializing USB camera
2025-07-17 21:38:26,208 - camera_camera - WARNING - High CPU usage (100.0%), reducing FPS to 9.5
2025-07-17 21:38:26,209 - camera_camera - WARNING - High memory usage (87.6%), triggering garbage collection
2025-07-17 21:38:26,285 - camera_camera - WARNING - High CPU usage (100.0%), reducing FPS to 9.5
2025-07-17 21:38:26,286 - camera_camera - WARNING - High memory usage (87.6%), triggering garbage collection
2025-07-17 21:38:27,302 - camera_camera - DEBUG - Initializing USB camera
2025-07-17 21:38:28,274 - camera_camera - WARNING - High CPU usage (100.0%), reducing FPS to 8.5
2025-07-17 21:38:28,275 - camera_camera - WARNING - High memory usage (87.4%), triggering garbage collection
2025-07-17 21:38:28,352 - camera_camera - WARNING - High CPU usage (100.0%), reducing FPS to 8.5
2025-07-17 21:38:28,353 - camera_camera - WARNING - High memory usage (87.4%), triggering garbage collection
2025-07-17 21:38:29,350 - camera_camera - DEBUG - Initializing USB camera
2025-07-17 21:38:30,345 - camera_camera - WARNING - High CPU usage (100.0%), reducing FPS to 7.5
2025-07-17 21:38:30,346 - camera_camera - WARNING - High memory usage (87.2%), triggering garbage collection
2025-07-17 21:38:30,398 - camera_camera - DEBUG - Resource usage - CPU: 100.0%, Memory: 87.2%
2025-07-17 21:38:30,420 - camera_camera - WARNING - High CPU usage (100.0%), reducing FPS to 7.5
2025-07-17 21:38:30,421 - camera_camera - WARNING - High memory usage (87.2%), triggering garbage collection
2025-07-17 21:38:30,474 - camera_camera - DEBUG - Resource usage - CPU: 100.0%, Memory: 87.2%
2025-07-17 21:38:31,390 - camera_camera - DEBUG - Initializing USB camera
2025-07-17 21:38:32,424 - camera_camera - WARNING - High CPU usage (99.8%), reducing FPS to 6.5
2025-07-17 21:38:32,425 - camera_camera - WARNING - High memory usage (88.6%), triggering garbage collection
2025-07-17 21:38:32,485 - camera_camera - WARNING - High CPU usage (99.8%), reducing FPS to 6.5
2025-07-17 21:38:32,487 - camera_camera - WARNING - High memory usage (88.6%), triggering garbage collection
2025-07-17 21:38:33,439 - camera_camera - DEBUG - Initializing USB camera
2025-07-17 21:38:34,494 - camera_camera - WARNING - High CPU usage (100.0%), reducing FPS to 5.5
2025-07-17 21:38:34,496 - camera_camera - WARNING - High memory usage (88.6%), triggering garbage collection
2025-07-17 21:38:34,562 - camera_camera - WARNING - High CPU usage (100.0%), reducing FPS to 5.5
2025-07-17 21:38:34,564 - camera_camera - WARNING - High memory usage (88.6%), triggering garbage collection
2025-07-17 21:38:35,500 - camera_camera - DEBUG - Initializing USB camera
2025-07-17 21:38:36,570 - camera_camera - WARNING - High CPU usage (100.0%), reducing FPS to 5
2025-07-17 21:38:36,571 - camera_camera - WARNING - High memory usage (88.5%), triggering garbage collection
2025-07-17 21:38:36,636 - camera_camera - WARNING - High CPU usage (100.0%), reducing FPS to 5
2025-07-17 21:38:36,638 - camera_camera - WARNING - High memory usage (88.5%), triggering garbage collection
2025-07-17 21:38:38,642 - camera_camera - WARNING - High CPU usage (94.5%), reducing FPS to 5
2025-07-17 21:38:38,643 - camera_camera - WARNING - High memory usage (90.0%), triggering garbage collection
2025-07-17 21:38:38,716 - camera_camera - WARNING - High CPU usage (94.5%), reducing FPS to 5
2025-07-17 21:38:38,717 - camera_camera - WARNING - High memory usage (90.0%), triggering garbage collection
2025-07-17 21:38:40,708 - camera_camera - WARNING - High CPU usage (100.0%), reducing FPS to 5
2025-07-17 21:38:40,710 - camera_camera - WARNING - High memory usage (89.0%), triggering garbage collection
2025-07-17 21:38:40,783 - camera_camera - WARNING - High CPU usage (100.0%), reducing FPS to 5
2025-07-17 21:38:40,785 - camera_camera - WARNING - High memory usage (89.0%), triggering garbage collection
2025-07-17 21:38:42,539 - camera_camera - DEBUG - Initializing USB camera
2025-07-17 21:38:42,798 - camera_camera - WARNING - High CPU usage (99.9%), reducing FPS to 5
2025-07-17 21:38:42,800 - camera_camera - WARNING - High memory usage (89.0%), triggering garbage collection
2025-07-17 21:38:42,881 - camera_camera - WARNING - High CPU usage (99.9%), reducing FPS to 5
2025-07-17 21:38:42,882 - camera_camera - WARNING - High memory usage (89.0%), triggering garbage collection
2025-07-17 21:38:44,597 - camera_camera - DEBUG - Initializing USB camera
2025-07-17 21:38:44,890 - camera_camera - WARNING - High CPU usage (98.1%), reducing FPS to 5
2025-07-17 21:38:44,892 - camera_camera - WARNING - High memory usage (89.4%), triggering garbage collection
2025-07-17 21:38:44,968 - camera_camera - WARNING - High CPU usage (98.1%), reducing FPS to 5
2025-07-17 21:38:44,970 - camera_camera - WARNING - High memory usage (89.4%), triggering garbage collection
2025-07-17 21:38:46,429 - camera_camera - DEBUG - Initializing USB camera
2025-07-17 21:38:46,651 - camera_camera - DEBUG - Initializing USB camera
2025-07-17 21:38:46,982 - camera_camera - WARNING - High CPU usage (97.8%), reducing FPS to 5
2025-07-17 21:38:46,983 - camera_camera - WARNING - High memory usage (88.8%), triggering garbage collection
2025-07-17 21:38:47,064 - camera_camera - WARNING - High CPU usage (97.8%), reducing FPS to 5
2025-07-17 21:38:47,065 - camera_camera - WARNING - High memory usage (88.8%), triggering garbage collection
2025-07-17 21:38:48,697 - camera_camera - DEBUG - Initializing USB camera
2025-07-17 21:38:49,060 - camera_camera - WARNING - High CPU usage (97.9%), reducing FPS to 5
2025-07-17 21:38:49,063 - camera_camera - WARNING - High memory usage (88.4%), triggering garbage collection
2025-07-17 21:38:49,153 - camera_camera - WARNING - High CPU usage (98.0%), reducing FPS to 5
2025-07-17 21:38:49,154 - camera_camera - WARNING - High memory usage (88.4%), triggering garbage collection
2025-07-17 21:38:50,778 - camera_camera - DEBUG - Initializing USB camera
2025-07-17 21:38:51,157 - camera_camera - WARNING - High CPU usage (100.0%), reducing FPS to 5
2025-07-17 21:38:51,246 - camera_camera - WARNING - High CPU usage (100.0%), reducing FPS to 5
2025-07-17 21:38:52,859 - camera_camera - DEBUG - Initializing USB camera
2025-07-17 21:38:53,165 - camera_camera - WARNING - High CPU usage (100.0%), reducing FPS to 5
2025-07-17 21:38:53,280 - camera_camera - WARNING - High CPU usage (100.0%), reducing FPS to 5
2025-07-17 21:38:55,190 - camera_camera - WARNING - High CPU usage (100.0%), reducing FPS to 5
2025-07-17 21:38:55,193 - camera_camera - WARNING - High memory usage (87.2%), triggering garbage collection
2025-07-17 21:38:55,296 - camera_camera - WARNING - High CPU usage (100.0%), reducing FPS to 5
2025-07-17 21:38:55,297 - camera_camera - WARNING - High memory usage (87.1%), triggering garbage collection
2025-07-17 21:38:57,285 - camera_camera - WARNING - High CPU usage (100.0%), reducing FPS to 5
2025-07-17 21:38:57,287 - camera_camera - WARNING - High memory usage (87.5%), triggering garbage collection
2025-07-17 21:38:57,382 - camera_camera - WARNING - High CPU usage (100.0%), reducing FPS to 5
2025-07-17 21:38:57,383 - camera_camera - WARNING - High memory usage (87.5%), triggering garbage collection
2025-07-17 21:38:59,397 - camera_camera - WARNING - High CPU usage (100.0%), reducing FPS to 5
2025-07-17 21:38:59,398 - camera_camera - WARNING - High memory usage (87.2%), triggering garbage collection
2025-07-17 21:38:59,469 - camera_camera - WARNING - High CPU usage (100.0%), reducing FPS to 5
2025-07-17 21:38:59,470 - camera_camera - WARNING - High memory usage (87.2%), triggering garbage collection
2025-07-17 21:38:59,934 - camera_camera - DEBUG - Initializing USB camera
2025-07-17 21:39:01,491 - camera_camera - WARNING - High CPU usage (100.0%), reducing FPS to 5
2025-07-17 21:39:01,492 - camera_camera - WARNING - High memory usage (87.2%), triggering garbage collection
2025-07-17 21:39:01,559 - camera_camera - WARNING - High CPU usage (100.0%), reducing FPS to 5
2025-07-17 21:39:01,560 - camera_camera - WARNING - High memory usage (87.2%), triggering garbage collection
2025-07-17 21:39:01,989 - camera_camera - DEBUG - Initializing USB camera
2025-07-17 21:39:03,576 - camera_camera - WARNING - High CPU usage (97.2%), reducing FPS to 5
2025-07-17 21:39:03,578 - camera_camera - WARNING - High memory usage (85.6%), triggering garbage collection
2025-07-17 21:39:03,647 - camera_camera - WARNING - High CPU usage (97.2%), reducing FPS to 5
2025-07-17 21:39:03,648 - camera_camera - WARNING - High memory usage (85.6%), triggering garbage collection
2025-07-17 21:39:04,048 - camera_camera - DEBUG - Initializing USB camera
2025-07-17 21:39:05,651 - camera_camera - WARNING - High CPU usage (97.9%), reducing FPS to 5
2025-07-17 21:39:05,652 - camera_camera - WARNING - High memory usage (87.8%), triggering garbage collection
2025-07-17 21:39:05,729 - camera_camera - WARNING - High CPU usage (97.9%), reducing FPS to 5
2025-07-17 21:39:05,730 - camera_camera - WARNING - High memory usage (87.7%), triggering garbage collection
2025-07-17 21:39:06,273 - camera_camera - DEBUG - Initializing USB camera
2025-07-17 21:39:07,753 - camera_camera - WARNING - High CPU usage (95.2%), reducing FPS to 5
2025-07-17 21:39:07,755 - camera_camera - WARNING - High memory usage (88.3%), triggering garbage collection
2025-07-17 21:39:07,823 - camera_camera - WARNING - High CPU usage (95.2%), reducing FPS to 5
2025-07-17 21:39:07,824 - camera_camera - WARNING - High memory usage (88.3%), triggering garbage collection
2025-07-17 21:39:08,321 - camera_camera - DEBUG - Initializing USB camera
2025-07-17 21:39:08,754 - PendingVehiclesPanel - INFO - Refreshing pending vehicles list
2025-07-17 21:39:08,760 - DataManager - INFO - Successfully loaded 88 records from data\Tharuni_Associates_Chilakaluripeta_data.csv
2025-07-17 21:39:08,761 - PendingVehiclesPanel - INFO - Retrieved 88 total records
2025-07-17 21:39:08,874 - PendingVehiclesPanel - INFO - Found 0 unique pending vehicles, prevented 0 duplicates
2025-07-17 21:39:08,876 - PendingVehiclesPanel - INFO - Successfully refreshed pending list with 0 unique vehicles
2025-07-17 21:39:09,830 - camera_camera - WARNING - High CPU usage (93.0%), reducing FPS to 5
2025-07-17 21:39:09,832 - camera_camera - WARNING - High memory usage (86.6%), triggering garbage collection
2025-07-17 21:39:09,895 - camera_camera - WARNING - High CPU usage (93.0%), reducing FPS to 5
2025-07-17 21:39:09,896 - camera_camera - WARNING - High memory usage (86.7%), triggering garbage collection
2025-07-17 21:39:10,370 - camera_camera - DEBUG - Initializing USB camera
2025-07-17 21:39:11,912 - camera_camera - WARNING - High CPU usage (97.8%), reducing FPS to 5
2025-07-17 21:39:11,925 - camera_camera - WARNING - High memory usage (86.9%), triggering garbage collection
2025-07-17 21:39:12,007 - camera_camera - WARNING - High CPU usage (97.8%), reducing FPS to 5
2025-07-17 21:39:12,008 - camera_camera - WARNING - High memory usage (86.9%), triggering garbage collection
2025-07-17 21:39:14,031 - camera_camera - WARNING - High memory usage (86.6%), triggering garbage collection
2025-07-17 21:39:14,124 - camera_camera - WARNING - High memory usage (86.7%), triggering garbage collection
2025-07-17 21:39:16,118 - camera_camera - WARNING - High memory usage (85.9%), triggering garbage collection
2025-07-17 21:39:16,175 - camera_camera - WARNING - High memory usage (85.9%), triggering garbage collection
2025-07-17 21:39:17,437 - camera_camera - DEBUG - Initializing USB camera
2025-07-17 21:39:18,172 - camera_camera - WARNING - High memory usage (85.7%), triggering garbage collection
2025-07-17 21:39:18,231 - camera_camera - WARNING - High memory usage (85.7%), triggering garbage collection
2025-07-17 21:39:19,471 - camera_camera - DEBUG - Initializing USB camera
2025-07-17 21:39:20,222 - camera_camera - WARNING - High memory usage (85.6%), triggering garbage collection
2025-07-17 21:39:20,296 - camera_camera - WARNING - High memory usage (85.7%), triggering garbage collection
2025-07-17 21:39:21,528 - camera_camera - DEBUG - Initializing USB camera
2025-07-17 21:39:22,284 - camera_camera - WARNING - High memory usage (85.8%), triggering garbage collection
2025-07-17 21:39:22,356 - camera_camera - WARNING - High memory usage (85.8%), triggering garbage collection
2025-07-17 21:39:23,570 - camera_camera - DEBUG - Initializing USB camera
2025-07-17 21:39:24,347 - camera_camera - WARNING - High memory usage (85.6%), triggering garbage collection
2025-07-17 21:39:24,422 - camera_camera - WARNING - High memory usage (85.6%), triggering garbage collection
2025-07-17 21:39:25,613 - camera_camera - DEBUG - Initializing USB camera
2025-07-17 21:39:26,407 - camera_camera - WARNING - High memory usage (85.6%), triggering garbage collection
2025-07-17 21:39:26,489 - camera_camera - WARNING - High memory usage (85.6%), triggering garbage collection
2025-07-17 21:39:27,647 - camera_camera - DEBUG - Initializing USB camera
2025-07-17 21:39:28,072 - camera_camera - DEBUG - Initializing USB camera
2025-07-17 21:39:30,505 - camera_camera - WARNING - High memory usage (86.0%), triggering garbage collection
2025-07-17 21:39:30,538 - camera_camera - DEBUG - Resource usage - CPU: 56.0%, Memory: 86.0%
2025-07-17 21:39:30,573 - camera_camera - WARNING - High memory usage (85.9%), triggering garbage collection
2025-07-17 21:39:30,613 - camera_camera - DEBUG - Resource usage - CPU: 56.2%, Memory: 85.9%
2025-07-17 21:39:32,555 - camera_camera - WARNING - High memory usage (85.3%), triggering garbage collection
2025-07-17 21:39:32,623 - camera_camera - WARNING - High memory usage (85.4%), triggering garbage collection
2025-07-17 21:39:34,711 - camera_camera - DEBUG - Initializing USB camera
2025-07-17 21:39:36,607 - camera_camera - WARNING - High memory usage (85.5%), triggering garbage collection
2025-07-17 21:39:36,673 - camera_camera - WARNING - High memory usage (85.5%), triggering garbage collection
2025-07-17 21:39:36,751 - camera_camera - DEBUG - Initializing USB camera
2025-07-17 21:39:38,675 - camera_camera - WARNING - High memory usage (85.7%), triggering garbage collection
2025-07-17 21:39:38,740 - camera_camera - WARNING - High memory usage (85.6%), triggering garbage collection
2025-07-17 21:39:38,783 - camera_camera - DEBUG - Initializing USB camera
2025-07-17 21:39:40,753 - camera_camera - WARNING - High memory usage (85.8%), triggering garbage collection
2025-07-17 21:39:40,790 - camera_camera - WARNING - High memory usage (85.8%), triggering garbage collection
2025-07-17 21:39:40,827 - camera_camera - DEBUG - Initializing USB camera
2025-07-17 21:39:42,805 - camera_camera - WARNING - High memory usage (86.3%), triggering garbage collection
2025-07-17 21:39:42,842 - camera_camera - WARNING - High memory usage (86.2%), triggering garbage collection
2025-07-17 21:39:42,878 - camera_camera - DEBUG - Initializing USB camera
2025-07-17 21:39:44,851 - camera_camera - WARNING - High memory usage (86.2%), triggering garbage collection
2025-07-17 21:39:44,892 - camera_camera - WARNING - High memory usage (86.2%), triggering garbage collection
2025-07-17 21:39:44,948 - camera_camera - DEBUG - Initializing USB camera
2025-07-17 21:39:46,899 - camera_camera - WARNING - High memory usage (86.0%), triggering garbage collection
2025-07-17 21:39:46,969 - camera_camera - WARNING - High memory usage (86.0%), triggering garbage collection
2025-07-17 21:39:48,928 - camera_camera - WARNING - High memory usage (86.0%), triggering garbage collection
2025-07-17 21:39:49,019 - camera_camera - WARNING - High memory usage (85.9%), triggering garbage collection
2025-07-17 21:39:50,968 - camera_camera - WARNING - High memory usage (86.9%), triggering garbage collection
2025-07-17 21:39:51,082 - camera_camera - WARNING - High memory usage (86.9%), triggering garbage collection
2025-07-17 21:39:52,001 - camera_camera - DEBUG - Initializing USB camera
2025-07-17 21:39:53,027 - camera_camera - WARNING - High memory usage (87.0%), triggering garbage collection
2025-07-17 21:39:53,131 - camera_camera - WARNING - High memory usage (87.0%), triggering garbage collection
2025-07-17 21:39:54,044 - camera_camera - DEBUG - Initializing USB camera
2025-07-17 21:39:55,089 - camera_camera - WARNING - High memory usage (87.0%), triggering garbage collection
2025-07-17 21:39:55,183 - camera_camera - WARNING - High memory usage (87.0%), triggering garbage collection
2025-07-17 21:39:56,079 - camera_camera - DEBUG - Initializing USB camera
2025-07-17 21:39:57,149 - camera_camera - WARNING - High memory usage (86.8%), triggering garbage collection
2025-07-17 21:39:57,233 - camera_camera - WARNING - High memory usage (86.9%), triggering garbage collection
2025-07-17 21:39:58,112 - camera_camera - DEBUG - Initializing USB camera
2025-07-17 21:39:58,153 - camera_camera - DEBUG - Initializing USB camera
2025-07-17 21:39:59,193 - camera_camera - WARNING - High memory usage (86.0%), triggering garbage collection
2025-07-17 21:39:59,282 - camera_camera - WARNING - High memory usage (86.0%), triggering garbage collection
2025-07-17 21:40:00,137 - camera_camera - DEBUG - Initializing USB camera
2025-07-17 21:40:01,242 - camera_camera - WARNING - High memory usage (85.8%), triggering garbage collection
2025-07-17 21:40:01,330 - camera_camera - WARNING - High memory usage (85.8%), triggering garbage collection
2025-07-17 21:40:02,175 - camera_camera - DEBUG - Initializing USB camera
2025-07-17 21:40:03,297 - camera_camera - WARNING - High memory usage (85.9%), triggering garbage collection
2025-07-17 21:40:03,381 - camera_camera - WARNING - High memory usage (85.9%), triggering garbage collection
2025-07-17 21:40:05,331 - camera_camera - WARNING - High memory usage (85.7%), triggering garbage collection
2025-07-17 21:40:05,431 - camera_camera - WARNING - High memory usage (85.7%), triggering garbage collection
2025-07-17 21:40:06,712 - camera_camera - INFO - SUCCESS: Camera connection stabilized
2025-07-17 21:40:06,748 - camera_camera - DEBUG - Performed garbage collection
2025-07-17 21:40:07,379 - camera_camera - WARNING - High memory usage (86.8%), triggering garbage collection
2025-07-17 21:40:07,484 - camera_camera - WARNING - High memory usage (86.8%), triggering garbage collection
2025-07-17 21:40:08,877 - PendingVehiclesPanel - INFO - Refreshing pending vehicles list
2025-07-17 21:40:08,881 - DataManager - INFO - Successfully loaded 88 records from data\Tharuni_Associates_Chilakaluripeta_data.csv
2025-07-17 21:40:08,882 - PendingVehiclesPanel - INFO - Retrieved 88 total records
2025-07-17 21:40:08,953 - PendingVehiclesPanel - INFO - Found 0 unique pending vehicles, prevented 0 duplicates
2025-07-17 21:40:08,953 - PendingVehiclesPanel - INFO - Successfully refreshed pending list with 0 unique vehicles
2025-07-17 21:40:09,203 - camera_camera - DEBUG - Initializing USB camera
2025-07-17 21:40:09,425 - camera_camera - WARNING - High memory usage (88.5%), triggering garbage collection
2025-07-17 21:40:09,543 - camera_camera - WARNING - High memory usage (88.4%), triggering garbage collection
2025-07-17 21:40:11,248 - camera_camera - DEBUG - Initializing USB camera
2025-07-17 21:40:11,477 - camera_camera - WARNING - High memory usage (88.5%), triggering garbage collection
2025-07-17 21:40:11,594 - camera_camera - WARNING - High memory usage (88.6%), triggering garbage collection
2025-07-17 21:40:13,357 - camera_camera - DEBUG - Initializing USB camera
2025-07-17 21:40:13,512 - camera_camera - WARNING - High memory usage (87.6%), triggering garbage collection
2025-07-17 21:40:13,663 - camera_camera - WARNING - High memory usage (87.4%), triggering garbage collection
2025-07-17 21:40:15,394 - camera_camera - DEBUG - Initializing USB camera
2025-07-17 21:40:15,581 - camera_camera - WARNING - High memory usage (87.3%), triggering garbage collection
2025-07-17 21:40:15,715 - camera_camera - WARNING - High memory usage (87.4%), triggering garbage collection
2025-07-17 21:40:17,443 - camera_camera - DEBUG - Initializing USB camera
2025-07-17 21:40:17,637 - camera_camera - WARNING - High memory usage (87.1%), triggering garbage collection
2025-07-17 21:40:17,765 - camera_camera - WARNING - High memory usage (87.1%), triggering garbage collection
2025-07-17 21:40:19,473 - camera_camera - DEBUG - Initializing USB camera
2025-07-17 21:40:19,679 - camera_camera - WARNING - High memory usage (87.0%), triggering garbage collection
2025-07-17 21:40:19,817 - camera_camera - WARNING - High memory usage (86.7%), triggering garbage collection
2025-07-17 21:40:21,733 - camera_camera - WARNING - High memory usage (85.5%), triggering garbage collection
2025-07-17 21:40:21,862 - camera_camera - WARNING - High memory usage (85.4%), triggering garbage collection
2025-07-17 21:40:26,515 - camera_camera - DEBUG - Initializing USB camera
2025-07-17 21:40:27,817 - camera_camera - WARNING - High memory usage (85.5%), triggering garbage collection
2025-07-17 21:40:27,939 - camera_camera - WARNING - High memory usage (85.5%), triggering garbage collection
2025-07-17 21:40:28,561 - camera_camera - DEBUG - Initializing USB camera
2025-07-17 21:40:30,041 - camera_camera - DEBUG - Resource usage - CPU: 21.7%, Memory: 85.0%
2025-07-17 21:40:30,622 - camera_camera - DEBUG - Initializing USB camera
2025-07-17 21:40:32,668 - camera_camera - DEBUG - Initializing USB camera
2025-07-17 21:40:34,729 - camera_camera - DEBUG - Initializing USB camera
2025-07-17 21:40:36,809 - camera_camera - DEBUG - Initializing USB camera
2025-07-17 21:40:43,242 - DataManager - INFO - Successfully loaded 88 records from data\Tharuni_Associates_Chilakaluripeta_data.csv
2025-07-17 21:40:43,243 - DataManager - INFO - Returning all 88 records (no filter)
2025-07-17 21:40:43,861 - camera_camera - DEBUG - Initializing USB camera
2025-07-17 21:40:45,896 - camera_camera - DEBUG - Initializing USB camera
2025-07-17 21:40:47,938 - camera_camera - DEBUG - Initializing USB camera
2025-07-17 21:40:49,971 - camera_camera - DEBUG - Initializing USB camera
2025-07-17 21:40:52,001 - camera_camera - DEBUG - Initializing USB camera
2025-07-17 21:40:54,033 - camera_camera - DEBUG - Initializing USB camera
2025-07-17 21:40:54,260 - DataManager - INFO - Successfully loaded 88 records from data\Tharuni_Associates_Chilakaluripeta_data.csv
2025-07-17 21:41:00,100 - camera_camera - DEBUG - Resource usage - CPU: 9.9%, Memory: 83.7%
2025-07-17 21:41:00,217 - camera_camera - DEBUG - Resource usage - CPU: 10.6%, Memory: 83.7%
2025-07-17 21:41:01,075 - camera_camera - DEBUG - Initializing USB camera
2025-07-17 21:41:03,119 - camera_camera - DEBUG - Initializing USB camera
2025-07-17 21:41:05,147 - camera_camera - DEBUG - Initializing USB camera
2025-07-17 21:41:06,773 - camera_camera - DEBUG - Performed garbage collection
2025-07-17 21:41:07,182 - camera_camera - DEBUG - Initializing USB camera
2025-07-17 21:41:08,971 - PendingVehiclesPanel - INFO - Refreshing pending vehicles list
2025-07-17 21:41:08,973 - DataManager - INFO - Successfully loaded 88 records from data\Tharuni_Associates_Chilakaluripeta_data.csv
2025-07-17 21:41:08,973 - PendingVehiclesPanel - INFO - Retrieved 88 total records
2025-07-17 21:41:09,048 - PendingVehiclesPanel - INFO - Found 0 unique pending vehicles, prevented 0 duplicates
2025-07-17 21:41:09,050 - PendingVehiclesPanel - INFO - Successfully refreshed pending list with 0 unique vehicles
2025-07-17 21:41:09,224 - camera_camera - DEBUG - Initializing USB camera
2025-07-17 21:41:11,260 - camera_camera - DEBUG - Initializing USB camera
2025-07-17 21:41:18,233 - camera_camera - WARNING - High memory usage (85.8%), triggering garbage collection
2025-07-17 21:41:18,310 - camera_camera - DEBUG - Initializing USB camera
2025-07-17 21:41:18,416 - camera_camera - WARNING - High memory usage (86.2%), triggering garbage collection
2025-07-17 21:41:20,285 - camera_camera - WARNING - High memory usage (87.7%), triggering garbage collection
2025-07-17 21:41:20,350 - camera_camera - DEBUG - Initializing USB camera
2025-07-17 21:41:20,502 - camera_camera - WARNING - High memory usage (87.6%), triggering garbage collection
2025-07-17 21:41:22,356 - camera_camera - WARNING - High memory usage (86.7%), triggering garbage collection
2025-07-17 21:41:22,410 - camera_camera - DEBUG - Initializing USB camera
2025-07-17 21:41:22,586 - camera_camera - WARNING - High memory usage (86.7%), triggering garbage collection
2025-07-17 21:41:24,437 - camera_camera - WARNING - High memory usage (86.5%), triggering garbage collection
2025-07-17 21:41:24,484 - camera_camera - DEBUG - Initializing USB camera
2025-07-17 21:41:24,680 - camera_camera - WARNING - High memory usage (86.5%), triggering garbage collection
2025-07-17 21:41:26,498 - camera_camera - WARNING - High memory usage (86.5%), triggering garbage collection
2025-07-17 21:41:26,541 - camera_camera - DEBUG - Initializing USB camera
2025-07-17 21:41:26,750 - camera_camera - WARNING - High memory usage (86.4%), triggering garbage collection
2025-07-17 21:41:28,584 - camera_camera - DEBUG - Initializing USB camera
2025-07-17 21:41:30,724 - camera_camera - DEBUG - Resource usage - CPU: 30.8%, Memory: 82.1%
2025-07-17 21:41:30,843 - camera_camera - DEBUG - Resource usage - CPU: 24.9%, Memory: 82.2%
2025-07-17 21:41:34,764 - camera_camera - WARNING - High memory usage (85.1%), triggering garbage collection
2025-07-17 21:41:34,862 - camera_camera - WARNING - High memory usage (85.1%), triggering garbage collection
2025-07-17 21:41:35,843 - camera_camera - DEBUG - Initializing USB camera
2025-07-17 21:41:36,819 - camera_camera - WARNING - High memory usage (85.5%), triggering garbage collection
2025-07-17 21:41:36,928 - camera_camera - WARNING - High memory usage (85.6%), triggering garbage collection
2025-07-17 21:41:37,875 - camera_camera - DEBUG - Initializing USB camera
2025-07-17 21:41:38,876 - camera_camera - WARNING - High memory usage (85.5%), triggering garbage collection
2025-07-17 21:41:38,979 - camera_camera - WARNING - High memory usage (85.5%), triggering garbage collection
2025-07-17 21:41:39,909 - camera_camera - DEBUG - Initializing USB camera
2025-07-17 21:41:40,942 - camera_camera - WARNING - High memory usage (85.2%), triggering garbage collection
2025-07-17 21:41:41,044 - camera_camera - WARNING - High memory usage (85.2%), triggering garbage collection
2025-07-17 21:41:41,955 - camera_camera - DEBUG - Initializing USB camera
2025-07-17 21:41:43,985 - camera_camera - DEBUG - Initializing USB camera
2025-07-17 21:41:46,019 - camera_camera - DEBUG - Initializing USB camera
2025-07-17 21:41:49,049 - camera_camera - WARNING - High memory usage (87.7%), triggering garbage collection
2025-07-17 21:41:49,144 - camera_camera - WARNING - High memory usage (87.7%), triggering garbage collection
2025-07-17 21:41:51,136 - camera_camera - WARNING - High memory usage (88.3%), triggering garbage collection
2025-07-17 21:41:51,211 - camera_camera - WARNING - High memory usage (88.4%), triggering garbage collection
2025-07-17 21:41:53,055 - camera_camera - DEBUG - Initializing USB camera
2025-07-17 21:41:53,209 - camera_camera - WARNING - High memory usage (88.4%), triggering garbage collection
2025-07-17 21:41:53,277 - camera_camera - WARNING - High memory usage (88.4%), triggering garbage collection
2025-07-17 21:41:55,094 - camera_camera - DEBUG - Initializing USB camera
2025-07-17 21:41:55,280 - camera_camera - WARNING - High memory usage (88.3%), triggering garbage collection
2025-07-17 21:41:55,343 - camera_camera - WARNING - High memory usage (88.3%), triggering garbage collection
2025-07-17 21:41:57,133 - camera_camera - DEBUG - Initializing USB camera
2025-07-17 21:41:57,330 - camera_camera - WARNING - High memory usage (88.7%), triggering garbage collection
2025-07-17 21:41:57,393 - camera_camera - WARNING - High memory usage (88.7%), triggering garbage collection
2025-07-17 21:41:59,169 - camera_camera - DEBUG - Initializing USB camera
2025-07-17 21:41:59,429 - camera_camera - WARNING - High memory usage (89.1%), triggering garbage collection
2025-07-17 21:41:59,480 - camera_camera - WARNING - High memory usage (89.1%), triggering garbage collection
2025-07-17 21:42:01,203 - camera_camera - DEBUG - Initializing USB camera
2025-07-17 21:42:01,507 - camera_camera - WARNING - High memory usage (91.9%), triggering garbage collection
2025-07-17 21:42:01,569 - camera_camera - WARNING - High memory usage (91.6%), triggering garbage collection
2025-07-17 21:42:03,245 - camera_camera - DEBUG - Initializing USB camera
2025-07-17 21:42:03,567 - camera_camera - WARNING - High memory usage (92.2%), triggering garbage collection
2025-07-17 21:42:03,640 - camera_camera - WARNING - High memory usage (92.2%), triggering garbage collection
2025-07-17 21:42:05,620 - camera_camera - WARNING - High memory usage (92.2%), triggering garbage collection
2025-07-17 21:42:05,676 - camera_camera - WARNING - High memory usage (92.1%), triggering garbage collection
2025-07-17 21:42:06,849 - camera_camera - DEBUG - Performed garbage collection
2025-07-17 21:42:07,674 - camera_camera - WARNING - High memory usage (92.0%), triggering garbage collection
2025-07-17 21:42:07,740 - camera_camera - WARNING - High memory usage (92.0%), triggering garbage collection
2025-07-17 21:42:09,055 - PendingVehiclesPanel - INFO - Refreshing pending vehicles list
2025-07-17 21:42:09,066 - DataManager - INFO - Successfully loaded 88 records from data\Tharuni_Associates_Chilakaluripeta_data.csv
2025-07-17 21:42:09,068 - PendingVehiclesPanel - INFO - Retrieved 88 total records
2025-07-17 21:42:09,131 - PendingVehiclesPanel - INFO - Found 0 unique pending vehicles, prevented 0 duplicates
2025-07-17 21:42:09,131 - PendingVehiclesPanel - INFO - Successfully refreshed pending list with 0 unique vehicles
2025-07-17 21:42:09,738 - camera_camera - WARNING - High memory usage (91.0%), triggering garbage collection
2025-07-17 21:42:09,791 - camera_camera - WARNING - High memory usage (90.9%), triggering garbage collection
2025-07-17 21:42:10,289 - camera_camera - DEBUG - Initializing USB camera
2025-07-17 21:42:11,812 - camera_camera - WARNING - High memory usage (90.4%), triggering garbage collection
2025-07-17 21:42:11,854 - camera_camera - WARNING - High memory usage (90.5%), triggering garbage collection
2025-07-17 21:42:12,341 - camera_camera - DEBUG - Initializing USB camera
2025-07-17 21:42:13,860 - camera_camera - WARNING - High memory usage (90.1%), triggering garbage collection
2025-07-17 21:42:13,907 - camera_camera - WARNING - High memory usage (90.1%), triggering garbage collection
2025-07-17 21:42:14,389 - camera_camera - DEBUG - Initializing USB camera
2025-07-17 21:42:15,914 - camera_camera - WARNING - High memory usage (90.2%), triggering garbage collection
2025-07-17 21:42:15,970 - camera_camera - WARNING - High memory usage (90.2%), triggering garbage collection
2025-07-17 21:42:16,425 - camera_camera - DEBUG - Initializing USB camera
2025-07-17 21:42:17,975 - camera_camera - WARNING - High memory usage (89.8%), triggering garbage collection
2025-07-17 21:42:18,025 - camera_camera - WARNING - High memory usage (89.7%), triggering garbage collection
2025-07-17 21:42:18,451 - camera_camera - DEBUG - Initializing USB camera
2025-07-17 21:42:20,055 - camera_camera - WARNING - High memory usage (89.6%), triggering garbage collection
2025-07-17 21:42:20,089 - camera_camera - WARNING - High memory usage (89.6%), triggering garbage collection
2025-07-17 21:42:20,490 - camera_camera - DEBUG - Initializing USB camera
2025-07-17 21:42:22,121 - camera_camera - WARNING - High memory usage (89.6%), triggering garbage collection
2025-07-17 21:42:22,168 - camera_camera - WARNING - High memory usage (89.6%), triggering garbage collection
2025-07-17 21:42:24,206 - camera_camera - WARNING - High memory usage (89.5%), triggering garbage collection
2025-07-17 21:42:24,258 - camera_camera - WARNING - High memory usage (89.5%), triggering garbage collection
2025-07-17 21:42:26,279 - camera_camera - WARNING - High memory usage (89.4%), triggering garbage collection
2025-07-17 21:42:26,317 - camera_camera - WARNING - High memory usage (89.4%), triggering garbage collection
2025-07-17 21:42:27,525 - camera_camera - DEBUG - Initializing USB camera
2025-07-17 21:42:28,335 - camera_camera - WARNING - High memory usage (89.5%), triggering garbage collection
2025-07-17 21:42:28,395 - camera_camera - WARNING - High memory usage (89.5%), triggering garbage collection
2025-07-17 21:42:29,566 - camera_camera - DEBUG - Initializing USB camera
2025-07-17 21:42:30,414 - camera_camera - WARNING - High memory usage (89.1%), triggering garbage collection
2025-07-17 21:42:30,449 - camera_camera - DEBUG - Resource usage - CPU: 16.5%, Memory: 89.1%
2025-07-17 21:42:30,449 - camera_camera - WARNING - High memory usage (89.1%), triggering garbage collection
2025-07-17 21:42:30,482 - camera_camera - DEBUG - Resource usage - CPU: 14.8%, Memory: 89.1%
2025-07-17 21:42:31,614 - camera_camera - DEBUG - Initializing USB camera
2025-07-17 21:42:32,452 - camera_camera - WARNING - High memory usage (89.0%), triggering garbage collection
2025-07-17 21:42:32,502 - camera_camera - WARNING - High memory usage (88.9%), triggering garbage collection
2025-07-17 21:42:33,649 - camera_camera - DEBUG - Initializing USB camera
2025-07-17 21:42:34,508 - camera_camera - WARNING - High memory usage (88.9%), triggering garbage collection
2025-07-17 21:42:34,556 - camera_camera - WARNING - High memory usage (88.9%), triggering garbage collection
2025-07-17 21:42:35,681 - camera_camera - DEBUG - Initializing USB camera
2025-07-17 21:42:36,565 - camera_camera - WARNING - High memory usage (88.8%), triggering garbage collection
2025-07-17 21:42:36,617 - camera_camera - WARNING - High memory usage (88.8%), triggering garbage collection
2025-07-17 21:42:37,731 - camera_camera - DEBUG - Initializing USB camera
2025-07-17 21:42:38,647 - camera_camera - WARNING - High memory usage (88.8%), triggering garbage collection
2025-07-17 21:42:38,691 - camera_camera - WARNING - High memory usage (88.8%), triggering garbage collection
2025-07-17 21:42:40,704 - camera_camera - WARNING - High memory usage (88.7%), triggering garbage collection
2025-07-17 21:42:40,757 - camera_camera - WARNING - High memory usage (88.7%), triggering garbage collection
2025-07-17 21:42:42,779 - camera_camera - WARNING - High memory usage (88.7%), triggering garbage collection
2025-07-17 21:42:42,830 - camera_camera - WARNING - High memory usage (88.7%), triggering garbage collection
2025-07-17 21:42:44,756 - camera_camera - DEBUG - Initializing USB camera
2025-07-17 21:42:44,841 - camera_camera - WARNING - High memory usage (88.7%), triggering garbage collection
2025-07-17 21:42:44,889 - camera_camera - WARNING - High memory usage (88.7%), triggering garbage collection
2025-07-17 21:42:46,838 - camera_camera - DEBUG - Initializing USB camera
2025-07-17 21:42:46,883 - camera_camera - WARNING - High memory usage (88.8%), triggering garbage collection
2025-07-17 21:42:46,949 - camera_camera - WARNING - High memory usage (88.8%), triggering garbage collection
2025-07-17 21:42:48,884 - camera_camera - DEBUG - Initializing USB camera
2025-07-17 21:42:48,933 - camera_camera - WARNING - High memory usage (88.6%), triggering garbage collection
2025-07-17 21:42:48,999 - camera_camera - WARNING - High memory usage (88.6%), triggering garbage collection
2025-07-17 21:42:50,936 - camera_camera - DEBUG - Initializing USB camera
2025-07-17 21:42:50,988 - camera_camera - WARNING - High memory usage (88.6%), triggering garbage collection
2025-07-17 21:42:51,049 - camera_camera - WARNING - High memory usage (88.7%), triggering garbage collection
2025-07-17 21:42:52,979 - camera_camera - DEBUG - Initializing USB camera
2025-07-17 21:42:53,050 - camera_camera - WARNING - High memory usage (88.5%), triggering garbage collection
2025-07-17 21:42:53,098 - camera_camera - WARNING - High memory usage (88.5%), triggering garbage collection
2025-07-17 21:42:55,028 - camera_camera - DEBUG - Initializing USB camera
2025-07-17 21:42:55,098 - camera_camera - WARNING - High memory usage (88.4%), triggering garbage collection
2025-07-17 21:42:55,147 - camera_camera - WARNING - High memory usage (88.4%), triggering garbage collection
2025-07-17 21:42:57,146 - camera_camera - WARNING - High memory usage (88.4%), triggering garbage collection
2025-07-17 21:42:57,197 - camera_camera - WARNING - High memory usage (88.4%), triggering garbage collection
2025-07-17 21:42:59,183 - camera_camera - WARNING - High memory usage (88.3%), triggering garbage collection
2025-07-17 21:42:59,263 - camera_camera - WARNING - High memory usage (88.3%), triggering garbage collection
2025-07-17 21:43:01,255 - camera_camera - WARNING - High memory usage (88.3%), triggering garbage collection
2025-07-17 21:43:01,313 - camera_camera - WARNING - High memory usage (88.3%), triggering garbage collection
2025-07-17 21:43:02,056 - camera_camera - DEBUG - Initializing USB camera
2025-07-17 21:43:03,322 - camera_camera - WARNING - High memory usage (88.3%), triggering garbage collection
2025-07-17 21:43:03,365 - camera_camera - WARNING - High memory usage (88.3%), triggering garbage collection
2025-07-17 21:43:04,099 - camera_camera - DEBUG - Initializing USB camera
2025-07-17 21:43:05,384 - camera_camera - WARNING - High memory usage (88.2%), triggering garbage collection
2025-07-17 21:43:05,430 - camera_camera - WARNING - High memory usage (88.2%), triggering garbage collection
2025-07-17 21:43:06,142 - camera_camera - DEBUG - Initializing USB camera
2025-07-17 21:43:06,880 - camera_camera - DEBUG - Performed garbage collection
2025-07-17 21:43:07,468 - camera_camera - WARNING - High memory usage (88.2%), triggering garbage collection
2025-07-17 21:43:07,507 - camera_camera - WARNING - High memory usage (88.2%), triggering garbage collection
2025-07-17 21:43:08,165 - camera_camera - DEBUG - Initializing USB camera
2025-07-17 21:43:09,142 - PendingVehiclesPanel - INFO - Refreshing pending vehicles list
2025-07-17 21:43:09,144 - DataManager - INFO - Successfully loaded 88 records from data\Tharuni_Associates_Chilakaluripeta_data.csv
2025-07-17 21:43:09,144 - PendingVehiclesPanel - INFO - Retrieved 88 total records
2025-07-17 21:43:09,180 - PendingVehiclesPanel - INFO - Found 0 unique pending vehicles, prevented 0 duplicates
2025-07-17 21:43:09,180 - PendingVehiclesPanel - INFO - Successfully refreshed pending list with 0 unique vehicles
2025-07-17 21:43:09,514 - camera_camera - WARNING - High memory usage (88.1%), triggering garbage collection
2025-07-17 21:43:09,565 - camera_camera - WARNING - High memory usage (88.1%), triggering garbage collection
2025-07-17 21:43:10,211 - camera_camera - DEBUG - Initializing USB camera
2025-07-17 21:43:11,579 - camera_camera - WARNING - High memory usage (88.1%), triggering garbage collection
2025-07-17 21:43:11,627 - camera_camera - WARNING - High memory usage (88.2%), triggering garbage collection
2025-07-17 21:43:12,257 - camera_camera - DEBUG - Initializing USB camera
2025-07-17 21:43:13,659 - camera_camera - WARNING - High memory usage (88.1%), triggering garbage collection
2025-07-17 21:43:13,699 - camera_camera - WARNING - High memory usage (88.1%), triggering garbage collection
2025-07-17 21:43:15,704 - camera_camera - WARNING - High memory usage (88.0%), triggering garbage collection
2025-07-17 21:43:15,752 - camera_camera - WARNING - High memory usage (88.0%), triggering garbage collection
2025-07-17 21:43:17,763 - camera_camera - WARNING - High memory usage (88.0%), triggering garbage collection
2025-07-17 21:43:17,816 - camera_camera - WARNING - High memory usage (88.0%), triggering garbage collection
2025-07-17 21:43:19,316 - camera_camera - DEBUG - Initializing USB camera
2025-07-17 21:43:19,837 - camera_camera - WARNING - High memory usage (88.0%), triggering garbage collection
2025-07-17 21:43:19,883 - camera_camera - WARNING - High memory usage (88.0%), triggering garbage collection
2025-07-17 21:43:21,348 - camera_camera - DEBUG - Initializing USB camera
2025-07-17 21:43:21,901 - camera_camera - WARNING - High memory usage (88.1%), triggering garbage collection
2025-07-17 21:43:21,948 - camera_camera - WARNING - High memory usage (88.1%), triggering garbage collection
2025-07-17 21:43:23,398 - camera_camera - DEBUG - Initializing USB camera
2025-07-17 21:43:23,956 - camera_camera - WARNING - High memory usage (88.0%), triggering garbage collection
2025-07-17 21:43:24,008 - camera_camera - WARNING - High memory usage (88.0%), triggering garbage collection
2025-07-17 21:43:25,446 - camera_camera - DEBUG - Initializing USB camera
2025-07-17 21:43:26,010 - camera_camera - WARNING - High memory usage (88.1%), triggering garbage collection
2025-07-17 21:43:26,059 - camera_camera - WARNING - High memory usage (88.1%), triggering garbage collection
2025-07-17 21:43:27,490 - camera_camera - DEBUG - Initializing USB camera
2025-07-17 21:43:28,078 - camera_camera - WARNING - High memory usage (88.1%), triggering garbage collection
2025-07-17 21:43:28,132 - camera_camera - WARNING - High memory usage (88.1%), triggering garbage collection
2025-07-17 21:43:29,526 - camera_camera - DEBUG - Initializing USB camera
2025-07-17 21:43:30,138 - camera_camera - WARNING - High memory usage (87.7%), triggering garbage collection
2025-07-17 21:43:30,201 - camera_camera - DEBUG - Resource usage - CPU: 16.1%, Memory: 87.7%
2025-07-17 21:43:30,201 - camera_camera - WARNING - High memory usage (87.7%), triggering garbage collection
2025-07-17 21:43:30,239 - camera_camera - DEBUG - Resource usage - CPU: 16.4%, Memory: 87.7%
2025-07-17 21:43:32,219 - camera_camera - WARNING - High memory usage (87.8%), triggering garbage collection
2025-07-17 21:43:32,271 - camera_camera - WARNING - High memory usage (87.8%), triggering garbage collection
2025-07-17 21:43:34,291 - camera_camera - WARNING - High memory usage (87.8%), triggering garbage collection
2025-07-17 21:43:34,327 - camera_camera - WARNING - High memory usage (87.8%), triggering garbage collection
2025-07-17 21:43:36,344 - camera_camera - WARNING - High memory usage (87.9%), triggering garbage collection
2025-07-17 21:43:36,393 - camera_camera - WARNING - High memory usage (87.9%), triggering garbage collection
2025-07-17 21:43:36,564 - camera_camera - DEBUG - Initializing USB camera
2025-07-17 21:43:38,408 - camera_camera - WARNING - High memory usage (88.2%), triggering garbage collection
2025-07-17 21:43:38,448 - camera_camera - WARNING - High memory usage (88.2%), triggering garbage collection
2025-07-17 21:43:38,613 - camera_camera - DEBUG - Initializing USB camera
2025-07-17 21:43:40,460 - camera_camera - WARNING - High memory usage (88.1%), triggering garbage collection
2025-07-17 21:43:40,506 - camera_camera - WARNING - High memory usage (88.1%), triggering garbage collection
2025-07-17 21:43:40,658 - camera_camera - DEBUG - Initializing USB camera
2025-07-17 21:43:42,509 - camera_camera - WARNING - High memory usage (88.0%), triggering garbage collection
2025-07-17 21:43:42,572 - camera_camera - WARNING - High memory usage (88.0%), triggering garbage collection
2025-07-17 21:43:42,683 - camera_camera - DEBUG - Initializing USB camera
2025-07-17 21:43:44,583 - camera_camera - WARNING - High memory usage (87.7%), triggering garbage collection
2025-07-17 21:43:44,621 - camera_camera - WARNING - High memory usage (87.7%), triggering garbage collection
2025-07-17 21:43:44,717 - camera_camera - DEBUG - Initializing USB camera
2025-07-17 21:43:46,637 - camera_camera - WARNING - High memory usage (87.9%), triggering garbage collection
2025-07-17 21:43:46,680 - camera_camera - WARNING - High memory usage (87.9%), triggering garbage collection
2025-07-17 21:43:46,751 - camera_camera - DEBUG - Initializing USB camera
2025-07-17 21:43:48,695 - camera_camera - WARNING - High memory usage (87.8%), triggering garbage collection
2025-07-17 21:43:48,729 - camera_camera - WARNING - High memory usage (87.8%), triggering garbage collection
2025-07-17 21:43:50,749 - camera_camera - WARNING - High memory usage (87.9%), triggering garbage collection
2025-07-17 21:43:50,795 - camera_camera - WARNING - High memory usage (87.9%), triggering garbage collection
2025-07-17 21:43:52,805 - camera_camera - WARNING - High memory usage (88.0%), triggering garbage collection
2025-07-17 21:43:52,843 - camera_camera - WARNING - High memory usage (88.0%), triggering garbage collection
2025-07-17 21:43:53,795 - camera_camera - DEBUG - Initializing USB camera
2025-07-17 21:43:54,861 - camera_camera - WARNING - High memory usage (87.9%), triggering garbage collection
2025-07-17 21:43:54,909 - camera_camera - WARNING - High memory usage (87.9%), triggering garbage collection
2025-07-17 21:43:55,841 - camera_camera - DEBUG - Initializing USB camera
2025-07-17 21:43:56,917 - camera_camera - WARNING - High memory usage (88.0%), triggering garbage collection
2025-07-17 21:43:56,969 - camera_camera - WARNING - High memory usage (88.0%), triggering garbage collection
2025-07-17 21:43:57,881 - camera_camera - DEBUG - Initializing USB camera
2025-07-17 21:43:58,991 - camera_camera - WARNING - High memory usage (88.0%), triggering garbage collection
2025-07-17 21:43:59,040 - camera_camera - WARNING - High memory usage (88.0%), triggering garbage collection
2025-07-17 21:43:59,922 - camera_camera - DEBUG - Initializing USB camera
2025-07-17 21:44:01,063 - camera_camera - WARNING - High memory usage (88.0%), triggering garbage collection
2025-07-17 21:44:01,108 - camera_camera - WARNING - High memory usage (88.0%), triggering garbage collection
2025-07-17 21:44:01,953 - camera_camera - DEBUG - Initializing USB camera
2025-07-17 21:44:03,129 - camera_camera - WARNING - High memory usage (88.0%), triggering garbage collection
2025-07-17 21:44:03,175 - camera_camera - WARNING - High memory usage (88.0%), triggering garbage collection
2025-07-17 21:44:04,002 - camera_camera - DEBUG - Initializing USB camera
2025-07-17 21:44:05,206 - camera_camera - WARNING - High memory usage (87.8%), triggering garbage collection
2025-07-17 21:44:05,242 - camera_camera - WARNING - High memory usage (87.8%), triggering garbage collection
2025-07-17 21:44:06,913 - camera_camera - DEBUG - Performed garbage collection
2025-07-17 21:44:07,259 - camera_camera - WARNING - High memory usage (87.8%), triggering garbage collection
2025-07-17 21:44:07,303 - camera_camera - WARNING - High memory usage (87.8%), triggering garbage collection
2025-07-17 21:44:09,188 - PendingVehiclesPanel - INFO - Refreshing pending vehicles list
2025-07-17 21:44:09,198 - DataManager - INFO - Successfully loaded 88 records from data\Tharuni_Associates_Chilakaluripeta_data.csv
2025-07-17 21:44:09,200 - PendingVehiclesPanel - INFO - Retrieved 88 total records
2025-07-17 21:44:09,253 - PendingVehiclesPanel - INFO - Found 0 unique pending vehicles, prevented 0 duplicates
2025-07-17 21:44:09,254 - PendingVehiclesPanel - INFO - Successfully refreshed pending list with 0 unique vehicles
2025-07-17 21:44:09,333 - camera_camera - WARNING - High memory usage (87.8%), triggering garbage collection
2025-07-17 21:44:09,368 - camera_camera - WARNING - High memory usage (87.7%), triggering garbage collection
2025-07-17 21:44:11,043 - camera_camera - DEBUG - Initializing USB camera
2025-07-17 21:44:11,404 - camera_camera - WARNING - High memory usage (88.3%), triggering garbage collection
2025-07-17 21:44:11,447 - camera_camera - WARNING - High memory usage (88.4%), triggering garbage collection
2025-07-17 21:44:13,072 - camera_camera - DEBUG - Initializing USB camera
2025-07-17 21:44:13,467 - camera_camera - WARNING - High memory usage (88.3%), triggering garbage collection
2025-07-17 21:44:13,509 - camera_camera - WARNING - High memory usage (88.3%), triggering garbage collection
2025-07-17 21:44:15,108 - camera_camera - DEBUG - Initializing USB camera
2025-07-17 21:44:15,525 - camera_camera - WARNING - High memory usage (88.3%), triggering garbage collection
2025-07-17 21:44:15,567 - camera_camera - WARNING - High memory usage (88.3%), triggering garbage collection
2025-07-17 21:44:17,139 - camera_camera - DEBUG - Initializing USB camera
2025-07-17 21:44:17,585 - camera_camera - WARNING - High memory usage (88.5%), triggering garbage collection
2025-07-17 21:44:17,620 - camera_camera - WARNING - High memory usage (88.5%), triggering garbage collection
2025-07-17 21:44:19,183 - camera_camera - DEBUG - Initializing USB camera
2025-07-17 21:44:19,651 - camera_camera - WARNING - High memory usage (89.2%), triggering garbage collection
2025-07-17 21:44:19,688 - camera_camera - WARNING - High memory usage (89.2%), triggering garbage collection
2025-07-17 21:44:21,215 - camera_camera - DEBUG - Initializing USB camera
2025-07-17 21:44:21,711 - camera_camera - WARNING - High memory usage (92.6%), triggering garbage collection
2025-07-17 21:44:21,748 - camera_camera - WARNING - High memory usage (92.7%), triggering garbage collection
2025-07-17 21:44:23,782 - camera_camera - WARNING - High memory usage (92.9%), triggering garbage collection
2025-07-17 21:44:23,819 - camera_camera - WARNING - High memory usage (92.8%), triggering garbage collection
2025-07-17 21:44:25,842 - camera_camera - WARNING - High memory usage (91.5%), triggering garbage collection
2025-07-17 21:44:25,880 - camera_camera - WARNING - High memory usage (91.7%), triggering garbage collection
2025-07-17 21:44:27,891 - camera_camera - WARNING - High memory usage (93.9%), triggering garbage collection
2025-07-17 21:44:27,937 - camera_camera - WARNING - High memory usage (94.4%), triggering garbage collection
2025-07-17 21:44:28,257 - camera_camera - DEBUG - Initializing USB camera
2025-07-17 21:44:29,938 - camera_camera - WARNING - High memory usage (95.0%), triggering garbage collection
2025-07-17 21:44:29,979 - camera_camera - WARNING - High memory usage (95.0%), triggering garbage collection
2025-07-17 21:44:30,286 - camera_camera - DEBUG - Initializing USB camera
2025-07-17 21:44:31,994 - camera_camera - WARNING - High memory usage (93.9%), triggering garbage collection
2025-07-17 21:44:32,029 - camera_camera - WARNING - High memory usage (94.0%), triggering garbage collection
2025-07-17 21:44:32,317 - camera_camera - DEBUG - Initializing USB camera
2025-07-17 21:44:34,051 - camera_camera - WARNING - High memory usage (95.0%), triggering garbage collection
2025-07-17 21:44:34,087 - camera_camera - WARNING - High memory usage (95.0%), triggering garbage collection
2025-07-17 21:44:34,351 - camera_camera - DEBUG - Initializing USB camera
2025-07-17 21:44:36,099 - camera_camera - WARNING - High memory usage (94.5%), triggering garbage collection
2025-07-17 21:44:36,144 - camera_camera - WARNING - High memory usage (94.5%), triggering garbage collection
2025-07-17 21:44:36,383 - camera_camera - DEBUG - Initializing USB camera
2025-07-17 21:44:38,147 - camera_camera - WARNING - High memory usage (95.2%), triggering garbage collection
2025-07-17 21:44:38,193 - camera_camera - WARNING - High memory usage (95.3%), triggering garbage collection
2025-07-17 21:44:38,432 - camera_camera - DEBUG - Initializing USB camera
2025-07-17 21:44:40,194 - camera_camera - WARNING - High memory usage (94.2%), triggering garbage collection
2025-07-17 21:44:40,260 - camera_camera - WARNING - High memory usage (94.2%), triggering garbage collection
2025-07-17 21:44:42,241 - camera_camera - WARNING - High memory usage (95.3%), triggering garbage collection
2025-07-17 21:44:42,309 - camera_camera - WARNING - High memory usage (95.4%), triggering garbage collection
2025-07-17 21:44:44,289 - camera_camera - WARNING - High memory usage (91.1%), triggering garbage collection
2025-07-17 21:44:44,353 - camera_camera - WARNING - High memory usage (90.7%), triggering garbage collection
2025-07-17 21:44:45,471 - camera_camera - DEBUG - Initializing USB camera
2025-07-17 21:44:46,355 - camera_camera - WARNING - High memory usage (87.5%), triggering garbage collection
2025-07-17 21:44:46,411 - camera_camera - WARNING - High memory usage (87.5%), triggering garbage collection
2025-07-17 21:44:47,520 - camera_camera - DEBUG - Initializing USB camera
2025-07-17 21:44:48,409 - camera_camera - WARNING - High memory usage (88.9%), triggering garbage collection
2025-07-17 21:44:48,476 - camera_camera - WARNING - High memory usage (88.9%), triggering garbage collection
2025-07-17 21:44:49,551 - camera_camera - DEBUG - Initializing USB camera
2025-07-17 21:44:50,512 - camera_camera - WARNING - High memory usage (90.8%), triggering garbage collection
2025-07-17 21:44:50,554 - camera_camera - WARNING - High memory usage (90.9%), triggering garbage collection
2025-07-17 21:44:51,573 - camera_camera - DEBUG - Initializing USB camera
2025-07-17 21:44:52,578 - camera_camera - WARNING - High memory usage (88.4%), triggering garbage collection
2025-07-17 21:44:52,612 - camera_camera - WARNING - High memory usage (88.5%), triggering garbage collection
2025-07-17 21:44:53,651 - camera_camera - DEBUG - Initializing USB camera
2025-07-17 21:44:54,628 - camera_camera - WARNING - High memory usage (86.0%), triggering garbage collection
2025-07-17 21:44:54,661 - camera_camera - WARNING - High memory usage (86.0%), triggering garbage collection
2025-07-17 21:44:55,681 - camera_camera - DEBUG - Initializing USB camera
2025-07-17 21:44:56,674 - camera_camera - WARNING - High memory usage (85.8%), triggering garbage collection
2025-07-17 21:44:56,710 - camera_camera - WARNING - High memory usage (85.6%), triggering garbage collection
2025-07-17 21:44:58,722 - camera_camera - WARNING - High memory usage (85.8%), triggering garbage collection
2025-07-17 21:44:58,779 - camera_camera - WARNING - High memory usage (85.8%), triggering garbage collection
2025-07-17 21:45:00,770 - camera_camera - WARNING - High memory usage (85.6%), triggering garbage collection
2025-07-17 21:45:00,818 - camera_camera - DEBUG - Resource usage - CPU: 13.6%, Memory: 85.6%
2025-07-17 21:45:00,823 - camera_camera - WARNING - High memory usage (85.6%), triggering garbage collection
2025-07-17 21:45:00,859 - camera_camera - DEBUG - Resource usage - CPU: 13.8%, Memory: 85.6%
2025-07-17 21:45:02,750 - camera_camera - DEBUG - Initializing USB camera
2025-07-17 21:45:02,839 - camera_camera - WARNING - High memory usage (85.6%), triggering garbage collection
2025-07-17 21:45:02,874 - camera_camera - WARNING - High memory usage (85.6%), triggering garbage collection
2025-07-17 21:45:04,805 - camera_camera - DEBUG - Initializing USB camera
2025-07-17 21:45:04,889 - camera_camera - WARNING - High memory usage (85.5%), triggering garbage collection
2025-07-17 21:45:04,927 - camera_camera - WARNING - High memory usage (85.5%), triggering garbage collection
2025-07-17 21:45:06,853 - camera_camera - DEBUG - Initializing USB camera
2025-07-17 21:45:06,929 - camera_camera - DEBUG - Performed garbage collection
2025-07-17 21:45:06,940 - camera_camera - WARNING - High memory usage (85.4%), triggering garbage collection
2025-07-17 21:45:06,979 - camera_camera - WARNING - High memory usage (85.5%), triggering garbage collection
2025-07-17 21:45:08,897 - camera_camera - DEBUG - Initializing USB camera
2025-07-17 21:45:09,005 - camera_camera - WARNING - High memory usage (85.4%), triggering garbage collection
2025-07-17 21:45:09,043 - camera_camera - WARNING - High memory usage (85.5%), triggering garbage collection
2025-07-17 21:45:09,263 - PendingVehiclesPanel - INFO - Refreshing pending vehicles list
2025-07-17 21:45:09,272 - DataManager - INFO - Successfully loaded 88 records from data\Tharuni_Associates_Chilakaluripeta_data.csv
2025-07-17 21:45:09,273 - PendingVehiclesPanel - INFO - Retrieved 88 total records
2025-07-17 21:45:09,397 - PendingVehiclesPanel - INFO - Found 0 unique pending vehicles, prevented 0 duplicates
2025-07-17 21:45:09,398 - PendingVehiclesPanel - INFO - Successfully refreshed pending list with 0 unique vehicles
2025-07-17 21:45:10,928 - camera_camera - DEBUG - Initializing USB camera
2025-07-17 21:45:11,054 - camera_camera - WARNING - High memory usage (85.6%), triggering garbage collection
2025-07-17 21:45:11,104 - camera_camera - WARNING - High memory usage (85.6%), triggering garbage collection
2025-07-17 21:45:12,965 - camera_camera - DEBUG - Initializing USB camera
2025-07-17 21:45:13,106 - camera_camera - WARNING - High memory usage (85.5%), triggering garbage collection
2025-07-17 21:45:13,154 - camera_camera - WARNING - High memory usage (85.5%), triggering garbage collection
2025-07-17 21:45:15,164 - camera_camera - WARNING - High memory usage (85.5%), triggering garbage collection
2025-07-17 21:45:15,210 - camera_camera - WARNING - High memory usage (85.5%), triggering garbage collection
2025-07-17 21:45:17,226 - camera_camera - WARNING - High memory usage (85.4%), triggering garbage collection
2025-07-17 21:45:17,278 - camera_camera - WARNING - High memory usage (85.4%), triggering garbage collection
2025-07-17 21:45:20,017 - camera_camera - DEBUG - Initializing USB camera
2025-07-17 21:45:22,050 - camera_camera - DEBUG - Initializing USB camera
2025-07-17 21:45:24,111 - camera_camera - DEBUG - Initializing USB camera
2025-07-17 21:45:26,150 - camera_camera - DEBUG - Initializing USB camera
2025-07-17 21:45:28,198 - camera_camera - DEBUG - Initializing USB camera
2025-07-17 21:45:30,224 - camera_camera - DEBUG - Initializing USB camera
2025-07-17 21:45:37,254 - camera_camera - DEBUG - Initializing USB camera
2025-07-17 21:45:39,298 - camera_camera - DEBUG - Initializing USB camera
2025-07-17 21:45:41,333 - camera_camera - DEBUG - Initializing USB camera
2025-07-17 21:45:43,382 - camera_camera - DEBUG - Initializing USB camera
2025-07-17 21:45:45,431 - camera_camera - DEBUG - Initializing USB camera
2025-07-17 21:45:47,479 - camera_camera - DEBUG - Initializing USB camera
2025-07-17 21:45:54,535 - camera_camera - DEBUG - Initializing USB camera
2025-07-17 21:45:56,578 - camera_camera - DEBUG - Initializing USB camera
2025-07-17 21:45:58,614 - camera_camera - DEBUG - Initializing USB camera
2025-07-17 21:46:00,657 - camera_camera - DEBUG - Initializing USB camera
2025-07-17 21:46:01,694 - camera_camera - WARNING - High memory usage (86.4%), triggering garbage collection
2025-07-17 21:46:01,817 - camera_camera - WARNING - High memory usage (86.4%), triggering garbage collection
2025-07-17 21:46:02,701 - camera_camera - DEBUG - Initializing USB camera
2025-07-17 21:46:03,857 - camera_camera - WARNING - High CPU usage (90.7%), reducing FPS to 29
2025-07-17 21:46:03,858 - camera_camera - WARNING - High memory usage (86.7%), triggering garbage collection
2025-07-17 21:46:03,978 - camera_camera - WARNING - High CPU usage (90.2%), reducing FPS to 29
2025-07-17 21:46:03,979 - camera_camera - WARNING - High memory usage (87.0%), triggering garbage collection
2025-07-17 21:46:04,768 - camera_camera - DEBUG - Initializing USB camera
2025-07-17 21:46:05,955 - camera_camera - WARNING - High memory usage (86.8%), triggering garbage collection
2025-07-17 21:46:06,081 - camera_camera - WARNING - High memory usage (86.9%), triggering garbage collection
2025-07-17 21:46:06,993 - camera_camera - DEBUG - Performed garbage collection
2025-07-17 21:46:08,002 - camera_camera - WARNING - High memory usage (86.6%), triggering garbage collection
2025-07-17 21:46:08,166 - camera_camera - WARNING - High memory usage (86.6%), triggering garbage collection
2025-07-17 21:46:09,400 - PendingVehiclesPanel - INFO - Refreshing pending vehicles list
2025-07-17 21:46:09,408 - DataManager - INFO - Successfully loaded 88 records from data\Tharuni_Associates_Chilakaluripeta_data.csv
2025-07-17 21:46:09,410 - PendingVehiclesPanel - INFO - Retrieved 88 total records
2025-07-17 21:46:09,498 - PendingVehiclesPanel - INFO - Found 0 unique pending vehicles, prevented 0 duplicates
2025-07-17 21:46:09,499 - PendingVehiclesPanel - INFO - Successfully refreshed pending list with 0 unique vehicles
2025-07-17 21:46:10,074 - camera_camera - WARNING - High memory usage (86.9%), triggering garbage collection
2025-07-17 21:46:10,251 - camera_camera - WARNING - High memory usage (86.9%), triggering garbage collection
2025-07-17 21:46:11,823 - camera_camera - DEBUG - Initializing USB camera
2025-07-17 21:46:12,147 - camera_camera - WARNING - High memory usage (86.9%), triggering garbage collection
2025-07-17 21:46:12,337 - camera_camera - WARNING - High memory usage (86.9%), triggering garbage collection
2025-07-17 21:46:13,855 - camera_camera - DEBUG - Initializing USB camera
2025-07-17 21:46:14,195 - camera_camera - WARNING - High memory usage (86.9%), triggering garbage collection
2025-07-17 21:46:14,405 - camera_camera - WARNING - High memory usage (86.9%), triggering garbage collection
2025-07-17 21:46:15,888 - camera_camera - DEBUG - Initializing USB camera
2025-07-17 21:46:16,265 - camera_camera - WARNING - High memory usage (86.9%), triggering garbage collection
2025-07-17 21:46:16,484 - camera_camera - WARNING - High memory usage (86.9%), triggering garbage collection
2025-07-17 21:46:19,241 - camera_camera - DEBUG - Initializing USB camera
2025-07-17 21:46:19,635 - camera_camera - WARNING - High memory usage (87.0%), triggering garbage collection
2025-07-17 21:46:19,864 - camera_camera - WARNING - High memory usage (86.9%), triggering garbage collection
2025-07-17 21:46:21,273 - camera_camera - DEBUG - Initializing USB camera
2025-07-17 21:46:21,693 - camera_camera - WARNING - High memory usage (86.7%), triggering garbage collection
2025-07-17 21:46:21,915 - camera_camera - WARNING - High memory usage (86.8%), triggering garbage collection
2025-07-17 21:46:23,345 - camera_camera - DEBUG - Initializing USB camera
2025-07-17 21:46:23,749 - camera_camera - WARNING - High memory usage (87.1%), triggering garbage collection
2025-07-17 21:46:23,981 - camera_camera - WARNING - High memory usage (86.7%), triggering garbage collection
2025-07-17 21:46:25,803 - camera_camera - WARNING - High memory usage (86.9%), triggering garbage collection
2025-07-17 21:46:26,028 - camera_camera - WARNING - High memory usage (86.9%), triggering garbage collection
2025-07-17 21:46:27,853 - camera_camera - WARNING - High memory usage (86.9%), triggering garbage collection
2025-07-17 21:46:28,076 - camera_camera - WARNING - High memory usage (86.7%), triggering garbage collection
2025-07-17 21:46:29,911 - camera_camera - WARNING - High memory usage (88.1%), triggering garbage collection
2025-07-17 21:46:30,140 - camera_camera - WARNING - High memory usage (88.0%), triggering garbage collection
2025-07-17 21:46:30,177 - camera_camera - DEBUG - Resource usage - CPU: 32.8%, Memory: 88.0%
2025-07-17 21:46:30,377 - camera_camera - DEBUG - Initializing USB camera
2025-07-17 21:46:31,959 - camera_camera - WARNING - High memory usage (87.3%), triggering garbage collection
2025-07-17 21:46:32,205 - camera_camera - WARNING - High memory usage (86.9%), triggering garbage collection
2025-07-17 21:46:32,410 - camera_camera - DEBUG - Initializing USB camera
2025-07-17 21:46:34,029 - camera_camera - WARNING - High memory usage (87.0%), triggering garbage collection
2025-07-17 21:46:34,260 - camera_camera - WARNING - High memory usage (87.1%), triggering garbage collection
2025-07-17 21:46:34,457 - camera_camera - DEBUG - Initializing USB camera
2025-07-17 21:46:36,062 - camera_camera - WARNING - High memory usage (87.1%), triggering garbage collection
2025-07-17 21:46:36,316 - camera_camera - WARNING - High memory usage (87.0%), triggering garbage collection
2025-07-17 21:46:36,490 - camera_camera - DEBUG - Initializing USB camera
2025-07-17 21:46:38,124 - camera_camera - WARNING - High memory usage (87.1%), triggering garbage collection
2025-07-17 21:46:38,375 - camera_camera - WARNING - High memory usage (87.1%), triggering garbage collection
2025-07-17 21:46:38,538 - camera_camera - DEBUG - Initializing USB camera
2025-07-17 21:46:40,173 - camera_camera - WARNING - High memory usage (87.2%), triggering garbage collection
2025-07-17 21:46:40,422 - camera_camera - WARNING - High memory usage (87.0%), triggering garbage collection
2025-07-17 21:46:40,570 - camera_camera - DEBUG - Initializing USB camera
2025-07-17 21:46:42,236 - camera_camera - WARNING - High memory usage (87.1%), triggering garbage collection
2025-07-17 21:46:42,477 - camera_camera - WARNING - High memory usage (87.2%), triggering garbage collection
2025-07-17 21:46:44,303 - camera_camera - WARNING - High memory usage (87.3%), triggering garbage collection
2025-07-17 21:46:44,524 - camera_camera - WARNING - High memory usage (87.1%), triggering garbage collection
2025-07-17 21:46:46,358 - camera_camera - WARNING - High memory usage (87.3%), triggering garbage collection
2025-07-17 21:46:46,588 - camera_camera - WARNING - High memory usage (87.4%), triggering garbage collection
2025-07-17 21:46:47,625 - camera_camera - DEBUG - Initializing USB camera
2025-07-17 21:46:48,407 - camera_camera - WARNING - High memory usage (87.5%), triggering garbage collection
2025-07-17 21:46:48,637 - camera_camera - WARNING - High memory usage (87.2%), triggering garbage collection
2025-07-17 21:46:49,656 - camera_camera - DEBUG - Initializing USB camera
2025-07-17 21:46:50,476 - camera_camera - WARNING - High memory usage (87.3%), triggering garbage collection
2025-07-17 21:46:50,693 - camera_camera - WARNING - High memory usage (87.4%), triggering garbage collection
2025-07-17 21:46:51,690 - camera_camera - DEBUG - Initializing USB camera
2025-07-17 21:46:52,527 - camera_camera - WARNING - High memory usage (87.6%), triggering garbage collection
2025-07-17 21:46:52,749 - camera_camera - WARNING - High memory usage (87.2%), triggering garbage collection
2025-07-17 21:46:53,722 - camera_camera - DEBUG - Initializing USB camera
2025-07-17 21:46:54,589 - camera_camera - WARNING - High memory usage (87.5%), triggering garbage collection
2025-07-17 21:46:54,804 - camera_camera - WARNING - High memory usage (87.6%), triggering garbage collection
2025-07-17 21:46:55,754 - camera_camera - DEBUG - Initializing USB camera
2025-07-17 21:46:56,638 - camera_camera - WARNING - High memory usage (87.6%), triggering garbage collection
2025-07-17 21:46:56,860 - camera_camera - WARNING - High memory usage (87.3%), triggering garbage collection
2025-07-17 21:46:57,785 - camera_camera - DEBUG - Initializing USB camera
2025-07-17 21:46:58,699 - camera_camera - WARNING - High memory usage (87.5%), triggering garbage collection
2025-07-17 21:46:58,921 - camera_camera - WARNING - High memory usage (87.5%), triggering garbage collection
2025-07-17 21:47:00,764 - camera_camera - WARNING - High memory usage (87.7%), triggering garbage collection
2025-07-17 21:47:00,805 - camera_camera - DEBUG - Resource usage - CPU: 31.9%, Memory: 87.7%
2025-07-17 21:47:00,973 - camera_camera - WARNING - High memory usage (87.2%), triggering garbage collection
2025-07-17 21:47:01,012 - camera_camera - DEBUG - Resource usage - CPU: 32.4%, Memory: 87.2%
2025-07-17 21:47:02,829 - camera_camera - WARNING - High memory usage (87.3%), triggering garbage collection
2025-07-17 21:47:03,018 - camera_camera - WARNING - High memory usage (87.3%), triggering garbage collection
2025-07-17 21:47:04,842 - camera_camera - DEBUG - Initializing USB camera
2025-07-17 21:47:04,875 - camera_camera - WARNING - High memory usage (87.4%), triggering garbage collection
2025-07-17 21:47:05,083 - camera_camera - WARNING - High memory usage (87.1%), triggering garbage collection
2025-07-17 21:47:06,888 - camera_camera - DEBUG - Initializing USB camera
2025-07-17 21:47:06,923 - camera_camera - WARNING - High memory usage (87.1%), triggering garbage collection
2025-07-17 21:47:07,002 - camera_camera - DEBUG - Performed garbage collection
2025-07-17 21:47:07,148 - camera_camera - WARNING - High memory usage (87.1%), triggering garbage collection
2025-07-17 21:47:08,921 - camera_camera - DEBUG - Initializing USB camera
2025-07-17 21:47:08,971 - camera_camera - WARNING - High memory usage (87.3%), triggering garbage collection
2025-07-17 21:47:09,196 - camera_camera - WARNING - High memory usage (87.0%), triggering garbage collection
2025-07-17 21:47:09,499 - PendingVehiclesPanel - INFO - Refreshing pending vehicles list
2025-07-17 21:47:09,503 - DataManager - INFO - Successfully loaded 88 records from data\Tharuni_Associates_Chilakaluripeta_data.csv
2025-07-17 21:47:09,504 - PendingVehiclesPanel - INFO - Retrieved 88 total records
2025-07-17 21:47:09,604 - PendingVehiclesPanel - INFO - Found 0 unique pending vehicles, prevented 0 duplicates
2025-07-17 21:47:09,605 - PendingVehiclesPanel - INFO - Successfully refreshed pending list with 0 unique vehicles
2025-07-17 21:47:10,969 - camera_camera - DEBUG - Initializing USB camera
2025-07-17 21:47:11,019 - camera_camera - WARNING - High memory usage (87.2%), triggering garbage collection
2025-07-17 21:47:11,275 - camera_camera - WARNING - High memory usage (87.1%), triggering garbage collection
2025-07-17 21:47:13,000 - camera_camera - DEBUG - Initializing USB camera
2025-07-17 21:47:13,086 - camera_camera - WARNING - High memory usage (87.4%), triggering garbage collection
2025-07-17 21:47:13,325 - camera_camera - WARNING - High memory usage (87.4%), triggering garbage collection
2025-07-17 21:47:15,031 - camera_camera - DEBUG - Initializing USB camera
2025-07-17 21:47:15,139 - camera_camera - WARNING - High memory usage (87.4%), triggering garbage collection
2025-07-17 21:47:15,373 - camera_camera - WARNING - High memory usage (87.4%), triggering garbage collection
2025-07-17 21:47:17,196 - camera_camera - WARNING - High memory usage (87.4%), triggering garbage collection
2025-07-17 21:47:17,418 - camera_camera - WARNING - High memory usage (87.4%), triggering garbage collection
2025-07-17 21:47:19,245 - camera_camera - WARNING - High memory usage (87.7%), triggering garbage collection
2025-07-17 21:47:19,463 - camera_camera - WARNING - High memory usage (87.7%), triggering garbage collection
2025-07-17 21:47:21,300 - camera_camera - WARNING - High memory usage (87.6%), triggering garbage collection
2025-07-17 21:47:21,516 - camera_camera - WARNING - High memory usage (87.6%), triggering garbage collection
2025-07-17 21:47:22,063 - camera_camera - DEBUG - Initializing USB camera
2025-07-17 21:47:23,360 - camera_camera - WARNING - High memory usage (87.7%), triggering garbage collection
2025-07-17 21:47:23,568 - camera_camera - WARNING - High memory usage (87.7%), triggering garbage collection
2025-07-17 21:47:24,106 - camera_camera - DEBUG - Initializing USB camera
2025-07-17 21:47:25,419 - camera_camera - WARNING - High memory usage (87.6%), triggering garbage collection
2025-07-17 21:47:25,612 - camera_camera - WARNING - High memory usage (87.6%), triggering garbage collection
2025-07-17 21:47:26,152 - camera_camera - DEBUG - Initializing USB camera
2025-07-17 21:47:27,484 - camera_camera - WARNING - High memory usage (87.9%), triggering garbage collection
2025-07-17 21:47:27,675 - camera_camera - WARNING - High memory usage (87.9%), triggering garbage collection
2025-07-17 21:47:28,186 - camera_camera - DEBUG - Initializing USB camera
2025-07-17 21:47:29,532 - camera_camera - WARNING - High memory usage (88.0%), triggering garbage collection
2025-07-17 21:47:29,739 - camera_camera - WARNING - High memory usage (88.0%), triggering garbage collection
2025-07-17 21:47:30,233 - camera_camera - DEBUG - Initializing USB camera
2025-07-17 21:47:31,597 - camera_camera - WARNING - High memory usage (88.0%), triggering garbage collection
2025-07-17 21:47:31,836 - camera_camera - WARNING - High memory usage (88.2%), triggering garbage collection
2025-07-17 21:47:32,265 - camera_camera - DEBUG - Initializing USB camera
2025-07-17 21:47:33,643 - camera_camera - WARNING - High memory usage (87.8%), triggering garbage collection
2025-07-17 21:47:33,885 - camera_camera - WARNING - High memory usage (87.8%), triggering garbage collection
2025-07-17 21:47:35,693 - camera_camera - WARNING - High memory usage (87.9%), triggering garbage collection
2025-07-17 21:47:35,927 - camera_camera - WARNING - High memory usage (87.9%), triggering garbage collection
2025-07-17 21:47:37,747 - camera_camera - WARNING - High memory usage (87.9%), triggering garbage collection
2025-07-17 21:47:37,976 - camera_camera - WARNING - High memory usage (88.0%), triggering garbage collection
2025-07-17 21:47:39,311 - camera_camera - DEBUG - Initializing USB camera
2025-07-17 21:47:39,793 - camera_camera - WARNING - High memory usage (87.9%), triggering garbage collection
2025-07-17 21:47:40,045 - camera_camera - WARNING - High memory usage (88.0%), triggering garbage collection
2025-07-17 21:47:41,339 - camera_camera - DEBUG - Initializing USB camera
2025-07-17 21:47:41,851 - camera_camera - WARNING - High memory usage (87.8%), triggering garbage collection
2025-07-17 21:47:42,092 - camera_camera - WARNING - High memory usage (87.9%), triggering garbage collection
2025-07-17 21:47:43,369 - camera_camera - DEBUG - Initializing USB camera
2025-07-17 21:47:43,899 - camera_camera - WARNING - High memory usage (87.9%), triggering garbage collection
2025-07-17 21:47:44,154 - camera_camera - WARNING - High memory usage (88.0%), triggering garbage collection
2025-07-17 21:47:45,401 - camera_camera - DEBUG - Initializing USB camera
2025-07-17 21:47:45,955 - camera_camera - WARNING - High memory usage (87.9%), triggering garbage collection
2025-07-17 21:47:46,195 - camera_camera - WARNING - High memory usage (87.9%), triggering garbage collection
2025-07-17 21:47:47,432 - camera_camera - DEBUG - Initializing USB camera
2025-07-17 21:47:47,996 - camera_camera - WARNING - High memory usage (87.7%), triggering garbage collection
2025-07-17 21:47:48,260 - camera_camera - WARNING - High memory usage (87.8%), triggering garbage collection
2025-07-17 21:47:49,465 - camera_camera - DEBUG - Initializing USB camera
2025-07-17 21:47:50,044 - camera_camera - WARNING - High memory usage (87.6%), triggering garbage collection
2025-07-17 21:47:50,315 - camera_camera - WARNING - High memory usage (87.6%), triggering garbage collection
2025-07-17 21:47:52,107 - camera_camera - WARNING - High memory usage (87.7%), triggering garbage collection
2025-07-17 21:47:52,370 - camera_camera - WARNING - High memory usage (87.7%), triggering garbage collection
2025-07-17 21:47:54,162 - camera_camera - WARNING - High memory usage (87.7%), triggering garbage collection
2025-07-17 21:47:54,437 - camera_camera - WARNING - High memory usage (87.7%), triggering garbage collection
2025-07-17 21:47:56,203 - camera_camera - WARNING - High memory usage (87.7%), triggering garbage collection
2025-07-17 21:47:56,507 - camera_camera - DEBUG - Initializing USB camera
2025-07-17 21:47:56,507 - camera_camera - WARNING - High memory usage (87.7%), triggering garbage collection
2025-07-17 21:47:58,251 - camera_camera - WARNING - High memory usage (87.7%), triggering garbage collection
2025-07-17 21:47:58,545 - camera_camera - DEBUG - Initializing USB camera
2025-07-17 21:47:58,566 - camera_camera - WARNING - High memory usage (87.7%), triggering garbage collection
2025-07-17 21:48:00,300 - camera_camera - WARNING - High memory usage (87.7%), triggering garbage collection
2025-07-17 21:48:00,332 - camera_camera - DEBUG - Resource usage - CPU: 19.0%, Memory: 87.7%
2025-07-17 21:48:00,627 - camera_camera - DEBUG - Initializing USB camera
2025-07-17 21:48:00,627 - camera_camera - WARNING - High memory usage (87.6%), triggering garbage collection
2025-07-17 21:48:00,681 - camera_camera - DEBUG - Resource usage - CPU: 20.4%, Memory: 87.6%
2025-07-17 21:48:02,346 - camera_camera - WARNING - High memory usage (87.6%), triggering garbage collection
2025-07-17 21:48:02,670 - camera_camera - DEBUG - Initializing USB camera
2025-07-17 21:48:02,708 - camera_camera - WARNING - High memory usage (87.5%), triggering garbage collection
2025-07-17 21:48:04,410 - camera_camera - WARNING - High memory usage (87.3%), triggering garbage collection
2025-07-17 21:48:04,713 - camera_camera - DEBUG - Initializing USB camera
2025-07-17 21:48:04,747 - camera_camera - WARNING - High memory usage (87.3%), triggering garbage collection
2025-07-17 21:48:06,465 - camera_camera - WARNING - High memory usage (87.3%), triggering garbage collection
2025-07-17 21:48:06,744 - camera_camera - DEBUG - Initializing USB camera
2025-07-17 21:48:06,795 - camera_camera - WARNING - High memory usage (87.3%), triggering garbage collection
2025-07-17 21:48:07,079 - camera_camera - DEBUG - Performed garbage collection
2025-07-17 21:48:08,506 - camera_camera - WARNING - High memory usage (87.4%), triggering garbage collection
2025-07-17 21:48:08,859 - camera_camera - WARNING - High memory usage (87.3%), triggering garbage collection
2025-07-17 21:48:09,608 - PendingVehiclesPanel - INFO - Refreshing pending vehicles list
2025-07-17 21:48:09,610 - DataManager - INFO - Successfully loaded 88 records from data\Tharuni_Associates_Chilakaluripeta_data.csv
2025-07-17 21:48:09,611 - PendingVehiclesPanel - INFO - Retrieved 88 total records
2025-07-17 21:48:09,660 - PendingVehiclesPanel - INFO - Found 0 unique pending vehicles, prevented 0 duplicates
2025-07-17 21:48:09,661 - PendingVehiclesPanel - INFO - Successfully refreshed pending list with 0 unique vehicles
2025-07-17 21:48:10,573 - camera_camera - WARNING - High memory usage (87.3%), triggering garbage collection
2025-07-17 21:48:10,909 - camera_camera - WARNING - High memory usage (87.3%), triggering garbage collection
2025-07-17 21:48:12,622 - camera_camera - WARNING - High memory usage (87.5%), triggering garbage collection
2025-07-17 21:48:12,956 - camera_camera - WARNING - High memory usage (87.5%), triggering garbage collection
2025-07-17 21:48:13,771 - camera_camera - DEBUG - Initializing USB camera
2025-07-17 21:48:14,677 - camera_camera - WARNING - High memory usage (87.6%), triggering garbage collection
2025-07-17 21:48:15,002 - camera_camera - WARNING - High memory usage (87.7%), triggering garbage collection
2025-07-17 21:48:15,801 - camera_camera - DEBUG - Initializing USB camera
2025-07-17 21:48:16,747 - camera_camera - WARNING - High memory usage (87.5%), triggering garbage collection
2025-07-17 21:48:17,050 - camera_camera - WARNING - High memory usage (87.6%), triggering garbage collection
2025-07-17 21:48:17,834 - camera_camera - DEBUG - Initializing USB camera
2025-07-17 21:48:18,789 - camera_camera - WARNING - High memory usage (87.6%), triggering garbage collection
2025-07-17 21:48:19,116 - camera_camera - WARNING - High memory usage (87.6%), triggering garbage collection
2025-07-17 21:48:19,865 - camera_camera - DEBUG - Initializing USB camera
2025-07-17 21:48:20,842 - camera_camera - WARNING - High memory usage (87.6%), triggering garbage collection
2025-07-17 21:48:21,173 - camera_camera - WARNING - High memory usage (87.6%), triggering garbage collection
2025-07-17 21:48:21,902 - camera_camera - DEBUG - Initializing USB camera
2025-07-17 21:48:22,898 - camera_camera - WARNING - High memory usage (87.6%), triggering garbage collection
2025-07-17 21:48:23,252 - camera_camera - WARNING - High memory usage (87.6%), triggering garbage collection
2025-07-17 21:48:23,950 - camera_camera - DEBUG - Initializing USB camera
2025-07-17 21:48:24,954 - camera_camera - WARNING - High memory usage (87.6%), triggering garbage collection
2025-07-17 21:48:25,306 - camera_camera - WARNING - High memory usage (87.6%), triggering garbage collection
2025-07-17 21:48:27,042 - camera_camera - WARNING - High memory usage (87.7%), triggering garbage collection
2025-07-17 21:48:27,365 - camera_camera - WARNING - High memory usage (87.7%), triggering garbage collection
2025-07-17 21:48:29,092 - camera_camera - WARNING - High memory usage (87.7%), triggering garbage collection
2025-07-17 21:48:29,427 - camera_camera - WARNING - High memory usage (87.7%), triggering garbage collection
2025-07-17 21:48:30,986 - camera_camera - DEBUG - Initializing USB camera
2025-07-17 21:48:31,153 - camera_camera - WARNING - High memory usage (87.7%), triggering garbage collection
2025-07-17 21:48:31,486 - camera_camera - WARNING - High memory usage (87.8%), triggering garbage collection
2025-07-17 21:48:33,021 - camera_camera - DEBUG - Initializing USB camera
2025-07-17 21:48:33,212 - camera_camera - WARNING - High memory usage (87.8%), triggering garbage collection
2025-07-17 21:48:33,532 - camera_camera - WARNING - High memory usage (88.0%), triggering garbage collection
2025-07-17 21:48:35,050 - camera_camera - DEBUG - Initializing USB camera
2025-07-17 21:48:35,268 - camera_camera - WARNING - High memory usage (87.9%), triggering garbage collection
2025-07-17 21:48:35,588 - camera_camera - WARNING - High memory usage (87.8%), triggering garbage collection
2025-07-17 21:48:37,101 - camera_camera - DEBUG - Initializing USB camera
2025-07-17 21:48:37,349 - camera_camera - WARNING - High memory usage (87.8%), triggering garbage collection
2025-07-17 21:48:37,656 - camera_camera - WARNING - High memory usage (87.8%), triggering garbage collection
2025-07-17 21:48:39,147 - camera_camera - DEBUG - Initializing USB camera
2025-07-17 21:48:39,402 - camera_camera - WARNING - High memory usage (87.9%), triggering garbage collection
2025-07-17 21:48:39,732 - camera_camera - WARNING - High memory usage (87.8%), triggering garbage collection
2025-07-17 21:48:41,198 - camera_camera - DEBUG - Initializing USB camera
2025-07-17 21:48:41,461 - camera_camera - WARNING - High memory usage (87.8%), triggering garbage collection
2025-07-17 21:48:41,797 - camera_camera - WARNING - High memory usage (87.7%), triggering garbage collection
2025-07-17 21:48:43,524 - camera_camera - WARNING - High memory usage (87.8%), triggering garbage collection
2025-07-17 21:48:43,860 - camera_camera - WARNING - High memory usage (87.8%), triggering garbage collection
2025-07-17 21:48:45,589 - camera_camera - WARNING - High memory usage (87.8%), triggering garbage collection
2025-07-17 21:48:45,919 - camera_camera - WARNING - High memory usage (87.8%), triggering garbage collection
2025-07-17 21:48:47,670 - camera_camera - WARNING - High memory usage (87.8%), triggering garbage collection
2025-07-17 21:48:47,975 - camera_camera - WARNING - High memory usage (87.8%), triggering garbage collection
2025-07-17 21:48:48,247 - camera_camera - DEBUG - Initializing USB camera
2025-07-17 21:48:49,751 - camera_camera - WARNING - High memory usage (87.8%), triggering garbage collection
2025-07-17 21:48:50,036 - camera_camera - WARNING - High memory usage (87.7%), triggering garbage collection
2025-07-17 21:48:50,299 - camera_camera - DEBUG - Initializing USB camera
2025-07-17 21:48:51,834 - camera_camera - WARNING - High memory usage (87.7%), triggering garbage collection
2025-07-17 21:48:52,102 - camera_camera - WARNING - High memory usage (87.7%), triggering garbage collection
2025-07-17 21:48:52,335 - camera_camera - DEBUG - Initializing USB camera
2025-07-17 21:48:53,918 - camera_camera - WARNING - High memory usage (87.6%), triggering garbage collection
2025-07-17 21:48:54,167 - camera_camera - WARNING - High memory usage (87.7%), triggering garbage collection
2025-07-17 21:48:54,384 - camera_camera - DEBUG - Initializing USB camera
2025-07-17 21:48:55,965 - camera_camera - WARNING - High memory usage (87.5%), triggering garbage collection
2025-07-17 21:48:56,247 - camera_camera - WARNING - High memory usage (87.7%), triggering garbage collection
2025-07-17 21:48:56,415 - camera_camera - DEBUG - Initializing USB camera
2025-07-17 21:48:58,021 - camera_camera - WARNING - High memory usage (87.6%), triggering garbage collection
2025-07-17 21:48:58,317 - camera_camera - WARNING - High memory usage (87.7%), triggering garbage collection
2025-07-17 21:48:58,459 - camera_camera - DEBUG - Initializing USB camera
2025-07-17 21:49:00,094 - camera_camera - WARNING - High memory usage (87.7%), triggering garbage collection
2025-07-17 21:49:00,132 - camera_camera - DEBUG - Resource usage - CPU: 11.4%, Memory: 87.7%
2025-07-17 21:49:00,364 - camera_camera - WARNING - High memory usage (87.6%), triggering garbage collection
2025-07-17 21:49:00,396 - camera_camera - DEBUG - Resource usage - CPU: 11.6%, Memory: 87.6%
2025-07-17 21:49:02,149 - camera_camera - WARNING - High memory usage (87.7%), triggering garbage collection
2025-07-17 21:49:02,423 - camera_camera - WARNING - High memory usage (87.7%), triggering garbage collection
2025-07-17 21:49:04,214 - camera_camera - WARNING - High memory usage (87.8%), triggering garbage collection
2025-07-17 21:49:04,481 - camera_camera - WARNING - High memory usage (87.8%), triggering garbage collection
2025-07-17 21:49:05,513 - camera_camera - DEBUG - Initializing USB camera
2025-07-17 21:49:06,276 - camera_camera - WARNING - High memory usage (87.5%), triggering garbage collection
2025-07-17 21:49:06,546 - camera_camera - WARNING - High memory usage (87.5%), triggering garbage collection
2025-07-17 21:49:07,117 - camera_camera - DEBUG - Performed garbage collection
2025-07-17 21:49:07,546 - camera_camera - DEBUG - Initializing USB camera
2025-07-17 21:49:08,341 - camera_camera - WARNING - High memory usage (87.4%), triggering garbage collection
2025-07-17 21:49:08,596 - camera_camera - WARNING - High memory usage (87.4%), triggering garbage collection
2025-07-17 21:49:09,598 - camera_camera - DEBUG - Initializing USB camera
2025-07-17 21:49:09,662 - PendingVehiclesPanel - INFO - Refreshing pending vehicles list
2025-07-17 21:49:09,664 - DataManager - INFO - Successfully loaded 88 records from data\Tharuni_Associates_Chilakaluripeta_data.csv
2025-07-17 21:49:09,664 - PendingVehiclesPanel - INFO - Retrieved 88 total records
2025-07-17 21:49:09,702 - PendingVehiclesPanel - INFO - Found 0 unique pending vehicles, prevented 0 duplicates
2025-07-17 21:49:09,703 - PendingVehiclesPanel - INFO - Successfully refreshed pending list with 0 unique vehicles
2025-07-17 21:49:10,421 - camera_camera - WARNING - High memory usage (87.5%), triggering garbage collection
2025-07-17 21:49:10,646 - camera_camera - WARNING - High memory usage (87.4%), triggering garbage collection
2025-07-17 21:49:11,646 - camera_camera - DEBUG - Initializing USB camera
2025-07-17 21:49:12,493 - camera_camera - WARNING - High memory usage (87.6%), triggering garbage collection
2025-07-17 21:49:12,726 - camera_camera - WARNING - High memory usage (87.7%), triggering garbage collection
2025-07-17 21:49:13,692 - camera_camera - DEBUG - Initializing USB camera
2025-07-17 21:49:14,548 - camera_camera - WARNING - High memory usage (87.7%), triggering garbage collection
2025-07-17 21:49:14,768 - camera_camera - WARNING - High memory usage (87.7%), triggering garbage collection
2025-07-17 21:49:15,725 - camera_camera - DEBUG - Initializing USB camera
2025-07-17 21:49:16,605 - camera_camera - WARNING - High memory usage (87.6%), triggering garbage collection
2025-07-17 21:49:16,839 - camera_camera - WARNING - High memory usage (87.7%), triggering garbage collection
2025-07-17 21:49:18,653 - camera_camera - WARNING - High memory usage (87.7%), triggering garbage collection
2025-07-17 21:49:18,892 - camera_camera - WARNING - High memory usage (87.7%), triggering garbage collection
2025-07-17 21:49:20,720 - camera_camera - WARNING - High memory usage (87.8%), triggering garbage collection
2025-07-17 21:49:20,955 - camera_camera - WARNING - High memory usage (87.9%), triggering garbage collection
2025-07-17 21:49:22,775 - camera_camera - DEBUG - Initializing USB camera
2025-07-17 21:49:22,776 - camera_camera - WARNING - High memory usage (87.8%), triggering garbage collection
2025-07-17 21:49:23,018 - camera_camera - WARNING - High memory usage (87.8%), triggering garbage collection
2025-07-17 21:49:24,823 - camera_camera - DEBUG - Initializing USB camera
2025-07-17 21:49:24,850 - camera_camera - WARNING - High memory usage (87.8%), triggering garbage collection
2025-07-17 21:49:25,085 - camera_camera - WARNING - High memory usage (87.8%), triggering garbage collection
2025-07-17 21:49:26,901 - camera_camera - DEBUG - Initializing USB camera
2025-07-17 21:49:26,902 - camera_camera - WARNING - High memory usage (87.9%), triggering garbage collection
2025-07-17 21:49:27,142 - camera_camera - WARNING - High memory usage (87.8%), triggering garbage collection
2025-07-17 21:49:28,965 - camera_camera - DEBUG - Initializing USB camera
2025-07-17 21:49:28,964 - camera_camera - WARNING - High memory usage (87.8%), triggering garbage collection
2025-07-17 21:49:29,196 - camera_camera - WARNING - High memory usage (87.8%), triggering garbage collection
2025-07-17 21:49:31,018 - camera_camera - DEBUG - Initializing USB camera
2025-07-17 21:49:31,039 - camera_camera - WARNING - High memory usage (87.8%), triggering garbage collection
2025-07-17 21:49:31,249 - camera_camera - WARNING - High memory usage (87.7%), triggering garbage collection
2025-07-17 21:49:33,068 - camera_camera - DEBUG - Initializing USB camera
2025-07-17 21:49:33,089 - camera_camera - WARNING - High memory usage (87.8%), triggering garbage collection
2025-07-17 21:49:33,296 - camera_camera - WARNING - High memory usage (87.8%), triggering garbage collection
2025-07-17 21:49:35,138 - camera_camera - WARNING - High memory usage (87.8%), triggering garbage collection
2025-07-17 21:49:35,366 - camera_camera - WARNING - High memory usage (87.8%), triggering garbage collection
2025-07-17 21:49:37,190 - camera_camera - WARNING - High memory usage (87.8%), triggering garbage collection
2025-07-17 21:49:37,420 - camera_camera - WARNING - High memory usage (87.8%), triggering garbage collection
2025-07-17 21:49:39,254 - camera_camera - WARNING - High memory usage (87.9%), triggering garbage collection
2025-07-17 21:49:39,476 - camera_camera - WARNING - High memory usage (87.7%), triggering garbage collection
2025-07-17 21:49:40,140 - camera_camera - DEBUG - Initializing USB camera
2025-07-17 21:49:41,357 - camera_camera - WARNING - High memory usage (87.6%), triggering garbage collection
2025-07-17 21:49:41,539 - camera_camera - WARNING - High memory usage (87.7%), triggering garbage collection
2025-07-17 21:49:42,173 - camera_camera - DEBUG - Initializing USB camera
2025-07-17 21:49:43,409 - camera_camera - WARNING - High memory usage (87.7%), triggering garbage collection
2025-07-17 21:49:43,602 - camera_camera - WARNING - High memory usage (87.7%), triggering garbage collection
2025-07-17 21:49:44,221 - camera_camera - DEBUG - Initializing USB camera
2025-07-17 21:49:45,463 - camera_camera - WARNING - High memory usage (87.7%), triggering garbage collection
2025-07-17 21:49:45,663 - camera_camera - WARNING - High memory usage (87.7%), triggering garbage collection
2025-07-17 21:49:46,286 - camera_camera - DEBUG - Initializing USB camera
2025-07-17 21:49:47,516 - camera_camera - WARNING - High memory usage (87.7%), triggering garbage collection
2025-07-17 21:49:47,735 - camera_camera - WARNING - High memory usage (87.7%), triggering garbage collection
2025-07-17 21:49:48,334 - camera_camera - DEBUG - Initializing USB camera
2025-07-17 21:49:49,576 - camera_camera - WARNING - High memory usage (87.7%), triggering garbage collection
2025-07-17 21:49:49,815 - camera_camera - WARNING - High memory usage (87.6%), triggering garbage collection
2025-07-17 21:49:50,381 - camera_camera - DEBUG - Initializing USB camera
2025-07-17 21:49:51,655 - camera_camera - WARNING - High memory usage (87.7%), triggering garbage collection
2025-07-17 21:49:51,866 - camera_camera - WARNING - High memory usage (87.7%), triggering garbage collection
2025-07-17 21:49:53,706 - camera_camera - WARNING - High memory usage (87.7%), triggering garbage collection
2025-07-17 21:49:53,943 - camera_camera - WARNING - High memory usage (87.7%), triggering garbage collection
2025-07-17 21:49:55,765 - camera_camera - WARNING - High memory usage (87.4%), triggering garbage collection
2025-07-17 21:49:56,009 - camera_camera - WARNING - High memory usage (87.4%), triggering garbage collection
2025-07-17 21:49:57,420 - camera_camera - DEBUG - Initializing USB camera
2025-07-17 21:49:57,830 - camera_camera - WARNING - High memory usage (87.5%), triggering garbage collection
2025-07-17 21:49:58,068 - camera_camera - WARNING - High memory usage (87.4%), triggering garbage collection
2025-07-17 21:49:59,466 - camera_camera - DEBUG - Initializing USB camera
2025-07-17 21:49:59,878 - camera_camera - WARNING - High memory usage (87.5%), triggering garbage collection
2025-07-17 21:50:00,132 - camera_camera - WARNING - High memory usage (87.5%), triggering garbage collection
2025-07-17 21:50:00,170 - camera_camera - DEBUG - Resource usage - CPU: 11.7%, Memory: 87.5%
2025-07-17 21:50:01,501 - camera_camera - DEBUG - Initializing USB camera
2025-07-17 21:50:01,938 - camera_camera - WARNING - High memory usage (87.4%), triggering garbage collection
2025-07-17 21:50:02,192 - camera_camera - WARNING - High memory usage (87.5%), triggering garbage collection
2025-07-17 21:50:03,533 - camera_camera - DEBUG - Initializing USB camera
2025-07-17 21:50:04,024 - camera_camera - WARNING - High memory usage (87.4%), triggering garbage collection
2025-07-17 21:50:04,263 - camera_camera - WARNING - High memory usage (87.4%), triggering garbage collection
2025-07-17 21:50:05,568 - camera_camera - DEBUG - Initializing USB camera
2025-07-17 21:50:06,114 - camera_camera - WARNING - High memory usage (87.5%), triggering garbage collection
2025-07-17 21:50:06,317 - camera_camera - WARNING - High memory usage (87.4%), triggering garbage collection
2025-07-17 21:50:07,187 - camera_camera - DEBUG - Performed garbage collection
2025-07-17 21:50:07,596 - camera_camera - DEBUG - Initializing USB camera
2025-07-17 21:50:09,710 - PendingVehiclesPanel - INFO - Refreshing pending vehicles list
2025-07-17 21:50:09,717 - DataManager - INFO - Successfully loaded 88 records from data\Tharuni_Associates_Chilakaluripeta_data.csv
2025-07-17 21:50:09,719 - PendingVehiclesPanel - INFO - Retrieved 88 total records
2025-07-17 21:50:09,761 - PendingVehiclesPanel - INFO - Found 0 unique pending vehicles, prevented 0 duplicates
2025-07-17 21:50:09,761 - PendingVehiclesPanel - INFO - Successfully refreshed pending list with 0 unique vehicles
2025-07-17 21:50:14,622 - camera_camera - DEBUG - Initializing USB camera
2025-07-17 21:50:16,672 - camera_camera - DEBUG - Initializing USB camera
2025-07-17 21:50:18,718 - camera_camera - DEBUG - Initializing USB camera
2025-07-17 21:50:20,768 - camera_camera - DEBUG - Initializing USB camera
2025-07-17 21:50:22,815 - camera_camera - DEBUG - Initializing USB camera
2025-07-17 21:50:24,848 - camera_camera - DEBUG - Initializing USB camera
2025-07-17 21:50:30,394 - camera_camera - DEBUG - Resource usage - CPU: 8.9%, Memory: 80.3%
2025-07-17 21:50:30,582 - camera_camera - DEBUG - Resource usage - CPU: 9.2%, Memory: 80.2%
2025-07-17 21:50:31,871 - camera_camera - DEBUG - Initializing USB camera
2025-07-17 21:50:33,919 - camera_camera - DEBUG - Initializing USB camera
2025-07-17 21:50:35,949 - camera_camera - DEBUG - Initializing USB camera
2025-07-17 21:50:37,991 - camera_camera - DEBUG - Initializing USB camera
2025-07-17 21:50:40,030 - camera_camera - DEBUG - Initializing USB camera
2025-07-17 21:50:42,076 - camera_camera - DEBUG - Initializing USB camera
2025-07-17 21:50:49,134 - camera_camera - DEBUG - Initializing USB camera
2025-07-17 21:50:51,214 - camera_camera - DEBUG - Initializing USB camera
2025-07-17 21:50:53,248 - camera_camera - DEBUG - Initializing USB camera
2025-07-17 21:50:55,296 - camera_camera - DEBUG - Initializing USB camera
2025-07-17 21:50:57,343 - camera_camera - DEBUG - Initializing USB camera
2025-07-17 21:50:59,396 - camera_camera - DEBUG - Initializing USB camera
2025-07-17 21:51:00,677 - camera_camera - DEBUG - Resource usage - CPU: 11.1%, Memory: 79.7%
2025-07-17 21:51:00,883 - camera_camera - DEBUG - Resource usage - CPU: 12.1%, Memory: 79.7%
2025-07-17 21:51:06,430 - camera_camera - DEBUG - Initializing USB camera
2025-07-17 21:51:07,194 - camera_camera - DEBUG - Performed garbage collection
2025-07-17 21:51:08,474 - camera_camera - DEBUG - Initializing USB camera
2025-07-17 21:51:09,763 - PendingVehiclesPanel - INFO - Refreshing pending vehicles list
2025-07-17 21:51:09,770 - DataManager - INFO - Successfully loaded 88 records from data\Tharuni_Associates_Chilakaluripeta_data.csv
2025-07-17 21:51:09,771 - PendingVehiclesPanel - INFO - Retrieved 88 total records
2025-07-17 21:51:09,813 - PendingVehiclesPanel - INFO - Found 0 unique pending vehicles, prevented 0 duplicates
2025-07-17 21:51:09,814 - PendingVehiclesPanel - INFO - Successfully refreshed pending list with 0 unique vehicles
2025-07-17 21:51:10,519 - camera_camera - DEBUG - Initializing USB camera
2025-07-17 21:51:12,559 - camera_camera - DEBUG - Initializing USB camera
2025-07-17 21:51:14,610 - camera_camera - DEBUG - Initializing USB camera
2025-07-17 21:51:16,651 - camera_camera - DEBUG - Initializing USB camera
2025-07-17 21:51:23,707 - camera_camera - DEBUG - Initializing USB camera
2025-07-17 21:51:25,742 - camera_camera - DEBUG - Initializing USB camera
2025-07-17 21:51:27,792 - camera_camera - DEBUG - Initializing USB camera
2025-07-17 21:51:29,837 - camera_camera - DEBUG - Initializing USB camera
2025-07-17 21:51:30,912 - camera_camera - DEBUG - Resource usage - CPU: 10.8%, Memory: 79.2%
2025-07-17 21:51:31,887 - camera_camera - DEBUG - Initializing USB camera
2025-07-17 21:51:33,935 - camera_camera - DEBUG - Initializing USB camera
2025-07-17 21:51:40,986 - camera_camera - DEBUG - Initializing USB camera
2025-07-17 21:51:43,020 - camera_camera - DEBUG - Initializing USB camera
2025-07-17 21:51:45,062 - camera_camera - DEBUG - Initializing USB camera
2025-07-17 21:51:47,106 - camera_camera - DEBUG - Initializing USB camera
2025-07-17 21:51:49,146 - camera_camera - DEBUG - Initializing USB camera
2025-07-17 21:51:51,197 - camera_camera - DEBUG - Initializing USB camera
2025-07-17 21:51:58,240 - camera_camera - DEBUG - Initializing USB camera
2025-07-17 21:52:00,288 - camera_camera - DEBUG - Initializing USB camera
2025-07-17 21:52:02,335 - camera_camera - DEBUG - Initializing USB camera
2025-07-17 21:52:04,375 - camera_camera - DEBUG - Initializing USB camera
2025-07-17 21:52:06,414 - camera_camera - DEBUG - Initializing USB camera
2025-07-17 21:52:07,202 - camera_camera - DEBUG - Performed garbage collection
2025-07-17 21:52:08,464 - camera_camera - DEBUG - Initializing USB camera
2025-07-17 21:52:09,816 - PendingVehiclesPanel - INFO - Refreshing pending vehicles list
2025-07-17 21:52:09,825 - DataManager - INFO - Successfully loaded 88 records from data\Tharuni_Associates_Chilakaluripeta_data.csv
2025-07-17 21:52:09,827 - PendingVehiclesPanel - INFO - Retrieved 88 total records
2025-07-17 21:52:09,880 - PendingVehiclesPanel - INFO - Found 0 unique pending vehicles, prevented 0 duplicates
2025-07-17 21:52:09,881 - PendingVehiclesPanel - INFO - Successfully refreshed pending list with 0 unique vehicles
2025-07-17 21:52:15,515 - camera_camera - DEBUG - Initializing USB camera
2025-07-17 21:52:17,551 - camera_camera - DEBUG - Initializing USB camera
2025-07-17 21:52:19,579 - camera_camera - DEBUG - Initializing USB camera
2025-07-17 21:52:21,614 - camera_camera - DEBUG - Initializing USB camera
2025-07-17 21:52:23,662 - camera_camera - DEBUG - Initializing USB camera
2025-07-17 21:52:25,710 - camera_camera - DEBUG - Initializing USB camera
2025-07-17 21:52:32,751 - camera_camera - DEBUG - Initializing USB camera
2025-07-17 21:52:34,780 - camera_camera - DEBUG - Initializing USB camera
2025-07-17 21:52:36,830 - camera_camera - DEBUG - Initializing USB camera
2025-07-17 21:52:38,878 - camera_camera - DEBUG - Initializing USB camera
2025-07-17 21:52:40,927 - camera_camera - DEBUG - Initializing USB camera
2025-07-17 21:52:42,960 - camera_camera - DEBUG - Initializing USB camera
2025-07-17 21:52:50,017 - camera_camera - DEBUG - Initializing USB camera
2025-07-17 21:52:52,072 - camera_camera - DEBUG - Initializing USB camera
2025-07-17 21:52:54,110 - camera_camera - DEBUG - Initializing USB camera
2025-07-17 21:52:56,156 - camera_camera - DEBUG - Initializing USB camera
2025-07-17 21:52:58,189 - camera_camera - DEBUG - Initializing USB camera
2025-07-17 21:53:00,144 - camera_camera - DEBUG - Resource usage - CPU: 12.1%, Memory: 78.6%
2025-07-17 21:53:00,231 - camera_camera - DEBUG - Initializing USB camera
2025-07-17 21:53:07,225 - camera_camera - DEBUG - Performed garbage collection
2025-07-17 21:53:07,271 - camera_camera - DEBUG - Initializing USB camera
2025-07-17 21:53:09,307 - camera_camera - DEBUG - Initializing USB camera
2025-07-17 21:53:09,888 - PendingVehiclesPanel - INFO - Refreshing pending vehicles list
2025-07-17 21:53:09,896 - DataManager - INFO - Successfully loaded 88 records from data\Tharuni_Associates_Chilakaluripeta_data.csv
2025-07-17 21:53:09,898 - PendingVehiclesPanel - INFO - Retrieved 88 total records
2025-07-17 21:53:09,950 - PendingVehiclesPanel - INFO - Found 0 unique pending vehicles, prevented 0 duplicates
2025-07-17 21:53:09,950 - PendingVehiclesPanel - INFO - Successfully refreshed pending list with 0 unique vehicles
2025-07-17 21:53:11,342 - camera_camera - DEBUG - Initializing USB camera
2025-07-17 21:53:13,391 - camera_camera - DEBUG - Initializing USB camera
2025-07-17 21:53:15,438 - camera_camera - DEBUG - Initializing USB camera
2025-07-17 21:53:17,493 - camera_camera - DEBUG - Initializing USB camera
2025-07-17 21:53:24,527 - camera_camera - DEBUG - Initializing USB camera
2025-07-17 21:53:26,576 - camera_camera - DEBUG - Initializing USB camera
2025-07-17 21:53:28,608 - camera_camera - DEBUG - Initializing USB camera
2025-07-17 21:53:30,015 - camera_camera - DEBUG - Resource usage - CPU: 9.6%, Memory: 78.4%
2025-07-17 21:53:30,459 - camera_camera - DEBUG - Resource usage - CPU: 11.2%, Memory: 78.4%
2025-07-17 21:53:30,659 - camera_camera - DEBUG - Initializing USB camera
2025-07-17 21:53:32,699 - camera_camera - DEBUG - Initializing USB camera
2025-07-17 21:53:34,750 - camera_camera - DEBUG - Initializing USB camera
2025-07-17 21:53:41,807 - camera_camera - DEBUG - Initializing USB camera
2025-07-17 21:53:43,859 - camera_camera - DEBUG - Initializing USB camera
2025-07-17 21:53:45,903 - camera_camera - DEBUG - Initializing USB camera
2025-07-17 21:53:47,967 - camera_camera - DEBUG - Initializing USB camera
2025-07-17 21:53:50,013 - camera_camera - DEBUG - Initializing USB camera
2025-07-17 21:53:52,061 - camera_camera - DEBUG - Initializing USB camera
2025-07-17 21:53:59,119 - camera_camera - DEBUG - Initializing USB camera
2025-07-17 21:54:00,245 - camera_camera - DEBUG - Resource usage - CPU: 10.7%, Memory: 76.5%
2025-07-17 21:54:00,806 - camera_camera - DEBUG - Resource usage - CPU: 11.9%, Memory: 76.6%
2025-07-17 21:54:01,165 - camera_camera - DEBUG - Initializing USB camera
2025-07-17 21:54:03,214 - camera_camera - DEBUG - Initializing USB camera
2025-07-17 21:54:05,253 - camera_camera - DEBUG - Initializing USB camera
2025-07-17 21:54:07,260 - camera_camera - DEBUG - Performed garbage collection
2025-07-17 21:54:07,288 - camera_camera - DEBUG - Initializing USB camera
2025-07-17 21:54:09,311 - camera_camera - DEBUG - Initializing USB camera
2025-07-17 21:54:09,968 - PendingVehiclesPanel - INFO - Refreshing pending vehicles list
2025-07-17 21:54:09,974 - DataManager - INFO - Successfully loaded 88 records from data\Tharuni_Associates_Chilakaluripeta_data.csv
2025-07-17 21:54:09,975 - PendingVehiclesPanel - INFO - Retrieved 88 total records
2025-07-17 21:54:10,019 - PendingVehiclesPanel - INFO - Found 0 unique pending vehicles, prevented 0 duplicates
2025-07-17 21:54:10,019 - PendingVehiclesPanel - INFO - Successfully refreshed pending list with 0 unique vehicles
2025-07-17 21:54:16,377 - camera_camera - DEBUG - Initializing USB camera
2025-07-17 21:54:18,441 - camera_camera - DEBUG - Initializing USB camera
2025-07-17 21:54:20,478 - camera_camera - DEBUG - Initializing USB camera
2025-07-17 21:54:22,524 - camera_camera - DEBUG - Initializing USB camera
2025-07-17 21:54:24,547 - camera_camera - DEBUG - Initializing USB camera
2025-07-17 21:54:26,598 - camera_camera - DEBUG - Initializing USB camera
2025-07-17 21:54:30,516 - camera_camera - DEBUG - Resource usage - CPU: 11.1%, Memory: 76.8%
2025-07-17 21:54:33,660 - camera_camera - DEBUG - Initializing USB camera
2025-07-17 21:54:35,696 - camera_camera - DEBUG - Initializing USB camera
2025-07-17 21:54:37,741 - camera_camera - DEBUG - Initializing USB camera
2025-07-17 21:54:39,774 - camera_camera - DEBUG - Initializing USB camera
2025-07-17 21:54:41,822 - camera_camera - DEBUG - Initializing USB camera
2025-07-17 21:54:43,947 - camera_camera - DEBUG - Initializing USB camera
2025-07-17 21:54:51,126 - camera_camera - DEBUG - Initializing USB camera
2025-07-17 21:54:53,166 - camera_camera - DEBUG - Initializing USB camera
2025-07-17 21:54:55,208 - camera_camera - DEBUG - Initializing USB camera
2025-07-17 21:54:57,245 - camera_camera - DEBUG - Initializing USB camera
2025-07-17 21:54:59,271 - camera_camera - DEBUG - Initializing USB camera
2025-07-17 21:55:00,781 - camera_camera - DEBUG - Resource usage - CPU: 14.5%, Memory: 77.7%
2025-07-17 21:55:01,311 - camera_camera - DEBUG - Initializing USB camera
2025-07-17 21:55:07,259 - camera_camera - DEBUG - Performed garbage collection
2025-07-17 21:55:08,346 - camera_camera - DEBUG - Initializing USB camera
2025-07-17 21:55:10,032 - PendingVehiclesPanel - INFO - Refreshing pending vehicles list
2025-07-17 21:55:10,040 - DataManager - INFO - Successfully loaded 88 records from data\Tharuni_Associates_Chilakaluripeta_data.csv
2025-07-17 21:55:10,041 - PendingVehiclesPanel - INFO - Retrieved 88 total records
2025-07-17 21:55:10,087 - PendingVehiclesPanel - INFO - Found 0 unique pending vehicles, prevented 0 duplicates
2025-07-17 21:55:10,088 - PendingVehiclesPanel - INFO - Successfully refreshed pending list with 0 unique vehicles
2025-07-17 21:55:10,371 - camera_camera - DEBUG - Initializing USB camera
2025-07-17 21:55:12,398 - camera_camera - DEBUG - Initializing USB camera
2025-07-17 21:55:14,427 - camera_camera - DEBUG - Initializing USB camera
2025-07-17 21:55:16,461 - camera_camera - DEBUG - Initializing USB camera
2025-07-17 21:55:18,507 - camera_camera - DEBUG - Initializing USB camera
2025-07-17 21:55:25,571 - camera_camera - DEBUG - Initializing USB camera
2025-07-17 21:55:27,599 - camera_camera - DEBUG - Initializing USB camera
2025-07-17 21:55:29,630 - camera_camera - DEBUG - Initializing USB camera
2025-07-17 21:55:31,679 - camera_camera - DEBUG - Initializing USB camera
2025-07-17 21:55:33,724 - camera_camera - DEBUG - Initializing USB camera
2025-07-17 21:55:35,774 - camera_camera - DEBUG - Initializing USB camera
2025-07-17 21:55:42,814 - camera_camera - DEBUG - Initializing USB camera
2025-07-17 21:55:44,865 - camera_camera - DEBUG - Initializing USB camera
2025-07-17 21:55:46,910 - camera_camera - DEBUG - Initializing USB camera
2025-07-17 21:55:48,939 - camera_camera - DEBUG - Initializing USB camera
2025-07-17 21:55:50,991 - camera_camera - DEBUG - Initializing USB camera
2025-07-17 21:55:53,038 - camera_camera - DEBUG - Initializing USB camera
2025-07-17 21:56:00,097 - camera_camera - DEBUG - Initializing USB camera
2025-07-17 21:56:02,137 - camera_camera - DEBUG - Initializing USB camera
2025-07-17 21:56:04,170 - camera_camera - DEBUG - Initializing USB camera
2025-07-17 21:56:06,206 - camera_camera - DEBUG - Initializing USB camera
2025-07-17 21:56:07,289 - camera_camera - DEBUG - Performed garbage collection
2025-07-17 21:56:08,251 - camera_camera - DEBUG - Initializing USB camera
2025-07-17 21:56:10,110 - PendingVehiclesPanel - INFO - Refreshing pending vehicles list
2025-07-17 21:56:10,117 - DataManager - INFO - Successfully loaded 88 records from data\Tharuni_Associates_Chilakaluripeta_data.csv
2025-07-17 21:56:10,119 - PendingVehiclesPanel - INFO - Retrieved 88 total records
2025-07-17 21:56:10,172 - PendingVehiclesPanel - INFO - Found 0 unique pending vehicles, prevented 0 duplicates
2025-07-17 21:56:10,173 - PendingVehiclesPanel - INFO - Successfully refreshed pending list with 0 unique vehicles
2025-07-17 21:56:10,277 - camera_camera - DEBUG - Initializing USB camera
2025-07-17 21:56:17,309 - camera_camera - DEBUG - Initializing USB camera
2025-07-17 21:56:19,355 - camera_camera - DEBUG - Initializing USB camera
2025-07-17 21:56:21,392 - camera_camera - DEBUG - Initializing USB camera
2025-07-17 21:56:23,442 - camera_camera - DEBUG - Initializing USB camera
2025-07-17 21:56:25,499 - camera_camera - DEBUG - Initializing USB camera
2025-07-17 21:56:27,562 - camera_camera - DEBUG - Initializing USB camera
2025-07-17 21:56:30,085 - camera_camera - DEBUG - Resource usage - CPU: 11.0%, Memory: 77.3%
2025-07-17 21:56:34,603 - camera_camera - DEBUG - Initializing USB camera
2025-07-17 21:56:36,637 - camera_camera - DEBUG - Initializing USB camera
2025-07-17 21:56:38,687 - camera_camera - DEBUG - Initializing USB camera
2025-07-17 21:56:40,743 - camera_camera - DEBUG - Initializing USB camera
2025-07-17 21:56:42,782 - camera_camera - DEBUG - Initializing USB camera
2025-07-17 21:56:44,830 - camera_camera - DEBUG - Initializing USB camera
2025-07-17 21:56:51,887 - camera_camera - DEBUG - Initializing USB camera
2025-07-17 21:56:53,936 - camera_camera - DEBUG - Initializing USB camera
2025-07-17 21:56:55,971 - camera_camera - DEBUG - Initializing USB camera
2025-07-17 21:56:58,014 - camera_camera - DEBUG - Initializing USB camera
2025-07-17 21:57:00,067 - camera_camera - DEBUG - Initializing USB camera
2025-07-17 21:57:00,341 - camera_camera - DEBUG - Resource usage - CPU: 12.3%, Memory: 77.3%
2025-07-17 21:57:02,107 - camera_camera - DEBUG - Initializing USB camera
2025-07-17 21:57:07,321 - camera_camera - DEBUG - Performed garbage collection
2025-07-17 21:57:09,139 - camera_camera - DEBUG - Initializing USB camera
2025-07-17 21:57:10,175 - PendingVehiclesPanel - INFO - Refreshing pending vehicles list
2025-07-17 21:57:10,183 - DataManager - INFO - Successfully loaded 88 records from data\Tharuni_Associates_Chilakaluripeta_data.csv
2025-07-17 21:57:10,185 - PendingVehiclesPanel - INFO - Retrieved 88 total records
2025-07-17 21:57:10,235 - PendingVehiclesPanel - INFO - Found 0 unique pending vehicles, prevented 0 duplicates
2025-07-17 21:57:10,236 - PendingVehiclesPanel - INFO - Successfully refreshed pending list with 0 unique vehicles
2025-07-17 21:57:11,180 - camera_camera - DEBUG - Initializing USB camera
2025-07-17 21:57:13,231 - camera_camera - DEBUG - Initializing USB camera
2025-07-17 21:57:15,279 - camera_camera - DEBUG - Initializing USB camera
2025-07-17 21:57:17,328 - camera_camera - DEBUG - Initializing USB camera
2025-07-17 21:57:19,374 - camera_camera - DEBUG - Initializing USB camera
2025-07-17 21:57:26,431 - camera_camera - DEBUG - Initializing USB camera
2025-07-17 21:57:28,479 - camera_camera - DEBUG - Initializing USB camera
2025-07-17 21:57:30,053 - camera_camera - DEBUG - Resource usage - CPU: 9.7%, Memory: 76.6%
2025-07-17 21:57:30,510 - camera_camera - DEBUG - Initializing USB camera
2025-07-17 21:57:30,632 - camera_camera - DEBUG - Resource usage - CPU: 11.3%, Memory: 76.6%
2025-07-17 21:57:32,559 - camera_camera - DEBUG - Initializing USB camera
2025-07-17 21:57:34,590 - camera_camera - DEBUG - Initializing USB camera
2025-07-17 21:57:36,642 - camera_camera - DEBUG - Initializing USB camera
2025-07-17 21:57:43,710 - camera_camera - DEBUG - Initializing USB camera
2025-07-17 21:57:45,767 - camera_camera - DEBUG - Initializing USB camera
2025-07-17 21:57:47,803 - camera_camera - DEBUG - Initializing USB camera
2025-07-17 21:57:49,839 - camera_camera - DEBUG - Initializing USB camera
2025-07-17 21:57:51,870 - camera_camera - DEBUG - Initializing USB camera
2025-07-17 21:57:53,955 - camera_camera - DEBUG - Initializing USB camera
2025-07-17 21:58:00,354 - camera_camera - DEBUG - Resource usage - CPU: 11.9%, Memory: 82.1%
2025-07-17 21:58:00,901 - camera_camera - DEBUG - Resource usage - CPU: 13.6%, Memory: 82.2%
2025-07-17 21:58:01,005 - camera_camera - DEBUG - Initializing USB camera
2025-07-17 21:58:03,057 - camera_camera - DEBUG - Initializing USB camera
2025-07-17 21:58:05,100 - camera_camera - DEBUG - Initializing USB camera
2025-07-17 21:58:07,153 - camera_camera - DEBUG - Initializing USB camera
2025-07-17 21:58:07,360 - camera_camera - DEBUG - Performed garbage collection
2025-07-17 21:58:09,198 - camera_camera - DEBUG - Initializing USB camera
2025-07-17 21:58:10,239 - PendingVehiclesPanel - INFO - Refreshing pending vehicles list
2025-07-17 21:58:10,247 - DataManager - INFO - Successfully loaded 88 records from data\Tharuni_Associates_Chilakaluripeta_data.csv
2025-07-17 21:58:10,248 - PendingVehiclesPanel - INFO - Retrieved 88 total records
2025-07-17 21:58:10,300 - PendingVehiclesPanel - INFO - Found 0 unique pending vehicles, prevented 0 duplicates
2025-07-17 21:58:10,300 - PendingVehiclesPanel - INFO - Successfully refreshed pending list with 0 unique vehicles
2025-07-17 21:58:11,228 - camera_camera - DEBUG - Initializing USB camera
2025-07-17 21:58:18,287 - camera_camera - DEBUG - Initializing USB camera
2025-07-17 21:58:20,335 - camera_camera - DEBUG - Initializing USB camera
2025-07-17 21:58:22,378 - camera_camera - DEBUG - Initializing USB camera
2025-07-17 21:58:24,414 - camera_camera - DEBUG - Initializing USB camera
2025-07-17 21:58:26,463 - camera_camera - DEBUG - Initializing USB camera
2025-07-17 21:58:28,508 - camera_camera - DEBUG - Initializing USB camera
2025-07-17 21:58:30,598 - camera_camera - DEBUG - Resource usage - CPU: 8.9%, Memory: 79.7%
2025-07-17 21:58:35,552 - camera_camera - DEBUG - Initializing USB camera
2025-07-17 21:58:37,597 - camera_camera - DEBUG - Initializing USB camera
2025-07-17 21:58:39,632 - camera_camera - DEBUG - Initializing USB camera
2025-07-17 21:58:41,661 - camera_camera - DEBUG - Initializing USB camera
2025-07-17 21:58:43,714 - camera_camera - DEBUG - Initializing USB camera
2025-07-17 21:58:45,760 - camera_camera - DEBUG - Initializing USB camera
2025-07-17 21:58:52,837 - camera_camera - DEBUG - Initializing USB camera
2025-07-17 21:58:54,874 - camera_camera - DEBUG - Initializing USB camera
2025-07-17 21:58:56,905 - camera_camera - DEBUG - Initializing USB camera
2025-07-17 21:58:58,959 - camera_camera - DEBUG - Initializing USB camera
2025-07-17 21:59:00,917 - camera_camera - DEBUG - Resource usage - CPU: 10.5%, Memory: 79.6%
2025-07-17 21:59:01,009 - camera_camera - DEBUG - Initializing USB camera
2025-07-17 21:59:03,052 - camera_camera - DEBUG - Initializing USB camera
2025-07-17 21:59:07,346 - camera_camera - DEBUG - Performed garbage collection
2025-07-17 21:59:10,092 - camera_camera - DEBUG - Initializing USB camera
2025-07-17 21:59:10,319 - PendingVehiclesPanel - INFO - Refreshing pending vehicles list
2025-07-17 21:59:10,327 - DataManager - INFO - Successfully loaded 88 records from data\Tharuni_Associates_Chilakaluripeta_data.csv
2025-07-17 21:59:10,329 - PendingVehiclesPanel - INFO - Retrieved 88 total records
2025-07-17 21:59:10,380 - PendingVehiclesPanel - INFO - Found 0 unique pending vehicles, prevented 0 duplicates
2025-07-17 21:59:10,380 - PendingVehiclesPanel - INFO - Successfully refreshed pending list with 0 unique vehicles
2025-07-17 21:59:12,142 - camera_camera - DEBUG - Initializing USB camera
2025-07-17 21:59:14,191 - camera_camera - DEBUG - Initializing USB camera
2025-07-17 21:59:16,243 - camera_camera - DEBUG - Initializing USB camera
2025-07-17 21:59:18,287 - camera_camera - DEBUG - Initializing USB camera
2025-07-17 21:59:20,333 - camera_camera - DEBUG - Initializing USB camera
2025-07-17 21:59:27,370 - camera_camera - DEBUG - Initializing USB camera
2025-07-17 21:59:29,406 - camera_camera - DEBUG - Initializing USB camera
2025-07-17 21:59:31,487 - camera_camera - DEBUG - Initializing USB camera
2025-07-17 21:59:33,517 - camera_camera - DEBUG - Initializing USB camera
2025-07-17 21:59:35,565 - camera_camera - DEBUG - Initializing USB camera
2025-07-17 21:59:37,614 - camera_camera - DEBUG - Initializing USB camera
2025-07-17 21:59:44,666 - camera_camera - DEBUG - Initializing USB camera
2025-07-17 21:59:46,718 - camera_camera - DEBUG - Initializing USB camera
2025-07-17 21:59:48,750 - camera_camera - DEBUG - Initializing USB camera
2025-07-17 21:59:50,797 - camera_camera - DEBUG - Initializing USB camera
2025-07-17 21:59:52,846 - camera_camera - DEBUG - Initializing USB camera
2025-07-17 21:59:54,890 - camera_camera - DEBUG - Initializing USB camera
2025-07-17 22:00:00,149 - camera_camera - DEBUG - Resource usage - CPU: 9.1%, Memory: 79.0%
2025-07-17 22:00:01,939 - camera_camera - DEBUG - Initializing USB camera
2025-07-17 22:00:03,981 - camera_camera - DEBUG - Initializing USB camera
2025-07-17 22:00:06,032 - camera_camera - DEBUG - Initializing USB camera
2025-07-17 22:00:07,403 - camera_camera - DEBUG - Performed garbage collection
2025-07-17 22:00:08,078 - camera_camera - DEBUG - Initializing USB camera
2025-07-17 22:00:10,110 - camera_camera - DEBUG - Initializing USB camera
2025-07-17 22:00:10,381 - PendingVehiclesPanel - INFO - Refreshing pending vehicles list
2025-07-17 22:00:10,388 - DataManager - INFO - Successfully loaded 88 records from data\Tharuni_Associates_Chilakaluripeta_data.csv
2025-07-17 22:00:10,390 - PendingVehiclesPanel - INFO - Retrieved 88 total records
2025-07-17 22:00:10,438 - PendingVehiclesPanel - INFO - Found 0 unique pending vehicles, prevented 0 duplicates
2025-07-17 22:00:10,438 - PendingVehiclesPanel - INFO - Successfully refreshed pending list with 0 unique vehicles
2025-07-17 22:00:12,142 - camera_camera - DEBUG - Initializing USB camera
2025-07-17 22:00:19,213 - camera_camera - DEBUG - Initializing USB camera
2025-07-17 22:00:21,259 - camera_camera - DEBUG - Initializing USB camera
2025-07-17 22:00:23,311 - camera_camera - DEBUG - Initializing USB camera
2025-07-17 22:00:25,354 - camera_camera - DEBUG - Initializing USB camera
2025-07-17 22:00:27,375 - camera_camera - DEBUG - Initializing USB camera
2025-07-17 22:00:29,418 - camera_camera - DEBUG - Initializing USB camera
2025-07-17 22:00:30,490 - camera_camera - DEBUG - Resource usage - CPU: 11.6%, Memory: 78.9%
2025-07-17 22:00:36,484 - camera_camera - DEBUG - Initializing USB camera
2025-07-17 22:00:38,525 - camera_camera - DEBUG - Initializing USB camera
2025-07-17 22:00:40,591 - camera_camera - DEBUG - Initializing USB camera
2025-07-17 22:00:42,622 - camera_camera - DEBUG - Initializing USB camera
2025-07-17 22:00:44,670 - camera_camera - DEBUG - Initializing USB camera
2025-07-17 22:00:46,697 - camera_camera - DEBUG - Initializing USB camera
2025-07-17 22:00:53,758 - camera_camera - DEBUG - Initializing USB camera
2025-07-17 22:00:55,823 - camera_camera - DEBUG - Initializing USB camera
2025-07-17 22:00:57,854 - camera_camera - DEBUG - Initializing USB camera
2025-07-17 22:00:59,904 - camera_camera - DEBUG - Initializing USB camera
2025-07-17 22:01:00,096 - camera_camera - DEBUG - Resource usage - CPU: 11.1%, Memory: 78.8%
2025-07-17 22:01:00,787 - camera_camera - DEBUG - Resource usage - CPU: 9.6%, Memory: 78.9%
2025-07-17 22:01:01,945 - camera_camera - DEBUG - Initializing USB camera
2025-07-17 22:01:03,999 - camera_camera - DEBUG - Initializing USB camera
2025-07-17 22:01:07,400 - camera_camera - DEBUG - Performed garbage collection
2025-07-17 22:01:10,448 - PendingVehiclesPanel - INFO - Refreshing pending vehicles list
2025-07-17 22:01:10,456 - DataManager - INFO - Successfully loaded 88 records from data\Tharuni_Associates_Chilakaluripeta_data.csv
2025-07-17 22:01:10,458 - PendingVehiclesPanel - INFO - Retrieved 88 total records
2025-07-17 22:01:10,506 - PendingVehiclesPanel - INFO - Found 0 unique pending vehicles, prevented 0 duplicates
2025-07-17 22:01:10,506 - PendingVehiclesPanel - INFO - Successfully refreshed pending list with 0 unique vehicles
2025-07-17 22:01:11,051 - camera_camera - DEBUG - Initializing USB camera
2025-07-17 22:01:13,099 - camera_camera - DEBUG - Initializing USB camera
2025-07-17 22:01:15,148 - camera_camera - DEBUG - Initializing USB camera
2025-07-17 22:01:17,199 - camera_camera - DEBUG - Initializing USB camera
2025-07-17 22:01:19,260 - camera_camera - DEBUG - Initializing USB camera
2025-07-17 22:01:21,313 - camera_camera - DEBUG - Initializing USB camera
2025-07-17 22:01:28,385 - camera_camera - DEBUG - Initializing USB camera
2025-07-17 22:01:30,421 - camera_camera - DEBUG - Initializing USB camera
2025-07-17 22:01:30,423 - camera_camera - DEBUG - Resource usage - CPU: 11.4%, Memory: 78.9%
2025-07-17 22:01:32,463 - camera_camera - DEBUG - Initializing USB camera
2025-07-17 22:01:34,511 - camera_camera - DEBUG - Initializing USB camera
2025-07-17 22:01:36,543 - camera_camera - DEBUG - Initializing USB camera
2025-07-17 22:01:38,580 - camera_camera - DEBUG - Initializing USB camera
2025-07-17 22:01:45,630 - camera_camera - DEBUG - Initializing USB camera
2025-07-17 22:01:47,662 - camera_camera - DEBUG - Initializing USB camera
2025-07-17 22:01:49,710 - camera_camera - DEBUG - Initializing USB camera
2025-07-17 22:01:51,757 - camera_camera - DEBUG - Initializing USB camera
2025-07-17 22:01:53,801 - camera_camera - DEBUG - Initializing USB camera
2025-07-17 22:01:55,834 - camera_camera - DEBUG - Initializing USB camera
2025-07-17 22:02:00,692 - camera_camera - DEBUG - Resource usage - CPU: 13.1%, Memory: 80.4%
2025-07-17 22:02:02,878 - camera_camera - DEBUG - Initializing USB camera
2025-07-17 22:02:04,926 - camera_camera - DEBUG - Initializing USB camera
2025-07-17 22:02:06,959 - camera_camera - DEBUG - Initializing USB camera
2025-07-17 22:02:07,421 - camera_camera - DEBUG - Performed garbage collection
2025-07-17 22:02:09,005 - camera_camera - DEBUG - Initializing USB camera
2025-07-17 22:02:10,510 - PendingVehiclesPanel - INFO - Refreshing pending vehicles list
2025-07-17 22:02:10,518 - DataManager - INFO - Successfully loaded 88 records from data\Tharuni_Associates_Chilakaluripeta_data.csv
2025-07-17 22:02:10,520 - PendingVehiclesPanel - INFO - Retrieved 88 total records
2025-07-17 22:02:10,571 - PendingVehiclesPanel - INFO - Found 0 unique pending vehicles, prevented 0 duplicates
2025-07-17 22:02:10,571 - PendingVehiclesPanel - INFO - Successfully refreshed pending list with 0 unique vehicles
2025-07-17 22:02:11,047 - camera_camera - DEBUG - Initializing USB camera
2025-07-17 22:02:13,083 - camera_camera - DEBUG - Initializing USB camera
2025-07-17 22:02:20,127 - camera_camera - DEBUG - Initializing USB camera
2025-07-17 22:02:22,158 - camera_camera - DEBUG - Initializing USB camera
2025-07-17 22:02:24,204 - camera_camera - DEBUG - Initializing USB camera
2025-07-17 22:02:26,254 - camera_camera - DEBUG - Initializing USB camera
2025-07-17 22:02:28,302 - camera_camera - DEBUG - Initializing USB camera
2025-07-17 22:02:30,350 - camera_camera - DEBUG - Initializing USB camera
2025-07-17 22:02:30,987 - camera_camera - DEBUG - Resource usage - CPU: 8.3%, Memory: 79.9%
2025-07-17 22:02:37,391 - camera_camera - DEBUG - Initializing USB camera
2025-07-17 22:02:39,435 - camera_camera - DEBUG - Initializing USB camera
2025-07-17 22:02:41,472 - camera_camera - DEBUG - Initializing USB camera
2025-07-17 22:02:43,522 - camera_camera - DEBUG - Initializing USB camera
2025-07-17 22:02:45,567 - camera_camera - DEBUG - Initializing USB camera
2025-07-17 22:02:47,616 - camera_camera - DEBUG - Initializing USB camera
2025-07-17 22:02:54,671 - camera_camera - DEBUG - Initializing USB camera
2025-07-17 22:02:56,719 - camera_camera - DEBUG - Initializing USB camera
2025-07-17 22:02:58,767 - camera_camera - DEBUG - Initializing USB camera
2025-07-17 22:03:00,799 - camera_camera - DEBUG - Initializing USB camera
2025-07-17 22:03:02,830 - camera_camera - DEBUG - Initializing USB camera
2025-07-17 22:03:04,879 - camera_camera - DEBUG - Initializing USB camera
2025-07-17 22:03:07,467 - camera_camera - DEBUG - Performed garbage collection
2025-07-17 22:03:10,578 - PendingVehiclesPanel - INFO - Refreshing pending vehicles list
2025-07-17 22:03:10,587 - DataManager - INFO - Successfully loaded 88 records from data\Tharuni_Associates_Chilakaluripeta_data.csv
2025-07-17 22:03:10,589 - PendingVehiclesPanel - INFO - Retrieved 88 total records
2025-07-17 22:03:10,629 - PendingVehiclesPanel - INFO - Found 0 unique pending vehicles, prevented 0 duplicates
2025-07-17 22:03:10,629 - PendingVehiclesPanel - INFO - Successfully refreshed pending list with 0 unique vehicles
2025-07-17 22:03:11,921 - camera_camera - DEBUG - Initializing USB camera
2025-07-17 22:03:13,970 - camera_camera - DEBUG - Initializing USB camera
2025-07-17 22:03:16,008 - camera_camera - DEBUG - Initializing USB camera
2025-07-17 22:03:18,044 - camera_camera - DEBUG - Initializing USB camera
2025-07-17 22:03:20,089 - camera_camera - DEBUG - Initializing USB camera
2025-07-17 22:03:22,141 - camera_camera - DEBUG - Initializing USB camera
2025-07-17 22:03:29,167 - camera_camera - DEBUG - Initializing USB camera
2025-07-17 22:03:30,216 - camera_camera - DEBUG - Resource usage - CPU: 12.5%, Memory: 80.1%
2025-07-17 22:03:31,213 - camera_camera - DEBUG - Initializing USB camera
2025-07-17 22:03:33,257 - camera_camera - DEBUG - Initializing USB camera
2025-07-17 22:03:35,299 - camera_camera - DEBUG - Initializing USB camera
2025-07-17 22:03:37,342 - camera_camera - DEBUG - Initializing USB camera
2025-07-17 22:03:39,385 - camera_camera - DEBUG - Initializing USB camera
2025-07-17 22:03:46,443 - camera_camera - DEBUG - Initializing USB camera
2025-07-17 22:03:48,478 - camera_camera - DEBUG - Initializing USB camera
2025-07-17 22:03:50,518 - camera_camera - DEBUG - Initializing USB camera
2025-07-17 22:03:52,555 - camera_camera - DEBUG - Initializing USB camera
2025-07-17 22:03:54,606 - camera_camera - DEBUG - Initializing USB camera
2025-07-17 22:03:56,645 - camera_camera - DEBUG - Initializing USB camera
2025-07-17 22:04:00,517 - camera_camera - DEBUG - Resource usage - CPU: 13.9%, Memory: 80.1%
2025-07-17 22:04:03,695 - camera_camera - DEBUG - Initializing USB camera
2025-07-17 22:04:05,738 - camera_camera - DEBUG - Initializing USB camera
2025-07-17 22:04:07,481 - camera_camera - DEBUG - Performed garbage collection
2025-07-17 22:04:07,774 - camera_camera - DEBUG - Initializing USB camera
2025-07-17 22:04:09,807 - camera_camera - DEBUG - Initializing USB camera
2025-07-17 22:04:10,638 - PendingVehiclesPanel - INFO - Refreshing pending vehicles list
2025-07-17 22:04:10,640 - DataManager - INFO - Successfully loaded 88 records from data\Tharuni_Associates_Chilakaluripeta_data.csv
2025-07-17 22:04:10,641 - PendingVehiclesPanel - INFO - Retrieved 88 total records
2025-07-17 22:04:10,678 - PendingVehiclesPanel - INFO - Found 0 unique pending vehicles, prevented 0 duplicates
2025-07-17 22:04:10,679 - PendingVehiclesPanel - INFO - Successfully refreshed pending list with 0 unique vehicles
2025-07-17 22:04:11,839 - camera_camera - DEBUG - Initializing USB camera
2025-07-17 22:04:13,880 - camera_camera - DEBUG - Initializing USB camera
2025-07-17 22:04:20,927 - camera_camera - DEBUG - Initializing USB camera
2025-07-17 22:04:22,972 - camera_camera - DEBUG - Initializing USB camera
2025-07-17 22:04:25,022 - camera_camera - DEBUG - Initializing USB camera
2025-07-17 22:04:27,070 - camera_camera - DEBUG - Initializing USB camera
2025-07-17 22:04:29,119 - camera_camera - DEBUG - Initializing USB camera
2025-07-17 22:04:30,818 - camera_camera - DEBUG - Resource usage - CPU: 9.9%, Memory: 80.4%
2025-07-17 22:04:31,167 - camera_camera - DEBUG - Initializing USB camera
2025-07-17 22:04:38,209 - camera_camera - DEBUG - Initializing USB camera
2025-07-17 22:04:40,235 - camera_camera - DEBUG - Initializing USB camera
2025-07-17 22:04:42,274 - camera_camera - DEBUG - Initializing USB camera
2025-07-17 22:04:44,314 - camera_camera - DEBUG - Initializing USB camera
2025-07-17 22:04:46,349 - camera_camera - DEBUG - Initializing USB camera
2025-07-17 22:04:48,398 - camera_camera - DEBUG - Initializing USB camera
2025-07-17 22:04:55,436 - camera_camera - DEBUG - Initializing USB camera
2025-07-17 22:04:57,488 - camera_camera - DEBUG - Initializing USB camera
2025-07-17 22:04:59,532 - camera_camera - DEBUG - Initializing USB camera
2025-07-17 22:05:00,230 - camera_camera - DEBUG - Resource usage - CPU: 11.7%, Memory: 80.2%
2025-07-17 22:05:01,573 - camera_camera - DEBUG - Initializing USB camera
2025-07-17 22:05:03,630 - camera_camera - DEBUG - Initializing USB camera
2025-07-17 22:05:05,679 - camera_camera - DEBUG - Initializing USB camera
2025-07-17 22:05:07,499 - camera_camera - DEBUG - Performed garbage collection
2025-07-17 22:05:10,682 - PendingVehiclesPanel - INFO - Refreshing pending vehicles list
2025-07-17 22:05:10,691 - DataManager - INFO - Successfully loaded 88 records from data\Tharuni_Associates_Chilakaluripeta_data.csv
2025-07-17 22:05:10,693 - PendingVehiclesPanel - INFO - Retrieved 88 total records
2025-07-17 22:05:10,752 - PendingVehiclesPanel - INFO - Found 0 unique pending vehicles, prevented 0 duplicates
2025-07-17 22:05:10,753 - PendingVehiclesPanel - INFO - Successfully refreshed pending list with 0 unique vehicles
2025-07-17 22:05:12,719 - camera_camera - DEBUG - Initializing USB camera
2025-07-17 22:05:14,751 - camera_camera - DEBUG - Initializing USB camera
2025-07-17 22:05:16,799 - camera_camera - DEBUG - Initializing USB camera
2025-07-17 22:05:18,847 - camera_camera - DEBUG - Initializing USB camera
2025-07-17 22:05:20,877 - camera_camera - DEBUG - Initializing USB camera
2025-07-17 22:05:22,911 - camera_camera - DEBUG - Initializing USB camera
2025-07-17 22:05:29,968 - camera_camera - DEBUG - Initializing USB camera
2025-07-17 22:05:30,539 - camera_camera - DEBUG - Resource usage - CPU: 14.3%, Memory: 79.3%
2025-07-17 22:05:32,014 - camera_camera - DEBUG - Initializing USB camera
2025-07-17 22:05:34,047 - camera_camera - DEBUG - Initializing USB camera
2025-07-17 22:05:36,097 - camera_camera - DEBUG - Initializing USB camera
2025-07-17 22:05:38,136 - camera_camera - DEBUG - Initializing USB camera
2025-07-17 22:05:40,173 - camera_camera - DEBUG - Initializing USB camera
2025-07-17 22:05:47,229 - camera_camera - DEBUG - Initializing USB camera
2025-07-17 22:05:49,277 - camera_camera - DEBUG - Initializing USB camera
2025-07-17 22:05:51,326 - camera_camera - DEBUG - Initializing USB camera
2025-07-17 22:05:53,374 - camera_camera - DEBUG - Initializing USB camera
2025-07-17 22:05:55,423 - camera_camera - DEBUG - Initializing USB camera
2025-07-17 22:05:57,470 - camera_camera - DEBUG - Initializing USB camera
2025-07-17 22:06:00,832 - camera_camera - DEBUG - Resource usage - CPU: 8.4%, Memory: 78.9%
2025-07-17 22:06:04,513 - camera_camera - DEBUG - Initializing USB camera
2025-07-17 22:06:06,560 - camera_camera - DEBUG - Initializing USB camera
2025-07-17 22:06:07,482 - camera_camera - DEBUG - Performed garbage collection
2025-07-17 22:06:08,610 - camera_camera - DEBUG - Initializing USB camera
2025-07-17 22:06:10,663 - camera_camera - DEBUG - Initializing USB camera
2025-07-17 22:06:10,759 - PendingVehiclesPanel - INFO - Refreshing pending vehicles list
2025-07-17 22:06:10,761 - DataManager - INFO - Successfully loaded 88 records from data\Tharuni_Associates_Chilakaluripeta_data.csv
2025-07-17 22:06:10,762 - PendingVehiclesPanel - INFO - Retrieved 88 total records
2025-07-17 22:06:10,798 - PendingVehiclesPanel - INFO - Found 0 unique pending vehicles, prevented 0 duplicates
2025-07-17 22:06:10,798 - PendingVehiclesPanel - INFO - Successfully refreshed pending list with 0 unique vehicles
2025-07-17 22:06:12,704 - camera_camera - DEBUG - Initializing USB camera
2025-07-17 22:06:14,750 - camera_camera - DEBUG - Initializing USB camera
2025-07-17 22:06:21,790 - camera_camera - DEBUG - Initializing USB camera
2025-07-17 22:06:23,840 - camera_camera - DEBUG - Initializing USB camera
2025-07-17 22:06:25,888 - camera_camera - DEBUG - Initializing USB camera
2025-07-17 22:06:27,937 - camera_camera - DEBUG - Initializing USB camera
2025-07-17 22:06:29,995 - camera_camera - DEBUG - Initializing USB camera
2025-07-17 22:06:32,029 - camera_camera - DEBUG - Initializing USB camera
2025-07-17 22:06:39,082 - camera_camera - DEBUG - Initializing USB camera
2025-07-17 22:06:41,136 - camera_camera - DEBUG - Initializing USB camera
2025-07-17 22:06:43,164 - camera_camera - DEBUG - Initializing USB camera
2025-07-17 22:06:45,213 - camera_camera - DEBUG - Initializing USB camera
2025-07-17 22:06:47,262 - camera_camera - DEBUG - Initializing USB camera
2025-07-17 22:06:49,309 - camera_camera - DEBUG - Initializing USB camera
2025-07-17 22:06:56,353 - camera_camera - DEBUG - Initializing USB camera
2025-07-17 22:06:58,396 - camera_camera - DEBUG - Initializing USB camera
2025-07-17 22:07:00,277 - camera_camera - DEBUG - Resource usage - CPU: 11.7%, Memory: 79.5%
2025-07-17 22:07:00,458 - camera_camera - DEBUG - Initializing USB camera
2025-07-17 22:07:02,479 - camera_camera - DEBUG - Initializing USB camera
2025-07-17 22:07:04,527 - camera_camera - DEBUG - Initializing USB camera
2025-07-17 22:07:06,574 - camera_camera - DEBUG - Initializing USB camera
2025-07-17 22:07:07,521 - camera_camera - DEBUG - Performed garbage collection
2025-07-17 22:07:10,814 - PendingVehiclesPanel - INFO - Refreshing pending vehicles list
2025-07-17 22:07:10,821 - DataManager - INFO - Successfully loaded 88 records from data\Tharuni_Associates_Chilakaluripeta_data.csv
2025-07-17 22:07:10,823 - PendingVehiclesPanel - INFO - Retrieved 88 total records
2025-07-17 22:07:10,875 - PendingVehiclesPanel - INFO - Found 0 unique pending vehicles, prevented 0 duplicates
2025-07-17 22:07:10,875 - PendingVehiclesPanel - INFO - Successfully refreshed pending list with 0 unique vehicles
2025-07-17 22:07:13,613 - camera_camera - DEBUG - Initializing USB camera
2025-07-17 22:07:15,659 - camera_camera - DEBUG - Initializing USB camera
2025-07-17 22:07:17,692 - camera_camera - DEBUG - Initializing USB camera
2025-07-17 22:07:19,730 - camera_camera - DEBUG - Initializing USB camera
2025-07-17 22:07:21,757 - camera_camera - DEBUG - Initializing USB camera
2025-07-17 22:07:23,807 - camera_camera - DEBUG - Initializing USB camera
2025-07-17 22:07:30,562 - camera_camera - DEBUG - Resource usage - CPU: 9.4%, Memory: 79.7%
2025-07-17 22:07:30,876 - camera_camera - DEBUG - Initializing USB camera
2025-07-17 22:07:32,925 - camera_camera - DEBUG - Initializing USB camera
2025-07-17 22:07:34,973 - camera_camera - DEBUG - Initializing USB camera
2025-07-17 22:07:37,037 - camera_camera - DEBUG - Initializing USB camera
2025-07-17 22:07:39,070 - camera_camera - DEBUG - Initializing USB camera
2025-07-17 22:07:41,109 - camera_camera - DEBUG - Initializing USB camera
2025-07-17 22:07:48,173 - camera_camera - DEBUG - Initializing USB camera
2025-07-17 22:07:50,222 - camera_camera - DEBUG - Initializing USB camera
2025-07-17 22:07:52,286 - camera_camera - DEBUG - Initializing USB camera
2025-07-17 22:07:54,330 - camera_camera - DEBUG - Initializing USB camera
2025-07-17 22:07:56,375 - camera_camera - DEBUG - Initializing USB camera
2025-07-17 22:07:58,414 - camera_camera - DEBUG - Initializing USB camera
2025-07-17 22:08:00,850 - camera_camera - DEBUG - Resource usage - CPU: 10.9%, Memory: 78.8%
2025-07-17 22:08:05,456 - camera_camera - DEBUG - Initializing USB camera
2025-07-17 22:08:07,529 - camera_camera - DEBUG - Initializing USB camera
2025-07-17 22:08:07,529 - camera_camera - DEBUG - Performed garbage collection
2025-07-17 22:08:09,569 - camera_camera - DEBUG - Initializing USB camera
2025-07-17 22:08:10,879 - PendingVehiclesPanel - INFO - Refreshing pending vehicles list
2025-07-17 22:08:10,887 - DataManager - INFO - Successfully loaded 88 records from data\Tharuni_Associates_Chilakaluripeta_data.csv
2025-07-17 22:08:10,889 - PendingVehiclesPanel - INFO - Retrieved 88 total records
2025-07-17 22:08:10,942 - PendingVehiclesPanel - INFO - Found 0 unique pending vehicles, prevented 0 duplicates
2025-07-17 22:08:10,943 - PendingVehiclesPanel - INFO - Successfully refreshed pending list with 0 unique vehicles
2025-07-17 22:08:11,612 - camera_camera - DEBUG - Initializing USB camera
2025-07-17 22:08:13,646 - camera_camera - DEBUG - Initializing USB camera
2025-07-17 22:08:15,680 - camera_camera - DEBUG - Initializing USB camera
2025-07-17 22:08:22,750 - camera_camera - DEBUG - Initializing USB camera
2025-07-17 22:08:24,814 - camera_camera - DEBUG - Initializing USB camera
2025-07-17 22:08:26,862 - camera_camera - DEBUG - Initializing USB camera
2025-07-17 22:08:28,912 - camera_camera - DEBUG - Initializing USB camera
2025-07-17 22:08:30,159 - camera_camera - DEBUG - Resource usage - CPU: 12.1%, Memory: 78.7%
2025-07-17 22:08:30,949 - camera_camera - DEBUG - Initializing USB camera
2025-07-17 22:08:32,991 - camera_camera - DEBUG - Initializing USB camera
2025-07-17 22:08:40,030 - camera_camera - DEBUG - Initializing USB camera
2025-07-17 22:08:42,079 - camera_camera - DEBUG - Initializing USB camera
2025-07-17 22:08:44,111 - camera_camera - DEBUG - Initializing USB camera
2025-07-17 22:08:46,138 - camera_camera - DEBUG - Initializing USB camera
2025-07-17 22:08:48,182 - camera_camera - DEBUG - Initializing USB camera
2025-07-17 22:08:50,237 - camera_camera - DEBUG - Initializing USB camera
2025-07-17 22:08:57,277 - camera_camera - DEBUG - Initializing USB camera
2025-07-17 22:08:59,326 - camera_camera - DEBUG - Initializing USB camera
2025-07-17 22:09:00,507 - camera_camera - DEBUG - Resource usage - CPU: 10.1%, Memory: 78.0%
2025-07-17 22:09:01,358 - camera_camera - DEBUG - Initializing USB camera
2025-07-17 22:09:03,408 - camera_camera - DEBUG - Initializing USB camera
2025-07-17 22:09:05,462 - camera_camera - DEBUG - Initializing USB camera
2025-07-17 22:09:07,512 - camera_camera - DEBUG - Initializing USB camera
2025-07-17 22:09:07,579 - camera_camera - DEBUG - Performed garbage collection
2025-07-17 22:09:10,958 - PendingVehiclesPanel - INFO - Refreshing pending vehicles list
2025-07-17 22:09:10,967 - DataManager - INFO - Successfully loaded 88 records from data\Tharuni_Associates_Chilakaluripeta_data.csv
2025-07-17 22:09:10,969 - PendingVehiclesPanel - INFO - Retrieved 88 total records
2025-07-17 22:09:11,020 - PendingVehiclesPanel - INFO - Found 0 unique pending vehicles, prevented 0 duplicates
2025-07-17 22:09:11,021 - PendingVehiclesPanel - INFO - Successfully refreshed pending list with 0 unique vehicles
2025-07-17 22:09:14,559 - camera_camera - DEBUG - Initializing USB camera
2025-07-17 22:09:16,603 - camera_camera - DEBUG - Initializing USB camera
2025-07-17 22:09:18,657 - camera_camera - DEBUG - Initializing USB camera
2025-07-17 22:09:20,703 - camera_camera - DEBUG - Initializing USB camera
2025-07-17 22:09:22,742 - camera_camera - DEBUG - Initializing USB camera
2025-07-17 22:09:24,782 - camera_camera - DEBUG - Initializing USB camera
2025-07-17 22:09:30,765 - camera_camera - DEBUG - Resource usage - CPU: 11.0%, Memory: 78.1%
2025-07-17 22:09:31,821 - camera_camera - DEBUG - Initializing USB camera
2025-07-17 22:09:33,853 - camera_camera - DEBUG - Initializing USB camera
2025-07-17 22:09:35,904 - camera_camera - DEBUG - Initializing USB camera
2025-07-17 22:09:37,951 - camera_camera - DEBUG - Initializing USB camera
2025-07-17 22:09:39,978 - camera_camera - DEBUG - Initializing USB camera
2025-07-17 22:09:42,027 - camera_camera - DEBUG - Initializing USB camera
2025-07-17 22:09:49,055 - camera_camera - DEBUG - Initializing USB camera
2025-07-17 22:09:51,100 - camera_camera - DEBUG - Initializing USB camera
2025-07-17 22:09:53,144 - camera_camera - DEBUG - Initializing USB camera
2025-07-17 22:09:55,167 - camera_camera - DEBUG - Initializing USB camera
2025-07-17 22:09:57,213 - camera_camera - DEBUG - Initializing USB camera
2025-07-17 22:09:59,243 - camera_camera - DEBUG - Initializing USB camera
2025-07-17 22:10:06,287 - camera_camera - DEBUG - Initializing USB camera
2025-07-17 22:10:07,622 - camera_camera - DEBUG - Performed garbage collection
2025-07-17 22:10:08,339 - camera_camera - DEBUG - Initializing USB camera
2025-07-17 22:10:10,381 - camera_camera - DEBUG - Initializing USB camera
2025-07-17 22:10:11,024 - PendingVehiclesPanel - INFO - Refreshing pending vehicles list
2025-07-17 22:10:11,031 - DataManager - INFO - Successfully loaded 88 records from data\Tharuni_Associates_Chilakaluripeta_data.csv
2025-07-17 22:10:11,033 - PendingVehiclesPanel - INFO - Retrieved 88 total records
2025-07-17 22:10:11,083 - PendingVehiclesPanel - INFO - Found 0 unique pending vehicles, prevented 0 duplicates
2025-07-17 22:10:11,084 - PendingVehiclesPanel - INFO - Successfully refreshed pending list with 0 unique vehicles
2025-07-17 22:10:12,410 - camera_camera - DEBUG - Initializing USB camera
2025-07-17 22:10:14,446 - camera_camera - DEBUG - Initializing USB camera
2025-07-17 22:10:16,494 - camera_camera - DEBUG - Initializing USB camera
2025-07-17 22:10:23,550 - camera_camera - DEBUG - Initializing USB camera
2025-07-17 22:10:25,594 - camera_camera - DEBUG - Initializing USB camera
2025-07-17 22:10:27,631 - camera_camera - DEBUG - Initializing USB camera
2025-07-17 22:10:29,678 - camera_camera - DEBUG - Initializing USB camera
2025-07-17 22:10:30,307 - camera_camera - DEBUG - Resource usage - CPU: 10.1%, Memory: 78.3%
2025-07-17 22:10:31,726 - camera_camera - DEBUG - Initializing USB camera
2025-07-17 22:10:33,773 - camera_camera - DEBUG - Initializing USB camera
2025-07-17 22:10:40,831 - camera_camera - DEBUG - Initializing USB camera
2025-07-17 22:10:42,875 - camera_camera - DEBUG - Initializing USB camera
2025-07-17 22:10:44,926 - camera_camera - DEBUG - Initializing USB camera
2025-07-17 22:10:46,959 - camera_camera - DEBUG - Initializing USB camera
2025-07-17 22:10:49,017 - camera_camera - DEBUG - Initializing USB camera
2025-07-17 22:10:51,067 - camera_camera - DEBUG - Initializing USB camera
2025-07-17 22:10:58,111 - camera_camera - DEBUG - Initializing USB camera
2025-07-17 22:11:00,158 - camera_camera - DEBUG - Initializing USB camera
2025-07-17 22:11:00,614 - camera_camera - DEBUG - Resource usage - CPU: 12.6%, Memory: 78.2%
2025-07-17 22:11:02,206 - camera_camera - DEBUG - Initializing USB camera
2025-07-17 22:11:04,236 - camera_camera - DEBUG - Initializing USB camera
2025-07-17 22:11:06,285 - camera_camera - DEBUG - Initializing USB camera
2025-07-17 22:11:07,682 - camera_camera - DEBUG - Performed garbage collection
2025-07-17 22:11:08,313 - camera_camera - DEBUG - Initializing USB camera
2025-07-17 22:11:11,097 - PendingVehiclesPanel - INFO - Refreshing pending vehicles list
2025-07-17 22:11:11,105 - DataManager - INFO - Successfully loaded 88 records from data\Tharuni_Associates_Chilakaluripeta_data.csv
2025-07-17 22:11:11,107 - PendingVehiclesPanel - INFO - Retrieved 88 total records
2025-07-17 22:11:11,160 - PendingVehiclesPanel - INFO - Found 0 unique pending vehicles, prevented 0 duplicates
2025-07-17 22:11:11,160 - PendingVehiclesPanel - INFO - Successfully refreshed pending list with 0 unique vehicles
2025-07-17 22:11:15,349 - camera_camera - DEBUG - Initializing USB camera
2025-07-17 22:11:17,384 - camera_camera - DEBUG - Initializing USB camera
2025-07-17 22:11:19,415 - camera_camera - DEBUG - Initializing USB camera
2025-07-17 22:11:21,452 - camera_camera - DEBUG - Initializing USB camera
2025-07-17 22:11:23,495 - camera_camera - DEBUG - Initializing USB camera
2025-07-17 22:11:25,544 - camera_camera - DEBUG - Initializing USB camera
2025-07-17 22:11:26,850 - camera_camera - WARNING - High memory usage (85.2%), triggering garbage collection
2025-07-17 22:11:30,915 - camera_camera - DEBUG - Resource usage - CPU: 15.9%, Memory: 83.9%
2025-07-17 22:11:32,587 - camera_camera - DEBUG - Initializing USB camera
2025-07-17 22:11:34,613 - camera_camera - DEBUG - Initializing USB camera
2025-07-17 22:11:36,654 - camera_camera - DEBUG - Initializing USB camera
2025-07-17 22:11:38,689 - camera_camera - DEBUG - Initializing USB camera
2025-07-17 22:11:40,724 - camera_camera - DEBUG - Initializing USB camera
2025-07-17 22:11:42,760 - camera_camera - DEBUG - Initializing USB camera
2025-07-17 22:11:49,807 - camera_camera - DEBUG - Initializing USB camera
2025-07-17 22:11:51,847 - camera_camera - DEBUG - Initializing USB camera
2025-07-17 22:11:53,874 - camera_camera - DEBUG - Initializing USB camera
2025-07-17 22:11:55,915 - camera_camera - DEBUG - Initializing USB camera
2025-07-17 22:11:57,962 - camera_camera - DEBUG - Initializing USB camera
2025-07-17 22:11:59,994 - camera_camera - DEBUG - Initializing USB camera
2025-07-17 22:12:00,109 - camera_camera - DEBUG - Resource usage - CPU: 8.6%, Memory: 81.7%
2025-07-17 22:12:07,040 - camera_camera - DEBUG - Initializing USB camera
2025-07-17 22:12:07,708 - camera_camera - DEBUG - Performed garbage collection
2025-07-17 22:12:09,085 - camera_camera - DEBUG - Initializing USB camera
2025-07-17 22:12:11,132 - camera_camera - DEBUG - Initializing USB camera
2025-07-17 22:12:11,161 - PendingVehiclesPanel - INFO - Refreshing pending vehicles list
2025-07-17 22:12:11,163 - DataManager - INFO - Successfully loaded 88 records from data\Tharuni_Associates_Chilakaluripeta_data.csv
2025-07-17 22:12:11,164 - PendingVehiclesPanel - INFO - Retrieved 88 total records
2025-07-17 22:12:11,200 - PendingVehiclesPanel - INFO - Found 0 unique pending vehicles, prevented 0 duplicates
2025-07-17 22:12:11,201 - PendingVehiclesPanel - INFO - Successfully refreshed pending list with 0 unique vehicles
2025-07-17 22:12:13,168 - camera_camera - DEBUG - Initializing USB camera
2025-07-17 22:12:15,213 - camera_camera - DEBUG - Initializing USB camera
2025-07-17 22:12:17,246 - camera_camera - DEBUG - Initializing USB camera
2025-07-17 22:12:24,310 - camera_camera - DEBUG - Initializing USB camera
2025-07-17 22:12:26,352 - camera_camera - DEBUG - Initializing USB camera
2025-07-17 22:12:28,381 - camera_camera - DEBUG - Initializing USB camera
2025-07-17 22:12:30,398 - camera_camera - DEBUG - Resource usage - CPU: 10.7%, Memory: 81.2%
2025-07-17 22:12:30,410 - camera_camera - DEBUG - Initializing USB camera
2025-07-17 22:12:32,442 - camera_camera - DEBUG - Initializing USB camera
2025-07-17 22:12:34,474 - camera_camera - DEBUG - Initializing USB camera
2025-07-17 22:12:41,501 - camera_camera - DEBUG - Initializing USB camera
2025-07-17 22:12:43,563 - camera_camera - DEBUG - Initializing USB camera
2025-07-17 22:12:45,599 - camera_camera - DEBUG - Initializing USB camera
2025-07-17 22:12:47,652 - camera_camera - DEBUG - Initializing USB camera
2025-07-17 22:12:49,680 - camera_camera - DEBUG - Initializing USB camera
2025-07-17 22:12:51,727 - camera_camera - DEBUG - Initializing USB camera
2025-07-17 22:12:58,766 - camera_camera - DEBUG - Initializing USB camera
2025-07-17 22:13:00,722 - camera_camera - DEBUG - Resource usage - CPU: 9.0%, Memory: 80.4%
2025-07-17 22:13:00,812 - camera_camera - DEBUG - Initializing USB camera
2025-07-17 22:13:02,858 - camera_camera - DEBUG - Initializing USB camera
2025-07-17 22:13:04,898 - camera_camera - DEBUG - Initializing USB camera
2025-07-17 22:13:06,954 - camera_camera - DEBUG - Initializing USB camera
2025-07-17 22:13:07,769 - camera_camera - DEBUG - Performed garbage collection
2025-07-17 22:13:08,990 - camera_camera - DEBUG - Initializing USB camera
2025-07-17 22:13:11,212 - PendingVehiclesPanel - INFO - Refreshing pending vehicles list
2025-07-17 22:13:11,221 - DataManager - INFO - Successfully loaded 88 records from data\Tharuni_Associates_Chilakaluripeta_data.csv
2025-07-17 22:13:11,222 - PendingVehiclesPanel - INFO - Retrieved 88 total records
2025-07-17 22:13:11,274 - PendingVehiclesPanel - INFO - Found 0 unique pending vehicles, prevented 0 duplicates
2025-07-17 22:13:11,274 - PendingVehiclesPanel - INFO - Successfully refreshed pending list with 0 unique vehicles
2025-07-17 22:13:16,062 - camera_camera - DEBUG - Initializing USB camera
2025-07-17 22:13:18,110 - camera_camera - DEBUG - Initializing USB camera
2025-07-17 22:13:20,142 - camera_camera - DEBUG - Initializing USB camera
2025-07-17 22:13:22,192 - camera_camera - DEBUG - Initializing USB camera
2025-07-17 22:13:24,241 - camera_camera - DEBUG - Initializing USB camera
2025-07-17 22:13:26,286 - camera_camera - DEBUG - Initializing USB camera
2025-07-17 22:13:30,978 - camera_camera - DEBUG - Resource usage - CPU: 8.1%, Memory: 81.3%
2025-07-17 22:13:33,339 - camera_camera - DEBUG - Initializing USB camera
2025-07-17 22:13:35,391 - camera_camera - DEBUG - Initializing USB camera
2025-07-17 22:13:37,439 - camera_camera - DEBUG - Initializing USB camera
2025-07-17 22:13:39,498 - camera_camera - DEBUG - Initializing USB camera
2025-07-17 22:13:41,528 - camera_camera - DEBUG - Initializing USB camera
2025-07-17 22:13:43,579 - camera_camera - DEBUG - Initializing USB camera
2025-07-17 22:13:50,635 - camera_camera - DEBUG - Initializing USB camera
2025-07-17 22:13:52,668 - camera_camera - DEBUG - Initializing USB camera
2025-07-17 22:13:54,700 - camera_camera - DEBUG - Initializing USB camera
2025-07-17 22:13:56,751 - camera_camera - DEBUG - Initializing USB camera
2025-07-17 22:13:58,794 - camera_camera - DEBUG - Initializing USB camera
2025-07-17 22:14:00,251 - camera_camera - DEBUG - Resource usage - CPU: 8.5%, Memory: 80.1%
2025-07-17 22:14:00,816 - camera_camera - DEBUG - Initializing USB camera
2025-07-17 22:14:07,772 - camera_camera - DEBUG - Performed garbage collection
2025-07-17 22:14:07,853 - camera_camera - DEBUG - Initializing USB camera
2025-07-17 22:14:09,887 - camera_camera - DEBUG - Initializing USB camera
2025-07-17 22:14:11,287 - PendingVehiclesPanel - INFO - Refreshing pending vehicles list
2025-07-17 22:14:11,295 - DataManager - INFO - Successfully loaded 88 records from data\Tharuni_Associates_Chilakaluripeta_data.csv
2025-07-17 22:14:11,297 - PendingVehiclesPanel - INFO - Retrieved 88 total records
2025-07-17 22:14:11,361 - PendingVehiclesPanel - INFO - Found 0 unique pending vehicles, prevented 0 duplicates
2025-07-17 22:14:11,362 - PendingVehiclesPanel - INFO - Successfully refreshed pending list with 0 unique vehicles
2025-07-17 22:14:11,937 - camera_camera - DEBUG - Initializing USB camera
2025-07-17 22:14:13,983 - camera_camera - DEBUG - Initializing USB camera
2025-07-17 22:14:16,043 - camera_camera - DEBUG - Initializing USB camera
2025-07-17 22:14:18,095 - camera_camera - DEBUG - Initializing USB camera
2025-07-17 22:14:25,166 - camera_camera - DEBUG - Initializing USB camera
2025-07-17 22:14:27,214 - camera_camera - DEBUG - Initializing USB camera
2025-07-17 22:14:29,271 - camera_camera - DEBUG - Initializing USB camera
2025-07-17 22:14:30,582 - camera_camera - DEBUG - Resource usage - CPU: 10.2%, Memory: 80.3%
2025-07-17 22:14:31,310 - camera_camera - DEBUG - Initializing USB camera
2025-07-17 22:14:33,364 - camera_camera - DEBUG - Initializing USB camera
2025-07-17 22:14:35,392 - camera_camera - DEBUG - Initializing USB camera
2025-07-17 22:14:42,462 - camera_camera - DEBUG - Initializing USB camera
2025-07-17 22:14:44,508 - camera_camera - DEBUG - Initializing USB camera
2025-07-17 22:14:46,570 - camera_camera - DEBUG - Initializing USB camera
2025-07-17 22:14:48,606 - camera_camera - DEBUG - Initializing USB camera
2025-07-17 22:14:50,648 - camera_camera - DEBUG - Initializing USB camera
2025-07-17 22:14:52,698 - camera_camera - DEBUG - Initializing USB camera
2025-07-17 22:14:59,738 - camera_camera - DEBUG - Initializing USB camera
2025-07-17 22:15:00,868 - camera_camera - DEBUG - Resource usage - CPU: 10.6%, Memory: 80.0%
2025-07-17 22:15:01,771 - camera_camera - DEBUG - Initializing USB camera
2025-07-17 22:15:03,806 - camera_camera - DEBUG - Initializing USB camera
2025-07-17 22:15:05,850 - camera_camera - DEBUG - Initializing USB camera
2025-07-17 22:15:07,817 - camera_camera - DEBUG - Performed garbage collection
2025-07-17 22:15:07,887 - camera_camera - DEBUG - Initializing USB camera
2025-07-17 22:15:09,918 - camera_camera - DEBUG - Initializing USB camera
2025-07-17 22:15:11,369 - PendingVehiclesPanel - INFO - Refreshing pending vehicles list
2025-07-17 22:15:11,371 - DataManager - INFO - Successfully loaded 88 records from data\Tharuni_Associates_Chilakaluripeta_data.csv
2025-07-17 22:15:11,372 - PendingVehiclesPanel - INFO - Retrieved 88 total records
2025-07-17 22:15:11,408 - PendingVehiclesPanel - INFO - Found 0 unique pending vehicles, prevented 0 duplicates
2025-07-17 22:15:11,409 - PendingVehiclesPanel - INFO - Successfully refreshed pending list with 0 unique vehicles
2025-07-17 22:15:16,960 - camera_camera - DEBUG - Initializing USB camera
2025-07-17 22:15:19,006 - camera_camera - DEBUG - Initializing USB camera
2025-07-17 22:15:21,043 - camera_camera - DEBUG - Initializing USB camera
2025-07-17 22:15:23,084 - camera_camera - DEBUG - Initializing USB camera
2025-07-17 22:15:25,131 - camera_camera - DEBUG - Initializing USB camera
2025-07-17 22:15:27,171 - camera_camera - DEBUG - Initializing USB camera
2025-07-17 22:15:30,147 - camera_camera - DEBUG - Resource usage - CPU: 10.9%, Memory: 79.7%
2025-07-17 22:15:34,222 - camera_camera - DEBUG - Initializing USB camera
2025-07-17 22:15:36,273 - camera_camera - DEBUG - Initializing USB camera
2025-07-17 22:15:38,317 - camera_camera - DEBUG - Initializing USB camera
2025-07-17 22:15:40,362 - camera_camera - DEBUG - Initializing USB camera
2025-07-17 22:15:42,404 - camera_camera - DEBUG - Initializing USB camera
2025-07-17 22:15:44,430 - camera_camera - DEBUG - Initializing USB camera
2025-07-17 22:15:51,497 - camera_camera - DEBUG - Initializing USB camera
2025-07-17 22:15:53,532 - camera_camera - DEBUG - Initializing USB camera
2025-07-17 22:15:55,581 - camera_camera - DEBUG - Initializing USB camera
2025-07-17 22:15:57,627 - camera_camera - DEBUG - Initializing USB camera
2025-07-17 22:15:59,679 - camera_camera - DEBUG - Initializing USB camera
2025-07-17 22:16:00,418 - camera_camera - DEBUG - Resource usage - CPU: 10.4%, Memory: 80.2%
2025-07-17 22:16:01,720 - camera_camera - DEBUG - Initializing USB camera
2025-07-17 22:16:07,850 - camera_camera - DEBUG - Performed garbage collection
2025-07-17 22:16:08,746 - camera_camera - DEBUG - Initializing USB camera
2025-07-17 22:16:10,797 - camera_camera - DEBUG - Initializing USB camera
2025-07-17 22:16:11,415 - PendingVehiclesPanel - INFO - Refreshing pending vehicles list
2025-07-17 22:16:11,417 - DataManager - INFO - Successfully loaded 88 records from data\Tharuni_Associates_Chilakaluripeta_data.csv
2025-07-17 22:16:11,417 - PendingVehiclesPanel - INFO - Retrieved 88 total records
2025-07-17 22:16:11,466 - PendingVehiclesPanel - INFO - Found 0 unique pending vehicles, prevented 0 duplicates
2025-07-17 22:16:11,466 - PendingVehiclesPanel - INFO - Successfully refreshed pending list with 0 unique vehicles
2025-07-17 22:16:12,843 - camera_camera - DEBUG - Initializing USB camera
2025-07-17 22:16:14,874 - camera_camera - DEBUG - Initializing USB camera
2025-07-17 22:16:16,923 - camera_camera - DEBUG - Initializing USB camera
2025-07-17 22:16:18,958 - camera_camera - DEBUG - Initializing USB camera
2025-07-17 22:16:26,014 - camera_camera - DEBUG - Initializing USB camera
2025-07-17 22:16:28,076 - camera_camera - DEBUG - Initializing USB camera
2025-07-17 22:16:30,111 - camera_camera - DEBUG - Initializing USB camera
2025-07-17 22:16:30,659 - camera_camera - DEBUG - Resource usage - CPU: 10.9%, Memory: 81.3%
2025-07-17 22:16:32,157 - camera_camera - DEBUG - Initializing USB camera
2025-07-17 22:16:34,207 - camera_camera - DEBUG - Initializing USB camera
2025-07-17 22:16:36,256 - camera_camera - DEBUG - Initializing USB camera
2025-07-17 22:16:43,310 - camera_camera - DEBUG - Initializing USB camera
2025-07-17 22:16:45,345 - camera_camera - DEBUG - Initializing USB camera
2025-07-17 22:16:47,391 - camera_camera - DEBUG - Initializing USB camera
2025-07-17 22:16:49,435 - camera_camera - DEBUG - Initializing USB camera
2025-07-17 22:16:51,486 - camera_camera - DEBUG - Initializing USB camera
2025-07-17 22:16:53,531 - camera_camera - DEBUG - Initializing USB camera
2025-07-17 22:17:00,577 - camera_camera - DEBUG - Initializing USB camera
2025-07-17 22:17:00,967 - camera_camera - DEBUG - Resource usage - CPU: 10.4%, Memory: 80.9%
2025-07-17 22:17:02,622 - camera_camera - DEBUG - Initializing USB camera
2025-07-17 22:17:04,684 - camera_camera - DEBUG - Initializing USB camera
2025-07-17 22:17:06,718 - camera_camera - DEBUG - Initializing USB camera
2025-07-17 22:17:07,837 - camera_camera - DEBUG - Performed garbage collection
2025-07-17 22:17:08,765 - camera_camera - DEBUG - Initializing USB camera
2025-07-17 22:17:10,798 - camera_camera - DEBUG - Initializing USB camera
2025-07-17 22:17:11,481 - PendingVehiclesPanel - INFO - Refreshing pending vehicles list
2025-07-17 22:17:11,483 - DataManager - INFO - Successfully loaded 88 records from data\Tharuni_Associates_Chilakaluripeta_data.csv
2025-07-17 22:17:11,484 - PendingVehiclesPanel - INFO - Retrieved 88 total records
2025-07-17 22:17:11,520 - PendingVehiclesPanel - INFO - Found 0 unique pending vehicles, prevented 0 duplicates
2025-07-17 22:17:11,520 - PendingVehiclesPanel - INFO - Successfully refreshed pending list with 0 unique vehicles
2025-07-17 22:17:17,835 - camera_camera - DEBUG - Initializing USB camera
2025-07-17 22:17:19,888 - camera_camera - DEBUG - Initializing USB camera
2025-07-17 22:17:21,919 - camera_camera - DEBUG - Initializing USB camera
2025-07-17 22:17:23,966 - camera_camera - DEBUG - Initializing USB camera
2025-07-17 22:17:26,023 - camera_camera - DEBUG - Initializing USB camera
2025-07-17 22:17:28,065 - camera_camera - DEBUG - Initializing USB camera
2025-07-17 22:17:30,259 - camera_camera - DEBUG - Resource usage - CPU: 9.0%, Memory: 81.3%
2025-07-17 22:17:35,103 - camera_camera - DEBUG - Initializing USB camera
2025-07-17 22:17:37,147 - camera_camera - DEBUG - Initializing USB camera
2025-07-17 22:17:39,197 - camera_camera - DEBUG - Initializing USB camera
2025-07-17 22:17:41,229 - camera_camera - DEBUG - Initializing USB camera
2025-07-17 22:17:43,278 - camera_camera - DEBUG - Initializing USB camera
2025-07-17 22:17:45,311 - camera_camera - DEBUG - Initializing USB camera
2025-07-17 22:17:52,377 - camera_camera - DEBUG - Initializing USB camera
2025-07-17 22:17:54,415 - camera_camera - DEBUG - Initializing USB camera
2025-07-17 22:17:56,463 - camera_camera - DEBUG - Initializing USB camera
2025-07-17 22:17:58,518 - camera_camera - DEBUG - Initializing USB camera
2025-07-17 22:18:00,535 - camera_camera - DEBUG - Resource usage - CPU: 11.6%, Memory: 80.0%
2025-07-17 22:18:00,554 - camera_camera - DEBUG - Initializing USB camera
2025-07-17 22:18:02,599 - camera_camera - DEBUG - Initializing USB camera
2025-07-17 22:18:07,852 - camera_camera - DEBUG - Performed garbage collection
2025-07-17 22:18:09,659 - camera_camera - DEBUG - Initializing USB camera
2025-07-17 22:18:11,531 - PendingVehiclesPanel - INFO - Refreshing pending vehicles list
2025-07-17 22:18:11,533 - DataManager - INFO - Successfully loaded 88 records from data\Tharuni_Associates_Chilakaluripeta_data.csv
2025-07-17 22:18:11,533 - PendingVehiclesPanel - INFO - Retrieved 88 total records
2025-07-17 22:18:11,574 - PendingVehiclesPanel - INFO - Found 0 unique pending vehicles, prevented 0 duplicates
2025-07-17 22:18:11,575 - PendingVehiclesPanel - INFO - Successfully refreshed pending list with 0 unique vehicles
2025-07-17 22:18:11,685 - camera_camera - DEBUG - Initializing USB camera
2025-07-17 22:18:13,746 - camera_camera - DEBUG - Initializing USB camera
2025-07-17 22:18:15,791 - camera_camera - DEBUG - Initializing USB camera
2025-07-17 22:18:17,835 - camera_camera - DEBUG - Initializing USB camera
2025-07-17 22:18:19,870 - camera_camera - DEBUG - Initializing USB camera
2025-07-17 22:18:26,924 - camera_camera - DEBUG - Initializing USB camera
2025-07-17 22:18:28,970 - camera_camera - DEBUG - Initializing USB camera
2025-07-17 22:18:30,851 - camera_camera - DEBUG - Resource usage - CPU: 9.7%, Memory: 80.2%
2025-07-17 22:18:31,006 - camera_camera - DEBUG - Initializing USB camera
2025-07-17 22:18:33,060 - camera_camera - DEBUG - Initializing USB camera
2025-07-17 22:18:35,086 - camera_camera - DEBUG - Initializing USB camera
2025-07-17 22:18:37,119 - camera_camera - DEBUG - Initializing USB camera
2025-07-17 22:18:44,157 - camera_camera - DEBUG - Initializing USB camera
2025-07-17 22:18:46,207 - camera_camera - DEBUG - Initializing USB camera
2025-07-17 22:18:48,239 - camera_camera - DEBUG - Initializing USB camera
2025-07-17 22:18:50,286 - camera_camera - DEBUG - Initializing USB camera
2025-07-17 22:18:52,334 - camera_camera - DEBUG - Initializing USB camera
2025-07-17 22:18:54,378 - camera_camera - DEBUG - Initializing USB camera
2025-07-17 22:19:00,119 - camera_camera - DEBUG - Resource usage - CPU: 10.2%, Memory: 80.0%
2025-07-17 22:19:01,423 - camera_camera - DEBUG - Initializing USB camera
2025-07-17 22:19:03,471 - camera_camera - DEBUG - Initializing USB camera
2025-07-17 22:19:05,533 - camera_camera - DEBUG - Initializing USB camera
2025-07-17 22:19:07,568 - camera_camera - DEBUG - Initializing USB camera
2025-07-17 22:19:07,916 - camera_camera - DEBUG - Performed garbage collection
2025-07-17 22:19:09,613 - camera_camera - DEBUG - Initializing USB camera
2025-07-17 22:19:11,593 - PendingVehiclesPanel - INFO - Refreshing pending vehicles list
2025-07-17 22:19:11,595 - DataManager - INFO - Successfully loaded 88 records from data\Tharuni_Associates_Chilakaluripeta_data.csv
2025-07-17 22:19:11,595 - PendingVehiclesPanel - INFO - Retrieved 88 total records
2025-07-17 22:19:11,633 - PendingVehiclesPanel - INFO - Found 0 unique pending vehicles, prevented 0 duplicates
2025-07-17 22:19:11,633 - PendingVehiclesPanel - INFO - Successfully refreshed pending list with 0 unique vehicles
2025-07-17 22:19:11,655 - camera_camera - DEBUG - Initializing USB camera
2025-07-17 22:19:18,701 - camera_camera - DEBUG - Initializing USB camera
2025-07-17 22:19:20,749 - camera_camera - DEBUG - Initializing USB camera
2025-07-17 22:19:22,783 - camera_camera - DEBUG - Initializing USB camera
2025-07-17 22:19:24,825 - camera_camera - DEBUG - Initializing USB camera
2025-07-17 22:19:26,856 - camera_camera - DEBUG - Initializing USB camera
2025-07-17 22:19:28,895 - camera_camera - DEBUG - Initializing USB camera
2025-07-17 22:19:30,418 - camera_camera - DEBUG - Resource usage - CPU: 11.0%, Memory: 80.6%
2025-07-17 22:19:35,950 - camera_camera - DEBUG - Initializing USB camera
2025-07-17 22:19:37,994 - camera_camera - DEBUG - Initializing USB camera
2025-07-17 22:19:40,029 - camera_camera - DEBUG - Initializing USB camera
2025-07-17 22:19:42,078 - camera_camera - DEBUG - Initializing USB camera
2025-07-17 22:19:44,123 - camera_camera - DEBUG - Initializing USB camera
2025-07-17 22:19:46,171 - camera_camera - DEBUG - Initializing USB camera
2025-07-17 22:19:53,215 - camera_camera - DEBUG - Initializing USB camera
2025-07-17 22:19:55,261 - camera_camera - DEBUG - Initializing USB camera
2025-07-17 22:19:57,312 - camera_camera - DEBUG - Initializing USB camera
2025-07-17 22:19:59,358 - camera_camera - DEBUG - Initializing USB camera
2025-07-17 22:20:00,787 - camera_camera - DEBUG - Resource usage - CPU: 11.2%, Memory: 80.9%
2025-07-17 22:20:01,406 - camera_camera - DEBUG - Initializing USB camera
2025-07-17 22:20:03,454 - camera_camera - DEBUG - Initializing USB camera
2025-07-17 22:20:07,950 - camera_camera - DEBUG - Performed garbage collection
2025-07-17 22:20:10,504 - camera_camera - DEBUG - Initializing USB camera
2025-07-17 22:20:11,646 - PendingVehiclesPanel - INFO - Refreshing pending vehicles list
2025-07-17 22:20:11,653 - DataManager - INFO - Successfully loaded 88 records from data\Tharuni_Associates_Chilakaluripeta_data.csv
2025-07-17 22:20:11,655 - PendingVehiclesPanel - INFO - Retrieved 88 total records
2025-07-17 22:20:11,706 - PendingVehiclesPanel - INFO - Found 0 unique pending vehicles, prevented 0 duplicates
2025-07-17 22:20:11,707 - PendingVehiclesPanel - INFO - Successfully refreshed pending list with 0 unique vehicles
2025-07-17 22:20:12,527 - camera_camera - DEBUG - Initializing USB camera
2025-07-17 22:20:14,573 - camera_camera - DEBUG - Initializing USB camera
2025-07-17 22:20:16,613 - camera_camera - DEBUG - Initializing USB camera
2025-07-17 22:20:18,656 - camera_camera - DEBUG - Initializing USB camera
2025-07-17 22:20:20,714 - camera_camera - DEBUG - Initializing USB camera
2025-07-17 22:20:27,758 - camera_camera - DEBUG - Initializing USB camera
2025-07-17 22:20:29,800 - camera_camera - DEBUG - Initializing USB camera
2025-07-17 22:20:30,027 - camera_camera - DEBUG - Resource usage - CPU: 28.0%, Memory: 78.4%
2025-07-17 22:20:31,834 - camera_camera - DEBUG - Initializing USB camera
2025-07-17 22:20:33,867 - camera_camera - DEBUG - Initializing USB camera
2025-07-17 22:20:35,915 - camera_camera - DEBUG - Initializing USB camera
2025-07-17 22:20:37,965 - camera_camera - DEBUG - Initializing USB camera
2025-07-17 22:20:45,006 - camera_camera - DEBUG - Initializing USB camera
2025-07-17 22:20:47,038 - camera_camera - DEBUG - Initializing USB camera
2025-07-17 22:20:49,087 - camera_camera - DEBUG - Initializing USB camera
2025-07-17 22:20:51,131 - camera_camera - DEBUG - Initializing USB camera
2025-07-17 22:20:53,165 - camera_camera - DEBUG - Initializing USB camera
2025-07-17 22:20:55,215 - camera_camera - DEBUG - Initializing USB camera
2025-07-17 22:21:00,294 - camera_camera - DEBUG - Resource usage - CPU: 9.9%, Memory: 78.4%
2025-07-17 22:21:02,255 - camera_camera - DEBUG - Initializing USB camera
2025-07-17 22:21:04,303 - camera_camera - DEBUG - Initializing USB camera
2025-07-17 22:21:06,357 - camera_camera - DEBUG - Initializing USB camera
2025-07-17 22:21:07,947 - camera_camera - DEBUG - Performed garbage collection
2025-07-17 22:21:08,397 - camera_camera - DEBUG - Initializing USB camera
2025-07-17 22:21:10,447 - camera_camera - DEBUG - Initializing USB camera
2025-07-17 22:21:11,710 - PendingVehiclesPanel - INFO - Refreshing pending vehicles list
2025-07-17 22:21:11,718 - DataManager - INFO - Successfully loaded 88 records from data\Tharuni_Associates_Chilakaluripeta_data.csv
2025-07-17 22:21:11,720 - PendingVehiclesPanel - INFO - Retrieved 88 total records
2025-07-17 22:21:11,770 - PendingVehiclesPanel - INFO - Found 0 unique pending vehicles, prevented 0 duplicates
2025-07-17 22:21:11,770 - PendingVehiclesPanel - INFO - Successfully refreshed pending list with 0 unique vehicles
2025-07-17 22:21:12,492 - camera_camera - DEBUG - Initializing USB camera
2025-07-17 22:21:19,558 - camera_camera - DEBUG - Initializing USB camera
2025-07-17 22:21:21,599 - camera_camera - DEBUG - Initializing USB camera
2025-07-17 22:21:23,646 - camera_camera - DEBUG - Initializing USB camera
2025-07-17 22:21:25,710 - camera_camera - DEBUG - Initializing USB camera
2025-07-17 22:21:27,757 - camera_camera - DEBUG - Initializing USB camera
2025-07-17 22:21:29,791 - camera_camera - DEBUG - Initializing USB camera
2025-07-17 22:21:30,614 - camera_camera - DEBUG - Resource usage - CPU: 12.0%, Memory: 78.3%
2025-07-17 22:21:36,846 - camera_camera - DEBUG - Initializing USB camera
2025-07-17 22:21:38,895 - camera_camera - DEBUG - Initializing USB camera
2025-07-17 22:21:40,943 - camera_camera - DEBUG - Initializing USB camera
2025-07-17 22:21:42,990 - camera_camera - DEBUG - Initializing USB camera
2025-07-17 22:21:45,040 - camera_camera - DEBUG - Initializing USB camera
2025-07-17 22:21:47,086 - camera_camera - DEBUG - Initializing USB camera
2025-07-17 22:21:54,125 - camera_camera - DEBUG - Initializing USB camera
2025-07-17 22:21:56,189 - camera_camera - DEBUG - Initializing USB camera
2025-07-17 22:21:58,220 - camera_camera - DEBUG - Initializing USB camera
2025-07-17 22:22:00,270 - camera_camera - DEBUG - Initializing USB camera
2025-07-17 22:22:00,883 - camera_camera - DEBUG - Resource usage - CPU: 11.0%, Memory: 78.3%
2025-07-17 22:22:02,318 - camera_camera - DEBUG - Initializing USB camera
2025-07-17 22:22:04,347 - camera_camera - DEBUG - Initializing USB camera
2025-07-17 22:22:07,981 - camera_camera - DEBUG - Performed garbage collection
2025-07-17 22:22:11,414 - camera_camera - DEBUG - Initializing USB camera
2025-07-17 22:22:11,773 - PendingVehiclesPanel - INFO - Refreshing pending vehicles list
2025-07-17 22:22:11,781 - DataManager - INFO - Successfully loaded 88 records from data\Tharuni_Associates_Chilakaluripeta_data.csv
2025-07-17 22:22:11,783 - PendingVehiclesPanel - INFO - Retrieved 88 total records
2025-07-17 22:22:11,834 - PendingVehiclesPanel - INFO - Found 0 unique pending vehicles, prevented 0 duplicates
2025-07-17 22:22:11,834 - PendingVehiclesPanel - INFO - Successfully refreshed pending list with 0 unique vehicles
2025-07-17 22:22:13,437 - camera_camera - DEBUG - Initializing USB camera
2025-07-17 22:22:15,484 - camera_camera - DEBUG - Initializing USB camera
2025-07-17 22:22:17,516 - camera_camera - DEBUG - Initializing USB camera
2025-07-17 22:22:19,562 - camera_camera - DEBUG - Initializing USB camera
2025-07-17 22:22:21,599 - camera_camera - DEBUG - Initializing USB camera
2025-07-17 22:22:28,655 - camera_camera - DEBUG - Initializing USB camera
2025-07-17 22:22:30,259 - camera_camera - DEBUG - Resource usage - CPU: 9.5%, Memory: 78.3%
2025-07-17 22:22:30,702 - camera_camera - DEBUG - Initializing USB camera
2025-07-17 22:22:32,755 - camera_camera - DEBUG - Initializing USB camera
2025-07-17 22:22:34,811 - camera_camera - DEBUG - Initializing USB camera
2025-07-17 22:22:36,864 - camera_camera - DEBUG - Initializing USB camera
2025-07-17 22:22:38,910 - camera_camera - DEBUG - Initializing USB camera
2025-07-17 22:22:45,965 - camera_camera - DEBUG - Initializing USB camera
2025-07-17 22:22:48,015 - camera_camera - DEBUG - Initializing USB camera
2025-07-17 22:22:50,062 - camera_camera - DEBUG - Initializing USB camera
2025-07-17 22:22:52,110 - camera_camera - DEBUG - Initializing USB camera
2025-07-17 22:22:54,141 - camera_camera - DEBUG - Initializing USB camera
2025-07-17 22:22:56,174 - camera_camera - DEBUG - Initializing USB camera
2025-07-17 22:23:00,531 - camera_camera - DEBUG - Resource usage - CPU: 9.8%, Memory: 78.2%
2025-07-17 22:23:03,260 - camera_camera - DEBUG - Initializing USB camera
2025-07-17 22:23:05,323 - camera_camera - DEBUG - Initializing USB camera
2025-07-17 22:23:07,354 - camera_camera - DEBUG - Initializing USB camera
2025-07-17 22:23:08,031 - camera_camera - DEBUG - Performed garbage collection
2025-07-17 22:23:09,390 - camera_camera - DEBUG - Initializing USB camera
2025-07-17 22:23:11,436 - camera_camera - DEBUG - Initializing USB camera
2025-07-17 22:23:11,839 - PendingVehiclesPanel - INFO - Refreshing pending vehicles list
2025-07-17 22:23:11,848 - DataManager - INFO - Successfully loaded 88 records from data\Tharuni_Associates_Chilakaluripeta_data.csv
2025-07-17 22:23:11,850 - PendingVehiclesPanel - INFO - Retrieved 88 total records
2025-07-17 22:23:11,903 - PendingVehiclesPanel - INFO - Found 0 unique pending vehicles, prevented 0 duplicates
2025-07-17 22:23:11,903 - PendingVehiclesPanel - INFO - Successfully refreshed pending list with 0 unique vehicles
2025-07-17 22:23:13,486 - camera_camera - DEBUG - Initializing USB camera
2025-07-17 22:23:20,558 - camera_camera - DEBUG - Initializing USB camera
2025-07-17 22:23:22,607 - camera_camera - DEBUG - Initializing USB camera
2025-07-17 22:23:24,655 - camera_camera - DEBUG - Initializing USB camera
2025-07-17 22:23:26,702 - camera_camera - DEBUG - Initializing USB camera
2025-07-17 22:23:28,735 - camera_camera - DEBUG - Initializing USB camera
2025-07-17 22:23:30,775 - camera_camera - DEBUG - Initializing USB camera
2025-07-17 22:23:30,803 - camera_camera - DEBUG - Resource usage - CPU: 11.6%, Memory: 78.3%
2025-07-17 22:23:37,823 - camera_camera - DEBUG - Initializing USB camera
2025-07-17 22:23:39,870 - camera_camera - DEBUG - Initializing USB camera
2025-07-17 22:23:41,911 - camera_camera - DEBUG - Initializing USB camera
2025-07-17 22:23:43,962 - camera_camera - DEBUG - Initializing USB camera
2025-07-17 22:23:45,993 - camera_camera - DEBUG - Initializing USB camera
2025-07-17 22:23:48,031 - camera_camera - DEBUG - Initializing USB camera
2025-07-17 22:23:55,082 - camera_camera - DEBUG - Initializing USB camera
2025-07-17 22:23:57,122 - camera_camera - DEBUG - Initializing USB camera
2025-07-17 22:23:59,162 - camera_camera - DEBUG - Initializing USB camera
2025-07-17 22:24:01,226 - camera_camera - DEBUG - Initializing USB camera
2025-07-17 22:24:03,270 - camera_camera - DEBUG - Initializing USB camera
2025-07-17 22:24:05,310 - camera_camera - DEBUG - Initializing USB camera
2025-07-17 22:24:08,059 - camera_camera - DEBUG - Performed garbage collection
2025-07-17 22:24:11,915 - PendingVehiclesPanel - INFO - Refreshing pending vehicles list
2025-07-17 22:24:11,917 - DataManager - INFO - Successfully loaded 88 records from data\Tharuni_Associates_Chilakaluripeta_data.csv
2025-07-17 22:24:11,918 - PendingVehiclesPanel - INFO - Retrieved 88 total records
2025-07-17 22:24:11,953 - PendingVehiclesPanel - INFO - Found 0 unique pending vehicles, prevented 0 duplicates
2025-07-17 22:24:11,953 - PendingVehiclesPanel - INFO - Successfully refreshed pending list with 0 unique vehicles
2025-07-17 22:24:12,351 - camera_camera - DEBUG - Initializing USB camera
2025-07-17 22:24:14,394 - camera_camera - DEBUG - Initializing USB camera
2025-07-17 22:24:16,431 - camera_camera - DEBUG - Initializing USB camera
2025-07-17 22:24:18,462 - camera_camera - DEBUG - Initializing USB camera
2025-07-17 22:24:20,501 - camera_camera - DEBUG - Initializing USB camera
2025-07-17 22:24:22,542 - camera_camera - DEBUG - Initializing USB camera
2025-07-17 22:24:29,596 - camera_camera - DEBUG - Initializing USB camera
2025-07-17 22:24:30,258 - camera_camera - DEBUG - Resource usage - CPU: 10.1%, Memory: 76.8%
2025-07-17 22:24:31,647 - camera_camera - DEBUG - Initializing USB camera
2025-07-17 22:24:33,694 - camera_camera - DEBUG - Initializing USB camera
2025-07-17 22:24:35,731 - camera_camera - DEBUG - Initializing USB camera
2025-07-17 22:24:37,790 - camera_camera - DEBUG - Initializing USB camera
2025-07-17 22:24:39,843 - camera_camera - DEBUG - Initializing USB camera
2025-07-17 22:24:46,892 - camera_camera - DEBUG - Initializing USB camera
2025-07-17 22:24:48,927 - camera_camera - DEBUG - Initializing USB camera
2025-07-17 22:24:50,967 - camera_camera - DEBUG - Initializing USB camera
2025-07-17 22:24:53,019 - camera_camera - DEBUG - Initializing USB camera
2025-07-17 22:24:55,056 - camera_camera - DEBUG - Initializing USB camera
2025-07-17 22:24:57,101 - camera_camera - DEBUG - Initializing USB camera
2025-07-17 22:25:00,579 - camera_camera - DEBUG - Resource usage - CPU: 10.2%, Memory: 76.9%
2025-07-17 22:25:04,155 - camera_camera - DEBUG - Initializing USB camera
2025-07-17 22:25:06,206 - camera_camera - DEBUG - Initializing USB camera
2025-07-17 22:25:08,092 - camera_camera - DEBUG - Performed garbage collection
2025-07-17 22:25:08,255 - camera_camera - DEBUG - Initializing USB camera
2025-07-17 22:25:10,302 - camera_camera - DEBUG - Initializing USB camera
2025-07-17 22:25:11,958 - PendingVehiclesPanel - INFO - Refreshing pending vehicles list
2025-07-17 22:25:11,965 - DataManager - INFO - Successfully loaded 88 records from data\Tharuni_Associates_Chilakaluripeta_data.csv
2025-07-17 22:25:11,967 - PendingVehiclesPanel - INFO - Retrieved 88 total records
2025-07-17 22:25:12,009 - PendingVehiclesPanel - INFO - Found 0 unique pending vehicles, prevented 0 duplicates
2025-07-17 22:25:12,010 - PendingVehiclesPanel - INFO - Successfully refreshed pending list with 0 unique vehicles
2025-07-17 22:25:12,351 - camera_camera - DEBUG - Initializing USB camera
2025-07-17 22:25:14,399 - camera_camera - DEBUG - Initializing USB camera
2025-07-17 22:25:21,455 - camera_camera - DEBUG - Initializing USB camera
2025-07-17 22:25:23,498 - camera_camera - DEBUG - Initializing USB camera
2025-07-17 22:25:25,534 - camera_camera - DEBUG - Initializing USB camera
2025-07-17 22:25:27,576 - camera_camera - DEBUG - Initializing USB camera
2025-07-17 22:25:29,614 - camera_camera - DEBUG - Initializing USB camera
2025-07-17 22:25:30,852 - camera_camera - DEBUG - Resource usage - CPU: 12.2%, Memory: 77.0%
2025-07-17 22:25:31,663 - camera_camera - DEBUG - Initializing USB camera
2025-07-17 22:25:38,717 - camera_camera - DEBUG - Initializing USB camera
2025-07-17 22:25:40,751 - camera_camera - DEBUG - Initializing USB camera
2025-07-17 22:25:42,831 - camera_camera - DEBUG - Initializing USB camera
2025-07-17 22:25:44,876 - camera_camera - DEBUG - Initializing USB camera
2025-07-17 22:25:46,926 - camera_camera - DEBUG - Initializing USB camera
2025-07-17 22:25:48,974 - camera_camera - DEBUG - Initializing USB camera
2025-07-17 22:25:56,042 - camera_camera - DEBUG - Initializing USB camera
2025-07-17 22:25:58,078 - camera_camera - DEBUG - Initializing USB camera
2025-07-17 22:26:00,124 - camera_camera - DEBUG - Initializing USB camera
2025-07-17 22:26:00,198 - camera_camera - DEBUG - Resource usage - CPU: 10.2%, Memory: 76.8%
2025-07-17 22:26:02,173 - camera_camera - DEBUG - Initializing USB camera
2025-07-17 22:26:04,230 - camera_camera - DEBUG - Initializing USB camera
2025-07-17 22:26:06,271 - camera_camera - DEBUG - Initializing USB camera
2025-07-17 22:26:08,153 - camera_camera - DEBUG - Performed garbage collection
2025-07-17 22:26:12,010 - PendingVehiclesPanel - INFO - Refreshing pending vehicles list
2025-07-17 22:26:12,013 - DataManager - INFO - Successfully loaded 88 records from data\Tharuni_Associates_Chilakaluripeta_data.csv
2025-07-17 22:26:12,014 - PendingVehiclesPanel - INFO - Retrieved 88 total records
2025-07-17 22:26:12,060 - PendingVehiclesPanel - INFO - Found 0 unique pending vehicles, prevented 0 duplicates
2025-07-17 22:26:12,060 - PendingVehiclesPanel - INFO - Successfully refreshed pending list with 0 unique vehicles
2025-07-17 22:26:13,325 - camera_camera - DEBUG - Initializing USB camera
2025-07-17 22:26:15,390 - camera_camera - DEBUG - Initializing USB camera
2025-07-17 22:26:17,439 - camera_camera - DEBUG - Initializing USB camera
2025-07-17 22:26:19,486 - camera_camera - DEBUG - Initializing USB camera
2025-07-17 22:26:21,534 - camera_camera - DEBUG - Initializing USB camera
2025-07-17 22:26:23,596 - camera_camera - DEBUG - Initializing USB camera
2025-07-17 22:26:30,467 - camera_camera - DEBUG - Resource usage - CPU: 9.8%, Memory: 76.8%
2025-07-17 22:26:30,652 - camera_camera - DEBUG - Initializing USB camera
2025-07-17 22:26:32,702 - camera_camera - DEBUG - Initializing USB camera
2025-07-17 22:26:34,751 - camera_camera - DEBUG - Initializing USB camera
2025-07-17 22:26:36,793 - camera_camera - DEBUG - Initializing USB camera
2025-07-17 22:26:38,829 - camera_camera - DEBUG - Initializing USB camera
2025-07-17 22:26:40,879 - camera_camera - DEBUG - Initializing USB camera
2025-07-17 22:26:47,950 - camera_camera - DEBUG - Initializing USB camera
2025-07-17 22:26:49,982 - camera_camera - DEBUG - Initializing USB camera
2025-07-17 22:26:52,030 - camera_camera - DEBUG - Initializing USB camera
2025-07-17 22:26:54,093 - camera_camera - DEBUG - Initializing USB camera
2025-07-17 22:26:56,140 - camera_camera - DEBUG - Initializing USB camera
2025-07-17 22:26:58,177 - camera_camera - DEBUG - Initializing USB camera
2025-07-17 22:27:00,652 - camera_camera - DEBUG - Resource usage - CPU: 9.2%, Memory: 77.0%
2025-07-17 22:27:05,218 - camera_camera - DEBUG - Initializing USB camera
2025-07-17 22:27:07,261 - camera_camera - DEBUG - Initializing USB camera
2025-07-17 22:27:08,156 - camera_camera - DEBUG - Performed garbage collection
2025-07-17 22:27:09,295 - camera_camera - DEBUG - Initializing USB camera
2025-07-17 22:27:11,339 - camera_camera - DEBUG - Initializing USB camera
2025-07-17 22:27:12,063 - PendingVehiclesPanel - INFO - Refreshing pending vehicles list
2025-07-17 22:27:12,070 - DataManager - INFO - Successfully loaded 88 records from data\Tharuni_Associates_Chilakaluripeta_data.csv
2025-07-17 22:27:12,071 - PendingVehiclesPanel - INFO - Retrieved 88 total records
2025-07-17 22:27:12,115 - PendingVehiclesPanel - INFO - Found 0 unique pending vehicles, prevented 0 duplicates
2025-07-17 22:27:12,116 - PendingVehiclesPanel - INFO - Successfully refreshed pending list with 0 unique vehicles
2025-07-17 22:27:13,370 - camera_camera - DEBUG - Initializing USB camera
2025-07-17 22:27:15,406 - camera_camera - DEBUG - Initializing USB camera
2025-07-17 22:27:22,462 - camera_camera - DEBUG - Initializing USB camera
2025-07-17 22:27:24,510 - camera_camera - DEBUG - Initializing USB camera
2025-07-17 22:27:26,557 - camera_camera - DEBUG - Initializing USB camera
2025-07-17 22:27:28,602 - camera_camera - DEBUG - Initializing USB camera
2025-07-17 22:27:30,655 - camera_camera - DEBUG - Initializing USB camera
2025-07-17 22:27:30,922 - camera_camera - DEBUG - Resource usage - CPU: 11.5%, Memory: 76.3%
2025-07-17 22:27:32,703 - camera_camera - DEBUG - Initializing USB camera
2025-07-17 22:27:39,758 - camera_camera - DEBUG - Initializing USB camera
2025-07-17 22:27:41,806 - camera_camera - DEBUG - Initializing USB camera
2025-07-17 22:27:43,852 - camera_camera - DEBUG - Initializing USB camera
2025-07-17 22:27:45,890 - camera_camera - DEBUG - Initializing USB camera
2025-07-17 22:27:47,931 - camera_camera - DEBUG - Initializing USB camera
2025-07-17 22:27:49,965 - camera_camera - DEBUG - Initializing USB camera
2025-07-17 22:27:57,014 - camera_camera - DEBUG - Initializing USB camera
2025-07-17 22:27:59,053 - camera_camera - DEBUG - Initializing USB camera
2025-07-17 22:28:00,206 - camera_camera - DEBUG - Resource usage - CPU: 10.8%, Memory: 76.1%
2025-07-17 22:28:01,087 - camera_camera - DEBUG - Initializing USB camera
2025-07-17 22:28:03,138 - camera_camera - DEBUG - Initializing USB camera
2025-07-17 22:28:05,180 - camera_camera - DEBUG - Initializing USB camera
2025-07-17 22:28:07,217 - camera_camera - DEBUG - Initializing USB camera
2025-07-17 22:28:08,155 - camera_camera - DEBUG - Performed garbage collection
2025-07-17 22:28:12,117 - PendingVehiclesPanel - INFO - Refreshing pending vehicles list
2025-07-17 22:28:12,123 - DataManager - INFO - Successfully loaded 88 records from data\Tharuni_Associates_Chilakaluripeta_data.csv
2025-07-17 22:28:12,124 - PendingVehiclesPanel - INFO - Retrieved 88 total records
2025-07-17 22:28:12,162 - PendingVehiclesPanel - INFO - Found 0 unique pending vehicles, prevented 0 duplicates
2025-07-17 22:28:12,162 - PendingVehiclesPanel - INFO - Successfully refreshed pending list with 0 unique vehicles
2025-07-17 22:28:14,254 - camera_camera - DEBUG - Initializing USB camera
2025-07-17 22:28:16,290 - camera_camera - DEBUG - Initializing USB camera
2025-07-17 22:28:18,331 - camera_camera - DEBUG - Initializing USB camera
2025-07-17 22:28:20,362 - camera_camera - DEBUG - Initializing USB camera
2025-07-17 22:28:22,397 - camera_camera - DEBUG - Initializing USB camera
2025-07-17 22:28:24,450 - camera_camera - DEBUG - Initializing USB camera
2025-07-17 22:28:30,366 - camera_camera - DEBUG - Resource usage - CPU: 8.0%, Memory: 76.9%
2025-07-17 22:28:31,500 - camera_camera - DEBUG - Initializing USB camera
2025-07-17 22:28:33,535 - camera_camera - DEBUG - Initializing USB camera
2025-07-17 22:28:35,574 - camera_camera - DEBUG - Initializing USB camera
2025-07-17 22:28:37,618 - camera_camera - DEBUG - Initializing USB camera
2025-07-17 22:28:39,668 - camera_camera - DEBUG - Initializing USB camera
2025-07-17 22:28:41,698 - camera_camera - DEBUG - Initializing USB camera
2025-07-17 22:28:48,753 - camera_camera - DEBUG - Initializing USB camera
2025-07-17 22:28:50,782 - camera_camera - DEBUG - Initializing USB camera
2025-07-17 22:28:52,826 - camera_camera - DEBUG - Initializing USB camera
2025-07-17 22:28:54,850 - camera_camera - DEBUG - Initializing USB camera
2025-07-17 22:28:56,919 - camera_camera - DEBUG - Initializing USB camera
2025-07-17 22:28:58,962 - camera_camera - DEBUG - Initializing USB camera
2025-07-17 22:29:00,508 - camera_camera - DEBUG - Resource usage - CPU: 11.4%, Memory: 76.2%
2025-07-17 22:29:06,017 - camera_camera - DEBUG - Initializing USB camera
2025-07-17 22:29:08,051 - camera_camera - DEBUG - Initializing USB camera
2025-07-17 22:29:08,262 - camera_camera - DEBUG - Performed garbage collection
2025-07-17 22:29:10,089 - camera_camera - DEBUG - Initializing USB camera
2025-07-17 22:29:12,124 - camera_camera - DEBUG - Initializing USB camera
2025-07-17 22:29:12,174 - PendingVehiclesPanel - INFO - Refreshing pending vehicles list
2025-07-17 22:29:12,176 - DataManager - INFO - Successfully loaded 88 records from data\Tharuni_Associates_Chilakaluripeta_data.csv
2025-07-17 22:29:12,176 - PendingVehiclesPanel - INFO - Retrieved 88 total records
2025-07-17 22:29:12,211 - PendingVehiclesPanel - INFO - Found 0 unique pending vehicles, prevented 0 duplicates
2025-07-17 22:29:12,211 - PendingVehiclesPanel - INFO - Successfully refreshed pending list with 0 unique vehicles
2025-07-17 22:29:14,155 - camera_camera - DEBUG - Initializing USB camera
2025-07-17 22:29:16,189 - camera_camera - DEBUG - Initializing USB camera
2025-07-17 22:29:23,231 - camera_camera - DEBUG - Initializing USB camera
2025-07-17 22:29:25,269 - camera_camera - DEBUG - Initializing USB camera
2025-07-17 22:29:27,293 - camera_camera - DEBUG - Initializing USB camera
2025-07-17 22:29:29,341 - camera_camera - DEBUG - Initializing USB camera
2025-07-17 22:29:30,827 - camera_camera - DEBUG - Resource usage - CPU: 12.5%, Memory: 77.1%
2025-07-17 22:29:31,390 - camera_camera - DEBUG - Initializing USB camera
2025-07-17 22:29:33,436 - camera_camera - DEBUG - Initializing USB camera
2025-07-17 22:29:40,483 - camera_camera - DEBUG - Initializing USB camera
2025-07-17 22:29:42,523 - camera_camera - DEBUG - Initializing USB camera
2025-07-17 22:29:44,559 - camera_camera - DEBUG - Initializing USB camera
2025-07-17 22:29:46,615 - camera_camera - DEBUG - Initializing USB camera
2025-07-17 22:29:48,665 - camera_camera - DEBUG - Initializing USB camera
2025-07-17 22:29:50,698 - camera_camera - DEBUG - Initializing USB camera
2025-07-17 22:29:57,742 - camera_camera - DEBUG - Initializing USB camera
2025-07-17 22:29:59,787 - camera_camera - DEBUG - Initializing USB camera
2025-07-17 22:30:01,822 - camera_camera - DEBUG - Initializing USB camera
2025-07-17 22:30:03,854 - camera_camera - DEBUG - Initializing USB camera
2025-07-17 22:30:05,907 - camera_camera - DEBUG - Initializing USB camera
2025-07-17 22:30:07,961 - camera_camera - DEBUG - Initializing USB camera
2025-07-17 22:30:08,279 - camera_camera - DEBUG - Performed garbage collection
2025-07-17 22:30:12,221 - PendingVehiclesPanel - INFO - Refreshing pending vehicles list
2025-07-17 22:30:12,229 - DataManager - INFO - Successfully loaded 88 records from data\Tharuni_Associates_Chilakaluripeta_data.csv
2025-07-17 22:30:12,230 - PendingVehiclesPanel - INFO - Retrieved 88 total records
2025-07-17 22:30:12,282 - PendingVehiclesPanel - INFO - Found 0 unique pending vehicles, prevented 0 duplicates
2025-07-17 22:30:12,282 - PendingVehiclesPanel - INFO - Successfully refreshed pending list with 0 unique vehicles
2025-07-17 22:30:15,022 - camera_camera - DEBUG - Initializing USB camera
2025-07-17 22:30:17,053 - camera_camera - DEBUG - Initializing USB camera
2025-07-17 22:30:19,102 - camera_camera - DEBUG - Initializing USB camera
2025-07-17 22:30:21,147 - camera_camera - DEBUG - Initializing USB camera
2025-07-17 22:30:23,181 - camera_camera - DEBUG - Initializing USB camera
2025-07-17 22:30:25,230 - camera_camera - DEBUG - Initializing USB camera
2025-07-17 22:30:30,245 - camera_camera - DEBUG - Resource usage - CPU: 11.2%, Memory: 76.4%
2025-07-17 22:30:32,269 - camera_camera - DEBUG - Initializing USB camera
2025-07-17 22:30:34,320 - camera_camera - DEBUG - Initializing USB camera
2025-07-17 22:30:36,361 - camera_camera - DEBUG - Initializing USB camera
2025-07-17 22:30:38,398 - camera_camera - DEBUG - Initializing USB camera
2025-07-17 22:30:40,438 - camera_camera - DEBUG - Initializing USB camera
2025-07-17 22:30:42,486 - camera_camera - DEBUG - Initializing USB camera
2025-07-17 22:30:49,540 - camera_camera - DEBUG - Initializing USB camera
2025-07-17 22:30:51,583 - camera_camera - DEBUG - Initializing USB camera
2025-07-17 22:30:53,631 - camera_camera - DEBUG - Initializing USB camera
2025-07-17 22:30:55,678 - camera_camera - DEBUG - Initializing USB camera
2025-07-17 22:30:57,726 - camera_camera - DEBUG - Initializing USB camera
2025-07-17 22:30:59,774 - camera_camera - DEBUG - Initializing USB camera
2025-07-17 22:31:00,465 - camera_camera - DEBUG - Resource usage - CPU: 11.0%, Memory: 76.1%
2025-07-17 22:31:06,847 - camera_camera - DEBUG - Initializing USB camera
2025-07-17 22:31:08,322 - camera_camera - DEBUG - Performed garbage collection
2025-07-17 22:31:08,895 - camera_camera - DEBUG - Initializing USB camera
2025-07-17 22:31:10,941 - camera_camera - DEBUG - Initializing USB camera
2025-07-17 22:31:12,302 - PendingVehiclesPanel - INFO - Refreshing pending vehicles list
2025-07-17 22:31:12,310 - DataManager - INFO - Successfully loaded 88 records from data\Tharuni_Associates_Chilakaluripeta_data.csv
2025-07-17 22:31:12,311 - PendingVehiclesPanel - INFO - Retrieved 88 total records
2025-07-17 22:31:12,364 - PendingVehiclesPanel - INFO - Found 0 unique pending vehicles, prevented 0 duplicates
2025-07-17 22:31:12,365 - PendingVehiclesPanel - INFO - Successfully refreshed pending list with 0 unique vehicles
2025-07-17 22:31:13,006 - camera_camera - DEBUG - Initializing USB camera
2025-07-17 22:31:15,037 - camera_camera - DEBUG - Initializing USB camera
2025-07-17 22:31:17,088 - camera_camera - DEBUG - Initializing USB camera
2025-07-17 22:31:24,143 - camera_camera - DEBUG - Initializing USB camera
2025-07-17 22:31:26,189 - camera_camera - DEBUG - Initializing USB camera
2025-07-17 22:31:28,228 - camera_camera - DEBUG - Initializing USB camera
2025-07-17 22:31:30,256 - camera_camera - DEBUG - Initializing USB camera
2025-07-17 22:31:30,756 - camera_camera - DEBUG - Resource usage - CPU: 10.8%, Memory: 76.3%
2025-07-17 22:31:32,302 - camera_camera - DEBUG - Initializing USB camera
2025-07-17 22:31:34,354 - camera_camera - DEBUG - Initializing USB camera
2025-07-17 22:31:41,391 - camera_camera - DEBUG - Initializing USB camera
2025-07-17 22:31:43,434 - camera_camera - DEBUG - Initializing USB camera
2025-07-17 22:31:45,469 - camera_camera - DEBUG - Initializing USB camera
2025-07-17 22:31:47,518 - camera_camera - DEBUG - Initializing USB camera
2025-07-17 22:31:49,564 - camera_camera - DEBUG - Initializing USB camera
2025-07-17 22:31:51,598 - camera_camera - DEBUG - Initializing USB camera
2025-07-17 22:31:58,655 - camera_camera - DEBUG - Initializing USB camera
2025-07-17 22:32:00,077 - camera_camera - DEBUG - Resource usage - CPU: 10.2%, Memory: 77.1%
2025-07-17 22:32:00,703 - camera_camera - DEBUG - Initializing USB camera
2025-07-17 22:32:02,748 - camera_camera - DEBUG - Initializing USB camera
2025-07-17 22:32:04,778 - camera_camera - DEBUG - Initializing USB camera
2025-07-17 22:32:06,815 - camera_camera - DEBUG - Initializing USB camera
2025-07-17 22:32:08,329 - camera_camera - DEBUG - Performed garbage collection
2025-07-17 22:32:08,846 - camera_camera - DEBUG - Initializing USB camera
2025-07-17 22:32:12,377 - PendingVehiclesPanel - INFO - Refreshing pending vehicles list
2025-07-17 22:32:12,379 - DataManager - INFO - Successfully loaded 88 records from data\Tharuni_Associates_Chilakaluripeta_data.csv
2025-07-17 22:32:12,380 - PendingVehiclesPanel - INFO - Retrieved 88 total records
2025-07-17 22:32:12,417 - PendingVehiclesPanel - INFO - Found 0 unique pending vehicles, prevented 0 duplicates
2025-07-17 22:32:12,417 - PendingVehiclesPanel - INFO - Successfully refreshed pending list with 0 unique vehicles
2025-07-17 22:32:15,883 - camera_camera - DEBUG - Initializing USB camera
2025-07-17 22:32:17,934 - camera_camera - DEBUG - Initializing USB camera
2025-07-17 22:32:19,993 - camera_camera - DEBUG - Initializing USB camera
2025-07-17 22:32:22,027 - camera_camera - DEBUG - Initializing USB camera
2025-07-17 22:32:24,063 - camera_camera - DEBUG - Initializing USB camera
2025-07-17 22:32:26,111 - camera_camera - DEBUG - Initializing USB camera
2025-07-17 22:32:30,309 - camera_camera - DEBUG - Resource usage - CPU: 9.6%, Memory: 76.5%
2025-07-17 22:32:33,166 - camera_camera - DEBUG - Initializing USB camera
2025-07-17 22:32:35,201 - camera_camera - DEBUG - Initializing USB camera
2025-07-17 22:32:37,243 - camera_camera - DEBUG - Initializing USB camera
2025-07-17 22:32:39,308 - camera_camera - DEBUG - Initializing USB camera
2025-07-17 22:32:41,351 - camera_camera - DEBUG - Initializing USB camera
2025-07-17 22:32:43,393 - camera_camera - DEBUG - Initializing USB camera
2025-07-17 22:32:50,435 - camera_camera - DEBUG - Initializing USB camera
2025-07-17 22:32:52,484 - camera_camera - DEBUG - Initializing USB camera
2025-07-17 22:32:54,513 - camera_camera - DEBUG - Initializing USB camera
2025-07-17 22:32:56,560 - camera_camera - DEBUG - Initializing USB camera
2025-07-17 22:32:58,597 - camera_camera - DEBUG - Initializing USB camera
2025-07-17 22:33:00,602 - camera_camera - DEBUG - Resource usage - CPU: 9.4%, Memory: 76.4%
2025-07-17 22:33:00,642 - camera_camera - DEBUG - Initializing USB camera
2025-07-17 22:33:07,676 - camera_camera - DEBUG - Initializing USB camera
2025-07-17 22:33:08,346 - camera_camera - DEBUG - Performed garbage collection
2025-07-17 22:33:09,708 - camera_camera - DEBUG - Initializing USB camera
2025-07-17 22:33:11,745 - camera_camera - DEBUG - Initializing USB camera
2025-07-17 22:33:12,422 - PendingVehiclesPanel - INFO - Refreshing pending vehicles list
2025-07-17 22:33:12,428 - DataManager - INFO - Successfully loaded 88 records from data\Tharuni_Associates_Chilakaluripeta_data.csv
2025-07-17 22:33:12,428 - PendingVehiclesPanel - INFO - Retrieved 88 total records
2025-07-17 22:33:12,465 - PendingVehiclesPanel - INFO - Found 0 unique pending vehicles, prevented 0 duplicates
2025-07-17 22:33:12,465 - PendingVehiclesPanel - INFO - Successfully refreshed pending list with 0 unique vehicles
2025-07-17 22:33:13,795 - camera_camera - DEBUG - Initializing USB camera
2025-07-17 22:33:15,842 - camera_camera - DEBUG - Initializing USB camera
2025-07-17 22:33:17,874 - camera_camera - DEBUG - Initializing USB camera
2025-07-17 22:33:24,941 - camera_camera - DEBUG - Initializing USB camera
2025-07-17 22:33:26,992 - camera_camera - DEBUG - Initializing USB camera
2025-07-17 22:33:29,035 - camera_camera - DEBUG - Initializing USB camera
2025-07-17 22:33:30,670 - camera_camera - DEBUG - Resource usage - CPU: 17.6%, Memory: 76.8%
2025-07-17 22:33:31,066 - camera_camera - DEBUG - Initializing USB camera
2025-07-17 22:33:33,096 - camera_camera - DEBUG - Initializing USB camera
2025-07-17 22:33:35,131 - camera_camera - DEBUG - Initializing USB camera
2025-07-17 22:33:42,174 - camera_camera - DEBUG - Initializing USB camera
2025-07-17 22:33:44,207 - camera_camera - DEBUG - Initializing USB camera
2025-07-17 22:33:46,252 - camera_camera - DEBUG - Initializing USB camera
2025-07-17 22:33:48,288 - camera_camera - DEBUG - Initializing USB camera
2025-07-17 22:33:50,315 - camera_camera - DEBUG - Initializing USB camera
2025-07-17 22:33:52,348 - camera_camera - DEBUG - Initializing USB camera
2025-07-17 22:33:59,380 - camera_camera - DEBUG - Initializing USB camera
2025-07-17 22:34:00,878 - camera_camera - DEBUG - Resource usage - CPU: 13.5%, Memory: 76.7%
2025-07-17 22:34:01,420 - camera_camera - DEBUG - Initializing USB camera
2025-07-17 22:34:03,491 - camera_camera - DEBUG - Initializing USB camera
2025-07-17 22:34:05,577 - camera_camera - DEBUG - Initializing USB camera
2025-07-17 22:34:07,644 - camera_camera - DEBUG - Initializing USB camera
2025-07-17 22:34:08,385 - camera_camera - DEBUG - Performed garbage collection
2025-07-17 22:34:09,717 - camera_camera - DEBUG - Initializing USB camera
2025-07-17 22:34:12,473 - PendingVehiclesPanel - INFO - Refreshing pending vehicles list
2025-07-17 22:34:12,480 - DataManager - INFO - Successfully loaded 88 records from data\Tharuni_Associates_Chilakaluripeta_data.csv
2025-07-17 22:34:12,482 - PendingVehiclesPanel - INFO - Retrieved 88 total records
2025-07-17 22:34:12,548 - PendingVehiclesPanel - INFO - Found 0 unique pending vehicles, prevented 0 duplicates
2025-07-17 22:34:12,549 - PendingVehiclesPanel - INFO - Successfully refreshed pending list with 0 unique vehicles
2025-07-17 22:34:16,799 - camera_camera - DEBUG - Initializing USB camera
2025-07-17 22:34:18,830 - camera_camera - DEBUG - Initializing USB camera
2025-07-17 22:34:20,860 - camera_camera - DEBUG - Initializing USB camera
2025-07-17 22:34:22,915 - camera_camera - DEBUG - Initializing USB camera
2025-07-17 22:34:24,977 - camera_camera - DEBUG - Initializing USB camera
2025-07-17 22:34:27,024 - camera_camera - DEBUG - Initializing USB camera
2025-07-17 22:34:30,101 - camera_camera - DEBUG - Resource usage - CPU: 11.5%, Memory: 77.1%
2025-07-17 22:34:34,053 - camera_camera - DEBUG - Initializing USB camera
2025-07-17 22:34:36,099 - camera_camera - DEBUG - Initializing USB camera
2025-07-17 22:34:38,128 - camera_camera - DEBUG - Initializing USB camera
2025-07-17 22:34:40,184 - camera_camera - DEBUG - Initializing USB camera
2025-07-17 22:34:42,221 - camera_camera - DEBUG - Initializing USB camera
2025-07-17 22:34:44,258 - camera_camera - DEBUG - Initializing USB camera
2025-07-17 22:34:51,314 - camera_camera - DEBUG - Initializing USB camera
2025-07-17 22:34:53,345 - camera_camera - DEBUG - Initializing USB camera
2025-07-17 22:34:55,372 - camera_camera - DEBUG - Initializing USB camera
2025-07-17 22:34:57,411 - camera_camera - DEBUG - Initializing USB camera
2025-07-17 22:34:59,452 - camera_camera - DEBUG - Initializing USB camera
2025-07-17 22:35:00,294 - camera_camera - DEBUG - Resource usage - CPU: 8.7%, Memory: 78.0%
2025-07-17 22:35:01,494 - camera_camera - DEBUG - Initializing USB camera
2025-07-17 22:35:08,396 - camera_camera - DEBUG - Performed garbage collection
2025-07-17 22:35:08,540 - camera_camera - DEBUG - Initializing USB camera
2025-07-17 22:35:10,562 - camera_camera - DEBUG - Initializing USB camera
2025-07-17 22:35:12,550 - PendingVehiclesPanel - INFO - Refreshing pending vehicles list
2025-07-17 22:35:12,559 - DataManager - INFO - Successfully loaded 88 records from data\Tharuni_Associates_Chilakaluripeta_data.csv
2025-07-17 22:35:12,562 - PendingVehiclesPanel - INFO - Retrieved 88 total records
2025-07-17 22:35:12,608 - camera_camera - DEBUG - Initializing USB camera
2025-07-17 22:35:12,611 - PendingVehiclesPanel - INFO - Found 0 unique pending vehicles, prevented 0 duplicates
2025-07-17 22:35:12,612 - PendingVehiclesPanel - INFO - Successfully refreshed pending list with 0 unique vehicles
2025-07-17 22:35:14,633 - camera_camera - DEBUG - Initializing USB camera
2025-07-17 22:35:16,657 - camera_camera - DEBUG - Initializing USB camera
2025-07-17 22:35:18,683 - camera_camera - DEBUG - Initializing USB camera
2025-07-17 22:35:25,749 - camera_camera - DEBUG - Initializing USB camera
2025-07-17 22:35:27,805 - camera_camera - DEBUG - Initializing USB camera
2025-07-17 22:35:29,830 - camera_camera - DEBUG - Initializing USB camera
2025-07-17 22:35:30,368 - camera_camera - DEBUG - Resource usage - CPU: 9.4%, Memory: 77.8%
2025-07-17 22:35:31,884 - camera_camera - DEBUG - Initializing USB camera
2025-07-17 22:35:33,922 - camera_camera - DEBUG - Initializing USB camera
2025-07-17 22:35:35,974 - camera_camera - DEBUG - Initializing USB camera
2025-07-17 22:35:43,007 - camera_camera - DEBUG - Initializing USB camera
2025-07-17 22:35:45,032 - camera_camera - DEBUG - Initializing USB camera
2025-07-17 22:35:47,059 - camera_camera - DEBUG - Initializing USB camera
2025-07-17 22:35:49,103 - camera_camera - DEBUG - Initializing USB camera
2025-07-17 22:35:51,134 - camera_camera - DEBUG - Initializing USB camera
2025-07-17 22:35:53,161 - camera_camera - DEBUG - Initializing USB camera
2025-07-17 22:36:00,191 - camera_camera - DEBUG - Initializing USB camera
2025-07-17 22:36:00,452 - camera_camera - DEBUG - Resource usage - CPU: 10.2%, Memory: 77.6%
2025-07-17 22:36:02,232 - camera_camera - DEBUG - Initializing USB camera
2025-07-17 22:36:04,272 - camera_camera - DEBUG - Initializing USB camera
2025-07-17 22:36:06,301 - camera_camera - DEBUG - Initializing USB camera
2025-07-17 22:36:08,346 - camera_camera - DEBUG - Initializing USB camera
2025-07-17 22:36:08,471 - camera_camera - DEBUG - Performed garbage collection
2025-07-17 22:36:10,383 - camera_camera - DEBUG - Initializing USB camera
2025-07-17 22:36:12,619 - PendingVehiclesPanel - INFO - Refreshing pending vehicles list
2025-07-17 22:36:12,621 - DataManager - INFO - Successfully loaded 88 records from data\Tharuni_Associates_Chilakaluripeta_data.csv
2025-07-17 22:36:12,622 - PendingVehiclesPanel - INFO - Retrieved 88 total records
2025-07-17 22:36:12,664 - PendingVehiclesPanel - INFO - Found 0 unique pending vehicles, prevented 0 duplicates
2025-07-17 22:36:12,664 - PendingVehiclesPanel - INFO - Successfully refreshed pending list with 0 unique vehicles
2025-07-17 22:36:17,436 - camera_camera - DEBUG - Initializing USB camera
2025-07-17 22:36:19,472 - camera_camera - DEBUG - Initializing USB camera
2025-07-17 22:36:21,519 - camera_camera - DEBUG - Initializing USB camera
2025-07-17 22:36:23,549 - camera_camera - DEBUG - Initializing USB camera
2025-07-17 22:36:25,582 - camera_camera - DEBUG - Initializing USB camera
2025-07-17 22:36:27,618 - camera_camera - DEBUG - Initializing USB camera
2025-07-17 22:36:30,705 - camera_camera - DEBUG - Resource usage - CPU: 7.4%, Memory: 77.5%
2025-07-17 22:36:34,658 - camera_camera - DEBUG - Initializing USB camera
2025-07-17 22:36:36,689 - camera_camera - DEBUG - Initializing USB camera
2025-07-17 22:36:38,737 - camera_camera - DEBUG - Initializing USB camera
2025-07-17 22:36:40,785 - camera_camera - DEBUG - Initializing USB camera
2025-07-17 22:36:42,833 - camera_camera - DEBUG - Initializing USB camera
2025-07-17 22:36:44,877 - camera_camera - DEBUG - Initializing USB camera
2025-07-17 22:36:51,921 - camera_camera - DEBUG - Initializing USB camera
2025-07-17 22:36:53,977 - camera_camera - DEBUG - Initializing USB camera
2025-07-17 22:36:56,016 - camera_camera - DEBUG - Initializing USB camera
2025-07-17 22:36:58,055 - camera_camera - DEBUG - Initializing USB camera
2025-07-17 22:37:00,020 - camera_camera - DEBUG - Resource usage - CPU: 9.9%, Memory: 77.4%
2025-07-17 22:37:00,080 - camera_camera - DEBUG - Initializing USB camera
2025-07-17 22:37:00,867 - camera_camera - DEBUG - Resource usage - CPU: 10.8%, Memory: 77.3%
2025-07-17 22:37:02,111 - camera_camera - DEBUG - Initializing USB camera
2025-07-17 22:37:08,432 - camera_camera - DEBUG - Performed garbage collection
2025-07-17 22:37:09,138 - camera_camera - DEBUG - Initializing USB camera
2025-07-17 22:37:11,182 - camera_camera - DEBUG - Initializing USB camera
2025-07-17 22:37:12,685 - PendingVehiclesPanel - INFO - Refreshing pending vehicles list
2025-07-17 22:37:12,693 - DataManager - INFO - Successfully loaded 88 records from data\Tharuni_Associates_Chilakaluripeta_data.csv
2025-07-17 22:37:12,695 - PendingVehiclesPanel - INFO - Retrieved 88 total records
2025-07-17 22:37:12,745 - PendingVehiclesPanel - INFO - Found 0 unique pending vehicles, prevented 0 duplicates
2025-07-17 22:37:12,746 - PendingVehiclesPanel - INFO - Successfully refreshed pending list with 0 unique vehicles
2025-07-17 22:37:13,217 - camera_camera - DEBUG - Initializing USB camera
2025-07-17 22:37:15,249 - camera_camera - DEBUG - Initializing USB camera
2025-07-17 22:37:17,293 - camera_camera - DEBUG - Initializing USB camera
2025-07-17 22:37:19,342 - camera_camera - DEBUG - Initializing USB camera
2025-07-17 22:37:26,397 - camera_camera - DEBUG - Initializing USB camera
2025-07-17 22:37:28,427 - camera_camera - DEBUG - Initializing USB camera
2025-07-17 22:37:30,148 - camera_camera - DEBUG - Resource usage - CPU: 10.8%, Memory: 77.6%
2025-07-17 22:37:30,476 - camera_camera - DEBUG - Initializing USB camera
2025-07-17 22:37:30,953 - camera_camera - DEBUG - Resource usage - CPU: 11.7%, Memory: 77.7%
2025-07-17 22:37:32,508 - camera_camera - DEBUG - Initializing USB camera
2025-07-17 22:37:34,544 - camera_camera - DEBUG - Initializing USB camera
2025-07-17 22:37:36,586 - camera_camera - DEBUG - Initializing USB camera
2025-07-17 22:37:43,634 - camera_camera - DEBUG - Initializing USB camera
2025-07-17 22:37:45,699 - camera_camera - DEBUG - Initializing USB camera
2025-07-17 22:37:47,742 - camera_camera - DEBUG - Initializing USB camera
2025-07-17 22:37:49,789 - camera_camera - DEBUG - Initializing USB camera
2025-07-17 22:37:51,820 - camera_camera - DEBUG - Initializing USB camera
2025-07-17 22:37:53,857 - camera_camera - DEBUG - Initializing USB camera
2025-07-17 22:38:00,424 - camera_camera - DEBUG - Resource usage - CPU: 8.6%, Memory: 77.3%
2025-07-17 22:38:00,904 - camera_camera - DEBUG - Initializing USB camera
2025-07-17 22:38:02,948 - camera_camera - DEBUG - Initializing USB camera
2025-07-17 22:38:04,983 - camera_camera - DEBUG - Initializing USB camera
2025-07-17 22:38:07,035 - camera_camera - DEBUG - Initializing USB camera
2025-07-17 22:38:08,447 - camera_camera - DEBUG - Performed garbage collection
2025-07-17 22:38:09,073 - camera_camera - DEBUG - Initializing USB camera
2025-07-17 22:38:11,122 - camera_camera - DEBUG - Initializing USB camera
2025-07-17 22:38:12,753 - PendingVehiclesPanel - INFO - Refreshing pending vehicles list
2025-07-17 22:38:12,761 - DataManager - INFO - Successfully loaded 88 records from data\Tharuni_Associates_Chilakaluripeta_data.csv
2025-07-17 22:38:12,763 - PendingVehiclesPanel - INFO - Retrieved 88 total records
2025-07-17 22:38:12,812 - PendingVehiclesPanel - INFO - Found 0 unique pending vehicles, prevented 0 duplicates
2025-07-17 22:38:12,813 - PendingVehiclesPanel - INFO - Successfully refreshed pending list with 0 unique vehicles
2025-07-17 22:38:18,160 - camera_camera - DEBUG - Initializing USB camera
2025-07-17 22:38:20,218 - camera_camera - DEBUG - Initializing USB camera
2025-07-17 22:38:22,252 - camera_camera - DEBUG - Initializing USB camera
2025-07-17 22:38:24,289 - camera_camera - DEBUG - Initializing USB camera
2025-07-17 22:38:26,332 - camera_camera - DEBUG - Initializing USB camera
2025-07-17 22:38:28,369 - camera_camera - DEBUG - Initializing USB camera
2025-07-17 22:38:30,625 - camera_camera - DEBUG - Resource usage - CPU: 6.0%, Memory: 77.3%
2025-07-17 22:38:35,406 - camera_camera - DEBUG - Initializing USB camera
2025-07-17 22:38:37,452 - camera_camera - DEBUG - Initializing USB camera
2025-07-17 22:38:39,505 - camera_camera - DEBUG - Initializing USB camera
2025-07-17 22:38:41,548 - camera_camera - DEBUG - Initializing USB camera
2025-07-17 22:38:43,599 - camera_camera - DEBUG - Initializing USB camera
2025-07-17 22:38:45,628 - camera_camera - DEBUG - Initializing USB camera
2025-07-17 22:38:52,683 - camera_camera - DEBUG - Initializing USB camera
2025-07-17 22:38:54,734 - camera_camera - DEBUG - Initializing USB camera
2025-07-17 22:38:56,762 - camera_camera - DEBUG - Initializing USB camera
2025-07-17 22:38:58,791 - camera_camera - DEBUG - Initializing USB camera
2025-07-17 22:39:00,820 - camera_camera - DEBUG - Initializing USB camera
2025-07-17 22:39:00,852 - camera_camera - DEBUG - Resource usage - CPU: 10.9%, Memory: 76.9%
2025-07-17 22:39:02,862 - camera_camera - DEBUG - Initializing USB camera
2025-07-17 22:39:08,477 - camera_camera - DEBUG - Performed garbage collection
2025-07-17 22:39:09,917 - camera_camera - DEBUG - Initializing USB camera
2025-07-17 22:39:11,962 - camera_camera - DEBUG - Initializing USB camera
2025-07-17 22:39:12,814 - PendingVehiclesPanel - INFO - Refreshing pending vehicles list
2025-07-17 22:39:12,825 - DataManager - INFO - Successfully loaded 88 records from data\Tharuni_Associates_Chilakaluripeta_data.csv
2025-07-17 22:39:12,827 - PendingVehiclesPanel - INFO - Retrieved 88 total records
2025-07-17 22:39:12,905 - PendingVehiclesPanel - INFO - Found 0 unique pending vehicles, prevented 0 duplicates
2025-07-17 22:39:12,906 - PendingVehiclesPanel - INFO - Successfully refreshed pending list with 0 unique vehicles
2025-07-17 22:39:14,002 - camera_camera - DEBUG - Initializing USB camera
2025-07-17 22:39:16,033 - camera_camera - DEBUG - Initializing USB camera
2025-07-17 22:39:18,077 - camera_camera - DEBUG - Initializing USB camera
2025-07-17 22:39:20,113 - camera_camera - DEBUG - Initializing USB camera
2025-07-17 22:39:27,154 - camera_camera - DEBUG - Initializing USB camera
2025-07-17 22:39:29,199 - camera_camera - DEBUG - Initializing USB camera
2025-07-17 22:39:31,233 - camera_camera - DEBUG - Initializing USB camera
2025-07-17 22:39:33,277 - camera_camera - DEBUG - Initializing USB camera
2025-07-17 22:39:35,327 - camera_camera - DEBUG - Initializing USB camera
2025-07-17 22:39:37,362 - camera_camera - DEBUG - Initializing USB camera
2025-07-17 22:39:44,426 - camera_camera - DEBUG - Initializing USB camera
2025-07-17 22:39:46,460 - camera_camera - DEBUG - Initializing USB camera
2025-07-17 22:39:48,497 - camera_camera - DEBUG - Initializing USB camera
2025-07-17 22:39:50,524 - camera_camera - DEBUG - Initializing USB camera
2025-07-17 22:39:52,578 - camera_camera - DEBUG - Initializing USB camera
2025-07-17 22:39:54,604 - camera_camera - DEBUG - Initializing USB camera
2025-07-17 22:40:01,646 - camera_camera - DEBUG - Initializing USB camera
2025-07-17 22:40:03,682 - camera_camera - DEBUG - Initializing USB camera
2025-07-17 22:40:05,724 - camera_camera - DEBUG - Initializing USB camera
2025-07-17 22:40:07,772 - camera_camera - DEBUG - Initializing USB camera
2025-07-17 22:40:08,475 - camera_camera - DEBUG - Performed garbage collection
2025-07-17 22:40:09,825 - camera_camera - DEBUG - Initializing USB camera
2025-07-17 22:40:11,856 - camera_camera - DEBUG - Initializing USB camera
2025-07-17 22:40:12,918 - PendingVehiclesPanel - INFO - Refreshing pending vehicles list
2025-07-17 22:40:12,922 - DataManager - INFO - Successfully loaded 88 records from data\Tharuni_Associates_Chilakaluripeta_data.csv
2025-07-17 22:40:12,923 - PendingVehiclesPanel - INFO - Retrieved 88 total records
2025-07-17 22:40:12,960 - PendingVehiclesPanel - INFO - Found 0 unique pending vehicles, prevented 0 duplicates
2025-07-17 22:40:12,961 - PendingVehiclesPanel - INFO - Successfully refreshed pending list with 0 unique vehicles
2025-07-17 22:40:18,916 - camera_camera - DEBUG - Initializing USB camera
2025-07-17 22:40:20,957 - camera_camera - DEBUG - Initializing USB camera
2025-07-17 22:40:22,993 - camera_camera - DEBUG - Initializing USB camera
2025-07-17 22:40:25,043 - camera_camera - DEBUG - Initializing USB camera
2025-07-17 22:40:27,088 - camera_camera - DEBUG - Initializing USB camera
2025-07-17 22:40:29,124 - camera_camera - DEBUG - Initializing USB camera
2025-07-17 22:40:36,169 - camera_camera - DEBUG - Initializing USB camera
2025-07-17 22:40:38,221 - camera_camera - DEBUG - Initializing USB camera
2025-07-17 22:40:40,274 - camera_camera - DEBUG - Initializing USB camera
2025-07-17 22:40:42,316 - camera_camera - DEBUG - Initializing USB camera
2025-07-17 22:40:44,353 - camera_camera - DEBUG - Initializing USB camera
2025-07-17 22:40:46,396 - camera_camera - DEBUG - Initializing USB camera
2025-07-17 22:40:53,426 - camera_camera - DEBUG - Initializing USB camera
2025-07-17 22:40:55,457 - camera_camera - DEBUG - Initializing USB camera
2025-07-17 22:40:57,505 - camera_camera - DEBUG - Initializing USB camera
2025-07-17 22:40:59,536 - camera_camera - DEBUG - Initializing USB camera
2025-07-17 22:41:00,096 - camera_camera - DEBUG - Resource usage - CPU: 8.5%, Memory: 77.0%
2025-07-17 22:41:01,564 - camera_camera - DEBUG - Initializing USB camera
2025-07-17 22:41:03,597 - camera_camera - DEBUG - Initializing USB camera
2025-07-17 22:41:08,563 - camera_camera - DEBUG - Performed garbage collection
2025-07-17 22:41:10,641 - camera_camera - DEBUG - Initializing USB camera
2025-07-17 22:41:12,691 - camera_camera - DEBUG - Initializing USB camera
2025-07-17 22:41:12,975 - PendingVehiclesPanel - INFO - Refreshing pending vehicles list
2025-07-17 22:41:12,983 - DataManager - INFO - Successfully loaded 88 records from data\Tharuni_Associates_Chilakaluripeta_data.csv
2025-07-17 22:41:12,985 - PendingVehiclesPanel - INFO - Retrieved 88 total records
2025-07-17 22:41:13,035 - PendingVehiclesPanel - INFO - Found 0 unique pending vehicles, prevented 0 duplicates
2025-07-17 22:41:13,036 - PendingVehiclesPanel - INFO - Successfully refreshed pending list with 0 unique vehicles
2025-07-17 22:41:14,729 - camera_camera - DEBUG - Initializing USB camera
2025-07-17 22:41:16,770 - camera_camera - DEBUG - Initializing USB camera
2025-07-17 22:41:18,822 - camera_camera - DEBUG - Initializing USB camera
2025-07-17 22:41:20,861 - camera_camera - DEBUG - Initializing USB camera
2025-07-17 22:41:27,927 - camera_camera - DEBUG - Initializing USB camera
2025-07-17 22:41:29,963 - camera_camera - DEBUG - Initializing USB camera
2025-07-17 22:41:30,166 - camera_camera - DEBUG - Resource usage - CPU: 12.4%, Memory: 77.1%
2025-07-17 22:41:31,999 - camera_camera - DEBUG - Initializing USB camera
2025-07-17 22:41:34,054 - camera_camera - DEBUG - Initializing USB camera
2025-07-17 22:41:36,097 - camera_camera - DEBUG - Initializing USB camera
2025-07-17 22:41:38,144 - camera_camera - DEBUG - Initializing USB camera
2025-07-17 22:41:45,198 - camera_camera - DEBUG - Initializing USB camera
2025-07-17 22:41:47,237 - camera_camera - DEBUG - Initializing USB camera
2025-07-17 22:41:49,261 - camera_camera - DEBUG - Initializing USB camera
2025-07-17 22:41:51,296 - camera_camera - DEBUG - Initializing USB camera
2025-07-17 22:41:53,347 - camera_camera - DEBUG - Initializing USB camera
2025-07-17 22:41:55,371 - camera_camera - DEBUG - Initializing USB camera
2025-07-17 22:42:00,423 - camera_camera - DEBUG - Resource usage - CPU: 5.3%, Memory: 82.6%
2025-07-17 22:42:02,429 - camera_camera - DEBUG - Initializing USB camera
2025-07-18 01:47:48,644 - PendingVehiclesPanel - INFO - Refreshing pending vehicles list
2025-07-18 01:47:49,647 - DataManager - INFO - Successfully loaded 88 records from data\Tharuni_Associates_Chilakaluripeta_data.csv
2025-07-18 01:47:49,664 - PendingVehiclesPanel - INFO - Retrieved 88 total records
2025-07-18 01:47:50,265 - camera_camera - DEBUG - Initializing USB camera
2025-07-18 01:47:52,529 - camera_camera - WARNING - High CPU usage (100.0%), reducing FPS to 29
2025-07-18 01:47:52,537 - camera_camera - WARNING - High CPU usage (100.0%), reducing FPS to 29
2025-07-18 01:47:52,554 - camera_camera - INFO - Restarting camera feed
2025-07-18 01:47:52,630 - camera_camera - INFO - Stopping camera feed
2025-07-18 01:47:53,659 - camera_camera - WARNING - High CPU usage (100.0%), reducing FPS to 28
2025-07-18 01:47:54,594 - camera_camera - DEBUG - Initializing USB camera
2025-07-18 01:47:55,798 - camera_camera - WARNING - High CPU usage (99.9%), reducing FPS to 27
2025-07-18 01:47:56,600 - camera_camera - DEBUG - Initializing USB camera
2025-07-18 01:47:57,860 - camera_camera - WARNING - High CPU usage (100.0%), reducing FPS to 26
2025-07-18 01:47:57,986 - PendingVehiclesPanel - INFO - Found 0 unique pending vehicles, prevented 0 duplicates
2025-07-18 01:47:58,052 - PendingVehiclesPanel - INFO - Successfully refreshed pending list with 0 unique vehicles
2025-07-18 01:47:58,066 - DataManager - INFO - Created new daily folder: data\reports\2025-07-18
2025-07-18 01:47:58,386 - camera_camera - DEBUG - Optimized video thread started
2025-07-18 01:47:58,383 - camera_camera - INFO - Optimized video capture loop started
2025-07-18 01:47:58,429 - camera_camera - DEBUG - Initializing USB camera
2025-07-18 01:47:59,930 - camera_camera - WARNING - High CPU usage (100.0%), reducing FPS to 25
2025-07-18 01:48:00,165 - camera_camera - DEBUG - Initializing USB camera
2025-07-18 01:48:02,014 - camera_camera - WARNING - High CPU usage (99.9%), reducing FPS to 24
2025-07-18 01:48:02,691 - camera_camera - DEBUG - Initializing USB camera
2025-07-18 01:48:03,405 - camera_camera - INFO - Restarting camera feed
2025-07-18 01:48:03,431 - camera_camera - INFO - Stopping camera feed
2025-07-18 01:48:04,081 - camera_camera - WARNING - High CPU usage (100.0%), reducing FPS to 23
2025-07-18 01:48:05,718 - camera_camera - DEBUG - Initializing USB camera
2025-07-18 01:48:06,195 - camera_camera - WARNING - High CPU usage (100.0%), reducing FPS to 22
2025-07-18 01:48:06,494 - camera_camera - DEBUG - Optimized video thread started
2025-07-18 01:48:06,487 - camera_camera - INFO - Optimized video capture loop started
2025-07-18 01:48:06,862 - camera_camera - DEBUG - Initializing USB camera
2025-07-18 01:48:08,238 - camera_camera - WARNING - High CPU usage (100.0%), reducing FPS to 21
2025-07-18 01:48:10,290 - camera_camera - WARNING - High CPU usage (100.0%), reducing FPS to 20
2025-07-18 01:48:11,572 - camera_camera - INFO - Restarting camera feed
2025-07-18 01:48:11,586 - camera_camera - INFO - Stopping camera feed
2025-07-18 01:48:12,338 - camera_camera - WARNING - High CPU usage (100.0%), reducing FPS to 19
2025-07-18 01:48:14,237 - camera_camera - DEBUG - Initializing USB camera
2025-07-18 01:48:14,385 - camera_camera - WARNING - High CPU usage (99.9%), reducing FPS to 18
2025-07-18 01:48:14,650 - camera_camera - DEBUG - Optimized video thread started
2025-07-18 01:48:14,648 - camera_camera - INFO - Optimized video capture loop started
2025-07-18 01:48:14,668 - camera_camera - DEBUG - Initializing USB camera
2025-07-18 01:48:16,416 - camera_camera - WARNING - High CPU usage (100.0%), reducing FPS to 17
2025-07-18 01:48:16,554 - camera_camera - DEBUG - Initializing USB camera
2025-07-18 01:48:18,481 - camera_camera - WARNING - High CPU usage (100.0%), reducing FPS to 16
2025-07-18 01:48:18,778 - camera_camera - DEBUG - Initializing USB camera
2025-07-18 01:48:19,660 - camera_camera - INFO - Restarting camera feed
2025-07-18 01:48:19,664 - camera_camera - INFO - Stopping camera feed
2025-07-18 01:48:20,534 - camera_camera - WARNING - High CPU usage (99.9%), reducing FPS to 15
2025-07-18 01:48:21,025 - camera_camera - DEBUG - Initializing USB camera
2025-07-18 01:48:22,576 - camera_camera - WARNING - High CPU usage (100.0%), reducing FPS to 14
2025-07-18 01:48:22,696 - camera_camera - DEBUG - Optimized video thread started
2025-07-18 01:48:22,692 - camera_camera - INFO - Optimized video capture loop started
2025-07-18 01:48:22,707 - camera_camera - DEBUG - Initializing USB camera
2025-07-18 01:48:23,236 - camera_camera - DEBUG - Initializing USB camera
2025-07-18 01:48:24,633 - camera_camera - WARNING - High CPU usage (100.0%), reducing FPS to 13
2025-07-18 01:48:25,544 - camera_camera - DEBUG - Initializing USB camera
2025-07-18 01:48:26,674 - camera_camera - WARNING - High CPU usage (100.0%), reducing FPS to 12
2025-07-18 01:48:27,713 - camera_camera - INFO - Restarting camera feed
2025-07-18 01:48:27,718 - camera_camera - INFO - Stopping camera feed
2025-07-18 01:48:28,722 - camera_camera - WARNING - High CPU usage (100.0%), reducing FPS to 11
2025-07-18 01:48:30,806 - camera_camera - DEBUG - Optimized video thread started
2025-07-18 01:48:30,803 - camera_camera - INFO - Optimized video capture loop started
2025-07-18 01:48:30,810 - camera_camera - WARNING - High CPU usage (100.0%), reducing FPS to 10
2025-07-18 01:48:30,815 - camera_camera - DEBUG - Initializing USB camera
2025-07-18 01:48:30,817 - camera_camera - DEBUG - Resource usage - CPU: 100.0%, Memory: 84.0%
2025-07-18 01:48:32,810 - camera_camera - DEBUG - Initializing USB camera
2025-07-18 01:48:32,988 - camera_camera - WARNING - High CPU usage (96.3%), reducing FPS to 9
2025-07-18 01:48:35,055 - camera_camera - WARNING - High CPU usage (97.4%), reducing FPS to 8
2025-07-18 01:48:35,336 - camera_camera - DEBUG - Initializing USB camera
2025-07-18 01:48:35,825 - camera_camera - INFO - Restarting camera feed
2025-07-18 01:48:35,836 - camera_camera - INFO - Stopping camera feed
2025-07-18 01:48:37,094 - camera_camera - WARNING - High CPU usage (99.2%), reducing FPS to 7
2025-07-18 01:48:37,600 - camera_camera - DEBUG - Initializing USB camera
2025-07-18 01:48:38,873 - camera_camera - DEBUG - Optimized video thread started
2025-07-18 01:48:38,871 - camera_camera - INFO - Optimized video capture loop started
2025-07-18 01:48:38,882 - camera_camera - DEBUG - Initializing USB camera
2025-07-18 01:48:39,854 - camera_camera - DEBUG - Initializing USB camera
2025-07-18 01:48:42,085 - camera_camera - DEBUG - Initializing USB camera
2025-07-18 01:48:43,894 - camera_camera - INFO - Restarting camera feed
2025-07-18 01:48:43,930 - camera_camera - INFO - Stopping camera feed
2025-07-18 01:48:44,389 - camera_camera - DEBUG - Initializing USB camera
2025-07-18 01:48:45,242 - camera_camera - WARNING - High CPU usage (91.2%), reducing FPS to 5
2025-07-18 01:48:51,326 - camera_camera - WARNING - High CPU usage (91.3%), reducing FPS to 5
2025-07-18 01:48:51,633 - camera_camera - DEBUG - Initializing USB camera
2025-07-18 01:48:53,877 - camera_camera - DEBUG - Initializing USB camera
2025-07-18 01:48:56,139 - camera_camera - DEBUG - Initializing USB camera
2025-07-18 01:48:57,470 - camera_camera - WARNING - High CPU usage (90.6%), reducing FPS to 5
2025-07-18 01:48:58,081 - PendingVehiclesPanel - INFO - Refreshing pending vehicles list
2025-07-18 01:48:58,108 - DataManager - INFO - Successfully loaded 88 records from data\Tharuni_Associates_Chilakaluripeta_data.csv
2025-07-18 01:48:58,124 - PendingVehiclesPanel - INFO - Retrieved 88 total records
2025-07-18 01:48:58,415 - camera_camera - DEBUG - Initializing USB camera
2025-07-18 01:48:59,360 - PendingVehiclesPanel - INFO - Found 0 unique pending vehicles, prevented 0 duplicates
2025-07-18 01:48:59,366 - PendingVehiclesPanel - INFO - Successfully refreshed pending list with 0 unique vehicles
2025-07-18 01:48:59,503 - camera_camera - WARNING - High CPU usage (96.5%), reducing FPS to 5
2025-07-18 01:49:01,213 - camera_camera - DEBUG - Initializing USB camera
2025-07-18 08:31:09,470 - PendingVehiclesPanel - INFO - Refreshing pending vehicles list
2025-07-18 08:31:10,053 - camera_camera - DEBUG - Initializing USB camera
2025-07-18 08:31:10,124 - DataManager - INFO - Successfully loaded 88 records from data\Tharuni_Associates_Chilakaluripeta_data.csv
2025-07-18 08:31:10,314 - PendingVehiclesPanel - INFO - Retrieved 88 total records
2025-07-18 08:31:11,527 - camera_camera - WARNING - High CPU usage (100.0%), reducing FPS to 5
2025-07-18 08:31:11,595 - camera_camera - WARNING - High memory usage (85.1%), triggering garbage collection
2025-07-18 08:31:14,225 - camera_camera - WARNING - High CPU usage (100.0%), reducing FPS to 5
2025-07-18 08:31:16,563 - camera_camera - WARNING - High CPU usage (100.0%), reducing FPS to 5
2025-07-18 08:31:17,746 - PendingVehiclesPanel - INFO - Found 0 unique pending vehicles, prevented 0 duplicates
2025-07-18 08:31:17,813 - PendingVehiclesPanel - INFO - Successfully refreshed pending list with 0 unique vehicles
2025-07-18 08:31:18,642 - camera_camera - WARNING - High CPU usage (99.9%), reducing FPS to 5
2025-07-18 08:31:19,900 - camera_camera - DEBUG - Initializing USB camera
2025-07-18 08:31:20,680 - camera_camera - WARNING - High CPU usage (100.0%), reducing FPS to 5
2025-07-18 08:31:22,180 - camera_camera - DEBUG - Initializing USB camera
2025-07-18 08:31:22,717 - camera_camera - WARNING - High CPU usage (100.0%), reducing FPS to 5
